ISO-10303-21;
HEADER;
FILE_DESCRIPTION((''),'2;1');
FILE_NAME('Ring Finger P2 Inner', '2025-03-27T08:05:43', (''), (''), 'ImageToStl.com STEP Converter','', '');
FILE_SCHEMA(('AUTOMOTIVE_DESIGN_CC2'));
ENDSEC;
DATA;
#1=PRODUCT_DEFINITION_CONTEXT('',#4,'design');
#2=APPLICATION_PROTOCOL_DEFINITION('INTERNATIONAL STANDARD','automotive_design',1994,#4);
#3=(GEOMETRIC_REPRESENTATION_CONTEXT(3)GLOBAL_UNCERTAINTY_ASSIGNED_CONTEXT((#5))GLOBAL_UNIT_ASSIGNED_CONTEXT((#6,#7,#8))REPRESENTATION_CONTEXT('NONE','WORKSPACE'));
#4=APPLICATION_CONTEXT(' ');
#5=UNCERTAINTY_MEASURE_WITH_UNIT(LENGTH_MEASURE(1.0E-006),#6,'','');
#6=(CONVERSION_BASED_UNIT('METRE',#10)LENGTH_UNIT()NAMED_UNIT(#11));
#7=(NAMED_UNIT(#12)PLANE_ANGLE_UNIT()SI_UNIT($,.RADIAN.));
#8=(NAMED_UNIT(#12)SOLID_ANGLE_UNIT()SI_UNIT($,.STERADIAN.));
#9=AXIS2_PLACEMENT_3D('',#14,#15,#16);
#10=LENGTH_MEASURE_WITH_UNIT(LENGTH_MEASURE(1.0),#17);
#11=DIMENSIONAL_EXPONENTS(1.0,0.0,0.0,0.0,0.0,0.0,0.0);
#12=DIMENSIONAL_EXPONENTS(0.0,0.0,0.0,0.0,0.0,0.0,0.0);
#13=PRODUCT_CONTEXT('',#4,'mechanical');
#14=CARTESIAN_POINT('',(0.0,0.0,0.0));
#15=DIRECTION('',(0.0,0.0,1.0));
#16=DIRECTION('',(1.0,0.0,0.0));
#17=(NAMED_UNIT(#11)LENGTH_UNIT()SI_UNIT(.MILLI.,.METRE.));
#18=PRESENTATION_STYLE_ASSIGNMENT((#19));
#19=SURFACE_STYLE_USAGE(.BOTH.,#20);
#20=SURFACE_SIDE_STYLE('',(#21));
#21=SURFACE_STYLE_FILL_AREA(#22);
#22=FILL_AREA_STYLE('',(#23));
#23=FILL_AREA_STYLE_COLOUR('',#24);
#24=COLOUR_RGB('',0.70196,0.70196,0.70196);
#25=PRESENTATION_STYLE_ASSIGNMENT((#26));
#26=SURFACE_STYLE_USAGE(.BOTH.,#27);
#27=SURFACE_SIDE_STYLE('',(#28));
#28=SURFACE_STYLE_FILL_AREA(#29);
#29=FILL_AREA_STYLE('',(#30));
#30=FILL_AREA_STYLE_COLOUR('',#31);
#31=COLOUR_RGB('',0.65882,0.65882,0.65882);
#32=SHAPE_DEFINITION_REPRESENTATION(#33,#34);
#33=PRODUCT_DEFINITION_SHAPE('productshape0','',#37);
#34=MANIFOLD_SURFACE_SHAPE_REPRESENTATION('',(#35,#9),#3);
#35=SHELL_BASED_SURFACE_MODEL('shell0',(#40));
#36=PRODUCT('product0','','',(#13));
#37=PRODUCT_DEFINITION('mesh0','',#38,#2);
#38=PRODUCT_DEFINITION_FORMATION_WITH_SPECIFIED_SOURCE('prodsource0','',#36,.NOT_KNOWN.);
#39=STYLED_ITEM('',(#18),#40);
#40=CLOSED_SHELL('',(#716,#739,#762,#785,#808,#831,#854,#877,#900,#923,#946,#969,#992,#1015,#1038,#1061,#1084,#1107,#1130,#1153,#1176,#1199,#1222,#1245,#1268,#1291,#1314,#1337,#1360,#1383,#1406,#1429,#1452,#1475,#1498,#1521,#1544,#1567,#1590,#1613,#1636,#1659,#1682,#1705,#1728,#1751,#1774,#1797,#1820,#1843,#1866,#1889,#1912,#1935,#1958,#1981,#2004,#2027,#2050,#2073,#2096,#2119,#2142,#2165,#2188,#2211,#2234,#2257,#2280,#2303,#2326,#2349,#2372,#2395,#2418,#2441,#2464,#2487,#2510,#2533,#2556,#2579,#2602,#2625,#2648,#2671,#2694,#2717,#2740,#2763,#2786,#2809,#2832,#2855,#2878,#2901,#2924,#2947,#2970,#2993,#3016,#3039,#3062,#3085,#3108,#3131,#3154,#3177,#3200,#3223,#3246,#3269,#3292,#3315,#3338,#3361,#3384,#3407,#3430,#3453,#3476,#3499,#3522,#3545,#3568,#3591,#3614,#3637,#3660,#3683,#3706,#3729,#3752,#3775,#3798,#3821,#3844,#3867,#3890,#3913,#3936,#3959,#3982,#4005,#4028,#4051,#4074,#4097,#4120,#4143,#4166,#4189,#4212,#4235,#4258,#4281,#4304,#4327,#4350,#4373,#4396,#4419,#4442,#4465,#4488,#4511,#4534,#4557,#4580,#4603,#4626,#4649,#4672,#4695,#4718,#4741,#4764,#4787,#4810,#4833,#4856,#4879,#4902,#4925,#4948,#4971,#4994,#5017,#5040,#5063,#5086,#5109,#5132,#5155,#5178,#5201,#5224,#5247,#5270,#5293,#5316,#5339,#5362,#5385,#5408,#5431,#5454,#5477,#5500,#5523,#5546,#5569,#5592,#5615,#5638,#5661,#5684,#5707,#5730,#5753,#5776,#5799,#5822,#5845,#5868,#5891,#5914,#5937,#5960,#5983,#6006,#6029,#6052,#6075,#6098,#6121,#6144,#6167,#6190,#6213,#6236,#6259,#6282,#6305,#6328,#6351,#6374,#6397,#6420,#6443,#6466,#6489,#6512,#6535,#6558,#6581,#6604,#6627,#6650,#6673,#6696,#6719,#6742,#6765,#6788,#6811,#6834,#6857,#6880,#6903,#6926,#6949,#6972,#6995,#7018,#7041,#7064,#7087,#7110,#7133,#7156,#7179,#7202,#7225,#7248,#7271,#7294,#7317,#7340,#7363,#7386,#7409,#7432,#7455,#7478,#7501,#7524,#7547,#7570,#7593,#7616,#7639,#7662,#7685,#7708,#7731,#7754,#7777,#7800,#7823,#7846,#7869,#7892,#7915,#7938,#7961,#7984,#8007,#8030,#8053,#8076,#8099,#8122,#8145,#8168,#8191,#8214,#8237,#8260,#8283,#8306,#8329,#8352,#8375,#8398,#8421,#8444,#8467,#8490,#8513,#8536,#8559,#8582,#8605,#8628,#8651,#8674,#8697,#8720,#8743,#8766,#8789,#8812,#8835,#8858,#8881,#8904,#8927,#8950,#8973,#8996,#9019,#9042,#9065,#9088,#9111,#9134,#9157,#9180,#9203,#9226,#9249,#9272,#9295,#9318,#9341,#9364,#9387,#9410,#9433,#9456,#9479,#9502,#9525,#9548,#9571,#9594,#9617,#9640,#9663,#9686,#9709,#9732,#9755,#9778,#9801,#9824,#9847,#9870,#9893,#9916,#9939,#9962,#9985,#10008,#10031,#10054,#10077,#10100,#10123,#10146,#10169,#10192,#10215,#10238,#10261,#10284,#10307,#10330,#10353,#10376,#10399,#10422,#10445,#10468,#10491,#10514,#10537,#10560,#10583,#10606,#10629,#10652,#10675,#10698,#10721,#10744,#10767,#10790,#10813,#10836,#10859,#10882,#10905,#10928,#10951,#10974,#10997,#11020,#11043,#11066,#11089,#11112,#11135,#11158,#11181,#11204,#11227,#11250,#11273,#11296,#11319,#11342,#11365,#11388,#11411,#11434,#11457,#11480,#11503,#11526,#11549,#11572,#11595,#11618,#11641,#11664,#11687,#11710,#11733,#11756,#11779,#11802,#11825,#11848,#11871,#11894,#11917,#11940,#11963,#11986,#12009,#12032,#12055,#12078,#12101,#12124,#12147,#12170,#12193,#12216,#12239,#12262,#12285,#12308,#12331,#12354,#12377,#12400,#12423,#12446,#12469,#12492,#12515,#12538,#12561,#12584,#12607,#12630,#12653,#12676,#12699,#12722,#12745,#12768,#12791,#12814,#12837,#12860,#12883,#12906,#12929,#12952,#12975,#12998,#13021,#13044,#13067,#13090,#13113,#13136,#13159,#13182,#13205,#13228,#13251,#13274,#13297,#13320,#13343,#13366,#13389,#13412,#13435,#13458,#13481,#13504,#13527,#13550,#13573,#13596,#13619,#13642,#13665,#13688,#13711,#13734,#13757,#13780,#13803,#13826,#13849,#13872,#13895,#13918,#13941,#13964,#13987,#14010,#14033,#14056,#14079,#14102,#14125,#14148,#14171,#14194,#14217,#14240,#14263,#14286,#14309,#14332,#14355,#14378,#14401,#14424,#14447,#14470,#14493,#14516,#14539,#14562,#14585,#14608,#14631,#14654,#14677,#14700,#14723,#14746,#14769,#14792,#14815,#14838,#14861,#14884,#14907,#14930,#14953,#14976,#14999,#15022,#15045,#15068,#15091,#15114,#15137,#15160,#15183,#15206,#15229,#15252,#15275,#15298,#15321,#15344,#15367,#15390,#15413,#15436,#15459,#15482,#15505,#15528,#15551,#15574,#15597,#15620,#15643,#15666,#15689,#15712,#15735,#15758,#15781,#15804,#15827,#15850,#15873,#15896,#15919,#15942,#15965,#15988,#16011,#16034,#16057,#16080,#16103));
#41=CARTESIAN_POINT('',(-14.925474166870117,-87.17894744873047,343.8747863769531));
#42=VERTEX_POINT('',#41);
#43=CARTESIAN_POINT('',(-25.925474166870117,-87.17894744873047,343.8747863769531));
#44=VERTEX_POINT('',#43);
#45=CARTESIAN_POINT('',(-14.925474166870117,-85.88525390625,346.98504638671875));
#46=VERTEX_POINT('',#45);
#47=CARTESIAN_POINT('',(-25.925474166870117,-85.88525390625,346.98504638671875));
#48=VERTEX_POINT('',#47);
#49=CARTESIAN_POINT('',(-14.925474166870117,-81.8791275024414,342.6251220703125));
#50=VERTEX_POINT('',#49);
#51=CARTESIAN_POINT('',(-14.925474166870117,-80.34537506103516,344.6807861328125));
#52=VERTEX_POINT('',#51);
#53=CARTESIAN_POINT('',(-14.925474166870117,-81.62932586669922,341.59393310546875));
#54=VERTEX_POINT('',#53);
#55=CARTESIAN_POINT('',(-25.925474166870117,-81.62932586669922,341.59393310546875));
#56=VERTEX_POINT('',#55);
#57=CARTESIAN_POINT('',(-25.925474166870117,-80.34537506103516,344.6807861328125));
#58=VERTEX_POINT('',#57);
#59=CARTESIAN_POINT('',(-25.925474166870117,-81.8791275024414,342.6251220703125));
#60=VERTEX_POINT('',#59);
#61=CARTESIAN_POINT('',(-30.216594696044922,-81.8791275024414,342.6251220703125));
#62=VERTEX_POINT('',#61);
#63=CARTESIAN_POINT('',(-30.216594696044922,-87.57178497314453,343.9674072265625));
#64=VERTEX_POINT('',#63);
#65=CARTESIAN_POINT('',(-10.716594696044922,-87.57178497314453,343.9674072265625));
#66=VERTEX_POINT('',#65);
#67=CARTESIAN_POINT('',(-10.716594696044922,-81.8791275024414,342.6251220703125));
#68=VERTEX_POINT('',#67);
#69=CARTESIAN_POINT('',(-12.966594696044922,-84.74056243896484,361.131591796875));
#70=VERTEX_POINT('',#69);
#71=CARTESIAN_POINT('',(-12.966594696044922,-84.41404724121094,361.3663635253906));
#72=VERTEX_POINT('',#71);
#73=CARTESIAN_POINT('',(-12.966594696044922,-84.74056243896484,367.131591796875));
#74=VERTEX_POINT('',#73);
#75=CARTESIAN_POINT('',(-12.966594696044922,-84.07835388183594,361.58782958984375));
#76=VERTEX_POINT('',#75);
#77=CARTESIAN_POINT('',(-12.966594696044922,-83.7340316772461,361.79559326171875));
#78=VERTEX_POINT('',#77);
#79=CARTESIAN_POINT('',(-12.966594696044922,-83.38162994384766,361.9893798828125));
#80=VERTEX_POINT('',#79);
#81=CARTESIAN_POINT('',(-12.966594696044922,-83.021728515625,362.1688232421875));
#82=VERTEX_POINT('',#81);
#83=CARTESIAN_POINT('',(-12.966594696044922,-82.65489196777344,362.3336486816406));
#84=VERTEX_POINT('',#83);
#85=CARTESIAN_POINT('',(-12.966594696044922,-82.28173065185547,362.48358154296875));
#86=VERTEX_POINT('',#85);
#87=CARTESIAN_POINT('',(-12.966594696044922,-81.90283966064453,362.618408203125));
#88=VERTEX_POINT('',#87);
#89=CARTESIAN_POINT('',(-12.966594696044922,-81.51883697509766,362.7378845214844));
#90=VERTEX_POINT('',#89);
#91=CARTESIAN_POINT('',(-12.966594696044922,-81.13034057617188,362.8418273925781));
#92=VERTEX_POINT('',#91);
#93=CARTESIAN_POINT('',(-12.966594696044922,-80.73798370361328,362.9300842285156));
#94=VERTEX_POINT('',#93);
#95=CARTESIAN_POINT('',(-12.966594696044922,-80.3423843383789,363.0024719238281));
#96=VERTEX_POINT('',#95);
#97=CARTESIAN_POINT('',(-12.966594696044922,-79.94420623779297,363.0588684082031));
#98=VERTEX_POINT('',#97);
#99=CARTESIAN_POINT('',(-12.966594696044922,-79.54407501220703,363.0992431640625));
#100=VERTEX_POINT('',#99);
#101=CARTESIAN_POINT('',(-12.966594696044922,-79.14264678955078,363.1235046386719));
#102=VERTEX_POINT('',#101);
#103=CARTESIAN_POINT('',(-12.966594696044922,-78.74056243896484,363.131591796875));
#104=VERTEX_POINT('',#103);
#105=CARTESIAN_POINT('',(-12.966594696044922,-72.74056243896484,367.131591796875));
#106=VERTEX_POINT('',#105);
#107=CARTESIAN_POINT('',(-12.966594696044922,-72.74056243896484,363.131591796875));
#108=VERTEX_POINT('',#107);
#109=CARTESIAN_POINT('',(-27.966594696044922,-72.74056243896484,363.131591796875));
#110=VERTEX_POINT('',#109);
#111=CARTESIAN_POINT('',(-27.966594696044922,-72.74056243896484,367.131591796875));
#112=VERTEX_POINT('',#111);
#113=CARTESIAN_POINT('',(-27.966594696044922,-84.74056243896484,361.131591796875));
#114=VERTEX_POINT('',#113);
#115=CARTESIAN_POINT('',(-27.966594696044922,-84.74056243896484,367.131591796875));
#116=VERTEX_POINT('',#115);
#117=CARTESIAN_POINT('',(-27.966594696044922,-79.14264678955078,363.1235046386719));
#118=VERTEX_POINT('',#117);
#119=CARTESIAN_POINT('',(-27.966594696044922,-78.74056243896484,363.131591796875));
#120=VERTEX_POINT('',#119);
#121=CARTESIAN_POINT('',(-27.966594696044922,-79.54407501220703,363.0992431640625));
#122=VERTEX_POINT('',#121);
#123=CARTESIAN_POINT('',(-27.966594696044922,-79.94420623779297,363.0588684082031));
#124=VERTEX_POINT('',#123);
#125=CARTESIAN_POINT('',(-27.966594696044922,-80.3423843383789,363.0024719238281));
#126=VERTEX_POINT('',#125);
#127=CARTESIAN_POINT('',(-27.966594696044922,-80.73798370361328,362.9300842285156));
#128=VERTEX_POINT('',#127);
#129=CARTESIAN_POINT('',(-27.966594696044922,-81.13034057617188,362.8418273925781));
#130=VERTEX_POINT('',#129);
#131=CARTESIAN_POINT('',(-27.966594696044922,-81.51883697509766,362.7378845214844));
#132=VERTEX_POINT('',#131);
#133=CARTESIAN_POINT('',(-27.966594696044922,-81.90283966064453,362.618408203125));
#134=VERTEX_POINT('',#133);
#135=CARTESIAN_POINT('',(-27.966594696044922,-82.28173065185547,362.48358154296875));
#136=VERTEX_POINT('',#135);
#137=CARTESIAN_POINT('',(-27.966594696044922,-82.65489196777344,362.3336486816406));
#138=VERTEX_POINT('',#137);
#139=CARTESIAN_POINT('',(-27.966594696044922,-83.021728515625,362.1688232421875));
#140=VERTEX_POINT('',#139);
#141=CARTESIAN_POINT('',(-27.966594696044922,-83.38162994384766,361.9893798828125));
#142=VERTEX_POINT('',#141);
#143=CARTESIAN_POINT('',(-27.966594696044922,-83.7340316772461,361.79559326171875));
#144=VERTEX_POINT('',#143);
#145=CARTESIAN_POINT('',(-27.966594696044922,-84.07835388183594,361.58782958984375));
#146=VERTEX_POINT('',#145);
#147=CARTESIAN_POINT('',(-27.966594696044922,-84.41404724121094,361.3663635253906));
#148=VERTEX_POINT('',#147);
#149=CARTESIAN_POINT('',(-10.716594696044922,-78.74056243896484,363.131591796875));
#150=VERTEX_POINT('',#149);
#151=CARTESIAN_POINT('',(-10.716594696044922,-79.14322662353516,363.12347412109375));
#152=VERTEX_POINT('',#151);
#153=CARTESIAN_POINT('',(-10.716594696044922,-79.54523468017578,363.0991516113281));
#154=VERTEX_POINT('',#153);
#155=CARTESIAN_POINT('',(-10.716594696044922,-79.94593048095703,363.0586853027344));
#156=VERTEX_POINT('',#155);
#157=CARTESIAN_POINT('',(-10.716594696044922,-80.34468078613281,363.0020751953125));
#158=VERTEX_POINT('',#157);
#159=CARTESIAN_POINT('',(-10.716594696044922,-80.7408218383789,362.92950439453125));
#160=VERTEX_POINT('',#159);
#161=CARTESIAN_POINT('',(-10.716594696044922,-81.13372039794922,362.84100341796875));
#162=VERTEX_POINT('',#161);
#163=CARTESIAN_POINT('',(-10.716594696044922,-81.52274322509766,362.73675537109375));
#164=VERTEX_POINT('',#163);
#165=CARTESIAN_POINT('',(-10.716594696044922,-81.90724182128906,362.616943359375));
#166=VERTEX_POINT('',#165);
#167=CARTESIAN_POINT('',(-10.716594696044922,-82.28661346435547,362.48175048828125));
#168=VERTEX_POINT('',#167);
#169=CARTESIAN_POINT('',(-10.716594696044922,-82.66023254394531,362.3313903808594));
#170=VERTEX_POINT('',#169);
#171=CARTESIAN_POINT('',(-10.716594696044922,-83.0274887084961,362.16607666015625));
#172=VERTEX_POINT('',#171);
#173=CARTESIAN_POINT('',(-10.716594696044922,-83.3877944946289,361.98614501953125));
#174=VERTEX_POINT('',#173);
#175=CARTESIAN_POINT('',(-10.716594696044922,-83.74056243896484,361.7918395996094));
#176=VERTEX_POINT('',#175);
#177=CARTESIAN_POINT('',(-10.716594696044922,-84.08522033691406,361.58349609375));
#178=VERTEX_POINT('',#177);
#179=CARTESIAN_POINT('',(-10.716594696044922,-84.42121124267578,361.3614196777344));
#180=VERTEX_POINT('',#179);
#181=CARTESIAN_POINT('',(-10.716594696044922,-84.74798583984375,361.1260070800781));
#182=VERTEX_POINT('',#181);
#183=CARTESIAN_POINT('',(-17.216594696044922,-84.74798583984375,361.1260070800781));
#184=VERTEX_POINT('',#183);
#185=CARTESIAN_POINT('',(-10.716594696044922,-85.06501770019531,360.87762451171875));
#186=VERTEX_POINT('',#185);
#187=CARTESIAN_POINT('',(-17.216594696044922,-85.06501770019531,360.87762451171875));
#188=VERTEX_POINT('',#187);
#189=CARTESIAN_POINT('',(-10.716594696044922,-85.37178802490234,360.61669921875));
#190=VERTEX_POINT('',#189);
#191=CARTESIAN_POINT('',(-17.216594696044922,-85.37178802490234,360.61669921875));
#192=VERTEX_POINT('',#191);
#193=CARTESIAN_POINT('',(-10.716594696044922,-85.66780853271484,360.3435974121094));
#194=VERTEX_POINT('',#193);
#195=CARTESIAN_POINT('',(-17.216594696044922,-85.66780853271484,360.3435974121094));
#196=VERTEX_POINT('',#195);
#197=CARTESIAN_POINT('',(-10.716594696044922,-85.95259094238281,360.058837890625));
#198=VERTEX_POINT('',#197);
#199=CARTESIAN_POINT('',(-17.216594696044922,-85.95259094238281,360.058837890625));
#200=VERTEX_POINT('',#199);
#201=CARTESIAN_POINT('',(-10.716594696044922,-86.22566986083984,359.7628173828125));
#202=VERTEX_POINT('',#201);
#203=CARTESIAN_POINT('',(-17.216594696044922,-86.22566986083984,359.7628173828125));
#204=VERTEX_POINT('',#203);
#205=CARTESIAN_POINT('',(-10.716594696044922,-86.48661804199219,359.4560241699219));
#206=VERTEX_POINT('',#205);
#207=CARTESIAN_POINT('',(-17.216594696044922,-86.48661804199219,359.4560241699219));
#208=VERTEX_POINT('',#207);
#209=CARTESIAN_POINT('',(-10.716594696044922,-86.73499298095703,359.1390075683594));
#210=VERTEX_POINT('',#209);
#211=CARTESIAN_POINT('',(-17.216594696044922,-86.73499298095703,359.1390075683594));
#212=VERTEX_POINT('',#211);
#213=CARTESIAN_POINT('',(-10.716594696044922,-86.97040557861328,358.8122253417969));
#214=VERTEX_POINT('',#213);
#215=CARTESIAN_POINT('',(-17.216594696044922,-86.97040557861328,358.8122253417969));
#216=VERTEX_POINT('',#215);
#217=CARTESIAN_POINT('',(-10.716594696044922,-87.19246673583984,358.4762268066406));
#218=VERTEX_POINT('',#217);
#219=CARTESIAN_POINT('',(-17.216594696044922,-87.19246673583984,358.4762268066406));
#220=VERTEX_POINT('',#219);
#221=CARTESIAN_POINT('',(-10.716594696044922,-87.40081787109375,358.131591796875));
#222=VERTEX_POINT('',#221);
#223=CARTESIAN_POINT('',(-17.216594696044922,-87.40081787109375,358.131591796875));
#224=VERTEX_POINT('',#223);
#225=CARTESIAN_POINT('',(-10.716594696044922,-87.59512329101562,357.77880859375));
#226=VERTEX_POINT('',#225);
#227=CARTESIAN_POINT('',(-17.216594696044922,-87.59512329101562,357.77880859375));
#228=VERTEX_POINT('',#227);
#229=CARTESIAN_POINT('',(-10.716594696044922,-87.77507019042969,357.41851806640625));
#230=VERTEX_POINT('',#229);
#231=CARTESIAN_POINT('',(-17.216594696044922,-87.77507019042969,357.41851806640625));
#232=VERTEX_POINT('',#231);
#233=CARTESIAN_POINT('',(-10.716594696044922,-87.94036102294922,357.0512390136719));
#234=VERTEX_POINT('',#233);
#235=CARTESIAN_POINT('',(-17.216594696044922,-87.94036102294922,357.0512390136719));
#236=VERTEX_POINT('',#235);
#237=CARTESIAN_POINT('',(-10.716594696044922,-88.09072875976562,356.6776428222656));
#238=VERTEX_POINT('',#237);
#239=CARTESIAN_POINT('',(-17.216594696044922,-88.09072875976562,356.6776428222656));
#240=VERTEX_POINT('',#239);
#241=CARTESIAN_POINT('',(-10.716594696044922,-88.2259292602539,356.29827880859375));
#242=VERTEX_POINT('',#241);
#243=CARTESIAN_POINT('',(-17.216594696044922,-88.2259292602539,356.29827880859375));
#244=VERTEX_POINT('',#243);
#245=CARTESIAN_POINT('',(-10.716594696044922,-88.34574890136719,355.91375732421875));
#246=VERTEX_POINT('',#245);
#247=CARTESIAN_POINT('',(-17.216594696044922,-88.34574890136719,355.91375732421875));
#248=VERTEX_POINT('',#247);
#249=CARTESIAN_POINT('',(-10.716594696044922,-88.44998168945312,355.5247497558594));
#250=VERTEX_POINT('',#249);
#251=CARTESIAN_POINT('',(-17.216594696044922,-88.44998168945312,355.5247497558594));
#252=VERTEX_POINT('',#251);
#253=CARTESIAN_POINT('',(-10.716594696044922,-88.5384750366211,355.1318359375));
#254=VERTEX_POINT('',#253);
#255=CARTESIAN_POINT('',(-17.216594696044922,-88.5384750366211,355.1318359375));
#256=VERTEX_POINT('',#255);
#257=CARTESIAN_POINT('',(-10.716594696044922,-88.61106872558594,354.7356872558594));
#258=VERTEX_POINT('',#257);
#259=CARTESIAN_POINT('',(-17.216594696044922,-88.61106872558594,354.7356872558594));
#260=VERTEX_POINT('',#259);
#261=CARTESIAN_POINT('',(-10.716594696044922,-88.66765594482422,354.3369445800781));
#262=VERTEX_POINT('',#261);
#263=CARTESIAN_POINT('',(-17.216594696044922,-88.66765594482422,354.3369445800781));
#264=VERTEX_POINT('',#263);
#265=CARTESIAN_POINT('',(-10.716594696044922,-88.70813751220703,353.9362487792969));
#266=VERTEX_POINT('',#265);
#267=CARTESIAN_POINT('',(-17.216594696044922,-88.70813751220703,353.9362487792969));
#268=VERTEX_POINT('',#267);
#269=CARTESIAN_POINT('',(-10.716594696044922,-88.73245239257812,353.53424072265625));
#270=VERTEX_POINT('',#269);
#271=CARTESIAN_POINT('',(-17.216594696044922,-88.73245239257812,353.53424072265625));
#272=VERTEX_POINT('',#271);
#273=CARTESIAN_POINT('',(-10.716594696044922,-88.74056243896484,353.131591796875));
#274=VERTEX_POINT('',#273);
#275=CARTESIAN_POINT('',(-23.716594696044922,-88.73245239257812,353.53424072265625));
#276=VERTEX_POINT('',#275);
#277=CARTESIAN_POINT('',(-30.216594696044922,-88.74056243896484,353.131591796875));
#278=VERTEX_POINT('',#277);
#279=CARTESIAN_POINT('',(-30.216594696044922,-88.73245239257812,353.53424072265625));
#280=VERTEX_POINT('',#279);
#281=CARTESIAN_POINT('',(-30.216594696044922,-88.70813751220703,353.9362487792969));
#282=VERTEX_POINT('',#281);
#283=CARTESIAN_POINT('',(-23.716594696044922,-88.70813751220703,353.9362487792969));
#284=VERTEX_POINT('',#283);
#285=CARTESIAN_POINT('',(-30.216594696044922,-88.66765594482422,354.3369445800781));
#286=VERTEX_POINT('',#285);
#287=CARTESIAN_POINT('',(-23.716594696044922,-88.66765594482422,354.3369445800781));
#288=VERTEX_POINT('',#287);
#289=CARTESIAN_POINT('',(-30.216594696044922,-88.61106872558594,354.7356872558594));
#290=VERTEX_POINT('',#289);
#291=CARTESIAN_POINT('',(-23.716594696044922,-88.61106872558594,354.7356872558594));
#292=VERTEX_POINT('',#291);
#293=CARTESIAN_POINT('',(-30.216594696044922,-88.5384750366211,355.1318359375));
#294=VERTEX_POINT('',#293);
#295=CARTESIAN_POINT('',(-23.716594696044922,-88.5384750366211,355.1318359375));
#296=VERTEX_POINT('',#295);
#297=CARTESIAN_POINT('',(-30.216594696044922,-88.44998168945312,355.5247497558594));
#298=VERTEX_POINT('',#297);
#299=CARTESIAN_POINT('',(-23.716594696044922,-88.44998168945312,355.5247497558594));
#300=VERTEX_POINT('',#299);
#301=CARTESIAN_POINT('',(-30.216594696044922,-88.34574890136719,355.91375732421875));
#302=VERTEX_POINT('',#301);
#303=CARTESIAN_POINT('',(-23.716594696044922,-88.34574890136719,355.91375732421875));
#304=VERTEX_POINT('',#303);
#305=CARTESIAN_POINT('',(-30.216594696044922,-88.2259292602539,356.29827880859375));
#306=VERTEX_POINT('',#305);
#307=CARTESIAN_POINT('',(-23.716594696044922,-88.2259292602539,356.29827880859375));
#308=VERTEX_POINT('',#307);
#309=CARTESIAN_POINT('',(-30.216594696044922,-88.09072875976562,356.6776428222656));
#310=VERTEX_POINT('',#309);
#311=CARTESIAN_POINT('',(-23.716594696044922,-88.09072875976562,356.6776428222656));
#312=VERTEX_POINT('',#311);
#313=CARTESIAN_POINT('',(-30.216594696044922,-87.94036102294922,357.0512390136719));
#314=VERTEX_POINT('',#313);
#315=CARTESIAN_POINT('',(-23.716594696044922,-87.94036102294922,357.0512390136719));
#316=VERTEX_POINT('',#315);
#317=CARTESIAN_POINT('',(-30.216594696044922,-87.77507019042969,357.41851806640625));
#318=VERTEX_POINT('',#317);
#319=CARTESIAN_POINT('',(-23.716594696044922,-87.77507019042969,357.41851806640625));
#320=VERTEX_POINT('',#319);
#321=CARTESIAN_POINT('',(-30.216594696044922,-87.59512329101562,357.77880859375));
#322=VERTEX_POINT('',#321);
#323=CARTESIAN_POINT('',(-23.716594696044922,-87.59512329101562,357.77880859375));
#324=VERTEX_POINT('',#323);
#325=CARTESIAN_POINT('',(-30.216594696044922,-87.40081787109375,358.131591796875));
#326=VERTEX_POINT('',#325);
#327=CARTESIAN_POINT('',(-23.716594696044922,-87.40081787109375,358.131591796875));
#328=VERTEX_POINT('',#327);
#329=CARTESIAN_POINT('',(-30.216594696044922,-87.19246673583984,358.4762268066406));
#330=VERTEX_POINT('',#329);
#331=CARTESIAN_POINT('',(-23.716594696044922,-87.19246673583984,358.4762268066406));
#332=VERTEX_POINT('',#331);
#333=CARTESIAN_POINT('',(-30.216594696044922,-86.97040557861328,358.8122253417969));
#334=VERTEX_POINT('',#333);
#335=CARTESIAN_POINT('',(-23.716594696044922,-86.97040557861328,358.8122253417969));
#336=VERTEX_POINT('',#335);
#337=CARTESIAN_POINT('',(-30.216594696044922,-86.73499298095703,359.1390075683594));
#338=VERTEX_POINT('',#337);
#339=CARTESIAN_POINT('',(-23.716594696044922,-86.73499298095703,359.1390075683594));
#340=VERTEX_POINT('',#339);
#341=CARTESIAN_POINT('',(-30.216594696044922,-86.48661804199219,359.4560241699219));
#342=VERTEX_POINT('',#341);
#343=CARTESIAN_POINT('',(-23.716594696044922,-86.48661804199219,359.4560241699219));
#344=VERTEX_POINT('',#343);
#345=CARTESIAN_POINT('',(-30.216594696044922,-86.22566986083984,359.7628173828125));
#346=VERTEX_POINT('',#345);
#347=CARTESIAN_POINT('',(-23.716594696044922,-86.22566986083984,359.7628173828125));
#348=VERTEX_POINT('',#347);
#349=CARTESIAN_POINT('',(-30.216594696044922,-85.95259094238281,360.058837890625));
#350=VERTEX_POINT('',#349);
#351=CARTESIAN_POINT('',(-23.716594696044922,-85.95259094238281,360.058837890625));
#352=VERTEX_POINT('',#351);
#353=CARTESIAN_POINT('',(-30.216594696044922,-85.66780853271484,360.3435974121094));
#354=VERTEX_POINT('',#353);
#355=CARTESIAN_POINT('',(-23.716594696044922,-85.66780853271484,360.3435974121094));
#356=VERTEX_POINT('',#355);
#357=CARTESIAN_POINT('',(-30.216594696044922,-85.37178802490234,360.61669921875));
#358=VERTEX_POINT('',#357);
#359=CARTESIAN_POINT('',(-23.716594696044922,-85.37178802490234,360.61669921875));
#360=VERTEX_POINT('',#359);
#361=CARTESIAN_POINT('',(-30.216594696044922,-85.06501770019531,360.87762451171875));
#362=VERTEX_POINT('',#361);
#363=CARTESIAN_POINT('',(-23.716594696044922,-85.06501770019531,360.87762451171875));
#364=VERTEX_POINT('',#363);
#365=CARTESIAN_POINT('',(-30.216594696044922,-84.74798583984375,361.1260070800781));
#366=VERTEX_POINT('',#365);
#367=CARTESIAN_POINT('',(-23.716594696044922,-84.74798583984375,361.1260070800781));
#368=VERTEX_POINT('',#367);
#369=CARTESIAN_POINT('',(-30.216594696044922,-84.42121124267578,361.3614196777344));
#370=VERTEX_POINT('',#369);
#371=CARTESIAN_POINT('',(-30.216594696044922,-84.08522033691406,361.58349609375));
#372=VERTEX_POINT('',#371);
#373=CARTESIAN_POINT('',(-30.216594696044922,-83.74056243896484,361.7918395996094));
#374=VERTEX_POINT('',#373);
#375=CARTESIAN_POINT('',(-30.216594696044922,-83.3877944946289,361.98614501953125));
#376=VERTEX_POINT('',#375);
#377=CARTESIAN_POINT('',(-30.216594696044922,-83.0274887084961,362.16607666015625));
#378=VERTEX_POINT('',#377);
#379=CARTESIAN_POINT('',(-30.216594696044922,-82.66023254394531,362.3313903808594));
#380=VERTEX_POINT('',#379);
#381=CARTESIAN_POINT('',(-30.216594696044922,-82.28661346435547,362.48175048828125));
#382=VERTEX_POINT('',#381);
#383=CARTESIAN_POINT('',(-30.216594696044922,-81.90724182128906,362.616943359375));
#384=VERTEX_POINT('',#383);
#385=CARTESIAN_POINT('',(-30.216594696044922,-81.52274322509766,362.73675537109375));
#386=VERTEX_POINT('',#385);
#387=CARTESIAN_POINT('',(-30.216594696044922,-81.13372039794922,362.84100341796875));
#388=VERTEX_POINT('',#387);
#389=CARTESIAN_POINT('',(-30.216594696044922,-80.7408218383789,362.92950439453125));
#390=VERTEX_POINT('',#389);
#391=CARTESIAN_POINT('',(-30.216594696044922,-80.34468078613281,363.0020751953125));
#392=VERTEX_POINT('',#391);
#393=CARTESIAN_POINT('',(-30.216594696044922,-79.94593048095703,363.0586853027344));
#394=VERTEX_POINT('',#393);
#395=CARTESIAN_POINT('',(-30.216594696044922,-79.54523468017578,363.0991516113281));
#396=VERTEX_POINT('',#395);
#397=CARTESIAN_POINT('',(-30.216594696044922,-79.14322662353516,363.12347412109375));
#398=VERTEX_POINT('',#397);
#399=CARTESIAN_POINT('',(-30.216594696044922,-78.74056243896484,363.131591796875));
#400=VERTEX_POINT('',#399);
#401=CARTESIAN_POINT('',(-10.716594696044922,-81.52597045898438,341.1672668457031));
#402=VERTEX_POINT('',#401);
#403=CARTESIAN_POINT('',(-10.716594696044922,-76.47190856933594,342.3916320800781));
#404=VERTEX_POINT('',#403);
#405=CARTESIAN_POINT('',(-10.716594696044922,-76.1412353515625,342.5574951171875));
#406=VERTEX_POINT('',#405);
#407=CARTESIAN_POINT('',(-10.716594696044922,-75.81551361083984,342.7328796386719));
#408=VERTEX_POINT('',#407);
#409=CARTESIAN_POINT('',(-10.716594696044922,-75.49488067626953,342.91748046875));
#410=VERTEX_POINT('',#409);
#411=CARTESIAN_POINT('',(-10.716594696044922,-75.17950439453125,343.11090087890625));
#412=VERTEX_POINT('',#411);
#413=CARTESIAN_POINT('',(-10.716594696044922,-88.74056243896484,350.0517883300781));
#414=VERTEX_POINT('',#413);
#415=CARTESIAN_POINT('',(-10.716594696044922,-70.34101867675781,347.7889099121094));
#416=VERTEX_POINT('',#415);
#417=CARTESIAN_POINT('',(-10.716594696044922,-70.03199005126953,348.21356201171875));
#418=VERTEX_POINT('',#417);
#419=CARTESIAN_POINT('',(-10.716594696044922,-69.7292251586914,348.646484375));
#420=VERTEX_POINT('',#419);
#421=CARTESIAN_POINT('',(-10.716594696044922,-69.43272399902344,349.0870056152344));
#422=VERTEX_POINT('',#421);
#423=CARTESIAN_POINT('',(-10.716594696044922,-69.14248657226562,349.5344543457031));
#424=VERTEX_POINT('',#423);
#425=CARTESIAN_POINT('',(-10.716594696044922,-68.85851287841797,349.9881591796875));
#426=VERTEX_POINT('',#425);
#427=CARTESIAN_POINT('',(-10.716594696044922,-68.58080291748047,350.44744873046875));
#428=VERTEX_POINT('',#427);
#429=CARTESIAN_POINT('',(-10.716594696044922,-68.30936431884766,350.9116516113281));
#430=VERTEX_POINT('',#429);
#431=CARTESIAN_POINT('',(-10.716594696044922,-68.04419708251953,351.38006591796875));
#432=VERTEX_POINT('',#431);
#433=CARTESIAN_POINT('',(-10.716594696044922,-67.78529357910156,351.85205078125));
#434=VERTEX_POINT('',#433);
#435=CARTESIAN_POINT('',(-10.716594696044922,-67.53267669677734,352.326904296875));
#436=VERTEX_POINT('',#435);
#437=CARTESIAN_POINT('',(-10.716594696044922,-67.28632354736328,352.8039855957031));
#438=VERTEX_POINT('',#437);
#439=CARTESIAN_POINT('',(-10.716594696044922,-67.04625701904297,353.2825622558594));
#440=VERTEX_POINT('',#439);
#441=CARTESIAN_POINT('',(-10.716594696044922,-66.81246185302734,353.7619934082031));
#442=VERTEX_POINT('',#441);
#443=CARTESIAN_POINT('',(-10.716594696044922,-66.58494567871094,354.24163818359375));
#444=VERTEX_POINT('',#443);
#445=CARTESIAN_POINT('',(-10.716594696044922,-66.36371612548828,354.72076416015625));
#446=VERTEX_POINT('',#445);
#447=CARTESIAN_POINT('',(-10.716594696044922,-66.14877319335938,355.19873046875));
#448=VERTEX_POINT('',#447);
#449=CARTESIAN_POINT('',(-10.716594696044922,-65.93925476074219,355.67681884765625));
#450=VERTEX_POINT('',#449);
#451=CARTESIAN_POINT('',(-10.716594696044922,-65.73294067382812,356.1597900390625));
#452=VERTEX_POINT('',#451);
#453=CARTESIAN_POINT('',(-10.716594696044922,-65.52989959716797,356.6473388671875));
#454=VERTEX_POINT('',#453);
#455=CARTESIAN_POINT('',(-10.716594696044922,-65.33035278320312,357.1388854980469));
#456=VERTEX_POINT('',#455);
#457=CARTESIAN_POINT('',(-10.716594696044922,-65.13449096679688,357.6338195800781));
#458=VERTEX_POINT('',#457);
#459=CARTESIAN_POINT('',(-10.716594696044922,-64.94253540039062,358.1315612792969));
#460=VERTEX_POINT('',#459);
#461=CARTESIAN_POINT('',(-10.716594696044922,-64.75469970703125,358.6314697265625));
#462=VERTEX_POINT('',#461);
#463=CARTESIAN_POINT('',(-10.716594696044922,-64.57118225097656,359.1330261230469));
#464=VERTEX_POINT('',#463);
#465=CARTESIAN_POINT('',(-10.716594696044922,-64.39219665527344,359.63555908203125));
#466=VERTEX_POINT('',#465);
#467=CARTESIAN_POINT('',(-10.716594696044922,-64.21795654296875,360.1385192871094));
#468=VERTEX_POINT('',#467);
#469=CARTESIAN_POINT('',(-10.716594696044922,-64.04866027832031,360.64129638671875));
#470=VERTEX_POINT('',#469);
#471=CARTESIAN_POINT('',(-10.716594696044922,-63.884525299072266,361.143310546875));
#472=VERTEX_POINT('',#471);
#473=CARTESIAN_POINT('',(-10.716594696044922,-63.72575759887695,361.6439208984375));
#474=VERTEX_POINT('',#473);
#475=CARTESIAN_POINT('',(-10.716594696044922,-63.572566986083984,362.142578125));
#476=VERTEX_POINT('',#475);
#477=CARTESIAN_POINT('',(-10.716594696044922,-63.42516326904297,362.638671875));
#478=VERTEX_POINT('',#477);
#479=CARTESIAN_POINT('',(-10.716594696044922,-63.283756256103516,363.131591796875));
#480=VERTEX_POINT('',#479);
#481=CARTESIAN_POINT('',(-10.716594696044922,-87.22753143310547,345.4273681640625));
#482=VERTEX_POINT('',#481);
#483=CARTESIAN_POINT('',(-30.216594696044922,-63.283756256103516,363.131591796875));
#484=VERTEX_POINT('',#483);
#485=CARTESIAN_POINT('',(-17.216594696044922,-63.4251594543457,362.638671875));
#486=VERTEX_POINT('',#485);
#487=CARTESIAN_POINT('',(-23.716594696044922,-63.4251594543457,362.638671875));
#488=VERTEX_POINT('',#487);
#489=CARTESIAN_POINT('',(-30.216594696044922,-63.42516326904297,362.638671875));
#490=VERTEX_POINT('',#489);
#491=CARTESIAN_POINT('',(-23.716594696044922,-63.57252883911133,362.142578125));
#492=VERTEX_POINT('',#491);
#493=CARTESIAN_POINT('',(-30.216594696044922,-63.572566986083984,362.142578125));
#494=VERTEX_POINT('',#493);
#495=CARTESIAN_POINT('',(-23.716594696044922,-63.72563552856445,361.6438903808594));
#496=VERTEX_POINT('',#495);
#497=CARTESIAN_POINT('',(-30.216594696044922,-63.72575759887695,361.6439208984375));
#498=VERTEX_POINT('',#497);
#499=CARTESIAN_POINT('',(-23.716594696044922,-63.8842658996582,361.1432189941406));
#500=VERTEX_POINT('',#499);
#501=CARTESIAN_POINT('',(-30.216594696044922,-63.884525299072266,361.143310546875));
#502=VERTEX_POINT('',#501);
#503=CARTESIAN_POINT('',(-23.716594696044922,-64.0482177734375,360.6411437988281));
#504=VERTEX_POINT('',#503);
#505=CARTESIAN_POINT('',(-30.216594696044922,-64.04866027832031,360.64129638671875));
#506=VERTEX_POINT('',#505);
#507=CARTESIAN_POINT('',(-23.716594696044922,-64.21729278564453,360.1383056640625));
#508=VERTEX_POINT('',#507);
#509=CARTESIAN_POINT('',(-30.216594696044922,-64.21795654296875,360.1385192871094));
#510=VERTEX_POINT('',#509);
#511=CARTESIAN_POINT('',(-23.716594696044922,-64.39130401611328,359.63525390625));
#512=VERTEX_POINT('',#511);
#513=CARTESIAN_POINT('',(-30.216594696044922,-64.39219665527344,359.63555908203125));
#514=VERTEX_POINT('',#513);
#515=CARTESIAN_POINT('',(-23.716594696044922,-64.57006072998047,359.13262939453125));
#516=VERTEX_POINT('',#515);
#517=CARTESIAN_POINT('',(-30.216594696044922,-64.57118225097656,359.1330261230469));
#518=VERTEX_POINT('',#517);
#519=CARTESIAN_POINT('',(-23.716594696044922,-64.75336456298828,358.6309814453125));
#520=VERTEX_POINT('',#519);
#521=CARTESIAN_POINT('',(-30.216594696044922,-64.75469970703125,358.6314697265625));
#522=VERTEX_POINT('',#521);
#523=CARTESIAN_POINT('',(-23.716594696044922,-64.94004821777344,358.1335754394531));
#524=VERTEX_POINT('',#523);
#525=CARTESIAN_POINT('',(-30.216594696044922,-64.94253540039062,358.1315612792969));
#526=VERTEX_POINT('',#525);
#527=CARTESIAN_POINT('',(-23.716594696044922,-65.13286590576172,357.6331787109375));
#528=VERTEX_POINT('',#527);
#529=CARTESIAN_POINT('',(-30.216594696044922,-65.13449096679688,357.6338195800781));
#530=VERTEX_POINT('',#529);
#531=CARTESIAN_POINT('',(-23.716594696044922,-65.32765197753906,357.1407165527344));
#532=VERTEX_POINT('',#531);
#533=CARTESIAN_POINT('',(-30.216594696044922,-65.33035278320312,357.1388854980469));
#534=VERTEX_POINT('',#533);
#535=CARTESIAN_POINT('',(-23.716594696044922,-65.52822875976562,356.6466369628906));
#536=VERTEX_POINT('',#535);
#537=CARTESIAN_POINT('',(-30.216594696044922,-65.52989959716797,356.6473388671875));
#538=VERTEX_POINT('',#537);
#539=CARTESIAN_POINT('',(-23.716594696044922,-65.73028564453125,356.16162109375));
#540=VERTEX_POINT('',#539);
#541=CARTESIAN_POINT('',(-30.216594696044922,-65.73294067382812,356.1597900390625));
#542=VERTEX_POINT('',#541);
#543=CARTESIAN_POINT('',(-23.716594696044922,-65.93779754638672,355.6761779785156));
#544=VERTEX_POINT('',#543);
#545=CARTESIAN_POINT('',(-30.216594696044922,-65.93925476074219,355.67681884765625));
#546=VERTEX_POINT('',#545);
#547=CARTESIAN_POINT('',(-30.216594696044922,-66.14877319335938,355.19873046875));
#548=VERTEX_POINT('',#547);
#549=CARTESIAN_POINT('',(-23.716594696044922,-66.1476058959961,355.1978759765625));
#550=VERTEX_POINT('',#549);
#551=CARTESIAN_POINT('',(-30.216594696044922,-66.36371612548828,354.72076416015625));
#552=VERTEX_POINT('',#551);
#553=CARTESIAN_POINT('',(-23.716594696044922,-66.36262512207031,354.7202453613281));
#554=VERTEX_POINT('',#553);
#555=CARTESIAN_POINT('',(-30.216594696044922,-66.58494567871094,354.24163818359375));
#556=VERTEX_POINT('',#555);
#557=CARTESIAN_POINT('',(-23.716594696044922,-66.58458709716797,354.24005126953125));
#558=VERTEX_POINT('',#557);
#559=CARTESIAN_POINT('',(-30.216594696044922,-66.81246185302734,353.7619934082031));
#560=VERTEX_POINT('',#559);
#561=CARTESIAN_POINT('',(-23.716594696044922,-66.81173706054688,353.76165771484375));
#562=VERTEX_POINT('',#561);
#563=CARTESIAN_POINT('',(-30.216594696044922,-67.04625701904297,353.2825622558594));
#564=VERTEX_POINT('',#563);
#565=CARTESIAN_POINT('',(-23.716594696044922,-67.04622650146484,353.2812194824219));
#566=VERTEX_POINT('',#565);
#567=CARTESIAN_POINT('',(-30.216594696044922,-67.28632354736328,352.8039855957031));
#568=VERTEX_POINT('',#567);
#569=CARTESIAN_POINT('',(-23.716594696044922,-67.28590393066406,352.80377197265625));
#570=VERTEX_POINT('',#569);
#571=CARTESIAN_POINT('',(-30.216594696044922,-67.53267669677734,352.326904296875));
#572=VERTEX_POINT('',#571);
#573=CARTESIAN_POINT('',(-23.716594696044922,-67.53289031982422,352.32574462890625));
#574=VERTEX_POINT('',#573);
#575=CARTESIAN_POINT('',(-30.216594696044922,-67.78529357910156,351.85205078125));
#576=VERTEX_POINT('',#575);
#577=CARTESIAN_POINT('',(-23.716594696044922,-67.78504943847656,351.8519287109375));
#578=VERTEX_POINT('',#577);
#579=CARTESIAN_POINT('',(-30.216594696044922,-68.04419708251953,351.38006591796875));
#580=VERTEX_POINT('',#579);
#581=CARTESIAN_POINT('',(-23.716594696044922,-68.04452514648438,351.3789978027344));
#582=VERTEX_POINT('',#581);
#583=CARTESIAN_POINT('',(-30.216594696044922,-68.30936431884766,350.9116516113281));
#584=VERTEX_POINT('',#583);
#585=CARTESIAN_POINT('',(-23.716594696044922,-68.30916595458984,350.9115295410156));
#586=VERTEX_POINT('',#585);
#587=CARTESIAN_POINT('',(-30.216594696044922,-68.58080291748047,350.44744873046875));
#588=VERTEX_POINT('',#587);
#589=CARTESIAN_POINT('',(-23.716594696044922,-68.5811767578125,350.4463806152344));
#590=VERTEX_POINT('',#589);
#591=CARTESIAN_POINT('',(-30.216594696044922,-68.85851287841797,349.9881591796875));
#592=VERTEX_POINT('',#591);
#593=CARTESIAN_POINT('',(-23.716594696044922,-68.85832214355469,349.9880676269531));
#594=VERTEX_POINT('',#593);
#595=CARTESIAN_POINT('',(-23.716594696044922,-69.0020751953125,349.75640869140625));
#596=VERTEX_POINT('',#595);
#597=CARTESIAN_POINT('',(-17.216594696044922,-69.0020751953125,349.75640869140625));
#598=VERTEX_POINT('',#597);
#599=CARTESIAN_POINT('',(-17.216594696044922,-69.145751953125,349.52899169921875));
#600=VERTEX_POINT('',#599);
#601=CARTESIAN_POINT('',(-17.216594696044922,-69.28925323486328,349.30584716796875));
#602=VERTEX_POINT('',#601);
#603=CARTESIAN_POINT('',(-17.216594696044922,-69.4325942993164,349.0869445800781));
#604=VERTEX_POINT('',#603);
#605=CARTESIAN_POINT('',(-17.216594696044922,-69.58096313476562,348.8644714355469));
#606=VERTEX_POINT('',#605);
#607=CARTESIAN_POINT('',(-23.716594696044922,-69.4325942993164,349.0869445800781));
#608=VERTEX_POINT('',#607);
#609=CARTESIAN_POINT('',(-23.716594696044922,-69.58096313476562,348.8644714355469));
#610=VERTEX_POINT('',#609);
#611=CARTESIAN_POINT('',(-30.216594696044922,-69.43272399902344,349.0870056152344));
#612=VERTEX_POINT('',#611);
#613=CARTESIAN_POINT('',(-30.216594696044922,-69.7292251586914,348.646484375));
#614=VERTEX_POINT('',#613);
#615=CARTESIAN_POINT('',(-23.716594696044922,-69.72914123535156,348.6464538574219));
#616=VERTEX_POINT('',#615);
#617=CARTESIAN_POINT('',(-23.716594696044922,-69.88066101074219,348.427734375));
#618=VERTEX_POINT('',#617);
#619=CARTESIAN_POINT('',(-17.216594696044922,-69.88066101074219,348.427734375));
#620=VERTEX_POINT('',#619);
#621=CARTESIAN_POINT('',(-17.216594696044922,-70.03195190429688,348.21356201171875));
#622=VERTEX_POINT('',#621);
#623=CARTESIAN_POINT('',(-17.216594696044922,-70.18660736083984,347.9989013671875));
#624=VERTEX_POINT('',#623);
#625=CARTESIAN_POINT('',(-30.216594696044922,-70.34101867675781,347.7889099121094));
#626=VERTEX_POINT('',#625);
#627=CARTESIAN_POINT('',(-17.216594696044922,-63.57252883911133,362.142578125));
#628=VERTEX_POINT('',#627);
#629=CARTESIAN_POINT('',(-17.216594696044922,-63.72563552856445,361.6438903808594));
#630=VERTEX_POINT('',#629);
#631=CARTESIAN_POINT('',(-17.216594696044922,-63.8842658996582,361.1432189941406));
#632=VERTEX_POINT('',#631);
#633=CARTESIAN_POINT('',(-17.216594696044922,-64.0482177734375,360.6411437988281));
#634=VERTEX_POINT('',#633);
#635=CARTESIAN_POINT('',(-17.216594696044922,-64.21729278564453,360.1383056640625));
#636=VERTEX_POINT('',#635);
#637=CARTESIAN_POINT('',(-17.216594696044922,-64.39130401611328,359.63525390625));
#638=VERTEX_POINT('',#637);
#639=CARTESIAN_POINT('',(-17.216594696044922,-64.57006072998047,359.13262939453125));
#640=VERTEX_POINT('',#639);
#641=CARTESIAN_POINT('',(-17.216594696044922,-64.75336456298828,358.6309814453125));
#642=VERTEX_POINT('',#641);
#643=CARTESIAN_POINT('',(-17.216594696044922,-64.94004821777344,358.1335754394531));
#644=VERTEX_POINT('',#643);
#645=CARTESIAN_POINT('',(-17.216594696044922,-65.13286590576172,357.6331787109375));
#646=VERTEX_POINT('',#645);
#647=CARTESIAN_POINT('',(-17.216594696044922,-65.32765197753906,357.1407165527344));
#648=VERTEX_POINT('',#647);
#649=CARTESIAN_POINT('',(-17.216594696044922,-65.52822875976562,356.6466369628906));
#650=VERTEX_POINT('',#649);
#651=CARTESIAN_POINT('',(-17.216594696044922,-65.73028564453125,356.16162109375));
#652=VERTEX_POINT('',#651);
#653=CARTESIAN_POINT('',(-17.216594696044922,-65.93779754638672,355.6761779785156));
#654=VERTEX_POINT('',#653);
#655=CARTESIAN_POINT('',(-17.216594696044922,-66.1476058959961,355.1978759765625));
#656=VERTEX_POINT('',#655);
#657=CARTESIAN_POINT('',(-17.216594696044922,-66.36262512207031,354.7202453613281));
#658=VERTEX_POINT('',#657);
#659=CARTESIAN_POINT('',(-17.216594696044922,-66.58458709716797,354.24005126953125));
#660=VERTEX_POINT('',#659);
#661=CARTESIAN_POINT('',(-17.216594696044922,-66.81173706054688,353.76165771484375));
#662=VERTEX_POINT('',#661);
#663=CARTESIAN_POINT('',(-17.216594696044922,-67.04622650146484,353.2812194824219));
#664=VERTEX_POINT('',#663);
#665=CARTESIAN_POINT('',(-17.216594696044922,-67.28590393066406,352.80377197265625));
#666=VERTEX_POINT('',#665);
#667=CARTESIAN_POINT('',(-17.216594696044922,-67.53289031982422,352.32574462890625));
#668=VERTEX_POINT('',#667);
#669=CARTESIAN_POINT('',(-17.216594696044922,-67.78504943847656,351.8519287109375));
#670=VERTEX_POINT('',#669);
#671=CARTESIAN_POINT('',(-17.216594696044922,-68.04452514648438,351.3789978027344));
#672=VERTEX_POINT('',#671);
#673=CARTESIAN_POINT('',(-17.216594696044922,-68.30916595458984,350.9115295410156));
#674=VERTEX_POINT('',#673);
#675=CARTESIAN_POINT('',(-17.216594696044922,-68.5811767578125,350.4463806152344));
#676=VERTEX_POINT('',#675);
#677=CARTESIAN_POINT('',(-17.216594696044922,-68.85832214355469,349.9880676269531));
#678=VERTEX_POINT('',#677);
#679=CARTESIAN_POINT('',(-17.216594696044922,-69.72914123535156,348.6464538574219));
#680=VERTEX_POINT('',#679);
#681=CARTESIAN_POINT('',(-23.716594696044922,-70.18660736083984,347.9989013671875));
#682=VERTEX_POINT('',#681);
#683=CARTESIAN_POINT('',(-30.216594696044922,-70.03199005126953,348.21356201171875));
#684=VERTEX_POINT('',#683);
#685=CARTESIAN_POINT('',(-23.716594696044922,-70.03195190429688,348.21356201171875));
#686=VERTEX_POINT('',#685);
#687=CARTESIAN_POINT('',(-23.716594696044922,-69.28925323486328,349.30584716796875));
#688=VERTEX_POINT('',#687);
#689=CARTESIAN_POINT('',(-30.216594696044922,-69.14248657226562,349.5344543457031));
#690=VERTEX_POINT('',#689);
#691=CARTESIAN_POINT('',(-23.716594696044922,-69.145751953125,349.52899169921875));
#692=VERTEX_POINT('',#691);
#693=CARTESIAN_POINT('',(-30.216594696044922,-75.17950439453125,343.11090087890625));
#694=VERTEX_POINT('',#693);
#695=CARTESIAN_POINT('',(-20.466594696044922,-75.49488067626953,342.91748046875));
#696=VERTEX_POINT('',#695);
#697=CARTESIAN_POINT('',(-20.466594696044922,-75.81551361083984,342.7328796386719));
#698=VERTEX_POINT('',#697);
#699=CARTESIAN_POINT('',(-20.466594696044922,-76.1412353515625,342.5574951171875));
#700=VERTEX_POINT('',#699);
#701=CARTESIAN_POINT('',(-30.216594696044922,-76.47190856933594,342.3916320800781));
#702=VERTEX_POINT('',#701);
#703=CARTESIAN_POINT('',(-30.216594696044922,-76.1412353515625,342.5574951171875));
#704=VERTEX_POINT('',#703);
#705=CARTESIAN_POINT('',(-30.216594696044922,-75.81551361083984,342.7328796386719));
#706=VERTEX_POINT('',#705);
#707=CARTESIAN_POINT('',(-30.216594696044922,-75.49488067626953,342.91748046875));
#708=VERTEX_POINT('',#707);
#709=CARTESIAN_POINT('',(-30.216594696044922,-81.52597045898438,341.1672668457031));
#710=VERTEX_POINT('',#709);
#711=CARTESIAN_POINT('',(-30.216594696044922,-87.22753143310547,345.4273681640625));
#712=VERTEX_POINT('',#711);
#713=CARTESIAN_POINT('',(-30.216594696044922,-88.74056243896484,350.0517883300781));
#714=VERTEX_POINT('',#713);
#715=STYLED_ITEM('',(#25),#716);
#716=FACE_SURFACE('',(#721),#717,.T.);
#717=PLANE('',#718);
#718=AXIS2_PLACEMENT_3D('',#41,#719,#720);
#719=DIRECTION('',(0,0.9233136878219714,-0.38404665586435094));
#720=DIRECTION('',(-1,0,0));
#721=FACE_BOUND('',#722,.T.);
#722=EDGE_LOOP('',(#723,#724,#725));
#723=ORIENTED_EDGE('',*,*,#726,.T.);
#724=ORIENTED_EDGE('',*,*,#727,.T.);
#725=ORIENTED_EDGE('',*,*,#728,.T.);
#726=EDGE_CURVE('',#42,#44,#729,.F.);
#727=EDGE_CURVE('',#44,#46,#730,.T.);
#728=EDGE_CURVE('',#46,#42,#731,.T.);
#729=LINE('',#41,#732);
#730=LINE('',#43,#733);
#731=LINE('',#45,#734);
#732=VECTOR('',#735,1.0);
#733=VECTOR('',#736,1.0);
#734=VECTOR('',#737,1.0);
#735=DIRECTION('',(-1,0,0));
#736=DIRECTION('',(0.9561698454983766,0.11245370496689065,0.27035789390885245));
#737=DIRECTION('',(0,-0.38404665586435094,-0.9233136878219714));
#738=STYLED_ITEM('',(#25),#739);
#739=FACE_SURFACE('',(#744),#740,.T.);
#740=PLANE('',#741);
#741=AXIS2_PLACEMENT_3D('',#45,#742,#743);
#742=DIRECTION('',(0,0.9233136878219714,-0.38404665586435094));
#743=DIRECTION('',(-0.9561698454983766,-0.11245370496689065,-0.27035789390885245));
#744=FACE_BOUND('',#745,.T.);
#745=EDGE_LOOP('',(#746,#747,#748));
#746=ORIENTED_EDGE('',*,*,#749,.T.);
#747=ORIENTED_EDGE('',*,*,#750,.T.);
#748=ORIENTED_EDGE('',*,*,#751,.T.);
#749=EDGE_CURVE('',#46,#44,#752,.F.);
#750=EDGE_CURVE('',#44,#48,#753,.T.);
#751=EDGE_CURVE('',#48,#46,#754,.T.);
#752=LINE('',#45,#755);
#753=LINE('',#43,#756);
#754=LINE('',#47,#757);
#755=VECTOR('',#758,1.0);
#756=VECTOR('',#759,1.0);
#757=VECTOR('',#760,1.0);
#758=DIRECTION('',(-0.9561698454983766,-0.11245370496689065,-0.27035789390885245));
#759=DIRECTION('',(0,0.38404665586435094,0.9233136878219714));
#760=DIRECTION('',(1,0,0));
#761=STYLED_ITEM('',(#25),#762);
#762=FACE_SURFACE('',(#767),#763,.T.);
#763=PLANE('',#764);
#764=AXIS2_PLACEMENT_3D('',#41,#765,#766);
#765=DIRECTION('',(-1,0,0));
#766=DIRECTION('',(0,0.38404665586435094,0.9233136878219714));
#767=FACE_BOUND('',#768,.T.);
#768=EDGE_LOOP('',(#769,#770,#771));
#769=ORIENTED_EDGE('',*,*,#772,.T.);
#770=ORIENTED_EDGE('',*,*,#773,.T.);
#771=ORIENTED_EDGE('',*,*,#774,.T.);
#772=EDGE_CURVE('',#42,#46,#775,.F.);
#773=EDGE_CURVE('',#46,#50,#776,.T.);
#774=EDGE_CURVE('',#50,#42,#777,.T.);
#775=LINE('',#41,#778);
#776=LINE('',#45,#779);
#777=LINE('',#49,#780);
#778=VECTOR('',#781,1.0);
#779=VECTOR('',#782,1.0);
#780=VECTOR('',#783,1.0);
#781=DIRECTION('',(0,0.38404665586435094,0.9233136878219714));
#782=DIRECTION('',(0,0.6765986848417136,-0.7363519672483151));
#783=DIRECTION('',(0,-0.9733086437007333,0.2295000742863471));
#784=STYLED_ITEM('',(#25),#785);
#785=FACE_SURFACE('',(#790),#786,.T.);
#786=PLANE('',#787);
#787=AXIS2_PLACEMENT_3D('',#49,#788,#789);
#788=DIRECTION('',(-1,0,0));
#789=DIRECTION('',(0,-0.6765986848417136,0.7363519672483151));
#790=FACE_BOUND('',#791,.T.);
#791=EDGE_LOOP('',(#792,#793,#794));
#792=ORIENTED_EDGE('',*,*,#795,.T.);
#793=ORIENTED_EDGE('',*,*,#796,.T.);
#794=ORIENTED_EDGE('',*,*,#797,.T.);
#795=EDGE_CURVE('',#50,#46,#798,.F.);
#796=EDGE_CURVE('',#46,#52,#799,.T.);
#797=EDGE_CURVE('',#52,#50,#800,.T.);
#798=LINE('',#49,#801);
#799=LINE('',#45,#802);
#800=LINE('',#51,#803);
#801=VECTOR('',#804,1.0);
#802=VECTOR('',#805,1.0);
#803=VECTOR('',#806,1.0);
#804=DIRECTION('',(0,-0.6765986848417136,0.7363519672483151));
#805=DIRECTION('',(0,0.9233147702981284,-0.38404405339663106));
#806=DIRECTION('',(0,-0.5980029663639922,-0.8014938878243965));
#807=STYLED_ITEM('',(#25),#808);
#808=FACE_SURFACE('',(#813),#809,.T.);
#809=PLANE('',#810);
#810=AXIS2_PLACEMENT_3D('',#49,#811,#812);
#811=DIRECTION('',(-1,0,0));
#812=DIRECTION('',(0,0.5980029663639922,0.8014938878243965));
#813=FACE_BOUND('',#814,.T.);
#814=EDGE_LOOP('',(#815,#816,#817));
#815=ORIENTED_EDGE('',*,*,#818,.T.);
#816=ORIENTED_EDGE('',*,*,#819,.T.);
#817=ORIENTED_EDGE('',*,*,#820,.T.);
#818=EDGE_CURVE('',#50,#52,#821,.F.);
#819=EDGE_CURVE('',#52,#54,#822,.T.);
#820=EDGE_CURVE('',#54,#50,#823,.T.);
#821=LINE('',#49,#824);
#822=LINE('',#51,#825);
#823=LINE('',#53,#826);
#824=VECTOR('',#827,1.0);
#825=VECTOR('',#828,1.0);
#826=VECTOR('',#829,1.0);
#827=DIRECTION('',(0,0.5980029663639922,0.8014938878243965));
#828=DIRECTION('',(0,-0.3840449355928299,-0.9233144033564619));
#829=DIRECTION('',(0,-0.23543661405798963,0.9718897060679824));
#830=STYLED_ITEM('',(#25),#831);
#831=FACE_SURFACE('',(#836),#832,.T.);
#832=PLANE('',#833);
#833=AXIS2_PLACEMENT_3D('',#55,#834,#835);
#834=DIRECTION('',(0,-0.9233144033564618,0.3840449355928299));
#835=DIRECTION('',(1,0,0));
#836=FACE_BOUND('',#837,.T.);
#837=EDGE_LOOP('',(#838,#839,#840));
#838=ORIENTED_EDGE('',*,*,#841,.T.);
#839=ORIENTED_EDGE('',*,*,#842,.T.);
#840=ORIENTED_EDGE('',*,*,#843,.T.);
#841=EDGE_CURVE('',#56,#54,#844,.F.);
#842=EDGE_CURVE('',#54,#58,#845,.T.);
#843=EDGE_CURVE('',#58,#56,#846,.T.);
#844=LINE('',#55,#847);
#845=LINE('',#53,#848);
#846=LINE('',#57,#849);
#847=VECTOR('',#850,1.0);
#848=VECTOR('',#851,1.0);
#849=VECTOR('',#852,1.0);
#850=DIRECTION('',(1,0,0));
#851=DIRECTION('',(-0.956785148918598,0.11167864207285853,0.2684959212233559));
#852=DIRECTION('',(0,-0.3840449355928299,-0.9233144033564619));
#853=STYLED_ITEM('',(#25),#854);
#854=FACE_SURFACE('',(#859),#855,.T.);
#855=PLANE('',#856);
#856=AXIS2_PLACEMENT_3D('',#57,#857,#858);
#857=DIRECTION('',(0,-0.9233144033564618,0.3840449355928299));
#858=DIRECTION('',(0.956785148918598,-0.11167864207285853,-0.2684959212233559));
#859=FACE_BOUND('',#860,.T.);
#860=EDGE_LOOP('',(#861,#862,#863));
#861=ORIENTED_EDGE('',*,*,#864,.T.);
#862=ORIENTED_EDGE('',*,*,#865,.T.);
#863=ORIENTED_EDGE('',*,*,#866,.T.);
#864=EDGE_CURVE('',#58,#54,#867,.F.);
#865=EDGE_CURVE('',#54,#52,#868,.T.);
#866=EDGE_CURVE('',#52,#58,#869,.T.);
#867=LINE('',#57,#870);
#868=LINE('',#53,#871);
#869=LINE('',#51,#872);
#870=VECTOR('',#873,1.0);
#871=VECTOR('',#874,1.0);
#872=VECTOR('',#875,1.0);
#873=DIRECTION('',(0.956785148918598,-0.11167864207285853,-0.2684959212233559));
#874=DIRECTION('',(0,0.3840449355928299,0.9233144033564619));
#875=DIRECTION('',(-1,0,0));
#876=STYLED_ITEM('',(#25),#877);
#877=FACE_SURFACE('',(#882),#878,.T.);
#878=PLANE('',#879);
#879=AXIS2_PLACEMENT_3D('',#43,#880,#881);
#880=DIRECTION('',(1,-0,0));
#881=DIRECTION('',(0,0.9733086437007333,-0.2295000742863471));
#882=FACE_BOUND('',#883,.T.);
#883=EDGE_LOOP('',(#884,#885,#886));
#884=ORIENTED_EDGE('',*,*,#887,.T.);
#885=ORIENTED_EDGE('',*,*,#888,.T.);
#886=ORIENTED_EDGE('',*,*,#889,.T.);
#887=EDGE_CURVE('',#44,#60,#890,.F.);
#888=EDGE_CURVE('',#60,#48,#891,.T.);
#889=EDGE_CURVE('',#48,#44,#892,.T.);
#890=LINE('',#43,#893);
#891=LINE('',#59,#894);
#892=LINE('',#47,#895);
#893=VECTOR('',#896,1.0);
#894=VECTOR('',#897,1.0);
#895=VECTOR('',#898,1.0);
#896=DIRECTION('',(0,0.9733086437007333,-0.2295000742863471));
#897=DIRECTION('',(0,-0.6765986848417136,0.7363519672483151));
#898=DIRECTION('',(0,-0.38404665586435094,-0.9233136878219714));
#899=STYLED_ITEM('',(#25),#900);
#900=FACE_SURFACE('',(#905),#901,.T.);
#901=PLANE('',#902);
#902=AXIS2_PLACEMENT_3D('',#47,#903,#904);
#903=DIRECTION('',(1,0,0));
#904=DIRECTION('',(0,0.6765986848417136,-0.7363519672483151));
#905=FACE_BOUND('',#906,.T.);
#906=EDGE_LOOP('',(#907,#908,#909));
#907=ORIENTED_EDGE('',*,*,#910,.T.);
#908=ORIENTED_EDGE('',*,*,#911,.T.);
#909=ORIENTED_EDGE('',*,*,#912,.T.);
#910=EDGE_CURVE('',#48,#60,#913,.F.);
#911=EDGE_CURVE('',#60,#58,#914,.T.);
#912=EDGE_CURVE('',#58,#48,#915,.T.);
#913=LINE('',#47,#916);
#914=LINE('',#59,#917);
#915=LINE('',#57,#918);
#916=VECTOR('',#919,1.0);
#917=VECTOR('',#920,1.0);
#918=VECTOR('',#921,1.0);
#919=DIRECTION('',(0,0.6765986848417136,-0.7363519672483151));
#920=DIRECTION('',(0,0.5980029663639922,0.8014938878243965));
#921=DIRECTION('',(0,-0.9233147702981284,0.38404405339663106));
#922=STYLED_ITEM('',(#25),#923);
#923=FACE_SURFACE('',(#928),#924,.T.);
#924=PLANE('',#925);
#925=AXIS2_PLACEMENT_3D('',#57,#926,#927);
#926=DIRECTION('',(1,0,0));
#927=DIRECTION('',(0,-0.5980029663639922,-0.8014938878243965));
#928=FACE_BOUND('',#929,.T.);
#929=EDGE_LOOP('',(#930,#931,#932));
#930=ORIENTED_EDGE('',*,*,#933,.T.);
#931=ORIENTED_EDGE('',*,*,#934,.T.);
#932=ORIENTED_EDGE('',*,*,#935,.T.);
#933=EDGE_CURVE('',#58,#60,#936,.F.);
#934=EDGE_CURVE('',#60,#56,#937,.T.);
#935=EDGE_CURVE('',#56,#58,#938,.T.);
#936=LINE('',#57,#939);
#937=LINE('',#59,#940);
#938=LINE('',#55,#941);
#939=VECTOR('',#942,1.0);
#940=VECTOR('',#943,1.0);
#941=VECTOR('',#944,1.0);
#942=DIRECTION('',(0,-0.5980029663639922,-0.8014938878243965));
#943=DIRECTION('',(0,0.23543661405798963,-0.9718897060679824));
#944=DIRECTION('',(0,0.3840449355928299,0.9233144033564619));
#945=STYLED_ITEM('',(#25),#946);
#946=FACE_SURFACE('',(#951),#947,.T.);
#947=PLANE('',#948);
#948=AXIS2_PLACEMENT_3D('',#57,#949,#950);
#949=DIRECTION('',(0,-0.384044053396631,-0.9233147702981283));
#950=DIRECTION('',(1,0,0));
#951=FACE_BOUND('',#952,.T.);
#952=EDGE_LOOP('',(#953,#954,#955));
#953=ORIENTED_EDGE('',*,*,#956,.T.);
#954=ORIENTED_EDGE('',*,*,#957,.T.);
#955=ORIENTED_EDGE('',*,*,#958,.T.);
#956=EDGE_CURVE('',#58,#52,#959,.F.);
#957=EDGE_CURVE('',#52,#48,#960,.T.);
#958=EDGE_CURVE('',#48,#58,#961,.T.);
#959=LINE('',#57,#962);
#960=LINE('',#51,#963);
#961=LINE('',#47,#964);
#962=VECTOR('',#965,1.0);
#963=VECTOR('',#966,1.0);
#964=VECTOR('',#967,1.0);
#965=DIRECTION('',(1,0,0));
#966=DIRECTION('',(-0.8778959281620582,-0.4421306437022942,0.18390006312090612));
#967=DIRECTION('',(0,0.9233147702981284,-0.38404405339663106));
#968=STYLED_ITEM('',(#25),#969);
#969=FACE_SURFACE('',(#974),#970,.T.);
#970=PLANE('',#971);
#971=AXIS2_PLACEMENT_3D('',#47,#972,#973);
#972=DIRECTION('',(0,-0.384044053396631,-0.9233147702981283));
#973=DIRECTION('',(0.8778959281620582,0.4421306437022942,-0.18390006312090612));
#974=FACE_BOUND('',#975,.T.);
#975=EDGE_LOOP('',(#976,#977,#978));
#976=ORIENTED_EDGE('',*,*,#979,.T.);
#977=ORIENTED_EDGE('',*,*,#980,.T.);
#978=ORIENTED_EDGE('',*,*,#981,.T.);
#979=EDGE_CURVE('',#48,#52,#982,.F.);
#980=EDGE_CURVE('',#52,#46,#983,.T.);
#981=EDGE_CURVE('',#46,#48,#984,.T.);
#982=LINE('',#47,#985);
#983=LINE('',#51,#986);
#984=LINE('',#45,#987);
#985=VECTOR('',#988,1.0);
#986=VECTOR('',#989,1.0);
#987=VECTOR('',#990,1.0);
#988=DIRECTION('',(0.8778959281620582,0.4421306437022942,-0.18390006312090612));
#989=DIRECTION('',(0,-0.9233147702981284,0.38404405339663106));
#990=DIRECTION('',(-1,0,0));
#991=STYLED_ITEM('',(#25),#992);
#992=FACE_SURFACE('',(#997),#993,.T.);
#993=PLANE('',#994);
#994=AXIS2_PLACEMENT_3D('',#59,#995,#996);
#995=DIRECTION('',(-0,-0.2295000742863471,-0.9733086437007333));
#996=DIRECTION('',(0,-0.9733086437007333,0.2295000742863471));
#997=FACE_BOUND('',#998,.T.);
#998=EDGE_LOOP('',(#999,#1000,#1001));
#999=ORIENTED_EDGE('',*,*,#1002,.T.);
#1000=ORIENTED_EDGE('',*,*,#1003,.T.);
#1001=ORIENTED_EDGE('',*,*,#1004,.T.);
#1002=EDGE_CURVE('',#60,#44,#1005,.F.);
#1003=EDGE_CURVE('',#44,#62,#1006,.T.);
#1004=EDGE_CURVE('',#62,#60,#1007,.T.);
#1005=LINE('',#59,#1008);
#1006=LINE('',#43,#1009);
#1007=LINE('',#61,#1010);
#1008=VECTOR('',#1011,1.0);
#1009=VECTOR('',#1012,1.0);
#1010=VECTOR('',#1013,1.0);
#1011=DIRECTION('',(0,-0.9733086437007333,0.2295000742863471));
#1012=DIRECTION('',(-0.6189608245525243,0.7644578849818092,-0.18025437514356765));
#1013=DIRECTION('',(1,0,0));
#1014=STYLED_ITEM('',(#25),#1015);
#1015=FACE_SURFACE('',(#1020),#1016,.T.);
#1016=PLANE('',#1017);
#1017=AXIS2_PLACEMENT_3D('',#61,#1018,#1019);
#1018=DIRECTION('',(1.6418341176008766E-06,-0.22949881495443886,-0.973308940641055));
#1019=DIRECTION('',(0.6189608245525243,-0.7644578849818092,0.18025437514356765));
#1020=FACE_BOUND('',#1021,.T.);
#1021=EDGE_LOOP('',(#1022,#1023,#1024));
#1022=ORIENTED_EDGE('',*,*,#1025,.T.);
#1023=ORIENTED_EDGE('',*,*,#1026,.T.);
#1024=ORIENTED_EDGE('',*,*,#1027,.T.);
#1025=EDGE_CURVE('',#62,#44,#1028,.F.);
#1026=EDGE_CURVE('',#44,#64,#1029,.T.);
#1027=EDGE_CURVE('',#64,#62,#1030,.T.);
#1028=LINE('',#61,#1031);
#1029=LINE('',#43,#1032);
#1030=LINE('',#63,#1033);
#1031=VECTOR('',#1034,1.0);
#1032=VECTOR('',#1035,1.0);
#1033=VECTOR('',#1036,1.0);
#1034=DIRECTION('',(0.6189608245525243,-0.7644578849818092,0.18025437514356765));
#1035=DIRECTION('',(-0.9956058023823038,-0.09114433305730343,0.021489458211607373));
#1036=DIRECTION('',(0,0.9733089406423667,-0.22949881495474816));
#1037=STYLED_ITEM('',(#25),#1038);
#1038=FACE_SURFACE('',(#1043),#1039,.T.);
#1039=PLANE('',#1040);
#1040=AXIS2_PLACEMENT_3D('',#63,#1041,#1042);
#1041=DIRECTION('',(0,-0.22948182504270612,-0.9733129465773426));
#1042=DIRECTION('',(0.9956058023823038,0.09114433305730343,-0.021489458211607373));
#1043=FACE_BOUND('',#1044,.T.);
#1044=EDGE_LOOP('',(#1045,#1046,#1047));
#1045=ORIENTED_EDGE('',*,*,#1048,.T.);
#1046=ORIENTED_EDGE('',*,*,#1049,.T.);
#1047=ORIENTED_EDGE('',*,*,#1050,.T.);
#1048=EDGE_CURVE('',#64,#44,#1051,.F.);
#1049=EDGE_CURVE('',#44,#66,#1052,.T.);
#1050=EDGE_CURVE('',#66,#64,#1053,.T.);
#1051=LINE('',#63,#1054);
#1052=LINE('',#43,#1055);
#1053=LINE('',#65,#1056);
#1054=VECTOR('',#1057,1.0);
#1055=VECTOR('',#1058,1.0);
#1056=VECTOR('',#1059,1.0);
#1057=DIRECTION('',(0.9956058023823038,0.09114433305730343,-0.021489458211607373));
#1058=DIRECTION('',(0.999648061171577,-0.025820394618108755,0.006087776085916494));
#1059=DIRECTION('',(-1,0,0));
#1060=STYLED_ITEM('',(#25),#1061);
#1061=FACE_SURFACE('',(#1066),#1062,.T.);
#1062=PLANE('',#1063);
#1063=AXIS2_PLACEMENT_3D('',#65,#1064,#1065);
#1064=DIRECTION('',(0,-0.22948182504270612,-0.9733129465773425));
#1065=DIRECTION('',(-0.999648061171577,0.025820394618108755,-0.006087776085916494));
#1066=FACE_BOUND('',#1067,.T.);
#1067=EDGE_LOOP('',(#1068,#1069,#1070));
#1068=ORIENTED_EDGE('',*,*,#1071,.T.);
#1069=ORIENTED_EDGE('',*,*,#1072,.T.);
#1070=ORIENTED_EDGE('',*,*,#1073,.T.);
#1071=EDGE_CURVE('',#66,#44,#1074,.F.);
#1072=EDGE_CURVE('',#44,#42,#1075,.T.);
#1073=EDGE_CURVE('',#42,#66,#1076,.T.);
#1074=LINE('',#65,#1077);
#1075=LINE('',#43,#1078);
#1076=LINE('',#41,#1079);
#1077=VECTOR('',#1080,1.0);
#1078=VECTOR('',#1081,1.0);
#1079=VECTOR('',#1082,1.0);
#1080=DIRECTION('',(-0.999648061171577,0.025820394618108755,-0.006087776085916494));
#1081=DIRECTION('',(1,0,0));
#1082=DIRECTION('',(0.9954335862987579,-0.09290920979581956,0.021905570148014166));
#1083=STYLED_ITEM('',(#25),#1084);
#1084=FACE_SURFACE('',(#1089),#1085,.T.);
#1085=PLANE('',#1086);
#1086=AXIS2_PLACEMENT_3D('',#65,#1087,#1088);
#1087=DIRECTION('',(-1.6739153820803143E-06,-0.22949881495442667,-0.9733089406410033));
#1088=DIRECTION('',(-0.9954335862987579,0.09290920979581956,-0.021905570148014166));
#1089=FACE_BOUND('',#1090,.T.);
#1090=EDGE_LOOP('',(#1091,#1092,#1093));
#1091=ORIENTED_EDGE('',*,*,#1094,.T.);
#1092=ORIENTED_EDGE('',*,*,#1095,.T.);
#1093=ORIENTED_EDGE('',*,*,#1096,.T.);
#1094=EDGE_CURVE('',#66,#42,#1097,.F.);
#1095=EDGE_CURVE('',#42,#68,#1098,.T.);
#1096=EDGE_CURVE('',#68,#66,#1099,.T.);
#1097=LINE('',#65,#1100);
#1098=LINE('',#41,#1101);
#1099=LINE('',#67,#1102);
#1100=VECTOR('',#1103,1.0);
#1101=VECTOR('',#1104,1.0);
#1102=VECTOR('',#1105,1.0);
#1103=DIRECTION('',(-0.9954335862987579,0.09290920979581956,-0.021905570148014166));
#1104=DIRECTION('',(0.6115618462556147,0.7700785193878233,-0.18157968548789177));
#1105=DIRECTION('',(0,-0.9733089406423667,0.22949881495474816));
#1106=STYLED_ITEM('',(#25),#1107);
#1107=FACE_SURFACE('',(#1112),#1108,.T.);
#1108=PLANE('',#1109);
#1109=AXIS2_PLACEMENT_3D('',#67,#1110,#1111);
#1110=DIRECTION('',(-0,-0.2295000742863471,-0.9733086437007333));
#1111=DIRECTION('',(-0.6115618462556147,-0.7700785193878233,0.18157968548789177));
#1112=FACE_BOUND('',#1113,.T.);
#1113=EDGE_LOOP('',(#1114,#1115,#1116));
#1114=ORIENTED_EDGE('',*,*,#1117,.T.);
#1115=ORIENTED_EDGE('',*,*,#1118,.T.);
#1116=ORIENTED_EDGE('',*,*,#1119,.T.);
#1117=EDGE_CURVE('',#68,#42,#1120,.F.);
#1118=EDGE_CURVE('',#42,#50,#1121,.T.);
#1119=EDGE_CURVE('',#50,#68,#1122,.T.);
#1120=LINE('',#67,#1123);
#1121=LINE('',#41,#1124);
#1122=LINE('',#49,#1125);
#1123=VECTOR('',#1126,1.0);
#1124=VECTOR('',#1127,1.0);
#1125=VECTOR('',#1128,1.0);
#1126=DIRECTION('',(-0.6115618462556147,-0.7700785193878233,0.18157968548789177));
#1127=DIRECTION('',(0,0.9733086437007333,-0.2295000742863471));
#1128=DIRECTION('',(1,0,0));
#1129=STYLED_ITEM('',(#25),#1130);
#1130=FACE_SURFACE('',(#1135),#1131,.T.);
#1131=PLANE('',#1132);
#1132=AXIS2_PLACEMENT_3D('',#69,#1133,#1134);
#1133=DIRECTION('',(1,0,0));
#1134=DIRECTION('',(0,0.811910558543306,0.5837818470335446));
#1135=FACE_BOUND('',#1136,.T.);
#1136=EDGE_LOOP('',(#1137,#1138,#1139));
#1137=ORIENTED_EDGE('',*,*,#1140,.T.);
#1138=ORIENTED_EDGE('',*,*,#1141,.T.);
#1139=ORIENTED_EDGE('',*,*,#1142,.T.);
#1140=EDGE_CURVE('',#70,#72,#1143,.F.);
#1141=EDGE_CURVE('',#72,#74,#1144,.T.);
#1142=EDGE_CURVE('',#74,#70,#1145,.T.);
#1143=LINE('',#69,#1146);
#1144=LINE('',#71,#1147);
#1145=LINE('',#73,#1148);
#1146=VECTOR('',#1149,1.0);
#1147=VECTOR('',#1150,1.0);
#1148=VECTOR('',#1151,1.0);
#1149=DIRECTION('',(0,0.811910558543306,0.5837818470335446));
#1150=DIRECTION('',(0,-0.0565446468821141,0.9984000715689965));
#1151=DIRECTION('',(0,0,-1));
#1152=STYLED_ITEM('',(#25),#1153);
#1153=FACE_SURFACE('',(#1158),#1154,.T.);
#1154=PLANE('',#1155);
#1155=AXIS2_PLACEMENT_3D('',#73,#1156,#1157);
#1156=DIRECTION('',(1,0,0));
#1157=DIRECTION('',(0,0.0565446468821141,-0.9984000715689965));
#1158=FACE_BOUND('',#1159,.T.);
#1159=EDGE_LOOP('',(#1160,#1161,#1162));
#1160=ORIENTED_EDGE('',*,*,#1163,.T.);
#1161=ORIENTED_EDGE('',*,*,#1164,.T.);
#1162=ORIENTED_EDGE('',*,*,#1165,.T.);
#1163=EDGE_CURVE('',#74,#72,#1166,.F.);
#1164=EDGE_CURVE('',#72,#76,#1167,.T.);
#1165=EDGE_CURVE('',#76,#74,#1168,.T.);
#1166=LINE('',#73,#1169);
#1167=LINE('',#71,#1170);
#1168=LINE('',#75,#1171);
#1169=VECTOR('',#1172,1.0);
#1170=VECTOR('',#1173,1.0);
#1171=VECTOR('',#1174,1.0);
#1172=DIRECTION('',(0,0.0565446468821141,-0.9984000715689965));
#1173=DIRECTION('',(0,0.8347140505451583,0.5506836240732922));
#1174=DIRECTION('',(0,-0.1186079259090383,0.9929411663898098));
#1175=STYLED_ITEM('',(#25),#1176);
#1176=FACE_SURFACE('',(#1181),#1177,.T.);
#1177=PLANE('',#1178);
#1178=AXIS2_PLACEMENT_3D('',#73,#1179,#1180);
#1179=DIRECTION('',(1,0,0));
#1180=DIRECTION('',(0,0.1186079259090383,-0.9929411663898098));
#1181=FACE_BOUND('',#1182,.T.);
#1182=EDGE_LOOP('',(#1183,#1184,#1185));
#1183=ORIENTED_EDGE('',*,*,#1186,.T.);
#1184=ORIENTED_EDGE('',*,*,#1187,.T.);
#1185=ORIENTED_EDGE('',*,*,#1188,.T.);
#1186=EDGE_CURVE('',#74,#76,#1189,.F.);
#1187=EDGE_CURVE('',#76,#78,#1190,.T.);
#1188=EDGE_CURVE('',#78,#74,#1191,.T.);
#1189=LINE('',#73,#1192);
#1190=LINE('',#75,#1193);
#1191=LINE('',#77,#1194);
#1192=VECTOR('',#1195,1.0);
#1193=VECTOR('',#1196,1.0);
#1194=VECTOR('',#1197,1.0);
#1195=DIRECTION('',(0,0.1186079259090383,-0.9929411663898098));
#1196=DIRECTION('',(0,0.8562063261592155,0.5166340358947897));
#1197=DIRECTION('',(0,-0.18536137212637913,0.9826704237553026));
#1198=STYLED_ITEM('',(#25),#1199);
#1199=FACE_SURFACE('',(#1204),#1200,.T.);
#1200=PLANE('',#1201);
#1201=AXIS2_PLACEMENT_3D('',#77,#1202,#1203);
#1202=DIRECTION('',(1,0,-0));
#1203=DIRECTION('',(0,0.8762519540041025,0.4818532070081014));
#1204=FACE_BOUND('',#1205,.T.);
#1205=EDGE_LOOP('',(#1206,#1207,#1208));
#1206=ORIENTED_EDGE('',*,*,#1209,.T.);
#1207=ORIENTED_EDGE('',*,*,#1210,.T.);
#1208=ORIENTED_EDGE('',*,*,#1211,.T.);
#1209=EDGE_CURVE('',#78,#80,#1212,.F.);
#1210=EDGE_CURVE('',#80,#74,#1213,.T.);
#1211=EDGE_CURVE('',#74,#78,#1214,.T.);
#1212=LINE('',#77,#1215);
#1213=LINE('',#79,#1216);
#1214=LINE('',#73,#1217);
#1215=VECTOR('',#1218,1.0);
#1216=VECTOR('',#1219,1.0);
#1217=VECTOR('',#1220,1.0);
#1218=DIRECTION('',(0,0.8762519540041025,0.4818532070081014));
#1219=DIRECTION('',(0,-0.25549874543108037,0.9668093871509232));
#1220=DIRECTION('',(0,0.18536137212637913,-0.9826704237553026));
#1221=STYLED_ITEM('',(#25),#1222);
#1222=FACE_SURFACE('',(#1227),#1223,.T.);
#1223=PLANE('',#1224);
#1224=AXIS2_PLACEMENT_3D('',#73,#1225,#1226);
#1225=DIRECTION('',(1,0,0));
#1226=DIRECTION('',(0,0.25549874543108037,-0.9668093871509232));
#1227=FACE_BOUND('',#1228,.T.);
#1228=EDGE_LOOP('',(#1229,#1230,#1231));
#1229=ORIENTED_EDGE('',*,*,#1232,.T.);
#1230=ORIENTED_EDGE('',*,*,#1233,.T.);
#1231=ORIENTED_EDGE('',*,*,#1234,.T.);
#1232=EDGE_CURVE('',#74,#80,#1235,.F.);
#1233=EDGE_CURVE('',#80,#82,#1236,.T.);
#1234=EDGE_CURVE('',#82,#74,#1237,.T.);
#1235=LINE('',#73,#1238);
#1236=LINE('',#79,#1239);
#1237=LINE('',#81,#1240);
#1238=VECTOR('',#1241,1.0);
#1239=VECTOR('',#1242,1.0);
#1240=VECTOR('',#1243,1.0);
#1241=DIRECTION('',(0,0.25549874543108037,-0.9668093871509232));
#1242=DIRECTION('',(0,0.8949312570904883,0.446204039742401));
#1243=DIRECTION('',(0,-0.3272725130769027,0.9449299985630303));
#1244=STYLED_ITEM('',(#25),#1245);
#1245=FACE_SURFACE('',(#1250),#1246,.T.);
#1246=PLANE('',#1247);
#1247=AXIS2_PLACEMENT_3D('',#73,#1248,#1249);
#1248=DIRECTION('',(1,0,0));
#1249=DIRECTION('',(0,0.3272725130769027,-0.9449299985630303));
#1250=FACE_BOUND('',#1251,.T.);
#1251=EDGE_LOOP('',(#1252,#1253,#1254));
#1252=ORIENTED_EDGE('',*,*,#1255,.T.);
#1253=ORIENTED_EDGE('',*,*,#1256,.T.);
#1254=ORIENTED_EDGE('',*,*,#1257,.T.);
#1255=EDGE_CURVE('',#74,#82,#1258,.F.);
#1256=EDGE_CURVE('',#82,#84,#1259,.T.);
#1257=EDGE_CURVE('',#84,#74,#1260,.T.);
#1258=LINE('',#73,#1261);
#1259=LINE('',#81,#1262);
#1260=LINE('',#83,#1263);
#1261=VECTOR('',#1264,1.0);
#1262=VECTOR('',#1265,1.0);
#1263=VECTOR('',#1266,1.0);
#1264=DIRECTION('',(0,0.3272725130769027,-0.9449299985630303));
#1265=DIRECTION('',(0,0.9121549233512004,0.409845575560071));
#1266=DIRECTION('',(0,-0.39866313411560084,0.9170974351164255));
#1267=STYLED_ITEM('',(#25),#1268);
#1268=FACE_SURFACE('',(#1273),#1269,.T.);
#1269=PLANE('',#1270);
#1270=AXIS2_PLACEMENT_3D('',#83,#1271,#1272);
#1271=DIRECTION('',(1,0,-0));
#1272=DIRECTION('',(0,0.9279025231679213,0.37282289025568865));
#1273=FACE_BOUND('',#1274,.T.);
#1274=EDGE_LOOP('',(#1275,#1276,#1277));
#1275=ORIENTED_EDGE('',*,*,#1278,.T.);
#1276=ORIENTED_EDGE('',*,*,#1279,.T.);
#1277=ORIENTED_EDGE('',*,*,#1280,.T.);
#1278=EDGE_CURVE('',#84,#86,#1281,.F.);
#1279=EDGE_CURVE('',#86,#74,#1282,.T.);
#1280=EDGE_CURVE('',#74,#84,#1283,.T.);
#1281=LINE('',#83,#1284);
#1282=LINE('',#85,#1285);
#1283=LINE('',#73,#1286);
#1284=VECTOR('',#1287,1.0);
#1285=VECTOR('',#1288,1.0);
#1286=VECTOR('',#1289,1.0);
#1287=DIRECTION('',(0,0.9279025231679213,0.37282289025568865));
#1288=DIRECTION('',(0,-0.4676085085701266,0.883935677927315));
#1289=DIRECTION('',(0,0.39866313411560084,-0.9170974351164255));
#1290=STYLED_ITEM('',(#25),#1291);
#1291=FACE_SURFACE('',(#1296),#1292,.T.);
#1292=PLANE('',#1293);
#1293=AXIS2_PLACEMENT_3D('',#73,#1294,#1295);
#1294=DIRECTION('',(1,0,0));
#1295=DIRECTION('',(0,0.4676085085701266,-0.883935677927315));
#1296=FACE_BOUND('',#1297,.T.);
#1297=EDGE_LOOP('',(#1298,#1299,#1300));
#1298=ORIENTED_EDGE('',*,*,#1301,.T.);
#1299=ORIENTED_EDGE('',*,*,#1302,.T.);
#1300=ORIENTED_EDGE('',*,*,#1303,.T.);
#1301=EDGE_CURVE('',#74,#86,#1304,.F.);
#1302=EDGE_CURVE('',#86,#88,#1305,.T.);
#1303=EDGE_CURVE('',#88,#74,#1306,.T.);
#1304=LINE('',#73,#1307);
#1305=LINE('',#85,#1308);
#1306=LINE('',#87,#1309);
#1307=VECTOR('',#1310,1.0);
#1308=VECTOR('',#1311,1.0);
#1309=VECTOR('',#1312,1.0);
#1310=DIRECTION('',(0,0.4676085085701266,-0.883935677927315));
#1311=DIRECTION('',(0,0.9421284296193254,0.3352521768803656));
#1312=DIRECTION('',(0,-0.5322877774437459,0.8465634778231323));
#1313=STYLED_ITEM('',(#25),#1314);
#1314=FACE_SURFACE('',(#1319),#1315,.T.);
#1315=PLANE('',#1316);
#1316=AXIS2_PLACEMENT_3D('',#73,#1317,#1318);
#1317=DIRECTION('',(1,0,0));
#1318=DIRECTION('',(0,0.5322877774437459,-0.8465634778231323));
#1319=FACE_BOUND('',#1320,.T.);
#1320=EDGE_LOOP('',(#1321,#1322,#1323));
#1321=ORIENTED_EDGE('',*,*,#1324,.T.);
#1322=ORIENTED_EDGE('',*,*,#1325,.T.);
#1323=ORIENTED_EDGE('',*,*,#1326,.T.);
#1324=EDGE_CURVE('',#74,#88,#1327,.F.);
#1325=EDGE_CURVE('',#88,#90,#1328,.T.);
#1326=EDGE_CURVE('',#90,#74,#1329,.T.);
#1327=LINE('',#73,#1330);
#1328=LINE('',#87,#1331);
#1329=LINE('',#89,#1332);
#1330=VECTOR('',#1333,1.0);
#1331=VECTOR('',#1334,1.0);
#1332=VECTOR('',#1335,1.0);
#1333=DIRECTION('',(0,0.5322877774437459,-0.8465634778231323));
#1334=DIRECTION('',(0,0.9548505577876801,0.2970865400730166));
#1335=DIRECTION('',(0,-0.5913246886888552,0.8064335760290666));
#1336=STYLED_ITEM('',(#25),#1337);
#1337=FACE_SURFACE('',(#1342),#1338,.T.);
#1338=PLANE('',#1339);
#1339=AXIS2_PLACEMENT_3D('',#89,#1340,#1341);
#1340=DIRECTION('',(1,0,-0));
#1341=DIRECTION('',(0,0.9660217569807189,0.2584607611222347));
#1342=FACE_BOUND('',#1343,.T.);
#1343=EDGE_LOOP('',(#1344,#1345,#1346));
#1344=ORIENTED_EDGE('',*,*,#1347,.T.);
#1345=ORIENTED_EDGE('',*,*,#1348,.T.);
#1346=ORIENTED_EDGE('',*,*,#1349,.T.);
#1347=EDGE_CURVE('',#90,#92,#1350,.F.);
#1348=EDGE_CURVE('',#92,#74,#1351,.T.);
#1349=EDGE_CURVE('',#74,#90,#1352,.T.);
#1350=LINE('',#89,#1353);
#1351=LINE('',#91,#1354);
#1352=LINE('',#73,#1355);
#1353=VECTOR('',#1356,1.0);
#1354=VECTOR('',#1357,1.0);
#1355=VECTOR('',#1358,1.0);
#1356=DIRECTION('',(0,0.9660217569807189,0.2584607611222347));
#1357=DIRECTION('',(0,-0.6439049559750003,0.7651054879366851));
#1358=DIRECTION('',(0,0.5913246886888552,-0.8064335760290666));
#1359=STYLED_ITEM('',(#25),#1360);
#1360=FACE_SURFACE('',(#1365),#1361,.T.);
#1361=PLANE('',#1362);
#1362=AXIS2_PLACEMENT_3D('',#73,#1363,#1364);
#1363=DIRECTION('',(1,0,0));
#1364=DIRECTION('',(0,0.6439049559750003,-0.7651054879366851));
#1365=FACE_BOUND('',#1366,.T.);
#1366=EDGE_LOOP('',(#1367,#1368,#1369));
#1367=ORIENTED_EDGE('',*,*,#1370,.T.);
#1368=ORIENTED_EDGE('',*,*,#1371,.T.);
#1369=ORIENTED_EDGE('',*,*,#1372,.T.);
#1370=EDGE_CURVE('',#74,#92,#1373,.F.);
#1371=EDGE_CURVE('',#92,#94,#1374,.T.);
#1372=EDGE_CURVE('',#94,#74,#1375,.T.);
#1373=LINE('',#73,#1376);
#1374=LINE('',#91,#1377);
#1375=LINE('',#93,#1378);
#1376=VECTOR('',#1379,1.0);
#1377=VECTOR('',#1380,1.0);
#1378=VECTOR('',#1381,1.0);
#1379=DIRECTION('',(0,0.6439049559750003,-0.7651054879366851));
#1380=DIRECTION('',(0,0.9756222476231515,0.21945666985250195));
#1381=DIRECTION('',(0,-0.6897584484921,0.724039558818281));
#1382=STYLED_ITEM('',(#25),#1383);
#1383=FACE_SURFACE('',(#1388),#1384,.T.);
#1384=PLANE('',#1385);
#1385=AXIS2_PLACEMENT_3D('',#73,#1386,#1387);
#1386=DIRECTION('',(1,0,0));
#1387=DIRECTION('',(0,0.6897584484921,-0.724039558818281));
#1388=FACE_BOUND('',#1389,.T.);
#1389=EDGE_LOOP('',(#1390,#1391,#1392));
#1390=ORIENTED_EDGE('',*,*,#1393,.T.);
#1391=ORIENTED_EDGE('',*,*,#1394,.T.);
#1392=ORIENTED_EDGE('',*,*,#1395,.T.);
#1393=EDGE_CURVE('',#74,#94,#1396,.F.);
#1394=EDGE_CURVE('',#94,#96,#1397,.T.);
#1395=EDGE_CURVE('',#96,#74,#1398,.T.);
#1396=LINE('',#73,#1399);
#1397=LINE('',#93,#1400);
#1398=LINE('',#95,#1401);
#1399=VECTOR('',#1402,1.0);
#1400=VECTOR('',#1403,1.0);
#1401=VECTOR('',#1404,1.0);
#1402=DIRECTION('',(0,0.6897584484921,-0.724039558818281));
#1403=DIRECTION('',(0,0.9836677411339654,0.1799938194838977));
#1404=DIRECTION('',(0,-0.7290550018943406,0.6844551148270009));
#1405=STYLED_ITEM('',(#25),#1406);
#1406=FACE_SURFACE('',(#1411),#1407,.T.);
#1407=PLANE('',#1408);
#1408=AXIS2_PLACEMENT_3D('',#95,#1409,#1410);
#1409=DIRECTION('',(1,0,-0));
#1410=DIRECTION('',(0,0.9901180099269037,0.14023668000344267));
#1411=FACE_BOUND('',#1412,.T.);
#1412=EDGE_LOOP('',(#1413,#1414,#1415));
#1413=ORIENTED_EDGE('',*,*,#1416,.T.);
#1414=ORIENTED_EDGE('',*,*,#1417,.T.);
#1415=ORIENTED_EDGE('',*,*,#1418,.T.);
#1416=EDGE_CURVE('',#96,#98,#1419,.F.);
#1417=EDGE_CURVE('',#98,#74,#1420,.T.);
#1418=EDGE_CURVE('',#74,#96,#1421,.T.);
#1419=LINE('',#95,#1422);
#1420=LINE('',#97,#1423);
#1421=LINE('',#73,#1424);
#1422=VECTOR('',#1425,1.0);
#1423=VECTOR('',#1426,1.0);
#1424=VECTOR('',#1427,1.0);
#1425=DIRECTION('',(0,0.9901180099269037,0.14023668000344267));
#1426=DIRECTION('',(0,-0.7622669888841725,0.6472627269181014));
#1427=DIRECTION('',(0,0.7290550018943406,-0.6844551148270009));
#1428=STYLED_ITEM('',(#25),#1429);
#1429=FACE_SURFACE('',(#1434),#1430,.T.);
#1430=PLANE('',#1431);
#1431=AXIS2_PLACEMENT_3D('',#73,#1432,#1433);
#1432=DIRECTION('',(1,0,0));
#1433=DIRECTION('',(0,0.7622669888841725,-0.6472627269181014));
#1434=FACE_BOUND('',#1435,.T.);
#1435=EDGE_LOOP('',(#1436,#1437,#1438));
#1436=ORIENTED_EDGE('',*,*,#1439,.T.);
#1437=ORIENTED_EDGE('',*,*,#1440,.T.);
#1438=ORIENTED_EDGE('',*,*,#1441,.T.);
#1439=EDGE_CURVE('',#74,#98,#1442,.F.);
#1440=EDGE_CURVE('',#98,#100,#1443,.T.);
#1441=EDGE_CURVE('',#100,#74,#1444,.T.);
#1442=LINE('',#73,#1445);
#1443=LINE('',#97,#1446);
#1444=LINE('',#99,#1447);
#1445=VECTOR('',#1448,1.0);
#1446=VECTOR('',#1449,1.0);
#1447=VECTOR('',#1450,1.0);
#1448=DIRECTION('',(0,0.7622669888841725,-0.6472627269181014));
#1449=DIRECTION('',(0,0.994947760157578,0.10039399662040771));
#1450=DIRECTION('',(0,-0.7900416249419147,0.6130532039384013));
#1451=STYLED_ITEM('',(#25),#1452);
#1452=FACE_SURFACE('',(#1457),#1453,.T.);
#1453=PLANE('',#1454);
#1454=AXIS2_PLACEMENT_3D('',#73,#1455,#1456);
#1455=DIRECTION('',(1,0,0));
#1456=DIRECTION('',(0,0.7900416249419147,-0.6130532039384013));
#1457=FACE_BOUND('',#1458,.T.);
#1458=EDGE_LOOP('',(#1459,#1460,#1461));
#1459=ORIENTED_EDGE('',*,*,#1462,.T.);
#1460=ORIENTED_EDGE('',*,*,#1463,.T.);
#1461=ORIENTED_EDGE('',*,*,#1464,.T.);
#1462=EDGE_CURVE('',#74,#100,#1465,.F.);
#1463=EDGE_CURVE('',#100,#102,#1466,.T.);
#1464=EDGE_CURVE('',#102,#74,#1467,.T.);
#1465=LINE('',#73,#1468);
#1466=LINE('',#99,#1469);
#1467=LINE('',#101,#1470);
#1468=VECTOR('',#1471,1.0);
#1469=VECTOR('',#1472,1.0);
#1470=VECTOR('',#1473,1.0);
#1471=DIRECTION('',(0,0.7900416249419147,-0.6130532039384013));
#1472=DIRECTION('',(0,0.9981786190046948,0.060327809191784425));
#1473=DIRECTION('',(0,-0.8130751045786334,0.582158805064773));
#1474=STYLED_ITEM('',(#25),#1475);
#1475=FACE_SURFACE('',(#1480),#1476,.T.);
#1476=PLANE('',#1477);
#1477=AXIS2_PLACEMENT_3D('',#101,#1478,#1479);
#1478=DIRECTION('',(1,0,-0));
#1479=DIRECTION('',(0,0.9997977931796647,0.020109021683625754));
#1480=FACE_BOUND('',#1481,.T.);
#1481=EDGE_LOOP('',(#1482,#1483,#1484));
#1482=ORIENTED_EDGE('',*,*,#1485,.T.);
#1483=ORIENTED_EDGE('',*,*,#1486,.T.);
#1484=ORIENTED_EDGE('',*,*,#1487,.T.);
#1485=EDGE_CURVE('',#102,#104,#1488,.F.);
#1486=EDGE_CURVE('',#104,#74,#1489,.T.);
#1487=EDGE_CURVE('',#74,#102,#1490,.T.);
#1488=LINE('',#101,#1491);
#1489=LINE('',#103,#1492);
#1490=LINE('',#73,#1493);
#1491=VECTOR('',#1494,1.0);
#1492=VECTOR('',#1495,1.0);
#1493=VECTOR('',#1496,1.0);
#1494=DIRECTION('',(0,0.9997977931796647,0.020109021683625754));
#1495=DIRECTION('',(0,-0.8320502943378437,0.5547001962252291));
#1496=DIRECTION('',(0,0.8130751045786334,-0.582158805064773));
#1497=STYLED_ITEM('',(#25),#1498);
#1498=FACE_SURFACE('',(#1503),#1499,.T.);
#1499=PLANE('',#1500);
#1500=AXIS2_PLACEMENT_3D('',#73,#1501,#1502);
#1501=DIRECTION('',(1,-0,0));
#1502=DIRECTION('',(0,0.8320502943378437,-0.5547001962252291));
#1503=FACE_BOUND('',#1504,.T.);
#1504=EDGE_LOOP('',(#1505,#1506,#1507));
#1505=ORIENTED_EDGE('',*,*,#1508,.T.);
#1506=ORIENTED_EDGE('',*,*,#1509,.T.);
#1507=ORIENTED_EDGE('',*,*,#1510,.T.);
#1508=EDGE_CURVE('',#74,#104,#1511,.F.);
#1509=EDGE_CURVE('',#104,#106,#1512,.T.);
#1510=EDGE_CURVE('',#106,#74,#1513,.T.);
#1511=LINE('',#73,#1514);
#1512=LINE('',#103,#1515);
#1513=LINE('',#105,#1516);
#1514=VECTOR('',#1517,1.0);
#1515=VECTOR('',#1518,1.0);
#1516=VECTOR('',#1519,1.0);
#1517=DIRECTION('',(0,0.8320502943378437,-0.5547001962252291));
#1518=DIRECTION('',(0,0.8320502943378437,0.5547001962252291));
#1519=DIRECTION('',(0,-1,0));
#1520=STYLED_ITEM('',(#25),#1521);
#1521=FACE_SURFACE('',(#1526),#1522,.T.);
#1522=PLANE('',#1523);
#1523=AXIS2_PLACEMENT_3D('',#105,#1524,#1525);
#1524=DIRECTION('',(1,0,0));
#1525=DIRECTION('',(0,-0.8320502943378437,-0.5547001962252291));
#1526=FACE_BOUND('',#1527,.T.);
#1527=EDGE_LOOP('',(#1528,#1529,#1530));
#1528=ORIENTED_EDGE('',*,*,#1531,.T.);
#1529=ORIENTED_EDGE('',*,*,#1532,.T.);
#1530=ORIENTED_EDGE('',*,*,#1533,.T.);
#1531=EDGE_CURVE('',#106,#104,#1534,.F.);
#1532=EDGE_CURVE('',#104,#108,#1535,.T.);
#1533=EDGE_CURVE('',#108,#106,#1536,.T.);
#1534=LINE('',#105,#1537);
#1535=LINE('',#103,#1538);
#1536=LINE('',#107,#1539);
#1537=VECTOR('',#1540,1.0);
#1538=VECTOR('',#1541,1.0);
#1539=VECTOR('',#1542,1.0);
#1540=DIRECTION('',(0,-0.8320502943378437,-0.5547001962252291));
#1541=DIRECTION('',(0,1,0));
#1542=DIRECTION('',(0,0,1));
#1543=STYLED_ITEM('',(#25),#1544);
#1544=FACE_SURFACE('',(#1549),#1545,.T.);
#1545=PLANE('',#1546);
#1546=AXIS2_PLACEMENT_3D('',#107,#1547,#1548);
#1547=DIRECTION('',(0,1,-0));
#1548=DIRECTION('',(-1,0,0));
#1549=FACE_BOUND('',#1550,.T.);
#1550=EDGE_LOOP('',(#1551,#1552,#1553));
#1551=ORIENTED_EDGE('',*,*,#1554,.T.);
#1552=ORIENTED_EDGE('',*,*,#1555,.T.);
#1553=ORIENTED_EDGE('',*,*,#1556,.T.);
#1554=EDGE_CURVE('',#108,#110,#1557,.F.);
#1555=EDGE_CURVE('',#110,#106,#1558,.T.);
#1556=EDGE_CURVE('',#106,#108,#1559,.T.);
#1557=LINE('',#107,#1560);
#1558=LINE('',#109,#1561);
#1559=LINE('',#105,#1562);
#1560=VECTOR('',#1563,1.0);
#1561=VECTOR('',#1564,1.0);
#1562=VECTOR('',#1565,1.0);
#1563=DIRECTION('',(-1,0,0));
#1564=DIRECTION('',(0.9662349396012463,0,0.25766265056033233));
#1565=DIRECTION('',(0,0,-1));
#1566=STYLED_ITEM('',(#25),#1567);
#1567=FACE_SURFACE('',(#1572),#1568,.T.);
#1568=PLANE('',#1569);
#1569=AXIS2_PLACEMENT_3D('',#105,#1570,#1571);
#1570=DIRECTION('',(0,1,0));
#1571=DIRECTION('',(-0.9662349396012463,0,-0.25766265056033233));
#1572=FACE_BOUND('',#1573,.T.);
#1573=EDGE_LOOP('',(#1574,#1575,#1576));
#1574=ORIENTED_EDGE('',*,*,#1577,.T.);
#1575=ORIENTED_EDGE('',*,*,#1578,.T.);
#1576=ORIENTED_EDGE('',*,*,#1579,.T.);
#1577=EDGE_CURVE('',#106,#110,#1580,.F.);
#1578=EDGE_CURVE('',#110,#112,#1581,.T.);
#1579=EDGE_CURVE('',#112,#106,#1582,.T.);
#1580=LINE('',#105,#1583);
#1581=LINE('',#109,#1584);
#1582=LINE('',#111,#1585);
#1583=VECTOR('',#1586,1.0);
#1584=VECTOR('',#1587,1.0);
#1585=VECTOR('',#1588,1.0);
#1586=DIRECTION('',(-0.9662349396012463,0,-0.25766265056033233));
#1587=DIRECTION('',(0,0,1));
#1588=DIRECTION('',(1,0,0));
#1589=STYLED_ITEM('',(#25),#1590);
#1590=FACE_SURFACE('',(#1595),#1591,.T.);
#1591=PLANE('',#1592);
#1592=AXIS2_PLACEMENT_3D('',#113,#1593,#1594);
#1593=DIRECTION('',(0,-1,0));
#1594=DIRECTION('',(1,0,0));
#1595=FACE_BOUND('',#1596,.T.);
#1596=EDGE_LOOP('',(#1597,#1598,#1599));
#1597=ORIENTED_EDGE('',*,*,#1600,.T.);
#1598=ORIENTED_EDGE('',*,*,#1601,.T.);
#1599=ORIENTED_EDGE('',*,*,#1602,.T.);
#1600=EDGE_CURVE('',#114,#70,#1603,.F.);
#1601=EDGE_CURVE('',#70,#116,#1604,.T.);
#1602=EDGE_CURVE('',#116,#114,#1605,.T.);
#1603=LINE('',#113,#1606);
#1604=LINE('',#69,#1607);
#1605=LINE('',#115,#1608);
#1606=VECTOR('',#1609,1.0);
#1607=VECTOR('',#1610,1.0);
#1608=VECTOR('',#1611,1.0);
#1609=DIRECTION('',(1,0,0));
#1610=DIRECTION('',(-0.9284766908852594,0,0.3713906763541038));
#1611=DIRECTION('',(0,0,-1));
#1612=STYLED_ITEM('',(#25),#1613);
#1613=FACE_SURFACE('',(#1618),#1614,.T.);
#1614=PLANE('',#1615);
#1615=AXIS2_PLACEMENT_3D('',#115,#1616,#1617);
#1616=DIRECTION('',(0,-1,0));
#1617=DIRECTION('',(0.9284766908852594,0,-0.3713906763541038));
#1618=FACE_BOUND('',#1619,.T.);
#1619=EDGE_LOOP('',(#1620,#1621,#1622));
#1620=ORIENTED_EDGE('',*,*,#1623,.T.);
#1621=ORIENTED_EDGE('',*,*,#1624,.T.);
#1622=ORIENTED_EDGE('',*,*,#1625,.T.);
#1623=EDGE_CURVE('',#116,#70,#1626,.F.);
#1624=EDGE_CURVE('',#70,#74,#1627,.T.);
#1625=EDGE_CURVE('',#74,#116,#1628,.T.);
#1626=LINE('',#115,#1629);
#1627=LINE('',#69,#1630);
#1628=LINE('',#73,#1631);
#1629=VECTOR('',#1632,1.0);
#1630=VECTOR('',#1633,1.0);
#1631=VECTOR('',#1634,1.0);
#1632=DIRECTION('',(0.9284766908852594,0,-0.3713906763541038));
#1633=DIRECTION('',(0,0,1));
#1634=DIRECTION('',(-1,0,0));
#1635=STYLED_ITEM('',(#25),#1636);
#1636=FACE_SURFACE('',(#1641),#1637,.T.);
#1637=PLANE('',#1638);
#1638=AXIS2_PLACEMENT_3D('',#117,#1639,#1640);
#1639=DIRECTION('',(-1,0,0));
#1640=DIRECTION('',(0,-0.8130751045786334,0.582158805064773));
#1641=FACE_BOUND('',#1642,.T.);
#1642=EDGE_LOOP('',(#1643,#1644,#1645));
#1643=ORIENTED_EDGE('',*,*,#1646,.T.);
#1644=ORIENTED_EDGE('',*,*,#1647,.T.);
#1645=ORIENTED_EDGE('',*,*,#1648,.T.);
#1646=EDGE_CURVE('',#118,#116,#1649,.F.);
#1647=EDGE_CURVE('',#116,#120,#1650,.T.);
#1648=EDGE_CURVE('',#120,#118,#1651,.T.);
#1649=LINE('',#117,#1652);
#1650=LINE('',#115,#1653);
#1651=LINE('',#119,#1654);
#1652=VECTOR('',#1655,1.0);
#1653=VECTOR('',#1656,1.0);
#1654=VECTOR('',#1657,1.0);
#1655=DIRECTION('',(0,-0.8130751045786334,0.582158805064773));
#1656=DIRECTION('',(0,0.8320502943378437,-0.5547001962252291));
#1657=DIRECTION('',(0,-0.9997977931796647,-0.020109021683625754));
#1658=STYLED_ITEM('',(#25),#1659);
#1659=FACE_SURFACE('',(#1664),#1660,.T.);
#1660=PLANE('',#1661);
#1661=AXIS2_PLACEMENT_3D('',#119,#1662,#1663);
#1662=DIRECTION('',(-1,0,0));
#1663=DIRECTION('',(0,-0.8320502943378437,0.5547001962252291));
#1664=FACE_BOUND('',#1665,.T.);
#1665=EDGE_LOOP('',(#1666,#1667,#1668));
#1666=ORIENTED_EDGE('',*,*,#1669,.T.);
#1667=ORIENTED_EDGE('',*,*,#1670,.T.);
#1668=ORIENTED_EDGE('',*,*,#1671,.T.);
#1669=EDGE_CURVE('',#120,#116,#1672,.F.);
#1670=EDGE_CURVE('',#116,#112,#1673,.T.);
#1671=EDGE_CURVE('',#112,#120,#1674,.T.);
#1672=LINE('',#119,#1675);
#1673=LINE('',#115,#1676);
#1674=LINE('',#111,#1677);
#1675=VECTOR('',#1678,1.0);
#1676=VECTOR('',#1679,1.0);
#1677=VECTOR('',#1680,1.0);
#1678=DIRECTION('',(0,-0.8320502943378437,0.5547001962252291));
#1679=DIRECTION('',(0,1,0));
#1680=DIRECTION('',(0,-0.8320502943378437,-0.5547001962252291));
#1681=STYLED_ITEM('',(#25),#1682);
#1682=FACE_SURFACE('',(#1687),#1683,.T.);
#1683=PLANE('',#1684);
#1684=AXIS2_PLACEMENT_3D('',#119,#1685,#1686);
#1685=DIRECTION('',(-1,0,0));
#1686=DIRECTION('',(0,0.8320502943378437,0.5547001962252291));
#1687=FACE_BOUND('',#1688,.T.);
#1688=EDGE_LOOP('',(#1689,#1690,#1691));
#1689=ORIENTED_EDGE('',*,*,#1692,.T.);
#1690=ORIENTED_EDGE('',*,*,#1693,.T.);
#1691=ORIENTED_EDGE('',*,*,#1694,.T.);
#1692=EDGE_CURVE('',#120,#112,#1695,.F.);
#1693=EDGE_CURVE('',#112,#110,#1696,.T.);
#1694=EDGE_CURVE('',#110,#120,#1697,.T.);
#1695=LINE('',#119,#1698);
#1696=LINE('',#111,#1699);
#1697=LINE('',#109,#1700);
#1698=VECTOR('',#1701,1.0);
#1699=VECTOR('',#1702,1.0);
#1700=VECTOR('',#1703,1.0);
#1701=DIRECTION('',(0,0.8320502943378437,0.5547001962252291));
#1702=DIRECTION('',(0,0,-1));
#1703=DIRECTION('',(0,-1,0));
#1704=STYLED_ITEM('',(#25),#1705);
#1705=FACE_SURFACE('',(#1710),#1706,.T.);
#1706=PLANE('',#1707);
#1707=AXIS2_PLACEMENT_3D('',#117,#1708,#1709);
#1708=DIRECTION('',(-1,-0,0));
#1709=DIRECTION('',(0,-0.9981786190046948,-0.060327809191784425));
#1710=FACE_BOUND('',#1711,.T.);
#1711=EDGE_LOOP('',(#1712,#1713,#1714));
#1712=ORIENTED_EDGE('',*,*,#1715,.T.);
#1713=ORIENTED_EDGE('',*,*,#1716,.T.);
#1714=ORIENTED_EDGE('',*,*,#1717,.T.);
#1715=EDGE_CURVE('',#118,#122,#1718,.F.);
#1716=EDGE_CURVE('',#122,#116,#1719,.T.);
#1717=EDGE_CURVE('',#116,#118,#1720,.T.);
#1718=LINE('',#117,#1721);
#1719=LINE('',#121,#1722);
#1720=LINE('',#115,#1723);
#1721=VECTOR('',#1724,1.0);
#1722=VECTOR('',#1725,1.0);
#1723=VECTOR('',#1726,1.0);
#1724=DIRECTION('',(0,-0.9981786190046948,-0.060327809191784425));
#1725=DIRECTION('',(0,-0.7900416249419147,0.6130532039384013));
#1726=DIRECTION('',(0,0.8130751045786334,-0.582158805064773));
#1727=STYLED_ITEM('',(#25),#1728);
#1728=FACE_SURFACE('',(#1733),#1729,.T.);
#1729=PLANE('',#1730);
#1730=AXIS2_PLACEMENT_3D('',#115,#1731,#1732);
#1731=DIRECTION('',(-1,0,0));
#1732=DIRECTION('',(0,0.7900416249419147,-0.6130532039384013));
#1733=FACE_BOUND('',#1734,.T.);
#1734=EDGE_LOOP('',(#1735,#1736,#1737));
#1735=ORIENTED_EDGE('',*,*,#1738,.T.);
#1736=ORIENTED_EDGE('',*,*,#1739,.T.);
#1737=ORIENTED_EDGE('',*,*,#1740,.T.);
#1738=EDGE_CURVE('',#116,#122,#1741,.F.);
#1739=EDGE_CURVE('',#122,#124,#1742,.T.);
#1740=EDGE_CURVE('',#124,#116,#1743,.T.);
#1741=LINE('',#115,#1744);
#1742=LINE('',#121,#1745);
#1743=LINE('',#123,#1746);
#1744=VECTOR('',#1747,1.0);
#1745=VECTOR('',#1748,1.0);
#1746=VECTOR('',#1749,1.0);
#1747=DIRECTION('',(0,0.7900416249419147,-0.6130532039384013));
#1748=DIRECTION('',(0,-0.994947760157578,-0.10039399662040771));
#1749=DIRECTION('',(0,-0.7622669888841725,0.6472627269181014));
#1750=STYLED_ITEM('',(#25),#1751);
#1751=FACE_SURFACE('',(#1756),#1752,.T.);
#1752=PLANE('',#1753);
#1753=AXIS2_PLACEMENT_3D('',#115,#1754,#1755);
#1754=DIRECTION('',(-1,0,0));
#1755=DIRECTION('',(0,0.7622669888841725,-0.6472627269181014));
#1756=FACE_BOUND('',#1757,.T.);
#1757=EDGE_LOOP('',(#1758,#1759,#1760));
#1758=ORIENTED_EDGE('',*,*,#1761,.T.);
#1759=ORIENTED_EDGE('',*,*,#1762,.T.);
#1760=ORIENTED_EDGE('',*,*,#1763,.T.);
#1761=EDGE_CURVE('',#116,#124,#1764,.F.);
#1762=EDGE_CURVE('',#124,#126,#1765,.T.);
#1763=EDGE_CURVE('',#126,#116,#1766,.T.);
#1764=LINE('',#115,#1767);
#1765=LINE('',#123,#1768);
#1766=LINE('',#125,#1769);
#1767=VECTOR('',#1770,1.0);
#1768=VECTOR('',#1771,1.0);
#1769=VECTOR('',#1772,1.0);
#1770=DIRECTION('',(0,0.7622669888841725,-0.6472627269181014));
#1771=DIRECTION('',(0,-0.9901180099269037,-0.14023668000344267));
#1772=DIRECTION('',(0,-0.7290550018943406,0.6844551148270009));
#1773=STYLED_ITEM('',(#25),#1774);
#1774=FACE_SURFACE('',(#1779),#1775,.T.);
#1775=PLANE('',#1776);
#1776=AXIS2_PLACEMENT_3D('',#125,#1777,#1778);
#1777=DIRECTION('',(-1,-0,0));
#1778=DIRECTION('',(0,-0.9836677411339654,-0.1799938194838977));
#1779=FACE_BOUND('',#1780,.T.);
#1780=EDGE_LOOP('',(#1781,#1782,#1783));
#1781=ORIENTED_EDGE('',*,*,#1784,.T.);
#1782=ORIENTED_EDGE('',*,*,#1785,.T.);
#1783=ORIENTED_EDGE('',*,*,#1786,.T.);
#1784=EDGE_CURVE('',#126,#128,#1787,.F.);
#1785=EDGE_CURVE('',#128,#116,#1788,.T.);
#1786=EDGE_CURVE('',#116,#126,#1789,.T.);
#1787=LINE('',#125,#1790);
#1788=LINE('',#127,#1791);
#1789=LINE('',#115,#1792);
#1790=VECTOR('',#1793,1.0);
#1791=VECTOR('',#1794,1.0);
#1792=VECTOR('',#1795,1.0);
#1793=DIRECTION('',(0,-0.9836677411339654,-0.1799938194838977));
#1794=DIRECTION('',(0,-0.6897584484921,0.724039558818281));
#1795=DIRECTION('',(0,0.7290550018943406,-0.6844551148270009));
#1796=STYLED_ITEM('',(#25),#1797);
#1797=FACE_SURFACE('',(#1802),#1798,.T.);
#1798=PLANE('',#1799);
#1799=AXIS2_PLACEMENT_3D('',#115,#1800,#1801);
#1800=DIRECTION('',(-1,0,0));
#1801=DIRECTION('',(0,0.6897584484921,-0.724039558818281));
#1802=FACE_BOUND('',#1803,.T.);
#1803=EDGE_LOOP('',(#1804,#1805,#1806));
#1804=ORIENTED_EDGE('',*,*,#1807,.T.);
#1805=ORIENTED_EDGE('',*,*,#1808,.T.);
#1806=ORIENTED_EDGE('',*,*,#1809,.T.);
#1807=EDGE_CURVE('',#116,#128,#1810,.F.);
#1808=EDGE_CURVE('',#128,#130,#1811,.T.);
#1809=EDGE_CURVE('',#130,#116,#1812,.T.);
#1810=LINE('',#115,#1813);
#1811=LINE('',#127,#1814);
#1812=LINE('',#129,#1815);
#1813=VECTOR('',#1816,1.0);
#1814=VECTOR('',#1817,1.0);
#1815=VECTOR('',#1818,1.0);
#1816=DIRECTION('',(0,0.6897584484921,-0.724039558818281));
#1817=DIRECTION('',(0,-0.9756222476231515,-0.21945666985250195));
#1818=DIRECTION('',(0,-0.6439049559750003,0.7651054879366851));
#1819=STYLED_ITEM('',(#25),#1820);
#1820=FACE_SURFACE('',(#1825),#1821,.T.);
#1821=PLANE('',#1822);
#1822=AXIS2_PLACEMENT_3D('',#115,#1823,#1824);
#1823=DIRECTION('',(-1,0,0));
#1824=DIRECTION('',(0,0.6439049559750003,-0.7651054879366851));
#1825=FACE_BOUND('',#1826,.T.);
#1826=EDGE_LOOP('',(#1827,#1828,#1829));
#1827=ORIENTED_EDGE('',*,*,#1830,.T.);
#1828=ORIENTED_EDGE('',*,*,#1831,.T.);
#1829=ORIENTED_EDGE('',*,*,#1832,.T.);
#1830=EDGE_CURVE('',#116,#130,#1833,.F.);
#1831=EDGE_CURVE('',#130,#132,#1834,.T.);
#1832=EDGE_CURVE('',#132,#116,#1835,.T.);
#1833=LINE('',#115,#1836);
#1834=LINE('',#129,#1837);
#1835=LINE('',#131,#1838);
#1836=VECTOR('',#1839,1.0);
#1837=VECTOR('',#1840,1.0);
#1838=VECTOR('',#1841,1.0);
#1839=DIRECTION('',(0,0.6439049559750003,-0.7651054879366851));
#1840=DIRECTION('',(0,-0.9660217569807189,-0.2584607611222347));
#1841=DIRECTION('',(0,-0.5913246886888552,0.8064335760290666));
#1842=STYLED_ITEM('',(#25),#1843);
#1843=FACE_SURFACE('',(#1848),#1844,.T.);
#1844=PLANE('',#1845);
#1845=AXIS2_PLACEMENT_3D('',#131,#1846,#1847);
#1846=DIRECTION('',(-1,-0,0));
#1847=DIRECTION('',(0,-0.9548505577876801,-0.2970865400730166));
#1848=FACE_BOUND('',#1849,.T.);
#1849=EDGE_LOOP('',(#1850,#1851,#1852));
#1850=ORIENTED_EDGE('',*,*,#1853,.T.);
#1851=ORIENTED_EDGE('',*,*,#1854,.T.);
#1852=ORIENTED_EDGE('',*,*,#1855,.T.);
#1853=EDGE_CURVE('',#132,#134,#1856,.F.);
#1854=EDGE_CURVE('',#134,#116,#1857,.T.);
#1855=EDGE_CURVE('',#116,#132,#1858,.T.);
#1856=LINE('',#131,#1859);
#1857=LINE('',#133,#1860);
#1858=LINE('',#115,#1861);
#1859=VECTOR('',#1862,1.0);
#1860=VECTOR('',#1863,1.0);
#1861=VECTOR('',#1864,1.0);
#1862=DIRECTION('',(0,-0.9548505577876801,-0.2970865400730166));
#1863=DIRECTION('',(0,-0.5322877774437459,0.8465634778231323));
#1864=DIRECTION('',(0,0.5913246886888552,-0.8064335760290666));
#1865=STYLED_ITEM('',(#25),#1866);
#1866=FACE_SURFACE('',(#1871),#1867,.T.);
#1867=PLANE('',#1868);
#1868=AXIS2_PLACEMENT_3D('',#115,#1869,#1870);
#1869=DIRECTION('',(-1,0,0));
#1870=DIRECTION('',(0,0.5322877774437459,-0.8465634778231323));
#1871=FACE_BOUND('',#1872,.T.);
#1872=EDGE_LOOP('',(#1873,#1874,#1875));
#1873=ORIENTED_EDGE('',*,*,#1876,.T.);
#1874=ORIENTED_EDGE('',*,*,#1877,.T.);
#1875=ORIENTED_EDGE('',*,*,#1878,.T.);
#1876=EDGE_CURVE('',#116,#134,#1879,.F.);
#1877=EDGE_CURVE('',#134,#136,#1880,.T.);
#1878=EDGE_CURVE('',#136,#116,#1881,.T.);
#1879=LINE('',#115,#1882);
#1880=LINE('',#133,#1883);
#1881=LINE('',#135,#1884);
#1882=VECTOR('',#1885,1.0);
#1883=VECTOR('',#1886,1.0);
#1884=VECTOR('',#1887,1.0);
#1885=DIRECTION('',(0,0.5322877774437459,-0.8465634778231323));
#1886=DIRECTION('',(0,-0.9421284296193254,-0.3352521768803656));
#1887=DIRECTION('',(0,-0.4676085085701266,0.883935677927315));
#1888=STYLED_ITEM('',(#25),#1889);
#1889=FACE_SURFACE('',(#1894),#1890,.T.);
#1890=PLANE('',#1891);
#1891=AXIS2_PLACEMENT_3D('',#115,#1892,#1893);
#1892=DIRECTION('',(-1,0,0));
#1893=DIRECTION('',(0,0.4676085085701266,-0.883935677927315));
#1894=FACE_BOUND('',#1895,.T.);
#1895=EDGE_LOOP('',(#1896,#1897,#1898));
#1896=ORIENTED_EDGE('',*,*,#1899,.T.);
#1897=ORIENTED_EDGE('',*,*,#1900,.T.);
#1898=ORIENTED_EDGE('',*,*,#1901,.T.);
#1899=EDGE_CURVE('',#116,#136,#1902,.F.);
#1900=EDGE_CURVE('',#136,#138,#1903,.T.);
#1901=EDGE_CURVE('',#138,#116,#1904,.T.);
#1902=LINE('',#115,#1905);
#1903=LINE('',#135,#1906);
#1904=LINE('',#137,#1907);
#1905=VECTOR('',#1908,1.0);
#1906=VECTOR('',#1909,1.0);
#1907=VECTOR('',#1910,1.0);
#1908=DIRECTION('',(0,0.4676085085701266,-0.883935677927315));
#1909=DIRECTION('',(0,-0.9279025231679213,-0.37282289025568865));
#1910=DIRECTION('',(0,-0.39866313411560084,0.9170974351164255));
#1911=STYLED_ITEM('',(#25),#1912);
#1912=FACE_SURFACE('',(#1917),#1913,.T.);
#1913=PLANE('',#1914);
#1914=AXIS2_PLACEMENT_3D('',#137,#1915,#1916);
#1915=DIRECTION('',(-1,-0,0));
#1916=DIRECTION('',(0,-0.9121549233512004,-0.409845575560071));
#1917=FACE_BOUND('',#1918,.T.);
#1918=EDGE_LOOP('',(#1919,#1920,#1921));
#1919=ORIENTED_EDGE('',*,*,#1922,.T.);
#1920=ORIENTED_EDGE('',*,*,#1923,.T.);
#1921=ORIENTED_EDGE('',*,*,#1924,.T.);
#1922=EDGE_CURVE('',#138,#140,#1925,.F.);
#1923=EDGE_CURVE('',#140,#116,#1926,.T.);
#1924=EDGE_CURVE('',#116,#138,#1927,.T.);
#1925=LINE('',#137,#1928);
#1926=LINE('',#139,#1929);
#1927=LINE('',#115,#1930);
#1928=VECTOR('',#1931,1.0);
#1929=VECTOR('',#1932,1.0);
#1930=VECTOR('',#1933,1.0);
#1931=DIRECTION('',(0,-0.9121549233512004,-0.409845575560071));
#1932=DIRECTION('',(0,-0.3272725130769027,0.9449299985630303));
#1933=DIRECTION('',(0,0.39866313411560084,-0.9170974351164255));
#1934=STYLED_ITEM('',(#25),#1935);
#1935=FACE_SURFACE('',(#1940),#1936,.T.);
#1936=PLANE('',#1937);
#1937=AXIS2_PLACEMENT_3D('',#115,#1938,#1939);
#1938=DIRECTION('',(-1,0,0));
#1939=DIRECTION('',(0,0.3272725130769027,-0.9449299985630303));
#1940=FACE_BOUND('',#1941,.T.);
#1941=EDGE_LOOP('',(#1942,#1943,#1944));
#1942=ORIENTED_EDGE('',*,*,#1945,.T.);
#1943=ORIENTED_EDGE('',*,*,#1946,.T.);
#1944=ORIENTED_EDGE('',*,*,#1947,.T.);
#1945=EDGE_CURVE('',#116,#140,#1948,.F.);
#1946=EDGE_CURVE('',#140,#142,#1949,.T.);
#1947=EDGE_CURVE('',#142,#116,#1950,.T.);
#1948=LINE('',#115,#1951);
#1949=LINE('',#139,#1952);
#1950=LINE('',#141,#1953);
#1951=VECTOR('',#1954,1.0);
#1952=VECTOR('',#1955,1.0);
#1953=VECTOR('',#1956,1.0);
#1954=DIRECTION('',(0,0.3272725130769027,-0.9449299985630303));
#1955=DIRECTION('',(0,-0.8949312570904883,-0.446204039742401));
#1956=DIRECTION('',(0,-0.25549874543108037,0.9668093871509232));
#1957=STYLED_ITEM('',(#25),#1958);
#1958=FACE_SURFACE('',(#1963),#1959,.T.);
#1959=PLANE('',#1960);
#1960=AXIS2_PLACEMENT_3D('',#115,#1961,#1962);
#1961=DIRECTION('',(-1,0,0));
#1962=DIRECTION('',(0,0.25549874543108037,-0.9668093871509232));
#1963=FACE_BOUND('',#1964,.T.);
#1964=EDGE_LOOP('',(#1965,#1966,#1967));
#1965=ORIENTED_EDGE('',*,*,#1968,.T.);
#1966=ORIENTED_EDGE('',*,*,#1969,.T.);
#1967=ORIENTED_EDGE('',*,*,#1970,.T.);
#1968=EDGE_CURVE('',#116,#142,#1971,.F.);
#1969=EDGE_CURVE('',#142,#144,#1972,.T.);
#1970=EDGE_CURVE('',#144,#116,#1973,.T.);
#1971=LINE('',#115,#1974);
#1972=LINE('',#141,#1975);
#1973=LINE('',#143,#1976);
#1974=VECTOR('',#1977,1.0);
#1975=VECTOR('',#1978,1.0);
#1976=VECTOR('',#1979,1.0);
#1977=DIRECTION('',(0,0.25549874543108037,-0.9668093871509232));
#1978=DIRECTION('',(0,-0.8762519540041025,-0.4818532070081014));
#1979=DIRECTION('',(0,-0.18536137212637913,0.9826704237553026));
#1980=STYLED_ITEM('',(#25),#1981);
#1981=FACE_SURFACE('',(#1986),#1982,.T.);
#1982=PLANE('',#1983);
#1983=AXIS2_PLACEMENT_3D('',#143,#1984,#1985);
#1984=DIRECTION('',(-1,-0,0));
#1985=DIRECTION('',(0,-0.8562063261592155,-0.5166340358947897));
#1986=FACE_BOUND('',#1987,.T.);
#1987=EDGE_LOOP('',(#1988,#1989,#1990));
#1988=ORIENTED_EDGE('',*,*,#1991,.T.);
#1989=ORIENTED_EDGE('',*,*,#1992,.T.);
#1990=ORIENTED_EDGE('',*,*,#1993,.T.);
#1991=EDGE_CURVE('',#144,#146,#1994,.F.);
#1992=EDGE_CURVE('',#146,#116,#1995,.T.);
#1993=EDGE_CURVE('',#116,#144,#1996,.T.);
#1994=LINE('',#143,#1997);
#1995=LINE('',#145,#1998);
#1996=LINE('',#115,#1999);
#1997=VECTOR('',#2000,1.0);
#1998=VECTOR('',#2001,1.0);
#1999=VECTOR('',#2002,1.0);
#2000=DIRECTION('',(0,-0.8562063261592155,-0.5166340358947897));
#2001=DIRECTION('',(0,-0.1186079259090383,0.9929411663898098));
#2002=DIRECTION('',(0,0.18536137212637913,-0.9826704237553026));
#2003=STYLED_ITEM('',(#25),#2004);
#2004=FACE_SURFACE('',(#2009),#2005,.T.);
#2005=PLANE('',#2006);
#2006=AXIS2_PLACEMENT_3D('',#115,#2007,#2008);
#2007=DIRECTION('',(-1,0,0));
#2008=DIRECTION('',(0,0.1186079259090383,-0.9929411663898098));
#2009=FACE_BOUND('',#2010,.T.);
#2010=EDGE_LOOP('',(#2011,#2012,#2013));
#2011=ORIENTED_EDGE('',*,*,#2014,.T.);
#2012=ORIENTED_EDGE('',*,*,#2015,.T.);
#2013=ORIENTED_EDGE('',*,*,#2016,.T.);
#2014=EDGE_CURVE('',#116,#146,#2017,.F.);
#2015=EDGE_CURVE('',#146,#148,#2018,.T.);
#2016=EDGE_CURVE('',#148,#116,#2019,.T.);
#2017=LINE('',#115,#2020);
#2018=LINE('',#145,#2021);
#2019=LINE('',#147,#2022);
#2020=VECTOR('',#2023,1.0);
#2021=VECTOR('',#2024,1.0);
#2022=VECTOR('',#2025,1.0);
#2023=DIRECTION('',(0,0.1186079259090383,-0.9929411663898098));
#2024=DIRECTION('',(0,-0.8347140505451583,-0.5506836240732922));
#2025=DIRECTION('',(0,-0.0565446468821141,0.9984000715689965));
#2026=STYLED_ITEM('',(#25),#2027);
#2027=FACE_SURFACE('',(#2032),#2028,.T.);
#2028=PLANE('',#2029);
#2029=AXIS2_PLACEMENT_3D('',#115,#2030,#2031);
#2030=DIRECTION('',(-1,0,0));
#2031=DIRECTION('',(0,0.0565446468821141,-0.9984000715689965));
#2032=FACE_BOUND('',#2033,.T.);
#2033=EDGE_LOOP('',(#2034,#2035,#2036));
#2034=ORIENTED_EDGE('',*,*,#2037,.T.);
#2035=ORIENTED_EDGE('',*,*,#2038,.T.);
#2036=ORIENTED_EDGE('',*,*,#2039,.T.);
#2037=EDGE_CURVE('',#116,#148,#2040,.F.);
#2038=EDGE_CURVE('',#148,#114,#2041,.T.);
#2039=EDGE_CURVE('',#114,#116,#2042,.T.);
#2040=LINE('',#115,#2043);
#2041=LINE('',#147,#2044);
#2042=LINE('',#113,#2045);
#2043=VECTOR('',#2046,1.0);
#2044=VECTOR('',#2047,1.0);
#2045=VECTOR('',#2048,1.0);
#2046=DIRECTION('',(0,0.0565446468821141,-0.9984000715689965));
#2047=DIRECTION('',(0,-0.811910558543306,-0.5837818470335446));
#2048=DIRECTION('',(0,0,1));
#2049=STYLED_ITEM('',(#25),#2050);
#2050=FACE_SURFACE('',(#2055),#2051,.T.);
#2051=PLANE('',#2052);
#2052=AXIS2_PLACEMENT_3D('',#105,#2053,#2054);
#2053=DIRECTION('',(0,0,1));
#2054=DIRECTION('',(-1,0,0));
#2055=FACE_BOUND('',#2056,.T.);
#2056=EDGE_LOOP('',(#2057,#2058,#2059));
#2057=ORIENTED_EDGE('',*,*,#2060,.T.);
#2058=ORIENTED_EDGE('',*,*,#2061,.T.);
#2059=ORIENTED_EDGE('',*,*,#2062,.T.);
#2060=EDGE_CURVE('',#106,#112,#2063,.F.);
#2061=EDGE_CURVE('',#112,#74,#2064,.T.);
#2062=EDGE_CURVE('',#74,#106,#2065,.T.);
#2063=LINE('',#105,#2066);
#2064=LINE('',#111,#2067);
#2065=LINE('',#73,#2068);
#2066=VECTOR('',#2069,1.0);
#2067=VECTOR('',#2070,1.0);
#2068=VECTOR('',#2071,1.0);
#2069=DIRECTION('',(-1,0,0));
#2070=DIRECTION('',(0.7808688094430304,-0.6246950475544243,0));
#2071=DIRECTION('',(0,1,0));
#2072=STYLED_ITEM('',(#25),#2073);
#2073=FACE_SURFACE('',(#2078),#2074,.T.);
#2074=PLANE('',#2075);
#2075=AXIS2_PLACEMENT_3D('',#73,#2076,#2077);
#2076=DIRECTION('',(0,0,1));
#2077=DIRECTION('',(-0.7808688094430304,0.6246950475544243,0));
#2078=FACE_BOUND('',#2079,.T.);
#2079=EDGE_LOOP('',(#2080,#2081,#2082));
#2080=ORIENTED_EDGE('',*,*,#2083,.T.);
#2081=ORIENTED_EDGE('',*,*,#2084,.T.);
#2082=ORIENTED_EDGE('',*,*,#2085,.T.);
#2083=EDGE_CURVE('',#74,#112,#2086,.F.);
#2084=EDGE_CURVE('',#112,#116,#2087,.T.);
#2085=EDGE_CURVE('',#116,#74,#2088,.T.);
#2086=LINE('',#73,#2089);
#2087=LINE('',#111,#2090);
#2088=LINE('',#115,#2091);
#2089=VECTOR('',#2092,1.0);
#2090=VECTOR('',#2093,1.0);
#2091=VECTOR('',#2094,1.0);
#2092=DIRECTION('',(-0.7808688094430304,0.6246950475544243,0));
#2093=DIRECTION('',(0,-1,0));
#2094=DIRECTION('',(1,0,0));
#2095=STYLED_ITEM('',(#25),#2096);
#2096=FACE_SURFACE('',(#2101),#2097,.T.);
#2097=PLANE('',#2098);
#2098=AXIS2_PLACEMENT_3D('',#103,#2099,#2100);
#2099=DIRECTION('',(0,-0.020109021683625754,0.9997977931796647));
#2100=DIRECTION('',(0,-0.9997977931796647,-0.020109021683625754));
#2101=FACE_BOUND('',#2102,.T.);
#2102=EDGE_LOOP('',(#2103,#2104,#2105));
#2103=ORIENTED_EDGE('',*,*,#2106,.T.);
#2104=ORIENTED_EDGE('',*,*,#2107,.T.);
#2105=ORIENTED_EDGE('',*,*,#2108,.T.);
#2106=EDGE_CURVE('',#104,#102,#2109,.F.);
#2107=EDGE_CURVE('',#102,#150,#2110,.T.);
#2108=EDGE_CURVE('',#150,#104,#2111,.T.);
#2109=LINE('',#103,#2112);
#2110=LINE('',#101,#2113);
#2111=LINE('',#149,#2114);
#2112=VECTOR('',#2115,1.0);
#2113=VECTOR('',#2116,1.0);
#2114=VECTOR('',#2117,1.0);
#2115=DIRECTION('',(0,-0.9997977931796647,-0.020109021683625754));
#2116=DIRECTION('',(0.9843987948049826,0.17591615561188487,0.0035382172393571016));
#2117=DIRECTION('',(-1,0,0));
#2118=STYLED_ITEM('',(#25),#2119);
#2119=FACE_SURFACE('',(#2124),#2120,.T.);
#2120=PLANE('',#2121);
#2121=AXIS2_PLACEMENT_3D('',#149,#2122,#2123);
#2122=DIRECTION('',(8.36637746220626E-06,-0.0201558196454668,0.9997968507974123));
#2123=DIRECTION('',(-0.9843987948049826,-0.17591615561188487,-0.0035382172393571016));
#2124=FACE_BOUND('',#2125,.T.);
#2125=EDGE_LOOP('',(#2126,#2127,#2128));
#2126=ORIENTED_EDGE('',*,*,#2129,.T.);
#2127=ORIENTED_EDGE('',*,*,#2130,.T.);
#2128=ORIENTED_EDGE('',*,*,#2131,.T.);
#2129=EDGE_CURVE('',#150,#102,#2132,.F.);
#2130=EDGE_CURVE('',#102,#152,#2133,.T.);
#2131=EDGE_CURVE('',#152,#150,#2134,.T.);
#2132=LINE('',#149,#2135);
#2133=LINE('',#101,#2136);
#2134=LINE('',#151,#2137);
#2135=VECTOR('',#2138,1.0);
#2136=VECTOR('',#2139,1.0);
#2137=VECTOR('',#2140,1.0);
#2138=DIRECTION('',(-0.9843987948049826,-0.17591615561188487,-0.0035382172393571016));
#2139=DIRECTION('',(0.9999999667023451,-0.0002577039844746169,-1.3563367603927206E-05));
#2140=DIRECTION('',(0,0.9997968508324033,0.020155819646172215));
#2141=STYLED_ITEM('',(#25),#2142);
#2142=FACE_SURFACE('',(#2147),#2143,.T.);
#2143=PLANE('',#2144);
#2144=AXIS2_PLACEMENT_3D('',#151,#2145,#2146);
#2145=DIRECTION('',(-2.008053326265609E-06,-0.06032780919166279,0.9981786190026822));
#2146=DIRECTION('',(-0.9999999667023451,0.0002577039844746169,1.3563367603927206E-05));
#2147=FACE_BOUND('',#2148,.T.);
#2148=EDGE_LOOP('',(#2149,#2150,#2151));
#2149=ORIENTED_EDGE('',*,*,#2152,.T.);
#2150=ORIENTED_EDGE('',*,*,#2153,.T.);
#2151=ORIENTED_EDGE('',*,*,#2154,.T.);
#2152=EDGE_CURVE('',#152,#102,#2155,.F.);
#2153=EDGE_CURVE('',#102,#100,#2156,.T.);
#2154=EDGE_CURVE('',#100,#152,#2157,.T.);
#2155=LINE('',#151,#2158);
#2156=LINE('',#101,#2159);
#2157=LINE('',#99,#2160);
#2158=VECTOR('',#2161,1.0);
#2159=VECTOR('',#2162,1.0);
#2160=VECTOR('',#2163,1.0);
#2161=DIRECTION('',(-0.9999999667023451,0.0002577039844746169,1.3563367603927206E-05));
#2162=DIRECTION('',(0,-0.9981786190046948,-0.060327809191784425));
#2163=DIRECTION('',(0.9844431405729357,0.17538330961677395,0.010601777528414048));
#2164=STYLED_ITEM('',(#25),#2165);
#2165=FACE_SURFACE('',(#2170),#2166,.T.);
#2166=PLANE('',#2167);
#2167=AXIS2_PLACEMENT_3D('',#151,#2168,#2169);
#2168=DIRECTION('',(9.489258159000079E-06,-0.06039210964591855,0.9981747306972208));
#2169=DIRECTION('',(-0.9844431405729357,-0.17538330961677395,-0.010601777528414048));
#2170=FACE_BOUND('',#2171,.T.);
#2171=EDGE_LOOP('',(#2172,#2173,#2174));
#2172=ORIENTED_EDGE('',*,*,#2175,.T.);
#2173=ORIENTED_EDGE('',*,*,#2176,.T.);
#2174=ORIENTED_EDGE('',*,*,#2177,.T.);
#2175=EDGE_CURVE('',#152,#100,#2178,.F.);
#2176=EDGE_CURVE('',#100,#154,#2179,.T.);
#2177=EDGE_CURVE('',#154,#152,#2180,.T.);
#2178=LINE('',#151,#2181);
#2179=LINE('',#99,#2182);
#2180=LINE('',#153,#2183);
#2181=VECTOR('',#2184,1.0);
#2182=VECTOR('',#2185,1.0);
#2183=VECTOR('',#2186,1.0);
#2184=DIRECTION('',(-0.9844431405729357,-0.17538330961677395,-0.010601777528414048));
#2185=DIRECTION('',(0.9999998663494885,-0.00051540791722657,-4.069009872841343E-05));
#2186=DIRECTION('',(0,0.9981747307421617,0.06039210964863758));
#2187=STYLED_ITEM('',(#25),#2188);
#2188=FACE_SURFACE('',(#2193),#2189,.T.);
#2189=PLANE('',#2190);
#2190=AXIS2_PLACEMENT_3D('',#153,#2191,#2192);
#2191=DIRECTION('',(-1.1259339613852813E-05,-0.1003939966140441,0.9949477600945119));
#2192=DIRECTION('',(-0.9999998663494885,0.00051540791722657,4.069009872841343E-05));
#2193=FACE_BOUND('',#2194,.T.);
#2194=EDGE_LOOP('',(#2195,#2196,#2197));
#2195=ORIENTED_EDGE('',*,*,#2198,.T.);
#2196=ORIENTED_EDGE('',*,*,#2199,.T.);
#2197=ORIENTED_EDGE('',*,*,#2200,.T.);
#2198=EDGE_CURVE('',#154,#100,#2201,.F.);
#2199=EDGE_CURVE('',#100,#98,#2202,.T.);
#2200=EDGE_CURVE('',#98,#154,#2203,.T.);
#2201=LINE('',#153,#2204);
#2202=LINE('',#99,#2205);
#2203=LINE('',#97,#2206);
#2204=VECTOR('',#2207,1.0);
#2205=VECTOR('',#2208,1.0);
#2206=VECTOR('',#2209,1.0);
#2207=DIRECTION('',(-0.9999998663494885,0.00051540791722657,4.069009872841343E-05));
#2208=DIRECTION('',(0,-0.994947760157578,-0.10039399662040771));
#2209=DIRECTION('',(0.9844870091287531,0.17456991799377106,0.017625906738958797));
#2210=STYLED_ITEM('',(#25),#2211);
#2211=FACE_SURFACE('',(#2216),#2212,.T.);
#2212=PLANE('',#2213);
#2213=AXIS2_PLACEMENT_3D('',#153,#2214,#2215);
#2214=DIRECTION('',(3.9682511913298815E-06,-0.10047900616533902,0.994939178696004));
#2215=DIRECTION('',(-0.9844870091287531,-0.17456991799377106,-0.017625906738958797));
#2216=FACE_BOUND('',#2217,.T.);
#2217=EDGE_LOOP('',(#2218,#2219,#2220));
#2218=ORIENTED_EDGE('',*,*,#2221,.T.);
#2219=ORIENTED_EDGE('',*,*,#2222,.T.);
#2220=ORIENTED_EDGE('',*,*,#2223,.T.);
#2221=EDGE_CURVE('',#154,#98,#2224,.F.);
#2222=EDGE_CURVE('',#98,#156,#2225,.T.);
#2223=EDGE_CURVE('',#156,#154,#2226,.T.);
#2224=LINE('',#153,#2227);
#2225=LINE('',#97,#2228);
#2226=LINE('',#155,#2229);
#2227=VECTOR('',#2230,1.0);
#2228=VECTOR('',#2231,1.0);
#2229=VECTOR('',#2232,1.0);
#2230=DIRECTION('',(-0.9844870091287531,-0.17456991799377106,-0.017625906738958797));
#2231=DIRECTION('',(0.9999997030577025,-0.0007663300675830103,-8.138018416810729E-05));
#2232=DIRECTION('',(0,0.9949391787038375,0.10047900616613012));
#2233=STYLED_ITEM('',(#25),#2234);
#2234=FACE_SURFACE('',(#2239),#2235,.T.);
#2235=PLANE('',#2236);
#2236=AXIS2_PLACEMENT_3D('',#155,#2237,#2238);
#2237=DIRECTION('',(-2.6891606444175853E-05,-0.14023667995273598,0.9901180095688975));
#2238=DIRECTION('',(-0.9999997030577025,0.0007663300675830103,8.138018416810729E-05));
#2239=FACE_BOUND('',#2240,.T.);
#2240=EDGE_LOOP('',(#2241,#2242,#2243));
#2241=ORIENTED_EDGE('',*,*,#2244,.T.);
#2242=ORIENTED_EDGE('',*,*,#2245,.T.);
#2243=ORIENTED_EDGE('',*,*,#2246,.T.);
#2244=EDGE_CURVE('',#156,#98,#2247,.F.);
#2245=EDGE_CURVE('',#98,#96,#2248,.T.);
#2246=EDGE_CURVE('',#96,#156,#2249,.T.);
#2247=LINE('',#155,#2250);
#2248=LINE('',#97,#2251);
#2249=LINE('',#95,#2252);
#2250=VECTOR('',#2253,1.0);
#2251=VECTOR('',#2254,1.0);
#2252=VECTOR('',#2255,1.0);
#2253=DIRECTION('',(-0.9999997030577025,0.0007663300675830103,8.138018416810729E-05));
#2254=DIRECTION('',(0,-0.9901180099269037,-0.14023668000344267));
#2255=DIRECTION('',(0.9845308746400587,0.17347602800088166,0.024597247600463706));
#2256=STYLED_ITEM('',(#25),#2257);
#2257=FACE_SURFACE('',(#2262),#2258,.T.);
#2258=PLANE('',#2259);
#2259=AXIS2_PLACEMENT_3D('',#155,#2260,#2261);
#2260=DIRECTION('',(3.111227431709603E-05,-0.14055938182767655,0.9900722494910398));
#2261=DIRECTION('',(-0.9845308746400587,-0.17347602800088166,-0.024597247600463706));
#2262=FACE_BOUND('',#2263,.T.);
#2263=EDGE_LOOP('',(#2264,#2265,#2266));
#2264=ORIENTED_EDGE('',*,*,#2267,.T.);
#2265=ORIENTED_EDGE('',*,*,#2268,.T.);
#2266=ORIENTED_EDGE('',*,*,#2269,.T.);
#2267=EDGE_CURVE('',#156,#96,#2270,.F.);
#2268=EDGE_CURVE('',#96,#158,#2271,.T.);
#2269=EDGE_CURVE('',#158,#156,#2272,.T.);
#2270=LINE('',#155,#2273);
#2271=LINE('',#95,#2274);
#2272=LINE('',#157,#2275);
#2273=VECTOR('',#2276,1.0);
#2274=VECTOR('',#2277,1.0);
#2275=VECTOR('',#2278,1.0);
#2276=DIRECTION('',(-0.9845308746400587,-0.17347602800088166,-0.024597247600463706));
#2277=DIRECTION('',(0.999999463598871,-0.0010206428987062587,-0.00017632369014194504));
#2278=DIRECTION('',(0,0.9900722499702218,0.14055938189570547));
#2279=STYLED_ITEM('',(#25),#2280);
#2280=FACE_SURFACE('',(#2285),#2281,.T.);
#2281=PLANE('',#2282);
#2282=AXIS2_PLACEMENT_3D('',#157,#2283,#2284);
#2283=DIRECTION('',(-1.0265493182805356E-05,-0.1799938194744138,0.9836677410821358));
#2284=DIRECTION('',(-0.999999463598871,0.0010206428987062587,0.00017632369014194504));
#2285=FACE_BOUND('',#2286,.T.);
#2286=EDGE_LOOP('',(#2287,#2288,#2289));
#2287=ORIENTED_EDGE('',*,*,#2290,.T.);
#2288=ORIENTED_EDGE('',*,*,#2291,.T.);
#2289=ORIENTED_EDGE('',*,*,#2292,.T.);
#2290=EDGE_CURVE('',#158,#96,#2293,.F.);
#2291=EDGE_CURVE('',#96,#94,#2294,.T.);
#2292=EDGE_CURVE('',#94,#158,#2295,.T.);
#2293=LINE('',#157,#2296);
#2294=LINE('',#95,#2297);
#2295=LINE('',#93,#2298);
#2296=VECTOR('',#2299,1.0);
#2297=VECTOR('',#2300,1.0);
#2298=VECTOR('',#2301,1.0);
#2299=DIRECTION('',(-0.999999463598871,0.0010206428987062587,0.00017632369014194504));
#2300=DIRECTION('',(0,-0.9836677411339654,-0.1799938194838977));
#2301=DIRECTION('',(0.984574772939873,0.17210494696663206,0.03150243990566896));
#2302=STYLED_ITEM('',(#25),#2303);
#2303=FACE_SURFACE('',(#2308),#2304,.T.);
#2304=PLANE('',#2305);
#2305=AXIS2_PLACEMENT_3D('',#157,#2306,#2307);
#2306=DIRECTION('',(2.6188074261734177E-05,-0.18019560006452873,0.9836307971142269));
#2307=DIRECTION('',(-0.984574772939873,-0.17210494696663206,-0.03150243990566896));
#2308=FACE_BOUND('',#2309,.T.);
#2309=EDGE_LOOP('',(#2310,#2311,#2312));
#2310=ORIENTED_EDGE('',*,*,#2313,.T.);
#2311=ORIENTED_EDGE('',*,*,#2314,.T.);
#2312=ORIENTED_EDGE('',*,*,#2315,.T.);
#2313=EDGE_CURVE('',#158,#94,#2316,.F.);
#2314=EDGE_CURVE('',#94,#160,#2317,.T.);
#2315=EDGE_CURVE('',#160,#158,#2318,.T.);
#2316=LINE('',#157,#2319);
#2317=LINE('',#93,#2320);
#2318=LINE('',#159,#2321);
#2319=VECTOR('',#2322,1.0);
#2320=VECTOR('',#2323,1.0);
#2321=VECTOR('',#2324,1.0);
#2322=DIRECTION('',(-0.984574772939873,-0.17210494696663206,-0.03150243990566896));
#2323=DIRECTION('',(0.9999991712389169,-0.0012613921837730478,-0.00025770377948051515));
#2324=DIRECTION('',(0,0.9836307974515213,0.18019560012631916));
#2325=STYLED_ITEM('',(#25),#2326);
#2326=FACE_SURFACE('',(#2331),#2327,.T.);
#2327=PLANE('',#2328);
#2328=AXIS2_PLACEMENT_3D('',#159,#2329,#2330);
#2329=DIRECTION('',(-2.5399408512895375E-05,-0.21945666978171288,0.9756222473084499));
#2330=DIRECTION('',(-0.9999991712389169,0.0012613921837730478,0.00025770377948051515));
#2331=FACE_BOUND('',#2332,.T.);
#2332=EDGE_LOOP('',(#2333,#2334,#2335));
#2333=ORIENTED_EDGE('',*,*,#2336,.T.);
#2334=ORIENTED_EDGE('',*,*,#2337,.T.);
#2335=ORIENTED_EDGE('',*,*,#2338,.T.);
#2336=EDGE_CURVE('',#160,#94,#2339,.F.);
#2337=EDGE_CURVE('',#94,#92,#2340,.T.);
#2338=EDGE_CURVE('',#92,#160,#2341,.T.);
#2339=LINE('',#159,#2342);
#2340=LINE('',#93,#2343);
#2341=LINE('',#91,#2344);
#2342=VECTOR('',#2345,1.0);
#2343=VECTOR('',#2346,1.0);
#2344=VECTOR('',#2347,1.0);
#2345=DIRECTION('',(-0.9999991712389169,0.0012613921837730478,0.00025770377948051515));
#2346=DIRECTION('',(0,-0.9756222476231515,-0.21945666985250195));
#2347=DIRECTION('',(0.9846179285102743,0.17045650343184426,0.0383681546849232));
#2348=STYLED_ITEM('',(#25),#2349);
#2349=FACE_SURFACE('',(#2354),#2350,.T.);
#2350=PLANE('',#2351);
#2351=AXIS2_PLACEMENT_3D('',#159,#2352,#2353);
#2352=DIRECTION('',(2.717026453970588E-05,-0.21974568742276634,0.9755571905946225));
#2353=DIRECTION('',(-0.9846179285102743,-0.17045650343184426,-0.0383681546849232));
#2354=FACE_BOUND('',#2355,.T.);
#2355=EDGE_LOOP('',(#2356,#2357,#2358));
#2356=ORIENTED_EDGE('',*,*,#2359,.T.);
#2357=ORIENTED_EDGE('',*,*,#2360,.T.);
#2358=ORIENTED_EDGE('',*,*,#2361,.T.);
#2359=EDGE_CURVE('',#160,#92,#2362,.F.);
#2360=EDGE_CURVE('',#92,#162,#2363,.T.);
#2361=EDGE_CURVE('',#162,#160,#2364,.T.);
#2362=LINE('',#159,#2365);
#2363=LINE('',#91,#2366);
#2364=LINE('',#161,#2367);
#2365=VECTOR('',#2368,1.0);
#2366=VECTOR('',#2369,1.0);
#2367=VECTOR('',#2370,1.0);
#2368=DIRECTION('',(-0.9846179285102743,-0.17045650343184426,-0.0383681546849232));
#2369=DIRECTION('',(0.9999988047301032,-0.0015021412166864546,-0.0003662104997790905));
#2370=DIRECTION('',(0,0.9755571909547119,0.21974568750387702));
#2371=STYLED_ITEM('',(#25),#2372);
#2372=FACE_SURFACE('',(#2377),#2373,.T.);
#2373=PLANE('',#2374);
#2374=AXIS2_PLACEMENT_3D('',#161,#2375,#2376);
#2375=DIRECTION('',(-3.447729294565569E-05,-0.2584607609686207,0.9660217564065717));
#2376=DIRECTION('',(-0.9999988047301032,0.0015021412166864546,0.0003662104997790905));
#2377=FACE_BOUND('',#2378,.T.);
#2378=EDGE_LOOP('',(#2379,#2380,#2381));
#2379=ORIENTED_EDGE('',*,*,#2382,.T.);
#2380=ORIENTED_EDGE('',*,*,#2383,.T.);
#2381=ORIENTED_EDGE('',*,*,#2384,.T.);
#2382=EDGE_CURVE('',#162,#92,#2385,.F.);
#2383=EDGE_CURVE('',#92,#90,#2386,.T.);
#2384=EDGE_CURVE('',#90,#162,#2387,.T.);
#2385=LINE('',#161,#2388);
#2386=LINE('',#91,#2389);
#2387=LINE('',#89,#2390);
#2388=VECTOR('',#2391,1.0);
#2389=VECTOR('',#2392,1.0);
#2390=VECTOR('',#2393,1.0);
#2391=DIRECTION('',(-0.9999988047301032,0.0015021412166864546,0.0003662104997790905));
#2392=DIRECTION('',(0,-0.9660217569807189,-0.2584607611222347));
#2393=DIRECTION('',(0.984661659128108,0.16853756791676378,0.04512765497767303));
#2394=STYLED_ITEM('',(#25),#2395);
#2395=FACE_SURFACE('',(#2400),#2396,.T.);
#2396=PLANE('',#2397);
#2397=AXIS2_PLACEMENT_3D('',#161,#2398,#2399);
#2398=DIRECTION('',(3.536404710111072E-05,-0.25884150328586814,0.9659198077097788));
#2399=DIRECTION('',(-0.984661659128108,-0.16853756791676378,-0.04512765497767303));
#2400=FACE_BOUND('',#2401,.T.);
#2401=EDGE_LOOP('',(#2402,#2403,#2404));
#2402=ORIENTED_EDGE('',*,*,#2405,.T.);
#2403=ORIENTED_EDGE('',*,*,#2406,.T.);
#2404=ORIENTED_EDGE('',*,*,#2407,.T.);
#2405=EDGE_CURVE('',#162,#90,#2408,.F.);
#2406=EDGE_CURVE('',#90,#164,#2409,.T.);
#2407=EDGE_CURVE('',#164,#162,#2410,.T.);
#2408=LINE('',#161,#2411);
#2409=LINE('',#89,#2412);
#2410=LINE('',#163,#2413);
#2411=VECTOR('',#2414,1.0);
#2412=VECTOR('',#2415,1.0);
#2413=VECTOR('',#2416,1.0);
#2414=DIRECTION('',(-0.984661659128108,-0.16853756791676378,-0.04512765497767303));
#2415=DIRECTION('',(0.9999983670390944,-0.001736108276109539,-0.0005018437985629136));
#2416=DIRECTION('',(0,0.9659198083137761,0.2588415034477238));
#2417=STYLED_ITEM('',(#25),#2418);
#2418=FACE_SURFACE('',(#2423),#2419,.T.);
#2419=PLANE('',#2420);
#2420=AXIS2_PLACEMENT_3D('',#163,#2421,#2422);
#2421=DIRECTION('',(-3.6588629684736844E-05,-0.29708653987415756,0.9548505571485376));
#2422=DIRECTION('',(-0.9999983670390944,0.001736108276109539,0.0005018437985629136));
#2423=FACE_BOUND('',#2424,.T.);
#2424=EDGE_LOOP('',(#2425,#2426,#2427));
#2425=ORIENTED_EDGE('',*,*,#2428,.T.);
#2426=ORIENTED_EDGE('',*,*,#2429,.T.);
#2427=ORIENTED_EDGE('',*,*,#2430,.T.);
#2428=EDGE_CURVE('',#164,#90,#2431,.F.);
#2429=EDGE_CURVE('',#90,#88,#2432,.T.);
#2430=EDGE_CURVE('',#88,#164,#2433,.T.);
#2431=LINE('',#163,#2434);
#2432=LINE('',#89,#2435);
#2433=LINE('',#87,#2436);
#2434=VECTOR('',#2437,1.0);
#2435=VECTOR('',#2438,1.0);
#2436=VECTOR('',#2439,1.0);
#2437=DIRECTION('',(-0.9999983670390944,0.001736108276109539,0.0005018437985629136));
#2438=DIRECTION('',(0,-0.9548505577876801,-0.2970865400730166));
#2439=DIRECTION('',(0.9847058777777574,0.16634808631350326,0.05179428974096874));
#2440=STYLED_ITEM('',(#25),#2441);
#2441=FACE_SURFACE('',(#2446),#2442,.T.);
#2442=PLANE('',#2443);
#2443=AXIS2_PLACEMENT_3D('',#163,#2444,#2445);
#2444=DIRECTION('',(3.950631593087885E-05,-0.29749717707238593,0.9547226969509065));
#2445=DIRECTION('',(-0.9847058777777574,-0.16634808631350326,-0.05179428974096874));
#2446=FACE_BOUND('',#2447,.T.);
#2447=EDGE_LOOP('',(#2448,#2449,#2450));
#2448=ORIENTED_EDGE('',*,*,#2451,.T.);
#2449=ORIENTED_EDGE('',*,*,#2452,.T.);
#2450=ORIENTED_EDGE('',*,*,#2453,.T.);
#2451=EDGE_CURVE('',#164,#88,#2454,.F.);
#2452=EDGE_CURVE('',#88,#166,#2455,.T.);
#2453=EDGE_CURVE('',#166,#164,#2456,.T.);
#2454=LINE('',#163,#2457);
#2455=LINE('',#87,#2458);
#2456=LINE('',#165,#2459);
#2457=VECTOR('',#2460,1.0);
#2458=VECTOR('',#2461,1.0);
#2459=VECTOR('',#2462,1.0);
#2460=DIRECTION('',(-0.9847058777777574,-0.16634808631350326,-0.05179428974096874));
#2461=DIRECTION('',(0.9999978741020333,-0.0019565116826608386,-0.0006510402826185112));
#2462=DIRECTION('',(0,0.9547226976959478,0.29749717730454517));
#2463=STYLED_ITEM('',(#25),#2464);
#2464=FACE_SURFACE('',(#2469),#2465,.T.);
#2465=PLANE('',#2466);
#2466=AXIS2_PLACEMENT_3D('',#165,#2467,#2468);
#2467=DIRECTION('',(-4.2561332064113594E-05,-0.33525217657671647,0.942128428766008));
#2468=DIRECTION('',(-0.9999978741020333,0.0019565116826608386,0.0006510402826185112));
#2469=FACE_BOUND('',#2470,.T.);
#2470=EDGE_LOOP('',(#2471,#2472,#2473));
#2471=ORIENTED_EDGE('',*,*,#2474,.T.);
#2472=ORIENTED_EDGE('',*,*,#2475,.T.);
#2473=ORIENTED_EDGE('',*,*,#2476,.T.);
#2474=EDGE_CURVE('',#166,#88,#2477,.F.);
#2475=EDGE_CURVE('',#88,#86,#2478,.T.);
#2476=EDGE_CURVE('',#86,#166,#2479,.T.);
#2477=LINE('',#165,#2480);
#2478=LINE('',#87,#2481);
#2479=LINE('',#85,#2482);
#2480=VECTOR('',#2483,1.0);
#2481=VECTOR('',#2484,1.0);
#2482=VECTOR('',#2485,1.0);
#2483=DIRECTION('',(-0.9999978741020333,0.0019565116826608386,0.0006510402826185112));
#2484=DIRECTION('',(0,-0.9421284296193254,-0.3352521768803656));
#2485=DIRECTION('',(0.9847485142916629,0.1639010308973737,0.05836793358635209));
#2486=STYLED_ITEM('',(#25),#2487);
#2487=FACE_SURFACE('',(#2492),#2488,.T.);
#2488=PLANE('',#2489);
#2489=AXIS2_PLACEMENT_3D('',#165,#2490,#2491);
#2490=DIRECTION('',(3.8104248901769915E-05,-0.33568228669511896,0.9419752655708121));
#2491=DIRECTION('',(-0.9847485142916629,-0.1639010308973737,-0.05836793358635209));
#2492=FACE_BOUND('',#2493,.T.);
#2493=EDGE_LOOP('',(#2494,#2495,#2496));
#2494=ORIENTED_EDGE('',*,*,#2497,.T.);
#2495=ORIENTED_EDGE('',*,*,#2498,.T.);
#2496=ORIENTED_EDGE('',*,*,#2499,.T.);
#2497=EDGE_CURVE('',#166,#86,#2500,.F.);
#2498=EDGE_CURVE('',#86,#168,#2501,.T.);
#2499=EDGE_CURVE('',#168,#166,#2502,.T.);
#2500=LINE('',#165,#2503);
#2501=LINE('',#85,#2504);
#2502=LINE('',#167,#2505);
#2503=VECTOR('',#2506,1.0);
#2504=VECTOR('',#2507,1.0);
#2505=VECTOR('',#2508,1.0);
#2506=DIRECTION('',(-0.9847485142916629,-0.1639010308973737,-0.05836793358635209));
#2507=DIRECTION('',(0.999997314122507,-0.0021701330601616906,-0.0008137998975606339));
#2508=DIRECTION('',(0,0.9419752662546551,0.33568228693881325));
#2509=STYLED_ITEM('',(#25),#2510);
#2510=FACE_SURFACE('',(#2515),#2511,.T.);
#2511=PLANE('',#2512);
#2512=AXIS2_PLACEMENT_3D('',#167,#2513,#2514);
#2513=DIRECTION('',(-5.3948446249006733E-05,-0.3728228897131503,0.9279025218176213));
#2514=DIRECTION('',(-0.999997314122507,0.0021701330601616906,0.0008137998975606339));
#2515=FACE_BOUND('',#2516,.T.);
#2516=EDGE_LOOP('',(#2517,#2518,#2519));
#2517=ORIENTED_EDGE('',*,*,#2520,.T.);
#2518=ORIENTED_EDGE('',*,*,#2521,.T.);
#2519=ORIENTED_EDGE('',*,*,#2522,.T.);
#2520=EDGE_CURVE('',#168,#86,#2523,.F.);
#2521=EDGE_CURVE('',#86,#84,#2524,.T.);
#2522=EDGE_CURVE('',#84,#168,#2525,.T.);
#2523=LINE('',#167,#2526);
#2524=LINE('',#85,#2527);
#2525=LINE('',#83,#2528);
#2526=VECTOR('',#2529,1.0);
#2527=VECTOR('',#2530,1.0);
#2528=VECTOR('',#2531,1.0);
#2529=DIRECTION('',(-0.999997314122507,0.0021701330601616906,0.0008137998975606339));
#2530=DIRECTION('',(0,-0.9279025231679213,-0.37282289025568865));
#2531=DIRECTION('',(0.9847922847740112,0.16119014613961552,0.06482200735145774));
#2532=STYLED_ITEM('',(#25),#2533);
#2533=FACE_SURFACE('',(#2538),#2534,.T.);
#2534=PLANE('',#2535);
#2535=AXIS2_PLACEMENT_3D('',#167,#2536,#2537);
#2536=DIRECTION('',(4.495281609309514E-05,-0.37334301805366066,0.9276933700581396));
#2537=DIRECTION('',(-0.9847922847740112,-0.16119014613961552,-0.06482200735145774));
#2538=FACE_BOUND('',#2539,.T.);
#2539=EDGE_LOOP('',(#2540,#2541,#2542));
#2540=ORIENTED_EDGE('',*,*,#2543,.T.);
#2541=ORIENTED_EDGE('',*,*,#2544,.T.);
#2542=ORIENTED_EDGE('',*,*,#2545,.T.);
#2543=EDGE_CURVE('',#168,#84,#2546,.F.);
#2544=EDGE_CURVE('',#84,#170,#2547,.T.);
#2545=EDGE_CURVE('',#170,#168,#2548,.T.);
#2546=LINE('',#167,#2549);
#2547=LINE('',#83,#2550);
#2548=LINE('',#169,#2551);
#2549=VECTOR('',#2552,1.0);
#2550=VECTOR('',#2553,1.0);
#2551=VECTOR('',#2554,1.0);
#2552=DIRECTION('',(-0.9847922847740112,-0.16119014613961552,-0.06482200735145774));
#2553=DIRECTION('',(0.9999966793571557,-0.0023735815278795335,-0.0010036859032176314));
#2554=DIRECTION('',(0,0.9276933709954605,0.3733430184308782));
#2555=STYLED_ITEM('',(#25),#2556);
#2556=FACE_SURFACE('',(#2561),#2557,.T.);
#2557=PLANE('',#2558);
#2558=AXIS2_PLACEMENT_3D('',#169,#2559,#2560);
#2559=DIRECTION('',(-5.728503944354529E-05,-0.4098455748876013,0.9121549218545476));
#2560=DIRECTION('',(-0.9999966793571557,0.0023735815278795335,0.0010036859032176314));
#2561=FACE_BOUND('',#2562,.T.);
#2562=EDGE_LOOP('',(#2563,#2564,#2565));
#2563=ORIENTED_EDGE('',*,*,#2566,.T.);
#2564=ORIENTED_EDGE('',*,*,#2567,.T.);
#2565=ORIENTED_EDGE('',*,*,#2568,.T.);
#2566=EDGE_CURVE('',#170,#84,#2569,.F.);
#2567=EDGE_CURVE('',#84,#82,#2570,.T.);
#2568=EDGE_CURVE('',#82,#170,#2571,.T.);
#2569=LINE('',#169,#2572);
#2570=LINE('',#83,#2573);
#2571=LINE('',#81,#2574);
#2572=VECTOR('',#2575,1.0);
#2573=VECTOR('',#2576,1.0);
#2574=VECTOR('',#2577,1.0);
#2575=DIRECTION('',(-0.9999966793571557,0.0023735815278795335,0.0010036859032176314));
#2576=DIRECTION('',(0,-0.9121549233512004,-0.409845575560071));
#2577=DIRECTION('',(0.9848352810904778,0.1582284386143291,0.07115637942666253));
#2578=STYLED_ITEM('',(#25),#2579);
#2579=FACE_SURFACE('',(#2584),#2580,.T.);
#2580=PLANE('',#2581);
#2581=AXIS2_PLACEMENT_3D('',#169,#2582,#2583);
#2582=DIRECTION('',(6.230563550237342E-05,-0.4104647076026467,0.9118764828257616));
#2583=DIRECTION('',(-0.9848352810904778,-0.1582284386143291,-0.07115637942666253));
#2584=FACE_BOUND('',#2585,.T.);
#2585=EDGE_LOOP('',(#2586,#2587,#2588));
#2586=ORIENTED_EDGE('',*,*,#2589,.T.);
#2587=ORIENTED_EDGE('',*,*,#2590,.T.);
#2588=ORIENTED_EDGE('',*,*,#2591,.T.);
#2589=EDGE_CURVE('',#170,#82,#2592,.F.);
#2590=EDGE_CURVE('',#82,#172,#2593,.T.);
#2591=EDGE_CURVE('',#172,#170,#2594,.T.);
#2592=LINE('',#169,#2595);
#2593=LINE('',#81,#2596);
#2594=LINE('',#171,#2597);
#2595=VECTOR('',#2598,1.0);
#2596=VECTOR('',#2599,1.0);
#2597=VECTOR('',#2600,1.0);
#2598=DIRECTION('',(-0.9848352810904778,-0.1582284386143291,-0.07115637942666253));
#2599=DIRECTION('',(0.9999959779467578,-0.0025600754236850386,-0.0012206982152670382));
#2600=DIRECTION('',(0,0.9118764845957104,0.4104647083993571));
#2601=STYLED_ITEM('',(#25),#2602);
#2602=FACE_SURFACE('',(#2607),#2603,.T.);
#2603=PLANE('',#2604);
#2604=AXIS2_PLACEMENT_3D('',#171,#2605,#2606);
#2605=DIRECTION('',(-4.9875208315167483E-05,-0.44620403918742674,0.8949312559774014));
#2606=DIRECTION('',(-0.9999959779467578,0.0025600754236850386,0.0012206982152670382));
#2607=FACE_BOUND('',#2608,.T.);
#2608=EDGE_LOOP('',(#2609,#2610,#2611));
#2609=ORIENTED_EDGE('',*,*,#2612,.T.);
#2610=ORIENTED_EDGE('',*,*,#2613,.T.);
#2611=ORIENTED_EDGE('',*,*,#2614,.T.);
#2612=EDGE_CURVE('',#172,#82,#2615,.F.);
#2613=EDGE_CURVE('',#82,#80,#2616,.T.);
#2614=EDGE_CURVE('',#80,#172,#2617,.T.);
#2615=LINE('',#171,#2618);
#2616=LINE('',#81,#2619);
#2617=LINE('',#79,#2620);
#2618=VECTOR('',#2621,1.0);
#2619=VECTOR('',#2622,1.0);
#2620=VECTOR('',#2623,1.0);
#2621=DIRECTION('',(-0.9999959779467578,0.0025600754236850386,0.0012206982152670382));
#2622=DIRECTION('',(0,-0.8949312570904883,-0.446204039742401));
#2623=DIRECTION('',(0.9848795905125344,0.1550162110474,0.07734446654008754));
#2624=STYLED_ITEM('',(#25),#2625);
#2625=FACE_SURFACE('',(#2630),#2626,.T.);
#2626=PLANE('',#2627);
#2627=AXIS2_PLACEMENT_3D('',#171,#2628,#2629);
#2628=DIRECTION('',(6.217729757571683E-05,-0.44677404108014956,0.8946468310740817));
#2629=DIRECTION('',(-0.9848795905125344,-0.1550162110474,-0.07734446654008754));
#2630=FACE_BOUND('',#2631,.T.);
#2631=EDGE_LOOP('',(#2632,#2633,#2634));
#2632=ORIENTED_EDGE('',*,*,#2635,.T.);
#2633=ORIENTED_EDGE('',*,*,#2636,.T.);
#2634=ORIENTED_EDGE('',*,*,#2637,.T.);
#2635=EDGE_CURVE('',#172,#80,#2638,.F.);
#2636=EDGE_CURVE('',#80,#174,#2639,.T.);
#2637=EDGE_CURVE('',#174,#172,#2640,.T.);
#2638=LINE('',#171,#2641);
#2639=LINE('',#79,#2642);
#2640=LINE('',#173,#2643);
#2641=VECTOR('',#2644,1.0);
#2642=VECTOR('',#2645,1.0);
#2643=VECTOR('',#2646,1.0);
#2644=DIRECTION('',(-0.9848795905125344,-0.1550162110474,-0.07734446654008754));
#2645=DIRECTION('',(0.999995213266292,-0.002739787232527547,-0.001437710131920396));
#2646=DIRECTION('',(0,0.8946468328034414,0.4467740419437674));
#2647=STYLED_ITEM('',(#25),#2648);
#2648=FACE_SURFACE('',(#2653),#2649,.T.);
#2649=PLANE('',#2650);
#2650=AXIS2_PLACEMENT_3D('',#173,#2651,#2652);
#2651=DIRECTION('',(-6.037924103579439E-05,-0.4818532061297666,0.8762519524068473));
#2652=DIRECTION('',(-0.999995213266292,0.002739787232527547,0.001437710131920396));
#2653=FACE_BOUND('',#2654,.T.);
#2654=EDGE_LOOP('',(#2655,#2656,#2657));
#2655=ORIENTED_EDGE('',*,*,#2658,.T.);
#2656=ORIENTED_EDGE('',*,*,#2659,.T.);
#2657=ORIENTED_EDGE('',*,*,#2660,.T.);
#2658=EDGE_CURVE('',#174,#80,#2661,.F.);
#2659=EDGE_CURVE('',#80,#78,#2662,.T.);
#2660=EDGE_CURVE('',#78,#174,#2663,.T.);
#2661=LINE('',#173,#2664);
#2662=LINE('',#79,#2665);
#2663=LINE('',#77,#2666);
#2664=VECTOR('',#2667,1.0);
#2665=VECTOR('',#2668,1.0);
#2666=VECTOR('',#2669,1.0);
#2667=DIRECTION('',(-0.999995213266292,0.002739787232527547,0.001437710131920396));
#2668=DIRECTION('',(0,-0.8762519540041025,-0.4818532070081014));
#2669=DIRECTION('',(0.9849218261316327,0.15156291474577419,0.08341270456768005));
#2670=STYLED_ITEM('',(#25),#2671);
#2671=FACE_SURFACE('',(#2676),#2672,.T.);
#2672=PLANE('',#2673);
#2673=AXIS2_PLACEMENT_3D('',#173,#2674,#2675);
#2674=DIRECTION('',(6.092622737098529E-05,-0.4824582439903199,0.8759189683376949));
#2675=DIRECTION('',(-0.9849218261316327,-0.15156291474577419,-0.08341270456768005));
#2676=FACE_BOUND('',#2677,.T.);
#2677=EDGE_LOOP('',(#2678,#2679,#2680));
#2678=ORIENTED_EDGE('',*,*,#2681,.T.);
#2679=ORIENTED_EDGE('',*,*,#2682,.T.);
#2680=ORIENTED_EDGE('',*,*,#2683,.T.);
#2681=EDGE_CURVE('',#174,#78,#2684,.F.);
#2682=EDGE_CURVE('',#78,#176,#2685,.T.);
#2683=EDGE_CURVE('',#176,#174,#2686,.T.);
#2684=LINE('',#173,#2687);
#2685=LINE('',#77,#2688);
#2686=LINE('',#175,#2689);
#2687=VECTOR('',#2690,1.0);
#2688=VECTOR('',#2691,1.0);
#2689=VECTOR('',#2692,1.0);
#2690=DIRECTION('',(-0.9849218261316327,-0.15156291474577419,-0.08341270456768005));
#2691=DIRECTION('',(0.9999943960147262,-0.0029025444979811116,-0.0016682849217368072));
#2692=DIRECTION('',(0,0.8759189699634027,0.48245824488576367));
#2693=STYLED_ITEM('',(#25),#2694);
#2694=FACE_SURFACE('',(#2699),#2695,.T.);
#2695=PLANE('',#2696);
#2696=AXIS2_PLACEMENT_3D('',#175,#2697,#2698);
#2697=DIRECTION('',(-7.115757311495537E-05,-0.5166340345868273,0.8562063239915579));
#2698=DIRECTION('',(-0.9999943960147262,0.0029025444979811116,0.0016682849217368072));
#2699=FACE_BOUND('',#2700,.T.);
#2700=EDGE_LOOP('',(#2701,#2702,#2703));
#2701=ORIENTED_EDGE('',*,*,#2704,.T.);
#2702=ORIENTED_EDGE('',*,*,#2705,.T.);
#2703=ORIENTED_EDGE('',*,*,#2706,.T.);
#2704=EDGE_CURVE('',#176,#78,#2707,.F.);
#2705=EDGE_CURVE('',#78,#76,#2708,.T.);
#2706=EDGE_CURVE('',#76,#176,#2709,.T.);
#2707=LINE('',#175,#2710);
#2708=LINE('',#77,#2711);
#2709=LINE('',#75,#2712);
#2710=VECTOR('',#2713,1.0);
#2711=VECTOR('',#2714,1.0);
#2712=VECTOR('',#2715,1.0);
#2713=DIRECTION('',(-0.9999943960147262,0.0029025444979811116,0.0016682849217368072));
#2714=DIRECTION('',(0,-0.8562063261592155,-0.5166340358947897));
#2715=DIRECTION('',(0.9849658989910492,0.14787246764400466,0.08930795674309847));
#2716=STYLED_ITEM('',(#25),#2717);
#2717=FACE_SURFACE('',(#2722),#2718,.T.);
#2718=PLANE('',#2719);
#2719=AXIS2_PLACEMENT_3D('',#175,#2720,#2721);
#2720=DIRECTION('',(6.951603238162581E-05,-0.5173206157515835,0.8557916660530902));
#2721=DIRECTION('',(-0.9849658989910492,-0.14787246764400466,-0.08930795674309847));
#2722=FACE_BOUND('',#2723,.T.);
#2723=EDGE_LOOP('',(#2724,#2725,#2726));
#2724=ORIENTED_EDGE('',*,*,#2727,.T.);
#2725=ORIENTED_EDGE('',*,*,#2728,.T.);
#2726=ORIENTED_EDGE('',*,*,#2729,.T.);
#2727=EDGE_CURVE('',#176,#76,#2730,.F.);
#2728=EDGE_CURVE('',#76,#178,#2731,.T.);
#2729=EDGE_CURVE('',#178,#176,#2732,.T.);
#2730=LINE('',#175,#2733);
#2731=LINE('',#75,#2734);
#2732=LINE('',#177,#2735);
#2733=VECTOR('',#2736,1.0);
#2734=VECTOR('',#2737,1.0);
#2735=VECTOR('',#2738,1.0);
#2736=DIRECTION('',(-0.9849658989910492,-0.14787246764400466,-0.08930795674309847));
#2737=DIRECTION('',(0.9999934887160664,-0.0030517379416383863,-0.001925985723167337));
#2738=DIRECTION('',(0,0.8557916681208877,0.517320617001554));
#2739=STYLED_ITEM('',(#25),#2740);
#2740=FACE_SURFACE('',(#2745),#2741,.T.);
#2741=PLANE('',#2742);
#2742=AXIS2_PLACEMENT_3D('',#177,#2743,#2744);
#2743=DIRECTION('',(-7.289523959417299E-05,-0.550683622610204,0.8347140483274417));
#2744=DIRECTION('',(-0.9999934887160664,0.0030517379416383863,0.001925985723167337));
#2745=FACE_BOUND('',#2746,.T.);
#2746=EDGE_LOOP('',(#2747,#2748,#2749));
#2747=ORIENTED_EDGE('',*,*,#2750,.T.);
#2748=ORIENTED_EDGE('',*,*,#2751,.T.);
#2749=ORIENTED_EDGE('',*,*,#2752,.T.);
#2750=EDGE_CURVE('',#178,#76,#2753,.F.);
#2751=EDGE_CURVE('',#76,#72,#2754,.T.);
#2752=EDGE_CURVE('',#72,#178,#2755,.T.);
#2753=LINE('',#177,#2756);
#2754=LINE('',#75,#2757);
#2755=LINE('',#71,#2758);
#2756=VECTOR('',#2759,1.0);
#2757=VECTOR('',#2760,1.0);
#2758=VECTOR('',#2761,1.0);
#2759=DIRECTION('',(-0.9999934887160664,0.0030517379416383863,0.001925985723167337));
#2760=DIRECTION('',(0,-0.8347140505451583,-0.5506836240732922));
#2761=DIRECTION('',(0.9850083204365144,0.1439543274292459,0.09505661620965983));
#2762=STYLED_ITEM('',(#25),#2763);
#2763=FACE_SURFACE('',(#2768),#2764,.T.);
#2764=PLANE('',#2765);
#2765=AXIS2_PLACEMENT_3D('',#177,#2766,#2767);
#2766=DIRECTION('',(7.73924002895783E-05,-0.5513997189778538,0.8342411785098841));
#2767=DIRECTION('',(-0.9850083204365144,-0.1439543274292459,-0.09505661620965983));
#2768=FACE_BOUND('',#2769,.T.);
#2769=EDGE_LOOP('',(#2770,#2771,#2772));
#2770=ORIENTED_EDGE('',*,*,#2773,.T.);
#2771=ORIENTED_EDGE('',*,*,#2774,.T.);
#2772=ORIENTED_EDGE('',*,*,#2775,.T.);
#2773=EDGE_CURVE('',#178,#72,#2776,.F.);
#2774=EDGE_CURVE('',#72,#180,#2777,.T.);
#2775=EDGE_CURVE('',#180,#178,#2778,.T.);
#2776=LINE('',#177,#2779);
#2777=LINE('',#71,#2780);
#2778=LINE('',#179,#2781);
#2779=VECTOR('',#2782,1.0);
#2780=VECTOR('',#2783,1.0);
#2781=VECTOR('',#2784,1.0);
#2782=DIRECTION('',(-0.9850083204365144,-0.1439543274292459,-0.09505661620965983));
#2783=DIRECTION('',(0.9999925171658036,-0.003183976825692714,-0.0021972491832256426));
#2784=DIRECTION('',(0,0.8342411810082626,0.5513997206291812));
#2785=STYLED_ITEM('',(#25),#2786);
#2786=FACE_SURFACE('',(#2791),#2787,.T.);
#2787=PLANE('',#2788);
#2788=AXIS2_PLACEMENT_3D('',#179,#2789,#2790);
#2789=DIRECTION('',(-7.47786199502815E-05,-0.5837818454013367,0.8119105562732681));
#2790=DIRECTION('',(-0.9999925171658036,0.003183976825692714,0.0021972491832256426));
#2791=FACE_BOUND('',#2792,.T.);
#2792=EDGE_LOOP('',(#2793,#2794,#2795));
#2793=ORIENTED_EDGE('',*,*,#2796,.T.);
#2794=ORIENTED_EDGE('',*,*,#2797,.T.);
#2795=ORIENTED_EDGE('',*,*,#2798,.T.);
#2796=EDGE_CURVE('',#180,#72,#2799,.F.);
#2797=EDGE_CURVE('',#72,#70,#2800,.T.);
#2798=EDGE_CURVE('',#70,#180,#2801,.T.);
#2799=LINE('',#179,#2802);
#2800=LINE('',#71,#2803);
#2801=LINE('',#69,#2804);
#2802=VECTOR('',#2805,1.0);
#2803=VECTOR('',#2806,1.0);
#2804=VECTOR('',#2807,1.0);
#2805=DIRECTION('',(-0.9999925171658036,0.003183976825692714,0.0021972491832256426));
#2806=DIRECTION('',(0,-0.811910558543306,-0.5837818470335446));
#2807=DIRECTION('',(0.9850524641716565,0.13981230348475884,0.10061889794483432));
#2808=STYLED_ITEM('',(#25),#2809);
#2809=FACE_SURFACE('',(#2814),#2810,.T.);
#2810=PLANE('',#2811);
#2811=AXIS2_PLACEMENT_3D('',#179,#2812,#2813);
#2812=DIRECTION('',(8.539416744184837E-05,-0.5845252788835312,0.8113754932544895));
#2813=DIRECTION('',(-0.9850524641716565,-0.13981230348475884,-0.10061889794483432));
#2814=FACE_BOUND('',#2815,.T.);
#2815=EDGE_LOOP('',(#2816,#2817,#2818));
#2816=ORIENTED_EDGE('',*,*,#2819,.T.);
#2817=ORIENTED_EDGE('',*,*,#2820,.T.);
#2818=ORIENTED_EDGE('',*,*,#2821,.T.);
#2819=EDGE_CURVE('',#180,#70,#2822,.F.);
#2820=EDGE_CURVE('',#70,#182,#2823,.T.);
#2821=EDGE_CURVE('',#182,#180,#2824,.T.);
#2822=LINE('',#179,#2825);
#2823=LINE('',#69,#2826);
#2824=LINE('',#181,#2827);
#2825=VECTOR('',#2828,1.0);
#2826=VECTOR('',#2829,1.0);
#2827=VECTOR('',#2830,1.0);
#2828=DIRECTION('',(-0.9850524641716565,-0.13981230348475884,-0.10061889794483432));
#2829=DIRECTION('',(0.9999914770529316,-0.003299261159845996,-0.0024820751993908214));
#2830=DIRECTION('',(0,0.8113754962128311,0.5845252810147583));
#2831=STYLED_ITEM('',(#25),#2832);
#2832=FACE_SURFACE('',(#2837),#2833,.T.);
#2833=PLANE('',#2834);
#2834=AXIS2_PLACEMENT_3D('',#181,#2835,#2836);
#2835=DIRECTION('',(0,-0.6011819974836434,0.7991121359994331));
#2836=DIRECTION('',(-0.9999914770529316,0.003299261159845996,0.0024820751993908214));
#2837=FACE_BOUND('',#2838,.T.);
#2838=EDGE_LOOP('',(#2839,#2840,#2841));
#2839=ORIENTED_EDGE('',*,*,#2842,.T.);
#2840=ORIENTED_EDGE('',*,*,#2843,.T.);
#2841=ORIENTED_EDGE('',*,*,#2844,.T.);
#2842=EDGE_CURVE('',#182,#70,#2845,.F.);
#2843=EDGE_CURVE('',#70,#184,#2846,.T.);
#2844=EDGE_CURVE('',#184,#182,#2847,.T.);
#2845=LINE('',#181,#2848);
#2846=LINE('',#69,#2849);
#2847=LINE('',#183,#2850);
#2848=VECTOR('',#2851,1.0);
#2849=VECTOR('',#2852,1.0);
#2850=VECTOR('',#2853,1.0);
#2851=DIRECTION('',(-0.9999914770529316,0.003299261159845996,0.0024820751993908214));
#2852=DIRECTION('',(-0.9999976111935476,-0.001746678387256078,-0.001314047872015878));
#2853=DIRECTION('',(1,0,0));
#2854=STYLED_ITEM('',(#25),#2855);
#2855=FACE_SURFACE('',(#2860),#2856,.T.);
#2856=PLANE('',#2857);
#2857=AXIS2_PLACEMENT_3D('',#181,#2858,#2859);
#2858=DIRECTION('',(0,-0.6167249770167862,0.7871786980880799));
#2859=DIRECTION('',(-1,0,0));
#2860=FACE_BOUND('',#2861,.T.);
#2861=EDGE_LOOP('',(#2862,#2863,#2864));
#2862=ORIENTED_EDGE('',*,*,#2865,.T.);
#2863=ORIENTED_EDGE('',*,*,#2866,.T.);
#2864=ORIENTED_EDGE('',*,*,#2867,.T.);
#2865=EDGE_CURVE('',#182,#184,#2868,.F.);
#2866=EDGE_CURVE('',#184,#186,#2869,.T.);
#2867=EDGE_CURVE('',#186,#182,#2870,.T.);
#2868=LINE('',#181,#2871);
#2869=LINE('',#183,#2872);
#2870=LINE('',#185,#2873);
#2871=VECTOR('',#2874,1.0);
#2872=VECTOR('',#2875,1.0);
#2873=VECTOR('',#2876,1.0);
#2874=DIRECTION('',(-1,0,0));
#2875=DIRECTION('',(0.9980859461391696,-0.04868077604542313,-0.03813956165314519));
#2876=DIRECTION('',(0,0.7871786980880799,0.6167249770167862));
#2877=STYLED_ITEM('',(#25),#2878);
#2878=FACE_SURFACE('',(#2883),#2879,.T.);
#2879=PLANE('',#2880);
#2880=AXIS2_PLACEMENT_3D('',#185,#2881,#2882);
#2881=DIRECTION('',(0,-0.6167249770167862,0.7871786980880799));
#2882=DIRECTION('',(-0.9980859461391696,0.04868077604542313,0.03813956165314519));
#2883=FACE_BOUND('',#2884,.T.);
#2884=EDGE_LOOP('',(#2885,#2886,#2887));
#2885=ORIENTED_EDGE('',*,*,#2888,.T.);
#2886=ORIENTED_EDGE('',*,*,#2889,.T.);
#2887=ORIENTED_EDGE('',*,*,#2890,.T.);
#2888=EDGE_CURVE('',#186,#184,#2891,.F.);
#2889=EDGE_CURVE('',#184,#188,#2892,.T.);
#2890=EDGE_CURVE('',#188,#186,#2893,.T.);
#2891=LINE('',#185,#2894);
#2892=LINE('',#183,#2895);
#2893=LINE('',#187,#2896);
#2894=VECTOR('',#2897,1.0);
#2895=VECTOR('',#2898,1.0);
#2896=VECTOR('',#2899,1.0);
#2897=DIRECTION('',(-0.9980859461391696,0.04868077604542313,0.03813956165314519));
#2898=DIRECTION('',(0,-0.7871786980880799,-0.6167249770167862));
#2899=DIRECTION('',(1,0,0));
#2900=STYLED_ITEM('',(#25),#2901);
#2901=FACE_SURFACE('',(#2906),#2902,.T.);
#2902=PLANE('',#2903);
#2903=AXIS2_PLACEMENT_3D('',#185,#2904,#2905);
#2904=DIRECTION('',(0,-0.647894194543723,0.7617303411815368));
#2905=DIRECTION('',(-1,0,0));
#2906=FACE_BOUND('',#2907,.T.);
#2907=EDGE_LOOP('',(#2908,#2909,#2910));
#2908=ORIENTED_EDGE('',*,*,#2911,.T.);
#2909=ORIENTED_EDGE('',*,*,#2912,.T.);
#2910=ORIENTED_EDGE('',*,*,#2913,.T.);
#2911=EDGE_CURVE('',#186,#188,#2914,.F.);
#2912=EDGE_CURVE('',#188,#190,#2915,.T.);
#2913=EDGE_CURVE('',#190,#186,#2916,.T.);
#2914=LINE('',#185,#2917);
#2915=LINE('',#187,#2918);
#2916=LINE('',#189,#2919);
#2917=VECTOR('',#2920,1.0);
#2918=VECTOR('',#2921,1.0);
#2919=VECTOR('',#2922,1.0);
#2920=DIRECTION('',(-1,0,0));
#2921=DIRECTION('',(0.9980860998109361,-0.04710510721916542,-0.04006552430787778));
#2922=DIRECTION('',(0,0.7617303411815367,0.647894194543723));
#2923=STYLED_ITEM('',(#25),#2924);
#2924=FACE_SURFACE('',(#2929),#2925,.T.);
#2925=PLANE('',#2926);
#2926=AXIS2_PLACEMENT_3D('',#189,#2927,#2928);
#2927=DIRECTION('',(0,-0.647894194543723,0.7617303411815368));
#2928=DIRECTION('',(-0.9980860998109361,0.04710510721916542,0.04006552430787778));
#2929=FACE_BOUND('',#2930,.T.);
#2930=EDGE_LOOP('',(#2931,#2932,#2933));
#2931=ORIENTED_EDGE('',*,*,#2934,.T.);
#2932=ORIENTED_EDGE('',*,*,#2935,.T.);
#2933=ORIENTED_EDGE('',*,*,#2936,.T.);
#2934=EDGE_CURVE('',#190,#188,#2937,.F.);
#2935=EDGE_CURVE('',#188,#192,#2938,.T.);
#2936=EDGE_CURVE('',#192,#190,#2939,.T.);
#2937=LINE('',#189,#2940);
#2938=LINE('',#187,#2941);
#2939=LINE('',#191,#2942);
#2940=VECTOR('',#2943,1.0);
#2941=VECTOR('',#2944,1.0);
#2942=VECTOR('',#2945,1.0);
#2943=DIRECTION('',(-0.9980860998109361,0.04710510721916542,0.04006552430787778));
#2944=DIRECTION('',(0,-0.7617303411815367,-0.647894194543723));
#2945=DIRECTION('',(1,0,0));
#2946=STYLED_ITEM('',(#25),#2947);
#2947=FACE_SURFACE('',(#2952),#2948,.T.);
#2948=PLANE('',#2949);
#2949=AXIS2_PLACEMENT_3D('',#189,#2950,#2951);
#2950=DIRECTION('',(0,-0.6780818125413771,0.7349864321881057));
#2951=DIRECTION('',(-1,0,0));
#2952=FACE_BOUND('',#2953,.T.);
#2953=EDGE_LOOP('',(#2954,#2955,#2956));
#2954=ORIENTED_EDGE('',*,*,#2957,.T.);
#2955=ORIENTED_EDGE('',*,*,#2958,.T.);
#2956=ORIENTED_EDGE('',*,*,#2959,.T.);
#2957=EDGE_CURVE('',#190,#192,#2960,.F.);
#2958=EDGE_CURVE('',#192,#194,#2961,.T.);
#2959=EDGE_CURVE('',#194,#190,#2962,.T.);
#2960=LINE('',#189,#2963);
#2961=LINE('',#191,#2964);
#2962=LINE('',#193,#2965);
#2963=VECTOR('',#2966,1.0);
#2964=VECTOR('',#2967,1.0);
#2965=VECTOR('',#2968,1.0);
#2966=DIRECTION('',(-1,0,0));
#2967=DIRECTION('',(0.9980858327443809,-0.04545444231530055,-0.04193523755460048));
#2968=DIRECTION('',(0,0.7349864321881057,0.6780818125413771));
#2969=STYLED_ITEM('',(#25),#2970);
#2970=FACE_SURFACE('',(#2975),#2971,.T.);
#2971=PLANE('',#2972);
#2972=AXIS2_PLACEMENT_3D('',#193,#2973,#2974);
#2973=DIRECTION('',(0,-0.6780818125413771,0.7349864321881057));
#2974=DIRECTION('',(-0.9980858327443809,0.04545444231530055,0.04193523755460048));
#2975=FACE_BOUND('',#2976,.T.);
#2976=EDGE_LOOP('',(#2977,#2978,#2979));
#2977=ORIENTED_EDGE('',*,*,#2980,.T.);
#2978=ORIENTED_EDGE('',*,*,#2981,.T.);
#2979=ORIENTED_EDGE('',*,*,#2982,.T.);
#2980=EDGE_CURVE('',#194,#192,#2983,.F.);
#2981=EDGE_CURVE('',#192,#196,#2984,.T.);
#2982=EDGE_CURVE('',#196,#194,#2985,.T.);
#2983=LINE('',#193,#2986);
#2984=LINE('',#191,#2987);
#2985=LINE('',#195,#2988);
#2986=VECTOR('',#2989,1.0);
#2987=VECTOR('',#2990,1.0);
#2988=VECTOR('',#2991,1.0);
#2989=DIRECTION('',(-0.9980858327443809,0.04545444231530055,0.04193523755460048));
#2990=DIRECTION('',(0,-0.7349864321881057,-0.6780818125413771));
#2991=DIRECTION('',(1,0,0));
#2992=STYLED_ITEM('',(#25),#2993);
#2993=FACE_SURFACE('',(#2998),#2994,.T.);
#2994=PLANE('',#2995);
#2995=AXIS2_PLACEMENT_3D('',#193,#2996,#2997);
#2996=DIRECTION('',(0,-0.7070783641128767,0.7071351971182442));
#2997=DIRECTION('',(-1,0,0));
#2998=FACE_BOUND('',#2999,.T.);
#2999=EDGE_LOOP('',(#3000,#3001,#3002));
#3000=ORIENTED_EDGE('',*,*,#3003,.T.);
#3001=ORIENTED_EDGE('',*,*,#3004,.T.);
#3002=ORIENTED_EDGE('',*,*,#3005,.T.);
#3003=EDGE_CURVE('',#194,#196,#3006,.F.);
#3004=EDGE_CURVE('',#196,#198,#3007,.T.);
#3005=EDGE_CURVE('',#198,#194,#3008,.T.);
#3006=LINE('',#193,#3009);
#3007=LINE('',#195,#3010);
#3008=LINE('',#197,#3011);
#3009=VECTOR('',#3012,1.0);
#3010=VECTOR('',#3013,1.0);
#3011=VECTOR('',#3014,1.0);
#3012=DIRECTION('',(-1,0,0));
#3013=DIRECTION('',(0.9980861119857268,-0.043728825850373756,-0.043725311330654756));
#3014=DIRECTION('',(0,0.7071351971182442,0.7070783641128767));
#3015=STYLED_ITEM('',(#25),#3016);
#3016=FACE_SURFACE('',(#3021),#3017,.T.);
#3017=PLANE('',#3018);
#3018=AXIS2_PLACEMENT_3D('',#197,#3019,#3020);
#3019=DIRECTION('',(0,-0.7070783641128767,0.7071351971182442));
#3020=DIRECTION('',(-0.9980861119857268,0.043728825850373756,0.043725311330654756));
#3021=FACE_BOUND('',#3022,.T.);
#3022=EDGE_LOOP('',(#3023,#3024,#3025));
#3023=ORIENTED_EDGE('',*,*,#3026,.T.);
#3024=ORIENTED_EDGE('',*,*,#3027,.T.);
#3025=ORIENTED_EDGE('',*,*,#3028,.T.);
#3026=EDGE_CURVE('',#198,#196,#3029,.F.);
#3027=EDGE_CURVE('',#196,#200,#3030,.T.);
#3028=EDGE_CURVE('',#200,#198,#3031,.T.);
#3029=LINE('',#197,#3032);
#3030=LINE('',#195,#3033);
#3031=LINE('',#199,#3034);
#3032=VECTOR('',#3035,1.0);
#3033=VECTOR('',#3036,1.0);
#3034=VECTOR('',#3037,1.0);
#3035=DIRECTION('',(-0.9980861119857268,0.043728825850373756,0.043725311330654756));
#3036=DIRECTION('',(0,-0.7071351971182442,-0.7070783641128767));
#3037=DIRECTION('',(1,0,0));
#3038=STYLED_ITEM('',(#25),#3039);
#3039=FACE_SURFACE('',(#3044),#3040,.T.);
#3040=PLANE('',#3041);
#3041=AXIS2_PLACEMENT_3D('',#197,#3042,#3043);
#3042=DIRECTION('',(0,-0.7350147550525006,0.6780511115359318));
#3043=DIRECTION('',(-1,0,0));
#3044=FACE_BOUND('',#3045,.T.);
#3045=EDGE_LOOP('',(#3046,#3047,#3048));
#3046=ORIENTED_EDGE('',*,*,#3049,.T.);
#3047=ORIENTED_EDGE('',*,*,#3050,.T.);
#3048=ORIENTED_EDGE('',*,*,#3051,.T.);
#3049=EDGE_CURVE('',#198,#200,#3052,.F.);
#3050=EDGE_CURVE('',#200,#202,#3053,.T.);
#3051=EDGE_CURVE('',#202,#198,#3054,.T.);
#3052=LINE('',#197,#3055);
#3053=LINE('',#199,#3056);
#3054=LINE('',#201,#3057);
#3055=VECTOR('',#3058,1.0);
#3056=VECTOR('',#3059,1.0);
#3057=VECTOR('',#3060,1.0);
#3058=DIRECTION('',(-1,0,0));
#3059=DIRECTION('',(0.9980859798383132,-0.04193172921559583,-0.04545444901419601));
#3060=DIRECTION('',(0,0.6780511115359318,0.7350147550525006));
#3061=STYLED_ITEM('',(#25),#3062);
#3062=FACE_SURFACE('',(#3067),#3063,.T.);
#3063=PLANE('',#3064);
#3064=AXIS2_PLACEMENT_3D('',#201,#3065,#3066);
#3065=DIRECTION('',(0,-0.7350147550525006,0.6780511115359318));
#3066=DIRECTION('',(-0.9980859798383132,0.04193172921559583,0.04545444901419601));
#3067=FACE_BOUND('',#3068,.T.);
#3068=EDGE_LOOP('',(#3069,#3070,#3071));
#3069=ORIENTED_EDGE('',*,*,#3072,.T.);
#3070=ORIENTED_EDGE('',*,*,#3073,.T.);
#3071=ORIENTED_EDGE('',*,*,#3074,.T.);
#3072=EDGE_CURVE('',#202,#200,#3075,.F.);
#3073=EDGE_CURVE('',#200,#204,#3076,.T.);
#3074=EDGE_CURVE('',#204,#202,#3077,.T.);
#3075=LINE('',#201,#3078);
#3076=LINE('',#199,#3079);
#3077=LINE('',#203,#3080);
#3078=VECTOR('',#3081,1.0);
#3079=VECTOR('',#3082,1.0);
#3080=VECTOR('',#3083,1.0);
#3081=DIRECTION('',(-0.9980859798383132,0.04193172921559583,0.04545444901419601));
#3082=DIRECTION('',(0,-0.6780511115359318,-0.7350147550525006));
#3083=DIRECTION('',(1,0,0));
#3084=STYLED_ITEM('',(#25),#3085);
#3085=FACE_SURFACE('',(#3090),#3086,.T.);
#3086=PLANE('',#3087);
#3087=AXIS2_PLACEMENT_3D('',#201,#3088,#3089);
#3088=DIRECTION('',(0,-0.7617261498658543,0.6478991222486277));
#3089=DIRECTION('',(-1,0,0));
#3090=FACE_BOUND('',#3091,.T.);
#3091=EDGE_LOOP('',(#3092,#3093,#3094));
#3092=ORIENTED_EDGE('',*,*,#3095,.T.);
#3093=ORIENTED_EDGE('',*,*,#3096,.T.);
#3094=ORIENTED_EDGE('',*,*,#3097,.T.);
#3095=EDGE_CURVE('',#202,#204,#3098,.F.);
#3096=EDGE_CURVE('',#204,#206,#3099,.T.);
#3097=EDGE_CURVE('',#206,#202,#3100,.T.);
#3098=LINE('',#201,#3101);
#3099=LINE('',#203,#3102);
#3100=LINE('',#205,#3103);
#3101=VECTOR('',#3104,1.0);
#3102=VECTOR('',#3105,1.0);
#3103=VECTOR('',#3106,1.0);
#3104=DIRECTION('',(-1,0,0));
#3105=DIRECTION('',(0.9980857940221967,-0.0400690265513977,-0.04710860730593235));
#3106=DIRECTION('',(0,0.6478991222486277,0.7617261498658543));
#3107=STYLED_ITEM('',(#25),#3108);
#3108=FACE_SURFACE('',(#3113),#3109,.T.);
#3109=PLANE('',#3110);
#3110=AXIS2_PLACEMENT_3D('',#205,#3111,#3112);
#3111=DIRECTION('',(0,-0.7617261498658543,0.6478991222486277));
#3112=DIRECTION('',(-0.9980857940221967,0.0400690265513977,0.04710860730593235));
#3113=FACE_BOUND('',#3114,.T.);
#3114=EDGE_LOOP('',(#3115,#3116,#3117));
#3115=ORIENTED_EDGE('',*,*,#3118,.T.);
#3116=ORIENTED_EDGE('',*,*,#3119,.T.);
#3117=ORIENTED_EDGE('',*,*,#3120,.T.);
#3118=EDGE_CURVE('',#206,#204,#3121,.F.);
#3119=EDGE_CURVE('',#204,#208,#3122,.T.);
#3120=EDGE_CURVE('',#208,#206,#3123,.T.);
#3121=LINE('',#205,#3124);
#3122=LINE('',#203,#3125);
#3123=LINE('',#207,#3126);
#3124=VECTOR('',#3127,1.0);
#3125=VECTOR('',#3128,1.0);
#3126=VECTOR('',#3129,1.0);
#3127=DIRECTION('',(-0.9980857940221967,0.0400690265513977,0.04710860730593235));
#3128=DIRECTION('',(0,-0.6478991222486277,-0.7617261498658543));
#3129=DIRECTION('',(1,0,0));
#3130=STYLED_ITEM('',(#25),#3131);
#3131=FACE_SURFACE('',(#3136),#3132,.T.);
#3132=PLANE('',#3133);
#3133=AXIS2_PLACEMENT_3D('',#205,#3134,#3135);
#3134=DIRECTION('',(0,-0.7871734840845607,0.6167316320363129));
#3135=DIRECTION('',(-1,0,0));
#3136=FACE_BOUND('',#3137,.T.);
#3137=EDGE_LOOP('',(#3138,#3139,#3140));
#3138=ORIENTED_EDGE('',*,*,#3141,.T.);
#3139=ORIENTED_EDGE('',*,*,#3142,.T.);
#3140=ORIENTED_EDGE('',*,*,#3143,.T.);
#3141=EDGE_CURVE('',#206,#208,#3144,.F.);
#3142=EDGE_CURVE('',#208,#210,#3145,.T.);
#3143=EDGE_CURVE('',#210,#206,#3146,.T.);
#3144=LINE('',#205,#3147);
#3145=LINE('',#207,#3148);
#3146=LINE('',#209,#3149);
#3147=VECTOR('',#3150,1.0);
#3148=VECTOR('',#3151,1.0);
#3149=VECTOR('',#3152,1.0);
#3150=DIRECTION('',(-1,0,0));
#3151=DIRECTION('',(0.998086104572364,-0.03813839620074148,-0.04867844075973613));
#3152=DIRECTION('',(0,0.6167316320363128,0.7871734840845606));
#3153=STYLED_ITEM('',(#25),#3154);
#3154=FACE_SURFACE('',(#3159),#3155,.T.);
#3155=PLANE('',#3156);
#3156=AXIS2_PLACEMENT_3D('',#209,#3157,#3158);
#3157=DIRECTION('',(0,-0.7871734840845607,0.6167316320363129));
#3158=DIRECTION('',(-0.998086104572364,0.03813839620074148,0.04867844075973613));
#3159=FACE_BOUND('',#3160,.T.);
#3160=EDGE_LOOP('',(#3161,#3162,#3163));
#3161=ORIENTED_EDGE('',*,*,#3164,.T.);
#3162=ORIENTED_EDGE('',*,*,#3165,.T.);
#3163=ORIENTED_EDGE('',*,*,#3166,.T.);
#3164=EDGE_CURVE('',#210,#208,#3167,.F.);
#3165=EDGE_CURVE('',#208,#212,#3168,.T.);
#3166=EDGE_CURVE('',#212,#210,#3169,.T.);
#3167=LINE('',#209,#3170);
#3168=LINE('',#207,#3171);
#3169=LINE('',#211,#3172);
#3170=VECTOR('',#3173,1.0);
#3171=VECTOR('',#3174,1.0);
#3172=VECTOR('',#3175,1.0);
#3173=DIRECTION('',(-0.998086104572364,0.03813839620074148,0.04867844075973613));
#3174=DIRECTION('',(0,-0.6167316320363128,-0.7871734840845606));
#3175=DIRECTION('',(1,0,0));
#3176=STYLED_ITEM('',(#25),#3177);
#3177=FACE_SURFACE('',(#3182),#3178,.T.);
#3178=PLANE('',#3179);
#3179=AXIS2_PLACEMENT_3D('',#209,#3180,#3181);
#3180=DIRECTION('',(0,-0.811381968536976,0.5845162967215384));
#3181=DIRECTION('',(-1,0,0));
#3182=FACE_BOUND('',#3183,.T.);
#3183=EDGE_LOOP('',(#3184,#3185,#3186));
#3184=ORIENTED_EDGE('',*,*,#3187,.T.);
#3185=ORIENTED_EDGE('',*,*,#3188,.T.);
#3186=ORIENTED_EDGE('',*,*,#3189,.T.);
#3187=EDGE_CURVE('',#210,#212,#3190,.F.);
#3188=EDGE_CURVE('',#212,#214,#3191,.T.);
#3189=EDGE_CURVE('',#214,#210,#3192,.T.);
#3190=LINE('',#209,#3193);
#3191=LINE('',#211,#3194);
#3192=LINE('',#213,#3195);
#3193=VECTOR('',#3196,1.0);
#3194=VECTOR('',#3197,1.0);
#3195=VECTOR('',#3198,1.0);
#3196=DIRECTION('',(-1,0,0));
#3197=DIRECTION('',(0.9980859153816751,-0.03614799969601789,-0.05017795965062996));
#3198=DIRECTION('',(0,0.5845162967215384,0.8113819685369761));
#3199=STYLED_ITEM('',(#25),#3200);
#3200=FACE_SURFACE('',(#3205),#3201,.T.);
#3201=PLANE('',#3202);
#3202=AXIS2_PLACEMENT_3D('',#213,#3203,#3204);
#3203=DIRECTION('',(0,-0.811381968536976,0.5845162967215384));
#3204=DIRECTION('',(-0.9980859153816751,0.03614799969601789,0.05017795965062996));
#3205=FACE_BOUND('',#3206,.T.);
#3206=EDGE_LOOP('',(#3207,#3208,#3209));
#3207=ORIENTED_EDGE('',*,*,#3210,.T.);
#3208=ORIENTED_EDGE('',*,*,#3211,.T.);
#3209=ORIENTED_EDGE('',*,*,#3212,.T.);
#3210=EDGE_CURVE('',#214,#212,#3213,.F.);
#3211=EDGE_CURVE('',#212,#216,#3214,.T.);
#3212=EDGE_CURVE('',#216,#214,#3215,.T.);
#3213=LINE('',#213,#3216);
#3214=LINE('',#211,#3217);
#3215=LINE('',#215,#3218);
#3216=VECTOR('',#3219,1.0);
#3217=VECTOR('',#3220,1.0);
#3218=VECTOR('',#3221,1.0);
#3219=DIRECTION('',(-0.9980859153816751,0.03614799969601789,0.05017795965062996));
#3220=DIRECTION('',(0,-0.5845162967215384,-0.8113819685369761));
#3221=DIRECTION('',(1,0,0));
#3222=STYLED_ITEM('',(#25),#3223);
#3223=FACE_SURFACE('',(#3228),#3224,.T.);
#3224=PLANE('',#3225);
#3225=AXIS2_PLACEMENT_3D('',#213,#3226,#3227);
#3226=DIRECTION('',(0,-0.834264367712186,0.5513646386610102));
#3227=DIRECTION('',(-1,0,0));
#3228=FACE_BOUND('',#3229,.T.);
#3229=EDGE_LOOP('',(#3230,#3231,#3232));
#3230=ORIENTED_EDGE('',*,*,#3233,.T.);
#3231=ORIENTED_EDGE('',*,*,#3234,.T.);
#3232=ORIENTED_EDGE('',*,*,#3235,.T.);
#3233=EDGE_CURVE('',#214,#216,#3236,.F.);
#3234=EDGE_CURVE('',#216,#218,#3237,.T.);
#3235=EDGE_CURVE('',#218,#214,#3238,.T.);
#3236=LINE('',#213,#3239);
#3237=LINE('',#215,#3240);
#3238=LINE('',#217,#3241);
#3239=VECTOR('',#3242,1.0);
#3240=VECTOR('',#3243,1.0);
#3241=VECTOR('',#3244,1.0);
#3242=DIRECTION('',(-1,0,0));
#3243=DIRECTION('',(0.9980859099874021,-0.03409786341281988,-0.051593139033209216));
#3244=DIRECTION('',(0,0.5513646386610103,0.8342643677121862));
#3245=STYLED_ITEM('',(#25),#3246);
#3246=FACE_SURFACE('',(#3251),#3247,.T.);
#3247=PLANE('',#3248);
#3248=AXIS2_PLACEMENT_3D('',#217,#3249,#3250);
#3249=DIRECTION('',(0,-0.834264367712186,0.5513646386610102));
#3250=DIRECTION('',(-0.9980859099874021,0.03409786341281988,0.051593139033209216));
#3251=FACE_BOUND('',#3252,.T.);
#3252=EDGE_LOOP('',(#3253,#3254,#3255));
#3253=ORIENTED_EDGE('',*,*,#3256,.T.);
#3254=ORIENTED_EDGE('',*,*,#3257,.T.);
#3255=ORIENTED_EDGE('',*,*,#3258,.T.);
#3256=EDGE_CURVE('',#218,#216,#3259,.F.);
#3257=EDGE_CURVE('',#216,#220,#3260,.T.);
#3258=EDGE_CURVE('',#220,#218,#3261,.T.);
#3259=LINE('',#217,#3262);
#3260=LINE('',#215,#3263);
#3261=LINE('',#219,#3264);
#3262=VECTOR('',#3265,1.0);
#3263=VECTOR('',#3266,1.0);
#3264=VECTOR('',#3267,1.0);
#3265=DIRECTION('',(-0.9980859099874021,0.03409786341281988,0.051593139033209216));
#3266=DIRECTION('',(0,-0.5513646386610103,-0.8342643677121862));
#3267=DIRECTION('',(1,0,0));
#3268=STYLED_ITEM('',(#25),#3269);
#3269=FACE_SURFACE('',(#3274),#3270,.T.);
#3270=PLANE('',#3271);
#3271=AXIS2_PLACEMENT_3D('',#217,#3272,#3273);
#3272=DIRECTION('',(0,-0.8557680701339015,0.5173596526008748));
#3273=DIRECTION('',(-1,0,0));
#3274=FACE_BOUND('',#3275,.T.);
#3275=EDGE_LOOP('',(#3276,#3277,#3278));
#3276=ORIENTED_EDGE('',*,*,#3279,.T.);
#3277=ORIENTED_EDGE('',*,*,#3280,.T.);
#3278=ORIENTED_EDGE('',*,*,#3281,.T.);
#3279=EDGE_CURVE('',#218,#220,#3282,.F.);
#3280=EDGE_CURVE('',#220,#222,#3283,.T.);
#3281=EDGE_CURVE('',#222,#218,#3284,.T.);
#3282=LINE('',#217,#3285);
#3283=LINE('',#219,#3286);
#3284=LINE('',#221,#3287);
#3285=VECTOR('',#3288,1.0);
#3286=VECTOR('',#3289,1.0);
#3287=VECTOR('',#3290,1.0);
#3288=DIRECTION('',(-1,0,0));
#3289=DIRECTION('',(0.9980861769416955,-0.03199267508415899,-0.05291929835957486));
#3290=DIRECTION('',(0,0.5173596526008748,0.8557680701339014));
#3291=STYLED_ITEM('',(#25),#3292);
#3292=FACE_SURFACE('',(#3297),#3293,.T.);
#3293=PLANE('',#3294);
#3294=AXIS2_PLACEMENT_3D('',#221,#3295,#3296);
#3295=DIRECTION('',(0,-0.8557680701339015,0.5173596526008748));
#3296=DIRECTION('',(-0.9980861769416955,0.03199267508415899,0.05291929835957486));
#3297=FACE_BOUND('',#3298,.T.);
#3298=EDGE_LOOP('',(#3299,#3300,#3301));
#3299=ORIENTED_EDGE('',*,*,#3302,.T.);
#3300=ORIENTED_EDGE('',*,*,#3303,.T.);
#3301=ORIENTED_EDGE('',*,*,#3304,.T.);
#3302=EDGE_CURVE('',#222,#220,#3305,.F.);
#3303=EDGE_CURVE('',#220,#224,#3306,.T.);
#3304=EDGE_CURVE('',#224,#222,#3307,.T.);
#3305=LINE('',#221,#3308);
#3306=LINE('',#219,#3309);
#3307=LINE('',#223,#3310);
#3308=VECTOR('',#3311,1.0);
#3309=VECTOR('',#3312,1.0);
#3310=VECTOR('',#3313,1.0);
#3311=DIRECTION('',(-0.9980861769416955,0.03199267508415899,0.05291929835957486));
#3312=DIRECTION('',(0,-0.5173596526008748,-0.8557680701339014));
#3313=DIRECTION('',(1,0,0));
#3314=STYLED_ITEM('',(#25),#3315);
#3315=FACE_SURFACE('',(#3320),#3316,.T.);
#3316=PLANE('',#3317);
#3317=AXIS2_PLACEMENT_3D('',#221,#3318,#3319);
#3318=DIRECTION('',(0,-0.8759277884230853,0.4824422343330263));
#3319=DIRECTION('',(-1,0,0));
#3320=FACE_BOUND('',#3321,.T.);
#3321=EDGE_LOOP('',(#3322,#3323,#3324));
#3322=ORIENTED_EDGE('',*,*,#3325,.T.);
#3323=ORIENTED_EDGE('',*,*,#3326,.T.);
#3324=ORIENTED_EDGE('',*,*,#3327,.T.);
#3325=EDGE_CURVE('',#222,#224,#3328,.F.);
#3326=EDGE_CURVE('',#224,#226,#3329,.T.);
#3327=EDGE_CURVE('',#226,#222,#3330,.T.);
#3328=LINE('',#221,#3331);
#3329=LINE('',#223,#3332);
#3330=LINE('',#225,#3333);
#3331=VECTOR('',#3334,1.0);
#3332=VECTOR('',#3335,1.0);
#3333=VECTOR('',#3336,1.0);
#3334=DIRECTION('',(-1,0,0));
#3335=DIRECTION('',(0.9980858580801995,-0.029835921811132014,-0.054170450154968755));
#3336=DIRECTION('',(0,0.4824422343330263,0.8759277884230853));
#3337=STYLED_ITEM('',(#25),#3338);
#3338=FACE_SURFACE('',(#3343),#3339,.T.);
#3339=PLANE('',#3340);
#3340=AXIS2_PLACEMENT_3D('',#225,#3341,#3342);
#3341=DIRECTION('',(0,-0.8759277884230853,0.4824422343330263));
#3342=DIRECTION('',(-0.9980858580801995,0.029835921811132014,0.054170450154968755));
#3343=FACE_BOUND('',#3344,.T.);
#3344=EDGE_LOOP('',(#3345,#3346,#3347));
#3345=ORIENTED_EDGE('',*,*,#3348,.T.);
#3346=ORIENTED_EDGE('',*,*,#3349,.T.);
#3347=ORIENTED_EDGE('',*,*,#3350,.T.);
#3348=EDGE_CURVE('',#226,#224,#3351,.F.);
#3349=EDGE_CURVE('',#224,#228,#3352,.T.);
#3350=EDGE_CURVE('',#228,#226,#3353,.T.);
#3351=LINE('',#225,#3354);
#3352=LINE('',#223,#3355);
#3353=LINE('',#227,#3356);
#3354=VECTOR('',#3357,1.0);
#3355=VECTOR('',#3358,1.0);
#3356=VECTOR('',#3359,1.0);
#3357=DIRECTION('',(-0.9980858580801995,0.029835921811132014,0.054170450154968755));
#3358=DIRECTION('',(0,-0.4824422343330263,-0.8759277884230853));
#3359=DIRECTION('',(1,0,0));
#3360=STYLED_ITEM('',(#25),#3361);
#3361=FACE_SURFACE('',(#3366),#3362,.T.);
#3362=PLANE('',#3363);
#3363=AXIS2_PLACEMENT_3D('',#225,#3364,#3365);
#3364=DIRECTION('',(0,-0.8946241245923509,0.44681951132126013));
#3365=DIRECTION('',(-1,0,0));
#3366=FACE_BOUND('',#3367,.T.);
#3367=EDGE_LOOP('',(#3368,#3369,#3370));
#3368=ORIENTED_EDGE('',*,*,#3371,.T.);
#3369=ORIENTED_EDGE('',*,*,#3372,.T.);
#3370=ORIENTED_EDGE('',*,*,#3373,.T.);
#3371=EDGE_CURVE('',#226,#228,#3374,.F.);
#3372=EDGE_CURVE('',#228,#230,#3375,.T.);
#3373=EDGE_CURVE('',#230,#226,#3376,.T.);
#3374=LINE('',#225,#3377);
#3375=LINE('',#227,#3378);
#3376=LINE('',#229,#3379);
#3377=VECTOR('',#3380,1.0);
#3378=VECTOR('',#3381,1.0);
#3379=VECTOR('',#3382,1.0);
#3380=DIRECTION('',(-1,0,0));
#3381=DIRECTION('',(0.9980860985157892,-0.027631153657876124,-0.05532322565672611));
#3382=DIRECTION('',(0,0.44681951132126013,0.894624124592351));
#3383=STYLED_ITEM('',(#25),#3384);
#3384=FACE_SURFACE('',(#3389),#3385,.T.);
#3385=PLANE('',#3386);
#3386=AXIS2_PLACEMENT_3D('',#229,#3387,#3388);
#3387=DIRECTION('',(0,-0.8946241245923509,0.44681951132126013));
#3388=DIRECTION('',(-0.9980860985157892,0.027631153657876124,0.05532322565672611));
#3389=FACE_BOUND('',#3390,.T.);
#3390=EDGE_LOOP('',(#3391,#3392,#3393));
#3391=ORIENTED_EDGE('',*,*,#3394,.T.);
#3392=ORIENTED_EDGE('',*,*,#3395,.T.);
#3393=ORIENTED_EDGE('',*,*,#3396,.T.);
#3394=EDGE_CURVE('',#230,#228,#3397,.F.);
#3395=EDGE_CURVE('',#228,#232,#3398,.T.);
#3396=EDGE_CURVE('',#232,#230,#3399,.T.);
#3397=LINE('',#229,#3400);
#3398=LINE('',#227,#3401);
#3399=LINE('',#231,#3402);
#3400=VECTOR('',#3403,1.0);
#3401=VECTOR('',#3404,1.0);
#3402=VECTOR('',#3405,1.0);
#3403=DIRECTION('',(-0.9980860985157892,0.027631153657876124,0.05532322565672611));
#3404=DIRECTION('',(0,-0.44681951132126013,-0.894624124592351));
#3405=DIRECTION('',(1,0,0));
#3406=STYLED_ITEM('',(#25),#3407);
#3407=FACE_SURFACE('',(#3412),#3408,.T.);
#3408=PLANE('',#3409);
#3409=AXIS2_PLACEMENT_3D('',#229,#3410,#3411);
#3410=DIRECTION('',(0,-0.911907327052918,0.4103961828126603));
#3411=DIRECTION('',(-1,0,0));
#3412=FACE_BOUND('',#3413,.T.);
#3413=EDGE_LOOP('',(#3414,#3415,#3416));
#3414=ORIENTED_EDGE('',*,*,#3417,.T.);
#3415=ORIENTED_EDGE('',*,*,#3418,.T.);
#3416=ORIENTED_EDGE('',*,*,#3419,.T.);
#3417=EDGE_CURVE('',#230,#232,#3420,.F.);
#3418=EDGE_CURVE('',#232,#234,#3421,.T.);
#3419=EDGE_CURVE('',#234,#230,#3422,.T.);
#3420=LINE('',#229,#3423);
#3421=LINE('',#231,#3424);
#3422=LINE('',#233,#3425);
#3423=VECTOR('',#3426,1.0);
#3424=VECTOR('',#3427,1.0);
#3425=VECTOR('',#3428,1.0);
#3426=DIRECTION('',(-1,0,0));
#3427=DIRECTION('',(0.9980858065750411,-0.025380682137648675,-0.056396309167154726));
#3428=DIRECTION('',(0,0.4103961828126603,0.911907327052918));
#3429=STYLED_ITEM('',(#25),#3430);
#3430=FACE_SURFACE('',(#3435),#3431,.T.);
#3431=PLANE('',#3432);
#3432=AXIS2_PLACEMENT_3D('',#233,#3433,#3434);
#3433=DIRECTION('',(0,-0.911907327052918,0.4103961828126603));
#3434=DIRECTION('',(-0.9980858065750411,0.025380682137648675,0.056396309167154726));
#3435=FACE_BOUND('',#3436,.T.);
#3436=EDGE_LOOP('',(#3437,#3438,#3439));
#3437=ORIENTED_EDGE('',*,*,#3440,.T.);
#3438=ORIENTED_EDGE('',*,*,#3441,.T.);
#3439=ORIENTED_EDGE('',*,*,#3442,.T.);
#3440=EDGE_CURVE('',#234,#232,#3443,.F.);
#3441=EDGE_CURVE('',#232,#236,#3444,.T.);
#3442=EDGE_CURVE('',#236,#234,#3445,.T.);
#3443=LINE('',#233,#3446);
#3444=LINE('',#231,#3447);
#3445=LINE('',#235,#3448);
#3446=VECTOR('',#3449,1.0);
#3447=VECTOR('',#3450,1.0);
#3448=VECTOR('',#3451,1.0);
#3449=DIRECTION('',(-0.9980858065750411,0.025380682137648675,0.056396309167154726));
#3450=DIRECTION('',(0,-0.4103961828126603,-0.911907327052918));
#3451=DIRECTION('',(1,0,0));
#3452=STYLED_ITEM('',(#25),#3453);
#3453=FACE_SURFACE('',(#3458),#3454,.T.);
#3454=PLANE('',#3455);
#3455=AXIS2_PLACEMENT_3D('',#233,#3456,#3457);
#3456=DIRECTION('',(0,-0.9276788871007695,0.3733790064096771));
#3457=DIRECTION('',(-1,0,0));
#3458=FACE_BOUND('',#3459,.T.);
#3459=EDGE_LOOP('',(#3460,#3461,#3462));
#3460=ORIENTED_EDGE('',*,*,#3463,.T.);
#3461=ORIENTED_EDGE('',*,*,#3464,.T.);
#3462=ORIENTED_EDGE('',*,*,#3465,.T.);
#3463=EDGE_CURVE('',#234,#236,#3466,.F.);
#3464=EDGE_CURVE('',#236,#238,#3467,.T.);
#3465=EDGE_CURVE('',#238,#234,#3468,.T.);
#3466=LINE('',#233,#3469);
#3467=LINE('',#235,#3470);
#3468=LINE('',#237,#3471);
#3469=VECTOR('',#3472,1.0);
#3470=VECTOR('',#3473,1.0);
#3471=VECTOR('',#3474,1.0);
#3472=DIRECTION('',(-1,0,0));
#3473=DIRECTION('',(0.9980861641751483,-0.02308922425458233,-0.0573663368663244));
#3474=DIRECTION('',(0,0.3733790064096771,0.9276788871007696));
#3475=STYLED_ITEM('',(#25),#3476);
#3476=FACE_SURFACE('',(#3481),#3477,.T.);
#3477=PLANE('',#3478);
#3478=AXIS2_PLACEMENT_3D('',#237,#3479,#3480);
#3479=DIRECTION('',(0,-0.9276788871007695,0.3733790064096771));
#3480=DIRECTION('',(-0.9980861641751483,0.02308922425458233,0.0573663368663244));
#3481=FACE_BOUND('',#3482,.T.);
#3482=EDGE_LOOP('',(#3483,#3484,#3485));
#3483=ORIENTED_EDGE('',*,*,#3486,.T.);
#3484=ORIENTED_EDGE('',*,*,#3487,.T.);
#3485=ORIENTED_EDGE('',*,*,#3488,.T.);
#3486=EDGE_CURVE('',#238,#236,#3489,.F.);
#3487=EDGE_CURVE('',#236,#240,#3490,.T.);
#3488=EDGE_CURVE('',#240,#238,#3491,.T.);
#3489=LINE('',#237,#3492);
#3490=LINE('',#235,#3493);
#3491=LINE('',#239,#3494);
#3492=VECTOR('',#3495,1.0);
#3493=VECTOR('',#3496,1.0);
#3494=VECTOR('',#3497,1.0);
#3495=DIRECTION('',(-0.9980861641751483,0.02308922425458233,0.0573663368663244));
#3496=DIRECTION('',(0,-0.3733790064096771,-0.9276788871007696));
#3497=DIRECTION('',(1,0,0));
#3498=STYLED_ITEM('',(#25),#3499);
#3499=FACE_SURFACE('',(#3504),#3500,.T.);
#3500=PLANE('',#3501);
#3501=AXIS2_PLACEMENT_3D('',#237,#3502,#3503);
#3502=DIRECTION('',(0,-0.9419671411804496,0.3357050862532931));
#3503=DIRECTION('',(-1,0,0));
#3504=FACE_BOUND('',#3505,.T.);
#3505=EDGE_LOOP('',(#3506,#3507,#3508));
#3506=ORIENTED_EDGE('',*,*,#3509,.T.);
#3507=ORIENTED_EDGE('',*,*,#3510,.T.);
#3508=ORIENTED_EDGE('',*,*,#3511,.T.);
#3509=EDGE_CURVE('',#238,#240,#3512,.F.);
#3510=EDGE_CURVE('',#240,#242,#3513,.T.);
#3511=EDGE_CURVE('',#242,#238,#3514,.T.);
#3512=LINE('',#237,#3515);
#3513=LINE('',#239,#3516);
#3514=LINE('',#241,#3517);
#3515=VECTOR('',#3518,1.0);
#3516=VECTOR('',#3519,1.0);
#3517=VECTOR('',#3520,1.0);
#3518=DIRECTION('',(-1,0,0));
#3519=DIRECTION('',(0.9980860269813683,-0.020760266212037106,-0.058251987874687265));
#3520=DIRECTION('',(0,0.33570508625329315,0.9419671411804496));
#3521=STYLED_ITEM('',(#25),#3522);
#3522=FACE_SURFACE('',(#3527),#3523,.T.);
#3523=PLANE('',#3524);
#3524=AXIS2_PLACEMENT_3D('',#241,#3525,#3526);
#3525=DIRECTION('',(0,-0.9419671411804496,0.3357050862532931));
#3526=DIRECTION('',(-0.9980860269813683,0.020760266212037106,0.058251987874687265));
#3527=FACE_BOUND('',#3528,.T.);
#3528=EDGE_LOOP('',(#3529,#3530,#3531));
#3529=ORIENTED_EDGE('',*,*,#3532,.T.);
#3530=ORIENTED_EDGE('',*,*,#3533,.T.);
#3531=ORIENTED_EDGE('',*,*,#3534,.T.);
#3532=EDGE_CURVE('',#242,#240,#3535,.F.);
#3533=EDGE_CURVE('',#240,#244,#3536,.T.);
#3534=EDGE_CURVE('',#244,#242,#3537,.T.);
#3535=LINE('',#241,#3538);
#3536=LINE('',#239,#3539);
#3537=LINE('',#243,#3540);
#3538=VECTOR('',#3541,1.0);
#3539=VECTOR('',#3542,1.0);
#3540=VECTOR('',#3543,1.0);
#3541=DIRECTION('',(-0.9980860269813683,0.020760266212037106,0.058251987874687265));
#3542=DIRECTION('',(0,-0.33570508625329315,-0.9419671411804496));
#3543=DIRECTION('',(1,0,0));
#3544=STYLED_ITEM('',(#25),#3545);
#3545=FACE_SURFACE('',(#3550),#3546,.T.);
#3546=PLANE('',#3547);
#3547=AXIS2_PLACEMENT_3D('',#241,#3548,#3549);
#3548=DIRECTION('',(0,-0.9547223469940149,0.29749830276867073));
#3549=DIRECTION('',(-1,0,0));
#3550=FACE_BOUND('',#3551,.T.);
#3551=EDGE_LOOP('',(#3552,#3553,#3554));
#3552=ORIENTED_EDGE('',*,*,#3555,.T.);
#3553=ORIENTED_EDGE('',*,*,#3556,.T.);
#3554=ORIENTED_EDGE('',*,*,#3557,.T.);
#3555=EDGE_CURVE('',#242,#244,#3558,.F.);
#3556=EDGE_CURVE('',#244,#246,#3559,.T.);
#3557=EDGE_CURVE('',#246,#242,#3560,.T.);
#3558=LINE('',#241,#3561);
#3559=LINE('',#243,#3562);
#3560=LINE('',#245,#3563);
#3561=VECTOR('',#3564,1.0);
#3562=VECTOR('',#3565,1.0);
#3563=VECTOR('',#3566,1.0);
#3564=DIRECTION('',(-1,0,0));
#3565=DIRECTION('',(0.998085823560558,-0.018398505412196894,-0.05904391421679232));
#3566=DIRECTION('',(0,0.29749830276867073,0.9547223469940149));
#3567=STYLED_ITEM('',(#25),#3568);
#3568=FACE_SURFACE('',(#3573),#3569,.T.);
#3569=PLANE('',#3570);
#3570=AXIS2_PLACEMENT_3D('',#245,#3571,#3572);
#3571=DIRECTION('',(0,-0.9547223469940149,0.29749830276867073));
#3572=DIRECTION('',(-0.998085823560558,0.018398505412196894,0.05904391421679232));
#3573=FACE_BOUND('',#3574,.T.);
#3574=EDGE_LOOP('',(#3575,#3576,#3577));
#3575=ORIENTED_EDGE('',*,*,#3578,.T.);
#3576=ORIENTED_EDGE('',*,*,#3579,.T.);
#3577=ORIENTED_EDGE('',*,*,#3580,.T.);
#3578=EDGE_CURVE('',#246,#244,#3581,.F.);
#3579=EDGE_CURVE('',#244,#248,#3582,.T.);
#3580=EDGE_CURVE('',#248,#246,#3583,.T.);
#3581=LINE('',#245,#3584);
#3582=LINE('',#243,#3585);
#3583=LINE('',#247,#3586);
#3584=VECTOR('',#3587,1.0);
#3585=VECTOR('',#3588,1.0);
#3586=VECTOR('',#3589,1.0);
#3587=DIRECTION('',(-0.998085823560558,0.018398505412196894,0.05904391421679232));
#3588=DIRECTION('',(0,-0.29749830276867073,-0.9547223469940149));
#3589=DIRECTION('',(1,0,0));
#3590=STYLED_ITEM('',(#25),#3591);
#3591=FACE_SURFACE('',(#3596),#3592,.T.);
#3592=PLANE('',#3593);
#3593=AXIS2_PLACEMENT_3D('',#245,#3594,#3595);
#3594=DIRECTION('',(0,-0.965926742347108,0.25881562630317306));
#3595=DIRECTION('',(-1,0,0));
#3596=FACE_BOUND('',#3597,.T.);
#3597=EDGE_LOOP('',(#3598,#3599,#3600));
#3598=ORIENTED_EDGE('',*,*,#3601,.T.);
#3599=ORIENTED_EDGE('',*,*,#3602,.T.);
#3600=ORIENTED_EDGE('',*,*,#3603,.T.);
#3601=EDGE_CURVE('',#246,#248,#3604,.F.);
#3602=EDGE_CURVE('',#248,#250,#3605,.T.);
#3603=EDGE_CURVE('',#250,#246,#3606,.T.);
#3604=LINE('',#245,#3607);
#3605=LINE('',#247,#3608);
#3606=LINE('',#249,#3609);
#3607=VECTOR('',#3610,1.0);
#3608=VECTOR('',#3611,1.0);
#3609=VECTOR('',#3612,1.0);
#3610=DIRECTION('',(-1,0,0));
#3611=DIRECTION('',(0.9980860842589016,-0.016005122355704806,-0.05973277548475162));
#3612=DIRECTION('',(0,0.25881562630317306,0.965926742347108));
#3613=STYLED_ITEM('',(#25),#3614);
#3614=FACE_SURFACE('',(#3619),#3615,.T.);
#3615=PLANE('',#3616);
#3616=AXIS2_PLACEMENT_3D('',#249,#3617,#3618);
#3617=DIRECTION('',(0,-0.965926742347108,0.25881562630317306));
#3618=DIRECTION('',(-0.9980860842589016,0.016005122355704806,0.05973277548475162));
#3619=FACE_BOUND('',#3620,.T.);
#3620=EDGE_LOOP('',(#3621,#3622,#3623));
#3621=ORIENTED_EDGE('',*,*,#3624,.T.);
#3622=ORIENTED_EDGE('',*,*,#3625,.T.);
#3623=ORIENTED_EDGE('',*,*,#3626,.T.);
#3624=EDGE_CURVE('',#250,#248,#3627,.F.);
#3625=EDGE_CURVE('',#248,#252,#3628,.T.);
#3626=EDGE_CURVE('',#252,#250,#3629,.T.);
#3627=LINE('',#249,#3630);
#3628=LINE('',#247,#3631);
#3629=LINE('',#251,#3632);
#3630=VECTOR('',#3633,1.0);
#3631=VECTOR('',#3634,1.0);
#3632=VECTOR('',#3635,1.0);
#3633=DIRECTION('',(-0.9980860842589016,0.016005122355704806,0.05973277548475162));
#3634=DIRECTION('',(0,-0.25881562630317306,-0.965926742347108));
#3635=DIRECTION('',(1,0,0));
#3636=STYLED_ITEM('',(#25),#3637);
#3637=FACE_SURFACE('',(#3642),#3638,.T.);
#3638=PLANE('',#3639);
#3639=AXIS2_PLACEMENT_3D('',#249,#3640,#3641);
#3640=DIRECTION('',(0,-0.9755630809370479,0.21971953739395766));
#3641=DIRECTION('',(-1,0,0));
#3642=FACE_BOUND('',#3643,.T.);
#3643=EDGE_LOOP('',(#3644,#3645,#3646));
#3644=ORIENTED_EDGE('',*,*,#3647,.T.);
#3645=ORIENTED_EDGE('',*,*,#3648,.T.);
#3646=ORIENTED_EDGE('',*,*,#3649,.T.);
#3647=EDGE_CURVE('',#250,#252,#3650,.F.);
#3648=EDGE_CURVE('',#252,#254,#3651,.T.);
#3649=EDGE_CURVE('',#254,#250,#3652,.T.);
#3650=LINE('',#249,#3653);
#3651=LINE('',#251,#3654);
#3652=LINE('',#253,#3655);
#3653=VECTOR('',#3656,1.0);
#3654=VECTOR('',#3657,1.0);
#3655=VECTOR('',#3658,1.0);
#3656=DIRECTION('',(-1,0,0));
#3657=DIRECTION('',(0.9980858374119739,-0.013588301002081634,-0.06033257191199277));
#3658=DIRECTION('',(0,0.21971953739395766,0.9755630809370479));
#3659=STYLED_ITEM('',(#25),#3660);
#3660=FACE_SURFACE('',(#3665),#3661,.T.);
#3661=PLANE('',#3662);
#3662=AXIS2_PLACEMENT_3D('',#253,#3663,#3664);
#3663=DIRECTION('',(0,-0.9755630809370479,0.21971953739395766));
#3664=DIRECTION('',(-0.9980858374119739,0.013588301002081634,0.06033257191199277));
#3665=FACE_BOUND('',#3666,.T.);
#3666=EDGE_LOOP('',(#3667,#3668,#3669));
#3667=ORIENTED_EDGE('',*,*,#3670,.T.);
#3668=ORIENTED_EDGE('',*,*,#3671,.T.);
#3669=ORIENTED_EDGE('',*,*,#3672,.T.);
#3670=EDGE_CURVE('',#254,#252,#3673,.F.);
#3671=EDGE_CURVE('',#252,#256,#3674,.T.);
#3672=EDGE_CURVE('',#256,#254,#3675,.T.);
#3673=LINE('',#253,#3676);
#3674=LINE('',#251,#3677);
#3675=LINE('',#255,#3678);
#3676=VECTOR('',#3679,1.0);
#3677=VECTOR('',#3680,1.0);
#3678=VECTOR('',#3681,1.0);
#3679=DIRECTION('',(-0.9980858374119739,0.013588301002081634,0.06033257191199277));
#3680=DIRECTION('',(0,-0.21971953739395766,-0.9755630809370479));
#3681=DIRECTION('',(1,0,0));
#3682=STYLED_ITEM('',(#25),#3683);
#3683=FACE_SURFACE('',(#3688),#3684,.T.);
#3684=PLANE('',#3685);
#3685=AXIS2_PLACEMENT_3D('',#253,#3686,#3687);
#3686=DIRECTION('',(0,-0.9836213382343876,0.18024722735729523));
#3687=DIRECTION('',(-1,0,0));
#3688=FACE_BOUND('',#3689,.T.);
#3689=EDGE_LOOP('',(#3690,#3691,#3692));
#3690=ORIENTED_EDGE('',*,*,#3693,.T.);
#3691=ORIENTED_EDGE('',*,*,#3694,.T.);
#3692=ORIENTED_EDGE('',*,*,#3695,.T.);
#3693=EDGE_CURVE('',#254,#256,#3696,.F.);
#3694=EDGE_CURVE('',#256,#258,#3697,.T.);
#3695=EDGE_CURVE('',#258,#254,#3698,.T.);
#3696=LINE('',#253,#3699);
#3697=LINE('',#255,#3700);
#3698=LINE('',#257,#3701);
#3699=VECTOR('',#3702,1.0);
#3700=VECTOR('',#3703,1.0);
#3701=VECTOR('',#3704,1.0);
#3702=DIRECTION('',(-1,0,0));
#3703=DIRECTION('',(0.9980859400099982,-0.011146883121426077,-0.06082929681523149));
#3704=DIRECTION('',(0,0.18024722735729523,0.9836213382343876));
#3705=STYLED_ITEM('',(#25),#3706);
#3706=FACE_SURFACE('',(#3711),#3707,.T.);
#3707=PLANE('',#3708);
#3708=AXIS2_PLACEMENT_3D('',#257,#3709,#3710);
#3709=DIRECTION('',(0,-0.9836213382343876,0.18024722735729523));
#3710=DIRECTION('',(-0.9980859400099982,0.011146883121426077,0.06082929681523149));
#3711=FACE_BOUND('',#3712,.T.);
#3712=EDGE_LOOP('',(#3713,#3714,#3715));
#3713=ORIENTED_EDGE('',*,*,#3716,.T.);
#3714=ORIENTED_EDGE('',*,*,#3717,.T.);
#3715=ORIENTED_EDGE('',*,*,#3718,.T.);
#3716=EDGE_CURVE('',#258,#256,#3719,.F.);
#3717=EDGE_CURVE('',#256,#260,#3720,.T.);
#3718=EDGE_CURVE('',#260,#258,#3721,.T.);
#3719=LINE('',#257,#3722);
#3720=LINE('',#255,#3723);
#3721=LINE('',#259,#3724);
#3722=VECTOR('',#3725,1.0);
#3723=VECTOR('',#3726,1.0);
#3724=VECTOR('',#3727,1.0);
#3725=DIRECTION('',(-0.9980859400099982,0.011146883121426077,0.06082929681523149));
#3726=DIRECTION('',(0,-0.18024722735729523,-0.9836213382343876));
#3727=DIRECTION('',(1,0,0));
#3728=STYLED_ITEM('',(#25),#3729);
#3729=FACE_SURFACE('',(#3734),#3730,.T.);
#3730=PLANE('',#3731);
#3731=AXIS2_PLACEMENT_3D('',#257,#3732,#3733);
#3732=DIRECTION('',(0,-0.9900797831657461,0.14050630934754973));
#3733=DIRECTION('',(-1,0,0));
#3734=FACE_BOUND('',#3735,.T.);
#3735=EDGE_LOOP('',(#3736,#3737,#3738));
#3736=ORIENTED_EDGE('',*,*,#3739,.T.);
#3737=ORIENTED_EDGE('',*,*,#3740,.T.);
#3738=ORIENTED_EDGE('',*,*,#3741,.T.);
#3739=EDGE_CURVE('',#258,#260,#3742,.F.);
#3740=EDGE_CURVE('',#260,#262,#3743,.T.);
#3741=EDGE_CURVE('',#262,#258,#3744,.T.);
#3742=LINE('',#257,#3745);
#3743=LINE('',#259,#3746);
#3744=LINE('',#261,#3747);
#3745=VECTOR('',#3748,1.0);
#3746=VECTOR('',#3749,1.0);
#3747=VECTOR('',#3750,1.0);
#3748=DIRECTION('',(-1,0,0));
#3749=DIRECTION('',(0.998086008100037,-0.008689063347541192,-0.0612276131584054));
#3750=DIRECTION('',(0,0.1405063093475497,0.9900797831657461));
#3751=STYLED_ITEM('',(#25),#3752);
#3752=FACE_SURFACE('',(#3757),#3753,.T.);
#3753=PLANE('',#3754);
#3754=AXIS2_PLACEMENT_3D('',#261,#3755,#3756);
#3755=DIRECTION('',(0,-0.9900797831657461,0.14050630934754973));
#3756=DIRECTION('',(-0.998086008100037,0.008689063347541192,0.0612276131584054));
#3757=FACE_BOUND('',#3758,.T.);
#3758=EDGE_LOOP('',(#3759,#3760,#3761));
#3759=ORIENTED_EDGE('',*,*,#3762,.T.);
#3760=ORIENTED_EDGE('',*,*,#3763,.T.);
#3761=ORIENTED_EDGE('',*,*,#3764,.T.);
#3762=EDGE_CURVE('',#262,#260,#3765,.F.);
#3763=EDGE_CURVE('',#260,#264,#3766,.T.);
#3764=EDGE_CURVE('',#264,#262,#3767,.T.);
#3765=LINE('',#261,#3768);
#3766=LINE('',#259,#3769);
#3767=LINE('',#263,#3770);
#3768=VECTOR('',#3771,1.0);
#3769=VECTOR('',#3772,1.0);
#3770=VECTOR('',#3773,1.0);
#3771=DIRECTION('',(-0.998086008100037,0.008689063347541192,0.0612276131584054));
#3772=DIRECTION('',(0,-0.1405063093475497,-0.9900797831657461));
#3773=DIRECTION('',(1,0,0));
#3774=STYLED_ITEM('',(#25),#3775);
#3775=FACE_SURFACE('',(#3780),#3776,.T.);
#3776=PLANE('',#3777);
#3777=AXIS2_PLACEMENT_3D('',#261,#3778,#3779);
#3778=DIRECTION('',(0,-0.9949353903279203,0.1005165114447819));
#3779=DIRECTION('',(-1,0,0));
#3780=FACE_BOUND('',#3781,.T.);
#3781=EDGE_LOOP('',(#3782,#3783,#3784));
#3782=ORIENTED_EDGE('',*,*,#3785,.T.);
#3783=ORIENTED_EDGE('',*,*,#3786,.T.);
#3784=ORIENTED_EDGE('',*,*,#3787,.T.);
#3785=EDGE_CURVE('',#262,#264,#3788,.F.);
#3786=EDGE_CURVE('',#264,#266,#3789,.T.);
#3787=EDGE_CURVE('',#266,#262,#3790,.T.);
#3788=LINE('',#261,#3791);
#3789=LINE('',#263,#3792);
#3790=LINE('',#265,#3793);
#3791=VECTOR('',#3794,1.0);
#3792=VECTOR('',#3795,1.0);
#3793=VECTOR('',#3796,1.0);
#3794=DIRECTION('',(-1,0,0));
#3795=DIRECTION('',(0.9980860310777572,-0.006216013372448941,-0.061527520226350996));
#3796=DIRECTION('',(0,0.10051651144478188,0.9949353903279202));
#3797=STYLED_ITEM('',(#25),#3798);
#3798=FACE_SURFACE('',(#3803),#3799,.T.);
#3799=PLANE('',#3800);
#3800=AXIS2_PLACEMENT_3D('',#265,#3801,#3802);
#3801=DIRECTION('',(0,-0.9949353903279203,0.1005165114447819));
#3802=DIRECTION('',(-0.9980860310777572,0.006216013372448941,0.061527520226350996));
#3803=FACE_BOUND('',#3804,.T.);
#3804=EDGE_LOOP('',(#3805,#3806,#3807));
#3805=ORIENTED_EDGE('',*,*,#3808,.T.);
#3806=ORIENTED_EDGE('',*,*,#3809,.T.);
#3807=ORIENTED_EDGE('',*,*,#3810,.T.);
#3808=EDGE_CURVE('',#266,#264,#3811,.F.);
#3809=EDGE_CURVE('',#264,#268,#3812,.T.);
#3810=EDGE_CURVE('',#268,#266,#3813,.T.);
#3811=LINE('',#265,#3814);
#3812=LINE('',#263,#3815);
#3813=LINE('',#267,#3816);
#3814=VECTOR('',#3817,1.0);
#3815=VECTOR('',#3818,1.0);
#3816=VECTOR('',#3819,1.0);
#3817=DIRECTION('',(-0.9980860310777572,0.006216013372448941,0.061527520226350996));
#3818=DIRECTION('',(0,-0.10051651144478188,-0.9949353903279202));
#3819=DIRECTION('',(1,0,0));
#3820=STYLED_ITEM('',(#25),#3821);
#3821=FACE_SURFACE('',(#3826),#3822,.T.);
#3822=PLANE('',#3823);
#3823=AXIS2_PLACEMENT_3D('',#265,#3824,#3825);
#3824=DIRECTION('',(0,-0.9981758725191509,0.060373235134717484));
#3825=DIRECTION('',(-1,0,0));
#3826=FACE_BOUND('',#3827,.T.);
#3827=EDGE_LOOP('',(#3828,#3829,#3830));
#3828=ORIENTED_EDGE('',*,*,#3831,.T.);
#3829=ORIENTED_EDGE('',*,*,#3832,.T.);
#3830=ORIENTED_EDGE('',*,*,#3833,.T.);
#3831=EDGE_CURVE('',#266,#268,#3834,.F.);
#3832=EDGE_CURVE('',#268,#270,#3835,.T.);
#3833=EDGE_CURVE('',#270,#266,#3836,.T.);
#3834=LINE('',#265,#3837);
#3835=LINE('',#267,#3838);
#3836=LINE('',#269,#3839);
#3837=VECTOR('',#3840,1.0);
#3838=VECTOR('',#3841,1.0);
#3839=VECTOR('',#3842,1.0);
#3840=DIRECTION('',(-1,0,0));
#3841=DIRECTION('',(0.9980859627267666,-0.0037335908898106563,-0.06172901511324227));
#3842=DIRECTION('',(0,0.060373235134717484,0.9981758725191509));
#3843=STYLED_ITEM('',(#25),#3844);
#3844=FACE_SURFACE('',(#3849),#3845,.T.);
#3845=PLANE('',#3846);
#3846=AXIS2_PLACEMENT_3D('',#269,#3847,#3848);
#3847=DIRECTION('',(0,-0.9981758725191509,0.060373235134717484));
#3848=DIRECTION('',(-0.9980859627267666,0.0037335908898106563,0.06172901511324227));
#3849=FACE_BOUND('',#3850,.T.);
#3850=EDGE_LOOP('',(#3851,#3852,#3853));
#3851=ORIENTED_EDGE('',*,*,#3854,.T.);
#3852=ORIENTED_EDGE('',*,*,#3855,.T.);
#3853=ORIENTED_EDGE('',*,*,#3856,.T.);
#3854=EDGE_CURVE('',#270,#268,#3857,.F.);
#3855=EDGE_CURVE('',#268,#272,#3858,.T.);
#3856=EDGE_CURVE('',#272,#270,#3859,.T.);
#3857=LINE('',#269,#3860);
#3858=LINE('',#267,#3861);
#3859=LINE('',#271,#3862);
#3860=VECTOR('',#3863,1.0);
#3861=VECTOR('',#3864,1.0);
#3862=VECTOR('',#3865,1.0);
#3863=DIRECTION('',(-0.9980859627267666,0.0037335908898106563,0.06172901511324227));
#3864=DIRECTION('',(0,-0.060373235134717484,-0.9981758725191509));
#3865=DIRECTION('',(1,0,0));
#3866=STYLED_ITEM('',(#25),#3867);
#3867=FACE_SURFACE('',(#3872),#3868,.T.);
#3868=PLANE('',#3869);
#3869=AXIS2_PLACEMENT_3D('',#269,#3870,#3871);
#3870=DIRECTION('',(0,-0.9997972170324306,0.020137646689886952));
#3871=DIRECTION('',(-1,0,0));
#3872=FACE_BOUND('',#3873,.T.);
#3873=EDGE_LOOP('',(#3874,#3875,#3876));
#3874=ORIENTED_EDGE('',*,*,#3877,.T.);
#3875=ORIENTED_EDGE('',*,*,#3878,.T.);
#3876=ORIENTED_EDGE('',*,*,#3879,.T.);
#3877=EDGE_CURVE('',#270,#272,#3880,.F.);
#3878=EDGE_CURVE('',#272,#274,#3881,.T.);
#3879=EDGE_CURVE('',#274,#270,#3882,.T.);
#3880=LINE('',#269,#3883);
#3881=LINE('',#271,#3884);
#3882=LINE('',#273,#3885);
#3883=VECTOR('',#3886,1.0);
#3884=VECTOR('',#3887,1.0);
#3885=VECTOR('',#3888,1.0);
#3886=DIRECTION('',(-1,0,0));
#3887=DIRECTION('',(0.9980860775763282,-0.0012453114441664907,-0.06182742876512767));
#3888=DIRECTION('',(0,0.020137646689886952,0.9997972170324306));
#3889=STYLED_ITEM('',(#25),#3890);
#3890=FACE_SURFACE('',(#3895),#3891,.T.);
#3891=PLANE('',#3892);
#3892=AXIS2_PLACEMENT_3D('',#273,#3893,#3894);
#3893=DIRECTION('',(0,-0.9997972170324306,0.020137646689886952));
#3894=DIRECTION('',(-0.9980860775763282,0.0012453114441664907,0.06182742876512767));
#3895=FACE_BOUND('',#3896,.T.);
#3896=EDGE_LOOP('',(#3897,#3898,#3899));
#3897=ORIENTED_EDGE('',*,*,#3900,.T.);
#3898=ORIENTED_EDGE('',*,*,#3901,.T.);
#3899=ORIENTED_EDGE('',*,*,#3902,.T.);
#3900=EDGE_CURVE('',#274,#272,#3903,.F.);
#3901=EDGE_CURVE('',#272,#276,#3904,.T.);
#3902=EDGE_CURVE('',#276,#274,#3905,.T.);
#3903=LINE('',#273,#3906);
#3904=LINE('',#271,#3907);
#3905=LINE('',#275,#3908);
#3906=VECTOR('',#3909,1.0);
#3907=VECTOR('',#3910,1.0);
#3908=VECTOR('',#3911,1.0);
#3909=DIRECTION('',(-0.9980860775763282,0.0012453114441664907,0.06182742876512767));
#3910=DIRECTION('',(-1,0,0));
#3911=DIRECTION('',(0.9995204873373249,-0.0006235505782139566,-0.03095814234790195));
#3912=STYLED_ITEM('',(#25),#3913);
#3913=FACE_SURFACE('',(#3918),#3914,.T.);
#3914=PLANE('',#3915);
#3915=AXIS2_PLACEMENT_3D('',#273,#3916,#3917);
#3916=DIRECTION('',(0,-0.9997972170324307,0.020137646689886952));
#3917=DIRECTION('',(-0.9995204873373249,0.0006235505782139566,0.03095814234790195));
#3918=FACE_BOUND('',#3919,.T.);
#3919=EDGE_LOOP('',(#3920,#3921,#3922));
#3920=ORIENTED_EDGE('',*,*,#3923,.T.);
#3921=ORIENTED_EDGE('',*,*,#3924,.T.);
#3922=ORIENTED_EDGE('',*,*,#3925,.T.);
#3923=EDGE_CURVE('',#274,#276,#3926,.F.);
#3924=EDGE_CURVE('',#276,#278,#3927,.T.);
#3925=EDGE_CURVE('',#278,#274,#3928,.T.);
#3926=LINE('',#273,#3929);
#3927=LINE('',#275,#3930);
#3928=LINE('',#277,#3931);
#3929=VECTOR('',#3932,1.0);
#3930=VECTOR('',#3933,1.0);
#3931=VECTOR('',#3934,1.0);
#3932=DIRECTION('',(-0.9995204873373249,0.0006235505782139566,0.03095814234790195));
#3933=DIRECTION('',(-0.9980860775763282,-0.0012453114441664907,-0.06182742876512767));
#3934=DIRECTION('',(1,0,0));
#3935=STYLED_ITEM('',(#25),#3936);
#3936=FACE_SURFACE('',(#3941),#3937,.T.);
#3937=PLANE('',#3938);
#3938=AXIS2_PLACEMENT_3D('',#277,#3939,#3940);
#3939=DIRECTION('',(0,-0.9997972170324306,0.020137646689886952));
#3940=DIRECTION('',(0.9980860775763282,0.0012453114441664907,0.06182742876512767));
#3941=FACE_BOUND('',#3942,.T.);
#3942=EDGE_LOOP('',(#3943,#3944,#3945));
#3943=ORIENTED_EDGE('',*,*,#3946,.T.);
#3944=ORIENTED_EDGE('',*,*,#3947,.T.);
#3945=ORIENTED_EDGE('',*,*,#3948,.T.);
#3946=EDGE_CURVE('',#278,#276,#3949,.F.);
#3947=EDGE_CURVE('',#276,#280,#3950,.T.);
#3948=EDGE_CURVE('',#280,#278,#3951,.T.);
#3949=LINE('',#277,#3952);
#3950=LINE('',#275,#3953);
#3951=LINE('',#279,#3954);
#3952=VECTOR('',#3955,1.0);
#3953=VECTOR('',#3956,1.0);
#3954=VECTOR('',#3957,1.0);
#3955=DIRECTION('',(0.9980860775763282,0.0012453114441664907,0.06182742876512767));
#3956=DIRECTION('',(-1,0,0));
#3957=DIRECTION('',(0,-0.020137646689886952,-0.9997972170324306));
#3958=STYLED_ITEM('',(#25),#3959);
#3959=FACE_SURFACE('',(#3964),#3960,.T.);
#3960=PLANE('',#3961);
#3961=AXIS2_PLACEMENT_3D('',#279,#3962,#3963);
#3962=DIRECTION('',(0,-0.9981758725191509,0.060373235134717484));
#3963=DIRECTION('',(1,0,0));
#3964=FACE_BOUND('',#3965,.T.);
#3965=EDGE_LOOP('',(#3966,#3967,#3968));
#3966=ORIENTED_EDGE('',*,*,#3969,.T.);
#3967=ORIENTED_EDGE('',*,*,#3970,.T.);
#3968=ORIENTED_EDGE('',*,*,#3971,.T.);
#3969=EDGE_CURVE('',#280,#276,#3972,.F.);
#3970=EDGE_CURVE('',#276,#282,#3973,.T.);
#3971=EDGE_CURVE('',#282,#280,#3974,.T.);
#3972=LINE('',#279,#3975);
#3973=LINE('',#275,#3976);
#3974=LINE('',#281,#3977);
#3975=VECTOR('',#3978,1.0);
#3976=VECTOR('',#3979,1.0);
#3977=VECTOR('',#3980,1.0);
#3978=DIRECTION('',(1,0,0));
#3979=DIRECTION('',(-0.9980859627267666,0.0037335908898106563,0.06172901511324227));
#3980=DIRECTION('',(0,-0.060373235134717484,-0.9981758725191509));
#3981=STYLED_ITEM('',(#25),#3982);
#3982=FACE_SURFACE('',(#3987),#3983,.T.);
#3983=PLANE('',#3984);
#3984=AXIS2_PLACEMENT_3D('',#281,#3985,#3986);
#3985=DIRECTION('',(0,-0.9981758725191509,0.060373235134717484));
#3986=DIRECTION('',(0.9980859627267666,-0.0037335908898106563,-0.06172901511324227));
#3987=FACE_BOUND('',#3988,.T.);
#3988=EDGE_LOOP('',(#3989,#3990,#3991));
#3989=ORIENTED_EDGE('',*,*,#3992,.T.);
#3990=ORIENTED_EDGE('',*,*,#3993,.T.);
#3991=ORIENTED_EDGE('',*,*,#3994,.T.);
#3992=EDGE_CURVE('',#282,#276,#3995,.F.);
#3993=EDGE_CURVE('',#276,#284,#3996,.T.);
#3994=EDGE_CURVE('',#284,#282,#3997,.T.);
#3995=LINE('',#281,#3998);
#3996=LINE('',#275,#3999);
#3997=LINE('',#283,#4000);
#3998=VECTOR('',#4001,1.0);
#3999=VECTOR('',#4002,1.0);
#4000=VECTOR('',#4003,1.0);
#4001=DIRECTION('',(0.9980859627267666,-0.0037335908898106563,-0.06172901511324227));
#4002=DIRECTION('',(0,0.060373235134717484,0.9981758725191509));
#4003=DIRECTION('',(-1,0,0));
#4004=STYLED_ITEM('',(#25),#4005);
#4005=FACE_SURFACE('',(#4010),#4006,.T.);
#4006=PLANE('',#4007);
#4007=AXIS2_PLACEMENT_3D('',#281,#4008,#4009);
#4008=DIRECTION('',(0,-0.9949353903279203,0.1005165114447819));
#4009=DIRECTION('',(1,0,0));
#4010=FACE_BOUND('',#4011,.T.);
#4011=EDGE_LOOP('',(#4012,#4013,#4014));
#4012=ORIENTED_EDGE('',*,*,#4015,.T.);
#4013=ORIENTED_EDGE('',*,*,#4016,.T.);
#4014=ORIENTED_EDGE('',*,*,#4017,.T.);
#4015=EDGE_CURVE('',#282,#284,#4018,.F.);
#4016=EDGE_CURVE('',#284,#286,#4019,.T.);
#4017=EDGE_CURVE('',#286,#282,#4020,.T.);
#4018=LINE('',#281,#4021);
#4019=LINE('',#283,#4022);
#4020=LINE('',#285,#4023);
#4021=VECTOR('',#4024,1.0);
#4022=VECTOR('',#4025,1.0);
#4023=VECTOR('',#4026,1.0);
#4024=DIRECTION('',(1,0,0));
#4025=DIRECTION('',(-0.9980860310777572,0.006216013372448941,0.061527520226350996));
#4026=DIRECTION('',(0,-0.10051651144478188,-0.9949353903279202));
#4027=STYLED_ITEM('',(#25),#4028);
#4028=FACE_SURFACE('',(#4033),#4029,.T.);
#4029=PLANE('',#4030);
#4030=AXIS2_PLACEMENT_3D('',#285,#4031,#4032);
#4031=DIRECTION('',(0,-0.9949353903279203,0.1005165114447819));
#4032=DIRECTION('',(0.9980860310777572,-0.006216013372448941,-0.061527520226350996));
#4033=FACE_BOUND('',#4034,.T.);
#4034=EDGE_LOOP('',(#4035,#4036,#4037));
#4035=ORIENTED_EDGE('',*,*,#4038,.T.);
#4036=ORIENTED_EDGE('',*,*,#4039,.T.);
#4037=ORIENTED_EDGE('',*,*,#4040,.T.);
#4038=EDGE_CURVE('',#286,#284,#4041,.F.);
#4039=EDGE_CURVE('',#284,#288,#4042,.T.);
#4040=EDGE_CURVE('',#288,#286,#4043,.T.);
#4041=LINE('',#285,#4044);
#4042=LINE('',#283,#4045);
#4043=LINE('',#287,#4046);
#4044=VECTOR('',#4047,1.0);
#4045=VECTOR('',#4048,1.0);
#4046=VECTOR('',#4049,1.0);
#4047=DIRECTION('',(0.9980860310777572,-0.006216013372448941,-0.061527520226350996));
#4048=DIRECTION('',(0,0.10051651144478188,0.9949353903279202));
#4049=DIRECTION('',(-1,0,0));
#4050=STYLED_ITEM('',(#25),#4051);
#4051=FACE_SURFACE('',(#4056),#4052,.T.);
#4052=PLANE('',#4053);
#4053=AXIS2_PLACEMENT_3D('',#285,#4054,#4055);
#4054=DIRECTION('',(0,-0.9900797831657461,0.14050630934754973));
#4055=DIRECTION('',(1,0,0));
#4056=FACE_BOUND('',#4057,.T.);
#4057=EDGE_LOOP('',(#4058,#4059,#4060));
#4058=ORIENTED_EDGE('',*,*,#4061,.T.);
#4059=ORIENTED_EDGE('',*,*,#4062,.T.);
#4060=ORIENTED_EDGE('',*,*,#4063,.T.);
#4061=EDGE_CURVE('',#286,#288,#4064,.F.);
#4062=EDGE_CURVE('',#288,#290,#4065,.T.);
#4063=EDGE_CURVE('',#290,#286,#4066,.T.);
#4064=LINE('',#285,#4067);
#4065=LINE('',#287,#4068);
#4066=LINE('',#289,#4069);
#4067=VECTOR('',#4070,1.0);
#4068=VECTOR('',#4071,1.0);
#4069=VECTOR('',#4072,1.0);
#4070=DIRECTION('',(1,0,0));
#4071=DIRECTION('',(-0.998086008100037,0.008689063347541192,0.0612276131584054));
#4072=DIRECTION('',(0,-0.1405063093475497,-0.9900797831657461));
#4073=STYLED_ITEM('',(#25),#4074);
#4074=FACE_SURFACE('',(#4079),#4075,.T.);
#4075=PLANE('',#4076);
#4076=AXIS2_PLACEMENT_3D('',#289,#4077,#4078);
#4077=DIRECTION('',(0,-0.9900797831657461,0.14050630934754973));
#4078=DIRECTION('',(0.998086008100037,-0.008689063347541192,-0.0612276131584054));
#4079=FACE_BOUND('',#4080,.T.);
#4080=EDGE_LOOP('',(#4081,#4082,#4083));
#4081=ORIENTED_EDGE('',*,*,#4084,.T.);
#4082=ORIENTED_EDGE('',*,*,#4085,.T.);
#4083=ORIENTED_EDGE('',*,*,#4086,.T.);
#4084=EDGE_CURVE('',#290,#288,#4087,.F.);
#4085=EDGE_CURVE('',#288,#292,#4088,.T.);
#4086=EDGE_CURVE('',#292,#290,#4089,.T.);
#4087=LINE('',#289,#4090);
#4088=LINE('',#287,#4091);
#4089=LINE('',#291,#4092);
#4090=VECTOR('',#4093,1.0);
#4091=VECTOR('',#4094,1.0);
#4092=VECTOR('',#4095,1.0);
#4093=DIRECTION('',(0.998086008100037,-0.008689063347541192,-0.0612276131584054));
#4094=DIRECTION('',(0,0.1405063093475497,0.9900797831657461));
#4095=DIRECTION('',(-1,0,0));
#4096=STYLED_ITEM('',(#25),#4097);
#4097=FACE_SURFACE('',(#4102),#4098,.T.);
#4098=PLANE('',#4099);
#4099=AXIS2_PLACEMENT_3D('',#289,#4100,#4101);
#4100=DIRECTION('',(0,-0.9836213382343876,0.18024722735729523));
#4101=DIRECTION('',(1,0,0));
#4102=FACE_BOUND('',#4103,.T.);
#4103=EDGE_LOOP('',(#4104,#4105,#4106));
#4104=ORIENTED_EDGE('',*,*,#4107,.T.);
#4105=ORIENTED_EDGE('',*,*,#4108,.T.);
#4106=ORIENTED_EDGE('',*,*,#4109,.T.);
#4107=EDGE_CURVE('',#290,#292,#4110,.F.);
#4108=EDGE_CURVE('',#292,#294,#4111,.T.);
#4109=EDGE_CURVE('',#294,#290,#4112,.T.);
#4110=LINE('',#289,#4113);
#4111=LINE('',#291,#4114);
#4112=LINE('',#293,#4115);
#4113=VECTOR('',#4116,1.0);
#4114=VECTOR('',#4117,1.0);
#4115=VECTOR('',#4118,1.0);
#4116=DIRECTION('',(1,0,0));
#4117=DIRECTION('',(-0.9980859400099982,0.011146883121426077,0.06082929681523149));
#4118=DIRECTION('',(0,-0.18024722735729523,-0.9836213382343876));
#4119=STYLED_ITEM('',(#25),#4120);
#4120=FACE_SURFACE('',(#4125),#4121,.T.);
#4121=PLANE('',#4122);
#4122=AXIS2_PLACEMENT_3D('',#293,#4123,#4124);
#4123=DIRECTION('',(0,-0.9836213382343876,0.18024722735729523));
#4124=DIRECTION('',(0.9980859400099982,-0.011146883121426077,-0.06082929681523149));
#4125=FACE_BOUND('',#4126,.T.);
#4126=EDGE_LOOP('',(#4127,#4128,#4129));
#4127=ORIENTED_EDGE('',*,*,#4130,.T.);
#4128=ORIENTED_EDGE('',*,*,#4131,.T.);
#4129=ORIENTED_EDGE('',*,*,#4132,.T.);
#4130=EDGE_CURVE('',#294,#292,#4133,.F.);
#4131=EDGE_CURVE('',#292,#296,#4134,.T.);
#4132=EDGE_CURVE('',#296,#294,#4135,.T.);
#4133=LINE('',#293,#4136);
#4134=LINE('',#291,#4137);
#4135=LINE('',#295,#4138);
#4136=VECTOR('',#4139,1.0);
#4137=VECTOR('',#4140,1.0);
#4138=VECTOR('',#4141,1.0);
#4139=DIRECTION('',(0.9980859400099982,-0.011146883121426077,-0.06082929681523149));
#4140=DIRECTION('',(0,0.18024722735729523,0.9836213382343876));
#4141=DIRECTION('',(-1,0,0));
#4142=STYLED_ITEM('',(#25),#4143);
#4143=FACE_SURFACE('',(#4148),#4144,.T.);
#4144=PLANE('',#4145);
#4145=AXIS2_PLACEMENT_3D('',#293,#4146,#4147);
#4146=DIRECTION('',(0,-0.9755630809370479,0.21971953739395766));
#4147=DIRECTION('',(1,0,0));
#4148=FACE_BOUND('',#4149,.T.);
#4149=EDGE_LOOP('',(#4150,#4151,#4152));
#4150=ORIENTED_EDGE('',*,*,#4153,.T.);
#4151=ORIENTED_EDGE('',*,*,#4154,.T.);
#4152=ORIENTED_EDGE('',*,*,#4155,.T.);
#4153=EDGE_CURVE('',#294,#296,#4156,.F.);
#4154=EDGE_CURVE('',#296,#298,#4157,.T.);
#4155=EDGE_CURVE('',#298,#294,#4158,.T.);
#4156=LINE('',#293,#4159);
#4157=LINE('',#295,#4160);
#4158=LINE('',#297,#4161);
#4159=VECTOR('',#4162,1.0);
#4160=VECTOR('',#4163,1.0);
#4161=VECTOR('',#4164,1.0);
#4162=DIRECTION('',(1,0,0));
#4163=DIRECTION('',(-0.9980858374119739,0.013588301002081634,0.06033257191199277));
#4164=DIRECTION('',(0,-0.21971953739395766,-0.9755630809370479));
#4165=STYLED_ITEM('',(#25),#4166);
#4166=FACE_SURFACE('',(#4171),#4167,.T.);
#4167=PLANE('',#4168);
#4168=AXIS2_PLACEMENT_3D('',#297,#4169,#4170);
#4169=DIRECTION('',(0,-0.9755630809370479,0.21971953739395766));
#4170=DIRECTION('',(0.9980858374119739,-0.013588301002081634,-0.06033257191199277));
#4171=FACE_BOUND('',#4172,.T.);
#4172=EDGE_LOOP('',(#4173,#4174,#4175));
#4173=ORIENTED_EDGE('',*,*,#4176,.T.);
#4174=ORIENTED_EDGE('',*,*,#4177,.T.);
#4175=ORIENTED_EDGE('',*,*,#4178,.T.);
#4176=EDGE_CURVE('',#298,#296,#4179,.F.);
#4177=EDGE_CURVE('',#296,#300,#4180,.T.);
#4178=EDGE_CURVE('',#300,#298,#4181,.T.);
#4179=LINE('',#297,#4182);
#4180=LINE('',#295,#4183);
#4181=LINE('',#299,#4184);
#4182=VECTOR('',#4185,1.0);
#4183=VECTOR('',#4186,1.0);
#4184=VECTOR('',#4187,1.0);
#4185=DIRECTION('',(0.9980858374119739,-0.013588301002081634,-0.06033257191199277));
#4186=DIRECTION('',(0,0.21971953739395766,0.9755630809370479));
#4187=DIRECTION('',(-1,0,0));
#4188=STYLED_ITEM('',(#25),#4189);
#4189=FACE_SURFACE('',(#4194),#4190,.T.);
#4190=PLANE('',#4191);
#4191=AXIS2_PLACEMENT_3D('',#297,#4192,#4193);
#4192=DIRECTION('',(0,-0.965926742347108,0.25881562630317306));
#4193=DIRECTION('',(1,0,0));
#4194=FACE_BOUND('',#4195,.T.);
#4195=EDGE_LOOP('',(#4196,#4197,#4198));
#4196=ORIENTED_EDGE('',*,*,#4199,.T.);
#4197=ORIENTED_EDGE('',*,*,#4200,.T.);
#4198=ORIENTED_EDGE('',*,*,#4201,.T.);
#4199=EDGE_CURVE('',#298,#300,#4202,.F.);
#4200=EDGE_CURVE('',#300,#302,#4203,.T.);
#4201=EDGE_CURVE('',#302,#298,#4204,.T.);
#4202=LINE('',#297,#4205);
#4203=LINE('',#299,#4206);
#4204=LINE('',#301,#4207);
#4205=VECTOR('',#4208,1.0);
#4206=VECTOR('',#4209,1.0);
#4207=VECTOR('',#4210,1.0);
#4208=DIRECTION('',(1,0,0));
#4209=DIRECTION('',(-0.9980860842589016,0.016005122355704806,0.05973277548475162));
#4210=DIRECTION('',(0,-0.25881562630317306,-0.965926742347108));
#4211=STYLED_ITEM('',(#25),#4212);
#4212=FACE_SURFACE('',(#4217),#4213,.T.);
#4213=PLANE('',#4214);
#4214=AXIS2_PLACEMENT_3D('',#301,#4215,#4216);
#4215=DIRECTION('',(0,-0.965926742347108,0.25881562630317306));
#4216=DIRECTION('',(0.9980860842589016,-0.016005122355704806,-0.05973277548475162));
#4217=FACE_BOUND('',#4218,.T.);
#4218=EDGE_LOOP('',(#4219,#4220,#4221));
#4219=ORIENTED_EDGE('',*,*,#4222,.T.);
#4220=ORIENTED_EDGE('',*,*,#4223,.T.);
#4221=ORIENTED_EDGE('',*,*,#4224,.T.);
#4222=EDGE_CURVE('',#302,#300,#4225,.F.);
#4223=EDGE_CURVE('',#300,#304,#4226,.T.);
#4224=EDGE_CURVE('',#304,#302,#4227,.T.);
#4225=LINE('',#301,#4228);
#4226=LINE('',#299,#4229);
#4227=LINE('',#303,#4230);
#4228=VECTOR('',#4231,1.0);
#4229=VECTOR('',#4232,1.0);
#4230=VECTOR('',#4233,1.0);
#4231=DIRECTION('',(0.9980860842589016,-0.016005122355704806,-0.05973277548475162));
#4232=DIRECTION('',(0,0.25881562630317306,0.965926742347108));
#4233=DIRECTION('',(-1,0,0));
#4234=STYLED_ITEM('',(#25),#4235);
#4235=FACE_SURFACE('',(#4240),#4236,.T.);
#4236=PLANE('',#4237);
#4237=AXIS2_PLACEMENT_3D('',#301,#4238,#4239);
#4238=DIRECTION('',(0,-0.9547223469940149,0.29749830276867073));
#4239=DIRECTION('',(1,0,0));
#4240=FACE_BOUND('',#4241,.T.);
#4241=EDGE_LOOP('',(#4242,#4243,#4244));
#4242=ORIENTED_EDGE('',*,*,#4245,.T.);
#4243=ORIENTED_EDGE('',*,*,#4246,.T.);
#4244=ORIENTED_EDGE('',*,*,#4247,.T.);
#4245=EDGE_CURVE('',#302,#304,#4248,.F.);
#4246=EDGE_CURVE('',#304,#306,#4249,.T.);
#4247=EDGE_CURVE('',#306,#302,#4250,.T.);
#4248=LINE('',#301,#4251);
#4249=LINE('',#303,#4252);
#4250=LINE('',#305,#4253);
#4251=VECTOR('',#4254,1.0);
#4252=VECTOR('',#4255,1.0);
#4253=VECTOR('',#4256,1.0);
#4254=DIRECTION('',(1,0,0));
#4255=DIRECTION('',(-0.998085823560558,0.018398505412196894,0.05904391421679232));
#4256=DIRECTION('',(0,-0.29749830276867073,-0.9547223469940149));
#4257=STYLED_ITEM('',(#25),#4258);
#4258=FACE_SURFACE('',(#4263),#4259,.T.);
#4259=PLANE('',#4260);
#4260=AXIS2_PLACEMENT_3D('',#305,#4261,#4262);
#4261=DIRECTION('',(0,-0.9547223469940149,0.29749830276867073));
#4262=DIRECTION('',(0.998085823560558,-0.018398505412196894,-0.05904391421679232));
#4263=FACE_BOUND('',#4264,.T.);
#4264=EDGE_LOOP('',(#4265,#4266,#4267));
#4265=ORIENTED_EDGE('',*,*,#4268,.T.);
#4266=ORIENTED_EDGE('',*,*,#4269,.T.);
#4267=ORIENTED_EDGE('',*,*,#4270,.T.);
#4268=EDGE_CURVE('',#306,#304,#4271,.F.);
#4269=EDGE_CURVE('',#304,#308,#4272,.T.);
#4270=EDGE_CURVE('',#308,#306,#4273,.T.);
#4271=LINE('',#305,#4274);
#4272=LINE('',#303,#4275);
#4273=LINE('',#307,#4276);
#4274=VECTOR('',#4277,1.0);
#4275=VECTOR('',#4278,1.0);
#4276=VECTOR('',#4279,1.0);
#4277=DIRECTION('',(0.998085823560558,-0.018398505412196894,-0.05904391421679232));
#4278=DIRECTION('',(0,0.29749830276867073,0.9547223469940149));
#4279=DIRECTION('',(-1,0,0));
#4280=STYLED_ITEM('',(#25),#4281);
#4281=FACE_SURFACE('',(#4286),#4282,.T.);
#4282=PLANE('',#4283);
#4283=AXIS2_PLACEMENT_3D('',#305,#4284,#4285);
#4284=DIRECTION('',(0,-0.9419671411804496,0.3357050862532931));
#4285=DIRECTION('',(1,0,0));
#4286=FACE_BOUND('',#4287,.T.);
#4287=EDGE_LOOP('',(#4288,#4289,#4290));
#4288=ORIENTED_EDGE('',*,*,#4291,.T.);
#4289=ORIENTED_EDGE('',*,*,#4292,.T.);
#4290=ORIENTED_EDGE('',*,*,#4293,.T.);
#4291=EDGE_CURVE('',#306,#308,#4294,.F.);
#4292=EDGE_CURVE('',#308,#310,#4295,.T.);
#4293=EDGE_CURVE('',#310,#306,#4296,.T.);
#4294=LINE('',#305,#4297);
#4295=LINE('',#307,#4298);
#4296=LINE('',#309,#4299);
#4297=VECTOR('',#4300,1.0);
#4298=VECTOR('',#4301,1.0);
#4299=VECTOR('',#4302,1.0);
#4300=DIRECTION('',(1,0,0));
#4301=DIRECTION('',(-0.9980860269813683,0.020760266212037106,0.058251987874687265));
#4302=DIRECTION('',(0,-0.33570508625329315,-0.9419671411804496));
#4303=STYLED_ITEM('',(#25),#4304);
#4304=FACE_SURFACE('',(#4309),#4305,.T.);
#4305=PLANE('',#4306);
#4306=AXIS2_PLACEMENT_3D('',#309,#4307,#4308);
#4307=DIRECTION('',(0,-0.9419671411804496,0.3357050862532931));
#4308=DIRECTION('',(0.9980860269813683,-0.020760266212037106,-0.058251987874687265));
#4309=FACE_BOUND('',#4310,.T.);
#4310=EDGE_LOOP('',(#4311,#4312,#4313));
#4311=ORIENTED_EDGE('',*,*,#4314,.T.);
#4312=ORIENTED_EDGE('',*,*,#4315,.T.);
#4313=ORIENTED_EDGE('',*,*,#4316,.T.);
#4314=EDGE_CURVE('',#310,#308,#4317,.F.);
#4315=EDGE_CURVE('',#308,#312,#4318,.T.);
#4316=EDGE_CURVE('',#312,#310,#4319,.T.);
#4317=LINE('',#309,#4320);
#4318=LINE('',#307,#4321);
#4319=LINE('',#311,#4322);
#4320=VECTOR('',#4323,1.0);
#4321=VECTOR('',#4324,1.0);
#4322=VECTOR('',#4325,1.0);
#4323=DIRECTION('',(0.9980860269813683,-0.020760266212037106,-0.058251987874687265));
#4324=DIRECTION('',(0,0.33570508625329315,0.9419671411804496));
#4325=DIRECTION('',(-1,0,0));
#4326=STYLED_ITEM('',(#25),#4327);
#4327=FACE_SURFACE('',(#4332),#4328,.T.);
#4328=PLANE('',#4329);
#4329=AXIS2_PLACEMENT_3D('',#309,#4330,#4331);
#4330=DIRECTION('',(0,-0.9276788871007695,0.3733790064096771));
#4331=DIRECTION('',(1,0,0));
#4332=FACE_BOUND('',#4333,.T.);
#4333=EDGE_LOOP('',(#4334,#4335,#4336));
#4334=ORIENTED_EDGE('',*,*,#4337,.T.);
#4335=ORIENTED_EDGE('',*,*,#4338,.T.);
#4336=ORIENTED_EDGE('',*,*,#4339,.T.);
#4337=EDGE_CURVE('',#310,#312,#4340,.F.);
#4338=EDGE_CURVE('',#312,#314,#4341,.T.);
#4339=EDGE_CURVE('',#314,#310,#4342,.T.);
#4340=LINE('',#309,#4343);
#4341=LINE('',#311,#4344);
#4342=LINE('',#313,#4345);
#4343=VECTOR('',#4346,1.0);
#4344=VECTOR('',#4347,1.0);
#4345=VECTOR('',#4348,1.0);
#4346=DIRECTION('',(1,0,0));
#4347=DIRECTION('',(-0.9980861641751483,0.02308922425458233,0.0573663368663244));
#4348=DIRECTION('',(0,-0.3733790064096771,-0.9276788871007696));
#4349=STYLED_ITEM('',(#25),#4350);
#4350=FACE_SURFACE('',(#4355),#4351,.T.);
#4351=PLANE('',#4352);
#4352=AXIS2_PLACEMENT_3D('',#313,#4353,#4354);
#4353=DIRECTION('',(0,-0.9276788871007695,0.3733790064096771));
#4354=DIRECTION('',(0.9980861641751483,-0.02308922425458233,-0.0573663368663244));
#4355=FACE_BOUND('',#4356,.T.);
#4356=EDGE_LOOP('',(#4357,#4358,#4359));
#4357=ORIENTED_EDGE('',*,*,#4360,.T.);
#4358=ORIENTED_EDGE('',*,*,#4361,.T.);
#4359=ORIENTED_EDGE('',*,*,#4362,.T.);
#4360=EDGE_CURVE('',#314,#312,#4363,.F.);
#4361=EDGE_CURVE('',#312,#316,#4364,.T.);
#4362=EDGE_CURVE('',#316,#314,#4365,.T.);
#4363=LINE('',#313,#4366);
#4364=LINE('',#311,#4367);
#4365=LINE('',#315,#4368);
#4366=VECTOR('',#4369,1.0);
#4367=VECTOR('',#4370,1.0);
#4368=VECTOR('',#4371,1.0);
#4369=DIRECTION('',(0.9980861641751483,-0.02308922425458233,-0.0573663368663244));
#4370=DIRECTION('',(0,0.3733790064096771,0.9276788871007696));
#4371=DIRECTION('',(-1,0,0));
#4372=STYLED_ITEM('',(#25),#4373);
#4373=FACE_SURFACE('',(#4378),#4374,.T.);
#4374=PLANE('',#4375);
#4375=AXIS2_PLACEMENT_3D('',#313,#4376,#4377);
#4376=DIRECTION('',(0,-0.911907327052918,0.4103961828126603));
#4377=DIRECTION('',(1,0,0));
#4378=FACE_BOUND('',#4379,.T.);
#4379=EDGE_LOOP('',(#4380,#4381,#4382));
#4380=ORIENTED_EDGE('',*,*,#4383,.T.);
#4381=ORIENTED_EDGE('',*,*,#4384,.T.);
#4382=ORIENTED_EDGE('',*,*,#4385,.T.);
#4383=EDGE_CURVE('',#314,#316,#4386,.F.);
#4384=EDGE_CURVE('',#316,#318,#4387,.T.);
#4385=EDGE_CURVE('',#318,#314,#4388,.T.);
#4386=LINE('',#313,#4389);
#4387=LINE('',#315,#4390);
#4388=LINE('',#317,#4391);
#4389=VECTOR('',#4392,1.0);
#4390=VECTOR('',#4393,1.0);
#4391=VECTOR('',#4394,1.0);
#4392=DIRECTION('',(1,0,0));
#4393=DIRECTION('',(-0.9980858065750411,0.025380682137648675,0.056396309167154726));
#4394=DIRECTION('',(0,-0.4103961828126603,-0.911907327052918));
#4395=STYLED_ITEM('',(#25),#4396);
#4396=FACE_SURFACE('',(#4401),#4397,.T.);
#4397=PLANE('',#4398);
#4398=AXIS2_PLACEMENT_3D('',#317,#4399,#4400);
#4399=DIRECTION('',(0,-0.911907327052918,0.4103961828126603));
#4400=DIRECTION('',(0.9980858065750411,-0.025380682137648675,-0.056396309167154726));
#4401=FACE_BOUND('',#4402,.T.);
#4402=EDGE_LOOP('',(#4403,#4404,#4405));
#4403=ORIENTED_EDGE('',*,*,#4406,.T.);
#4404=ORIENTED_EDGE('',*,*,#4407,.T.);
#4405=ORIENTED_EDGE('',*,*,#4408,.T.);
#4406=EDGE_CURVE('',#318,#316,#4409,.F.);
#4407=EDGE_CURVE('',#316,#320,#4410,.T.);
#4408=EDGE_CURVE('',#320,#318,#4411,.T.);
#4409=LINE('',#317,#4412);
#4410=LINE('',#315,#4413);
#4411=LINE('',#319,#4414);
#4412=VECTOR('',#4415,1.0);
#4413=VECTOR('',#4416,1.0);
#4414=VECTOR('',#4417,1.0);
#4415=DIRECTION('',(0.9980858065750411,-0.025380682137648675,-0.056396309167154726));
#4416=DIRECTION('',(0,0.4103961828126603,0.911907327052918));
#4417=DIRECTION('',(-1,0,0));
#4418=STYLED_ITEM('',(#25),#4419);
#4419=FACE_SURFACE('',(#4424),#4420,.T.);
#4420=PLANE('',#4421);
#4421=AXIS2_PLACEMENT_3D('',#317,#4422,#4423);
#4422=DIRECTION('',(0,-0.8946241245923509,0.44681951132126013));
#4423=DIRECTION('',(1,0,0));
#4424=FACE_BOUND('',#4425,.T.);
#4425=EDGE_LOOP('',(#4426,#4427,#4428));
#4426=ORIENTED_EDGE('',*,*,#4429,.T.);
#4427=ORIENTED_EDGE('',*,*,#4430,.T.);
#4428=ORIENTED_EDGE('',*,*,#4431,.T.);
#4429=EDGE_CURVE('',#318,#320,#4432,.F.);
#4430=EDGE_CURVE('',#320,#322,#4433,.T.);
#4431=EDGE_CURVE('',#322,#318,#4434,.T.);
#4432=LINE('',#317,#4435);
#4433=LINE('',#319,#4436);
#4434=LINE('',#321,#4437);
#4435=VECTOR('',#4438,1.0);
#4436=VECTOR('',#4439,1.0);
#4437=VECTOR('',#4440,1.0);
#4438=DIRECTION('',(1,0,0));
#4439=DIRECTION('',(-0.9980860985157892,0.027631153657876124,0.05532322565672611));
#4440=DIRECTION('',(0,-0.44681951132126013,-0.894624124592351));
#4441=STYLED_ITEM('',(#25),#4442);
#4442=FACE_SURFACE('',(#4447),#4443,.T.);
#4443=PLANE('',#4444);
#4444=AXIS2_PLACEMENT_3D('',#321,#4445,#4446);
#4445=DIRECTION('',(0,-0.8946241245923509,0.44681951132126013));
#4446=DIRECTION('',(0.9980860985157892,-0.027631153657876124,-0.05532322565672611));
#4447=FACE_BOUND('',#4448,.T.);
#4448=EDGE_LOOP('',(#4449,#4450,#4451));
#4449=ORIENTED_EDGE('',*,*,#4452,.T.);
#4450=ORIENTED_EDGE('',*,*,#4453,.T.);
#4451=ORIENTED_EDGE('',*,*,#4454,.T.);
#4452=EDGE_CURVE('',#322,#320,#4455,.F.);
#4453=EDGE_CURVE('',#320,#324,#4456,.T.);
#4454=EDGE_CURVE('',#324,#322,#4457,.T.);
#4455=LINE('',#321,#4458);
#4456=LINE('',#319,#4459);
#4457=LINE('',#323,#4460);
#4458=VECTOR('',#4461,1.0);
#4459=VECTOR('',#4462,1.0);
#4460=VECTOR('',#4463,1.0);
#4461=DIRECTION('',(0.9980860985157892,-0.027631153657876124,-0.05532322565672611));
#4462=DIRECTION('',(0,0.44681951132126013,0.894624124592351));
#4463=DIRECTION('',(-1,0,0));
#4464=STYLED_ITEM('',(#25),#4465);
#4465=FACE_SURFACE('',(#4470),#4466,.T.);
#4466=PLANE('',#4467);
#4467=AXIS2_PLACEMENT_3D('',#321,#4468,#4469);
#4468=DIRECTION('',(0,-0.8759277884230853,0.4824422343330263));
#4469=DIRECTION('',(1,0,0));
#4470=FACE_BOUND('',#4471,.T.);
#4471=EDGE_LOOP('',(#4472,#4473,#4474));
#4472=ORIENTED_EDGE('',*,*,#4475,.T.);
#4473=ORIENTED_EDGE('',*,*,#4476,.T.);
#4474=ORIENTED_EDGE('',*,*,#4477,.T.);
#4475=EDGE_CURVE('',#322,#324,#4478,.F.);
#4476=EDGE_CURVE('',#324,#326,#4479,.T.);
#4477=EDGE_CURVE('',#326,#322,#4480,.T.);
#4478=LINE('',#321,#4481);
#4479=LINE('',#323,#4482);
#4480=LINE('',#325,#4483);
#4481=VECTOR('',#4484,1.0);
#4482=VECTOR('',#4485,1.0);
#4483=VECTOR('',#4486,1.0);
#4484=DIRECTION('',(1,0,0));
#4485=DIRECTION('',(-0.9980858580801995,0.029835921811132014,0.054170450154968755));
#4486=DIRECTION('',(0,-0.4824422343330263,-0.8759277884230853));
#4487=STYLED_ITEM('',(#25),#4488);
#4488=FACE_SURFACE('',(#4493),#4489,.T.);
#4489=PLANE('',#4490);
#4490=AXIS2_PLACEMENT_3D('',#325,#4491,#4492);
#4491=DIRECTION('',(0,-0.8759277884230853,0.4824422343330263));
#4492=DIRECTION('',(0.9980858580801995,-0.029835921811132014,-0.054170450154968755));
#4493=FACE_BOUND('',#4494,.T.);
#4494=EDGE_LOOP('',(#4495,#4496,#4497));
#4495=ORIENTED_EDGE('',*,*,#4498,.T.);
#4496=ORIENTED_EDGE('',*,*,#4499,.T.);
#4497=ORIENTED_EDGE('',*,*,#4500,.T.);
#4498=EDGE_CURVE('',#326,#324,#4501,.F.);
#4499=EDGE_CURVE('',#324,#328,#4502,.T.);
#4500=EDGE_CURVE('',#328,#326,#4503,.T.);
#4501=LINE('',#325,#4504);
#4502=LINE('',#323,#4505);
#4503=LINE('',#327,#4506);
#4504=VECTOR('',#4507,1.0);
#4505=VECTOR('',#4508,1.0);
#4506=VECTOR('',#4509,1.0);
#4507=DIRECTION('',(0.9980858580801995,-0.029835921811132014,-0.054170450154968755));
#4508=DIRECTION('',(0,0.4824422343330263,0.8759277884230853));
#4509=DIRECTION('',(-1,0,0));
#4510=STYLED_ITEM('',(#25),#4511);
#4511=FACE_SURFACE('',(#4516),#4512,.T.);
#4512=PLANE('',#4513);
#4513=AXIS2_PLACEMENT_3D('',#325,#4514,#4515);
#4514=DIRECTION('',(0,-0.8557680701339015,0.5173596526008748));
#4515=DIRECTION('',(1,0,0));
#4516=FACE_BOUND('',#4517,.T.);
#4517=EDGE_LOOP('',(#4518,#4519,#4520));
#4518=ORIENTED_EDGE('',*,*,#4521,.T.);
#4519=ORIENTED_EDGE('',*,*,#4522,.T.);
#4520=ORIENTED_EDGE('',*,*,#4523,.T.);
#4521=EDGE_CURVE('',#326,#328,#4524,.F.);
#4522=EDGE_CURVE('',#328,#330,#4525,.T.);
#4523=EDGE_CURVE('',#330,#326,#4526,.T.);
#4524=LINE('',#325,#4527);
#4525=LINE('',#327,#4528);
#4526=LINE('',#329,#4529);
#4527=VECTOR('',#4530,1.0);
#4528=VECTOR('',#4531,1.0);
#4529=VECTOR('',#4532,1.0);
#4530=DIRECTION('',(1,0,0));
#4531=DIRECTION('',(-0.9980861769416955,0.03199267508415899,0.05291929835957486));
#4532=DIRECTION('',(0,-0.5173596526008748,-0.8557680701339014));
#4533=STYLED_ITEM('',(#25),#4534);
#4534=FACE_SURFACE('',(#4539),#4535,.T.);
#4535=PLANE('',#4536);
#4536=AXIS2_PLACEMENT_3D('',#329,#4537,#4538);
#4537=DIRECTION('',(0,-0.8557680701339015,0.5173596526008748));
#4538=DIRECTION('',(0.9980861769416955,-0.03199267508415899,-0.05291929835957486));
#4539=FACE_BOUND('',#4540,.T.);
#4540=EDGE_LOOP('',(#4541,#4542,#4543));
#4541=ORIENTED_EDGE('',*,*,#4544,.T.);
#4542=ORIENTED_EDGE('',*,*,#4545,.T.);
#4543=ORIENTED_EDGE('',*,*,#4546,.T.);
#4544=EDGE_CURVE('',#330,#328,#4547,.F.);
#4545=EDGE_CURVE('',#328,#332,#4548,.T.);
#4546=EDGE_CURVE('',#332,#330,#4549,.T.);
#4547=LINE('',#329,#4550);
#4548=LINE('',#327,#4551);
#4549=LINE('',#331,#4552);
#4550=VECTOR('',#4553,1.0);
#4551=VECTOR('',#4554,1.0);
#4552=VECTOR('',#4555,1.0);
#4553=DIRECTION('',(0.9980861769416955,-0.03199267508415899,-0.05291929835957486));
#4554=DIRECTION('',(0,0.5173596526008748,0.8557680701339014));
#4555=DIRECTION('',(-1,0,0));
#4556=STYLED_ITEM('',(#25),#4557);
#4557=FACE_SURFACE('',(#4562),#4558,.T.);
#4558=PLANE('',#4559);
#4559=AXIS2_PLACEMENT_3D('',#329,#4560,#4561);
#4560=DIRECTION('',(0,-0.834264367712186,0.5513646386610102));
#4561=DIRECTION('',(1,0,0));
#4562=FACE_BOUND('',#4563,.T.);
#4563=EDGE_LOOP('',(#4564,#4565,#4566));
#4564=ORIENTED_EDGE('',*,*,#4567,.T.);
#4565=ORIENTED_EDGE('',*,*,#4568,.T.);
#4566=ORIENTED_EDGE('',*,*,#4569,.T.);
#4567=EDGE_CURVE('',#330,#332,#4570,.F.);
#4568=EDGE_CURVE('',#332,#334,#4571,.T.);
#4569=EDGE_CURVE('',#334,#330,#4572,.T.);
#4570=LINE('',#329,#4573);
#4571=LINE('',#331,#4574);
#4572=LINE('',#333,#4575);
#4573=VECTOR('',#4576,1.0);
#4574=VECTOR('',#4577,1.0);
#4575=VECTOR('',#4578,1.0);
#4576=DIRECTION('',(1,0,0));
#4577=DIRECTION('',(-0.9980859099874021,0.03409786341281988,0.051593139033209216));
#4578=DIRECTION('',(0,-0.5513646386610103,-0.8342643677121862));
#4579=STYLED_ITEM('',(#25),#4580);
#4580=FACE_SURFACE('',(#4585),#4581,.T.);
#4581=PLANE('',#4582);
#4582=AXIS2_PLACEMENT_3D('',#333,#4583,#4584);
#4583=DIRECTION('',(0,-0.834264367712186,0.5513646386610102));
#4584=DIRECTION('',(0.9980859099874021,-0.03409786341281988,-0.051593139033209216));
#4585=FACE_BOUND('',#4586,.T.);
#4586=EDGE_LOOP('',(#4587,#4588,#4589));
#4587=ORIENTED_EDGE('',*,*,#4590,.T.);
#4588=ORIENTED_EDGE('',*,*,#4591,.T.);
#4589=ORIENTED_EDGE('',*,*,#4592,.T.);
#4590=EDGE_CURVE('',#334,#332,#4593,.F.);
#4591=EDGE_CURVE('',#332,#336,#4594,.T.);
#4592=EDGE_CURVE('',#336,#334,#4595,.T.);
#4593=LINE('',#333,#4596);
#4594=LINE('',#331,#4597);
#4595=LINE('',#335,#4598);
#4596=VECTOR('',#4599,1.0);
#4597=VECTOR('',#4600,1.0);
#4598=VECTOR('',#4601,1.0);
#4599=DIRECTION('',(0.9980859099874021,-0.03409786341281988,-0.051593139033209216));
#4600=DIRECTION('',(0,0.5513646386610103,0.8342643677121862));
#4601=DIRECTION('',(-1,0,0));
#4602=STYLED_ITEM('',(#25),#4603);
#4603=FACE_SURFACE('',(#4608),#4604,.T.);
#4604=PLANE('',#4605);
#4605=AXIS2_PLACEMENT_3D('',#333,#4606,#4607);
#4606=DIRECTION('',(0,-0.811381968536976,0.5845162967215384));
#4607=DIRECTION('',(1,0,0));
#4608=FACE_BOUND('',#4609,.T.);
#4609=EDGE_LOOP('',(#4610,#4611,#4612));
#4610=ORIENTED_EDGE('',*,*,#4613,.T.);
#4611=ORIENTED_EDGE('',*,*,#4614,.T.);
#4612=ORIENTED_EDGE('',*,*,#4615,.T.);
#4613=EDGE_CURVE('',#334,#336,#4616,.F.);
#4614=EDGE_CURVE('',#336,#338,#4617,.T.);
#4615=EDGE_CURVE('',#338,#334,#4618,.T.);
#4616=LINE('',#333,#4619);
#4617=LINE('',#335,#4620);
#4618=LINE('',#337,#4621);
#4619=VECTOR('',#4622,1.0);
#4620=VECTOR('',#4623,1.0);
#4621=VECTOR('',#4624,1.0);
#4622=DIRECTION('',(1,0,0));
#4623=DIRECTION('',(-0.9980859153816751,0.03614799969601789,0.05017795965062996));
#4624=DIRECTION('',(0,-0.5845162967215384,-0.8113819685369761));
#4625=STYLED_ITEM('',(#25),#4626);
#4626=FACE_SURFACE('',(#4631),#4627,.T.);
#4627=PLANE('',#4628);
#4628=AXIS2_PLACEMENT_3D('',#337,#4629,#4630);
#4629=DIRECTION('',(0,-0.811381968536976,0.5845162967215384));
#4630=DIRECTION('',(0.9980859153816751,-0.03614799969601789,-0.05017795965062996));
#4631=FACE_BOUND('',#4632,.T.);
#4632=EDGE_LOOP('',(#4633,#4634,#4635));
#4633=ORIENTED_EDGE('',*,*,#4636,.T.);
#4634=ORIENTED_EDGE('',*,*,#4637,.T.);
#4635=ORIENTED_EDGE('',*,*,#4638,.T.);
#4636=EDGE_CURVE('',#338,#336,#4639,.F.);
#4637=EDGE_CURVE('',#336,#340,#4640,.T.);
#4638=EDGE_CURVE('',#340,#338,#4641,.T.);
#4639=LINE('',#337,#4642);
#4640=LINE('',#335,#4643);
#4641=LINE('',#339,#4644);
#4642=VECTOR('',#4645,1.0);
#4643=VECTOR('',#4646,1.0);
#4644=VECTOR('',#4647,1.0);
#4645=DIRECTION('',(0.9980859153816751,-0.03614799969601789,-0.05017795965062996));
#4646=DIRECTION('',(0,0.5845162967215384,0.8113819685369761));
#4647=DIRECTION('',(-1,0,0));
#4648=STYLED_ITEM('',(#25),#4649);
#4649=FACE_SURFACE('',(#4654),#4650,.T.);
#4650=PLANE('',#4651);
#4651=AXIS2_PLACEMENT_3D('',#337,#4652,#4653);
#4652=DIRECTION('',(0,-0.7871734840845607,0.6167316320363129));
#4653=DIRECTION('',(1,0,0));
#4654=FACE_BOUND('',#4655,.T.);
#4655=EDGE_LOOP('',(#4656,#4657,#4658));
#4656=ORIENTED_EDGE('',*,*,#4659,.T.);
#4657=ORIENTED_EDGE('',*,*,#4660,.T.);
#4658=ORIENTED_EDGE('',*,*,#4661,.T.);
#4659=EDGE_CURVE('',#338,#340,#4662,.F.);
#4660=EDGE_CURVE('',#340,#342,#4663,.T.);
#4661=EDGE_CURVE('',#342,#338,#4664,.T.);
#4662=LINE('',#337,#4665);
#4663=LINE('',#339,#4666);
#4664=LINE('',#341,#4667);
#4665=VECTOR('',#4668,1.0);
#4666=VECTOR('',#4669,1.0);
#4667=VECTOR('',#4670,1.0);
#4668=DIRECTION('',(1,0,0));
#4669=DIRECTION('',(-0.998086104572364,0.03813839620074148,0.04867844075973613));
#4670=DIRECTION('',(0,-0.6167316320363128,-0.7871734840845606));
#4671=STYLED_ITEM('',(#25),#4672);
#4672=FACE_SURFACE('',(#4677),#4673,.T.);
#4673=PLANE('',#4674);
#4674=AXIS2_PLACEMENT_3D('',#341,#4675,#4676);
#4675=DIRECTION('',(0,-0.7871734840845607,0.6167316320363129));
#4676=DIRECTION('',(0.998086104572364,-0.03813839620074148,-0.04867844075973613));
#4677=FACE_BOUND('',#4678,.T.);
#4678=EDGE_LOOP('',(#4679,#4680,#4681));
#4679=ORIENTED_EDGE('',*,*,#4682,.T.);
#4680=ORIENTED_EDGE('',*,*,#4683,.T.);
#4681=ORIENTED_EDGE('',*,*,#4684,.T.);
#4682=EDGE_CURVE('',#342,#340,#4685,.F.);
#4683=EDGE_CURVE('',#340,#344,#4686,.T.);
#4684=EDGE_CURVE('',#344,#342,#4687,.T.);
#4685=LINE('',#341,#4688);
#4686=LINE('',#339,#4689);
#4687=LINE('',#343,#4690);
#4688=VECTOR('',#4691,1.0);
#4689=VECTOR('',#4692,1.0);
#4690=VECTOR('',#4693,1.0);
#4691=DIRECTION('',(0.998086104572364,-0.03813839620074148,-0.04867844075973613));
#4692=DIRECTION('',(0,0.6167316320363128,0.7871734840845606));
#4693=DIRECTION('',(-1,0,0));
#4694=STYLED_ITEM('',(#25),#4695);
#4695=FACE_SURFACE('',(#4700),#4696,.T.);
#4696=PLANE('',#4697);
#4697=AXIS2_PLACEMENT_3D('',#341,#4698,#4699);
#4698=DIRECTION('',(0,-0.7617261498658543,0.6478991222486277));
#4699=DIRECTION('',(1,0,0));
#4700=FACE_BOUND('',#4701,.T.);
#4701=EDGE_LOOP('',(#4702,#4703,#4704));
#4702=ORIENTED_EDGE('',*,*,#4705,.T.);
#4703=ORIENTED_EDGE('',*,*,#4706,.T.);
#4704=ORIENTED_EDGE('',*,*,#4707,.T.);
#4705=EDGE_CURVE('',#342,#344,#4708,.F.);
#4706=EDGE_CURVE('',#344,#346,#4709,.T.);
#4707=EDGE_CURVE('',#346,#342,#4710,.T.);
#4708=LINE('',#341,#4711);
#4709=LINE('',#343,#4712);
#4710=LINE('',#345,#4713);
#4711=VECTOR('',#4714,1.0);
#4712=VECTOR('',#4715,1.0);
#4713=VECTOR('',#4716,1.0);
#4714=DIRECTION('',(1,0,0));
#4715=DIRECTION('',(-0.9980857940221967,0.0400690265513977,0.04710860730593235));
#4716=DIRECTION('',(0,-0.6478991222486277,-0.7617261498658543));
#4717=STYLED_ITEM('',(#25),#4718);
#4718=FACE_SURFACE('',(#4723),#4719,.T.);
#4719=PLANE('',#4720);
#4720=AXIS2_PLACEMENT_3D('',#345,#4721,#4722);
#4721=DIRECTION('',(0,-0.7617261498658543,0.6478991222486277));
#4722=DIRECTION('',(0.9980857940221967,-0.0400690265513977,-0.04710860730593235));
#4723=FACE_BOUND('',#4724,.T.);
#4724=EDGE_LOOP('',(#4725,#4726,#4727));
#4725=ORIENTED_EDGE('',*,*,#4728,.T.);
#4726=ORIENTED_EDGE('',*,*,#4729,.T.);
#4727=ORIENTED_EDGE('',*,*,#4730,.T.);
#4728=EDGE_CURVE('',#346,#344,#4731,.F.);
#4729=EDGE_CURVE('',#344,#348,#4732,.T.);
#4730=EDGE_CURVE('',#348,#346,#4733,.T.);
#4731=LINE('',#345,#4734);
#4732=LINE('',#343,#4735);
#4733=LINE('',#347,#4736);
#4734=VECTOR('',#4737,1.0);
#4735=VECTOR('',#4738,1.0);
#4736=VECTOR('',#4739,1.0);
#4737=DIRECTION('',(0.9980857940221967,-0.0400690265513977,-0.04710860730593235));
#4738=DIRECTION('',(0,0.6478991222486277,0.7617261498658543));
#4739=DIRECTION('',(-1,0,0));
#4740=STYLED_ITEM('',(#25),#4741);
#4741=FACE_SURFACE('',(#4746),#4742,.T.);
#4742=PLANE('',#4743);
#4743=AXIS2_PLACEMENT_3D('',#345,#4744,#4745);
#4744=DIRECTION('',(0,-0.7350147550525006,0.6780511115359318));
#4745=DIRECTION('',(1,0,0));
#4746=FACE_BOUND('',#4747,.T.);
#4747=EDGE_LOOP('',(#4748,#4749,#4750));
#4748=ORIENTED_EDGE('',*,*,#4751,.T.);
#4749=ORIENTED_EDGE('',*,*,#4752,.T.);
#4750=ORIENTED_EDGE('',*,*,#4753,.T.);
#4751=EDGE_CURVE('',#346,#348,#4754,.F.);
#4752=EDGE_CURVE('',#348,#350,#4755,.T.);
#4753=EDGE_CURVE('',#350,#346,#4756,.T.);
#4754=LINE('',#345,#4757);
#4755=LINE('',#347,#4758);
#4756=LINE('',#349,#4759);
#4757=VECTOR('',#4760,1.0);
#4758=VECTOR('',#4761,1.0);
#4759=VECTOR('',#4762,1.0);
#4760=DIRECTION('',(1,0,0));
#4761=DIRECTION('',(-0.9980859798383132,0.04193172921559583,0.04545444901419601));
#4762=DIRECTION('',(0,-0.6780511115359318,-0.7350147550525006));
#4763=STYLED_ITEM('',(#25),#4764);
#4764=FACE_SURFACE('',(#4769),#4765,.T.);
#4765=PLANE('',#4766);
#4766=AXIS2_PLACEMENT_3D('',#349,#4767,#4768);
#4767=DIRECTION('',(0,-0.7350147550525006,0.6780511115359318));
#4768=DIRECTION('',(0.9980859798383132,-0.04193172921559583,-0.04545444901419601));
#4769=FACE_BOUND('',#4770,.T.);
#4770=EDGE_LOOP('',(#4771,#4772,#4773));
#4771=ORIENTED_EDGE('',*,*,#4774,.T.);
#4772=ORIENTED_EDGE('',*,*,#4775,.T.);
#4773=ORIENTED_EDGE('',*,*,#4776,.T.);
#4774=EDGE_CURVE('',#350,#348,#4777,.F.);
#4775=EDGE_CURVE('',#348,#352,#4778,.T.);
#4776=EDGE_CURVE('',#352,#350,#4779,.T.);
#4777=LINE('',#349,#4780);
#4778=LINE('',#347,#4781);
#4779=LINE('',#351,#4782);
#4780=VECTOR('',#4783,1.0);
#4781=VECTOR('',#4784,1.0);
#4782=VECTOR('',#4785,1.0);
#4783=DIRECTION('',(0.9980859798383132,-0.04193172921559583,-0.04545444901419601));
#4784=DIRECTION('',(0,0.6780511115359318,0.7350147550525006));
#4785=DIRECTION('',(-1,0,0));
#4786=STYLED_ITEM('',(#25),#4787);
#4787=FACE_SURFACE('',(#4792),#4788,.T.);
#4788=PLANE('',#4789);
#4789=AXIS2_PLACEMENT_3D('',#349,#4790,#4791);
#4790=DIRECTION('',(0,-0.7070783641128767,0.7071351971182442));
#4791=DIRECTION('',(1,0,0));
#4792=FACE_BOUND('',#4793,.T.);
#4793=EDGE_LOOP('',(#4794,#4795,#4796));
#4794=ORIENTED_EDGE('',*,*,#4797,.T.);
#4795=ORIENTED_EDGE('',*,*,#4798,.T.);
#4796=ORIENTED_EDGE('',*,*,#4799,.T.);
#4797=EDGE_CURVE('',#350,#352,#4800,.F.);
#4798=EDGE_CURVE('',#352,#354,#4801,.T.);
#4799=EDGE_CURVE('',#354,#350,#4802,.T.);
#4800=LINE('',#349,#4803);
#4801=LINE('',#351,#4804);
#4802=LINE('',#353,#4805);
#4803=VECTOR('',#4806,1.0);
#4804=VECTOR('',#4807,1.0);
#4805=VECTOR('',#4808,1.0);
#4806=DIRECTION('',(1,0,0));
#4807=DIRECTION('',(-0.9980861119857268,0.043728825850373756,0.043725311330654756));
#4808=DIRECTION('',(0,-0.7071351971182442,-0.7070783641128767));
#4809=STYLED_ITEM('',(#25),#4810);
#4810=FACE_SURFACE('',(#4815),#4811,.T.);
#4811=PLANE('',#4812);
#4812=AXIS2_PLACEMENT_3D('',#353,#4813,#4814);
#4813=DIRECTION('',(0,-0.7070783641128767,0.7071351971182442));
#4814=DIRECTION('',(0.9980861119857268,-0.043728825850373756,-0.043725311330654756));
#4815=FACE_BOUND('',#4816,.T.);
#4816=EDGE_LOOP('',(#4817,#4818,#4819));
#4817=ORIENTED_EDGE('',*,*,#4820,.T.);
#4818=ORIENTED_EDGE('',*,*,#4821,.T.);
#4819=ORIENTED_EDGE('',*,*,#4822,.T.);
#4820=EDGE_CURVE('',#354,#352,#4823,.F.);
#4821=EDGE_CURVE('',#352,#356,#4824,.T.);
#4822=EDGE_CURVE('',#356,#354,#4825,.T.);
#4823=LINE('',#353,#4826);
#4824=LINE('',#351,#4827);
#4825=LINE('',#355,#4828);
#4826=VECTOR('',#4829,1.0);
#4827=VECTOR('',#4830,1.0);
#4828=VECTOR('',#4831,1.0);
#4829=DIRECTION('',(0.9980861119857268,-0.043728825850373756,-0.043725311330654756));
#4830=DIRECTION('',(0,0.7071351971182442,0.7070783641128767));
#4831=DIRECTION('',(-1,0,0));
#4832=STYLED_ITEM('',(#25),#4833);
#4833=FACE_SURFACE('',(#4838),#4834,.T.);
#4834=PLANE('',#4835);
#4835=AXIS2_PLACEMENT_3D('',#353,#4836,#4837);
#4836=DIRECTION('',(0,-0.6780818125413771,0.7349864321881057));
#4837=DIRECTION('',(1,0,0));
#4838=FACE_BOUND('',#4839,.T.);
#4839=EDGE_LOOP('',(#4840,#4841,#4842));
#4840=ORIENTED_EDGE('',*,*,#4843,.T.);
#4841=ORIENTED_EDGE('',*,*,#4844,.T.);
#4842=ORIENTED_EDGE('',*,*,#4845,.T.);
#4843=EDGE_CURVE('',#354,#356,#4846,.F.);
#4844=EDGE_CURVE('',#356,#358,#4847,.T.);
#4845=EDGE_CURVE('',#358,#354,#4848,.T.);
#4846=LINE('',#353,#4849);
#4847=LINE('',#355,#4850);
#4848=LINE('',#357,#4851);
#4849=VECTOR('',#4852,1.0);
#4850=VECTOR('',#4853,1.0);
#4851=VECTOR('',#4854,1.0);
#4852=DIRECTION('',(1,0,0));
#4853=DIRECTION('',(-0.9980858327443809,0.04545444231530055,0.04193523755460048));
#4854=DIRECTION('',(0,-0.7349864321881057,-0.6780818125413771));
#4855=STYLED_ITEM('',(#25),#4856);
#4856=FACE_SURFACE('',(#4861),#4857,.T.);
#4857=PLANE('',#4858);
#4858=AXIS2_PLACEMENT_3D('',#357,#4859,#4860);
#4859=DIRECTION('',(0,-0.6780818125413771,0.7349864321881057));
#4860=DIRECTION('',(0.9980858327443809,-0.04545444231530055,-0.04193523755460048));
#4861=FACE_BOUND('',#4862,.T.);
#4862=EDGE_LOOP('',(#4863,#4864,#4865));
#4863=ORIENTED_EDGE('',*,*,#4866,.T.);
#4864=ORIENTED_EDGE('',*,*,#4867,.T.);
#4865=ORIENTED_EDGE('',*,*,#4868,.T.);
#4866=EDGE_CURVE('',#358,#356,#4869,.F.);
#4867=EDGE_CURVE('',#356,#360,#4870,.T.);
#4868=EDGE_CURVE('',#360,#358,#4871,.T.);
#4869=LINE('',#357,#4872);
#4870=LINE('',#355,#4873);
#4871=LINE('',#359,#4874);
#4872=VECTOR('',#4875,1.0);
#4873=VECTOR('',#4876,1.0);
#4874=VECTOR('',#4877,1.0);
#4875=DIRECTION('',(0.9980858327443809,-0.04545444231530055,-0.04193523755460048));
#4876=DIRECTION('',(0,0.7349864321881057,0.6780818125413771));
#4877=DIRECTION('',(-1,0,0));
#4878=STYLED_ITEM('',(#25),#4879);
#4879=FACE_SURFACE('',(#4884),#4880,.T.);
#4880=PLANE('',#4881);
#4881=AXIS2_PLACEMENT_3D('',#357,#4882,#4883);
#4882=DIRECTION('',(0,-0.647894194543723,0.7617303411815368));
#4883=DIRECTION('',(1,0,0));
#4884=FACE_BOUND('',#4885,.T.);
#4885=EDGE_LOOP('',(#4886,#4887,#4888));
#4886=ORIENTED_EDGE('',*,*,#4889,.T.);
#4887=ORIENTED_EDGE('',*,*,#4890,.T.);
#4888=ORIENTED_EDGE('',*,*,#4891,.T.);
#4889=EDGE_CURVE('',#358,#360,#4892,.F.);
#4890=EDGE_CURVE('',#360,#362,#4893,.T.);
#4891=EDGE_CURVE('',#362,#358,#4894,.T.);
#4892=LINE('',#357,#4895);
#4893=LINE('',#359,#4896);
#4894=LINE('',#361,#4897);
#4895=VECTOR('',#4898,1.0);
#4896=VECTOR('',#4899,1.0);
#4897=VECTOR('',#4900,1.0);
#4898=DIRECTION('',(1,0,0));
#4899=DIRECTION('',(-0.9980860998109361,0.04710510721916542,0.04006552430787778));
#4900=DIRECTION('',(0,-0.7617303411815367,-0.647894194543723));
#4901=STYLED_ITEM('',(#25),#4902);
#4902=FACE_SURFACE('',(#4907),#4903,.T.);
#4903=PLANE('',#4904);
#4904=AXIS2_PLACEMENT_3D('',#361,#4905,#4906);
#4905=DIRECTION('',(0,-0.647894194543723,0.7617303411815368));
#4906=DIRECTION('',(0.9980860998109361,-0.04710510721916542,-0.04006552430787778));
#4907=FACE_BOUND('',#4908,.T.);
#4908=EDGE_LOOP('',(#4909,#4910,#4911));
#4909=ORIENTED_EDGE('',*,*,#4912,.T.);
#4910=ORIENTED_EDGE('',*,*,#4913,.T.);
#4911=ORIENTED_EDGE('',*,*,#4914,.T.);
#4912=EDGE_CURVE('',#362,#360,#4915,.F.);
#4913=EDGE_CURVE('',#360,#364,#4916,.T.);
#4914=EDGE_CURVE('',#364,#362,#4917,.T.);
#4915=LINE('',#361,#4918);
#4916=LINE('',#359,#4919);
#4917=LINE('',#363,#4920);
#4918=VECTOR('',#4921,1.0);
#4919=VECTOR('',#4922,1.0);
#4920=VECTOR('',#4923,1.0);
#4921=DIRECTION('',(0.9980860998109361,-0.04710510721916542,-0.04006552430787778));
#4922=DIRECTION('',(0,0.7617303411815367,0.647894194543723));
#4923=DIRECTION('',(-1,0,0));
#4924=STYLED_ITEM('',(#25),#4925);
#4925=FACE_SURFACE('',(#4930),#4926,.T.);
#4926=PLANE('',#4927);
#4927=AXIS2_PLACEMENT_3D('',#361,#4928,#4929);
#4928=DIRECTION('',(0,-0.6167249770167862,0.7871786980880799));
#4929=DIRECTION('',(1,0,0));
#4930=FACE_BOUND('',#4931,.T.);
#4931=EDGE_LOOP('',(#4932,#4933,#4934));
#4932=ORIENTED_EDGE('',*,*,#4935,.T.);
#4933=ORIENTED_EDGE('',*,*,#4936,.T.);
#4934=ORIENTED_EDGE('',*,*,#4937,.T.);
#4935=EDGE_CURVE('',#362,#364,#4938,.F.);
#4936=EDGE_CURVE('',#364,#366,#4939,.T.);
#4937=EDGE_CURVE('',#366,#362,#4940,.T.);
#4938=LINE('',#361,#4941);
#4939=LINE('',#363,#4942);
#4940=LINE('',#365,#4943);
#4941=VECTOR('',#4944,1.0);
#4942=VECTOR('',#4945,1.0);
#4943=VECTOR('',#4946,1.0);
#4944=DIRECTION('',(1,0,0));
#4945=DIRECTION('',(-0.9980859461391696,0.04868077604542313,0.03813956165314519));
#4946=DIRECTION('',(0,-0.7871786980880799,-0.6167249770167862));
#4947=STYLED_ITEM('',(#25),#4948);
#4948=FACE_SURFACE('',(#4953),#4949,.T.);
#4949=PLANE('',#4950);
#4950=AXIS2_PLACEMENT_3D('',#365,#4951,#4952);
#4951=DIRECTION('',(0,-0.6167249770167862,0.7871786980880799));
#4952=DIRECTION('',(0.9980859461391696,-0.04868077604542313,-0.03813956165314519));
#4953=FACE_BOUND('',#4954,.T.);
#4954=EDGE_LOOP('',(#4955,#4956,#4957));
#4955=ORIENTED_EDGE('',*,*,#4958,.T.);
#4956=ORIENTED_EDGE('',*,*,#4959,.T.);
#4957=ORIENTED_EDGE('',*,*,#4960,.T.);
#4958=EDGE_CURVE('',#366,#364,#4961,.F.);
#4959=EDGE_CURVE('',#364,#368,#4962,.T.);
#4960=EDGE_CURVE('',#368,#366,#4963,.T.);
#4961=LINE('',#365,#4964);
#4962=LINE('',#363,#4965);
#4963=LINE('',#367,#4966);
#4964=VECTOR('',#4967,1.0);
#4965=VECTOR('',#4968,1.0);
#4966=VECTOR('',#4969,1.0);
#4967=DIRECTION('',(0.9980859461391696,-0.04868077604542313,-0.03813956165314519));
#4968=DIRECTION('',(0,0.7871786980880799,0.6167249770167862));
#4969=DIRECTION('',(-1,0,0));
#4970=STYLED_ITEM('',(#25),#4971);
#4971=FACE_SURFACE('',(#4976),#4972,.T.);
#4972=PLANE('',#4973);
#4973=AXIS2_PLACEMENT_3D('',#365,#4974,#4975);
#4974=DIRECTION('',(0,-0.6011819974836434,0.7991121359994331));
#4975=DIRECTION('',(1,0,0));
#4976=FACE_BOUND('',#4977,.T.);
#4977=EDGE_LOOP('',(#4978,#4979,#4980));
#4978=ORIENTED_EDGE('',*,*,#4981,.T.);
#4979=ORIENTED_EDGE('',*,*,#4982,.T.);
#4980=ORIENTED_EDGE('',*,*,#4983,.T.);
#4981=EDGE_CURVE('',#366,#368,#4984,.F.);
#4982=EDGE_CURVE('',#368,#114,#4985,.T.);
#4983=EDGE_CURVE('',#114,#366,#4986,.T.);
#4984=LINE('',#365,#4987);
#4985=LINE('',#367,#4988);
#4986=LINE('',#113,#4989);
#4987=VECTOR('',#4990,1.0);
#4988=VECTOR('',#4991,1.0);
#4989=VECTOR('',#4992,1.0);
#4990=DIRECTION('',(1,0,0));
#4991=DIRECTION('',(-0.9999976111935476,0.001746678387256078,0.001314047872015878));
#4992=DIRECTION('',(-0.9999914770529316,-0.003299261159845996,-0.0024820751993908214));
#4993=STYLED_ITEM('',(#25),#4994);
#4994=FACE_SURFACE('',(#4999),#4995,.T.);
#4995=PLANE('',#4996);
#4996=AXIS2_PLACEMENT_3D('',#113,#4997,#4998);
#4997=DIRECTION('',(0,-0.6011819974836434,0.7991121359994331));
#4998=DIRECTION('',(0.9999976111935476,-0.001746678387256078,-0.001314047872015878));
#4999=FACE_BOUND('',#5000,.T.);
#5000=EDGE_LOOP('',(#5001,#5002,#5003));
#5001=ORIENTED_EDGE('',*,*,#5004,.T.);
#5002=ORIENTED_EDGE('',*,*,#5005,.T.);
#5003=ORIENTED_EDGE('',*,*,#5006,.T.);
#5004=EDGE_CURVE('',#114,#368,#5007,.F.);
#5005=EDGE_CURVE('',#368,#184,#5008,.T.);
#5006=EDGE_CURVE('',#184,#114,#5009,.T.);
#5007=LINE('',#113,#5010);
#5008=LINE('',#367,#5011);
#5009=LINE('',#183,#5012);
#5010=VECTOR('',#5013,1.0);
#5011=VECTOR('',#5014,1.0);
#5012=VECTOR('',#5015,1.0);
#5013=DIRECTION('',(0.9999976111935476,-0.001746678387256078,-0.001314047872015878));
#5014=DIRECTION('',(1,0,0));
#5015=DIRECTION('',(-0.9999996266267432,0.0006905486611355244,0.0005195083452735908));
#5016=STYLED_ITEM('',(#25),#5017);
#5017=FACE_SURFACE('',(#5022),#5018,.T.);
#5018=PLANE('',#5019);
#5019=AXIS2_PLACEMENT_3D('',#113,#5020,#5021);
#5020=DIRECTION('',(0,-0.6011819974836434,0.7991121359994331));
#5021=DIRECTION('',(0.9999996266267432,-0.0006905486611355244,-0.0005195083452735908));
#5022=FACE_BOUND('',#5023,.T.);
#5023=EDGE_LOOP('',(#5024,#5025,#5026));
#5024=ORIENTED_EDGE('',*,*,#5027,.T.);
#5025=ORIENTED_EDGE('',*,*,#5028,.T.);
#5026=ORIENTED_EDGE('',*,*,#5029,.T.);
#5027=EDGE_CURVE('',#114,#184,#5030,.F.);
#5028=EDGE_CURVE('',#184,#70,#5031,.T.);
#5029=EDGE_CURVE('',#70,#114,#5032,.T.);
#5030=LINE('',#113,#5033);
#5031=LINE('',#183,#5034);
#5032=LINE('',#69,#5035);
#5033=VECTOR('',#5036,1.0);
#5034=VECTOR('',#5037,1.0);
#5035=VECTOR('',#5038,1.0);
#5036=DIRECTION('',(0.9999996266267432,-0.0006905486611355244,-0.0005195083452735908));
#5037=DIRECTION('',(0.9999976111935476,0.001746678387256078,0.001314047872015878));
#5038=DIRECTION('',(-1,0,0));
#5039=STYLED_ITEM('',(#25),#5040);
#5040=FACE_SURFACE('',(#5045),#5041,.T.);
#5041=PLANE('',#5042);
#5042=AXIS2_PLACEMENT_3D('',#365,#5043,#5044);
#5043=DIRECTION('',(-8.539416744184837E-05,-0.5845252788835312,0.8113754932544895));
#5044=DIRECTION('',(0.9999914770529316,0.003299261159845996,0.0024820751993908214));
#5045=FACE_BOUND('',#5046,.T.);
#5046=EDGE_LOOP('',(#5047,#5048,#5049));
#5047=ORIENTED_EDGE('',*,*,#5050,.T.);
#5048=ORIENTED_EDGE('',*,*,#5051,.T.);
#5049=ORIENTED_EDGE('',*,*,#5052,.T.);
#5050=EDGE_CURVE('',#366,#114,#5053,.F.);
#5051=EDGE_CURVE('',#114,#370,#5054,.T.);
#5052=EDGE_CURVE('',#370,#366,#5055,.T.);
#5053=LINE('',#365,#5056);
#5054=LINE('',#113,#5057);
#5055=LINE('',#369,#5058);
#5056=VECTOR('',#5059,1.0);
#5057=VECTOR('',#5060,1.0);
#5058=VECTOR('',#5061,1.0);
#5059=DIRECTION('',(0.9999914770529316,0.003299261159845996,0.0024820751993908214));
#5060=DIRECTION('',(-0.9850524641716565,0.13981230348475884,0.10061889794483432));
#5061=DIRECTION('',(0,-0.8113754962128311,-0.5845252810147583));
#5062=STYLED_ITEM('',(#25),#5063);
#5063=FACE_SURFACE('',(#5068),#5064,.T.);
#5064=PLANE('',#5065);
#5065=AXIS2_PLACEMENT_3D('',#369,#5066,#5067);
#5066=DIRECTION('',(7.47786199502815E-05,-0.5837818454013367,0.8119105562732681));
#5067=DIRECTION('',(0.9850524641716565,-0.13981230348475884,-0.10061889794483432));
#5068=FACE_BOUND('',#5069,.T.);
#5069=EDGE_LOOP('',(#5070,#5071,#5072));
#5070=ORIENTED_EDGE('',*,*,#5073,.T.);
#5071=ORIENTED_EDGE('',*,*,#5074,.T.);
#5072=ORIENTED_EDGE('',*,*,#5075,.T.);
#5073=EDGE_CURVE('',#370,#114,#5076,.F.);
#5074=EDGE_CURVE('',#114,#148,#5077,.T.);
#5075=EDGE_CURVE('',#148,#370,#5078,.T.);
#5076=LINE('',#369,#5079);
#5077=LINE('',#113,#5080);
#5078=LINE('',#147,#5081);
#5079=VECTOR('',#5082,1.0);
#5080=VECTOR('',#5083,1.0);
#5081=VECTOR('',#5084,1.0);
#5082=DIRECTION('',(0.9850524641716565,-0.13981230348475884,-0.10061889794483432));
#5083=DIRECTION('',(0,0.811910558543306,0.5837818470335446));
#5084=DIRECTION('',(-0.9999925171658036,-0.003183976825692714,-0.0021972491832256426));
#5085=STYLED_ITEM('',(#25),#5086);
#5086=FACE_SURFACE('',(#5091),#5087,.T.);
#5087=PLANE('',#5088);
#5088=AXIS2_PLACEMENT_3D('',#369,#5089,#5090);
#5089=DIRECTION('',(-7.73924002895783E-05,-0.5513997189778538,0.8342411785098841));
#5090=DIRECTION('',(0.9999925171658036,0.003183976825692714,0.0021972491832256426));
#5091=FACE_BOUND('',#5092,.T.);
#5092=EDGE_LOOP('',(#5093,#5094,#5095));
#5093=ORIENTED_EDGE('',*,*,#5096,.T.);
#5094=ORIENTED_EDGE('',*,*,#5097,.T.);
#5095=ORIENTED_EDGE('',*,*,#5098,.T.);
#5096=EDGE_CURVE('',#370,#148,#5099,.F.);
#5097=EDGE_CURVE('',#148,#372,#5100,.T.);
#5098=EDGE_CURVE('',#372,#370,#5101,.T.);
#5099=LINE('',#369,#5102);
#5100=LINE('',#147,#5103);
#5101=LINE('',#371,#5104);
#5102=VECTOR('',#5105,1.0);
#5103=VECTOR('',#5106,1.0);
#5104=VECTOR('',#5107,1.0);
#5105=DIRECTION('',(0.9999925171658036,0.003183976825692714,0.0021972491832256426));
#5106=DIRECTION('',(-0.9850083204365144,0.1439543274292459,0.09505661620965983));
#5107=DIRECTION('',(0,-0.8342411810082626,-0.5513997206291812));
#5108=STYLED_ITEM('',(#25),#5109);
#5109=FACE_SURFACE('',(#5114),#5110,.T.);
#5110=PLANE('',#5111);
#5111=AXIS2_PLACEMENT_3D('',#371,#5112,#5113);
#5112=DIRECTION('',(7.289523959417299E-05,-0.550683622610204,0.8347140483274417));
#5113=DIRECTION('',(0.9850083204365144,-0.1439543274292459,-0.09505661620965983));
#5114=FACE_BOUND('',#5115,.T.);
#5115=EDGE_LOOP('',(#5116,#5117,#5118));
#5116=ORIENTED_EDGE('',*,*,#5119,.T.);
#5117=ORIENTED_EDGE('',*,*,#5120,.T.);
#5118=ORIENTED_EDGE('',*,*,#5121,.T.);
#5119=EDGE_CURVE('',#372,#148,#5122,.F.);
#5120=EDGE_CURVE('',#148,#146,#5123,.T.);
#5121=EDGE_CURVE('',#146,#372,#5124,.T.);
#5122=LINE('',#371,#5125);
#5123=LINE('',#147,#5126);
#5124=LINE('',#145,#5127);
#5125=VECTOR('',#5128,1.0);
#5126=VECTOR('',#5129,1.0);
#5127=VECTOR('',#5130,1.0);
#5128=DIRECTION('',(0.9850083204365144,-0.1439543274292459,-0.09505661620965983));
#5129=DIRECTION('',(0,0.8347140505451583,0.5506836240732922));
#5130=DIRECTION('',(-0.9999934887160664,-0.0030517379416383863,-0.001925985723167337));
#5131=STYLED_ITEM('',(#25),#5132);
#5132=FACE_SURFACE('',(#5137),#5133,.T.);
#5133=PLANE('',#5134);
#5134=AXIS2_PLACEMENT_3D('',#371,#5135,#5136);
#5135=DIRECTION('',(-6.951603238162581E-05,-0.5173206157515835,0.8557916660530902));
#5136=DIRECTION('',(0.9999934887160664,0.0030517379416383863,0.001925985723167337));
#5137=FACE_BOUND('',#5138,.T.);
#5138=EDGE_LOOP('',(#5139,#5140,#5141));
#5139=ORIENTED_EDGE('',*,*,#5142,.T.);
#5140=ORIENTED_EDGE('',*,*,#5143,.T.);
#5141=ORIENTED_EDGE('',*,*,#5144,.T.);
#5142=EDGE_CURVE('',#372,#146,#5145,.F.);
#5143=EDGE_CURVE('',#146,#374,#5146,.T.);
#5144=EDGE_CURVE('',#374,#372,#5147,.T.);
#5145=LINE('',#371,#5148);
#5146=LINE('',#145,#5149);
#5147=LINE('',#373,#5150);
#5148=VECTOR('',#5151,1.0);
#5149=VECTOR('',#5152,1.0);
#5150=VECTOR('',#5153,1.0);
#5151=DIRECTION('',(0.9999934887160664,0.0030517379416383863,0.001925985723167337));
#5152=DIRECTION('',(-0.9849658989910492,0.14787246764400466,0.08930795674309847));
#5153=DIRECTION('',(0,-0.8557916681208877,-0.517320617001554));
#5154=STYLED_ITEM('',(#25),#5155);
#5155=FACE_SURFACE('',(#5160),#5156,.T.);
#5156=PLANE('',#5157);
#5157=AXIS2_PLACEMENT_3D('',#373,#5158,#5159);
#5158=DIRECTION('',(7.115757311495537E-05,-0.5166340345868273,0.8562063239915579));
#5159=DIRECTION('',(0.9849658989910492,-0.14787246764400466,-0.08930795674309847));
#5160=FACE_BOUND('',#5161,.T.);
#5161=EDGE_LOOP('',(#5162,#5163,#5164));
#5162=ORIENTED_EDGE('',*,*,#5165,.T.);
#5163=ORIENTED_EDGE('',*,*,#5166,.T.);
#5164=ORIENTED_EDGE('',*,*,#5167,.T.);
#5165=EDGE_CURVE('',#374,#146,#5168,.F.);
#5166=EDGE_CURVE('',#146,#144,#5169,.T.);
#5167=EDGE_CURVE('',#144,#374,#5170,.T.);
#5168=LINE('',#373,#5171);
#5169=LINE('',#145,#5172);
#5170=LINE('',#143,#5173);
#5171=VECTOR('',#5174,1.0);
#5172=VECTOR('',#5175,1.0);
#5173=VECTOR('',#5176,1.0);
#5174=DIRECTION('',(0.9849658989910492,-0.14787246764400466,-0.08930795674309847));
#5175=DIRECTION('',(0,0.8562063261592155,0.5166340358947897));
#5176=DIRECTION('',(-0.9999943960147262,-0.0029025444979811116,-0.0016682849217368072));
#5177=STYLED_ITEM('',(#25),#5178);
#5178=FACE_SURFACE('',(#5183),#5179,.T.);
#5179=PLANE('',#5180);
#5180=AXIS2_PLACEMENT_3D('',#373,#5181,#5182);
#5181=DIRECTION('',(-6.092622737098529E-05,-0.4824582439903199,0.8759189683376949));
#5182=DIRECTION('',(0.9999943960147262,0.0029025444979811116,0.0016682849217368072));
#5183=FACE_BOUND('',#5184,.T.);
#5184=EDGE_LOOP('',(#5185,#5186,#5187));
#5185=ORIENTED_EDGE('',*,*,#5188,.T.);
#5186=ORIENTED_EDGE('',*,*,#5189,.T.);
#5187=ORIENTED_EDGE('',*,*,#5190,.T.);
#5188=EDGE_CURVE('',#374,#144,#5191,.F.);
#5189=EDGE_CURVE('',#144,#376,#5192,.T.);
#5190=EDGE_CURVE('',#376,#374,#5193,.T.);
#5191=LINE('',#373,#5194);
#5192=LINE('',#143,#5195);
#5193=LINE('',#375,#5196);
#5194=VECTOR('',#5197,1.0);
#5195=VECTOR('',#5198,1.0);
#5196=VECTOR('',#5199,1.0);
#5197=DIRECTION('',(0.9999943960147262,0.0029025444979811116,0.0016682849217368072));
#5198=DIRECTION('',(-0.9849218261316327,0.15156291474577419,0.08341270456768005));
#5199=DIRECTION('',(0,-0.8759189699634027,-0.48245824488576367));
#5200=STYLED_ITEM('',(#25),#5201);
#5201=FACE_SURFACE('',(#5206),#5202,.T.);
#5202=PLANE('',#5203);
#5203=AXIS2_PLACEMENT_3D('',#375,#5204,#5205);
#5204=DIRECTION('',(6.037924103579439E-05,-0.4818532061297666,0.8762519524068473));
#5205=DIRECTION('',(0.9849218261316327,-0.15156291474577419,-0.08341270456768005));
#5206=FACE_BOUND('',#5207,.T.);
#5207=EDGE_LOOP('',(#5208,#5209,#5210));
#5208=ORIENTED_EDGE('',*,*,#5211,.T.);
#5209=ORIENTED_EDGE('',*,*,#5212,.T.);
#5210=ORIENTED_EDGE('',*,*,#5213,.T.);
#5211=EDGE_CURVE('',#376,#144,#5214,.F.);
#5212=EDGE_CURVE('',#144,#142,#5215,.T.);
#5213=EDGE_CURVE('',#142,#376,#5216,.T.);
#5214=LINE('',#375,#5217);
#5215=LINE('',#143,#5218);
#5216=LINE('',#141,#5219);
#5217=VECTOR('',#5220,1.0);
#5218=VECTOR('',#5221,1.0);
#5219=VECTOR('',#5222,1.0);
#5220=DIRECTION('',(0.9849218261316327,-0.15156291474577419,-0.08341270456768005));
#5221=DIRECTION('',(0,0.8762519540041025,0.4818532070081014));
#5222=DIRECTION('',(-0.999995213266292,-0.002739787232527547,-0.001437710131920396));
#5223=STYLED_ITEM('',(#25),#5224);
#5224=FACE_SURFACE('',(#5229),#5225,.T.);
#5225=PLANE('',#5226);
#5226=AXIS2_PLACEMENT_3D('',#375,#5227,#5228);
#5227=DIRECTION('',(-6.217729757571683E-05,-0.44677404108014956,0.8946468310740817));
#5228=DIRECTION('',(0.999995213266292,0.002739787232527547,0.001437710131920396));
#5229=FACE_BOUND('',#5230,.T.);
#5230=EDGE_LOOP('',(#5231,#5232,#5233));
#5231=ORIENTED_EDGE('',*,*,#5234,.T.);
#5232=ORIENTED_EDGE('',*,*,#5235,.T.);
#5233=ORIENTED_EDGE('',*,*,#5236,.T.);
#5234=EDGE_CURVE('',#376,#142,#5237,.F.);
#5235=EDGE_CURVE('',#142,#378,#5238,.T.);
#5236=EDGE_CURVE('',#378,#376,#5239,.T.);
#5237=LINE('',#375,#5240);
#5238=LINE('',#141,#5241);
#5239=LINE('',#377,#5242);
#5240=VECTOR('',#5243,1.0);
#5241=VECTOR('',#5244,1.0);
#5242=VECTOR('',#5245,1.0);
#5243=DIRECTION('',(0.999995213266292,0.002739787232527547,0.001437710131920396));
#5244=DIRECTION('',(-0.9848795905125344,0.1550162110474,0.07734446654008754));
#5245=DIRECTION('',(0,-0.8946468328034414,-0.4467740419437674));
#5246=STYLED_ITEM('',(#25),#5247);
#5247=FACE_SURFACE('',(#5252),#5248,.T.);
#5248=PLANE('',#5249);
#5249=AXIS2_PLACEMENT_3D('',#377,#5250,#5251);
#5250=DIRECTION('',(4.9875208315167483E-05,-0.44620403918742674,0.8949312559774014));
#5251=DIRECTION('',(0.9848795905125344,-0.1550162110474,-0.07734446654008754));
#5252=FACE_BOUND('',#5253,.T.);
#5253=EDGE_LOOP('',(#5254,#5255,#5256));
#5254=ORIENTED_EDGE('',*,*,#5257,.T.);
#5255=ORIENTED_EDGE('',*,*,#5258,.T.);
#5256=ORIENTED_EDGE('',*,*,#5259,.T.);
#5257=EDGE_CURVE('',#378,#142,#5260,.F.);
#5258=EDGE_CURVE('',#142,#140,#5261,.T.);
#5259=EDGE_CURVE('',#140,#378,#5262,.T.);
#5260=LINE('',#377,#5263);
#5261=LINE('',#141,#5264);
#5262=LINE('',#139,#5265);
#5263=VECTOR('',#5266,1.0);
#5264=VECTOR('',#5267,1.0);
#5265=VECTOR('',#5268,1.0);
#5266=DIRECTION('',(0.9848795905125344,-0.1550162110474,-0.07734446654008754));
#5267=DIRECTION('',(0,0.8949312570904883,0.446204039742401));
#5268=DIRECTION('',(-0.9999959779467578,-0.0025600754236850386,-0.0012206982152670382));
#5269=STYLED_ITEM('',(#25),#5270);
#5270=FACE_SURFACE('',(#5275),#5271,.T.);
#5271=PLANE('',#5272);
#5272=AXIS2_PLACEMENT_3D('',#377,#5273,#5274);
#5273=DIRECTION('',(-6.230563550237342E-05,-0.4104647076026467,0.9118764828257616));
#5274=DIRECTION('',(0.9999959779467578,0.0025600754236850386,0.0012206982152670382));
#5275=FACE_BOUND('',#5276,.T.);
#5276=EDGE_LOOP('',(#5277,#5278,#5279));
#5277=ORIENTED_EDGE('',*,*,#5280,.T.);
#5278=ORIENTED_EDGE('',*,*,#5281,.T.);
#5279=ORIENTED_EDGE('',*,*,#5282,.T.);
#5280=EDGE_CURVE('',#378,#140,#5283,.F.);
#5281=EDGE_CURVE('',#140,#380,#5284,.T.);
#5282=EDGE_CURVE('',#380,#378,#5285,.T.);
#5283=LINE('',#377,#5286);
#5284=LINE('',#139,#5287);
#5285=LINE('',#379,#5288);
#5286=VECTOR('',#5289,1.0);
#5287=VECTOR('',#5290,1.0);
#5288=VECTOR('',#5291,1.0);
#5289=DIRECTION('',(0.9999959779467578,0.0025600754236850386,0.0012206982152670382));
#5290=DIRECTION('',(-0.9848352810904778,0.1582284386143291,0.07115637942666253));
#5291=DIRECTION('',(0,-0.9118764845957104,-0.4104647083993571));
#5292=STYLED_ITEM('',(#25),#5293);
#5293=FACE_SURFACE('',(#5298),#5294,.T.);
#5294=PLANE('',#5295);
#5295=AXIS2_PLACEMENT_3D('',#379,#5296,#5297);
#5296=DIRECTION('',(5.728503944354529E-05,-0.4098455748876013,0.9121549218545476));
#5297=DIRECTION('',(0.9848352810904778,-0.1582284386143291,-0.07115637942666253));
#5298=FACE_BOUND('',#5299,.T.);
#5299=EDGE_LOOP('',(#5300,#5301,#5302));
#5300=ORIENTED_EDGE('',*,*,#5303,.T.);
#5301=ORIENTED_EDGE('',*,*,#5304,.T.);
#5302=ORIENTED_EDGE('',*,*,#5305,.T.);
#5303=EDGE_CURVE('',#380,#140,#5306,.F.);
#5304=EDGE_CURVE('',#140,#138,#5307,.T.);
#5305=EDGE_CURVE('',#138,#380,#5308,.T.);
#5306=LINE('',#379,#5309);
#5307=LINE('',#139,#5310);
#5308=LINE('',#137,#5311);
#5309=VECTOR('',#5312,1.0);
#5310=VECTOR('',#5313,1.0);
#5311=VECTOR('',#5314,1.0);
#5312=DIRECTION('',(0.9848352810904778,-0.1582284386143291,-0.07115637942666253));
#5313=DIRECTION('',(0,0.9121549233512004,0.409845575560071));
#5314=DIRECTION('',(-0.9999966793571557,-0.0023735815278795335,-0.0010036859032176314));
#5315=STYLED_ITEM('',(#25),#5316);
#5316=FACE_SURFACE('',(#5321),#5317,.T.);
#5317=PLANE('',#5318);
#5318=AXIS2_PLACEMENT_3D('',#379,#5319,#5320);
#5319=DIRECTION('',(-4.495281609309514E-05,-0.37334301805366066,0.9276933700581396));
#5320=DIRECTION('',(0.9999966793571557,0.0023735815278795335,0.0010036859032176314));
#5321=FACE_BOUND('',#5322,.T.);
#5322=EDGE_LOOP('',(#5323,#5324,#5325));
#5323=ORIENTED_EDGE('',*,*,#5326,.T.);
#5324=ORIENTED_EDGE('',*,*,#5327,.T.);
#5325=ORIENTED_EDGE('',*,*,#5328,.T.);
#5326=EDGE_CURVE('',#380,#138,#5329,.F.);
#5327=EDGE_CURVE('',#138,#382,#5330,.T.);
#5328=EDGE_CURVE('',#382,#380,#5331,.T.);
#5329=LINE('',#379,#5332);
#5330=LINE('',#137,#5333);
#5331=LINE('',#381,#5334);
#5332=VECTOR('',#5335,1.0);
#5333=VECTOR('',#5336,1.0);
#5334=VECTOR('',#5337,1.0);
#5335=DIRECTION('',(0.9999966793571557,0.0023735815278795335,0.0010036859032176314));
#5336=DIRECTION('',(-0.9847922847740112,0.16119014613961552,0.06482200735145774));
#5337=DIRECTION('',(0,-0.9276933709954605,-0.3733430184308782));
#5338=STYLED_ITEM('',(#25),#5339);
#5339=FACE_SURFACE('',(#5344),#5340,.T.);
#5340=PLANE('',#5341);
#5341=AXIS2_PLACEMENT_3D('',#381,#5342,#5343);
#5342=DIRECTION('',(5.3948446249006733E-05,-0.3728228897131503,0.9279025218176213));
#5343=DIRECTION('',(0.9847922847740112,-0.16119014613961552,-0.06482200735145774));
#5344=FACE_BOUND('',#5345,.T.);
#5345=EDGE_LOOP('',(#5346,#5347,#5348));
#5346=ORIENTED_EDGE('',*,*,#5349,.T.);
#5347=ORIENTED_EDGE('',*,*,#5350,.T.);
#5348=ORIENTED_EDGE('',*,*,#5351,.T.);
#5349=EDGE_CURVE('',#382,#138,#5352,.F.);
#5350=EDGE_CURVE('',#138,#136,#5353,.T.);
#5351=EDGE_CURVE('',#136,#382,#5354,.T.);
#5352=LINE('',#381,#5355);
#5353=LINE('',#137,#5356);
#5354=LINE('',#135,#5357);
#5355=VECTOR('',#5358,1.0);
#5356=VECTOR('',#5359,1.0);
#5357=VECTOR('',#5360,1.0);
#5358=DIRECTION('',(0.9847922847740112,-0.16119014613961552,-0.06482200735145774));
#5359=DIRECTION('',(0,0.9279025231679213,0.37282289025568865));
#5360=DIRECTION('',(-0.999997314122507,-0.0021701330601616906,-0.0008137998975606339));
#5361=STYLED_ITEM('',(#25),#5362);
#5362=FACE_SURFACE('',(#5367),#5363,.T.);
#5363=PLANE('',#5364);
#5364=AXIS2_PLACEMENT_3D('',#381,#5365,#5366);
#5365=DIRECTION('',(-3.8104248901769915E-05,-0.33568228669511896,0.9419752655708121));
#5366=DIRECTION('',(0.999997314122507,0.0021701330601616906,0.0008137998975606339));
#5367=FACE_BOUND('',#5368,.T.);
#5368=EDGE_LOOP('',(#5369,#5370,#5371));
#5369=ORIENTED_EDGE('',*,*,#5372,.T.);
#5370=ORIENTED_EDGE('',*,*,#5373,.T.);
#5371=ORIENTED_EDGE('',*,*,#5374,.T.);
#5372=EDGE_CURVE('',#382,#136,#5375,.F.);
#5373=EDGE_CURVE('',#136,#384,#5376,.T.);
#5374=EDGE_CURVE('',#384,#382,#5377,.T.);
#5375=LINE('',#381,#5378);
#5376=LINE('',#135,#5379);
#5377=LINE('',#383,#5380);
#5378=VECTOR('',#5381,1.0);
#5379=VECTOR('',#5382,1.0);
#5380=VECTOR('',#5383,1.0);
#5381=DIRECTION('',(0.999997314122507,0.0021701330601616906,0.0008137998975606339));
#5382=DIRECTION('',(-0.9847485142916629,0.1639010308973737,0.05836793358635209));
#5383=DIRECTION('',(0,-0.9419752662546551,-0.33568228693881325));
#5384=STYLED_ITEM('',(#25),#5385);
#5385=FACE_SURFACE('',(#5390),#5386,.T.);
#5386=PLANE('',#5387);
#5387=AXIS2_PLACEMENT_3D('',#383,#5388,#5389);
#5388=DIRECTION('',(4.2561332064113594E-05,-0.33525217657671647,0.942128428766008));
#5389=DIRECTION('',(0.9847485142916629,-0.1639010308973737,-0.05836793358635209));
#5390=FACE_BOUND('',#5391,.T.);
#5391=EDGE_LOOP('',(#5392,#5393,#5394));
#5392=ORIENTED_EDGE('',*,*,#5395,.T.);
#5393=ORIENTED_EDGE('',*,*,#5396,.T.);
#5394=ORIENTED_EDGE('',*,*,#5397,.T.);
#5395=EDGE_CURVE('',#384,#136,#5398,.F.);
#5396=EDGE_CURVE('',#136,#134,#5399,.T.);
#5397=EDGE_CURVE('',#134,#384,#5400,.T.);
#5398=LINE('',#383,#5401);
#5399=LINE('',#135,#5402);
#5400=LINE('',#133,#5403);
#5401=VECTOR('',#5404,1.0);
#5402=VECTOR('',#5405,1.0);
#5403=VECTOR('',#5406,1.0);
#5404=DIRECTION('',(0.9847485142916629,-0.1639010308973737,-0.05836793358635209));
#5405=DIRECTION('',(0,0.9421284296193254,0.3352521768803656));
#5406=DIRECTION('',(-0.9999978741020333,-0.0019565116826608386,-0.0006510402826185112));
#5407=STYLED_ITEM('',(#25),#5408);
#5408=FACE_SURFACE('',(#5413),#5409,.T.);
#5409=PLANE('',#5410);
#5410=AXIS2_PLACEMENT_3D('',#383,#5411,#5412);
#5411=DIRECTION('',(-3.950631593087885E-05,-0.29749717707238593,0.9547226969509065));
#5412=DIRECTION('',(0.9999978741020333,0.0019565116826608386,0.0006510402826185112));
#5413=FACE_BOUND('',#5414,.T.);
#5414=EDGE_LOOP('',(#5415,#5416,#5417));
#5415=ORIENTED_EDGE('',*,*,#5418,.T.);
#5416=ORIENTED_EDGE('',*,*,#5419,.T.);
#5417=ORIENTED_EDGE('',*,*,#5420,.T.);
#5418=EDGE_CURVE('',#384,#134,#5421,.F.);
#5419=EDGE_CURVE('',#134,#386,#5422,.T.);
#5420=EDGE_CURVE('',#386,#384,#5423,.T.);
#5421=LINE('',#383,#5424);
#5422=LINE('',#133,#5425);
#5423=LINE('',#385,#5426);
#5424=VECTOR('',#5427,1.0);
#5425=VECTOR('',#5428,1.0);
#5426=VECTOR('',#5429,1.0);
#5427=DIRECTION('',(0.9999978741020333,0.0019565116826608386,0.0006510402826185112));
#5428=DIRECTION('',(-0.9847058777777574,0.16634808631350326,0.05179428974096874));
#5429=DIRECTION('',(0,-0.9547226976959478,-0.29749717730454517));
#5430=STYLED_ITEM('',(#25),#5431);
#5431=FACE_SURFACE('',(#5436),#5432,.T.);
#5432=PLANE('',#5433);
#5433=AXIS2_PLACEMENT_3D('',#385,#5434,#5435);
#5434=DIRECTION('',(3.6588629684736844E-05,-0.29708653987415756,0.9548505571485376));
#5435=DIRECTION('',(0.9847058777777574,-0.16634808631350326,-0.05179428974096874));
#5436=FACE_BOUND('',#5437,.T.);
#5437=EDGE_LOOP('',(#5438,#5439,#5440));
#5438=ORIENTED_EDGE('',*,*,#5441,.T.);
#5439=ORIENTED_EDGE('',*,*,#5442,.T.);
#5440=ORIENTED_EDGE('',*,*,#5443,.T.);
#5441=EDGE_CURVE('',#386,#134,#5444,.F.);
#5442=EDGE_CURVE('',#134,#132,#5445,.T.);
#5443=EDGE_CURVE('',#132,#386,#5446,.T.);
#5444=LINE('',#385,#5447);
#5445=LINE('',#133,#5448);
#5446=LINE('',#131,#5449);
#5447=VECTOR('',#5450,1.0);
#5448=VECTOR('',#5451,1.0);
#5449=VECTOR('',#5452,1.0);
#5450=DIRECTION('',(0.9847058777777574,-0.16634808631350326,-0.05179428974096874));
#5451=DIRECTION('',(0,0.9548505577876801,0.2970865400730166));
#5452=DIRECTION('',(-0.9999983670390944,-0.001736108276109539,-0.0005018437985629136));
#5453=STYLED_ITEM('',(#25),#5454);
#5454=FACE_SURFACE('',(#5459),#5455,.T.);
#5455=PLANE('',#5456);
#5456=AXIS2_PLACEMENT_3D('',#385,#5457,#5458);
#5457=DIRECTION('',(-3.536404710111072E-05,-0.25884150328586814,0.9659198077097788));
#5458=DIRECTION('',(0.9999983670390944,0.001736108276109539,0.0005018437985629136));
#5459=FACE_BOUND('',#5460,.T.);
#5460=EDGE_LOOP('',(#5461,#5462,#5463));
#5461=ORIENTED_EDGE('',*,*,#5464,.T.);
#5462=ORIENTED_EDGE('',*,*,#5465,.T.);
#5463=ORIENTED_EDGE('',*,*,#5466,.T.);
#5464=EDGE_CURVE('',#386,#132,#5467,.F.);
#5465=EDGE_CURVE('',#132,#388,#5468,.T.);
#5466=EDGE_CURVE('',#388,#386,#5469,.T.);
#5467=LINE('',#385,#5470);
#5468=LINE('',#131,#5471);
#5469=LINE('',#387,#5472);
#5470=VECTOR('',#5473,1.0);
#5471=VECTOR('',#5474,1.0);
#5472=VECTOR('',#5475,1.0);
#5473=DIRECTION('',(0.9999983670390944,0.001736108276109539,0.0005018437985629136));
#5474=DIRECTION('',(-0.984661659128108,0.16853756791676378,0.04512765497767303));
#5475=DIRECTION('',(0,-0.9659198083137761,-0.2588415034477238));
#5476=STYLED_ITEM('',(#25),#5477);
#5477=FACE_SURFACE('',(#5482),#5478,.T.);
#5478=PLANE('',#5479);
#5479=AXIS2_PLACEMENT_3D('',#387,#5480,#5481);
#5480=DIRECTION('',(3.447729294565569E-05,-0.2584607609686207,0.9660217564065717));
#5481=DIRECTION('',(0.984661659128108,-0.16853756791676378,-0.04512765497767303));
#5482=FACE_BOUND('',#5483,.T.);
#5483=EDGE_LOOP('',(#5484,#5485,#5486));
#5484=ORIENTED_EDGE('',*,*,#5487,.T.);
#5485=ORIENTED_EDGE('',*,*,#5488,.T.);
#5486=ORIENTED_EDGE('',*,*,#5489,.T.);
#5487=EDGE_CURVE('',#388,#132,#5490,.F.);
#5488=EDGE_CURVE('',#132,#130,#5491,.T.);
#5489=EDGE_CURVE('',#130,#388,#5492,.T.);
#5490=LINE('',#387,#5493);
#5491=LINE('',#131,#5494);
#5492=LINE('',#129,#5495);
#5493=VECTOR('',#5496,1.0);
#5494=VECTOR('',#5497,1.0);
#5495=VECTOR('',#5498,1.0);
#5496=DIRECTION('',(0.984661659128108,-0.16853756791676378,-0.04512765497767303));
#5497=DIRECTION('',(0,0.9660217569807189,0.2584607611222347));
#5498=DIRECTION('',(-0.9999988047301032,-0.0015021412166864546,-0.0003662104997790905));
#5499=STYLED_ITEM('',(#25),#5500);
#5500=FACE_SURFACE('',(#5505),#5501,.T.);
#5501=PLANE('',#5502);
#5502=AXIS2_PLACEMENT_3D('',#387,#5503,#5504);
#5503=DIRECTION('',(-2.717026453970588E-05,-0.21974568742276634,0.9755571905946225));
#5504=DIRECTION('',(0.9999988047301032,0.0015021412166864546,0.0003662104997790905));
#5505=FACE_BOUND('',#5506,.T.);
#5506=EDGE_LOOP('',(#5507,#5508,#5509));
#5507=ORIENTED_EDGE('',*,*,#5510,.T.);
#5508=ORIENTED_EDGE('',*,*,#5511,.T.);
#5509=ORIENTED_EDGE('',*,*,#5512,.T.);
#5510=EDGE_CURVE('',#388,#130,#5513,.F.);
#5511=EDGE_CURVE('',#130,#390,#5514,.T.);
#5512=EDGE_CURVE('',#390,#388,#5515,.T.);
#5513=LINE('',#387,#5516);
#5514=LINE('',#129,#5517);
#5515=LINE('',#389,#5518);
#5516=VECTOR('',#5519,1.0);
#5517=VECTOR('',#5520,1.0);
#5518=VECTOR('',#5521,1.0);
#5519=DIRECTION('',(0.9999988047301032,0.0015021412166864546,0.0003662104997790905));
#5520=DIRECTION('',(-0.9846179285102743,0.17045650343184426,0.0383681546849232));
#5521=DIRECTION('',(0,-0.9755571909547119,-0.21974568750387702));
#5522=STYLED_ITEM('',(#25),#5523);
#5523=FACE_SURFACE('',(#5528),#5524,.T.);
#5524=PLANE('',#5525);
#5525=AXIS2_PLACEMENT_3D('',#389,#5526,#5527);
#5526=DIRECTION('',(2.5399408512895375E-05,-0.21945666978171288,0.9756222473084499));
#5527=DIRECTION('',(0.9846179285102743,-0.17045650343184426,-0.0383681546849232));
#5528=FACE_BOUND('',#5529,.T.);
#5529=EDGE_LOOP('',(#5530,#5531,#5532));
#5530=ORIENTED_EDGE('',*,*,#5533,.T.);
#5531=ORIENTED_EDGE('',*,*,#5534,.T.);
#5532=ORIENTED_EDGE('',*,*,#5535,.T.);
#5533=EDGE_CURVE('',#390,#130,#5536,.F.);
#5534=EDGE_CURVE('',#130,#128,#5537,.T.);
#5535=EDGE_CURVE('',#128,#390,#5538,.T.);
#5536=LINE('',#389,#5539);
#5537=LINE('',#129,#5540);
#5538=LINE('',#127,#5541);
#5539=VECTOR('',#5542,1.0);
#5540=VECTOR('',#5543,1.0);
#5541=VECTOR('',#5544,1.0);
#5542=DIRECTION('',(0.9846179285102743,-0.17045650343184426,-0.0383681546849232));
#5543=DIRECTION('',(0,0.9756222476231515,0.21945666985250195));
#5544=DIRECTION('',(-0.9999991712389169,-0.0012613921837730478,-0.00025770377948051515));
#5545=STYLED_ITEM('',(#25),#5546);
#5546=FACE_SURFACE('',(#5551),#5547,.T.);
#5547=PLANE('',#5548);
#5548=AXIS2_PLACEMENT_3D('',#389,#5549,#5550);
#5549=DIRECTION('',(-2.6188074261734177E-05,-0.18019560006452873,0.9836307971142269));
#5550=DIRECTION('',(0.9999991712389169,0.0012613921837730478,0.00025770377948051515));
#5551=FACE_BOUND('',#5552,.T.);
#5552=EDGE_LOOP('',(#5553,#5554,#5555));
#5553=ORIENTED_EDGE('',*,*,#5556,.T.);
#5554=ORIENTED_EDGE('',*,*,#5557,.T.);
#5555=ORIENTED_EDGE('',*,*,#5558,.T.);
#5556=EDGE_CURVE('',#390,#128,#5559,.F.);
#5557=EDGE_CURVE('',#128,#392,#5560,.T.);
#5558=EDGE_CURVE('',#392,#390,#5561,.T.);
#5559=LINE('',#389,#5562);
#5560=LINE('',#127,#5563);
#5561=LINE('',#391,#5564);
#5562=VECTOR('',#5565,1.0);
#5563=VECTOR('',#5566,1.0);
#5564=VECTOR('',#5567,1.0);
#5565=DIRECTION('',(0.9999991712389169,0.0012613921837730478,0.00025770377948051515));
#5566=DIRECTION('',(-0.984574772939873,0.17210494696663206,0.03150243990566896));
#5567=DIRECTION('',(0,-0.9836307974515213,-0.18019560012631916));
#5568=STYLED_ITEM('',(#25),#5569);
#5569=FACE_SURFACE('',(#5574),#5570,.T.);
#5570=PLANE('',#5571);
#5571=AXIS2_PLACEMENT_3D('',#391,#5572,#5573);
#5572=DIRECTION('',(1.0265493182805356E-05,-0.1799938194744138,0.9836677410821358));
#5573=DIRECTION('',(0.984574772939873,-0.17210494696663206,-0.03150243990566896));
#5574=FACE_BOUND('',#5575,.T.);
#5575=EDGE_LOOP('',(#5576,#5577,#5578));
#5576=ORIENTED_EDGE('',*,*,#5579,.T.);
#5577=ORIENTED_EDGE('',*,*,#5580,.T.);
#5578=ORIENTED_EDGE('',*,*,#5581,.T.);
#5579=EDGE_CURVE('',#392,#128,#5582,.F.);
#5580=EDGE_CURVE('',#128,#126,#5583,.T.);
#5581=EDGE_CURVE('',#126,#392,#5584,.T.);
#5582=LINE('',#391,#5585);
#5583=LINE('',#127,#5586);
#5584=LINE('',#125,#5587);
#5585=VECTOR('',#5588,1.0);
#5586=VECTOR('',#5589,1.0);
#5587=VECTOR('',#5590,1.0);
#5588=DIRECTION('',(0.984574772939873,-0.17210494696663206,-0.03150243990566896));
#5589=DIRECTION('',(0,0.9836677411339654,0.1799938194838977));
#5590=DIRECTION('',(-0.999999463598871,-0.0010206428987062587,-0.00017632369014194504));
#5591=STYLED_ITEM('',(#25),#5592);
#5592=FACE_SURFACE('',(#5597),#5593,.T.);
#5593=PLANE('',#5594);
#5594=AXIS2_PLACEMENT_3D('',#391,#5595,#5596);
#5595=DIRECTION('',(-3.111227431709603E-05,-0.14055938182767655,0.9900722494910398));
#5596=DIRECTION('',(0.999999463598871,0.0010206428987062587,0.00017632369014194504));
#5597=FACE_BOUND('',#5598,.T.);
#5598=EDGE_LOOP('',(#5599,#5600,#5601));
#5599=ORIENTED_EDGE('',*,*,#5602,.T.);
#5600=ORIENTED_EDGE('',*,*,#5603,.T.);
#5601=ORIENTED_EDGE('',*,*,#5604,.T.);
#5602=EDGE_CURVE('',#392,#126,#5605,.F.);
#5603=EDGE_CURVE('',#126,#394,#5606,.T.);
#5604=EDGE_CURVE('',#394,#392,#5607,.T.);
#5605=LINE('',#391,#5608);
#5606=LINE('',#125,#5609);
#5607=LINE('',#393,#5610);
#5608=VECTOR('',#5611,1.0);
#5609=VECTOR('',#5612,1.0);
#5610=VECTOR('',#5613,1.0);
#5611=DIRECTION('',(0.999999463598871,0.0010206428987062587,0.00017632369014194504));
#5612=DIRECTION('',(-0.9845308746400587,0.17347602800088166,0.024597247600463706));
#5613=DIRECTION('',(0,-0.9900722499702218,-0.14055938189570547));
#5614=STYLED_ITEM('',(#25),#5615);
#5615=FACE_SURFACE('',(#5620),#5616,.T.);
#5616=PLANE('',#5617);
#5617=AXIS2_PLACEMENT_3D('',#393,#5618,#5619);
#5618=DIRECTION('',(2.6891606444175853E-05,-0.14023667995273598,0.9901180095688975));
#5619=DIRECTION('',(0.9845308746400587,-0.17347602800088166,-0.024597247600463706));
#5620=FACE_BOUND('',#5621,.T.);
#5621=EDGE_LOOP('',(#5622,#5623,#5624));
#5622=ORIENTED_EDGE('',*,*,#5625,.T.);
#5623=ORIENTED_EDGE('',*,*,#5626,.T.);
#5624=ORIENTED_EDGE('',*,*,#5627,.T.);
#5625=EDGE_CURVE('',#394,#126,#5628,.F.);
#5626=EDGE_CURVE('',#126,#124,#5629,.T.);
#5627=EDGE_CURVE('',#124,#394,#5630,.T.);
#5628=LINE('',#393,#5631);
#5629=LINE('',#125,#5632);
#5630=LINE('',#123,#5633);
#5631=VECTOR('',#5634,1.0);
#5632=VECTOR('',#5635,1.0);
#5633=VECTOR('',#5636,1.0);
#5634=DIRECTION('',(0.9845308746400587,-0.17347602800088166,-0.024597247600463706));
#5635=DIRECTION('',(0,0.9901180099269037,0.14023668000344267));
#5636=DIRECTION('',(-0.9999997030577025,-0.0007663300675830103,-8.138018416810729E-05));
#5637=STYLED_ITEM('',(#25),#5638);
#5638=FACE_SURFACE('',(#5643),#5639,.T.);
#5639=PLANE('',#5640);
#5640=AXIS2_PLACEMENT_3D('',#393,#5641,#5642);
#5641=DIRECTION('',(-3.9682511913298815E-06,-0.10047900616533902,0.994939178696004));
#5642=DIRECTION('',(0.9999997030577025,0.0007663300675830103,8.138018416810729E-05));
#5643=FACE_BOUND('',#5644,.T.);
#5644=EDGE_LOOP('',(#5645,#5646,#5647));
#5645=ORIENTED_EDGE('',*,*,#5648,.T.);
#5646=ORIENTED_EDGE('',*,*,#5649,.T.);
#5647=ORIENTED_EDGE('',*,*,#5650,.T.);
#5648=EDGE_CURVE('',#394,#124,#5651,.F.);
#5649=EDGE_CURVE('',#124,#396,#5652,.T.);
#5650=EDGE_CURVE('',#396,#394,#5653,.T.);
#5651=LINE('',#393,#5654);
#5652=LINE('',#123,#5655);
#5653=LINE('',#395,#5656);
#5654=VECTOR('',#5657,1.0);
#5655=VECTOR('',#5658,1.0);
#5656=VECTOR('',#5659,1.0);
#5657=DIRECTION('',(0.9999997030577025,0.0007663300675830103,8.138018416810729E-05));
#5658=DIRECTION('',(-0.9844870091287531,0.17456991799377106,0.017625906738958797));
#5659=DIRECTION('',(0,-0.9949391787038375,-0.10047900616613012));
#5660=STYLED_ITEM('',(#25),#5661);
#5661=FACE_SURFACE('',(#5666),#5662,.T.);
#5662=PLANE('',#5663);
#5663=AXIS2_PLACEMENT_3D('',#395,#5664,#5665);
#5664=DIRECTION('',(1.1259339613852813E-05,-0.1003939966140441,0.9949477600945119));
#5665=DIRECTION('',(0.9844870091287531,-0.17456991799377106,-0.017625906738958797));
#5666=FACE_BOUND('',#5667,.T.);
#5667=EDGE_LOOP('',(#5668,#5669,#5670));
#5668=ORIENTED_EDGE('',*,*,#5671,.T.);
#5669=ORIENTED_EDGE('',*,*,#5672,.T.);
#5670=ORIENTED_EDGE('',*,*,#5673,.T.);
#5671=EDGE_CURVE('',#396,#124,#5674,.F.);
#5672=EDGE_CURVE('',#124,#122,#5675,.T.);
#5673=EDGE_CURVE('',#122,#396,#5676,.T.);
#5674=LINE('',#395,#5677);
#5675=LINE('',#123,#5678);
#5676=LINE('',#121,#5679);
#5677=VECTOR('',#5680,1.0);
#5678=VECTOR('',#5681,1.0);
#5679=VECTOR('',#5682,1.0);
#5680=DIRECTION('',(0.9844870091287531,-0.17456991799377106,-0.017625906738958797));
#5681=DIRECTION('',(0,0.994947760157578,0.10039399662040771));
#5682=DIRECTION('',(-0.9999998663494885,-0.00051540791722657,-4.069009872841343E-05));
#5683=STYLED_ITEM('',(#25),#5684);
#5684=FACE_SURFACE('',(#5689),#5685,.T.);
#5685=PLANE('',#5686);
#5686=AXIS2_PLACEMENT_3D('',#395,#5687,#5688);
#5687=DIRECTION('',(-9.489258159000079E-06,-0.06039210964591855,0.9981747306972208));
#5688=DIRECTION('',(0.9999998663494885,0.00051540791722657,4.069009872841343E-05));
#5689=FACE_BOUND('',#5690,.T.);
#5690=EDGE_LOOP('',(#5691,#5692,#5693));
#5691=ORIENTED_EDGE('',*,*,#5694,.T.);
#5692=ORIENTED_EDGE('',*,*,#5695,.T.);
#5693=ORIENTED_EDGE('',*,*,#5696,.T.);
#5694=EDGE_CURVE('',#396,#122,#5697,.F.);
#5695=EDGE_CURVE('',#122,#398,#5698,.T.);
#5696=EDGE_CURVE('',#398,#396,#5699,.T.);
#5697=LINE('',#395,#5700);
#5698=LINE('',#121,#5701);
#5699=LINE('',#397,#5702);
#5700=VECTOR('',#5703,1.0);
#5701=VECTOR('',#5704,1.0);
#5702=VECTOR('',#5705,1.0);
#5703=DIRECTION('',(0.9999998663494885,0.00051540791722657,4.069009872841343E-05));
#5704=DIRECTION('',(-0.9844431405729357,0.17538330961677395,0.010601777528414048));
#5705=DIRECTION('',(0,-0.9981747307421617,-0.06039210964863758));
#5706=STYLED_ITEM('',(#25),#5707);
#5707=FACE_SURFACE('',(#5712),#5708,.T.);
#5708=PLANE('',#5709);
#5709=AXIS2_PLACEMENT_3D('',#397,#5710,#5711);
#5710=DIRECTION('',(2.008053326265609E-06,-0.06032780919166279,0.9981786190026822));
#5711=DIRECTION('',(0.9844431405729357,-0.17538330961677395,-0.010601777528414048));
#5712=FACE_BOUND('',#5713,.T.);
#5713=EDGE_LOOP('',(#5714,#5715,#5716));
#5714=ORIENTED_EDGE('',*,*,#5717,.T.);
#5715=ORIENTED_EDGE('',*,*,#5718,.T.);
#5716=ORIENTED_EDGE('',*,*,#5719,.T.);
#5717=EDGE_CURVE('',#398,#122,#5720,.F.);
#5718=EDGE_CURVE('',#122,#118,#5721,.T.);
#5719=EDGE_CURVE('',#118,#398,#5722,.T.);
#5720=LINE('',#397,#5723);
#5721=LINE('',#121,#5724);
#5722=LINE('',#117,#5725);
#5723=VECTOR('',#5726,1.0);
#5724=VECTOR('',#5727,1.0);
#5725=VECTOR('',#5728,1.0);
#5726=DIRECTION('',(0.9844431405729357,-0.17538330961677395,-0.010601777528414048));
#5727=DIRECTION('',(0,0.9981786190046948,0.060327809191784425));
#5728=DIRECTION('',(-0.9999999667023451,-0.0002577039844746169,-1.3563367603927206E-05));
#5729=STYLED_ITEM('',(#25),#5730);
#5730=FACE_SURFACE('',(#5735),#5731,.T.);
#5731=PLANE('',#5732);
#5732=AXIS2_PLACEMENT_3D('',#397,#5733,#5734);
#5733=DIRECTION('',(-8.36637746220626E-06,-0.0201558196454668,0.9997968507974123));
#5734=DIRECTION('',(0.9999999667023451,0.0002577039844746169,1.3563367603927206E-05));
#5735=FACE_BOUND('',#5736,.T.);
#5736=EDGE_LOOP('',(#5737,#5738,#5739));
#5737=ORIENTED_EDGE('',*,*,#5740,.T.);
#5738=ORIENTED_EDGE('',*,*,#5741,.T.);
#5739=ORIENTED_EDGE('',*,*,#5742,.T.);
#5740=EDGE_CURVE('',#398,#118,#5743,.F.);
#5741=EDGE_CURVE('',#118,#400,#5744,.T.);
#5742=EDGE_CURVE('',#400,#398,#5745,.T.);
#5743=LINE('',#397,#5746);
#5744=LINE('',#117,#5747);
#5745=LINE('',#399,#5748);
#5746=VECTOR('',#5749,1.0);
#5747=VECTOR('',#5750,1.0);
#5748=VECTOR('',#5751,1.0);
#5749=DIRECTION('',(0.9999999667023451,0.0002577039844746169,1.3563367603927206E-05));
#5750=DIRECTION('',(-0.9843987948049826,0.17591615561188487,0.0035382172393571016));
#5751=DIRECTION('',(0,-0.9997968508324033,-0.020155819646172215));
#5752=STYLED_ITEM('',(#25),#5753);
#5753=FACE_SURFACE('',(#5758),#5754,.T.);
#5754=PLANE('',#5755);
#5755=AXIS2_PLACEMENT_3D('',#399,#5756,#5757);
#5756=DIRECTION('',(0,-0.020109021683625754,0.9997977931796647));
#5757=DIRECTION('',(0.9843987948049826,-0.17591615561188487,-0.0035382172393571016));
#5758=FACE_BOUND('',#5759,.T.);
#5759=EDGE_LOOP('',(#5760,#5761,#5762));
#5760=ORIENTED_EDGE('',*,*,#5763,.T.);
#5761=ORIENTED_EDGE('',*,*,#5764,.T.);
#5762=ORIENTED_EDGE('',*,*,#5765,.T.);
#5763=EDGE_CURVE('',#400,#118,#5766,.F.);
#5764=EDGE_CURVE('',#118,#120,#5767,.T.);
#5765=EDGE_CURVE('',#120,#400,#5768,.T.);
#5766=LINE('',#399,#5769);
#5767=LINE('',#117,#5770);
#5768=LINE('',#119,#5771);
#5769=VECTOR('',#5772,1.0);
#5770=VECTOR('',#5773,1.0);
#5771=VECTOR('',#5774,1.0);
#5772=DIRECTION('',(0.9843987948049826,-0.17591615561188487,-0.0035382172393571016));
#5773=DIRECTION('',(0,0.9997977931796647,0.020109021683625754));
#5774=DIRECTION('',(-1,0,0));
#5775=STYLED_ITEM('',(#25),#5776);
#5776=FACE_SURFACE('',(#5781),#5777,.T.);
#5777=PLANE('',#5778);
#5778=AXIS2_PLACEMENT_3D('',#187,#5779,#5780);
#5779=DIRECTION('',(0,-0.6167249770167862,0.7871786980880799));
#5780=DIRECTION('',(0,0.7871786980880799,0.6167249770167862));
#5781=FACE_BOUND('',#5782,.T.);
#5782=EDGE_LOOP('',(#5783,#5784,#5785));
#5783=ORIENTED_EDGE('',*,*,#5786,.T.);
#5784=ORIENTED_EDGE('',*,*,#5787,.T.);
#5785=ORIENTED_EDGE('',*,*,#5788,.T.);
#5786=EDGE_CURVE('',#188,#184,#5789,.F.);
#5787=EDGE_CURVE('',#184,#368,#5790,.T.);
#5788=EDGE_CURVE('',#368,#188,#5791,.T.);
#5789=LINE('',#187,#5792);
#5790=LINE('',#183,#5793);
#5791=LINE('',#367,#5794);
#5792=VECTOR('',#5795,1.0);
#5793=VECTOR('',#5796,1.0);
#5794=VECTOR('',#5797,1.0);
#5795=DIRECTION('',(0,0.7871786980880799,0.6167249770167862));
#5796=DIRECTION('',(-1,0,0));
#5797=DIRECTION('',(0.9980859461391696,-0.04868077604542313,-0.03813956165314519));
#5798=STYLED_ITEM('',(#25),#5799);
#5799=FACE_SURFACE('',(#5804),#5800,.T.);
#5800=PLANE('',#5801);
#5801=AXIS2_PLACEMENT_3D('',#187,#5802,#5803);
#5802=DIRECTION('',(0,-0.6167249770167862,0.7871786980880799));
#5803=DIRECTION('',(-0.9980859461391696,0.04868077604542313,0.03813956165314519));
#5804=FACE_BOUND('',#5805,.T.);
#5805=EDGE_LOOP('',(#5806,#5807,#5808));
#5806=ORIENTED_EDGE('',*,*,#5809,.T.);
#5807=ORIENTED_EDGE('',*,*,#5810,.T.);
#5808=ORIENTED_EDGE('',*,*,#5811,.T.);
#5809=EDGE_CURVE('',#188,#368,#5812,.F.);
#5810=EDGE_CURVE('',#368,#364,#5813,.T.);
#5811=EDGE_CURVE('',#364,#188,#5814,.T.);
#5812=LINE('',#187,#5815);
#5813=LINE('',#367,#5816);
#5814=LINE('',#363,#5817);
#5815=VECTOR('',#5818,1.0);
#5816=VECTOR('',#5819,1.0);
#5817=VECTOR('',#5820,1.0);
#5818=DIRECTION('',(-0.9980859461391696,0.04868077604542313,0.03813956165314519));
#5819=DIRECTION('',(0,-0.7871786980880799,-0.6167249770167862));
#5820=DIRECTION('',(1,0,0));
#5821=STYLED_ITEM('',(#25),#5822);
#5822=FACE_SURFACE('',(#5827),#5823,.T.);
#5823=PLANE('',#5824);
#5824=AXIS2_PLACEMENT_3D('',#191,#5825,#5826);
#5825=DIRECTION('',(0,-0.647894194543723,0.7617303411815368));
#5826=DIRECTION('',(0,0.7617303411815367,0.647894194543723));
#5827=FACE_BOUND('',#5828,.T.);
#5828=EDGE_LOOP('',(#5829,#5830,#5831));
#5829=ORIENTED_EDGE('',*,*,#5832,.T.);
#5830=ORIENTED_EDGE('',*,*,#5833,.T.);
#5831=ORIENTED_EDGE('',*,*,#5834,.T.);
#5832=EDGE_CURVE('',#192,#188,#5835,.F.);
#5833=EDGE_CURVE('',#188,#364,#5836,.T.);
#5834=EDGE_CURVE('',#364,#192,#5837,.T.);
#5835=LINE('',#191,#5838);
#5836=LINE('',#187,#5839);
#5837=LINE('',#363,#5840);
#5838=VECTOR('',#5841,1.0);
#5839=VECTOR('',#5842,1.0);
#5840=VECTOR('',#5843,1.0);
#5841=DIRECTION('',(0,0.7617303411815367,0.647894194543723));
#5842=DIRECTION('',(-1,0,0));
#5843=DIRECTION('',(0.9980860998109361,-0.04710510721916542,-0.04006552430787778));
#5844=STYLED_ITEM('',(#25),#5845);
#5845=FACE_SURFACE('',(#5850),#5846,.T.);
#5846=PLANE('',#5847);
#5847=AXIS2_PLACEMENT_3D('',#191,#5848,#5849);
#5848=DIRECTION('',(0,-0.647894194543723,0.7617303411815368));
#5849=DIRECTION('',(-0.9980860998109361,0.04710510721916542,0.04006552430787778));
#5850=FACE_BOUND('',#5851,.T.);
#5851=EDGE_LOOP('',(#5852,#5853,#5854));
#5852=ORIENTED_EDGE('',*,*,#5855,.T.);
#5853=ORIENTED_EDGE('',*,*,#5856,.T.);
#5854=ORIENTED_EDGE('',*,*,#5857,.T.);
#5855=EDGE_CURVE('',#192,#364,#5858,.F.);
#5856=EDGE_CURVE('',#364,#360,#5859,.T.);
#5857=EDGE_CURVE('',#360,#192,#5860,.T.);
#5858=LINE('',#191,#5861);
#5859=LINE('',#363,#5862);
#5860=LINE('',#359,#5863);
#5861=VECTOR('',#5864,1.0);
#5862=VECTOR('',#5865,1.0);
#5863=VECTOR('',#5866,1.0);
#5864=DIRECTION('',(-0.9980860998109361,0.04710510721916542,0.04006552430787778));
#5865=DIRECTION('',(0,-0.7617303411815367,-0.647894194543723));
#5866=DIRECTION('',(1,0,0));
#5867=STYLED_ITEM('',(#25),#5868);
#5868=FACE_SURFACE('',(#5873),#5869,.T.);
#5869=PLANE('',#5870);
#5870=AXIS2_PLACEMENT_3D('',#195,#5871,#5872);
#5871=DIRECTION('',(0,-0.6780818125413771,0.7349864321881057));
#5872=DIRECTION('',(0,0.7349864321881057,0.6780818125413771));
#5873=FACE_BOUND('',#5874,.T.);
#5874=EDGE_LOOP('',(#5875,#5876,#5877));
#5875=ORIENTED_EDGE('',*,*,#5878,.T.);
#5876=ORIENTED_EDGE('',*,*,#5879,.T.);
#5877=ORIENTED_EDGE('',*,*,#5880,.T.);
#5878=EDGE_CURVE('',#196,#192,#5881,.F.);
#5879=EDGE_CURVE('',#192,#360,#5882,.T.);
#5880=EDGE_CURVE('',#360,#196,#5883,.T.);
#5881=LINE('',#195,#5884);
#5882=LINE('',#191,#5885);
#5883=LINE('',#359,#5886);
#5884=VECTOR('',#5887,1.0);
#5885=VECTOR('',#5888,1.0);
#5886=VECTOR('',#5889,1.0);
#5887=DIRECTION('',(0,0.7349864321881057,0.6780818125413771));
#5888=DIRECTION('',(-1,0,0));
#5889=DIRECTION('',(0.9980858327443809,-0.04545444231530055,-0.04193523755460048));
#5890=STYLED_ITEM('',(#25),#5891);
#5891=FACE_SURFACE('',(#5896),#5892,.T.);
#5892=PLANE('',#5893);
#5893=AXIS2_PLACEMENT_3D('',#195,#5894,#5895);
#5894=DIRECTION('',(0,-0.6780818125413771,0.7349864321881057));
#5895=DIRECTION('',(-0.9980858327443809,0.04545444231530055,0.04193523755460048));
#5896=FACE_BOUND('',#5897,.T.);
#5897=EDGE_LOOP('',(#5898,#5899,#5900));
#5898=ORIENTED_EDGE('',*,*,#5901,.T.);
#5899=ORIENTED_EDGE('',*,*,#5902,.T.);
#5900=ORIENTED_EDGE('',*,*,#5903,.T.);
#5901=EDGE_CURVE('',#196,#360,#5904,.F.);
#5902=EDGE_CURVE('',#360,#356,#5905,.T.);
#5903=EDGE_CURVE('',#356,#196,#5906,.T.);
#5904=LINE('',#195,#5907);
#5905=LINE('',#359,#5908);
#5906=LINE('',#355,#5909);
#5907=VECTOR('',#5910,1.0);
#5908=VECTOR('',#5911,1.0);
#5909=VECTOR('',#5912,1.0);
#5910=DIRECTION('',(-0.9980858327443809,0.04545444231530055,0.04193523755460048));
#5911=DIRECTION('',(0,-0.7349864321881057,-0.6780818125413771));
#5912=DIRECTION('',(1,0,0));
#5913=STYLED_ITEM('',(#25),#5914);
#5914=FACE_SURFACE('',(#5919),#5915,.T.);
#5915=PLANE('',#5916);
#5916=AXIS2_PLACEMENT_3D('',#199,#5917,#5918);
#5917=DIRECTION('',(0,-0.7070783641128767,0.7071351971182442));
#5918=DIRECTION('',(0,0.7071351971182442,0.7070783641128767));
#5919=FACE_BOUND('',#5920,.T.);
#5920=EDGE_LOOP('',(#5921,#5922,#5923));
#5921=ORIENTED_EDGE('',*,*,#5924,.T.);
#5922=ORIENTED_EDGE('',*,*,#5925,.T.);
#5923=ORIENTED_EDGE('',*,*,#5926,.T.);
#5924=EDGE_CURVE('',#200,#196,#5927,.F.);
#5925=EDGE_CURVE('',#196,#356,#5928,.T.);
#5926=EDGE_CURVE('',#356,#200,#5929,.T.);
#5927=LINE('',#199,#5930);
#5928=LINE('',#195,#5931);
#5929=LINE('',#355,#5932);
#5930=VECTOR('',#5933,1.0);
#5931=VECTOR('',#5934,1.0);
#5932=VECTOR('',#5935,1.0);
#5933=DIRECTION('',(0,0.7071351971182442,0.7070783641128767));
#5934=DIRECTION('',(-1,0,0));
#5935=DIRECTION('',(0.9980861119857268,-0.043728825850373756,-0.043725311330654756));
#5936=STYLED_ITEM('',(#25),#5937);
#5937=FACE_SURFACE('',(#5942),#5938,.T.);
#5938=PLANE('',#5939);
#5939=AXIS2_PLACEMENT_3D('',#199,#5940,#5941);
#5940=DIRECTION('',(0,-0.7070783641128767,0.7071351971182442));
#5941=DIRECTION('',(-0.9980861119857268,0.043728825850373756,0.043725311330654756));
#5942=FACE_BOUND('',#5943,.T.);
#5943=EDGE_LOOP('',(#5944,#5945,#5946));
#5944=ORIENTED_EDGE('',*,*,#5947,.T.);
#5945=ORIENTED_EDGE('',*,*,#5948,.T.);
#5946=ORIENTED_EDGE('',*,*,#5949,.T.);
#5947=EDGE_CURVE('',#200,#356,#5950,.F.);
#5948=EDGE_CURVE('',#356,#352,#5951,.T.);
#5949=EDGE_CURVE('',#352,#200,#5952,.T.);
#5950=LINE('',#199,#5953);
#5951=LINE('',#355,#5954);
#5952=LINE('',#351,#5955);
#5953=VECTOR('',#5956,1.0);
#5954=VECTOR('',#5957,1.0);
#5955=VECTOR('',#5958,1.0);
#5956=DIRECTION('',(-0.9980861119857268,0.043728825850373756,0.043725311330654756));
#5957=DIRECTION('',(0,-0.7071351971182442,-0.7070783641128767));
#5958=DIRECTION('',(1,0,0));
#5959=STYLED_ITEM('',(#25),#5960);
#5960=FACE_SURFACE('',(#5965),#5961,.T.);
#5961=PLANE('',#5962);
#5962=AXIS2_PLACEMENT_3D('',#203,#5963,#5964);
#5963=DIRECTION('',(0,-0.7350147550525006,0.6780511115359318));
#5964=DIRECTION('',(0,0.6780511115359318,0.7350147550525006));
#5965=FACE_BOUND('',#5966,.T.);
#5966=EDGE_LOOP('',(#5967,#5968,#5969));
#5967=ORIENTED_EDGE('',*,*,#5970,.T.);
#5968=ORIENTED_EDGE('',*,*,#5971,.T.);
#5969=ORIENTED_EDGE('',*,*,#5972,.T.);
#5970=EDGE_CURVE('',#204,#200,#5973,.F.);
#5971=EDGE_CURVE('',#200,#352,#5974,.T.);
#5972=EDGE_CURVE('',#352,#204,#5975,.T.);
#5973=LINE('',#203,#5976);
#5974=LINE('',#199,#5977);
#5975=LINE('',#351,#5978);
#5976=VECTOR('',#5979,1.0);
#5977=VECTOR('',#5980,1.0);
#5978=VECTOR('',#5981,1.0);
#5979=DIRECTION('',(0,0.6780511115359318,0.7350147550525006));
#5980=DIRECTION('',(-1,0,0));
#5981=DIRECTION('',(0.9980859798383132,-0.04193172921559583,-0.04545444901419601));
#5982=STYLED_ITEM('',(#25),#5983);
#5983=FACE_SURFACE('',(#5988),#5984,.T.);
#5984=PLANE('',#5985);
#5985=AXIS2_PLACEMENT_3D('',#203,#5986,#5987);
#5986=DIRECTION('',(0,-0.7350147550525006,0.6780511115359318));
#5987=DIRECTION('',(-0.9980859798383132,0.04193172921559583,0.04545444901419601));
#5988=FACE_BOUND('',#5989,.T.);
#5989=EDGE_LOOP('',(#5990,#5991,#5992));
#5990=ORIENTED_EDGE('',*,*,#5993,.T.);
#5991=ORIENTED_EDGE('',*,*,#5994,.T.);
#5992=ORIENTED_EDGE('',*,*,#5995,.T.);
#5993=EDGE_CURVE('',#204,#352,#5996,.F.);
#5994=EDGE_CURVE('',#352,#348,#5997,.T.);
#5995=EDGE_CURVE('',#348,#204,#5998,.T.);
#5996=LINE('',#203,#5999);
#5997=LINE('',#351,#6000);
#5998=LINE('',#347,#6001);
#5999=VECTOR('',#6002,1.0);
#6000=VECTOR('',#6003,1.0);
#6001=VECTOR('',#6004,1.0);
#6002=DIRECTION('',(-0.9980859798383132,0.04193172921559583,0.04545444901419601));
#6003=DIRECTION('',(0,-0.6780511115359318,-0.7350147550525006));
#6004=DIRECTION('',(1,0,0));
#6005=STYLED_ITEM('',(#25),#6006);
#6006=FACE_SURFACE('',(#6011),#6007,.T.);
#6007=PLANE('',#6008);
#6008=AXIS2_PLACEMENT_3D('',#207,#6009,#6010);
#6009=DIRECTION('',(0,-0.7617261498658543,0.6478991222486277));
#6010=DIRECTION('',(0,0.6478991222486277,0.7617261498658543));
#6011=FACE_BOUND('',#6012,.T.);
#6012=EDGE_LOOP('',(#6013,#6014,#6015));
#6013=ORIENTED_EDGE('',*,*,#6016,.T.);
#6014=ORIENTED_EDGE('',*,*,#6017,.T.);
#6015=ORIENTED_EDGE('',*,*,#6018,.T.);
#6016=EDGE_CURVE('',#208,#204,#6019,.F.);
#6017=EDGE_CURVE('',#204,#348,#6020,.T.);
#6018=EDGE_CURVE('',#348,#208,#6021,.T.);
#6019=LINE('',#207,#6022);
#6020=LINE('',#203,#6023);
#6021=LINE('',#347,#6024);
#6022=VECTOR('',#6025,1.0);
#6023=VECTOR('',#6026,1.0);
#6024=VECTOR('',#6027,1.0);
#6025=DIRECTION('',(0,0.6478991222486277,0.7617261498658543));
#6026=DIRECTION('',(-1,0,0));
#6027=DIRECTION('',(0.9980857940221967,-0.0400690265513977,-0.04710860730593235));
#6028=STYLED_ITEM('',(#25),#6029);
#6029=FACE_SURFACE('',(#6034),#6030,.T.);
#6030=PLANE('',#6031);
#6031=AXIS2_PLACEMENT_3D('',#207,#6032,#6033);
#6032=DIRECTION('',(0,-0.7617261498658543,0.6478991222486277));
#6033=DIRECTION('',(-0.9980857940221967,0.0400690265513977,0.04710860730593235));
#6034=FACE_BOUND('',#6035,.T.);
#6035=EDGE_LOOP('',(#6036,#6037,#6038));
#6036=ORIENTED_EDGE('',*,*,#6039,.T.);
#6037=ORIENTED_EDGE('',*,*,#6040,.T.);
#6038=ORIENTED_EDGE('',*,*,#6041,.T.);
#6039=EDGE_CURVE('',#208,#348,#6042,.F.);
#6040=EDGE_CURVE('',#348,#344,#6043,.T.);
#6041=EDGE_CURVE('',#344,#208,#6044,.T.);
#6042=LINE('',#207,#6045);
#6043=LINE('',#347,#6046);
#6044=LINE('',#343,#6047);
#6045=VECTOR('',#6048,1.0);
#6046=VECTOR('',#6049,1.0);
#6047=VECTOR('',#6050,1.0);
#6048=DIRECTION('',(-0.9980857940221967,0.0400690265513977,0.04710860730593235));
#6049=DIRECTION('',(0,-0.6478991222486277,-0.7617261498658543));
#6050=DIRECTION('',(1,0,0));
#6051=STYLED_ITEM('',(#25),#6052);
#6052=FACE_SURFACE('',(#6057),#6053,.T.);
#6053=PLANE('',#6054);
#6054=AXIS2_PLACEMENT_3D('',#211,#6055,#6056);
#6055=DIRECTION('',(0,-0.7871734840845607,0.6167316320363129));
#6056=DIRECTION('',(0,0.6167316320363128,0.7871734840845606));
#6057=FACE_BOUND('',#6058,.T.);
#6058=EDGE_LOOP('',(#6059,#6060,#6061));
#6059=ORIENTED_EDGE('',*,*,#6062,.T.);
#6060=ORIENTED_EDGE('',*,*,#6063,.T.);
#6061=ORIENTED_EDGE('',*,*,#6064,.T.);
#6062=EDGE_CURVE('',#212,#208,#6065,.F.);
#6063=EDGE_CURVE('',#208,#344,#6066,.T.);
#6064=EDGE_CURVE('',#344,#212,#6067,.T.);
#6065=LINE('',#211,#6068);
#6066=LINE('',#207,#6069);
#6067=LINE('',#343,#6070);
#6068=VECTOR('',#6071,1.0);
#6069=VECTOR('',#6072,1.0);
#6070=VECTOR('',#6073,1.0);
#6071=DIRECTION('',(0,0.6167316320363128,0.7871734840845606));
#6072=DIRECTION('',(-1,0,0));
#6073=DIRECTION('',(0.998086104572364,-0.03813839620074148,-0.04867844075973613));
#6074=STYLED_ITEM('',(#25),#6075);
#6075=FACE_SURFACE('',(#6080),#6076,.T.);
#6076=PLANE('',#6077);
#6077=AXIS2_PLACEMENT_3D('',#211,#6078,#6079);
#6078=DIRECTION('',(0,-0.7871734840845607,0.6167316320363129));
#6079=DIRECTION('',(-0.998086104572364,0.03813839620074148,0.04867844075973613));
#6080=FACE_BOUND('',#6081,.T.);
#6081=EDGE_LOOP('',(#6082,#6083,#6084));
#6082=ORIENTED_EDGE('',*,*,#6085,.T.);
#6083=ORIENTED_EDGE('',*,*,#6086,.T.);
#6084=ORIENTED_EDGE('',*,*,#6087,.T.);
#6085=EDGE_CURVE('',#212,#344,#6088,.F.);
#6086=EDGE_CURVE('',#344,#340,#6089,.T.);
#6087=EDGE_CURVE('',#340,#212,#6090,.T.);
#6088=LINE('',#211,#6091);
#6089=LINE('',#343,#6092);
#6090=LINE('',#339,#6093);
#6091=VECTOR('',#6094,1.0);
#6092=VECTOR('',#6095,1.0);
#6093=VECTOR('',#6096,1.0);
#6094=DIRECTION('',(-0.998086104572364,0.03813839620074148,0.04867844075973613));
#6095=DIRECTION('',(0,-0.6167316320363128,-0.7871734840845606));
#6096=DIRECTION('',(1,0,0));
#6097=STYLED_ITEM('',(#25),#6098);
#6098=FACE_SURFACE('',(#6103),#6099,.T.);
#6099=PLANE('',#6100);
#6100=AXIS2_PLACEMENT_3D('',#215,#6101,#6102);
#6101=DIRECTION('',(0,-0.811381968536976,0.5845162967215384));
#6102=DIRECTION('',(0,0.5845162967215384,0.8113819685369761));
#6103=FACE_BOUND('',#6104,.T.);
#6104=EDGE_LOOP('',(#6105,#6106,#6107));
#6105=ORIENTED_EDGE('',*,*,#6108,.T.);
#6106=ORIENTED_EDGE('',*,*,#6109,.T.);
#6107=ORIENTED_EDGE('',*,*,#6110,.T.);
#6108=EDGE_CURVE('',#216,#212,#6111,.F.);
#6109=EDGE_CURVE('',#212,#340,#6112,.T.);
#6110=EDGE_CURVE('',#340,#216,#6113,.T.);
#6111=LINE('',#215,#6114);
#6112=LINE('',#211,#6115);
#6113=LINE('',#339,#6116);
#6114=VECTOR('',#6117,1.0);
#6115=VECTOR('',#6118,1.0);
#6116=VECTOR('',#6119,1.0);
#6117=DIRECTION('',(0,0.5845162967215384,0.8113819685369761));
#6118=DIRECTION('',(-1,0,0));
#6119=DIRECTION('',(0.9980859153816751,-0.03614799969601789,-0.05017795965062996));
#6120=STYLED_ITEM('',(#25),#6121);
#6121=FACE_SURFACE('',(#6126),#6122,.T.);
#6122=PLANE('',#6123);
#6123=AXIS2_PLACEMENT_3D('',#215,#6124,#6125);
#6124=DIRECTION('',(0,-0.811381968536976,0.5845162967215384));
#6125=DIRECTION('',(-0.9980859153816751,0.03614799969601789,0.05017795965062996));
#6126=FACE_BOUND('',#6127,.T.);
#6127=EDGE_LOOP('',(#6128,#6129,#6130));
#6128=ORIENTED_EDGE('',*,*,#6131,.T.);
#6129=ORIENTED_EDGE('',*,*,#6132,.T.);
#6130=ORIENTED_EDGE('',*,*,#6133,.T.);
#6131=EDGE_CURVE('',#216,#340,#6134,.F.);
#6132=EDGE_CURVE('',#340,#336,#6135,.T.);
#6133=EDGE_CURVE('',#336,#216,#6136,.T.);
#6134=LINE('',#215,#6137);
#6135=LINE('',#339,#6138);
#6136=LINE('',#335,#6139);
#6137=VECTOR('',#6140,1.0);
#6138=VECTOR('',#6141,1.0);
#6139=VECTOR('',#6142,1.0);
#6140=DIRECTION('',(-0.9980859153816751,0.03614799969601789,0.05017795965062996));
#6141=DIRECTION('',(0,-0.5845162967215384,-0.8113819685369761));
#6142=DIRECTION('',(1,0,0));
#6143=STYLED_ITEM('',(#25),#6144);
#6144=FACE_SURFACE('',(#6149),#6145,.T.);
#6145=PLANE('',#6146);
#6146=AXIS2_PLACEMENT_3D('',#219,#6147,#6148);
#6147=DIRECTION('',(0,-0.834264367712186,0.5513646386610102));
#6148=DIRECTION('',(0,0.5513646386610103,0.8342643677121862));
#6149=FACE_BOUND('',#6150,.T.);
#6150=EDGE_LOOP('',(#6151,#6152,#6153));
#6151=ORIENTED_EDGE('',*,*,#6154,.T.);
#6152=ORIENTED_EDGE('',*,*,#6155,.T.);
#6153=ORIENTED_EDGE('',*,*,#6156,.T.);
#6154=EDGE_CURVE('',#220,#216,#6157,.F.);
#6155=EDGE_CURVE('',#216,#336,#6158,.T.);
#6156=EDGE_CURVE('',#336,#220,#6159,.T.);
#6157=LINE('',#219,#6160);
#6158=LINE('',#215,#6161);
#6159=LINE('',#335,#6162);
#6160=VECTOR('',#6163,1.0);
#6161=VECTOR('',#6164,1.0);
#6162=VECTOR('',#6165,1.0);
#6163=DIRECTION('',(0,0.5513646386610103,0.8342643677121862));
#6164=DIRECTION('',(-1,0,0));
#6165=DIRECTION('',(0.9980859099874021,-0.03409786341281988,-0.051593139033209216));
#6166=STYLED_ITEM('',(#25),#6167);
#6167=FACE_SURFACE('',(#6172),#6168,.T.);
#6168=PLANE('',#6169);
#6169=AXIS2_PLACEMENT_3D('',#219,#6170,#6171);
#6170=DIRECTION('',(0,-0.834264367712186,0.5513646386610102));
#6171=DIRECTION('',(-0.9980859099874021,0.03409786341281988,0.051593139033209216));
#6172=FACE_BOUND('',#6173,.T.);
#6173=EDGE_LOOP('',(#6174,#6175,#6176));
#6174=ORIENTED_EDGE('',*,*,#6177,.T.);
#6175=ORIENTED_EDGE('',*,*,#6178,.T.);
#6176=ORIENTED_EDGE('',*,*,#6179,.T.);
#6177=EDGE_CURVE('',#220,#336,#6180,.F.);
#6178=EDGE_CURVE('',#336,#332,#6181,.T.);
#6179=EDGE_CURVE('',#332,#220,#6182,.T.);
#6180=LINE('',#219,#6183);
#6181=LINE('',#335,#6184);
#6182=LINE('',#331,#6185);
#6183=VECTOR('',#6186,1.0);
#6184=VECTOR('',#6187,1.0);
#6185=VECTOR('',#6188,1.0);
#6186=DIRECTION('',(-0.9980859099874021,0.03409786341281988,0.051593139033209216));
#6187=DIRECTION('',(0,-0.5513646386610103,-0.8342643677121862));
#6188=DIRECTION('',(1,0,0));
#6189=STYLED_ITEM('',(#25),#6190);
#6190=FACE_SURFACE('',(#6195),#6191,.T.);
#6191=PLANE('',#6192);
#6192=AXIS2_PLACEMENT_3D('',#223,#6193,#6194);
#6193=DIRECTION('',(0,-0.8557680701339015,0.5173596526008748));
#6194=DIRECTION('',(0,0.5173596526008748,0.8557680701339014));
#6195=FACE_BOUND('',#6196,.T.);
#6196=EDGE_LOOP('',(#6197,#6198,#6199));
#6197=ORIENTED_EDGE('',*,*,#6200,.T.);
#6198=ORIENTED_EDGE('',*,*,#6201,.T.);
#6199=ORIENTED_EDGE('',*,*,#6202,.T.);
#6200=EDGE_CURVE('',#224,#220,#6203,.F.);
#6201=EDGE_CURVE('',#220,#332,#6204,.T.);
#6202=EDGE_CURVE('',#332,#224,#6205,.T.);
#6203=LINE('',#223,#6206);
#6204=LINE('',#219,#6207);
#6205=LINE('',#331,#6208);
#6206=VECTOR('',#6209,1.0);
#6207=VECTOR('',#6210,1.0);
#6208=VECTOR('',#6211,1.0);
#6209=DIRECTION('',(0,0.5173596526008748,0.8557680701339014));
#6210=DIRECTION('',(-1,0,0));
#6211=DIRECTION('',(0.9980861769416955,-0.03199267508415899,-0.05291929835957486));
#6212=STYLED_ITEM('',(#25),#6213);
#6213=FACE_SURFACE('',(#6218),#6214,.T.);
#6214=PLANE('',#6215);
#6215=AXIS2_PLACEMENT_3D('',#223,#6216,#6217);
#6216=DIRECTION('',(0,-0.8557680701339015,0.5173596526008748));
#6217=DIRECTION('',(-0.9980861769416955,0.03199267508415899,0.05291929835957486));
#6218=FACE_BOUND('',#6219,.T.);
#6219=EDGE_LOOP('',(#6220,#6221,#6222));
#6220=ORIENTED_EDGE('',*,*,#6223,.T.);
#6221=ORIENTED_EDGE('',*,*,#6224,.T.);
#6222=ORIENTED_EDGE('',*,*,#6225,.T.);
#6223=EDGE_CURVE('',#224,#332,#6226,.F.);
#6224=EDGE_CURVE('',#332,#328,#6227,.T.);
#6225=EDGE_CURVE('',#328,#224,#6228,.T.);
#6226=LINE('',#223,#6229);
#6227=LINE('',#331,#6230);
#6228=LINE('',#327,#6231);
#6229=VECTOR('',#6232,1.0);
#6230=VECTOR('',#6233,1.0);
#6231=VECTOR('',#6234,1.0);
#6232=DIRECTION('',(-0.9980861769416955,0.03199267508415899,0.05291929835957486));
#6233=DIRECTION('',(0,-0.5173596526008748,-0.8557680701339014));
#6234=DIRECTION('',(1,0,0));
#6235=STYLED_ITEM('',(#25),#6236);
#6236=FACE_SURFACE('',(#6241),#6237,.T.);
#6237=PLANE('',#6238);
#6238=AXIS2_PLACEMENT_3D('',#227,#6239,#6240);
#6239=DIRECTION('',(0,-0.8759277884230853,0.4824422343330263));
#6240=DIRECTION('',(0,0.4824422343330263,0.8759277884230853));
#6241=FACE_BOUND('',#6242,.T.);
#6242=EDGE_LOOP('',(#6243,#6244,#6245));
#6243=ORIENTED_EDGE('',*,*,#6246,.T.);
#6244=ORIENTED_EDGE('',*,*,#6247,.T.);
#6245=ORIENTED_EDGE('',*,*,#6248,.T.);
#6246=EDGE_CURVE('',#228,#224,#6249,.F.);
#6247=EDGE_CURVE('',#224,#328,#6250,.T.);
#6248=EDGE_CURVE('',#328,#228,#6251,.T.);
#6249=LINE('',#227,#6252);
#6250=LINE('',#223,#6253);
#6251=LINE('',#327,#6254);
#6252=VECTOR('',#6255,1.0);
#6253=VECTOR('',#6256,1.0);
#6254=VECTOR('',#6257,1.0);
#6255=DIRECTION('',(0,0.4824422343330263,0.8759277884230853));
#6256=DIRECTION('',(-1,0,0));
#6257=DIRECTION('',(0.9980858580801995,-0.029835921811132014,-0.054170450154968755));
#6258=STYLED_ITEM('',(#25),#6259);
#6259=FACE_SURFACE('',(#6264),#6260,.T.);
#6260=PLANE('',#6261);
#6261=AXIS2_PLACEMENT_3D('',#227,#6262,#6263);
#6262=DIRECTION('',(0,-0.8759277884230853,0.4824422343330263));
#6263=DIRECTION('',(-0.9980858580801995,0.029835921811132014,0.054170450154968755));
#6264=FACE_BOUND('',#6265,.T.);
#6265=EDGE_LOOP('',(#6266,#6267,#6268));
#6266=ORIENTED_EDGE('',*,*,#6269,.T.);
#6267=ORIENTED_EDGE('',*,*,#6270,.T.);
#6268=ORIENTED_EDGE('',*,*,#6271,.T.);
#6269=EDGE_CURVE('',#228,#328,#6272,.F.);
#6270=EDGE_CURVE('',#328,#324,#6273,.T.);
#6271=EDGE_CURVE('',#324,#228,#6274,.T.);
#6272=LINE('',#227,#6275);
#6273=LINE('',#327,#6276);
#6274=LINE('',#323,#6277);
#6275=VECTOR('',#6278,1.0);
#6276=VECTOR('',#6279,1.0);
#6277=VECTOR('',#6280,1.0);
#6278=DIRECTION('',(-0.9980858580801995,0.029835921811132014,0.054170450154968755));
#6279=DIRECTION('',(0,-0.4824422343330263,-0.8759277884230853));
#6280=DIRECTION('',(1,0,0));
#6281=STYLED_ITEM('',(#25),#6282);
#6282=FACE_SURFACE('',(#6287),#6283,.T.);
#6283=PLANE('',#6284);
#6284=AXIS2_PLACEMENT_3D('',#231,#6285,#6286);
#6285=DIRECTION('',(0,-0.8946241245923509,0.44681951132126013));
#6286=DIRECTION('',(0,0.44681951132126013,0.894624124592351));
#6287=FACE_BOUND('',#6288,.T.);
#6288=EDGE_LOOP('',(#6289,#6290,#6291));
#6289=ORIENTED_EDGE('',*,*,#6292,.T.);
#6290=ORIENTED_EDGE('',*,*,#6293,.T.);
#6291=ORIENTED_EDGE('',*,*,#6294,.T.);
#6292=EDGE_CURVE('',#232,#228,#6295,.F.);
#6293=EDGE_CURVE('',#228,#324,#6296,.T.);
#6294=EDGE_CURVE('',#324,#232,#6297,.T.);
#6295=LINE('',#231,#6298);
#6296=LINE('',#227,#6299);
#6297=LINE('',#323,#6300);
#6298=VECTOR('',#6301,1.0);
#6299=VECTOR('',#6302,1.0);
#6300=VECTOR('',#6303,1.0);
#6301=DIRECTION('',(0,0.44681951132126013,0.894624124592351));
#6302=DIRECTION('',(-1,0,0));
#6303=DIRECTION('',(0.9980860985157892,-0.027631153657876124,-0.05532322565672611));
#6304=STYLED_ITEM('',(#25),#6305);
#6305=FACE_SURFACE('',(#6310),#6306,.T.);
#6306=PLANE('',#6307);
#6307=AXIS2_PLACEMENT_3D('',#231,#6308,#6309);
#6308=DIRECTION('',(0,-0.8946241245923509,0.44681951132126013));
#6309=DIRECTION('',(-0.9980860985157892,0.027631153657876124,0.05532322565672611));
#6310=FACE_BOUND('',#6311,.T.);
#6311=EDGE_LOOP('',(#6312,#6313,#6314));
#6312=ORIENTED_EDGE('',*,*,#6315,.T.);
#6313=ORIENTED_EDGE('',*,*,#6316,.T.);
#6314=ORIENTED_EDGE('',*,*,#6317,.T.);
#6315=EDGE_CURVE('',#232,#324,#6318,.F.);
#6316=EDGE_CURVE('',#324,#320,#6319,.T.);
#6317=EDGE_CURVE('',#320,#232,#6320,.T.);
#6318=LINE('',#231,#6321);
#6319=LINE('',#323,#6322);
#6320=LINE('',#319,#6323);
#6321=VECTOR('',#6324,1.0);
#6322=VECTOR('',#6325,1.0);
#6323=VECTOR('',#6326,1.0);
#6324=DIRECTION('',(-0.9980860985157892,0.027631153657876124,0.05532322565672611));
#6325=DIRECTION('',(0,-0.44681951132126013,-0.894624124592351));
#6326=DIRECTION('',(1,0,0));
#6327=STYLED_ITEM('',(#25),#6328);
#6328=FACE_SURFACE('',(#6333),#6329,.T.);
#6329=PLANE('',#6330);
#6330=AXIS2_PLACEMENT_3D('',#235,#6331,#6332);
#6331=DIRECTION('',(0,-0.911907327052918,0.4103961828126603));
#6332=DIRECTION('',(0,0.4103961828126603,0.911907327052918));
#6333=FACE_BOUND('',#6334,.T.);
#6334=EDGE_LOOP('',(#6335,#6336,#6337));
#6335=ORIENTED_EDGE('',*,*,#6338,.T.);
#6336=ORIENTED_EDGE('',*,*,#6339,.T.);
#6337=ORIENTED_EDGE('',*,*,#6340,.T.);
#6338=EDGE_CURVE('',#236,#232,#6341,.F.);
#6339=EDGE_CURVE('',#232,#320,#6342,.T.);
#6340=EDGE_CURVE('',#320,#236,#6343,.T.);
#6341=LINE('',#235,#6344);
#6342=LINE('',#231,#6345);
#6343=LINE('',#319,#6346);
#6344=VECTOR('',#6347,1.0);
#6345=VECTOR('',#6348,1.0);
#6346=VECTOR('',#6349,1.0);
#6347=DIRECTION('',(0,0.4103961828126603,0.911907327052918));
#6348=DIRECTION('',(-1,0,0));
#6349=DIRECTION('',(0.9980858065750411,-0.025380682137648675,-0.056396309167154726));
#6350=STYLED_ITEM('',(#25),#6351);
#6351=FACE_SURFACE('',(#6356),#6352,.T.);
#6352=PLANE('',#6353);
#6353=AXIS2_PLACEMENT_3D('',#235,#6354,#6355);
#6354=DIRECTION('',(0,-0.911907327052918,0.4103961828126603));
#6355=DIRECTION('',(-0.9980858065750411,0.025380682137648675,0.056396309167154726));
#6356=FACE_BOUND('',#6357,.T.);
#6357=EDGE_LOOP('',(#6358,#6359,#6360));
#6358=ORIENTED_EDGE('',*,*,#6361,.T.);
#6359=ORIENTED_EDGE('',*,*,#6362,.T.);
#6360=ORIENTED_EDGE('',*,*,#6363,.T.);
#6361=EDGE_CURVE('',#236,#320,#6364,.F.);
#6362=EDGE_CURVE('',#320,#316,#6365,.T.);
#6363=EDGE_CURVE('',#316,#236,#6366,.T.);
#6364=LINE('',#235,#6367);
#6365=LINE('',#319,#6368);
#6366=LINE('',#315,#6369);
#6367=VECTOR('',#6370,1.0);
#6368=VECTOR('',#6371,1.0);
#6369=VECTOR('',#6372,1.0);
#6370=DIRECTION('',(-0.9980858065750411,0.025380682137648675,0.056396309167154726));
#6371=DIRECTION('',(0,-0.4103961828126603,-0.911907327052918));
#6372=DIRECTION('',(1,0,0));
#6373=STYLED_ITEM('',(#25),#6374);
#6374=FACE_SURFACE('',(#6379),#6375,.T.);
#6375=PLANE('',#6376);
#6376=AXIS2_PLACEMENT_3D('',#239,#6377,#6378);
#6377=DIRECTION('',(0,-0.9276788871007695,0.3733790064096771));
#6378=DIRECTION('',(0,0.3733790064096771,0.9276788871007696));
#6379=FACE_BOUND('',#6380,.T.);
#6380=EDGE_LOOP('',(#6381,#6382,#6383));
#6381=ORIENTED_EDGE('',*,*,#6384,.T.);
#6382=ORIENTED_EDGE('',*,*,#6385,.T.);
#6383=ORIENTED_EDGE('',*,*,#6386,.T.);
#6384=EDGE_CURVE('',#240,#236,#6387,.F.);
#6385=EDGE_CURVE('',#236,#316,#6388,.T.);
#6386=EDGE_CURVE('',#316,#240,#6389,.T.);
#6387=LINE('',#239,#6390);
#6388=LINE('',#235,#6391);
#6389=LINE('',#315,#6392);
#6390=VECTOR('',#6393,1.0);
#6391=VECTOR('',#6394,1.0);
#6392=VECTOR('',#6395,1.0);
#6393=DIRECTION('',(0,0.3733790064096771,0.9276788871007696));
#6394=DIRECTION('',(-1,0,0));
#6395=DIRECTION('',(0.9980861641751483,-0.02308922425458233,-0.0573663368663244));
#6396=STYLED_ITEM('',(#25),#6397);
#6397=FACE_SURFACE('',(#6402),#6398,.T.);
#6398=PLANE('',#6399);
#6399=AXIS2_PLACEMENT_3D('',#239,#6400,#6401);
#6400=DIRECTION('',(0,-0.9276788871007695,0.3733790064096771));
#6401=DIRECTION('',(-0.9980861641751483,0.02308922425458233,0.0573663368663244));
#6402=FACE_BOUND('',#6403,.T.);
#6403=EDGE_LOOP('',(#6404,#6405,#6406));
#6404=ORIENTED_EDGE('',*,*,#6407,.T.);
#6405=ORIENTED_EDGE('',*,*,#6408,.T.);
#6406=ORIENTED_EDGE('',*,*,#6409,.T.);
#6407=EDGE_CURVE('',#240,#316,#6410,.F.);
#6408=EDGE_CURVE('',#316,#312,#6411,.T.);
#6409=EDGE_CURVE('',#312,#240,#6412,.T.);
#6410=LINE('',#239,#6413);
#6411=LINE('',#315,#6414);
#6412=LINE('',#311,#6415);
#6413=VECTOR('',#6416,1.0);
#6414=VECTOR('',#6417,1.0);
#6415=VECTOR('',#6418,1.0);
#6416=DIRECTION('',(-0.9980861641751483,0.02308922425458233,0.0573663368663244));
#6417=DIRECTION('',(0,-0.3733790064096771,-0.9276788871007696));
#6418=DIRECTION('',(1,0,0));
#6419=STYLED_ITEM('',(#25),#6420);
#6420=FACE_SURFACE('',(#6425),#6421,.T.);
#6421=PLANE('',#6422);
#6422=AXIS2_PLACEMENT_3D('',#243,#6423,#6424);
#6423=DIRECTION('',(0,-0.9419671411804496,0.3357050862532931));
#6424=DIRECTION('',(0,0.33570508625329315,0.9419671411804496));
#6425=FACE_BOUND('',#6426,.T.);
#6426=EDGE_LOOP('',(#6427,#6428,#6429));
#6427=ORIENTED_EDGE('',*,*,#6430,.T.);
#6428=ORIENTED_EDGE('',*,*,#6431,.T.);
#6429=ORIENTED_EDGE('',*,*,#6432,.T.);
#6430=EDGE_CURVE('',#244,#240,#6433,.F.);
#6431=EDGE_CURVE('',#240,#312,#6434,.T.);
#6432=EDGE_CURVE('',#312,#244,#6435,.T.);
#6433=LINE('',#243,#6436);
#6434=LINE('',#239,#6437);
#6435=LINE('',#311,#6438);
#6436=VECTOR('',#6439,1.0);
#6437=VECTOR('',#6440,1.0);
#6438=VECTOR('',#6441,1.0);
#6439=DIRECTION('',(0,0.33570508625329315,0.9419671411804496));
#6440=DIRECTION('',(-1,0,0));
#6441=DIRECTION('',(0.9980860269813683,-0.020760266212037106,-0.058251987874687265));
#6442=STYLED_ITEM('',(#25),#6443);
#6443=FACE_SURFACE('',(#6448),#6444,.T.);
#6444=PLANE('',#6445);
#6445=AXIS2_PLACEMENT_3D('',#243,#6446,#6447);
#6446=DIRECTION('',(0,-0.9419671411804496,0.3357050862532931));
#6447=DIRECTION('',(-0.9980860269813683,0.020760266212037106,0.058251987874687265));
#6448=FACE_BOUND('',#6449,.T.);
#6449=EDGE_LOOP('',(#6450,#6451,#6452));
#6450=ORIENTED_EDGE('',*,*,#6453,.T.);
#6451=ORIENTED_EDGE('',*,*,#6454,.T.);
#6452=ORIENTED_EDGE('',*,*,#6455,.T.);
#6453=EDGE_CURVE('',#244,#312,#6456,.F.);
#6454=EDGE_CURVE('',#312,#308,#6457,.T.);
#6455=EDGE_CURVE('',#308,#244,#6458,.T.);
#6456=LINE('',#243,#6459);
#6457=LINE('',#311,#6460);
#6458=LINE('',#307,#6461);
#6459=VECTOR('',#6462,1.0);
#6460=VECTOR('',#6463,1.0);
#6461=VECTOR('',#6464,1.0);
#6462=DIRECTION('',(-0.9980860269813683,0.020760266212037106,0.058251987874687265));
#6463=DIRECTION('',(0,-0.33570508625329315,-0.9419671411804496));
#6464=DIRECTION('',(1,0,0));
#6465=STYLED_ITEM('',(#25),#6466);
#6466=FACE_SURFACE('',(#6471),#6467,.T.);
#6467=PLANE('',#6468);
#6468=AXIS2_PLACEMENT_3D('',#247,#6469,#6470);
#6469=DIRECTION('',(0,-0.9547223469940149,0.29749830276867073));
#6470=DIRECTION('',(0,0.29749830276867073,0.9547223469940149));
#6471=FACE_BOUND('',#6472,.T.);
#6472=EDGE_LOOP('',(#6473,#6474,#6475));
#6473=ORIENTED_EDGE('',*,*,#6476,.T.);
#6474=ORIENTED_EDGE('',*,*,#6477,.T.);
#6475=ORIENTED_EDGE('',*,*,#6478,.T.);
#6476=EDGE_CURVE('',#248,#244,#6479,.F.);
#6477=EDGE_CURVE('',#244,#308,#6480,.T.);
#6478=EDGE_CURVE('',#308,#248,#6481,.T.);
#6479=LINE('',#247,#6482);
#6480=LINE('',#243,#6483);
#6481=LINE('',#307,#6484);
#6482=VECTOR('',#6485,1.0);
#6483=VECTOR('',#6486,1.0);
#6484=VECTOR('',#6487,1.0);
#6485=DIRECTION('',(0,0.29749830276867073,0.9547223469940149));
#6486=DIRECTION('',(-1,0,0));
#6487=DIRECTION('',(0.998085823560558,-0.018398505412196894,-0.05904391421679232));
#6488=STYLED_ITEM('',(#25),#6489);
#6489=FACE_SURFACE('',(#6494),#6490,.T.);
#6490=PLANE('',#6491);
#6491=AXIS2_PLACEMENT_3D('',#247,#6492,#6493);
#6492=DIRECTION('',(0,-0.9547223469940149,0.29749830276867073));
#6493=DIRECTION('',(-0.998085823560558,0.018398505412196894,0.05904391421679232));
#6494=FACE_BOUND('',#6495,.T.);
#6495=EDGE_LOOP('',(#6496,#6497,#6498));
#6496=ORIENTED_EDGE('',*,*,#6499,.T.);
#6497=ORIENTED_EDGE('',*,*,#6500,.T.);
#6498=ORIENTED_EDGE('',*,*,#6501,.T.);
#6499=EDGE_CURVE('',#248,#308,#6502,.F.);
#6500=EDGE_CURVE('',#308,#304,#6503,.T.);
#6501=EDGE_CURVE('',#304,#248,#6504,.T.);
#6502=LINE('',#247,#6505);
#6503=LINE('',#307,#6506);
#6504=LINE('',#303,#6507);
#6505=VECTOR('',#6508,1.0);
#6506=VECTOR('',#6509,1.0);
#6507=VECTOR('',#6510,1.0);
#6508=DIRECTION('',(-0.998085823560558,0.018398505412196894,0.05904391421679232));
#6509=DIRECTION('',(0,-0.29749830276867073,-0.9547223469940149));
#6510=DIRECTION('',(1,0,0));
#6511=STYLED_ITEM('',(#25),#6512);
#6512=FACE_SURFACE('',(#6517),#6513,.T.);
#6513=PLANE('',#6514);
#6514=AXIS2_PLACEMENT_3D('',#251,#6515,#6516);
#6515=DIRECTION('',(0,-0.965926742347108,0.25881562630317306));
#6516=DIRECTION('',(0,0.25881562630317306,0.965926742347108));
#6517=FACE_BOUND('',#6518,.T.);
#6518=EDGE_LOOP('',(#6519,#6520,#6521));
#6519=ORIENTED_EDGE('',*,*,#6522,.T.);
#6520=ORIENTED_EDGE('',*,*,#6523,.T.);
#6521=ORIENTED_EDGE('',*,*,#6524,.T.);
#6522=EDGE_CURVE('',#252,#248,#6525,.F.);
#6523=EDGE_CURVE('',#248,#304,#6526,.T.);
#6524=EDGE_CURVE('',#304,#252,#6527,.T.);
#6525=LINE('',#251,#6528);
#6526=LINE('',#247,#6529);
#6527=LINE('',#303,#6530);
#6528=VECTOR('',#6531,1.0);
#6529=VECTOR('',#6532,1.0);
#6530=VECTOR('',#6533,1.0);
#6531=DIRECTION('',(0,0.25881562630317306,0.965926742347108));
#6532=DIRECTION('',(-1,0,0));
#6533=DIRECTION('',(0.9980860842589016,-0.016005122355704806,-0.05973277548475162));
#6534=STYLED_ITEM('',(#25),#6535);
#6535=FACE_SURFACE('',(#6540),#6536,.T.);
#6536=PLANE('',#6537);
#6537=AXIS2_PLACEMENT_3D('',#251,#6538,#6539);
#6538=DIRECTION('',(0,-0.965926742347108,0.25881562630317306));
#6539=DIRECTION('',(-0.9980860842589016,0.016005122355704806,0.05973277548475162));
#6540=FACE_BOUND('',#6541,.T.);
#6541=EDGE_LOOP('',(#6542,#6543,#6544));
#6542=ORIENTED_EDGE('',*,*,#6545,.T.);
#6543=ORIENTED_EDGE('',*,*,#6546,.T.);
#6544=ORIENTED_EDGE('',*,*,#6547,.T.);
#6545=EDGE_CURVE('',#252,#304,#6548,.F.);
#6546=EDGE_CURVE('',#304,#300,#6549,.T.);
#6547=EDGE_CURVE('',#300,#252,#6550,.T.);
#6548=LINE('',#251,#6551);
#6549=LINE('',#303,#6552);
#6550=LINE('',#299,#6553);
#6551=VECTOR('',#6554,1.0);
#6552=VECTOR('',#6555,1.0);
#6553=VECTOR('',#6556,1.0);
#6554=DIRECTION('',(-0.9980860842589016,0.016005122355704806,0.05973277548475162));
#6555=DIRECTION('',(0,-0.25881562630317306,-0.965926742347108));
#6556=DIRECTION('',(1,0,0));
#6557=STYLED_ITEM('',(#25),#6558);
#6558=FACE_SURFACE('',(#6563),#6559,.T.);
#6559=PLANE('',#6560);
#6560=AXIS2_PLACEMENT_3D('',#255,#6561,#6562);
#6561=DIRECTION('',(0,-0.9755630809370479,0.21971953739395766));
#6562=DIRECTION('',(0,0.21971953739395766,0.9755630809370479));
#6563=FACE_BOUND('',#6564,.T.);
#6564=EDGE_LOOP('',(#6565,#6566,#6567));
#6565=ORIENTED_EDGE('',*,*,#6568,.T.);
#6566=ORIENTED_EDGE('',*,*,#6569,.T.);
#6567=ORIENTED_EDGE('',*,*,#6570,.T.);
#6568=EDGE_CURVE('',#256,#252,#6571,.F.);
#6569=EDGE_CURVE('',#252,#300,#6572,.T.);
#6570=EDGE_CURVE('',#300,#256,#6573,.T.);
#6571=LINE('',#255,#6574);
#6572=LINE('',#251,#6575);
#6573=LINE('',#299,#6576);
#6574=VECTOR('',#6577,1.0);
#6575=VECTOR('',#6578,1.0);
#6576=VECTOR('',#6579,1.0);
#6577=DIRECTION('',(0,0.21971953739395766,0.9755630809370479));
#6578=DIRECTION('',(-1,0,0));
#6579=DIRECTION('',(0.9980858374119739,-0.013588301002081634,-0.06033257191199277));
#6580=STYLED_ITEM('',(#25),#6581);
#6581=FACE_SURFACE('',(#6586),#6582,.T.);
#6582=PLANE('',#6583);
#6583=AXIS2_PLACEMENT_3D('',#255,#6584,#6585);
#6584=DIRECTION('',(0,-0.9755630809370479,0.21971953739395766));
#6585=DIRECTION('',(-0.9980858374119739,0.013588301002081634,0.06033257191199277));
#6586=FACE_BOUND('',#6587,.T.);
#6587=EDGE_LOOP('',(#6588,#6589,#6590));
#6588=ORIENTED_EDGE('',*,*,#6591,.T.);
#6589=ORIENTED_EDGE('',*,*,#6592,.T.);
#6590=ORIENTED_EDGE('',*,*,#6593,.T.);
#6591=EDGE_CURVE('',#256,#300,#6594,.F.);
#6592=EDGE_CURVE('',#300,#296,#6595,.T.);
#6593=EDGE_CURVE('',#296,#256,#6596,.T.);
#6594=LINE('',#255,#6597);
#6595=LINE('',#299,#6598);
#6596=LINE('',#295,#6599);
#6597=VECTOR('',#6600,1.0);
#6598=VECTOR('',#6601,1.0);
#6599=VECTOR('',#6602,1.0);
#6600=DIRECTION('',(-0.9980858374119739,0.013588301002081634,0.06033257191199277));
#6601=DIRECTION('',(0,-0.21971953739395766,-0.9755630809370479));
#6602=DIRECTION('',(1,0,0));
#6603=STYLED_ITEM('',(#25),#6604);
#6604=FACE_SURFACE('',(#6609),#6605,.T.);
#6605=PLANE('',#6606);
#6606=AXIS2_PLACEMENT_3D('',#259,#6607,#6608);
#6607=DIRECTION('',(0,-0.9836213382343876,0.18024722735729523));
#6608=DIRECTION('',(0,0.18024722735729523,0.9836213382343876));
#6609=FACE_BOUND('',#6610,.T.);
#6610=EDGE_LOOP('',(#6611,#6612,#6613));
#6611=ORIENTED_EDGE('',*,*,#6614,.T.);
#6612=ORIENTED_EDGE('',*,*,#6615,.T.);
#6613=ORIENTED_EDGE('',*,*,#6616,.T.);
#6614=EDGE_CURVE('',#260,#256,#6617,.F.);
#6615=EDGE_CURVE('',#256,#296,#6618,.T.);
#6616=EDGE_CURVE('',#296,#260,#6619,.T.);
#6617=LINE('',#259,#6620);
#6618=LINE('',#255,#6621);
#6619=LINE('',#295,#6622);
#6620=VECTOR('',#6623,1.0);
#6621=VECTOR('',#6624,1.0);
#6622=VECTOR('',#6625,1.0);
#6623=DIRECTION('',(0,0.18024722735729523,0.9836213382343876));
#6624=DIRECTION('',(-1,0,0));
#6625=DIRECTION('',(0.9980859400099982,-0.011146883121426077,-0.06082929681523149));
#6626=STYLED_ITEM('',(#25),#6627);
#6627=FACE_SURFACE('',(#6632),#6628,.T.);
#6628=PLANE('',#6629);
#6629=AXIS2_PLACEMENT_3D('',#259,#6630,#6631);
#6630=DIRECTION('',(0,-0.9836213382343876,0.18024722735729523));
#6631=DIRECTION('',(-0.9980859400099982,0.011146883121426077,0.06082929681523149));
#6632=FACE_BOUND('',#6633,.T.);
#6633=EDGE_LOOP('',(#6634,#6635,#6636));
#6634=ORIENTED_EDGE('',*,*,#6637,.T.);
#6635=ORIENTED_EDGE('',*,*,#6638,.T.);
#6636=ORIENTED_EDGE('',*,*,#6639,.T.);
#6637=EDGE_CURVE('',#260,#296,#6640,.F.);
#6638=EDGE_CURVE('',#296,#292,#6641,.T.);
#6639=EDGE_CURVE('',#292,#260,#6642,.T.);
#6640=LINE('',#259,#6643);
#6641=LINE('',#295,#6644);
#6642=LINE('',#291,#6645);
#6643=VECTOR('',#6646,1.0);
#6644=VECTOR('',#6647,1.0);
#6645=VECTOR('',#6648,1.0);
#6646=DIRECTION('',(-0.9980859400099982,0.011146883121426077,0.06082929681523149));
#6647=DIRECTION('',(0,-0.18024722735729523,-0.9836213382343876));
#6648=DIRECTION('',(1,0,0));
#6649=STYLED_ITEM('',(#25),#6650);
#6650=FACE_SURFACE('',(#6655),#6651,.T.);
#6651=PLANE('',#6652);
#6652=AXIS2_PLACEMENT_3D('',#263,#6653,#6654);
#6653=DIRECTION('',(0,-0.9900797831657461,0.14050630934754973));
#6654=DIRECTION('',(0,0.1405063093475497,0.9900797831657461));
#6655=FACE_BOUND('',#6656,.T.);
#6656=EDGE_LOOP('',(#6657,#6658,#6659));
#6657=ORIENTED_EDGE('',*,*,#6660,.T.);
#6658=ORIENTED_EDGE('',*,*,#6661,.T.);
#6659=ORIENTED_EDGE('',*,*,#6662,.T.);
#6660=EDGE_CURVE('',#264,#260,#6663,.F.);
#6661=EDGE_CURVE('',#260,#292,#6664,.T.);
#6662=EDGE_CURVE('',#292,#264,#6665,.T.);
#6663=LINE('',#263,#6666);
#6664=LINE('',#259,#6667);
#6665=LINE('',#291,#6668);
#6666=VECTOR('',#6669,1.0);
#6667=VECTOR('',#6670,1.0);
#6668=VECTOR('',#6671,1.0);
#6669=DIRECTION('',(0,0.1405063093475497,0.9900797831657461));
#6670=DIRECTION('',(-1,0,0));
#6671=DIRECTION('',(0.998086008100037,-0.008689063347541192,-0.0612276131584054));
#6672=STYLED_ITEM('',(#25),#6673);
#6673=FACE_SURFACE('',(#6678),#6674,.T.);
#6674=PLANE('',#6675);
#6675=AXIS2_PLACEMENT_3D('',#263,#6676,#6677);
#6676=DIRECTION('',(0,-0.9900797831657461,0.14050630934754973));
#6677=DIRECTION('',(-0.998086008100037,0.008689063347541192,0.0612276131584054));
#6678=FACE_BOUND('',#6679,.T.);
#6679=EDGE_LOOP('',(#6680,#6681,#6682));
#6680=ORIENTED_EDGE('',*,*,#6683,.T.);
#6681=ORIENTED_EDGE('',*,*,#6684,.T.);
#6682=ORIENTED_EDGE('',*,*,#6685,.T.);
#6683=EDGE_CURVE('',#264,#292,#6686,.F.);
#6684=EDGE_CURVE('',#292,#288,#6687,.T.);
#6685=EDGE_CURVE('',#288,#264,#6688,.T.);
#6686=LINE('',#263,#6689);
#6687=LINE('',#291,#6690);
#6688=LINE('',#287,#6691);
#6689=VECTOR('',#6692,1.0);
#6690=VECTOR('',#6693,1.0);
#6691=VECTOR('',#6694,1.0);
#6692=DIRECTION('',(-0.998086008100037,0.008689063347541192,0.0612276131584054));
#6693=DIRECTION('',(0,-0.1405063093475497,-0.9900797831657461));
#6694=DIRECTION('',(1,0,0));
#6695=STYLED_ITEM('',(#25),#6696);
#6696=FACE_SURFACE('',(#6701),#6697,.T.);
#6697=PLANE('',#6698);
#6698=AXIS2_PLACEMENT_3D('',#267,#6699,#6700);
#6699=DIRECTION('',(0,-0.9949353903279203,0.1005165114447819));
#6700=DIRECTION('',(0,0.10051651144478188,0.9949353903279202));
#6701=FACE_BOUND('',#6702,.T.);
#6702=EDGE_LOOP('',(#6703,#6704,#6705));
#6703=ORIENTED_EDGE('',*,*,#6706,.T.);
#6704=ORIENTED_EDGE('',*,*,#6707,.T.);
#6705=ORIENTED_EDGE('',*,*,#6708,.T.);
#6706=EDGE_CURVE('',#268,#264,#6709,.F.);
#6707=EDGE_CURVE('',#264,#288,#6710,.T.);
#6708=EDGE_CURVE('',#288,#268,#6711,.T.);
#6709=LINE('',#267,#6712);
#6710=LINE('',#263,#6713);
#6711=LINE('',#287,#6714);
#6712=VECTOR('',#6715,1.0);
#6713=VECTOR('',#6716,1.0);
#6714=VECTOR('',#6717,1.0);
#6715=DIRECTION('',(0,0.10051651144478188,0.9949353903279202));
#6716=DIRECTION('',(-1,0,0));
#6717=DIRECTION('',(0.9980860310777572,-0.006216013372448941,-0.061527520226350996));
#6718=STYLED_ITEM('',(#25),#6719);
#6719=FACE_SURFACE('',(#6724),#6720,.T.);
#6720=PLANE('',#6721);
#6721=AXIS2_PLACEMENT_3D('',#267,#6722,#6723);
#6722=DIRECTION('',(0,-0.9949353903279203,0.1005165114447819));
#6723=DIRECTION('',(-0.9980860310777572,0.006216013372448941,0.061527520226350996));
#6724=FACE_BOUND('',#6725,.T.);
#6725=EDGE_LOOP('',(#6726,#6727,#6728));
#6726=ORIENTED_EDGE('',*,*,#6729,.T.);
#6727=ORIENTED_EDGE('',*,*,#6730,.T.);
#6728=ORIENTED_EDGE('',*,*,#6731,.T.);
#6729=EDGE_CURVE('',#268,#288,#6732,.F.);
#6730=EDGE_CURVE('',#288,#284,#6733,.T.);
#6731=EDGE_CURVE('',#284,#268,#6734,.T.);
#6732=LINE('',#267,#6735);
#6733=LINE('',#287,#6736);
#6734=LINE('',#283,#6737);
#6735=VECTOR('',#6738,1.0);
#6736=VECTOR('',#6739,1.0);
#6737=VECTOR('',#6740,1.0);
#6738=DIRECTION('',(-0.9980860310777572,0.006216013372448941,0.061527520226350996));
#6739=DIRECTION('',(0,-0.10051651144478188,-0.9949353903279202));
#6740=DIRECTION('',(1,0,0));
#6741=STYLED_ITEM('',(#25),#6742);
#6742=FACE_SURFACE('',(#6747),#6743,.T.);
#6743=PLANE('',#6744);
#6744=AXIS2_PLACEMENT_3D('',#271,#6745,#6746);
#6745=DIRECTION('',(0,-0.9981758725191509,0.060373235134717484));
#6746=DIRECTION('',(0,0.060373235134717484,0.9981758725191509));
#6747=FACE_BOUND('',#6748,.T.);
#6748=EDGE_LOOP('',(#6749,#6750,#6751));
#6749=ORIENTED_EDGE('',*,*,#6752,.T.);
#6750=ORIENTED_EDGE('',*,*,#6753,.T.);
#6751=ORIENTED_EDGE('',*,*,#6754,.T.);
#6752=EDGE_CURVE('',#272,#268,#6755,.F.);
#6753=EDGE_CURVE('',#268,#284,#6756,.T.);
#6754=EDGE_CURVE('',#284,#272,#6757,.T.);
#6755=LINE('',#271,#6758);
#6756=LINE('',#267,#6759);
#6757=LINE('',#283,#6760);
#6758=VECTOR('',#6761,1.0);
#6759=VECTOR('',#6762,1.0);
#6760=VECTOR('',#6763,1.0);
#6761=DIRECTION('',(0,0.060373235134717484,0.9981758725191509));
#6762=DIRECTION('',(-1,0,0));
#6763=DIRECTION('',(0.9980859627267666,-0.0037335908898106563,-0.06172901511324227));
#6764=STYLED_ITEM('',(#25),#6765);
#6765=FACE_SURFACE('',(#6770),#6766,.T.);
#6766=PLANE('',#6767);
#6767=AXIS2_PLACEMENT_3D('',#271,#6768,#6769);
#6768=DIRECTION('',(0,-0.9981758725191509,0.060373235134717484));
#6769=DIRECTION('',(-0.9980859627267666,0.0037335908898106563,0.06172901511324227));
#6770=FACE_BOUND('',#6771,.T.);
#6771=EDGE_LOOP('',(#6772,#6773,#6774));
#6772=ORIENTED_EDGE('',*,*,#6775,.T.);
#6773=ORIENTED_EDGE('',*,*,#6776,.T.);
#6774=ORIENTED_EDGE('',*,*,#6777,.T.);
#6775=EDGE_CURVE('',#272,#284,#6778,.F.);
#6776=EDGE_CURVE('',#284,#276,#6779,.T.);
#6777=EDGE_CURVE('',#276,#272,#6780,.T.);
#6778=LINE('',#271,#6781);
#6779=LINE('',#283,#6782);
#6780=LINE('',#275,#6783);
#6781=VECTOR('',#6784,1.0);
#6782=VECTOR('',#6785,1.0);
#6783=VECTOR('',#6786,1.0);
#6784=DIRECTION('',(-0.9980859627267666,0.0037335908898106563,0.06172901511324227));
#6785=DIRECTION('',(0,-0.060373235134717484,-0.9981758725191509));
#6786=DIRECTION('',(1,0,0));
#6787=STYLED_ITEM('',(#25),#6788);
#6788=FACE_SURFACE('',(#6793),#6789,.T.);
#6789=PLANE('',#6790);
#6790=AXIS2_PLACEMENT_3D('',#401,#6791,#6792);
#6791=DIRECTION('',(1,0,-0));
#6792=DIRECTION('',(0,0.9718880422564681,0.23544348221789851));
#6793=FACE_BOUND('',#6794,.T.);
#6794=EDGE_LOOP('',(#6795,#6796,#6797));
#6795=ORIENTED_EDGE('',*,*,#6798,.T.);
#6796=ORIENTED_EDGE('',*,*,#6799,.T.);
#6797=ORIENTED_EDGE('',*,*,#6800,.T.);
#6798=EDGE_CURVE('',#402,#404,#6801,.F.);
#6799=EDGE_CURVE('',#404,#68,#6802,.T.);
#6800=EDGE_CURVE('',#68,#402,#6803,.T.);
#6801=LINE('',#401,#6804);
#6802=LINE('',#403,#6805);
#6803=LINE('',#67,#6806);
#6804=VECTOR('',#6807,1.0);
#6805=VECTOR('',#6808,1.0);
#6806=VECTOR('',#6809,1.0);
#6807=DIRECTION('',(0,0.9718880422564681,0.23544348221789851));
#6808=DIRECTION('',(0,-0.9990689954459896,0.04314095894322852));
#6809=DIRECTION('',(0,0.23543479813412627,-0.9718901459668903));
#6810=STYLED_ITEM('',(#25),#6811);
#6811=FACE_SURFACE('',(#6816),#6812,.T.);
#6812=PLANE('',#6813);
#6813=AXIS2_PLACEMENT_3D('',#67,#6814,#6815);
#6814=DIRECTION('',(1,0,0));
#6815=DIRECTION('',(0,0.9990689954459896,-0.04314095894322852));
#6816=FACE_BOUND('',#6817,.T.);
#6817=EDGE_LOOP('',(#6818,#6819,#6820));
#6818=ORIENTED_EDGE('',*,*,#6821,.T.);
#6819=ORIENTED_EDGE('',*,*,#6822,.T.);
#6820=ORIENTED_EDGE('',*,*,#6823,.T.);
#6821=EDGE_CURVE('',#68,#404,#6824,.F.);
#6822=EDGE_CURVE('',#404,#406,#6825,.T.);
#6823=EDGE_CURVE('',#406,#68,#6826,.T.);
#6824=LINE('',#67,#6827);
#6825=LINE('',#403,#6828);
#6826=LINE('',#405,#6829);
#6827=VECTOR('',#6830,1.0);
#6828=VECTOR('',#6831,1.0);
#6829=VECTOR('',#6832,1.0);
#6830=DIRECTION('',(0,0.9990689954459896,-0.04314095894322852));
#6831=DIRECTION('',(0,0.8938572620508235,0.44835164221736196));
#6832=DIRECTION('',(0,-0.9999305520162871,0.011785208712767933));
#6833=STYLED_ITEM('',(#25),#6834);
#6834=FACE_SURFACE('',(#6839),#6835,.T.);
#6835=PLANE('',#6836);
#6836=AXIS2_PLACEMENT_3D('',#67,#6837,#6838);
#6837=DIRECTION('',(1,-0,0));
#6838=DIRECTION('',(0,0.9999305520162871,-0.011785208712767933));
#6839=FACE_BOUND('',#6840,.T.);
#6840=EDGE_LOOP('',(#6841,#6842,#6843));
#6841=ORIENTED_EDGE('',*,*,#6844,.T.);
#6842=ORIENTED_EDGE('',*,*,#6845,.T.);
#6843=ORIENTED_EDGE('',*,*,#6846,.T.);
#6844=EDGE_CURVE('',#68,#406,#6847,.F.);
#6845=EDGE_CURVE('',#406,#408,#6848,.T.);
#6846=EDGE_CURVE('',#408,#68,#6849,.T.);
#6847=LINE('',#67,#6850);
#6848=LINE('',#405,#6851);
#6849=LINE('',#407,#6852);
#6850=VECTOR('',#6853,1.0);
#6851=VECTOR('',#6854,1.0);
#6852=VECTOR('',#6855,1.0);
#6853=DIRECTION('',(0,0.9999305520162871,-0.011785208712767933));
#6854=DIRECTION('',(0,0.8804757354197904,0.47409121415290895));
#6855=DIRECTION('',(0,-0.9998421299892766,-0.01776837354702435));
#6856=STYLED_ITEM('',(#25),#6857);
#6857=FACE_SURFACE('',(#6862),#6858,.T.);
#6858=PLANE('',#6859);
#6859=AXIS2_PLACEMENT_3D('',#407,#6860,#6861);
#6860=DIRECTION('',(1,0,-0));
#6861=DIRECTION('',(0,0.8666294822415439,0.4989522427144243));
#6862=FACE_BOUND('',#6863,.T.);
#6863=EDGE_LOOP('',(#6864,#6865,#6866));
#6864=ORIENTED_EDGE('',*,*,#6867,.T.);
#6865=ORIENTED_EDGE('',*,*,#6868,.T.);
#6866=ORIENTED_EDGE('',*,*,#6869,.T.);
#6867=EDGE_CURVE('',#408,#410,#6870,.F.);
#6868=EDGE_CURVE('',#410,#68,#6871,.T.);
#6869=EDGE_CURVE('',#68,#408,#6872,.T.);
#6870=LINE('',#407,#6873);
#6871=LINE('',#409,#6874);
#6872=LINE('',#67,#6875);
#6873=VECTOR('',#6876,1.0);
#6874=VECTOR('',#6877,1.0);
#6875=VECTOR('',#6878,1.0);
#6876=DIRECTION('',(0,0.8666294822415439,0.4989522427144243));
#6877=DIRECTION('',(0,-0.998953113951785,-0.04574577713879177));
#6878=DIRECTION('',(0,0.9998421299892766,0.01776837354702435));
#6879=STYLED_ITEM('',(#25),#6880);
#6880=FACE_SURFACE('',(#6885),#6881,.T.);
#6881=PLANE('',#6882);
#6882=AXIS2_PLACEMENT_3D('',#67,#6883,#6884);
#6883=DIRECTION('',(1,0,0));
#6884=DIRECTION('',(0,0.998953113951785,0.04574577713879177));
#6885=FACE_BOUND('',#6886,.T.);
#6886=EDGE_LOOP('',(#6887,#6888,#6889));
#6887=ORIENTED_EDGE('',*,*,#6890,.T.);
#6888=ORIENTED_EDGE('',*,*,#6891,.T.);
#6889=ORIENTED_EDGE('',*,*,#6892,.T.);
#6890=EDGE_CURVE('',#68,#410,#6893,.F.);
#6891=EDGE_CURVE('',#410,#412,#6894,.T.);
#6892=EDGE_CURVE('',#412,#68,#6895,.T.);
#6893=LINE('',#67,#6896);
#6894=LINE('',#409,#6897);
#6895=LINE('',#411,#6898);
#6896=VECTOR('',#6899,1.0);
#6897=VECTOR('',#6900,1.0);
#6898=VECTOR('',#6901,1.0);
#6899=DIRECTION('',(0,0.998953113951785,0.04574577713879177));
#6900=DIRECTION('',(0,0.8524503582828984,0.5228081738681578));
#6901=DIRECTION('',(0,-0.9973815876651995,-0.07231852173852775));
#6902=STYLED_ITEM('',(#25),#6903);
#6903=FACE_SURFACE('',(#6908),#6904,.T.);
#6904=PLANE('',#6905);
#6905=AXIS2_PLACEMENT_3D('',#67,#6906,#6907);
#6906=DIRECTION('',(1,0,-0));
#6907=DIRECTION('',(0,0.9973815876651995,0.07231852173852775));
#6908=FACE_BOUND('',#6909,.T.);
#6909=EDGE_LOOP('',(#6910,#6911,#6912));
#6910=ORIENTED_EDGE('',*,*,#6913,.T.);
#6911=ORIENTED_EDGE('',*,*,#6914,.T.);
#6912=ORIENTED_EDGE('',*,*,#6915,.T.);
#6913=EDGE_CURVE('',#68,#412,#6916,.F.);
#6914=EDGE_CURVE('',#412,#414,#6917,.T.);
#6915=EDGE_CURVE('',#414,#68,#6918,.T.);
#6916=LINE('',#67,#6919);
#6917=LINE('',#411,#6920);
#6918=LINE('',#413,#6921);
#6919=VECTOR('',#6922,1.0);
#6920=VECTOR('',#6923,1.0);
#6921=VECTOR('',#6924,1.0);
#6922=DIRECTION('',(0,0.9973815876651995,0.07231852173852775));
#6923=DIRECTION('',(0,-0.8901770392707637,0.4556147920723571));
#6924=DIRECTION('',(0,0.6786031458742651,-0.7345051193896138));
#6925=STYLED_ITEM('',(#25),#6926);
#6926=FACE_SURFACE('',(#6931),#6927,.T.);
#6927=PLANE('',#6928);
#6928=AXIS2_PLACEMENT_3D('',#413,#6929,#6930);
#6929=DIRECTION('',(1,0,0));
#6930=DIRECTION('',(0,0.8901770392707637,-0.4556147920723571));
#6931=FACE_BOUND('',#6932,.T.);
#6932=EDGE_LOOP('',(#6933,#6934,#6935));
#6933=ORIENTED_EDGE('',*,*,#6936,.T.);
#6934=ORIENTED_EDGE('',*,*,#6937,.T.);
#6935=ORIENTED_EDGE('',*,*,#6938,.T.);
#6936=EDGE_CURVE('',#414,#412,#6939,.F.);
#6937=EDGE_CURVE('',#412,#416,#6940,.T.);
#6938=EDGE_CURVE('',#416,#414,#6941,.T.);
#6939=LINE('',#413,#6942);
#6940=LINE('',#411,#6943);
#6941=LINE('',#415,#6944);
#6942=VECTOR('',#6945,1.0);
#6943=VECTOR('',#6946,1.0);
#6944=VECTOR('',#6947,1.0);
#6945=DIRECTION('',(0,0.8901770392707637,-0.4556147920723571));
#6946=DIRECTION('',(0,0.7189285150233007,0.695084016710492));
#6947=DIRECTION('',(0,-0.992521999487243,0.1220658860363758));
#6948=STYLED_ITEM('',(#25),#6949);
#6949=FACE_SURFACE('',(#6954),#6950,.T.);
#6950=PLANE('',#6951);
#6951=AXIS2_PLACEMENT_3D('',#413,#6952,#6953);
#6952=DIRECTION('',(1,-0,0));
#6953=DIRECTION('',(0,0.992521999487243,-0.1220658860363758));
#6954=FACE_BOUND('',#6955,.T.);
#6955=EDGE_LOOP('',(#6956,#6957,#6958));
#6956=ORIENTED_EDGE('',*,*,#6959,.T.);
#6957=ORIENTED_EDGE('',*,*,#6960,.T.);
#6958=ORIENTED_EDGE('',*,*,#6961,.T.);
#6959=EDGE_CURVE('',#414,#416,#6962,.F.);
#6960=EDGE_CURVE('',#416,#274,#6963,.T.);
#6961=EDGE_CURVE('',#274,#414,#6964,.T.);
#6962=LINE('',#413,#6965);
#6963=LINE('',#415,#6966);
#6964=LINE('',#273,#6967);
#6965=VECTOR('',#6968,1.0);
#6966=VECTOR('',#6969,1.0);
#6967=VECTOR('',#6970,1.0);
#6968=DIRECTION('',(0,0.992521999487243,-0.1220658860363758));
#6969=DIRECTION('',(0,-0.9603339437978853,0.27885249934257367));
#6970=DIRECTION('',(0,0,-1));
#6971=STYLED_ITEM('',(#25),#6972);
#6972=FACE_SURFACE('',(#6977),#6973,.T.);
#6973=PLANE('',#6974);
#6974=AXIS2_PLACEMENT_3D('',#273,#6975,#6976);
#6975=DIRECTION('',(1,0,0));
#6976=DIRECTION('',(0,0.9603339437978853,-0.27885249934257367));
#6977=FACE_BOUND('',#6978,.T.);
#6978=EDGE_LOOP('',(#6979,#6980,#6981));
#6979=ORIENTED_EDGE('',*,*,#6982,.T.);
#6980=ORIENTED_EDGE('',*,*,#6983,.T.);
#6981=ORIENTED_EDGE('',*,*,#6984,.T.);
#6982=EDGE_CURVE('',#274,#416,#6985,.F.);
#6983=EDGE_CURVE('',#416,#418,#6986,.T.);
#6984=EDGE_CURVE('',#418,#274,#6987,.T.);
#6985=LINE('',#273,#6988);
#6986=LINE('',#415,#6989);
#6987=LINE('',#417,#6990);
#6988=VECTOR('',#6991,1.0);
#6989=VECTOR('',#6992,1.0);
#6990=VECTOR('',#6993,1.0);
#6991=DIRECTION('',(0,0.9603339437978853,-0.27885249934257367));
#6992=DIRECTION('',(0,0.588409205589457,0.8085632979412214));
#6993=DIRECTION('',(0,-0.9671416643852293,0.2542380793865633));
#6994=STYLED_ITEM('',(#25),#6995);
#6995=FACE_SURFACE('',(#7000),#6996,.T.);
#6996=PLANE('',#6997);
#6997=AXIS2_PLACEMENT_3D('',#273,#6998,#6999);
#6998=DIRECTION('',(1,0,0));
#6999=DIRECTION('',(0,0.9671416643852293,-0.2542380793865633));
#7000=FACE_BOUND('',#7001,.T.);
#7001=EDGE_LOOP('',(#7002,#7003,#7004));
#7002=ORIENTED_EDGE('',*,*,#7005,.T.);
#7003=ORIENTED_EDGE('',*,*,#7006,.T.);
#7004=ORIENTED_EDGE('',*,*,#7007,.T.);
#7005=EDGE_CURVE('',#274,#418,#7008,.F.);
#7006=EDGE_CURVE('',#418,#420,#7009,.T.);
#7007=EDGE_CURVE('',#420,#274,#7010,.T.);
#7008=LINE('',#273,#7011);
#7009=LINE('',#417,#7012);
#7010=LINE('',#419,#7013);
#7011=VECTOR('',#7014,1.0);
#7012=VECTOR('',#7015,1.0);
#7013=VECTOR('',#7016,1.0);
#7014=DIRECTION('',(0,0.9671416643852293,-0.2542380793865633));
#7015=DIRECTION('',(0,0.5731056083598224,0.819481520027461));
#7016=DIRECTION('',(0,-0.9732817253979471,0.22961420471389654));
#7017=STYLED_ITEM('',(#25),#7018);
#7018=FACE_SURFACE('',(#7023),#7019,.T.);
#7019=PLANE('',#7020);
#7020=AXIS2_PLACEMENT_3D('',#421,#7021,#7022);
#7021=DIRECTION('',(1,0,0));
#7022=DIRECTION('',(0,-0.9697816761066128,0.24397438531093543));
#7023=FACE_BOUND('',#7024,.T.);
#7024=EDGE_LOOP('',(#7025,#7026,#7027));
#7025=ORIENTED_EDGE('',*,*,#7028,.T.);
#7026=ORIENTED_EDGE('',*,*,#7029,.T.);
#7027=ORIENTED_EDGE('',*,*,#7030,.T.);
#7028=EDGE_CURVE('',#422,#266,#7031,.F.);
#7029=EDGE_CURVE('',#266,#420,#7032,.T.);
#7030=EDGE_CURVE('',#420,#422,#7033,.T.);
#7031=LINE('',#421,#7034);
#7032=LINE('',#265,#7035);
#7033=LINE('',#419,#7036);
#7034=VECTOR('',#7037,1.0);
#7035=VECTOR('',#7038,1.0);
#7036=VECTOR('',#7039,1.0);
#7037=DIRECTION('',(0,-0.9697816761066128,0.24397438531093543));
#7038=DIRECTION('',(0,0.9632839820592087,-0.26848458039178735));
#7039=DIRECTION('',(0,0.5583718048539423,0.8295908193465926));
#7040=STYLED_ITEM('',(#25),#7041);
#7041=FACE_SURFACE('',(#7046),#7042,.T.);
#7042=PLANE('',#7043);
#7043=AXIS2_PLACEMENT_3D('',#419,#7044,#7045);
#7044=DIRECTION('',(1,0,0));
#7045=DIRECTION('',(0,-0.9632839820592087,0.26848458039178735));
#7046=FACE_BOUND('',#7047,.T.);
#7047=EDGE_LOOP('',(#7048,#7049,#7050));
#7048=ORIENTED_EDGE('',*,*,#7051,.T.);
#7049=ORIENTED_EDGE('',*,*,#7052,.T.);
#7050=ORIENTED_EDGE('',*,*,#7053,.T.);
#7051=EDGE_CURVE('',#420,#266,#7054,.F.);
#7052=EDGE_CURVE('',#266,#270,#7055,.T.);
#7053=EDGE_CURVE('',#270,#420,#7056,.T.);
#7054=LINE('',#419,#7057);
#7055=LINE('',#265,#7058);
#7056=LINE('',#269,#7059);
#7057=VECTOR('',#7060,1.0);
#7058=VECTOR('',#7061,1.0);
#7059=VECTOR('',#7062,1.0);
#7060=DIRECTION('',(0,-0.9632839820592087,0.26848458039178735));
#7061=DIRECTION('',(0,-0.060373235134717484,-0.9981758725191509));
#7062=DIRECTION('',(0,0.968478030230488,-0.2490989862702658));
#7063=STYLED_ITEM('',(#25),#7064);
#7064=FACE_SURFACE('',(#7069),#7065,.T.);
#7065=PLANE('',#7066);
#7066=AXIS2_PLACEMENT_3D('',#419,#7067,#7068);
#7067=DIRECTION('',(1,0,0));
#7068=DIRECTION('',(0,-0.968478030230488,0.2490989862702658));
#7069=FACE_BOUND('',#7070,.T.);
#7070=EDGE_LOOP('',(#7071,#7072,#7073));
#7071=ORIENTED_EDGE('',*,*,#7074,.T.);
#7072=ORIENTED_EDGE('',*,*,#7075,.T.);
#7073=ORIENTED_EDGE('',*,*,#7076,.T.);
#7074=EDGE_CURVE('',#420,#270,#7077,.F.);
#7075=EDGE_CURVE('',#270,#274,#7078,.T.);
#7076=EDGE_CURVE('',#274,#420,#7079,.T.);
#7077=LINE('',#419,#7080);
#7078=LINE('',#269,#7081);
#7079=LINE('',#273,#7082);
#7080=VECTOR('',#7083,1.0);
#7081=VECTOR('',#7084,1.0);
#7082=VECTOR('',#7085,1.0);
#7083=DIRECTION('',(0,-0.968478030230488,0.2490989862702658));
#7084=DIRECTION('',(0,-0.020137646689886952,-0.9997972170324306));
#7085=DIRECTION('',(0,0.9732817253979471,-0.22961420471389654));
#7086=STYLED_ITEM('',(#25),#7087);
#7087=FACE_SURFACE('',(#7092),#7088,.T.);
#7088=PLANE('',#7089);
#7089=AXIS2_PLACEMENT_3D('',#423,#7090,#7091);
#7090=DIRECTION('',(1,0,0));
#7091=DIRECTION('',(0,-0.5766870670096924,0.816965131902065));
#7092=FACE_BOUND('',#7093,.T.);
#7093=EDGE_LOOP('',(#7094,#7095,#7096));
#7094=ORIENTED_EDGE('',*,*,#7097,.T.);
#7095=ORIENTED_EDGE('',*,*,#7098,.T.);
#7096=ORIENTED_EDGE('',*,*,#7099,.T.);
#7097=EDGE_CURVE('',#424,#150,#7100,.F.);
#7098=EDGE_CURVE('',#150,#422,#7101,.T.);
#7099=EDGE_CURVE('',#422,#424,#7102,.T.);
#7100=LINE('',#423,#7103);
#7101=LINE('',#149,#7104);
#7102=LINE('',#421,#7105);
#7103=VECTOR('',#7106,1.0);
#7104=VECTOR('',#7107,1.0);
#7105=VECTOR('',#7108,1.0);
#7106=DIRECTION('',(0,-0.5766870670096924,0.816965131902065));
#7107=DIRECTION('',(0,0.5524292324770631,-0.8335598017567802));
#7108=DIRECTION('',(0,0.5441916493516747,0.8389609339986599));
#7109=STYLED_ITEM('',(#25),#7110);
#7110=FACE_SURFACE('',(#7115),#7111,.T.);
#7111=PLANE('',#7112);
#7112=AXIS2_PLACEMENT_3D('',#421,#7113,#7114);
#7113=DIRECTION('',(1,0,0));
#7114=DIRECTION('',(0,-0.5524292324770631,0.8335598017567802));
#7115=FACE_BOUND('',#7116,.T.);
#7116=EDGE_LOOP('',(#7117,#7118,#7119));
#7117=ORIENTED_EDGE('',*,*,#7120,.T.);
#7118=ORIENTED_EDGE('',*,*,#7121,.T.);
#7119=ORIENTED_EDGE('',*,*,#7122,.T.);
#7120=EDGE_CURVE('',#422,#150,#7123,.F.);
#7121=EDGE_CURVE('',#150,#152,#7124,.T.);
#7122=EDGE_CURVE('',#152,#422,#7125,.T.);
#7123=LINE('',#421,#7126);
#7124=LINE('',#149,#7127);
#7125=LINE('',#151,#7128);
#7126=VECTOR('',#7129,1.0);
#7127=VECTOR('',#7130,1.0);
#7128=VECTOR('',#7131,1.0);
#7129=DIRECTION('',(0,-0.5524292324770631,0.8335598017567802));
#7130=DIRECTION('',(0,-0.9997968508324033,-0.020155819646172215));
#7131=DIRECTION('',(0,0.5689306227371473,-0.8223855218277629));
#7132=STYLED_ITEM('',(#25),#7133);
#7133=FACE_SURFACE('',(#7138),#7134,.T.);
#7134=PLANE('',#7135);
#7135=AXIS2_PLACEMENT_3D('',#421,#7136,#7137);
#7136=DIRECTION('',(1,0,0));
#7137=DIRECTION('',(0,-0.5689306227371473,0.8223855218277629));
#7138=FACE_BOUND('',#7139,.T.);
#7139=EDGE_LOOP('',(#7140,#7141,#7142));
#7140=ORIENTED_EDGE('',*,*,#7143,.T.);
#7141=ORIENTED_EDGE('',*,*,#7144,.T.);
#7142=ORIENTED_EDGE('',*,*,#7145,.T.);
#7143=EDGE_CURVE('',#422,#152,#7146,.F.);
#7144=EDGE_CURVE('',#152,#154,#7147,.T.);
#7145=EDGE_CURVE('',#154,#422,#7148,.T.);
#7146=LINE('',#421,#7149);
#7147=LINE('',#151,#7150);
#7148=LINE('',#153,#7151);
#7149=VECTOR('',#7152,1.0);
#7150=VECTOR('',#7153,1.0);
#7151=VECTOR('',#7154,1.0);
#7152=DIRECTION('',(0,-0.5689306227371473,0.8223855218277629));
#7153=DIRECTION('',(0,-0.9981747307421617,-0.06039210964863758));
#7154=DIRECTION('',(0,0.5852101253092825,-0.8108816863362335));
#7155=STYLED_ITEM('',(#25),#7156);
#7156=FACE_SURFACE('',(#7161),#7157,.T.);
#7157=PLANE('',#7158);
#7158=AXIS2_PLACEMENT_3D('',#423,#7159,#7160);
#7159=DIRECTION('',(1,0,-0));
#7160=DIRECTION('',(0,0.5305472068325059,0.8476553906642879));
#7161=FACE_BOUND('',#7162,.T.);
#7162=EDGE_LOOP('',(#7163,#7164,#7165));
#7163=ORIENTED_EDGE('',*,*,#7166,.T.);
#7164=ORIENTED_EDGE('',*,*,#7167,.T.);
#7165=ORIENTED_EDGE('',*,*,#7168,.T.);
#7166=EDGE_CURVE('',#424,#426,#7169,.F.);
#7167=EDGE_CURVE('',#426,#150,#7170,.T.);
#7168=EDGE_CURVE('',#150,#424,#7171,.T.);
#7169=LINE('',#423,#7172);
#7170=LINE('',#425,#7173);
#7171=LINE('',#149,#7174);
#7172=VECTOR('',#7175,1.0);
#7173=VECTOR('',#7176,1.0);
#7174=VECTOR('',#7177,1.0);
#7175=DIRECTION('',(0,0.5305472068325059,0.8476553906642879));
#7176=DIRECTION('',(0,-0.600952145471444,0.7992850047719328));
#7177=DIRECTION('',(0,0.5766870670096924,-0.816965131902065));
#7178=STYLED_ITEM('',(#25),#7179);
#7179=FACE_SURFACE('',(#7184),#7180,.T.);
#7180=PLANE('',#7181);
#7181=AXIS2_PLACEMENT_3D('',#149,#7182,#7183);
#7182=DIRECTION('',(1,0,0));
#7183=DIRECTION('',(0,0.600952145471444,-0.7992850047719328));
#7184=FACE_BOUND('',#7185,.T.);
#7185=EDGE_LOOP('',(#7186,#7187,#7188));
#7186=ORIENTED_EDGE('',*,*,#7189,.T.);
#7187=ORIENTED_EDGE('',*,*,#7190,.T.);
#7188=ORIENTED_EDGE('',*,*,#7191,.T.);
#7189=EDGE_CURVE('',#150,#426,#7192,.F.);
#7190=EDGE_CURVE('',#426,#428,#7193,.T.);
#7191=EDGE_CURVE('',#428,#150,#7194,.T.);
#7192=LINE('',#149,#7195);
#7193=LINE('',#425,#7196);
#7194=LINE('',#427,#7197);
#7195=VECTOR('',#7198,1.0);
#7196=VECTOR('',#7199,1.0);
#7197=VECTOR('',#7200,1.0);
#7198=DIRECTION('',(0,0.600952145471444,-0.7992850047719328));
#7199=DIRECTION('',(0,0.5174193389091943,0.8557319835805907));
#7200=DIRECTION('',(0,-0.6251618773906085,0.7804951166134544));
#7201=STYLED_ITEM('',(#25),#7202);
#7202=FACE_SURFACE('',(#7207),#7203,.T.);
#7203=PLANE('',#7204);
#7204=AXIS2_PLACEMENT_3D('',#149,#7205,#7206);
#7205=DIRECTION('',(1,0,0));
#7206=DIRECTION('',(0,0.6251618773906085,-0.7804951166134544));
#7207=FACE_BOUND('',#7208,.T.);
#7208=EDGE_LOOP('',(#7209,#7210,#7211));
#7209=ORIENTED_EDGE('',*,*,#7212,.T.);
#7210=ORIENTED_EDGE('',*,*,#7213,.T.);
#7211=ORIENTED_EDGE('',*,*,#7214,.T.);
#7212=EDGE_CURVE('',#150,#428,#7215,.F.);
#7213=EDGE_CURVE('',#428,#430,#7216,.T.);
#7214=EDGE_CURVE('',#430,#150,#7217,.T.);
#7215=LINE('',#149,#7218);
#7216=LINE('',#427,#7219);
#7217=LINE('',#429,#7220);
#7218=VECTOR('',#7221,1.0);
#7219=VECTOR('',#7222,1.0);
#7220=VECTOR('',#7223,1.0);
#7221=DIRECTION('',(0,0.6251618773906085,-0.7804951166134544));
#7222=DIRECTION('',(0,0.5047775981218992,0.863249428864153));
#7223=DIRECTION('',(0,-0.649245885191243,0.7605785827659357));
#7224=STYLED_ITEM('',(#25),#7225);
#7225=FACE_SURFACE('',(#7230),#7226,.T.);
#7226=PLANE('',#7227);
#7227=AXIS2_PLACEMENT_3D('',#429,#7228,#7229);
#7228=DIRECTION('',(1,0,-0));
#7229=DIRECTION('',(0,0.49263629732542197,0.8702353006845324));
#7230=FACE_BOUND('',#7231,.T.);
#7231=EDGE_LOOP('',(#7232,#7233,#7234));
#7232=ORIENTED_EDGE('',*,*,#7235,.T.);
#7233=ORIENTED_EDGE('',*,*,#7236,.T.);
#7234=ORIENTED_EDGE('',*,*,#7237,.T.);
#7235=EDGE_CURVE('',#430,#432,#7238,.F.);
#7236=EDGE_CURVE('',#432,#150,#7239,.T.);
#7237=EDGE_CURVE('',#150,#430,#7240,.T.);
#7238=LINE('',#429,#7241);
#7239=LINE('',#431,#7242);
#7240=LINE('',#149,#7243);
#7241=VECTOR('',#7244,1.0);
#7242=VECTOR('',#7245,1.0);
#7243=VECTOR('',#7246,1.0);
#7244=DIRECTION('',(0,0.49263629732542197,0.8702353006845324));
#7245=DIRECTION('',(0,-0.673126096998216,0.7395277260116407));
#7246=DIRECTION('',(0,0.649245885191243,-0.7605785827659357));
#7247=STYLED_ITEM('',(#25),#7248);
#7248=FACE_SURFACE('',(#7253),#7249,.T.);
#7249=PLANE('',#7250);
#7250=AXIS2_PLACEMENT_3D('',#149,#7251,#7252);
#7251=DIRECTION('',(1,0,0));
#7252=DIRECTION('',(0,0.673126096998216,-0.7395277260116407));
#7253=FACE_BOUND('',#7254,.T.);
#7254=EDGE_LOOP('',(#7255,#7256,#7257));
#7255=ORIENTED_EDGE('',*,*,#7258,.T.);
#7256=ORIENTED_EDGE('',*,*,#7259,.T.);
#7257=ORIENTED_EDGE('',*,*,#7260,.T.);
#7258=EDGE_CURVE('',#150,#432,#7261,.F.);
#7259=EDGE_CURVE('',#432,#434,#7262,.T.);
#7260=EDGE_CURVE('',#434,#150,#7263,.T.);
#7261=LINE('',#149,#7264);
#7262=LINE('',#431,#7265);
#7263=LINE('',#433,#7266);
#7264=VECTOR('',#7267,1.0);
#7265=VECTOR('',#7268,1.0);
#7266=VECTOR('',#7269,1.0);
#7267=DIRECTION('',(0,0.673126096998216,-0.7395277260116407));
#7268=DIRECTION('',(0,0.48093699529101064,0.8767551577039364));
#7269=DIRECTION('',(0,-0.6967202560962696,0.7173429338504342));
#7270=STYLED_ITEM('',(#25),#7271);
#7271=FACE_SURFACE('',(#7276),#7272,.T.);
#7272=PLANE('',#7273);
#7273=AXIS2_PLACEMENT_3D('',#149,#7274,#7275);
#7274=DIRECTION('',(1,0,0));
#7275=DIRECTION('',(0,0.6967202560962696,-0.7173429338504342));
#7276=FACE_BOUND('',#7277,.T.);
#7277=EDGE_LOOP('',(#7278,#7279,#7280));
#7278=ORIENTED_EDGE('',*,*,#7281,.T.);
#7279=ORIENTED_EDGE('',*,*,#7282,.T.);
#7280=ORIENTED_EDGE('',*,*,#7283,.T.);
#7281=EDGE_CURVE('',#150,#434,#7284,.F.);
#7282=EDGE_CURVE('',#434,#436,#7285,.T.);
#7283=EDGE_CURVE('',#436,#150,#7286,.T.);
#7284=LINE('',#149,#7287);
#7285=LINE('',#433,#7288);
#7286=LINE('',#435,#7289);
#7287=VECTOR('',#7290,1.0);
#7288=VECTOR('',#7291,1.0);
#7289=VECTOR('',#7292,1.0);
#7290=DIRECTION('',(0,0.6967202560962696,-0.7173429338504342));
#7291=DIRECTION('',(0,0.4696640194889978,0.8828452349066842));
#7292=DIRECTION('',(0,-0.7199379010532347,0.6940384849754824));
#7293=STYLED_ITEM('',(#25),#7294);
#7294=FACE_SURFACE('',(#7299),#7295,.T.);
#7295=PLANE('',#7296);
#7296=AXIS2_PLACEMENT_3D('',#435,#7297,#7298);
#7297=DIRECTION('',(1,0,-0));
#7298=DIRECTION('',(0,0.45881592037652835,0.8885313450908972));
#7299=FACE_BOUND('',#7300,.T.);
#7300=EDGE_LOOP('',(#7301,#7302,#7303));
#7301=ORIENTED_EDGE('',*,*,#7304,.T.);
#7302=ORIENTED_EDGE('',*,*,#7305,.T.);
#7303=ORIENTED_EDGE('',*,*,#7306,.T.);
#7304=EDGE_CURVE('',#436,#438,#7307,.F.);
#7305=EDGE_CURVE('',#438,#150,#7308,.T.);
#7306=EDGE_CURVE('',#150,#436,#7309,.T.);
#7307=LINE('',#435,#7310);
#7308=LINE('',#437,#7311);
#7309=LINE('',#149,#7312);
#7310=VECTOR('',#7313,1.0);
#7311=VECTOR('',#7314,1.0);
#7312=VECTOR('',#7315,1.0);
#7313=DIRECTION('',(0,0.45881592037652835,0.8885313450908972));
#7314=DIRECTION('',(0,-0.7426880005261306,0.6696376138438597));
#7315=DIRECTION('',(0,0.7199379010532347,-0.6940384849754824));
#7316=STYLED_ITEM('',(#25),#7317);
#7317=FACE_SURFACE('',(#7322),#7318,.T.);
#7318=PLANE('',#7319);
#7319=AXIS2_PLACEMENT_3D('',#149,#7320,#7321);
#7320=DIRECTION('',(1,0,0));
#7321=DIRECTION('',(0,0.7426880005261306,-0.6696376138438597));
#7322=FACE_BOUND('',#7323,.T.);
#7323=EDGE_LOOP('',(#7324,#7325,#7326));
#7324=ORIENTED_EDGE('',*,*,#7327,.T.);
#7325=ORIENTED_EDGE('',*,*,#7328,.T.);
#7326=ORIENTED_EDGE('',*,*,#7329,.T.);
#7327=EDGE_CURVE('',#150,#438,#7330,.F.);
#7328=EDGE_CURVE('',#438,#440,#7331,.T.);
#7329=EDGE_CURVE('',#440,#150,#7332,.T.);
#7330=LINE('',#149,#7333);
#7331=LINE('',#437,#7334);
#7332=LINE('',#439,#7335);
#7333=VECTOR('',#7336,1.0);
#7334=VECTOR('',#7337,1.0);
#7335=VECTOR('',#7338,1.0);
#7336=DIRECTION('',(0,0.7426880005261306,-0.6696376138438597));
#7337=DIRECTION('',(0,0.4483759799452628,0.8938450540267732));
#7338=DIRECTION('',(0,-0.764872738598534,0.6441814136939832));
#7339=STYLED_ITEM('',(#25),#7340);
#7340=FACE_SURFACE('',(#7345),#7341,.T.);
#7341=PLANE('',#7342);
#7342=AXIS2_PLACEMENT_3D('',#149,#7343,#7344);
#7343=DIRECTION('',(1,0,0));
#7344=DIRECTION('',(0,0.764872738598534,-0.6441814136939832));
#7345=FACE_BOUND('',#7346,.T.);
#7346=EDGE_LOOP('',(#7347,#7348,#7349));
#7347=ORIENTED_EDGE('',*,*,#7350,.T.);
#7348=ORIENTED_EDGE('',*,*,#7351,.T.);
#7349=ORIENTED_EDGE('',*,*,#7352,.T.);
#7350=EDGE_CURVE('',#150,#440,#7353,.F.);
#7351=EDGE_CURVE('',#440,#442,#7354,.T.);
#7352=EDGE_CURVE('',#442,#150,#7355,.T.);
#7353=LINE('',#149,#7356);
#7354=LINE('',#439,#7357);
#7355=LINE('',#441,#7358);
#7356=VECTOR('',#7359,1.0);
#7357=VECTOR('',#7360,1.0);
#7358=VECTOR('',#7361,1.0);
#7359=DIRECTION('',(0,0.764872738598534,-0.6441814136939832));
#7360=DIRECTION('',(0,0.43831203359912396,0.8988228753220516));
#7361=DIRECTION('',(0,-0.7863977828394378,0.6177204279811511));
#7362=STYLED_ITEM('',(#25),#7363);
#7363=FACE_SURFACE('',(#7368),#7364,.T.);
#7364=PLANE('',#7365);
#7365=AXIS2_PLACEMENT_3D('',#441,#7366,#7367);
#7366=DIRECTION('',(1,0,-0));
#7367=DIRECTION('',(0,0.4285724751574403,0.903507406465174));
#7368=FACE_BOUND('',#7369,.T.);
#7369=EDGE_LOOP('',(#7370,#7371,#7372));
#7370=ORIENTED_EDGE('',*,*,#7373,.T.);
#7371=ORIENTED_EDGE('',*,*,#7374,.T.);
#7372=ORIENTED_EDGE('',*,*,#7375,.T.);
#7373=EDGE_CURVE('',#442,#444,#7376,.F.);
#7374=EDGE_CURVE('',#444,#150,#7377,.T.);
#7375=EDGE_CURVE('',#150,#442,#7378,.T.);
#7376=LINE('',#441,#7379);
#7377=LINE('',#443,#7380);
#7378=LINE('',#149,#7381);
#7379=VECTOR('',#7382,1.0);
#7380=VECTOR('',#7383,1.0);
#7381=VECTOR('',#7384,1.0);
#7382=DIRECTION('',(0,0.4285724751574403,0.903507406465174));
#7383=DIRECTION('',(0,-0.8071695447494682,0.5903196812142859));
#7384=DIRECTION('',(0,0.7863977828394378,-0.6177204279811511));
#7385=STYLED_ITEM('',(#25),#7386);
#7386=FACE_SURFACE('',(#7391),#7387,.T.);
#7387=PLANE('',#7388);
#7388=AXIS2_PLACEMENT_3D('',#149,#7389,#7390);
#7389=DIRECTION('',(1,0,0));
#7390=DIRECTION('',(0,0.8071695447494682,-0.5903196812142859));
#7391=FACE_BOUND('',#7392,.T.);
#7392=EDGE_LOOP('',(#7393,#7394,#7395));
#7393=ORIENTED_EDGE('',*,*,#7396,.T.);
#7394=ORIENTED_EDGE('',*,*,#7397,.T.);
#7395=ORIENTED_EDGE('',*,*,#7398,.T.);
#7396=EDGE_CURVE('',#150,#444,#7399,.F.);
#7397=EDGE_CURVE('',#444,#446,#7400,.T.);
#7398=EDGE_CURVE('',#446,#150,#7401,.T.);
#7399=LINE('',#149,#7402);
#7400=LINE('',#443,#7403);
#7401=LINE('',#445,#7404);
#7402=VECTOR('',#7405,1.0);
#7403=VECTOR('',#7406,1.0);
#7404=VECTOR('',#7407,1.0);
#7405=DIRECTION('',(0,0.8071695447494682,-0.5903196812142859));
#7406=DIRECTION('',(0,0.41920577301076234,0.9078912489249189));
#7407=DIRECTION('',(0,-0.8270951266017605,0.562061964156638));
#7408=STYLED_ITEM('',(#25),#7409);
#7409=FACE_SURFACE('',(#7414),#7410,.T.);
#7410=PLANE('',#7411);
#7411=AXIS2_PLACEMENT_3D('',#149,#7412,#7413);
#7412=DIRECTION('',(1,0,0));
#7413=DIRECTION('',(0,0.8270951266017605,-0.562061964156638));
#7414=FACE_BOUND('',#7415,.T.);
#7415=EDGE_LOOP('',(#7416,#7417,#7418));
#7416=ORIENTED_EDGE('',*,*,#7419,.T.);
#7417=ORIENTED_EDGE('',*,*,#7420,.T.);
#7418=ORIENTED_EDGE('',*,*,#7421,.T.);
#7419=EDGE_CURVE('',#150,#446,#7422,.F.);
#7420=EDGE_CURVE('',#446,#448,#7423,.T.);
#7421=EDGE_CURVE('',#448,#150,#7424,.T.);
#7422=LINE('',#149,#7425);
#7423=LINE('',#445,#7426);
#7424=LINE('',#447,#7427);
#7425=VECTOR('',#7428,1.0);
#7426=VECTOR('',#7429,1.0);
#7427=VECTOR('',#7430,1.0);
#7428=DIRECTION('',(0,0.8270951266017605,-0.562061964156638));
#7429=DIRECTION('',(0,0.410139486616049,0.9120228075647691));
#7430=DIRECTION('',(0,-0.8460904845570577,0.533039296808409));
#7431=STYLED_ITEM('',(#25),#7432);
#7432=FACE_SURFACE('',(#7437),#7433,.T.);
#7433=PLANE('',#7434);
#7434=AXIS2_PLACEMENT_3D('',#447,#7435,#7436);
#7435=DIRECTION('',(1,0,-0));
#7436=DIRECTION('',(0,0.40138921818449547,0.915907580231346));
#7437=FACE_BOUND('',#7438,.T.);
#7438=EDGE_LOOP('',(#7439,#7440,#7441));
#7439=ORIENTED_EDGE('',*,*,#7442,.T.);
#7440=ORIENTED_EDGE('',*,*,#7443,.T.);
#7441=ORIENTED_EDGE('',*,*,#7444,.T.);
#7442=EDGE_CURVE('',#448,#450,#7445,.F.);
#7443=EDGE_CURVE('',#450,#150,#7446,.T.);
#7444=EDGE_CURVE('',#150,#448,#7447,.T.);
#7445=LINE('',#447,#7448);
#7446=LINE('',#449,#7449);
#7447=LINE('',#149,#7450);
#7448=VECTOR('',#7451,1.0);
#7449=VECTOR('',#7452,1.0);
#7450=VECTOR('',#7453,1.0);
#7451=DIRECTION('',(0,0.40138921818449547,0.915907580231346));
#7452=DIRECTION('',(0,-0.8641505190113886,0.5032334254521927));
#7453=DIRECTION('',(0,0.8460904845570577,-0.533039296808409));
#7454=STYLED_ITEM('',(#25),#7455);
#7455=FACE_SURFACE('',(#7460),#7456,.T.);
#7456=PLANE('',#7457);
#7457=AXIS2_PLACEMENT_3D('',#149,#7458,#7459);
#7458=DIRECTION('',(1,0,0));
#7459=DIRECTION('',(0,0.8641505190113886,-0.5032334254521927));
#7460=FACE_BOUND('',#7461,.T.);
#7461=EDGE_LOOP('',(#7462,#7463,#7464));
#7462=ORIENTED_EDGE('',*,*,#7465,.T.);
#7463=ORIENTED_EDGE('',*,*,#7466,.T.);
#7464=ORIENTED_EDGE('',*,*,#7467,.T.);
#7465=EDGE_CURVE('',#150,#450,#7468,.F.);
#7466=EDGE_CURVE('',#450,#452,#7469,.T.);
#7467=EDGE_CURVE('',#452,#150,#7470,.T.);
#7468=LINE('',#149,#7471);
#7469=LINE('',#449,#7472);
#7470=LINE('',#451,#7473);
#7471=VECTOR('',#7474,1.0);
#7472=VECTOR('',#7475,1.0);
#7473=VECTOR('',#7476,1.0);
#7474=DIRECTION('',(0,0.8641505190113886,-0.5032334254521927));
#7475=DIRECTION('',(0,0.39283552101962843,0.9196087501895776));
#7476=DIRECTION('',(0,-0.8813831252572955,0.4724021449058871));
#7477=STYLED_ITEM('',(#25),#7478);
#7478=FACE_SURFACE('',(#7483),#7479,.T.);
#7479=PLANE('',#7480);
#7480=AXIS2_PLACEMENT_3D('',#149,#7481,#7482);
#7481=DIRECTION('',(1,0,0));
#7482=DIRECTION('',(0,0.8813831252572955,-0.4724021449058871));
#7483=FACE_BOUND('',#7484,.T.);
#7484=EDGE_LOOP('',(#7485,#7486,#7487));
#7485=ORIENTED_EDGE('',*,*,#7488,.T.);
#7486=ORIENTED_EDGE('',*,*,#7489,.T.);
#7487=ORIENTED_EDGE('',*,*,#7490,.T.);
#7488=EDGE_CURVE('',#150,#452,#7491,.F.);
#7489=EDGE_CURVE('',#452,#454,#7492,.T.);
#7490=EDGE_CURVE('',#454,#150,#7493,.T.);
#7491=LINE('',#149,#7494);
#7492=LINE('',#451,#7495);
#7493=LINE('',#453,#7496);
#7494=VECTOR('',#7497,1.0);
#7495=VECTOR('',#7498,1.0);
#7496=VECTOR('',#7499,1.0);
#7497=DIRECTION('',(0,0.8813831252572955,-0.4724021449058871));
#7498=DIRECTION('',(0,0.3844471568417723,0.9231469999931092));
#7499=DIRECTION('',(0,-0.8976939935886139,0.44061944336913406));
#7500=STYLED_ITEM('',(#25),#7501);
#7501=FACE_SURFACE('',(#7506),#7502,.T.);
#7502=PLANE('',#7503);
#7503=AXIS2_PLACEMENT_3D('',#453,#7504,#7505);
#7504=DIRECTION('',(1,0,-0));
#7505=DIRECTION('',(0,0.3761440404116803,0.9265612018980592));
#7506=FACE_BOUND('',#7507,.T.);
#7507=EDGE_LOOP('',(#7508,#7509,#7510));
#7508=ORIENTED_EDGE('',*,*,#7511,.T.);
#7509=ORIENTED_EDGE('',*,*,#7512,.T.);
#7510=ORIENTED_EDGE('',*,*,#7513,.T.);
#7511=EDGE_CURVE('',#454,#456,#7514,.F.);
#7512=EDGE_CURVE('',#456,#150,#7515,.T.);
#7513=EDGE_CURVE('',#150,#454,#7516,.T.);
#7514=LINE('',#453,#7517);
#7515=LINE('',#455,#7518);
#7516=LINE('',#149,#7519);
#7517=VECTOR('',#7520,1.0);
#7518=VECTOR('',#7521,1.0);
#7519=VECTOR('',#7522,1.0);
#7520=DIRECTION('',(0,0.3761440404116803,0.9265612018980592));
#7521=DIRECTION('',(0,-0.9129856216325558,0.407991733607699));
#7522=DIRECTION('',(0,0.8976939935886139,-0.44061944336913406));
#7523=STYLED_ITEM('',(#25),#7524);
#7524=FACE_SURFACE('',(#7529),#7525,.T.);
#7525=PLANE('',#7526);
#7526=AXIS2_PLACEMENT_3D('',#149,#7527,#7528);
#7527=DIRECTION('',(1,0,0));
#7528=DIRECTION('',(0,0.9129856216325558,-0.407991733607699));
#7529=FACE_BOUND('',#7530,.T.);
#7530=EDGE_LOOP('',(#7531,#7532,#7533));
#7531=ORIENTED_EDGE('',*,*,#7534,.T.);
#7532=ORIENTED_EDGE('',*,*,#7535,.T.);
#7533=ORIENTED_EDGE('',*,*,#7536,.T.);
#7534=EDGE_CURVE('',#150,#456,#7537,.F.);
#7535=EDGE_CURVE('',#456,#458,#7538,.T.);
#7536=EDGE_CURVE('',#458,#150,#7539,.T.);
#7537=LINE('',#149,#7540);
#7538=LINE('',#455,#7541);
#7539=LINE('',#457,#7542);
#7540=VECTOR('',#7543,1.0);
#7541=VECTOR('',#7544,1.0);
#7542=VECTOR('',#7545,1.0);
#7543=DIRECTION('',(0,0.9129856216325558,-0.407991733607699));
#7544=DIRECTION('',(0,0.3679679027225044,0.9298384927319377));
#7545=DIRECTION('',(0,-0.9271705402580174,0.37463954580056824));
#7546=STYLED_ITEM('',(#25),#7547);
#7547=FACE_SURFACE('',(#7552),#7548,.T.);
#7548=PLANE('',#7549);
#7549=AXIS2_PLACEMENT_3D('',#149,#7550,#7551);
#7550=DIRECTION('',(1,0,0));
#7551=DIRECTION('',(0,0.9271705402580174,-0.37463954580056824));
#7552=FACE_BOUND('',#7553,.T.);
#7553=EDGE_LOOP('',(#7554,#7555,#7556));
#7554=ORIENTED_EDGE('',*,*,#7557,.T.);
#7555=ORIENTED_EDGE('',*,*,#7558,.T.);
#7556=ORIENTED_EDGE('',*,*,#7559,.T.);
#7557=EDGE_CURVE('',#150,#458,#7560,.F.);
#7558=EDGE_CURVE('',#458,#460,#7561,.T.);
#7559=EDGE_CURVE('',#460,#150,#7562,.T.);
#7560=LINE('',#149,#7563);
#7561=LINE('',#457,#7564);
#7562=LINE('',#459,#7565);
#7563=VECTOR('',#7566,1.0);
#7564=VECTOR('',#7567,1.0);
#7565=VECTOR('',#7568,1.0);
#7566=DIRECTION('',(0,0.9271705402580174,-0.37463954580056824));
#7567=DIRECTION('',(0,0.3598222708230134,0.9330208644075275));
#7568=DIRECTION('',(0,-0.9401743576345227,0.34069367068748535));
#7569=STYLED_ITEM('',(#25),#7570);
#7570=FACE_SURFACE('',(#7575),#7571,.T.);
#7571=PLANE('',#7572);
#7572=AXIS2_PLACEMENT_3D('',#459,#7573,#7574);
#7573=DIRECTION('',(1,0,-0));
#7574=DIRECTION('',(0,0.3517308326703839,0.9361011811492379));
#7575=FACE_BOUND('',#7576,.T.);
#7576=EDGE_LOOP('',(#7577,#7578,#7579));
#7577=ORIENTED_EDGE('',*,*,#7580,.T.);
#7578=ORIENTED_EDGE('',*,*,#7581,.T.);
#7579=ORIENTED_EDGE('',*,*,#7582,.T.);
#7580=EDGE_CURVE('',#460,#462,#7583,.F.);
#7581=EDGE_CURVE('',#462,#150,#7584,.T.);
#7582=EDGE_CURVE('',#150,#460,#7585,.T.);
#7583=LINE('',#459,#7586);
#7584=LINE('',#461,#7587);
#7585=LINE('',#149,#7588);
#7586=VECTOR('',#7589,1.0);
#7587=VECTOR('',#7590,1.0);
#7588=VECTOR('',#7591,1.0);
#7589=DIRECTION('',(0,0.3517308326703839,0.9361011811492379));
#7590=DIRECTION('',(0,-0.9519359913922306,0.30629702625407745));
#7591=DIRECTION('',(0,0.9401743576345227,-0.34069367068748535));
#7592=STYLED_ITEM('',(#25),#7593);
#7593=FACE_SURFACE('',(#7598),#7594,.T.);
#7594=PLANE('',#7595);
#7595=AXIS2_PLACEMENT_3D('',#149,#7596,#7597);
#7596=DIRECTION('',(1,0,0));
#7597=DIRECTION('',(0,0.9519359913922306,-0.30629702625407745));
#7598=FACE_BOUND('',#7599,.T.);
#7599=EDGE_LOOP('',(#7600,#7601,#7602));
#7600=ORIENTED_EDGE('',*,*,#7603,.T.);
#7601=ORIENTED_EDGE('',*,*,#7604,.T.);
#7602=ORIENTED_EDGE('',*,*,#7605,.T.);
#7603=EDGE_CURVE('',#150,#462,#7606,.F.);
#7604=EDGE_CURVE('',#462,#464,#7607,.T.);
#7605=EDGE_CURVE('',#464,#150,#7608,.T.);
#7606=LINE('',#149,#7609);
#7607=LINE('',#461,#7610);
#7608=LINE('',#463,#7611);
#7609=VECTOR('',#7612,1.0);
#7610=VECTOR('',#7613,1.0);
#7611=VECTOR('',#7614,1.0);
#7612=DIRECTION('',(0,0.9519359913922306,-0.30629702625407745));
#7613=DIRECTION('',(0,0.3436165620292153,0.9391100352457227));
#7614=DIRECTION('',(0,-0.9624128655159864,0.2715906410193621));
#7615=STYLED_ITEM('',(#25),#7616);
#7616=FACE_SURFACE('',(#7621),#7617,.T.);
#7617=PLANE('',#7618);
#7618=AXIS2_PLACEMENT_3D('',#149,#7619,#7620);
#7619=DIRECTION('',(1,0,0));
#7620=DIRECTION('',(0,0.9624128655159864,-0.2715906410193621));
#7621=FACE_BOUND('',#7622,.T.);
#7622=EDGE_LOOP('',(#7623,#7624,#7625));
#7623=ORIENTED_EDGE('',*,*,#7626,.T.);
#7624=ORIENTED_EDGE('',*,*,#7627,.T.);
#7625=ORIENTED_EDGE('',*,*,#7628,.T.);
#7626=EDGE_CURVE('',#150,#464,#7629,.F.);
#7627=EDGE_CURVE('',#464,#466,#7630,.T.);
#7628=EDGE_CURVE('',#466,#150,#7631,.T.);
#7629=LINE('',#149,#7632);
#7630=LINE('',#463,#7633);
#7631=LINE('',#465,#7634);
#7632=VECTOR('',#7635,1.0);
#7633=VECTOR('',#7636,1.0);
#7634=VECTOR('',#7637,1.0);
#7635=DIRECTION('',(0,0.9624128655159864,-0.2715906410193621));
#7636=DIRECTION('',(0,0.3355208726171697,0.9420327722739869));
#7637=DIRECTION('',(0,-0.9715759413341571,0.23672809343347154));
#7638=STYLED_ITEM('',(#25),#7639);
#7639=FACE_SURFACE('',(#7644),#7640,.T.);
#7640=PLANE('',#7641);
#7641=AXIS2_PLACEMENT_3D('',#465,#7642,#7643);
#7642=DIRECTION('',(1,0,-0));
#7643=DIRECTION('',(0,0.32734291558715845,0.9449056120136542));
#7644=FACE_BOUND('',#7645,.T.);
#7645=EDGE_LOOP('',(#7646,#7647,#7648));
#7646=ORIENTED_EDGE('',*,*,#7649,.T.);
#7647=ORIENTED_EDGE('',*,*,#7650,.T.);
#7648=ORIENTED_EDGE('',*,*,#7651,.T.);
#7649=EDGE_CURVE('',#466,#468,#7652,.F.);
#7650=EDGE_CURVE('',#468,#150,#7653,.T.);
#7651=EDGE_CURVE('',#150,#466,#7654,.T.);
#7652=LINE('',#465,#7655);
#7653=LINE('',#467,#7656);
#7654=LINE('',#149,#7657);
#7655=VECTOR('',#7658,1.0);
#7656=VECTOR('',#7659,1.0);
#7657=VECTOR('',#7660,1.0);
#7658=DIRECTION('',(0,0.32734291558715845,0.9449056120136542));
#7659=DIRECTION('',(0,-0.9794154067888747,0.20185504934131046));
#7660=DIRECTION('',(0,0.9715759413341571,-0.23672809343347154));
#7661=STYLED_ITEM('',(#25),#7662);
#7662=FACE_SURFACE('',(#7667),#7663,.T.);
#7663=PLANE('',#7664);
#7664=AXIS2_PLACEMENT_3D('',#149,#7665,#7666);
#7665=DIRECTION('',(1,0,0));
#7666=DIRECTION('',(0,0.9794154067888747,-0.20185504934131046));
#7667=FACE_BOUND('',#7668,.T.);
#7668=EDGE_LOOP('',(#7669,#7670,#7671));
#7669=ORIENTED_EDGE('',*,*,#7672,.T.);
#7670=ORIENTED_EDGE('',*,*,#7673,.T.);
#7671=ORIENTED_EDGE('',*,*,#7674,.T.);
#7672=EDGE_CURVE('',#150,#468,#7675,.F.);
#7673=EDGE_CURVE('',#468,#470,#7676,.T.);
#7674=EDGE_CURVE('',#470,#150,#7677,.T.);
#7675=LINE('',#149,#7678);
#7676=LINE('',#467,#7679);
#7677=LINE('',#469,#7680);
#7678=VECTOR('',#7681,1.0);
#7679=VECTOR('',#7682,1.0);
#7680=VECTOR('',#7683,1.0);
#7681=DIRECTION('',(0,0.9794154067888747,-0.20185504934131046));
#7682=DIRECTION('',(0,0.31911690183845837,0.9477153596734749));
#7683=DIRECTION('',(0,-0.9859369820178334,0.16711752597967228));
#7684=STYLED_ITEM('',(#25),#7685);
#7685=FACE_SURFACE('',(#7690),#7686,.T.);
#7686=PLANE('',#7687);
#7687=AXIS2_PLACEMENT_3D('',#149,#7688,#7689);
#7688=DIRECTION('',(1,0,0));
#7689=DIRECTION('',(0,0.9859369820178334,-0.16711752597967228));
#7690=FACE_BOUND('',#7691,.T.);
#7691=EDGE_LOOP('',(#7692,#7693,#7694));
#7692=ORIENTED_EDGE('',*,*,#7695,.T.);
#7693=ORIENTED_EDGE('',*,*,#7696,.T.);
#7694=ORIENTED_EDGE('',*,*,#7697,.T.);
#7695=EDGE_CURVE('',#150,#470,#7698,.F.);
#7696=EDGE_CURVE('',#470,#472,#7699,.T.);
#7697=EDGE_CURVE('',#472,#150,#7700,.T.);
#7698=LINE('',#149,#7701);
#7699=LINE('',#469,#7702);
#7700=LINE('',#471,#7703);
#7701=VECTOR('',#7704,1.0);
#7702=VECTOR('',#7705,1.0);
#7703=VECTOR('',#7706,1.0);
#7704=DIRECTION('',(0,0.9859369820178334,-0.16711752597967228));
#7705=DIRECTION('',(0,0.3107644548449472,0.9504869560414403));
#7706=DIRECTION('',(0,-0.9911624342442803,0.13265379354904536));
#7707=STYLED_ITEM('',(#25),#7708);
#7708=FACE_SURFACE('',(#7713),#7709,.T.);
#7709=PLANE('',#7710);
#7710=AXIS2_PLACEMENT_3D('',#471,#7711,#7712);
#7711=DIRECTION('',(1,0,-0));
#7712=DIRECTION('',(0,0.3023088943113937,0.9532100148551853));
#7713=FACE_BOUND('',#7714,.T.);
#7714=EDGE_LOOP('',(#7715,#7716,#7717));
#7715=ORIENTED_EDGE('',*,*,#7718,.T.);
#7716=ORIENTED_EDGE('',*,*,#7719,.T.);
#7717=ORIENTED_EDGE('',*,*,#7720,.T.);
#7718=EDGE_CURVE('',#472,#474,#7721,.F.);
#7719=EDGE_CURVE('',#474,#150,#7722,.T.);
#7720=EDGE_CURVE('',#150,#472,#7723,.T.);
#7721=LINE('',#471,#7724);
#7722=LINE('',#473,#7725);
#7723=LINE('',#149,#7726);
#7724=VECTOR('',#7727,1.0);
#7725=VECTOR('',#7728,1.0);
#7726=VECTOR('',#7729,1.0);
#7727=DIRECTION('',(0,0.3023088943113937,0.9532100148551853));
#7728=DIRECTION('',(0,-0.9951273963646166,0.09859748984928222));
#7729=DIRECTION('',(0,0.9911624342442803,-0.13265379354904536));
#7730=STYLED_ITEM('',(#25),#7731);
#7731=FACE_SURFACE('',(#7736),#7732,.T.);
#7732=PLANE('',#7733);
#7733=AXIS2_PLACEMENT_3D('',#149,#7734,#7735);
#7734=DIRECTION('',(1,0,0));
#7735=DIRECTION('',(0,0.9951273963646166,-0.09859748984928222));
#7736=FACE_BOUND('',#7737,.T.);
#7737=EDGE_LOOP('',(#7738,#7739,#7740));
#7738=ORIENTED_EDGE('',*,*,#7741,.T.);
#7739=ORIENTED_EDGE('',*,*,#7742,.T.);
#7740=ORIENTED_EDGE('',*,*,#7743,.T.);
#7741=EDGE_CURVE('',#150,#474,#7744,.F.);
#7742=EDGE_CURVE('',#474,#476,#7745,.T.);
#7743=EDGE_CURVE('',#476,#150,#7746,.T.);
#7744=LINE('',#149,#7747);
#7745=LINE('',#473,#7748);
#7746=LINE('',#475,#7749);
#7747=VECTOR('',#7750,1.0);
#7748=VECTOR('',#7751,1.0);
#7749=VECTOR('',#7752,1.0);
#7750=DIRECTION('',(0,0.9951273963646166,-0.09859748984928222));
#7751=DIRECTION('',(0,0.2936613699574317,0.9559095144388533));
#7752=DIRECTION('',(0,-0.9978809749783356,0.0650658111167935));
#7753=STYLED_ITEM('',(#25),#7754);
#7754=FACE_SURFACE('',(#7759),#7755,.T.);
#7755=PLANE('',#7756);
#7756=AXIS2_PLACEMENT_3D('',#149,#7757,#7758);
#7757=DIRECTION('',(1,0,0));
#7758=DIRECTION('',(0,0.9978809749783356,-0.0650658111167935));
#7759=FACE_BOUND('',#7760,.T.);
#7760=EDGE_LOOP('',(#7761,#7762,#7763));
#7761=ORIENTED_EDGE('',*,*,#7764,.T.);
#7762=ORIENTED_EDGE('',*,*,#7765,.T.);
#7763=ORIENTED_EDGE('',*,*,#7766,.T.);
#7764=EDGE_CURVE('',#150,#476,#7767,.F.);
#7765=EDGE_CURVE('',#476,#478,#7768,.T.);
#7766=EDGE_CURVE('',#478,#150,#7769,.T.);
#7767=LINE('',#149,#7770);
#7768=LINE('',#475,#7771);
#7769=LINE('',#477,#7772);
#7770=VECTOR('',#7773,1.0);
#7771=VECTOR('',#7774,1.0);
#7772=VECTOR('',#7775,1.0);
#7773=DIRECTION('',(0,0.9978809749783356,-0.0650658111167935));
#7774=DIRECTION('',(0,0.2848218211567818,0.9585804766387297));
#7775=DIRECTION('',(0,-0.9994824779384719,0.03216793891395363));
#7776=STYLED_ITEM('',(#25),#7777);
#7777=FACE_SURFACE('',(#7782),#7778,.T.);
#7778=PLANE('',#7779);
#7779=AXIS2_PLACEMENT_3D('',#477,#7780,#7781);
#7780=DIRECTION('',(1,0,-0));
#7781=DIRECTION('',(0,0.2757535767275636,0.9612283625247204));
#7782=FACE_BOUND('',#7783,.T.);
#7783=EDGE_LOOP('',(#7784,#7785,#7786));
#7784=ORIENTED_EDGE('',*,*,#7787,.T.);
#7785=ORIENTED_EDGE('',*,*,#7788,.T.);
#7786=ORIENTED_EDGE('',*,*,#7789,.T.);
#7787=EDGE_CURVE('',#478,#480,#7790,.F.);
#7788=EDGE_CURVE('',#480,#150,#7791,.T.);
#7789=EDGE_CURVE('',#150,#478,#7792,.T.);
#7790=LINE('',#477,#7793);
#7791=LINE('',#479,#7794);
#7792=LINE('',#149,#7795);
#7793=VECTOR('',#7796,1.0);
#7794=VECTOR('',#7797,1.0);
#7795=VECTOR('',#7798,1.0);
#7796=DIRECTION('',(0,0.2757535767275636,0.9612283625247204));
#7797=DIRECTION('',(0,-1,0));
#7798=DIRECTION('',(0,0.9994824779384719,-0.03216793891395363));
#7799=STYLED_ITEM('',(#25),#7800);
#7800=FACE_SURFACE('',(#7805),#7801,.T.);
#7801=PLANE('',#7802);
#7802=AXIS2_PLACEMENT_3D('',#153,#7803,#7804);
#7803=DIRECTION('',(1,0,0));
#7804=DIRECTION('',(0,-0.9949391787038375,-0.10047900616613012));
#7805=FACE_BOUND('',#7806,.T.);
#7806=EDGE_LOOP('',(#7807,#7808,#7809));
#7807=ORIENTED_EDGE('',*,*,#7810,.T.);
#7808=ORIENTED_EDGE('',*,*,#7811,.T.);
#7809=ORIENTED_EDGE('',*,*,#7812,.T.);
#7810=EDGE_CURVE('',#154,#156,#7813,.F.);
#7811=EDGE_CURVE('',#156,#422,#7814,.T.);
#7812=EDGE_CURVE('',#422,#154,#7815,.T.);
#7813=LINE('',#153,#7816);
#7814=LINE('',#155,#7817);
#7815=LINE('',#421,#7818);
#7816=VECTOR('',#7819,1.0);
#7817=VECTOR('',#7820,1.0);
#7818=VECTOR('',#7821,1.0);
#7819=DIRECTION('',(0,-0.9949391787038375,-0.10047900616613012));
#7820=DIRECTION('',(0,0.601260080321976,-0.7990533873347958));
#7821=DIRECTION('',(0,-0.5852101253092825,0.8108816863362335));
#7822=STYLED_ITEM('',(#25),#7823);
#7823=FACE_SURFACE('',(#7828),#7824,.T.);
#7824=PLANE('',#7825);
#7825=AXIS2_PLACEMENT_3D('',#421,#7826,#7827);
#7826=DIRECTION('',(1,0,0));
#7827=DIRECTION('',(0,-0.601260080321976,0.7990533873347958));
#7828=FACE_BOUND('',#7829,.T.);
#7829=EDGE_LOOP('',(#7830,#7831,#7832));
#7830=ORIENTED_EDGE('',*,*,#7833,.T.);
#7831=ORIENTED_EDGE('',*,*,#7834,.T.);
#7832=ORIENTED_EDGE('',*,*,#7835,.T.);
#7833=EDGE_CURVE('',#422,#156,#7836,.F.);
#7834=EDGE_CURVE('',#156,#158,#7837,.T.);
#7835=EDGE_CURVE('',#158,#422,#7838,.T.);
#7836=LINE('',#421,#7839);
#7837=LINE('',#155,#7840);
#7838=LINE('',#157,#7841);
#7839=VECTOR('',#7842,1.0);
#7840=VECTOR('',#7843,1.0);
#7841=VECTOR('',#7844,1.0);
#7842=DIRECTION('',(0,-0.601260080321976,0.7990533873347958));
#7843=DIRECTION('',(0,-0.9900722499702218,-0.14055938189570547));
#7844=DIRECTION('',(0,0.6170760956164774,-0.7869034834201233));
#7845=STYLED_ITEM('',(#25),#7846);
#7846=FACE_SURFACE('',(#7851),#7847,.T.);
#7847=PLANE('',#7848);
#7848=AXIS2_PLACEMENT_3D('',#421,#7849,#7850);
#7849=DIRECTION('',(1,0,0));
#7850=DIRECTION('',(0,-0.6170760956164774,0.7869034834201233));
#7851=FACE_BOUND('',#7852,.T.);
#7852=EDGE_LOOP('',(#7853,#7854,#7855));
#7853=ORIENTED_EDGE('',*,*,#7856,.T.);
#7854=ORIENTED_EDGE('',*,*,#7857,.T.);
#7855=ORIENTED_EDGE('',*,*,#7858,.T.);
#7856=EDGE_CURVE('',#422,#158,#7859,.F.);
#7857=EDGE_CURVE('',#158,#160,#7860,.T.);
#7858=EDGE_CURVE('',#160,#422,#7861,.T.);
#7859=LINE('',#421,#7862);
#7860=LINE('',#157,#7863);
#7861=LINE('',#159,#7864);
#7862=VECTOR('',#7865,1.0);
#7863=VECTOR('',#7866,1.0);
#7864=VECTOR('',#7867,1.0);
#7865=DIRECTION('',(0,-0.6170760956164774,0.7869034834201233));
#7866=DIRECTION('',(0,-0.9836307974515213,-0.18019560012631916));
#7867=DIRECTION('',(0,0.6326483571086196,-0.7744391882180063));
#7868=STYLED_ITEM('',(#25),#7869);
#7869=FACE_SURFACE('',(#7874),#7870,.T.);
#7870=PLANE('',#7871);
#7871=AXIS2_PLACEMENT_3D('',#159,#7872,#7873);
#7872=DIRECTION('',(1,0,0));
#7873=DIRECTION('',(0,-0.9755571909547119,-0.21974568750387702));
#7874=FACE_BOUND('',#7875,.T.);
#7875=EDGE_LOOP('',(#7876,#7877,#7878));
#7876=ORIENTED_EDGE('',*,*,#7879,.T.);
#7877=ORIENTED_EDGE('',*,*,#7880,.T.);
#7878=ORIENTED_EDGE('',*,*,#7881,.T.);
#7879=EDGE_CURVE('',#160,#162,#7882,.F.);
#7880=EDGE_CURVE('',#162,#422,#7883,.T.);
#7881=EDGE_CURVE('',#422,#160,#7884,.T.);
#7882=LINE('',#159,#7885);
#7883=LINE('',#161,#7886);
#7884=LINE('',#421,#7887);
#7885=VECTOR('',#7888,1.0);
#7886=VECTOR('',#7889,1.0);
#7887=VECTOR('',#7890,1.0);
#7888=DIRECTION('',(0,-0.9755571909547119,-0.21974568750387702));
#7889=DIRECTION('',(0,0.6479730159909687,-0.7616632921098192));
#7890=DIRECTION('',(0,-0.6326483571086196,0.7744391882180063));
#7891=STYLED_ITEM('',(#25),#7892);
#7892=FACE_SURFACE('',(#7897),#7893,.T.);
#7893=PLANE('',#7894);
#7894=AXIS2_PLACEMENT_3D('',#421,#7895,#7896);
#7895=DIRECTION('',(1,0,0));
#7896=DIRECTION('',(0,-0.6479730159909687,0.7616632921098192));
#7897=FACE_BOUND('',#7898,.T.);
#7898=EDGE_LOOP('',(#7899,#7900,#7901));
#7899=ORIENTED_EDGE('',*,*,#7902,.T.);
#7900=ORIENTED_EDGE('',*,*,#7903,.T.);
#7901=ORIENTED_EDGE('',*,*,#7904,.T.);
#7902=EDGE_CURVE('',#422,#162,#7905,.F.);
#7903=EDGE_CURVE('',#162,#164,#7906,.T.);
#7904=EDGE_CURVE('',#164,#422,#7907,.T.);
#7905=LINE('',#421,#7908);
#7906=LINE('',#161,#7909);
#7907=LINE('',#163,#7910);
#7908=VECTOR('',#7911,1.0);
#7909=VECTOR('',#7912,1.0);
#7910=VECTOR('',#7913,1.0);
#7911=DIRECTION('',(0,-0.6479730159909687,0.7616632921098192));
#7912=DIRECTION('',(0,-0.9659198083137761,-0.2588415034477238));
#7913=DIRECTION('',(0,0.6630426478711046,-0.748581623541531));
#7914=STYLED_ITEM('',(#25),#7915);
#7915=FACE_SURFACE('',(#7920),#7916,.T.);
#7916=PLANE('',#7917);
#7917=AXIS2_PLACEMENT_3D('',#421,#7918,#7919);
#7918=DIRECTION('',(1,0,0));
#7919=DIRECTION('',(0,-0.6630426478711046,0.748581623541531));
#7920=FACE_BOUND('',#7921,.T.);
#7921=EDGE_LOOP('',(#7922,#7923,#7924));
#7922=ORIENTED_EDGE('',*,*,#7925,.T.);
#7923=ORIENTED_EDGE('',*,*,#7926,.T.);
#7924=ORIENTED_EDGE('',*,*,#7927,.T.);
#7925=EDGE_CURVE('',#422,#164,#7928,.F.);
#7926=EDGE_CURVE('',#164,#166,#7929,.T.);
#7927=EDGE_CURVE('',#166,#422,#7930,.T.);
#7928=LINE('',#421,#7931);
#7929=LINE('',#163,#7932);
#7930=LINE('',#165,#7933);
#7931=VECTOR('',#7934,1.0);
#7932=VECTOR('',#7935,1.0);
#7933=VECTOR('',#7936,1.0);
#7934=DIRECTION('',(0,-0.6630426478711046,0.748581623541531));
#7935=DIRECTION('',(0,-0.9547226976959478,-0.29749717730454517));
#7936=DIRECTION('',(0,0.6778500026499497,-0.735200227086107));
#7937=STYLED_ITEM('',(#25),#7938);
#7938=FACE_SURFACE('',(#7943),#7939,.T.);
#7939=PLANE('',#7940);
#7940=AXIS2_PLACEMENT_3D('',#165,#7941,#7942);
#7941=DIRECTION('',(1,0,0));
#7942=DIRECTION('',(0,-0.9419752662546551,-0.33568228693881325));
#7943=FACE_BOUND('',#7944,.T.);
#7944=EDGE_LOOP('',(#7945,#7946,#7947));
#7945=ORIENTED_EDGE('',*,*,#7948,.T.);
#7946=ORIENTED_EDGE('',*,*,#7949,.T.);
#7947=ORIENTED_EDGE('',*,*,#7950,.T.);
#7948=EDGE_CURVE('',#166,#168,#7951,.F.);
#7949=EDGE_CURVE('',#168,#422,#7952,.T.);
#7950=EDGE_CURVE('',#422,#166,#7953,.T.);
#7951=LINE('',#165,#7954);
#7952=LINE('',#167,#7955);
#7953=LINE('',#421,#7956);
#7954=VECTOR('',#7957,1.0);
#7955=VECTOR('',#7958,1.0);
#7956=VECTOR('',#7959,1.0);
#7957=DIRECTION('',(0,-0.9419752662546551,-0.33568228693881325));
#7958=DIRECTION('',(0,0.6923898158305352,-0.7215236260401717));
#7959=DIRECTION('',(0,-0.6778500026499497,0.735200227086107));
#7960=STYLED_ITEM('',(#25),#7961);
#7961=FACE_SURFACE('',(#7966),#7962,.T.);
#7962=PLANE('',#7963);
#7963=AXIS2_PLACEMENT_3D('',#421,#7964,#7965);
#7964=DIRECTION('',(1,0,0));
#7965=DIRECTION('',(0,-0.6923898158305352,0.7215236260401717));
#7966=FACE_BOUND('',#7967,.T.);
#7967=EDGE_LOOP('',(#7968,#7969,#7970));
#7968=ORIENTED_EDGE('',*,*,#7971,.T.);
#7969=ORIENTED_EDGE('',*,*,#7972,.T.);
#7970=ORIENTED_EDGE('',*,*,#7973,.T.);
#7971=EDGE_CURVE('',#422,#168,#7974,.F.);
#7972=EDGE_CURVE('',#168,#170,#7975,.T.);
#7973=EDGE_CURVE('',#170,#422,#7976,.T.);
#7974=LINE('',#421,#7977);
#7975=LINE('',#167,#7978);
#7976=LINE('',#169,#7979);
#7977=VECTOR('',#7980,1.0);
#7978=VECTOR('',#7981,1.0);
#7979=VECTOR('',#7982,1.0);
#7980=DIRECTION('',(0,-0.6923898158305352,0.7215236260401717));
#7981=DIRECTION('',(0,-0.9276933709954605,-0.3733430184308782));
#7982=DIRECTION('',(0,0.7066558466289915,-0.707557428358337));
#7983=STYLED_ITEM('',(#25),#7984);
#7984=FACE_SURFACE('',(#7989),#7985,.T.);
#7985=PLANE('',#7986);
#7986=AXIS2_PLACEMENT_3D('',#421,#7987,#7988);
#7987=DIRECTION('',(1,0,0));
#7988=DIRECTION('',(0,-0.7066558466289915,0.707557428358337));
#7989=FACE_BOUND('',#7990,.T.);
#7990=EDGE_LOOP('',(#7991,#7992,#7993));
#7991=ORIENTED_EDGE('',*,*,#7994,.T.);
#7992=ORIENTED_EDGE('',*,*,#7995,.T.);
#7993=ORIENTED_EDGE('',*,*,#7996,.T.);
#7994=EDGE_CURVE('',#422,#170,#7997,.F.);
#7995=EDGE_CURVE('',#170,#172,#7998,.T.);
#7996=EDGE_CURVE('',#172,#422,#7999,.T.);
#7997=LINE('',#421,#8000);
#7998=LINE('',#169,#8001);
#7999=LINE('',#171,#8002);
#8000=VECTOR('',#8003,1.0);
#8001=VECTOR('',#8004,1.0);
#8002=VECTOR('',#8005,1.0);
#8003=DIRECTION('',(0,-0.7066558466289915,0.707557428358337));
#8004=DIRECTION('',(0,-0.9118764845957104,-0.4104647083993571));
#8005=DIRECTION('',(0,0.7206428319128892,-0.6933065042335685));
#8006=STYLED_ITEM('',(#25),#8007);
#8007=FACE_SURFACE('',(#8012),#8008,.T.);
#8008=PLANE('',#8009);
#8009=AXIS2_PLACEMENT_3D('',#171,#8010,#8011);
#8010=DIRECTION('',(1,0,0));
#8011=DIRECTION('',(0,-0.8946468328034414,-0.4467740419437674));
#8012=FACE_BOUND('',#8013,.T.);
#8013=EDGE_LOOP('',(#8014,#8015,#8016));
#8014=ORIENTED_EDGE('',*,*,#8017,.T.);
#8015=ORIENTED_EDGE('',*,*,#8018,.T.);
#8016=ORIENTED_EDGE('',*,*,#8019,.T.);
#8017=EDGE_CURVE('',#172,#174,#8020,.F.);
#8018=EDGE_CURVE('',#174,#422,#8021,.T.);
#8019=EDGE_CURVE('',#422,#172,#8022,.T.);
#8020=LINE('',#171,#8023);
#8021=LINE('',#173,#8024);
#8022=LINE('',#421,#8025);
#8023=VECTOR('',#8026,1.0);
#8024=VECTOR('',#8027,1.0);
#8025=VECTOR('',#8028,1.0);
#8026=DIRECTION('',(0,-0.8946468328034414,-0.4467740419437674));
#8027=DIRECTION('',(0,0.7343433637385266,-0.6787781847799661));
#8028=DIRECTION('',(0,-0.7206428319128892,0.6933065042335685));
#8029=STYLED_ITEM('',(#25),#8030);
#8030=FACE_SURFACE('',(#8035),#8031,.T.);
#8031=PLANE('',#8032);
#8032=AXIS2_PLACEMENT_3D('',#421,#8033,#8034);
#8033=DIRECTION('',(1,0,0));
#8034=DIRECTION('',(0,-0.7343433637385266,0.6787781847799661));
#8035=FACE_BOUND('',#8036,.T.);
#8036=EDGE_LOOP('',(#8037,#8038,#8039));
#8037=ORIENTED_EDGE('',*,*,#8040,.T.);
#8038=ORIENTED_EDGE('',*,*,#8041,.T.);
#8039=ORIENTED_EDGE('',*,*,#8042,.T.);
#8040=EDGE_CURVE('',#422,#174,#8043,.F.);
#8041=EDGE_CURVE('',#174,#176,#8044,.T.);
#8042=EDGE_CURVE('',#176,#422,#8045,.T.);
#8043=LINE('',#421,#8046);
#8044=LINE('',#173,#8047);
#8045=LINE('',#175,#8048);
#8046=VECTOR('',#8049,1.0);
#8047=VECTOR('',#8050,1.0);
#8048=VECTOR('',#8051,1.0);
#8049=DIRECTION('',(0,-0.7343433637385266,0.6787781847799661));
#8050=DIRECTION('',(0,-0.8759189699634027,-0.48245824488576367));
#8051=DIRECTION('',(0,0.7477529256660903,-0.6639770795425114));
#8052=STYLED_ITEM('',(#25),#8053);
#8053=FACE_SURFACE('',(#8058),#8054,.T.);
#8054=PLANE('',#8055);
#8055=AXIS2_PLACEMENT_3D('',#421,#8056,#8057);
#8056=DIRECTION('',(1,0,0));
#8057=DIRECTION('',(0,-0.7477529256660903,0.6639770795425114));
#8058=FACE_BOUND('',#8059,.T.);
#8059=EDGE_LOOP('',(#8060,#8061,#8062));
#8060=ORIENTED_EDGE('',*,*,#8063,.T.);
#8061=ORIENTED_EDGE('',*,*,#8064,.T.);
#8062=ORIENTED_EDGE('',*,*,#8065,.T.);
#8063=EDGE_CURVE('',#422,#176,#8066,.F.);
#8064=EDGE_CURVE('',#176,#178,#8067,.T.);
#8065=EDGE_CURVE('',#178,#422,#8068,.T.);
#8066=LINE('',#421,#8069);
#8067=LINE('',#175,#8070);
#8068=LINE('',#177,#8071);
#8069=VECTOR('',#8072,1.0);
#8070=VECTOR('',#8073,1.0);
#8071=VECTOR('',#8074,1.0);
#8072=DIRECTION('',(0,-0.7477529256660903,0.6639770795425114));
#8073=DIRECTION('',(0,-0.8557916681208877,-0.517320617001554));
#8074=DIRECTION('',(0,0.7608654093276124,-0.6489097232194357));
#8075=STYLED_ITEM('',(#25),#8076);
#8076=FACE_SURFACE('',(#8081),#8077,.T.);
#8077=PLANE('',#8078);
#8078=AXIS2_PLACEMENT_3D('',#177,#8079,#8080);
#8079=DIRECTION('',(1,0,0));
#8080=DIRECTION('',(0,-0.8342411810082626,-0.5513997206291812));
#8081=FACE_BOUND('',#8082,.T.);
#8082=EDGE_LOOP('',(#8083,#8084,#8085));
#8083=ORIENTED_EDGE('',*,*,#8086,.T.);
#8084=ORIENTED_EDGE('',*,*,#8087,.T.);
#8085=ORIENTED_EDGE('',*,*,#8088,.T.);
#8086=EDGE_CURVE('',#178,#180,#8089,.F.);
#8087=EDGE_CURVE('',#180,#422,#8090,.T.);
#8088=EDGE_CURVE('',#422,#178,#8091,.T.);
#8089=LINE('',#177,#8092);
#8090=LINE('',#179,#8093);
#8091=LINE('',#421,#8094);
#8092=VECTOR('',#8095,1.0);
#8093=VECTOR('',#8096,1.0);
#8094=VECTOR('',#8097,1.0);
#8095=DIRECTION('',(0,-0.8342411810082626,-0.5513997206291812));
#8096=DIRECTION('',(0,0.7736762559746272,-0.6335811320905029));
#8097=DIRECTION('',(0,-0.7608654093276124,0.6489097232194357));
#8098=STYLED_ITEM('',(#25),#8099);
#8099=FACE_SURFACE('',(#8104),#8100,.T.);
#8100=PLANE('',#8101);
#8101=AXIS2_PLACEMENT_3D('',#421,#8102,#8103);
#8102=DIRECTION('',(1,0,0));
#8103=DIRECTION('',(0,-0.7736762559746272,0.6335811320905029));
#8104=FACE_BOUND('',#8105,.T.);
#8105=EDGE_LOOP('',(#8106,#8107,#8108));
#8106=ORIENTED_EDGE('',*,*,#8109,.T.);
#8107=ORIENTED_EDGE('',*,*,#8110,.T.);
#8108=ORIENTED_EDGE('',*,*,#8111,.T.);
#8109=EDGE_CURVE('',#422,#180,#8112,.F.);
#8110=EDGE_CURVE('',#180,#182,#8113,.T.);
#8111=EDGE_CURVE('',#182,#422,#8114,.T.);
#8112=LINE('',#421,#8115);
#8113=LINE('',#179,#8116);
#8114=LINE('',#181,#8117);
#8115=VECTOR('',#8118,1.0);
#8116=VECTOR('',#8119,1.0);
#8117=VECTOR('',#8120,1.0);
#8118=DIRECTION('',(0,-0.7736762559746272,0.6335811320905029));
#8119=DIRECTION('',(0,-0.8113754962128311,-0.5845252810147583));
#8120=DIRECTION('',(0,0.7861791297270138,-0.6179986860679197));
#8121=STYLED_ITEM('',(#25),#8122);
#8122=FACE_SURFACE('',(#8127),#8123,.T.);
#8123=PLANE('',#8124);
#8124=AXIS2_PLACEMENT_3D('',#421,#8125,#8126);
#8125=DIRECTION('',(1,0,0));
#8126=DIRECTION('',(0,-0.7861791297270138,0.6179986860679197));
#8127=FACE_BOUND('',#8128,.T.);
#8128=EDGE_LOOP('',(#8129,#8130,#8131));
#8129=ORIENTED_EDGE('',*,*,#8132,.T.);
#8130=ORIENTED_EDGE('',*,*,#8133,.T.);
#8131=ORIENTED_EDGE('',*,*,#8134,.T.);
#8132=EDGE_CURVE('',#422,#182,#8135,.F.);
#8133=EDGE_CURVE('',#182,#186,#8136,.T.);
#8134=EDGE_CURVE('',#186,#422,#8137,.T.);
#8135=LINE('',#421,#8138);
#8136=LINE('',#181,#8139);
#8137=LINE('',#185,#8140);
#8138=VECTOR('',#8141,1.0);
#8139=VECTOR('',#8142,1.0);
#8140=VECTOR('',#8143,1.0);
#8141=DIRECTION('',(0,-0.7861791297270138,0.6179986860679197));
#8142=DIRECTION('',(0,-0.7871786980880799,-0.6167249770167862));
#8143=DIRECTION('',(0,0.7983693296158998,-0.602168094080597));
#8144=STYLED_ITEM('',(#25),#8145);
#8145=FACE_SURFACE('',(#8150),#8146,.T.);
#8146=PLANE('',#8147);
#8147=AXIS2_PLACEMENT_3D('',#185,#8148,#8149);
#8148=DIRECTION('',(1,0,0));
#8149=DIRECTION('',(0,-0.7617303411815367,-0.647894194543723));
#8150=FACE_BOUND('',#8151,.T.);
#8151=EDGE_LOOP('',(#8152,#8153,#8154));
#8152=ORIENTED_EDGE('',*,*,#8155,.T.);
#8153=ORIENTED_EDGE('',*,*,#8156,.T.);
#8154=ORIENTED_EDGE('',*,*,#8157,.T.);
#8155=EDGE_CURVE('',#186,#190,#8158,.F.);
#8156=EDGE_CURVE('',#190,#422,#8159,.T.);
#8157=EDGE_CURVE('',#422,#186,#8160,.T.);
#8158=LINE('',#185,#8161);
#8159=LINE('',#189,#8162);
#8160=LINE('',#421,#8163);
#8161=VECTOR('',#8164,1.0);
#8162=VECTOR('',#8165,1.0);
#8163=VECTOR('',#8166,1.0);
#8164=DIRECTION('',(0,-0.7617303411815367,-0.647894194543723));
#8165=DIRECTION('',(0,0.8102411430535783,-0.5860966559393005));
#8166=DIRECTION('',(0,-0.7983693296158998,0.602168094080597));
#8167=STYLED_ITEM('',(#25),#8168);
#8168=FACE_SURFACE('',(#8173),#8169,.T.);
#8169=PLANE('',#8170);
#8170=AXIS2_PLACEMENT_3D('',#421,#8171,#8172);
#8171=DIRECTION('',(1,0,0));
#8172=DIRECTION('',(0,-0.8102411430535783,0.5860966559393005));
#8173=FACE_BOUND('',#8174,.T.);
#8174=EDGE_LOOP('',(#8175,#8176,#8177));
#8175=ORIENTED_EDGE('',*,*,#8178,.T.);
#8176=ORIENTED_EDGE('',*,*,#8179,.T.);
#8177=ORIENTED_EDGE('',*,*,#8180,.T.);
#8178=EDGE_CURVE('',#422,#190,#8181,.F.);
#8179=EDGE_CURVE('',#190,#194,#8182,.T.);
#8180=EDGE_CURVE('',#194,#422,#8183,.T.);
#8181=LINE('',#421,#8184);
#8182=LINE('',#189,#8185);
#8183=LINE('',#193,#8186);
#8184=VECTOR('',#8187,1.0);
#8185=VECTOR('',#8188,1.0);
#8186=VECTOR('',#8189,1.0);
#8187=DIRECTION('',(0,-0.8102411430535783,0.5860966559393005));
#8188=DIRECTION('',(0,-0.7349864321881057,-0.6780818125413771));
#8189=DIRECTION('',(0,0.8217912143797972,-0.5697887327494098));
#8190=STYLED_ITEM('',(#25),#8191);
#8191=FACE_SURFACE('',(#8196),#8192,.T.);
#8192=PLANE('',#8193);
#8193=AXIS2_PLACEMENT_3D('',#421,#8194,#8195);
#8194=DIRECTION('',(1,0,0));
#8195=DIRECTION('',(0,-0.8217912143797972,0.5697887327494098));
#8196=FACE_BOUND('',#8197,.T.);
#8197=EDGE_LOOP('',(#8198,#8199,#8200));
#8198=ORIENTED_EDGE('',*,*,#8201,.T.);
#8199=ORIENTED_EDGE('',*,*,#8202,.T.);
#8200=ORIENTED_EDGE('',*,*,#8203,.T.);
#8201=EDGE_CURVE('',#422,#194,#8204,.F.);
#8202=EDGE_CURVE('',#194,#198,#8205,.T.);
#8203=EDGE_CURVE('',#198,#422,#8206,.T.);
#8204=LINE('',#421,#8207);
#8205=LINE('',#193,#8208);
#8206=LINE('',#197,#8209);
#8207=VECTOR('',#8210,1.0);
#8208=VECTOR('',#8211,1.0);
#8209=VECTOR('',#8212,1.0);
#8210=DIRECTION('',(0,-0.8217912143797972,0.5697887327494098));
#8211=DIRECTION('',(0,-0.7071351971182442,-0.7070783641128767));
#8212=DIRECTION('',(0,0.8330128295955405,-0.553253672133526));
#8213=STYLED_ITEM('',(#25),#8214);
#8214=FACE_SURFACE('',(#8219),#8215,.T.);
#8215=PLANE('',#8216);
#8216=AXIS2_PLACEMENT_3D('',#197,#8217,#8218);
#8217=DIRECTION('',(1,0,0));
#8218=DIRECTION('',(0,-0.6780511115359318,-0.7350147550525006));
#8219=FACE_BOUND('',#8220,.T.);
#8220=EDGE_LOOP('',(#8221,#8222,#8223));
#8221=ORIENTED_EDGE('',*,*,#8224,.T.);
#8222=ORIENTED_EDGE('',*,*,#8225,.T.);
#8223=ORIENTED_EDGE('',*,*,#8226,.T.);
#8224=EDGE_CURVE('',#198,#202,#8227,.F.);
#8225=EDGE_CURVE('',#202,#422,#8228,.T.);
#8226=EDGE_CURVE('',#422,#198,#8229,.T.);
#8227=LINE('',#197,#8230);
#8228=LINE('',#201,#8231);
#8229=LINE('',#421,#8232);
#8230=VECTOR('',#8233,1.0);
#8231=VECTOR('',#8234,1.0);
#8232=VECTOR('',#8235,1.0);
#8233=DIRECTION('',(0,-0.6780511115359318,-0.7350147550525006));
#8234=DIRECTION('',(0,0.8439028674353566,-0.5364959928409373));
#8235=DIRECTION('',(0,-0.8330128295955405,0.553253672133526));
#8236=STYLED_ITEM('',(#25),#8237);
#8237=FACE_SURFACE('',(#8242),#8238,.T.);
#8238=PLANE('',#8239);
#8239=AXIS2_PLACEMENT_3D('',#421,#8240,#8241);
#8240=DIRECTION('',(1,0,0));
#8241=DIRECTION('',(0,-0.8439028674353566,0.5364959928409373));
#8242=FACE_BOUND('',#8243,.T.);
#8243=EDGE_LOOP('',(#8244,#8245,#8246));
#8244=ORIENTED_EDGE('',*,*,#8247,.T.);
#8245=ORIENTED_EDGE('',*,*,#8248,.T.);
#8246=ORIENTED_EDGE('',*,*,#8249,.T.);
#8247=EDGE_CURVE('',#422,#202,#8250,.F.);
#8248=EDGE_CURVE('',#202,#206,#8251,.T.);
#8249=EDGE_CURVE('',#206,#422,#8252,.T.);
#8250=LINE('',#421,#8253);
#8251=LINE('',#201,#8254);
#8252=LINE('',#205,#8255);
#8253=VECTOR('',#8256,1.0);
#8254=VECTOR('',#8257,1.0);
#8255=VECTOR('',#8258,1.0);
#8256=DIRECTION('',(0,-0.8439028674353566,0.5364959928409373));
#8257=DIRECTION('',(0,-0.6478991222486277,-0.7617261498658543));
#8258=DIRECTION('',(0,0.8544568628959172,-0.5195223474019841));
#8259=STYLED_ITEM('',(#25),#8260);
#8260=FACE_SURFACE('',(#8265),#8261,.T.);
#8261=PLANE('',#8262);
#8262=AXIS2_PLACEMENT_3D('',#421,#8263,#8264);
#8263=DIRECTION('',(1,0,0));
#8264=DIRECTION('',(0,-0.8544568628959172,0.5195223474019841));
#8265=FACE_BOUND('',#8266,.T.);
#8266=EDGE_LOOP('',(#8267,#8268,#8269));
#8267=ORIENTED_EDGE('',*,*,#8270,.T.);
#8268=ORIENTED_EDGE('',*,*,#8271,.T.);
#8269=ORIENTED_EDGE('',*,*,#8272,.T.);
#8270=EDGE_CURVE('',#422,#206,#8273,.F.);
#8271=EDGE_CURVE('',#206,#210,#8274,.T.);
#8272=EDGE_CURVE('',#210,#422,#8275,.T.);
#8273=LINE('',#421,#8276);
#8274=LINE('',#205,#8277);
#8275=LINE('',#209,#8278);
#8276=VECTOR('',#8279,1.0);
#8277=VECTOR('',#8280,1.0);
#8278=VECTOR('',#8281,1.0);
#8279=DIRECTION('',(0,-0.8544568628959172,0.5195223474019841));
#8280=DIRECTION('',(0,-0.6167316320363128,-0.7871734840845606));
#8281=DIRECTION('',(0,0.8646690637408665,-0.5023419255940055));
#8282=STYLED_ITEM('',(#25),#8283);
#8283=FACE_SURFACE('',(#8288),#8284,.T.);
#8284=PLANE('',#8285);
#8285=AXIS2_PLACEMENT_3D('',#209,#8286,#8287);
#8286=DIRECTION('',(1,0,0));
#8287=DIRECTION('',(0,-0.5845162967215384,-0.8113819685369761));
#8288=FACE_BOUND('',#8289,.T.);
#8289=EDGE_LOOP('',(#8290,#8291,#8292));
#8290=ORIENTED_EDGE('',*,*,#8293,.T.);
#8291=ORIENTED_EDGE('',*,*,#8294,.T.);
#8292=ORIENTED_EDGE('',*,*,#8295,.T.);
#8293=EDGE_CURVE('',#210,#214,#8296,.F.);
#8294=EDGE_CURVE('',#214,#422,#8297,.T.);
#8295=EDGE_CURVE('',#422,#210,#8298,.T.);
#8296=LINE('',#209,#8299);
#8297=LINE('',#213,#8300);
#8298=LINE('',#421,#8301);
#8299=VECTOR('',#8302,1.0);
#8300=VECTOR('',#8303,1.0);
#8301=VECTOR('',#8304,1.0);
#8302=DIRECTION('',(0,-0.5845162967215384,-0.8113819685369761));
#8303=DIRECTION('',(0,0.8745367217075126,-0.48495929972016916));
#8304=DIRECTION('',(0,-0.8646690637408665,0.5023419255940055));
#8305=STYLED_ITEM('',(#25),#8306);
#8306=FACE_SURFACE('',(#8311),#8307,.T.);
#8307=PLANE('',#8308);
#8308=AXIS2_PLACEMENT_3D('',#421,#8309,#8310);
#8309=DIRECTION('',(1,0,0));
#8310=DIRECTION('',(0,-0.8745367217075126,0.48495929972016916));
#8311=FACE_BOUND('',#8312,.T.);
#8312=EDGE_LOOP('',(#8313,#8314,#8315));
#8313=ORIENTED_EDGE('',*,*,#8316,.T.);
#8314=ORIENTED_EDGE('',*,*,#8317,.T.);
#8315=ORIENTED_EDGE('',*,*,#8318,.T.);
#8316=EDGE_CURVE('',#422,#214,#8319,.F.);
#8317=EDGE_CURVE('',#214,#218,#8320,.T.);
#8318=EDGE_CURVE('',#218,#422,#8321,.T.);
#8319=LINE('',#421,#8322);
#8320=LINE('',#213,#8323);
#8321=LINE('',#217,#8324);
#8322=VECTOR('',#8325,1.0);
#8323=VECTOR('',#8326,1.0);
#8324=VECTOR('',#8327,1.0);
#8325=DIRECTION('',(0,-0.8745367217075126,0.48495929972016916));
#8326=DIRECTION('',(0,-0.5513646386610103,-0.8342643677121862));
#8327=DIRECTION('',(0,0.8840552739932017,-0.46738236223118756));
#8328=STYLED_ITEM('',(#25),#8329);
#8329=FACE_SURFACE('',(#8334),#8330,.T.);
#8330=PLANE('',#8331);
#8331=AXIS2_PLACEMENT_3D('',#421,#8332,#8333);
#8332=DIRECTION('',(1,0,0));
#8333=DIRECTION('',(0,-0.8840552739932017,0.46738236223118756));
#8334=FACE_BOUND('',#8335,.T.);
#8335=EDGE_LOOP('',(#8336,#8337,#8338));
#8336=ORIENTED_EDGE('',*,*,#8339,.T.);
#8337=ORIENTED_EDGE('',*,*,#8340,.T.);
#8338=ORIENTED_EDGE('',*,*,#8341,.T.);
#8339=EDGE_CURVE('',#422,#218,#8342,.F.);
#8340=EDGE_CURVE('',#218,#222,#8343,.T.);
#8341=EDGE_CURVE('',#222,#422,#8344,.T.);
#8342=LINE('',#421,#8345);
#8343=LINE('',#217,#8346);
#8344=LINE('',#221,#8347);
#8345=VECTOR('',#8348,1.0);
#8346=VECTOR('',#8349,1.0);
#8347=VECTOR('',#8350,1.0);
#8348=DIRECTION('',(0,-0.8840552739932017,0.46738236223118756));
#8349=DIRECTION('',(0,-0.5173596526008748,-0.8557680701339014));
#8350=DIRECTION('',(0,0.8932201529650524,-0.4496195706784665));
#8351=STYLED_ITEM('',(#25),#8352);
#8352=FACE_SURFACE('',(#8357),#8353,.T.);
#8353=PLANE('',#8354);
#8354=AXIS2_PLACEMENT_3D('',#221,#8355,#8356);
#8355=DIRECTION('',(1,0,0));
#8356=DIRECTION('',(0,-0.4824422343330263,-0.8759277884230853));
#8357=FACE_BOUND('',#8358,.T.);
#8358=EDGE_LOOP('',(#8359,#8360,#8361));
#8359=ORIENTED_EDGE('',*,*,#8362,.T.);
#8360=ORIENTED_EDGE('',*,*,#8363,.T.);
#8361=ORIENTED_EDGE('',*,*,#8364,.T.);
#8362=EDGE_CURVE('',#222,#226,#8365,.F.);
#8363=EDGE_CURVE('',#226,#422,#8366,.T.);
#8364=EDGE_CURVE('',#422,#222,#8367,.T.);
#8365=LINE('',#221,#8368);
#8366=LINE('',#225,#8369);
#8367=LINE('',#421,#8370);
#8368=VECTOR('',#8371,1.0);
#8369=VECTOR('',#8372,1.0);
#8370=VECTOR('',#8373,1.0);
#8371=DIRECTION('',(0,-0.4824422343330263,-0.8759277884230853));
#8372=DIRECTION('',(0,0.9020290709135331,-0.43167528910845515));
#8373=DIRECTION('',(0,-0.8932201529650524,0.4496195706784665));
#8374=STYLED_ITEM('',(#25),#8375);
#8375=FACE_SURFACE('',(#8380),#8376,.T.);
#8376=PLANE('',#8377);
#8377=AXIS2_PLACEMENT_3D('',#421,#8378,#8379);
#8378=DIRECTION('',(1,0,0));
#8379=DIRECTION('',(0,-0.9020290709135331,0.43167528910845515));
#8380=FACE_BOUND('',#8381,.T.);
#8381=EDGE_LOOP('',(#8382,#8383,#8384));
#8382=ORIENTED_EDGE('',*,*,#8385,.T.);
#8383=ORIENTED_EDGE('',*,*,#8386,.T.);
#8384=ORIENTED_EDGE('',*,*,#8387,.T.);
#8385=EDGE_CURVE('',#422,#226,#8388,.F.);
#8386=EDGE_CURVE('',#226,#230,#8389,.T.);
#8387=EDGE_CURVE('',#230,#422,#8390,.T.);
#8388=LINE('',#421,#8391);
#8389=LINE('',#225,#8392);
#8390=LINE('',#229,#8393);
#8391=VECTOR('',#8394,1.0);
#8392=VECTOR('',#8395,1.0);
#8393=VECTOR('',#8396,1.0);
#8394=DIRECTION('',(0,-0.9020290709135331,0.43167528910845515));
#8395=DIRECTION('',(0,-0.44681951132126013,-0.894624124592351));
#8396=DIRECTION('',(0,0.9104771002106753,-0.4135594878514577));
#8397=STYLED_ITEM('',(#25),#8398);
#8398=FACE_SURFACE('',(#8403),#8399,.T.);
#8399=PLANE('',#8400);
#8400=AXIS2_PLACEMENT_3D('',#421,#8401,#8402);
#8401=DIRECTION('',(1,0,0));
#8402=DIRECTION('',(0,-0.9104771002106753,0.4135594878514577));
#8403=FACE_BOUND('',#8404,.T.);
#8404=EDGE_LOOP('',(#8405,#8406,#8407));
#8405=ORIENTED_EDGE('',*,*,#8408,.T.);
#8406=ORIENTED_EDGE('',*,*,#8409,.T.);
#8407=ORIENTED_EDGE('',*,*,#8410,.T.);
#8408=EDGE_CURVE('',#422,#230,#8411,.F.);
#8409=EDGE_CURVE('',#230,#234,#8412,.T.);
#8410=EDGE_CURVE('',#234,#422,#8413,.T.);
#8411=LINE('',#421,#8414);
#8412=LINE('',#229,#8415);
#8413=LINE('',#233,#8416);
#8414=VECTOR('',#8417,1.0);
#8415=VECTOR('',#8418,1.0);
#8416=VECTOR('',#8419,1.0);
#8417=DIRECTION('',(0,-0.9104771002106753,0.4135594878514577));
#8418=DIRECTION('',(0,-0.4103961828126603,-0.911907327052918));
#8419=DIRECTION('',(0,0.9185619961423517,-0.39527693993323004));
#8420=STYLED_ITEM('',(#25),#8421);
#8421=FACE_SURFACE('',(#8426),#8422,.T.);
#8422=PLANE('',#8423);
#8423=AXIS2_PLACEMENT_3D('',#233,#8424,#8425);
#8424=DIRECTION('',(1,0,0));
#8425=DIRECTION('',(0,-0.3733790064096771,-0.9276788871007696));
#8426=FACE_BOUND('',#8427,.T.);
#8427=EDGE_LOOP('',(#8428,#8429,#8430));
#8428=ORIENTED_EDGE('',*,*,#8431,.T.);
#8429=ORIENTED_EDGE('',*,*,#8432,.T.);
#8430=ORIENTED_EDGE('',*,*,#8433,.T.);
#8431=EDGE_CURVE('',#234,#238,#8434,.F.);
#8432=EDGE_CURVE('',#238,#422,#8435,.T.);
#8433=EDGE_CURVE('',#422,#234,#8436,.T.);
#8434=LINE('',#233,#8437);
#8435=LINE('',#237,#8438);
#8436=LINE('',#421,#8439);
#8437=VECTOR('',#8440,1.0);
#8438=VECTOR('',#8441,1.0);
#8439=VECTOR('',#8442,1.0);
#8440=DIRECTION('',(0,-0.3733790064096771,-0.9276788871007696));
#8441=DIRECTION('',(0,0.9262791061211562,-0.3768381848531167));
#8442=DIRECTION('',(0,-0.9185619961423517,0.39527693993323004));
#8443=STYLED_ITEM('',(#25),#8444);
#8444=FACE_SURFACE('',(#8449),#8445,.T.);
#8445=PLANE('',#8446);
#8446=AXIS2_PLACEMENT_3D('',#421,#8447,#8448);
#8447=DIRECTION('',(1,0,0));
#8448=DIRECTION('',(0,-0.9262791061211562,0.3768381848531167));
#8449=FACE_BOUND('',#8450,.T.);
#8450=EDGE_LOOP('',(#8451,#8452,#8453));
#8451=ORIENTED_EDGE('',*,*,#8454,.T.);
#8452=ORIENTED_EDGE('',*,*,#8455,.T.);
#8453=ORIENTED_EDGE('',*,*,#8456,.T.);
#8454=EDGE_CURVE('',#422,#238,#8457,.F.);
#8455=EDGE_CURVE('',#238,#242,#8458,.T.);
#8456=EDGE_CURVE('',#242,#422,#8459,.T.);
#8457=LINE('',#421,#8460);
#8458=LINE('',#237,#8461);
#8459=LINE('',#241,#8462);
#8460=VECTOR('',#8463,1.0);
#8461=VECTOR('',#8464,1.0);
#8462=VECTOR('',#8465,1.0);
#8463=DIRECTION('',(0,-0.9262791061211562,0.3768381848531167));
#8464=DIRECTION('',(0,-0.33570508625329315,-0.9419671411804496));
#8465=DIRECTION('',(0,0.933626332418401,-0.3582483376304288));
#8466=STYLED_ITEM('',(#25),#8467);
#8467=FACE_SURFACE('',(#8472),#8468,.T.);
#8468=PLANE('',#8469);
#8469=AXIS2_PLACEMENT_3D('',#421,#8470,#8471);
#8470=DIRECTION('',(1,0,0));
#8471=DIRECTION('',(0,-0.933626332418401,0.3582483376304288));
#8472=FACE_BOUND('',#8473,.T.);
#8473=EDGE_LOOP('',(#8474,#8475,#8476));
#8474=ORIENTED_EDGE('',*,*,#8477,.T.);
#8475=ORIENTED_EDGE('',*,*,#8478,.T.);
#8476=ORIENTED_EDGE('',*,*,#8479,.T.);
#8477=EDGE_CURVE('',#422,#242,#8480,.F.);
#8478=EDGE_CURVE('',#242,#246,#8481,.T.);
#8479=EDGE_CURVE('',#246,#422,#8482,.T.);
#8480=LINE('',#421,#8483);
#8481=LINE('',#241,#8484);
#8482=LINE('',#245,#8485);
#8483=VECTOR('',#8486,1.0);
#8484=VECTOR('',#8487,1.0);
#8485=VECTOR('',#8488,1.0);
#8486=DIRECTION('',(0,-0.933626332418401,0.3582483376304288));
#8487=DIRECTION('',(0,-0.29749830276867073,-0.9547223469940149));
#8488=DIRECTION('',(0,0.9406007859815126,-0.33951459675684137));
#8489=STYLED_ITEM('',(#25),#8490);
#8490=FACE_SURFACE('',(#8495),#8491,.T.);
#8491=PLANE('',#8492);
#8492=AXIS2_PLACEMENT_3D('',#245,#8493,#8494);
#8493=DIRECTION('',(1,0,0));
#8494=DIRECTION('',(0,-0.25881562630317306,-0.965926742347108));
#8495=FACE_BOUND('',#8496,.T.);
#8496=EDGE_LOOP('',(#8497,#8498,#8499));
#8497=ORIENTED_EDGE('',*,*,#8500,.T.);
#8498=ORIENTED_EDGE('',*,*,#8501,.T.);
#8499=ORIENTED_EDGE('',*,*,#8502,.T.);
#8500=EDGE_CURVE('',#246,#250,#8503,.F.);
#8501=EDGE_CURVE('',#250,#422,#8504,.T.);
#8502=EDGE_CURVE('',#422,#246,#8505,.T.);
#8503=LINE('',#245,#8506);
#8504=LINE('',#249,#8507);
#8505=LINE('',#421,#8508);
#8506=VECTOR('',#8509,1.0);
#8507=VECTOR('',#8510,1.0);
#8508=VECTOR('',#8511,1.0);
#8509=DIRECTION('',(0,-0.25881562630317306,-0.965926742347108));
#8510=DIRECTION('',(0,0.9471988185995404,-0.3206468431836418));
#8511=DIRECTION('',(0,-0.9406007859815126,0.33951459675684137));
#8512=STYLED_ITEM('',(#25),#8513);
#8513=FACE_SURFACE('',(#8518),#8514,.T.);
#8514=PLANE('',#8515);
#8515=AXIS2_PLACEMENT_3D('',#421,#8516,#8517);
#8516=DIRECTION('',(1,0,0));
#8517=DIRECTION('',(0,-0.9471988185995404,0.3206468431836418));
#8518=FACE_BOUND('',#8519,.T.);
#8519=EDGE_LOOP('',(#8520,#8521,#8522));
#8520=ORIENTED_EDGE('',*,*,#8523,.T.);
#8521=ORIENTED_EDGE('',*,*,#8524,.T.);
#8522=ORIENTED_EDGE('',*,*,#8525,.T.);
#8523=EDGE_CURVE('',#422,#250,#8526,.F.);
#8524=EDGE_CURVE('',#250,#254,#8527,.T.);
#8525=EDGE_CURVE('',#254,#422,#8528,.T.);
#8526=LINE('',#421,#8529);
#8527=LINE('',#249,#8530);
#8528=LINE('',#253,#8531);
#8529=VECTOR('',#8532,1.0);
#8530=VECTOR('',#8533,1.0);
#8531=VECTOR('',#8534,1.0);
#8532=DIRECTION('',(0,-0.9471988185995404,0.3206468431836418));
#8533=DIRECTION('',(0,-0.21971953739395766,-0.9755630809370479));
#8534=DIRECTION('',(0,0.9534186613549344,-0.30165022158149485));
#8535=STYLED_ITEM('',(#25),#8536);
#8536=FACE_SURFACE('',(#8541),#8537,.T.);
#8537=PLANE('',#8538);
#8538=AXIS2_PLACEMENT_3D('',#421,#8539,#8540);
#8539=DIRECTION('',(1,0,0));
#8540=DIRECTION('',(0,-0.9534186613549344,0.30165022158149485));
#8541=FACE_BOUND('',#8542,.T.);
#8542=EDGE_LOOP('',(#8543,#8544,#8545));
#8543=ORIENTED_EDGE('',*,*,#8546,.T.);
#8544=ORIENTED_EDGE('',*,*,#8547,.T.);
#8545=ORIENTED_EDGE('',*,*,#8548,.T.);
#8546=EDGE_CURVE('',#422,#254,#8549,.F.);
#8547=EDGE_CURVE('',#254,#258,#8550,.T.);
#8548=EDGE_CURVE('',#258,#422,#8551,.T.);
#8549=LINE('',#421,#8552);
#8550=LINE('',#253,#8553);
#8551=LINE('',#257,#8554);
#8552=VECTOR('',#8555,1.0);
#8553=VECTOR('',#8556,1.0);
#8554=VECTOR('',#8557,1.0);
#8555=DIRECTION('',(0,-0.9534186613549344,0.30165022158149485));
#8556=DIRECTION('',(0,-0.18024722735729523,-0.9836213382343876));
#8557=DIRECTION('',(0,0.9592572204913367,-0.2825342190518437));
#8558=STYLED_ITEM('',(#25),#8559);
#8559=FACE_SURFACE('',(#8564),#8560,.T.);
#8560=PLANE('',#8561);
#8561=AXIS2_PLACEMENT_3D('',#257,#8562,#8563);
#8562=DIRECTION('',(1,0,0));
#8563=DIRECTION('',(0,-0.1405063093475497,-0.9900797831657461));
#8564=FACE_BOUND('',#8565,.T.);
#8565=EDGE_LOOP('',(#8566,#8567,#8568));
#8566=ORIENTED_EDGE('',*,*,#8569,.T.);
#8567=ORIENTED_EDGE('',*,*,#8570,.T.);
#8568=ORIENTED_EDGE('',*,*,#8571,.T.);
#8569=EDGE_CURVE('',#258,#262,#8572,.F.);
#8570=EDGE_CURVE('',#262,#422,#8573,.T.);
#8571=EDGE_CURVE('',#422,#258,#8574,.T.);
#8572=LINE('',#257,#8575);
#8573=LINE('',#261,#8576);
#8574=LINE('',#421,#8577);
#8575=VECTOR('',#8578,1.0);
#8576=VECTOR('',#8579,1.0);
#8577=VECTOR('',#8580,1.0);
#8578=DIRECTION('',(0,-0.1405063093475497,-0.9900797831657461));
#8579=DIRECTION('',(0,0.9647122603061723,-0.26330638962044994));
#8580=DIRECTION('',(0,-0.9592572204913367,0.2825342190518437));
#8581=STYLED_ITEM('',(#25),#8582);
#8582=FACE_SURFACE('',(#8587),#8583,.T.);
#8583=PLANE('',#8584);
#8584=AXIS2_PLACEMENT_3D('',#421,#8585,#8586);
#8585=DIRECTION('',(1,0,0));
#8586=DIRECTION('',(0,-0.9647122603061723,0.26330638962044994));
#8587=FACE_BOUND('',#8588,.T.);
#8588=EDGE_LOOP('',(#8589,#8590,#8591));
#8589=ORIENTED_EDGE('',*,*,#8592,.T.);
#8590=ORIENTED_EDGE('',*,*,#8593,.T.);
#8591=ORIENTED_EDGE('',*,*,#8594,.T.);
#8592=EDGE_CURVE('',#422,#262,#8595,.F.);
#8593=EDGE_CURVE('',#262,#266,#8596,.T.);
#8594=EDGE_CURVE('',#266,#422,#8597,.T.);
#8595=LINE('',#421,#8598);
#8596=LINE('',#261,#8599);
#8597=LINE('',#265,#8600);
#8598=VECTOR('',#8601,1.0);
#8599=VECTOR('',#8602,1.0);
#8600=VECTOR('',#8603,1.0);
#8601=DIRECTION('',(0,-0.9647122603061723,0.26330638962044994));
#8602=DIRECTION('',(0,-0.10051651144478188,-0.9949353903279202));
#8603=DIRECTION('',(0,0.9697816761066128,-0.24397438531093543));
#8604=STYLED_ITEM('',(#25),#8605);
#8605=FACE_SURFACE('',(#8610),#8606,.T.);
#8606=PLANE('',#8607);
#8607=AXIS2_PLACEMENT_3D('',#413,#8608,#8609);
#8608=DIRECTION('',(1,0,0));
#8609=DIRECTION('',(0,0.31096190888173186,-0.9504223751704447));
#8610=FACE_BOUND('',#8611,.T.);
#8611=EDGE_LOOP('',(#8612,#8613,#8614));
#8612=ORIENTED_EDGE('',*,*,#8615,.T.);
#8613=ORIENTED_EDGE('',*,*,#8616,.T.);
#8614=ORIENTED_EDGE('',*,*,#8617,.T.);
#8615=EDGE_CURVE('',#414,#482,#8618,.F.);
#8616=EDGE_CURVE('',#482,#68,#8619,.T.);
#8617=EDGE_CURVE('',#68,#414,#8620,.T.);
#8618=LINE('',#413,#8621);
#8619=LINE('',#481,#8622);
#8620=LINE('',#67,#8623);
#8621=VECTOR('',#8624,1.0);
#8622=VECTOR('',#8625,1.0);
#8623=VECTOR('',#8626,1.0);
#8624=DIRECTION('',(0,0.31096190888173186,-0.9504223751704447));
#8625=DIRECTION('',(0,0.8857837988511139,-0.4640981164504865));
#8626=DIRECTION('',(0,-0.6786031458742651,0.7345051193896138));
#8627=STYLED_ITEM('',(#25),#8628);
#8628=FACE_SURFACE('',(#8633),#8629,.T.);
#8629=PLANE('',#8630);
#8630=AXIS2_PLACEMENT_3D('',#67,#8631,#8632);
#8631=DIRECTION('',(1,0,0));
#8632=DIRECTION('',(0,-0.8857837988511139,0.4640981164504865));
#8633=FACE_BOUND('',#8634,.T.);
#8634=EDGE_LOOP('',(#8635,#8636,#8637));
#8635=ORIENTED_EDGE('',*,*,#8638,.T.);
#8636=ORIENTED_EDGE('',*,*,#8639,.T.);
#8637=ORIENTED_EDGE('',*,*,#8640,.T.);
#8638=EDGE_CURVE('',#68,#482,#8641,.F.);
#8639=EDGE_CURVE('',#482,#66,#8642,.T.);
#8640=EDGE_CURVE('',#66,#68,#8643,.T.);
#8641=LINE('',#67,#8644);
#8642=LINE('',#481,#8645);
#8643=LINE('',#65,#8646);
#8644=VECTOR('',#8647,1.0);
#8645=VECTOR('',#8648,1.0);
#8646=VECTOR('',#8649,1.0);
#8647=DIRECTION('',(0,-0.8857837988511139,0.4640981164504865));
#8648=DIRECTION('',(0,-0.22950254164650435,-0.9733080619093806));
#8649=DIRECTION('',(0,0.9733089406423667,-0.22949881495474816));
#8650=STYLED_ITEM('',(#25),#8651);
#8651=FACE_SURFACE('',(#8656),#8652,.T.);
#8652=PLANE('',#8653);
#8653=AXIS2_PLACEMENT_3D('',#103,#8654,#8655);
#8654=DIRECTION('',(0,0,1));
#8655=DIRECTION('',(1,0,0));
#8656=FACE_BOUND('',#8657,.T.);
#8657=EDGE_LOOP('',(#8658,#8659,#8660));
#8658=ORIENTED_EDGE('',*,*,#8661,.T.);
#8659=ORIENTED_EDGE('',*,*,#8662,.T.);
#8660=ORIENTED_EDGE('',*,*,#8663,.T.);
#8661=EDGE_CURVE('',#104,#150,#8664,.F.);
#8662=EDGE_CURVE('',#150,#108,#8665,.T.);
#8663=EDGE_CURVE('',#108,#104,#8666,.T.);
#8664=LINE('',#103,#8667);
#8665=LINE('',#149,#8668);
#8666=LINE('',#107,#8669);
#8667=VECTOR('',#8670,1.0);
#8668=VECTOR('',#8671,1.0);
#8669=VECTOR('',#8672,1.0);
#8670=DIRECTION('',(1,0,0));
#8671=DIRECTION('',(-0.3511234415883917,0.9363291775690445,0));
#8672=DIRECTION('',(0,-1,0));
#8673=STYLED_ITEM('',(#25),#8674);
#8674=FACE_SURFACE('',(#8679),#8675,.T.);
#8675=PLANE('',#8676);
#8676=AXIS2_PLACEMENT_3D('',#107,#8677,#8678);
#8677=DIRECTION('',(-0,0,1));
#8678=DIRECTION('',(0.3511234415883917,-0.9363291775690445,0));
#8679=FACE_BOUND('',#8680,.T.);
#8680=EDGE_LOOP('',(#8681,#8682,#8683));
#8681=ORIENTED_EDGE('',*,*,#8684,.T.);
#8682=ORIENTED_EDGE('',*,*,#8685,.T.);
#8683=ORIENTED_EDGE('',*,*,#8686,.T.);
#8684=EDGE_CURVE('',#108,#150,#8687,.F.);
#8685=EDGE_CURVE('',#150,#480,#8688,.T.);
#8686=EDGE_CURVE('',#480,#108,#8689,.T.);
#8687=LINE('',#107,#8690);
#8688=LINE('',#149,#8691);
#8689=LINE('',#479,#8692);
#8690=VECTOR('',#8693,1.0);
#8691=VECTOR('',#8694,1.0);
#8692=VECTOR('',#8695,1.0);
#8693=DIRECTION('',(0.3511234415883917,-0.9363291775690445,0));
#8694=DIRECTION('',(0,1,0));
#8695=DIRECTION('',(-0.23146276109650096,-0.9728437645509087,0));
#8696=STYLED_ITEM('',(#25),#8697);
#8697=FACE_SURFACE('',(#8702),#8698,.T.);
#8698=PLANE('',#8699);
#8699=AXIS2_PLACEMENT_3D('',#107,#8700,#8701);
#8700=DIRECTION('',(0,-0,1));
#8701=DIRECTION('',(0.23146276109650096,0.9728437645509087,0));
#8702=FACE_BOUND('',#8703,.T.);
#8703=EDGE_LOOP('',(#8704,#8705,#8706));
#8704=ORIENTED_EDGE('',*,*,#8707,.T.);
#8705=ORIENTED_EDGE('',*,*,#8708,.T.);
#8706=ORIENTED_EDGE('',*,*,#8709,.T.);
#8707=EDGE_CURVE('',#108,#480,#8710,.F.);
#8708=EDGE_CURVE('',#480,#110,#8711,.T.);
#8709=EDGE_CURVE('',#110,#108,#8712,.T.);
#8710=LINE('',#107,#8713);
#8711=LINE('',#479,#8714);
#8712=LINE('',#109,#8715);
#8713=VECTOR('',#8716,1.0);
#8714=VECTOR('',#8717,1.0);
#8715=VECTOR('',#8718,1.0);
#8716=DIRECTION('',(0.23146276109650096,0.9728437645509087,0));
#8717=DIRECTION('',(-0.8768739358430186,-0.4807203975692873,0));
#8718=DIRECTION('',(1,0,0));
#8719=STYLED_ITEM('',(#25),#8720);
#8720=FACE_SURFACE('',(#8725),#8721,.T.);
#8721=PLANE('',#8722);
#8722=AXIS2_PLACEMENT_3D('',#109,#8723,#8724);
#8723=DIRECTION('',(0,-0,1));
#8724=DIRECTION('',(0.8768739358430186,0.4807203975692873,0));
#8725=FACE_BOUND('',#8726,.T.);
#8726=EDGE_LOOP('',(#8727,#8728,#8729));
#8727=ORIENTED_EDGE('',*,*,#8730,.T.);
#8728=ORIENTED_EDGE('',*,*,#8731,.T.);
#8729=ORIENTED_EDGE('',*,*,#8732,.T.);
#8730=EDGE_CURVE('',#110,#480,#8733,.F.);
#8731=EDGE_CURVE('',#480,#484,#8734,.T.);
#8732=EDGE_CURVE('',#484,#110,#8735,.T.);
#8733=LINE('',#109,#8736);
#8734=LINE('',#479,#8737);
#8735=LINE('',#483,#8738);
#8736=VECTOR('',#8739,1.0);
#8737=VECTOR('',#8740,1.0);
#8738=VECTOR('',#8741,1.0);
#8739=DIRECTION('',(0.8768739358430186,0.4807203975692873,0));
#8740=DIRECTION('',(-1,0,0));
#8741=DIRECTION('',(0.23146276109650096,-0.9728437645509087,0));
#8742=STYLED_ITEM('',(#25),#8743);
#8743=FACE_SURFACE('',(#8748),#8744,.T.);
#8744=PLANE('',#8745);
#8745=AXIS2_PLACEMENT_3D('',#109,#8746,#8747);
#8746=DIRECTION('',(0,0,1));
#8747=DIRECTION('',(-0.23146276109650096,0.9728437645509087,0));
#8748=FACE_BOUND('',#8749,.T.);
#8749=EDGE_LOOP('',(#8750,#8751,#8752));
#8750=ORIENTED_EDGE('',*,*,#8753,.T.);
#8751=ORIENTED_EDGE('',*,*,#8754,.T.);
#8752=ORIENTED_EDGE('',*,*,#8755,.T.);
#8753=EDGE_CURVE('',#110,#484,#8756,.F.);
#8754=EDGE_CURVE('',#484,#400,#8757,.T.);
#8755=EDGE_CURVE('',#400,#110,#8758,.T.);
#8756=LINE('',#109,#8759);
#8757=LINE('',#483,#8760);
#8758=LINE('',#399,#8761);
#8759=VECTOR('',#8762,1.0);
#8760=VECTOR('',#8763,1.0);
#8761=VECTOR('',#8764,1.0);
#8762=DIRECTION('',(-0.23146276109650096,0.9728437645509087,0));
#8763=DIRECTION('',(0,-1,0));
#8764=DIRECTION('',(0.3511234415883917,0.9363291775690445,0));
#8765=STYLED_ITEM('',(#25),#8766);
#8766=FACE_SURFACE('',(#8771),#8767,.T.);
#8767=PLANE('',#8768);
#8768=AXIS2_PLACEMENT_3D('',#399,#8769,#8770);
#8769=DIRECTION('',(0,0,1));
#8770=DIRECTION('',(1,0,0));
#8771=FACE_BOUND('',#8772,.T.);
#8772=EDGE_LOOP('',(#8773,#8774,#8775));
#8773=ORIENTED_EDGE('',*,*,#8776,.T.);
#8774=ORIENTED_EDGE('',*,*,#8777,.T.);
#8775=ORIENTED_EDGE('',*,*,#8778,.T.);
#8776=EDGE_CURVE('',#400,#120,#8779,.F.);
#8777=EDGE_CURVE('',#120,#110,#8780,.T.);
#8778=EDGE_CURVE('',#110,#400,#8781,.T.);
#8779=LINE('',#399,#8782);
#8780=LINE('',#119,#8783);
#8781=LINE('',#109,#8784);
#8782=VECTOR('',#8785,1.0);
#8783=VECTOR('',#8786,1.0);
#8784=VECTOR('',#8787,1.0);
#8785=DIRECTION('',(1,0,0));
#8786=DIRECTION('',(0,1,0));
#8787=DIRECTION('',(-0.3511234415883917,-0.9363291775690445,0));
#8788=STYLED_ITEM('',(#25),#8789);
#8789=FACE_SURFACE('',(#8794),#8790,.T.);
#8790=PLANE('',#8791);
#8791=AXIS2_PLACEMENT_3D('',#477,#8792,#8793);
#8792=DIRECTION('',(5.641223394097945E-07,0.9612283625245677,-0.2757535767275198));
#8793=DIRECTION('',(-0.9999999999998278,5.868765024037451E-07,0));
#8794=FACE_BOUND('',#8795,.T.);
#8795=EDGE_LOOP('',(#8796,#8797,#8798));
#8796=ORIENTED_EDGE('',*,*,#8799,.T.);
#8797=ORIENTED_EDGE('',*,*,#8800,.T.);
#8798=ORIENTED_EDGE('',*,*,#8801,.T.);
#8799=EDGE_CURVE('',#478,#486,#8802,.F.);
#8800=EDGE_CURVE('',#486,#480,#8803,.T.);
#8801=EDGE_CURVE('',#480,#478,#8804,.T.);
#8802=LINE('',#477,#8805);
#8803=LINE('',#485,#8806);
#8804=LINE('',#479,#8807);
#8805=VECTOR('',#8808,1.0);
#8806=VECTOR('',#8809,1.0);
#8807=VECTOR('',#8810,1.0);
#8808=DIRECTION('',(-0.9999999999998278,5.868765024037451E-07,0));
#8809=DIRECTION('',(0.9969024411636382,0.021686952848612707,0.07559893437159651));
#8810=DIRECTION('',(0,-0.2757535767275636,-0.9612283625247204));
#8811=STYLED_ITEM('',(#25),#8812);
#8812=FACE_SURFACE('',(#8817),#8813,.T.);
#8813=PLANE('',#8814);
#8814=AXIS2_PLACEMENT_3D('',#479,#8815,#8816);
#8815=DIRECTION('',(0,0.961230334282184,-0.27574670343589025));
#8816=DIRECTION('',(-0.9969024411636382,-0.021686952848612707,-0.07559893437159651));
#8817=FACE_BOUND('',#8818,.T.);
#8818=EDGE_LOOP('',(#8819,#8820,#8821));
#8819=ORIENTED_EDGE('',*,*,#8822,.T.);
#8820=ORIENTED_EDGE('',*,*,#8823,.T.);
#8821=ORIENTED_EDGE('',*,*,#8824,.T.);
#8822=EDGE_CURVE('',#480,#486,#8825,.F.);
#8823=EDGE_CURVE('',#486,#488,#8826,.T.);
#8824=EDGE_CURVE('',#488,#480,#8827,.T.);
#8825=LINE('',#479,#8828);
#8826=LINE('',#485,#8829);
#8827=LINE('',#487,#8830);
#8828=VECTOR('',#8831,1.0);
#8829=VECTOR('',#8832,1.0);
#8830=VECTOR('',#8833,1.0);
#8831=DIRECTION('',(-0.9969024411636382,-0.021686952848612707,-0.07559893437159651));
#8832=DIRECTION('',(-1,0,0));
#8833=DIRECTION('',(0.9992229040529103,0.01086871649153292,0.03788745198472855));
#8834=STYLED_ITEM('',(#25),#8835);
#8835=FACE_SURFACE('',(#8840),#8836,.T.);
#8836=PLANE('',#8837);
#8837=AXIS2_PLACEMENT_3D('',#479,#8838,#8839);
#8838=DIRECTION('',(0,0.961230334282184,-0.27574670343589025));
#8839=DIRECTION('',(-0.9992229040529103,-0.01086871649153292,-0.03788745198472855));
#8840=FACE_BOUND('',#8841,.T.);
#8841=EDGE_LOOP('',(#8842,#8843,#8844));
#8842=ORIENTED_EDGE('',*,*,#8845,.T.);
#8843=ORIENTED_EDGE('',*,*,#8846,.T.);
#8844=ORIENTED_EDGE('',*,*,#8847,.T.);
#8845=EDGE_CURVE('',#480,#488,#8848,.F.);
#8846=EDGE_CURVE('',#488,#484,#8849,.T.);
#8847=EDGE_CURVE('',#484,#480,#8850,.T.);
#8848=LINE('',#479,#8851);
#8849=LINE('',#487,#8852);
#8850=LINE('',#483,#8853);
#8851=VECTOR('',#8854,1.0);
#8852=VECTOR('',#8855,1.0);
#8853=VECTOR('',#8856,1.0);
#8854=DIRECTION('',(-0.9992229040529103,-0.01086871649153292,-0.03788745198472855));
#8855=DIRECTION('',(-0.9969024411636382,0.021686952848612707,0.07559893437159651));
#8856=DIRECTION('',(1,0,0));
#8857=STYLED_ITEM('',(#25),#8858);
#8858=FACE_SURFACE('',(#8863),#8859,.T.);
#8859=PLANE('',#8860);
#8860=AXIS2_PLACEMENT_3D('',#483,#8861,#8862);
#8861=DIRECTION('',(-5.641223394097945E-07,0.9612283625245677,-0.2757535767275198));
#8862=DIRECTION('',(0.9969024411636382,-0.021686952848612707,-0.07559893437159651));
#8863=FACE_BOUND('',#8864,.T.);
#8864=EDGE_LOOP('',(#8865,#8866,#8867));
#8865=ORIENTED_EDGE('',*,*,#8868,.T.);
#8866=ORIENTED_EDGE('',*,*,#8869,.T.);
#8867=ORIENTED_EDGE('',*,*,#8870,.T.);
#8868=EDGE_CURVE('',#484,#488,#8871,.F.);
#8869=EDGE_CURVE('',#488,#490,#8872,.T.);
#8870=EDGE_CURVE('',#490,#484,#8873,.T.);
#8871=LINE('',#483,#8874);
#8872=LINE('',#487,#8875);
#8873=LINE('',#489,#8876);
#8874=VECTOR('',#8877,1.0);
#8875=VECTOR('',#8878,1.0);
#8876=VECTOR('',#8879,1.0);
#8877=DIRECTION('',(0.9969024411636382,-0.021686952848612707,-0.07559893437159651));
#8878=DIRECTION('',(-0.9999999999998278,-5.868765024037451E-07,0));
#8879=DIRECTION('',(0,0.2757535767275636,0.9612283625247204));
#8880=STYLED_ITEM('',(#25),#8881);
#8881=FACE_SURFACE('',(#8886),#8882,.T.);
#8882=PLANE('',#8883);
#8883=AXIS2_PLACEMENT_3D('',#489,#8884,#8885);
#8884=DIRECTION('',(-5.625789860423092E-07,0.9585985871609882,-0.28476086229087183));
#8885=DIRECTION('',(0.9999999999998278,5.868765024037451E-07,0));
#8886=FACE_BOUND('',#8887,.T.);
#8887=EDGE_LOOP('',(#8888,#8889,#8890));
#8888=ORIENTED_EDGE('',*,*,#8891,.T.);
#8889=ORIENTED_EDGE('',*,*,#8892,.T.);
#8890=ORIENTED_EDGE('',*,*,#8893,.T.);
#8891=EDGE_CURVE('',#490,#488,#8894,.F.);
#8892=EDGE_CURVE('',#488,#492,#8895,.T.);
#8893=EDGE_CURVE('',#492,#490,#8896,.T.);
#8894=LINE('',#489,#8897);
#8895=LINE('',#487,#8898);
#8896=LINE('',#491,#8899);
#8897=VECTOR('',#8900,1.0);
#8898=VECTOR('',#8901,1.0);
#8899=VECTOR('',#8902,1.0);
#8900=DIRECTION('',(0.9999999999998278,5.868765024037451E-07,0));
#8901=DIRECTION('',(0,-0.28476086229091685,-0.9585985871611399));
#8902=DIRECTION('',(-0.9968454557900829,0.022600107517316784,0.07608135389744022));
#8903=STYLED_ITEM('',(#25),#8904);
#8904=FACE_SURFACE('',(#8909),#8905,.T.);
#8905=PLANE('',#8906);
#8906=AXIS2_PLACEMENT_3D('',#489,#8907,#8908);
#8907=DIRECTION('',(-5.625683573934473E-06,0.9585804766235609,-0.2848218211522747));
#8908=DIRECTION('',(0.9968454557900829,-0.022600107517316784,-0.07608135389744022));
#8909=FACE_BOUND('',#8910,.T.);
#8910=EDGE_LOOP('',(#8911,#8912,#8913));
#8911=ORIENTED_EDGE('',*,*,#8914,.T.);
#8912=ORIENTED_EDGE('',*,*,#8915,.T.);
#8913=ORIENTED_EDGE('',*,*,#8916,.T.);
#8914=EDGE_CURVE('',#490,#492,#8917,.F.);
#8915=EDGE_CURVE('',#492,#494,#8918,.T.);
#8916=EDGE_CURVE('',#494,#490,#8919,.T.);
#8917=LINE('',#489,#8920);
#8918=LINE('',#491,#8921);
#8919=LINE('',#493,#8922);
#8920=VECTOR('',#8923,1.0);
#8921=VECTOR('',#8924,1.0);
#8922=VECTOR('',#8925,1.0);
#8923=DIRECTION('',(0.9968454557900829,-0.022600107517316784,-0.07608135389744022));
#8924=DIRECTION('',(-0.9999999999827788,-5.868765023937394E-06,0));
#8925=DIRECTION('',(0,0.2848218211567818,0.9585804766387297));
#8926=STYLED_ITEM('',(#25),#8927);
#8927=FACE_SURFACE('',(#8932),#8928,.T.);
#8928=PLANE('',#8929);
#8929=AXIS2_PLACEMENT_3D('',#493,#8930,#8931);
#8930=DIRECTION('',(-5.6103028853376626E-06,0.9559597057230714,-0.2934979403716204));
#8931=DIRECTION('',(0.9999999999827788,5.868765023937394E-06,0));
#8932=FACE_BOUND('',#8933,.T.);
#8933=EDGE_LOOP('',(#8934,#8935,#8936));
#8934=ORIENTED_EDGE('',*,*,#8937,.T.);
#8935=ORIENTED_EDGE('',*,*,#8938,.T.);
#8936=ORIENTED_EDGE('',*,*,#8939,.T.);
#8937=EDGE_CURVE('',#494,#492,#8940,.F.);
#8938=EDGE_CURVE('',#492,#496,#8941,.T.);
#8939=EDGE_CURVE('',#496,#494,#8942,.T.);
#8940=LINE('',#493,#8943);
#8941=LINE('',#491,#8944);
#8942=LINE('',#495,#8945);
#8943=VECTOR('',#8946,1.0);
#8944=VECTOR('',#8947,1.0);
#8945=VECTOR('',#8948,1.0);
#8946=DIRECTION('',(0.9999999999827788,5.868765023937394E-06,0));
#8947=DIRECTION('',(0,-0.29349794037623944,-0.9559597057381161));
#8948=DIRECTION('',(-0.9967951244816038,0.023473534900928694,0.07647530953816992));
#8949=STYLED_ITEM('',(#25),#8950);
#8950=FACE_SURFACE('',(#8955),#8951,.T.);
#8951=PLANE('',#8952);
#8952=AXIS2_PLACEMENT_3D('',#493,#8953,#8954);
#8953=DIRECTION('',(-1.933077029627203E-05,0.955909514260252,-0.29366136990256425));
#8954=DIRECTION('',(0.9967951244816038,-0.023473534900928694,-0.07647530953816992));
#8955=FACE_BOUND('',#8956,.T.);
#8956=EDGE_LOOP('',(#8957,#8958,#8959));
#8957=ORIENTED_EDGE('',*,*,#8960,.T.);
#8958=ORIENTED_EDGE('',*,*,#8961,.T.);
#8959=ORIENTED_EDGE('',*,*,#8962,.T.);
#8960=EDGE_CURVE('',#494,#496,#8963,.F.);
#8961=EDGE_CURVE('',#496,#498,#8964,.T.);
#8962=EDGE_CURVE('',#498,#494,#8965,.T.);
#8963=LINE('',#493,#8966);
#8964=LINE('',#495,#8967);
#8965=LINE('',#497,#8968);
#8966=VECTOR('',#8969,1.0);
#8967=VECTOR('',#8970,1.0);
#8968=VECTOR('',#8971,1.0);
#8969=DIRECTION('',(0.9967951244816038,-0.023473534900928694,-0.07647530953816992));
#8970=DIRECTION('',(-0.9999999998126333,-1.878004807340432E-05,4.69501201835108E-06));
#8971=DIRECTION('',(0,0.2936613699574317,0.9559095144388533));
#8972=STYLED_ITEM('',(#25),#8973);
#8973=FACE_SURFACE('',(#8978),#8974,.T.);
#8974=PLANE('',#8975);
#8975=AXIS2_PLACEMENT_3D('',#497,#8976,#8977);
#8976=DIRECTION('',(-1.9321014847354242E-05,0.953295945852928,-0.30203781095596244));
#8977=DIRECTION('',(0.9999999998126333,1.878004807340432E-05,-4.69501201835108E-06));
#8978=FACE_BOUND('',#8979,.T.);
#8979=EDGE_LOOP('',(#8980,#8981,#8982));
#8980=ORIENTED_EDGE('',*,*,#8983,.T.);
#8981=ORIENTED_EDGE('',*,*,#8984,.T.);
#8982=ORIENTED_EDGE('',*,*,#8985,.T.);
#8983=EDGE_CURVE('',#498,#496,#8986,.F.);
#8984=EDGE_CURVE('',#496,#500,#8987,.T.);
#8985=EDGE_CURVE('',#500,#498,#8988,.T.);
#8986=LINE('',#497,#8989);
#8987=LINE('',#495,#8990);
#8988=LINE('',#499,#8991);
#8989=VECTOR('',#8992,1.0);
#8990=VECTOR('',#8993,1.0);
#8991=VECTOR('',#8994,1.0);
#8992=DIRECTION('',(0.9999999998126333,1.878004807340432E-05,-4.69501201835108E-06));
#8993=DIRECTION('',(0,-0.30203781101233806,-0.9532959460308615));
#8994=DIRECTION('',(-0.9967516681729592,0.024306678957380326,0.07678083974850577));
#8995=STYLED_ITEM('',(#25),#8996);
#8996=FACE_SURFACE('',(#9001),#8997,.T.);
#8997=PLANE('',#8998);
#8998=AXIS2_PLACEMENT_3D('',#497,#8999,#9000);
#8999=DIRECTION('',(-4.229835769016599E-05,0.953210014002467,-0.3023088940409555));
#9000=DIRECTION('',(0.9967516681729592,-0.024306678957380326,-0.07678083974850577));
#9001=FACE_BOUND('',#9002,.T.);
#9002=EDGE_LOOP('',(#9003,#9004,#9005));
#9003=ORIENTED_EDGE('',*,*,#9006,.T.);
#9004=ORIENTED_EDGE('',*,*,#9007,.T.);
#9005=ORIENTED_EDGE('',*,*,#9008,.T.);
#9006=EDGE_CURVE('',#498,#500,#9009,.F.);
#9007=EDGE_CURVE('',#500,#502,#9010,.T.);
#9008=EDGE_CURVE('',#502,#498,#9011,.T.);
#9009=LINE('',#497,#9012);
#9010=LINE('',#499,#9013);
#9011=LINE('',#501,#9014);
#9012=VECTOR('',#9015,1.0);
#9013=VECTOR('',#9016,1.0);
#9014=VECTOR('',#9017,1.0);
#9015=DIRECTION('',(0.9967516681729592,-0.024306678957380326,-0.07678083974850577));
#9016=DIRECTION('',(-0.9999999991044976,-3.990760212772418E-05,1.4085036045079122E-05));
#9017=DIRECTION('',(0,0.3023088943113937,0.9532100148551853));
#9018=STYLED_ITEM('',(#25),#9019);
#9019=FACE_SURFACE('',(#9024),#9020,.T.);
#9020=PLANE('',#9021);
#9021=AXIS2_PLACEMENT_3D('',#501,#9022,#9023);
#9022=DIRECTION('',(-4.23084207609905E-05,0.9506004538402858,-0.3104170990274863));
#9023=DIRECTION('',(0.9999999991044976,3.990760212772418E-05,-1.4085036045079122E-05));
#9024=FACE_BOUND('',#9025,.T.);
#9025=EDGE_LOOP('',(#9026,#9027,#9028));
#9026=ORIENTED_EDGE('',*,*,#9029,.T.);
#9027=ORIENTED_EDGE('',*,*,#9030,.T.);
#9028=ORIENTED_EDGE('',*,*,#9031,.T.);
#9029=EDGE_CURVE('',#502,#500,#9032,.F.);
#9030=EDGE_CURVE('',#500,#504,#9033,.T.);
#9031=EDGE_CURVE('',#504,#502,#9034,.T.);
#9032=LINE('',#501,#9035);
#9033=LINE('',#499,#9036);
#9034=LINE('',#503,#9037);
#9035=VECTOR('',#9038,1.0);
#9036=VECTOR('',#9039,1.0);
#9037=VECTOR('',#9040,1.0);
#9038=DIRECTION('',(0.9999999991044976,3.990760212772418E-05,-1.4085036045079122E-05));
#9039=DIRECTION('',(0,-0.31041709930531003,-0.9506004546910745));
#9040=DIRECTION('',(-0.9967148785347797,0.025100726877538785,0.07700262604365328));
#9041=STYLED_ITEM('',(#25),#9042);
#9042=FACE_SURFACE('',(#9047),#9043,.T.);
#9043=PLANE('',#9044);
#9044=AXIS2_PLACEMENT_3D('',#501,#9045,#9046);
#9045=DIRECTION('',(-7.200215546627399E-05,0.9504869535776306,-0.3107644540393975));
#9046=DIRECTION('',(0.9967148785347797,-0.025100726877538785,-0.07700262604365328));
#9047=FACE_BOUND('',#9048,.T.);
#9048=EDGE_LOOP('',(#9049,#9050,#9051));
#9049=ORIENTED_EDGE('',*,*,#9052,.T.);
#9050=ORIENTED_EDGE('',*,*,#9053,.T.);
#9051=ORIENTED_EDGE('',*,*,#9054,.T.);
#9052=EDGE_CURVE('',#502,#504,#9055,.F.);
#9053=EDGE_CURVE('',#504,#506,#9056,.T.);
#9054=EDGE_CURVE('',#506,#502,#9057,.T.);
#9055=LINE('',#501,#9058);
#9056=LINE('',#503,#9059);
#9057=LINE('',#505,#9060);
#9058=VECTOR('',#9061,1.0);
#9059=VECTOR('',#9062,1.0);
#9060=VECTOR('',#9063,1.0);
#9061=DIRECTION('',(0.9967148785347797,-0.025100726877538785,-0.07700262604365328));
#9062=DIRECTION('',(-0.9999999974071758,-6.807767410233272E-05,2.3475060035287144E-05));
#9063=DIRECTION('',(0,0.3107644548449472,0.9504869560414403));
#9064=STYLED_ITEM('',(#25),#9065);
#9065=FACE_SURFACE('',(#9070),#9066,.T.);
#9066=PLANE('',#9067);
#9067=AXIS2_PLACEMENT_3D('',#505,#9068,#9069);
#9068=DIRECTION('',(-7.20093132136995E-05,0.9478531181231648,-0.3187074854452791));
#9069=DIRECTION('',(0.9999999974071758,6.807767410233272E-05,-2.3475060035287144E-05));
#9070=FACE_BOUND('',#9071,.T.);
#9071=EDGE_LOOP('',(#9072,#9073,#9074));
#9072=ORIENTED_EDGE('',*,*,#9075,.T.);
#9073=ORIENTED_EDGE('',*,*,#9076,.T.);
#9074=ORIENTED_EDGE('',*,*,#9077,.T.);
#9075=EDGE_CURVE('',#506,#504,#9078,.F.);
#9076=EDGE_CURVE('',#504,#508,#9079,.T.);
#9077=EDGE_CURVE('',#508,#506,#9080,.T.);
#9078=LINE('',#505,#9081);
#9079=LINE('',#503,#9082);
#9080=LINE('',#507,#9083);
#9081=VECTOR('',#9084,1.0);
#9082=VECTOR('',#9085,1.0);
#9083=VECTOR('',#9086,1.0);
#9084=DIRECTION('',(0.9999999974071758,6.807767410233272E-05,-2.3475060035287144E-05));
#9085=DIRECTION('',(0,-0.31870748627158263,-0.9478531205806358));
#9086=DIRECTION('',(-0.9966859370911415,0.025857484397918115,0.07712673534750693));
#9087=STYLED_ITEM('',(#25),#9088);
#9088=FACE_SURFACE('',(#9093),#9089,.T.);
#9089=PLANE('',#9090);
#9090=AXIS2_PLACEMENT_3D('',#505,#9091,#9092);
#9091=DIRECTION('',(-0.00010726518955797722,0.9477153542213532,-0.3191169000026074));
#9092=DIRECTION('',(0.9966859370911415,-0.025857484397918115,-0.07712673534750693));
#9093=FACE_BOUND('',#9094,.T.);
#9094=EDGE_LOOP('',(#9095,#9096,#9097));
#9095=ORIENTED_EDGE('',*,*,#9098,.T.);
#9096=ORIENTED_EDGE('',*,*,#9099,.T.);
#9097=ORIENTED_EDGE('',*,*,#9100,.T.);
#9098=EDGE_CURVE('',#506,#508,#9101,.F.);
#9099=EDGE_CURVE('',#508,#510,#9102,.T.);
#9100=EDGE_CURVE('',#510,#506,#9103,.T.);
#9101=LINE('',#505,#9104);
#9102=LINE('',#507,#9105);
#9103=LINE('',#509,#9106);
#9104=VECTOR('',#9107,1.0);
#9105=VECTOR('',#9108,1.0);
#9106=VECTOR('',#9109,1.0);
#9107=DIRECTION('',(0.9966859370911415,-0.025857484397918115,-0.07712673534750693));
#9108=DIRECTION('',(-0.9999999942460522,-0.00010211651083069617,3.286508394551141E-05));
#9109=DIRECTION('',(0,0.31911690183845837,0.9477153596734749));
#9110=STYLED_ITEM('',(#25),#9111);
#9111=FACE_SURFACE('',(#9116),#9112,.T.);
#9112=PLANE('',#9113);
#9113=AXIS2_PLACEMENT_3D('',#509,#9114,#9115);
#9114=DIRECTION('',(-0.00010724970270476481,0.9450569342419153,-0.3269057655330867));
#9115=DIRECTION('',(0.9999999942460522,0.00010211651083069617,-3.286508394551141E-05));
#9116=FACE_BOUND('',#9117,.T.);
#9117=EDGE_LOOP('',(#9118,#9119,#9120));
#9118=ORIENTED_EDGE('',*,*,#9121,.T.);
#9119=ORIENTED_EDGE('',*,*,#9122,.T.);
#9120=ORIENTED_EDGE('',*,*,#9123,.T.);
#9121=EDGE_CURVE('',#510,#508,#9124,.F.);
#9122=EDGE_CURVE('',#508,#512,#9125,.T.);
#9123=EDGE_CURVE('',#512,#510,#9126,.T.);
#9124=LINE('',#509,#9127);
#9125=LINE('',#507,#9128);
#9126=LINE('',#511,#9129);
#9127=VECTOR('',#9130,1.0);
#9128=VECTOR('',#9131,1.0);
#9129=VECTOR('',#9132,1.0);
#9130=DIRECTION('',(0.9999999942460522,0.00010211651083069617,-3.286508394551141E-05));
#9131=DIRECTION('',(0,-0.3269057674132033,-0.9450569396771735));
#9132=DIRECTION('',(-0.9966638066593921,0.026579869609079272,0.07716713696110669));
#9133=STYLED_ITEM('',(#25),#9134);
#9134=FACE_SURFACE('',(#9139),#9135,.T.);
#9135=PLANE('',#9136);
#9136=AXIS2_PLACEMENT_3D('',#509,#9137,#9138);
#9137=DIRECTION('',(-0.00014513182646164308,0.944905602062264,-0.3273429121397061));
#9138=DIRECTION('',(0.9966638066593921,-0.026579869609079272,-0.07716713696110669));
#9139=FACE_BOUND('',#9140,.T.);
#9140=EDGE_LOOP('',(#9141,#9142,#9143));
#9141=ORIENTED_EDGE('',*,*,#9144,.T.);
#9142=ORIENTED_EDGE('',*,*,#9145,.T.);
#9143=ORIENTED_EDGE('',*,*,#9146,.T.);
#9144=EDGE_CURVE('',#510,#512,#9147,.F.);
#9145=EDGE_CURVE('',#512,#514,#9148,.T.);
#9146=EDGE_CURVE('',#514,#510,#9149,.T.);
#9147=LINE('',#509,#9150);
#9148=LINE('',#511,#9151);
#9149=LINE('',#513,#9152);
#9150=VECTOR('',#9153,1.0);
#9151=VECTOR('',#9154,1.0);
#9152=VECTOR('',#9155,1.0);
#9153=DIRECTION('',(0.9966638066593921,-0.026579869609079272,-0.07716713696110669));
#9154=DIRECTION('',(-0.9999999894682022,-0.00013732910011617766,4.695011969783852E-05));
#9155=DIRECTION('',(0,0.32734291558715845,0.9449056120136542));
#9156=STYLED_ITEM('',(#25),#9157);
#9157=FACE_SURFACE('',(#9162),#9158,.T.);
#9158=PLANE('',#9159);
#9159=AXIS2_PLACEMENT_3D('',#513,#9160,#9161);
#9160=DIRECTION('',(-0.00014512209599014278,0.9421875914414302,-0.335085841947066));
#9161=DIRECTION('',(0.9999999894682022,0.00013732910011617766,-4.695011969783852E-05));
#9162=FACE_BOUND('',#9163,.T.);
#9163=EDGE_LOOP('',(#9164,#9165,#9166));
#9164=ORIENTED_EDGE('',*,*,#9167,.T.);
#9165=ORIENTED_EDGE('',*,*,#9168,.T.);
#9166=ORIENTED_EDGE('',*,*,#9169,.T.);
#9167=EDGE_CURVE('',#514,#512,#9170,.F.);
#9168=EDGE_CURVE('',#512,#516,#9171,.T.);
#9169=EDGE_CURVE('',#516,#514,#9172,.T.);
#9170=LINE('',#513,#9173);
#9171=LINE('',#511,#9174);
#9172=LINE('',#515,#9175);
#9173=VECTOR('',#9176,1.0);
#9174=VECTOR('',#9177,1.0);
#9175=VECTOR('',#9178,1.0);
#9176=DIRECTION('',(0.9999999894682022,0.00013732910011617766,-4.695011969783852E-05));
#9177=DIRECTION('',(0,-0.3350858454755908,-0.9421876013628648));
#9178=DIRECTION('',(-0.9966491791061933,0.02727201293065313,0.07711453233769375));
#9179=STYLED_ITEM('',(#25),#9180);
#9180=FACE_SURFACE('',(#9185),#9181,.T.);
#9181=PLANE('',#9182);
#9182=AXIS2_PLACEMENT_3D('',#513,#9183,#9184);
#9183=DIRECTION('',(-0.00018301849399148776,0.9420327564969305,-0.33552086699790473));
#9184=DIRECTION('',(0.9966491791061933,-0.02727201293065313,-0.07711453233769375));
#9185=FACE_BOUND('',#9186,.T.);
#9186=EDGE_LOOP('',(#9187,#9188,#9189));
#9187=ORIENTED_EDGE('',*,*,#9190,.T.);
#9188=ORIENTED_EDGE('',*,*,#9191,.T.);
#9189=ORIENTED_EDGE('',*,*,#9192,.T.);
#9190=EDGE_CURVE('',#514,#516,#9193,.F.);
#9191=EDGE_CURVE('',#516,#518,#9194,.T.);
#9192=EDGE_CURVE('',#518,#514,#9195,.T.);
#9193=LINE('',#513,#9196);
#9194=LINE('',#515,#9197);
#9195=LINE('',#517,#9198);
#9196=VECTOR('',#9199,1.0);
#9197=VECTOR('',#9200,1.0);
#9198=VECTOR('',#9201,1.0);
#9199=DIRECTION('',(0.9966491791061933,-0.02727201293065313,-0.07711453233769375));
#9200=DIRECTION('',(-0.9999999832520375,-0.000172541688817009,6.1035155227785494E-05));
#9201=DIRECTION('',(0,0.3355208726171697,0.9420327722739869));
#9202=STYLED_ITEM('',(#25),#9203);
#9203=FACE_SURFACE('',(#9208),#9204,.T.);
#9204=PLANE('',#9205);
#9205=AXIS2_PLACEMENT_3D('',#517,#9206,#9207);
#9206=DIRECTION('',(-0.00018300916016791597,0.9392592405891756,-0.34320845775635017));
#9207=DIRECTION('',(0.9999999832520375,0.000172541688817009,-6.1035155227785494E-05));
#9208=FACE_BOUND('',#9209,.T.);
#9209=EDGE_LOOP('',(#9210,#9211,#9212));
#9210=ORIENTED_EDGE('',*,*,#9213,.T.);
#9211=ORIENTED_EDGE('',*,*,#9214,.T.);
#9212=ORIENTED_EDGE('',*,*,#9215,.T.);
#9213=EDGE_CURVE('',#518,#516,#9216,.F.);
#9214=EDGE_CURVE('',#516,#520,#9217,.T.);
#9215=EDGE_CURVE('',#520,#518,#9218,.T.);
#9216=LINE('',#517,#9219);
#9217=LINE('',#515,#9220);
#9218=LINE('',#519,#9221);
#9219=VECTOR('',#9222,1.0);
#9220=VECTOR('',#9223,1.0);
#9221=VECTOR('',#9224,1.0);
#9222=DIRECTION('',(0.9999999832520375,0.000172541688817009,-6.1035155227785494E-05));
#9223=DIRECTION('',(0,-0.3432084635037796,-0.9392592563181769));
#9224=DIRECTION('',(-0.9966413840786444,0.02793391255353951,0.07697823115176992));
#9225=STYLED_ITEM('',(#25),#9226);
#9226=FACE_SURFACE('',(#9231),#9227,.T.);
#9227=PLANE('',#9228);
#9228=AXIS2_PLACEMENT_3D('',#517,#9229,#9230);
#9229=DIRECTION('',(-0.00021871210148877453,0.939110012784566,-0.34361655381076894));
#9230=DIRECTION('',(0.9966413840786444,-0.02793391255353951,-0.07697823115176992));
#9231=FACE_BOUND('',#9232,.T.);
#9232=EDGE_LOOP('',(#9233,#9234,#9235));
#9233=ORIENTED_EDGE('',*,*,#9236,.T.);
#9234=ORIENTED_EDGE('',*,*,#9237,.T.);
#9235=ORIENTED_EDGE('',*,*,#9238,.T.);
#9236=EDGE_CURVE('',#518,#520,#9239,.F.);
#9237=EDGE_CURVE('',#520,#522,#9240,.T.);
#9238=EDGE_CURVE('',#522,#518,#9241,.T.);
#9239=LINE('',#517,#9242);
#9240=LINE('',#519,#9243);
#9241=LINE('',#521,#9244);
#9242=VECTOR('',#9245,1.0);
#9243=VECTOR('',#9246,1.0);
#9244=VECTOR('',#9247,1.0);
#9245=DIRECTION('',(0.9966413840786444,-0.02793391255353951,-0.07697823115176992));
#9246=DIRECTION('',(-0.9999999760825075,-0.00020540677092853113,7.512019051100567E-05));
#9247=DIRECTION('',(0,0.3436165620292153,0.9391100352457227));
#9248=STYLED_ITEM('',(#25),#9249);
#9249=FACE_SURFACE('',(#9254),#9250,.T.);
#9250=PLANE('',#9251);
#9251=AXIS2_PLACEMENT_3D('',#521,#9252,#9253);
#9252=DIRECTION('',(-0.00021870431213715183,0.9362323353022912,-0.3513815113275625));
#9253=DIRECTION('',(0.9999999760825075,0.00020540677092853113,-7.512019051100567E-05));
#9254=FACE_BOUND('',#9255,.T.);
#9255=EDGE_LOOP('',(#9256,#9257,#9258));
#9256=ORIENTED_EDGE('',*,*,#9259,.T.);
#9257=ORIENTED_EDGE('',*,*,#9260,.T.);
#9258=ORIENTED_EDGE('',*,*,#9261,.T.);
#9259=EDGE_CURVE('',#522,#520,#9262,.F.);
#9260=EDGE_CURVE('',#520,#524,#9263,.T.);
#9261=EDGE_CURVE('',#524,#522,#9264,.T.);
#9262=LINE('',#521,#9265);
#9263=LINE('',#519,#9266);
#9264=LINE('',#523,#9267);
#9265=VECTOR('',#9268,1.0);
#9266=VECTOR('',#9269,1.0);
#9267=VECTOR('',#9270,1.0);
#9268=DIRECTION('',(0.9999999760825075,0.00020540677092853113,-7.512019051100567E-05));
#9269=DIRECTION('',(0,-0.3513815197311285,-0.9362323576930262));
#9270=DIRECTION('',(-0.996676373749553,0.028420381779446693,0.07634453424412165));
#9271=STYLED_ITEM('',(#25),#9272);
#9272=FACE_SURFACE('',(#9277),#9273,.T.);
#9273=PLANE('',#9274);
#9274=AXIS2_PLACEMENT_3D('',#521,#9275,#9276);
#9275=DIRECTION('',(-0.0002492018933072756,0.9361011520825546,-0.35173082174886294));
#9276=DIRECTION('',(0.996676373749553,-0.028420381779446693,-0.07634453424412165));
#9277=FACE_BOUND('',#9278,.T.);
#9278=EDGE_LOOP('',(#9279,#9280,#9281));
#9279=ORIENTED_EDGE('',*,*,#9282,.T.);
#9280=ORIENTED_EDGE('',*,*,#9283,.T.);
#9281=ORIENTED_EDGE('',*,*,#9284,.T.);
#9282=EDGE_CURVE('',#522,#524,#9285,.F.);
#9283=EDGE_CURVE('',#524,#526,#9286,.T.);
#9284=EDGE_CURVE('',#526,#522,#9287,.T.);
#9285=LINE('',#521,#9288);
#9286=LINE('',#523,#9289);
#9287=LINE('',#525,#9290);
#9288=VECTOR('',#9291,1.0);
#9289=VECTOR('',#9292,1.0);
#9290=VECTOR('',#9293,1.0);
#9291=DIRECTION('',(0.996676373749553,-0.028420381779446693,-0.07634453424412165));
#9292=DIRECTION('',(-0.9999998787820515,-0.0003826434331840501,-0.0003098707557073289));
#9293=DIRECTION('',(0,0.3517308326703839,0.9361011811492379));
#9294=STYLED_ITEM('',(#25),#9295);
#9295=FACE_SURFACE('',(#9300),#9296,.T.);
#9296=PLANE('',#9297);
#9297=AXIS2_PLACEMENT_3D('',#525,#9298,#9299);
#9298=DIRECTION('',(-0.00024563606757811626,0.9331220918451087,-0.3595595936330035));
#9299=DIRECTION('',(0.9999998787820515,0.0003826434331840501,0.0003098707557073289));
#9300=FACE_BOUND('',#9301,.T.);
#9301=EDGE_LOOP('',(#9302,#9303,#9304));
#9302=ORIENTED_EDGE('',*,*,#9305,.T.);
#9303=ORIENTED_EDGE('',*,*,#9306,.T.);
#9304=ORIENTED_EDGE('',*,*,#9307,.T.);
#9305=EDGE_CURVE('',#526,#524,#9308,.F.);
#9306=EDGE_CURVE('',#524,#528,#9309,.T.);
#9307=EDGE_CURVE('',#528,#526,#9310,.T.);
#9308=LINE('',#525,#9311);
#9309=LINE('',#523,#9312);
#9310=LINE('',#527,#9313);
#9311=VECTOR('',#9314,1.0);
#9312=VECTOR('',#9315,1.0);
#9313=VECTOR('',#9316,1.0);
#9314=DIRECTION('',(0.9999998787820515,0.0003826434331840501,0.0003098707557073289));
#9315=DIRECTION('',(0,-0.35955960448039154,-0.9331221199960401));
#9316=DIRECTION('',(-0.996648745786685,0.029183486071237923,0.07641728641189506));
#9317=STYLED_ITEM('',(#25),#9318);
#9318=FACE_SURFACE('',(#9323),#9319,.T.);
#9319=PLANE('',#9320);
#9320=AXIS2_PLACEMENT_3D('',#525,#9321,#9322);
#9321=DIRECTION('',(-0.00026874073509810604,0.9330208307154052,-0.3598222578295462));
#9322=DIRECTION('',(0.996648745786685,-0.029183486071237923,-0.07641728641189506));
#9323=FACE_BOUND('',#9324,.T.);
#9324=EDGE_LOOP('',(#9325,#9326,#9327));
#9325=ORIENTED_EDGE('',*,*,#9328,.T.);
#9326=ORIENTED_EDGE('',*,*,#9329,.T.);
#9327=ORIENTED_EDGE('',*,*,#9330,.T.);
#9328=EDGE_CURVE('',#526,#528,#9331,.F.);
#9329=EDGE_CURVE('',#528,#530,#9332,.T.);
#9330=EDGE_CURVE('',#530,#526,#9333,.T.);
#9331=LINE('',#525,#9334);
#9332=LINE('',#527,#9335);
#9333=LINE('',#529,#9336);
#9334=VECTOR('',#9337,1.0);
#9335=VECTOR('',#9338,1.0);
#9336=VECTOR('',#9339,1.0);
#9337=DIRECTION('',(0.996648745786685,-0.029183486071237923,-0.07641728641189506));
#9338=DIRECTION('',(-0.9999999638871425,-0.000250009380995485,9.859524884328986E-05));
#9339=DIRECTION('',(0,0.3598222708230134,0.9330208644075275));
#9340=STYLED_ITEM('',(#25),#9341);
#9341=FACE_SURFACE('',(#9346),#9342,.T.);
#9342=PLANE('',#9343);
#9343=AXIS2_PLACEMENT_3D('',#529,#9344,#9345);
#9344=DIRECTION('',(-0.00026874828340052697,0.9299014521399298,-0.36780866912351345));
#9345=DIRECTION('',(0.9999999638871425,0.000250009380995485,-9.859524884328986E-05));
#9346=FACE_BOUND('',#9347,.T.);
#9347=EDGE_LOOP('',(#9348,#9349,#9350));
#9348=ORIENTED_EDGE('',*,*,#9351,.T.);
#9349=ORIENTED_EDGE('',*,*,#9352,.T.);
#9350=ORIENTED_EDGE('',*,*,#9353,.T.);
#9351=EDGE_CURVE('',#530,#528,#9354,.F.);
#9352=EDGE_CURVE('',#528,#532,#9355,.T.);
#9353=EDGE_CURVE('',#532,#530,#9356,.T.);
#9354=LINE('',#529,#9357);
#9355=LINE('',#527,#9358);
#9356=LINE('',#531,#9359);
#9357=VECTOR('',#9360,1.0);
#9358=VECTOR('',#9361,1.0);
#9359=VECTOR('',#9362,1.0);
#9360=DIRECTION('',(0.9999999638871425,0.000250009380995485,-9.859524884328986E-05));
#9361=DIRECTION('',(0,-0.36780868240612236,-0.9299014857212952));
#9362=DIRECTION('',(-0.9966973592782333,0.029618933741885036,0.07561145926240279));
#9363=STYLED_ITEM('',(#25),#9364);
#9364=FACE_SURFACE('',(#9369),#9365,.T.);
#9365=PLANE('',#9366);
#9366=AXIS2_PLACEMENT_3D('',#529,#9367,#9368);
#9367=DIRECTION('',(-0.0002826990217349356,0.929838455576178,-0.3679678880187391));
#9368=DIRECTION('',(0.9966973592782333,-0.029618933741885036,-0.07561145926240279));
#9369=FACE_BOUND('',#9370,.T.);
#9370=EDGE_LOOP('',(#9371,#9372,#9373));
#9371=ORIENTED_EDGE('',*,*,#9374,.T.);
#9372=ORIENTED_EDGE('',*,*,#9375,.T.);
#9373=ORIENTED_EDGE('',*,*,#9376,.T.);
#9374=EDGE_CURVE('',#530,#532,#9377,.F.);
#9375=EDGE_CURVE('',#532,#534,#9378,.T.);
#9376=EDGE_CURVE('',#534,#530,#9379,.T.);
#9377=LINE('',#529,#9380);
#9378=LINE('',#531,#9381);
#9379=LINE('',#533,#9382);
#9380=VECTOR('',#9383,1.0);
#9381=VECTOR('',#9384,1.0);
#9382=VECTOR('',#9385,1.0);
#9383=DIRECTION('',(0.9966973592782333,-0.029618933741885036,-0.07561145926240279));
#9384=DIRECTION('',(-0.9999998739986925,-0.00041550851134730075,-0.00028170068565918694));
#9385=DIRECTION('',(0,0.3679679027225044,0.9298384927319377));
#9386=STYLED_ITEM('',(#25),#9387);
#9387=FACE_SURFACE('',(#9392),#9388,.T.);
#9388=PLANE('',#9389);
#9389=AXIS2_PLACEMENT_3D('',#533,#9390,#9391);
#9390=DIRECTION('',(-0.0002790328262828285,0.926560057507846,-0.3761467558968695));
#9391=DIRECTION('',(0.9999998739986925,0.00041550851134730075,0.00028170068565918694));
#9392=FACE_BOUND('',#9393,.T.);
#9393=EDGE_LOOP('',(#9394,#9395,#9396));
#9394=ORIENTED_EDGE('',*,*,#9397,.T.);
#9395=ORIENTED_EDGE('',*,*,#9398,.T.);
#9396=ORIENTED_EDGE('',*,*,#9399,.T.);
#9397=EDGE_CURVE('',#534,#532,#9400,.F.);
#9398=EDGE_CURVE('',#532,#536,#9401,.T.);
#9399=EDGE_CURVE('',#536,#534,#9402,.T.);
#9400=LINE('',#533,#9403);
#9401=LINE('',#531,#9404);
#9402=LINE('',#535,#9405);
#9403=VECTOR('',#9406,1.0);
#9404=VECTOR('',#9407,1.0);
#9405=VECTOR('',#9408,1.0);
#9406=DIRECTION('',(0.9999998739986925,0.00041550851134730075,0.00028170068565918694));
#9407=DIRECTION('',(0,-0.37614677054013534,-0.9265600935785152));
#9408=DIRECTION('',(-0.9966856215176324,0.03034156010516981,0.07547954418513095));
#9409=STYLED_ITEM('',(#25),#9410);
#9410=FACE_SURFACE('',(#9415),#9411,.T.);
#9411=PLANE('',#9412);
#9412=AXIS2_PLACEMENT_3D('',#533,#9413,#9414);
#9413=DIRECTION('',(-0.00027879233222706144,0.9265611658894976,-0.37614402579375134));
#9414=DIRECTION('',(0.9966856215176324,-0.03034156010516981,-0.07547954418513095));
#9415=FACE_BOUND('',#9416,.T.);
#9416=EDGE_LOOP('',(#9417,#9418,#9419));
#9417=ORIENTED_EDGE('',*,*,#9420,.T.);
#9418=ORIENTED_EDGE('',*,*,#9421,.T.);
#9419=ORIENTED_EDGE('',*,*,#9422,.T.);
#9420=EDGE_CURVE('',#534,#536,#9423,.F.);
#9421=EDGE_CURVE('',#536,#538,#9424,.T.);
#9422=EDGE_CURVE('',#538,#534,#9425,.T.);
#9423=LINE('',#533,#9426);
#9424=LINE('',#535,#9427);
#9425=LINE('',#537,#9428);
#9426=VECTOR('',#9429,1.0);
#9427=VECTOR('',#9430,1.0);
#9428=VECTOR('',#9431,1.0);
#9429=DIRECTION('',(0.9966856215176324,-0.03034156010516981,-0.07547954418513095));
#9430=DIRECTION('',(-0.9999999611317505,-0.00025705189806172693,0.00010798527224510903));
#9431=DIRECTION('',(0,0.3761440404116803,0.9265612018980592));
#9432=STYLED_ITEM('',(#25),#9433);
#9433=FACE_SURFACE('',(#9438),#9434,.T.);
#9434=PLANE('',#9435);
#9435=AXIS2_PLACEMENT_3D('',#537,#9436,#9437);
#9436=DIRECTION('',(-0.0002788114244836244,0.9230992249209843,-0.38456175474748866));
#9437=DIRECTION('',(0.9999999611317505,0.00025705189806172693,-0.00010798527224510903));
#9438=FACE_BOUND('',#9439,.T.);
#9439=EDGE_LOOP('',(#9440,#9441,#9442));
#9440=ORIENTED_EDGE('',*,*,#9443,.T.);
#9441=ORIENTED_EDGE('',*,*,#9444,.T.);
#9442=ORIENTED_EDGE('',*,*,#9445,.T.);
#9443=EDGE_CURVE('',#538,#536,#9446,.F.);
#9444=EDGE_CURVE('',#536,#540,#9447,.T.);
#9445=EDGE_CURVE('',#540,#538,#9448,.T.);
#9446=LINE('',#537,#9449);
#9447=LINE('',#535,#9450);
#9448=LINE('',#539,#9451);
#9449=VECTOR('',#9452,1.0);
#9450=VECTOR('',#9453,1.0);
#9451=VECTOR('',#9454,1.0);
#9452=DIRECTION('',(0.9999999611317505,0.00025705189806172693,-0.00010798527224510903));
#9453=DIRECTION('',(0,-0.3845617696945993,-0.9230992607999196));
#9454=DIRECTION('',(-0.9967487495353621,0.030728391097489913,0.07448285896937361));
#9455=STYLED_ITEM('',(#25),#9456);
#9456=FACE_SURFACE('',(#9461),#9457,.T.);
#9457=PLANE('',#9458);
#9458=AXIS2_PLACEMENT_3D('',#537,#9459,#9460);
#9459=DIRECTION('',(-0.000268775153626106,0.9231469666490006,-0.38444714295552473));
#9460=DIRECTION('',(0.9967487495353621,-0.030728391097489913,-0.07448285896937361));
#9461=FACE_BOUND('',#9462,.T.);
#9462=EDGE_LOOP('',(#9463,#9464,#9465));
#9463=ORIENTED_EDGE('',*,*,#9466,.T.);
#9464=ORIENTED_EDGE('',*,*,#9467,.T.);
#9465=ORIENTED_EDGE('',*,*,#9468,.T.);
#9466=EDGE_CURVE('',#538,#540,#9469,.F.);
#9467=EDGE_CURVE('',#540,#542,#9470,.T.);
#9468=EDGE_CURVE('',#542,#538,#9471,.T.);
#9469=LINE('',#537,#9472);
#9470=LINE('',#539,#9473);
#9471=LINE('',#541,#9474);
#9472=VECTOR('',#9475,1.0);
#9473=VECTOR('',#9476,1.0);
#9474=VECTOR('',#9477,1.0);
#9475=DIRECTION('',(0.9967487495353621,-0.030728391097489913,-0.07448285896937361));
#9476=DIRECTION('',(-0.9999998769001194,-0.0004084659953909554,-0.000281700686476521));
#9477=DIRECTION('',(0,0.3844471568417723,0.9231469999931092));
#9478=STYLED_ITEM('',(#25),#9479);
#9479=FACE_SURFACE('',(#9484),#9480,.T.);
#9480=PLANE('',#9481);
#9481=AXIS2_PLACEMENT_3D('',#541,#9482,#9483);
#9482=DIRECTION('',(-0.0002648632138985871,0.9195116137415617,-0.3930627456804667));
#9483=DIRECTION('',(0.9999998769001194,0.0004084659953909554,0.000281700686476521));
#9484=FACE_BOUND('',#9485,.T.);
#9485=EDGE_LOOP('',(#9486,#9487,#9488));
#9486=ORIENTED_EDGE('',*,*,#9489,.T.);
#9487=ORIENTED_EDGE('',*,*,#9490,.T.);
#9488=ORIENTED_EDGE('',*,*,#9491,.T.);
#9489=EDGE_CURVE('',#542,#540,#9492,.F.);
#9490=EDGE_CURVE('',#540,#544,#9493,.T.);
#9491=EDGE_CURVE('',#544,#542,#9494,.T.);
#9492=LINE('',#541,#9495);
#9493=LINE('',#539,#9496);
#9494=LINE('',#543,#9497);
#9495=VECTOR('',#9498,1.0);
#9496=VECTOR('',#9499,1.0);
#9497=VECTOR('',#9500,1.0);
#9498=DIRECTION('',(0.9999998769001194,0.0004084659953909554,0.000281700686476521));
#9499=DIRECTION('',(0,-0.39306275946763886,-0.9195116459945927));
#9500=DIRECTION('',(-0.996751437477768,0.031414058799996654,0.0741601563894897));
#9501=STYLED_ITEM('',(#25),#9502);
#9502=FACE_SURFACE('',(#9507),#9503,.T.);
#9503=PLANE('',#9504);
#9504=AXIS2_PLACEMENT_3D('',#541,#9505,#9506);
#9505=DIRECTION('',(-0.0002448958749568855,0.9196087226132744,-0.39283550923967153));
#9506=DIRECTION('',(0.996751437477768,-0.031414058799996654,-0.0741601563894897));
#9507=FACE_BOUND('',#9508,.T.);
#9508=EDGE_LOOP('',(#9509,#9510,#9511));
#9509=ORIENTED_EDGE('',*,*,#9512,.T.);
#9510=ORIENTED_EDGE('',*,*,#9513,.T.);
#9511=ORIENTED_EDGE('',*,*,#9514,.T.);
#9512=EDGE_CURVE('',#542,#544,#9515,.F.);
#9513=EDGE_CURVE('',#544,#546,#9516,.T.);
#9514=EDGE_CURVE('',#546,#542,#9517,.T.);
#9515=LINE('',#541,#9518);
#9516=LINE('',#543,#9519);
#9517=LINE('',#545,#9520);
#9518=VECTOR('',#9521,1.0);
#9519=VECTOR('',#9522,1.0);
#9520=VECTOR('',#9523,1.0);
#9521=DIRECTION('',(0.996751437477768,-0.031414058799996654,-0.0741601563894897));
#9522=DIRECTION('',(-0.9999999700096234,-0.00022418681719482195,9.85952494469374E-05));
#9523=DIRECTION('',(0,0.39283552101962843,0.9196087501895776));
#9524=STYLED_ITEM('',(#25),#9525);
#9525=FACE_SURFACE('',(#9530),#9526,.T.);
#9526=PLANE('',#9527);
#9527=AXIS2_PLACEMENT_3D('',#545,#9528,#9529);
#9528=DIRECTION('',(-0.0002449094753489004,0.9159075527629791,-0.4013892061467019));
#9529=DIRECTION('',(0.9999999700096234,0.00022418681719482195,-9.85952494469374E-05));
#9530=FACE_BOUND('',#9531,.T.);
#9531=EDGE_LOOP('',(#9532,#9533,#9534));
#9532=ORIENTED_EDGE('',*,*,#9535,.T.);
#9533=ORIENTED_EDGE('',*,*,#9536,.T.);
#9534=ORIENTED_EDGE('',*,*,#9537,.T.);
#9535=EDGE_CURVE('',#546,#544,#9538,.F.);
#9536=EDGE_CURVE('',#544,#548,#9539,.T.);
#9537=EDGE_CURVE('',#548,#546,#9540,.T.);
#9538=LINE('',#545,#9541);
#9539=LINE('',#543,#9542);
#9540=LINE('',#547,#9543);
#9541=VECTOR('',#9544,1.0);
#9542=VECTOR('',#9545,1.0);
#9543=VECTOR('',#9546,1.0);
#9544=DIRECTION('',(0.9999999700096234,0.00022418681719482195,-9.85952494469374E-05));
#9545=DIRECTION('',(-0.9967910526262734,-0.032353636496058935,-0.07321775474354929));
#9546=DIRECTION('',(0,0.40138921818449547,0.915907580231346));
#9547=STYLED_ITEM('',(#25),#9548);
#9548=FACE_SURFACE('',(#9553),#9549,.T.);
#9549=PLANE('',#9550);
#9550=AXIS2_PLACEMENT_3D('',#547,#9551,#9552);
#9551=DIRECTION('',(-0.0002172659168333242,0.9157693330015474,-0.40170447038765));
#9552=DIRECTION('',(0.9967910526262734,0.032353636496058935,0.07321775474354929));
#9553=FACE_BOUND('',#9554,.T.);
#9554=EDGE_LOOP('',(#9555,#9556,#9557));
#9555=ORIENTED_EDGE('',*,*,#9558,.T.);
#9556=ORIENTED_EDGE('',*,*,#9559,.T.);
#9557=ORIENTED_EDGE('',*,*,#9560,.T.);
#9558=EDGE_CURVE('',#548,#544,#9561,.F.);
#9559=EDGE_CURVE('',#544,#550,#9562,.T.);
#9560=EDGE_CURVE('',#550,#548,#9563,.T.);
#9561=LINE('',#547,#9564);
#9562=LINE('',#543,#9565);
#9563=LINE('',#549,#9566);
#9564=VECTOR('',#9567,1.0);
#9565=VECTOR('',#9568,1.0);
#9566=VECTOR('',#9569,1.0);
#9567=DIRECTION('',(0.9967910526262734,0.032353636496058935,0.07321775474354929));
#9568=DIRECTION('',(0,-0.40170447986877533,-0.915769354615755));
#9569=DIRECTION('',(-0.9999999752338466,-0.00017958420528796685,0.00013146033328269467));
#9570=STYLED_ITEM('',(#25),#9571);
#9571=FACE_SURFACE('',(#9576),#9572,.T.);
#9572=PLANE('',#9573);
#9573=AXIS2_PLACEMENT_3D('',#547,#9574,#9575);
#9574=DIRECTION('',(-0.00021770196493669936,0.912022785952498,-0.41013947689694363));
#9575=DIRECTION('',(0.9999999752338466,0.00017958420528796685,-0.00013146033328269467));
#9576=FACE_BOUND('',#9577,.T.);
#9577=EDGE_LOOP('',(#9578,#9579,#9580));
#9578=ORIENTED_EDGE('',*,*,#9581,.T.);
#9579=ORIENTED_EDGE('',*,*,#9582,.T.);
#9580=ORIENTED_EDGE('',*,*,#9583,.T.);
#9581=EDGE_CURVE('',#548,#550,#9584,.F.);
#9582=EDGE_CURVE('',#550,#552,#9585,.T.);
#9583=EDGE_CURVE('',#552,#548,#9586,.T.);
#9584=LINE('',#547,#9587);
#9585=LINE('',#549,#9588);
#9586=LINE('',#551,#9589);
#9587=VECTOR('',#9590,1.0);
#9588=VECTOR('',#9591,1.0);
#9589=VECTOR('',#9592,1.0);
#9590=DIRECTION('',(0.9999999752338466,0.00017958420528796685,-0.00013146033328269467));
#9591=DIRECTION('',(-0.9967691066022689,-0.03314030775054447,-0.07316466445979132));
#9592=DIRECTION('',(0,0.410139486616049,0.9120228075647691));
#9593=STYLED_ITEM('',(#25),#9594);
#9594=FACE_SURFACE('',(#9599),#9595,.T.);
#9595=PLANE('',#9596);
#9596=AXIS2_PLACEMENT_3D('',#551,#9597,#9598);
#9597=DIRECTION('',(-0.0001858169132890142,0.9118604312988143,-0.4105003280188883));
#9598=DIRECTION('',(0.9967691066022689,0.03314030775054447,0.07316466445979132));
#9599=FACE_BOUND('',#9600,.T.);
#9600=EDGE_LOOP('',(#9601,#9602,#9603));
#9601=ORIENTED_EDGE('',*,*,#9604,.T.);
#9602=ORIENTED_EDGE('',*,*,#9605,.T.);
#9603=ORIENTED_EDGE('',*,*,#9606,.T.);
#9604=EDGE_CURVE('',#552,#550,#9607,.F.);
#9605=EDGE_CURVE('',#550,#554,#9608,.T.);
#9606=EDGE_CURVE('',#554,#552,#9609,.T.);
#9607=LINE('',#551,#9610);
#9608=LINE('',#549,#9611);
#9609=LINE('',#553,#9612);
#9610=VECTOR('',#9613,1.0);
#9611=VECTOR('',#9614,1.0);
#9612=VECTOR('',#9615,1.0);
#9613=DIRECTION('',(0.9967691066022689,0.03314030775054447,0.07316466445979132));
#9614=DIRECTION('',(0,-0.4105003351057509,-0.9118604470411393));
#9615=DIRECTION('',(-0.9999999827285131,-0.00016784667678853828,7.981520294839582E-05));
#9616=STYLED_ITEM('',(#25),#9617);
#9617=FACE_SURFACE('',(#9622),#9618,.T.);
#9618=PLANE('',#9619);
#9619=AXIS2_PLACEMENT_3D('',#551,#9620,#9621);
#9620=DIRECTION('',(-0.00018584552286784664,0.9078912332462914,-0.41920576577138075));
#9621=DIRECTION('',(0.9999999827285131,0.00016784667678853828,-7.981520294839582E-05));
#9622=FACE_BOUND('',#9623,.T.);
#9623=EDGE_LOOP('',(#9624,#9625,#9626));
#9624=ORIENTED_EDGE('',*,*,#9627,.T.);
#9625=ORIENTED_EDGE('',*,*,#9628,.T.);
#9626=ORIENTED_EDGE('',*,*,#9629,.T.);
#9627=EDGE_CURVE('',#552,#554,#9630,.F.);
#9628=EDGE_CURVE('',#554,#556,#9631,.T.);
#9629=EDGE_CURVE('',#556,#552,#9632,.T.);
#9630=LINE('',#551,#9633);
#9631=LINE('',#553,#9634);
#9632=LINE('',#555,#9635);
#9633=VECTOR('',#9636,1.0);
#9634=VECTOR('',#9637,1.0);
#9635=VECTOR('',#9638,1.0);
#9636=DIRECTION('',(0.9999999827285131,0.00016784667678853828,-7.981520294839582E-05));
#9637=DIRECTION('',(-0.9967204494521917,-0.034090991559585414,-0.07339039404653096));
#9638=DIRECTION('',(0,0.41920577301076234,0.9078912489249189));
#9639=STYLED_ITEM('',(#25),#9640);
#9640=FACE_SURFACE('',(#9645),#9641,.T.);
#9641=PLANE('',#9642);
#9642=AXIS2_PLACEMENT_3D('',#555,#9643,#9644);
#9643=DIRECTION('',(-0.00015251173900405763,0.9077190461827525,-0.419578490794325));
#9644=DIRECTION('',(0.9967204494521917,0.034090991559585414,0.07339039404653096));
#9645=FACE_BOUND('',#9646,.T.);
#9646=EDGE_LOOP('',(#9647,#9648,#9649));
#9647=ORIENTED_EDGE('',*,*,#9650,.T.);
#9648=ORIENTED_EDGE('',*,*,#9651,.T.);
#9649=ORIENTED_EDGE('',*,*,#9652,.T.);
#9650=EDGE_CURVE('',#556,#554,#9653,.F.);
#9651=EDGE_CURVE('',#554,#558,#9654,.T.);
#9652=EDGE_CURVE('',#558,#556,#9655,.T.);
#9653=LINE('',#555,#9656);
#9654=LINE('',#553,#9657);
#9655=LINE('',#557,#9658);
#9656=VECTOR('',#9659,1.0);
#9657=VECTOR('',#9660,1.0);
#9658=VECTOR('',#9661,1.0);
#9659=DIRECTION('',(0.9967204494521917,0.034090991559585414,0.07339039404653096));
#9660=DIRECTION('',(0,-0.4195784956739874,-0.9077190567394483));
#9661=DIRECTION('',(-0.9999999686760137,-5.516638949793026E-05,0.0002441406173525424));
#9662=STYLED_ITEM('',(#25),#9663);
#9663=FACE_SURFACE('',(#9668),#9664,.T.);
#9664=PLANE('',#9665);
#9665=AXIS2_PLACEMENT_3D('',#555,#9666,#9667);
#9666=DIRECTION('',(-0.0001544751931602573,0.9035073956851627,-0.4285724700440166));
#9667=DIRECTION('',(0.9999999686760137,5.516638949793026E-05,-0.0002441406173525424));
#9668=FACE_BOUND('',#9669,.T.);
#9669=EDGE_LOOP('',(#9670,#9671,#9672));
#9670=ORIENTED_EDGE('',*,*,#9673,.T.);
#9671=ORIENTED_EDGE('',*,*,#9674,.T.);
#9672=ORIENTED_EDGE('',*,*,#9675,.T.);
#9673=EDGE_CURVE('',#556,#558,#9676,.F.);
#9674=EDGE_CURVE('',#558,#560,#9677,.T.);
#9675=EDGE_CURVE('',#560,#556,#9678,.T.);
#9676=LINE('',#555,#9679);
#9677=LINE('',#557,#9680);
#9678=LINE('',#559,#9681);
#9679=VECTOR('',#9682,1.0);
#9680=VECTOR('',#9683,1.0);
#9681=VECTOR('',#9684,1.0);
#9682=DIRECTION('',(0.9999999686760137,5.516638949793026E-05,-0.0002441406173525424));
#9683=DIRECTION('',(-0.9966973071181242,-0.03494187008080601,-0.07330445892806028));
#9684=DIRECTION('',(0,0.4285724751574403,0.903507406465174));
#9685=STYLED_ITEM('',(#25),#9686);
#9686=FACE_SURFACE('',(#9691),#9687,.T.);
#9687=PLANE('',#9688);
#9688=AXIS2_PLACEMENT_3D('',#559,#9689,#9690);
#9689=DIRECTION('',(-0.00012288021564420062,0.9033411374465224,-0.4289228069213338));
#9690=DIRECTION('',(0.9966973071181242,0.03494187008080601,0.07330445892806028));
#9691=FACE_BOUND('',#9692,.T.);
#9692=EDGE_LOOP('',(#9693,#9694,#9695));
#9693=ORIENTED_EDGE('',*,*,#9696,.T.);
#9694=ORIENTED_EDGE('',*,*,#9697,.T.);
#9695=ORIENTED_EDGE('',*,*,#9698,.T.);
#9696=EDGE_CURVE('',#560,#558,#9699,.F.);
#9697=EDGE_CURVE('',#558,#562,#9700,.T.);
#9698=EDGE_CURVE('',#562,#560,#9701,.T.);
#9699=LINE('',#559,#9702);
#9700=LINE('',#557,#9703);
#9701=LINE('',#561,#9704);
#9702=VECTOR('',#9705,1.0);
#9703=VECTOR('',#9706,1.0);
#9704=VECTOR('',#9707,1.0);
#9705=DIRECTION('',(0.9966973071181242,0.03494187008080601,0.07330445892806028));
#9706=DIRECTION('',(0,-0.42892281015960393,-0.9033411442665437));
#9707=DIRECTION('',(-0.9999999924495365,-0.00011150653461480475,5.164513182159378E-05));
#9708=STYLED_ITEM('',(#25),#9709);
#9709=FACE_SURFACE('',(#9714),#9710,.T.);
#9710=PLANE('',#9711);
#9711=AXIS2_PLACEMENT_3D('',#559,#9712,#9713);
#9712=DIRECTION('',(-0.00012286130681426447,0.8988228685382307,-0.43831203029098564));
#9713=DIRECTION('',(0.9999999924495365,0.00011150653461480475,-5.164513182159378E-05));
#9714=FACE_BOUND('',#9715,.T.);
#9715=EDGE_LOOP('',(#9716,#9717,#9718));
#9716=ORIENTED_EDGE('',*,*,#9719,.T.);
#9717=ORIENTED_EDGE('',*,*,#9720,.T.);
#9718=ORIENTED_EDGE('',*,*,#9721,.T.);
#9719=EDGE_CURVE('',#560,#562,#9722,.F.);
#9720=EDGE_CURVE('',#562,#564,#9723,.T.);
#9721=EDGE_CURVE('',#564,#560,#9724,.T.);
#9722=LINE('',#559,#9725);
#9723=LINE('',#561,#9726);
#9724=LINE('',#563,#9727);
#9725=VECTOR('',#9728,1.0);
#9726=VECTOR('',#9729,1.0);
#9727=VECTOR('',#9730,1.0);
#9728=DIRECTION('',(0.9999999924495365,0.00011150653461480475,-5.164513182159378E-05));
#9729=DIRECTION('',(-0.9966496691752154,-0.03595911370001801,-0.07346005087694235));
#9730=DIRECTION('',(0,0.43831203359912396,0.8988228753220516));
#9731=STYLED_ITEM('',(#25),#9732);
#9732=FACE_SURFACE('',(#9737),#9733,.T.);
#9733=PLANE('',#9734);
#9734=AXIS2_PLACEMENT_3D('',#563,#9735,#9736);
#9735=DIRECTION('',(-9.482943248554154E-05,0.8986730975191042,-0.4386190315100309));
#9736=DIRECTION('',(0.9966496691752154,0.03595911370001801,0.07346005087694235));
#9737=FACE_BOUND('',#9738,.T.);
#9738=EDGE_LOOP('',(#9739,#9740,#9741));
#9739=ORIENTED_EDGE('',*,*,#9742,.T.);
#9740=ORIENTED_EDGE('',*,*,#9743,.T.);
#9741=ORIENTED_EDGE('',*,*,#9744,.T.);
#9742=EDGE_CURVE('',#564,#562,#9745,.F.);
#9743=EDGE_CURVE('',#562,#566,#9746,.T.);
#9744=EDGE_CURVE('',#566,#564,#9747,.T.);
#9745=LINE('',#563,#9748);
#9746=LINE('',#561,#9749);
#9747=LINE('',#565,#9750);
#9748=VECTOR('',#9751,1.0);
#9749=VECTOR('',#9752,1.0);
#9750=VECTOR('',#9753,1.0);
#9751=DIRECTION('',(0.9966496691752154,0.03595911370001801,0.07346005087694235));
#9752=DIRECTION('',(0,-0.43861903348219833,-0.8986731015598175));
#9753=DIRECTION('',(-0.9999999786512217,-4.695011918997999E-06,0.00020658052443591192));
#9754=STYLED_ITEM('',(#25),#9755);
#9755=FACE_SURFACE('',(#9760),#9756,.T.);
#9756=PLANE('',#9757);
#9757=AXIS2_PLACEMENT_3D('',#563,#9758,#9759);
#9758=DIRECTION('',(-9.682235987715657E-05,0.893845049837067,-0.44837597784359695));
#9759=DIRECTION('',(0.9999999786512217,4.695011918997999E-06,-0.00020658052443591192));
#9760=FACE_BOUND('',#9761,.T.);
#9761=EDGE_LOOP('',(#9762,#9763,#9764));
#9762=ORIENTED_EDGE('',*,*,#9765,.T.);
#9763=ORIENTED_EDGE('',*,*,#9766,.T.);
#9764=ORIENTED_EDGE('',*,*,#9767,.T.);
#9765=EDGE_CURVE('',#564,#566,#9768,.F.);
#9766=EDGE_CURVE('',#566,#568,#9769,.T.);
#9767=EDGE_CURVE('',#568,#564,#9770,.T.);
#9768=LINE('',#563,#9771);
#9769=LINE('',#565,#9772);
#9770=LINE('',#567,#9773);
#9771=VECTOR('',#9774,1.0);
#9772=VECTOR('',#9775,1.0);
#9773=VECTOR('',#9776,1.0);
#9774=DIRECTION('',(0.9999999786512217,4.695011918997999E-06,-0.00020658052443591192));
#9775=DIRECTION('',(-0.9966395152209995,-0.036813877450801974,-0.07317386915483207));
#9776=DIRECTION('',(0,0.4483759799452628,0.8938450540267732));
#9777=STYLED_ITEM('',(#25),#9778);
#9778=FACE_SURFACE('',(#9783),#9779,.T.);
#9779=PLANE('',#9780);
#9780=AXIS2_PLACEMENT_3D('',#567,#9781,#9782);
#9781=DIRECTION('',(-7.243947120621116E-05,0.8937119929332044,-0.44864113547453843));
#9782=DIRECTION('',(0.9966395152209995,0.036813877450801974,0.07317386915483207));
#9783=FACE_BOUND('',#9784,.T.);
#9784=EDGE_LOOP('',(#9785,#9786,#9787));
#9785=ORIENTED_EDGE('',*,*,#9788,.T.);
#9786=ORIENTED_EDGE('',*,*,#9789,.T.);
#9787=ORIENTED_EDGE('',*,*,#9790,.T.);
#9788=EDGE_CURVE('',#568,#566,#9791,.F.);
#9789=EDGE_CURVE('',#566,#570,#9792,.T.);
#9790=EDGE_CURVE('',#570,#568,#9793,.T.);
#9791=LINE('',#567,#9794);
#9792=LINE('',#565,#9795);
#9793=LINE('',#569,#9796);
#9794=VECTOR('',#9797,1.0);
#9795=VECTOR('',#9798,1.0);
#9796=VECTOR('',#9799,1.0);
#9797=DIRECTION('',(0.9966395152209995,0.036813877450801974,0.07317386915483207));
#9798=DIRECTION('',(0,-0.44864113665165545,-0.893711995278071));
#9799=DIRECTION('',(-0.9999999973761777,-6.455641509503852E-05,3.286508404838325E-05));
#9800=STYLED_ITEM('',(#25),#9801);
#9801=FACE_SURFACE('',(#9806),#9802,.T.);
#9802=PLANE('',#9803);
#9803=AXIS2_PLACEMENT_3D('',#567,#9804,#9805);
#9804=DIRECTION('',(-7.243942212455812E-05,0.8885313427596265,-0.458815919172717));
#9805=DIRECTION('',(0.9999999973761777,6.455641509503852E-05,-3.286508404838325E-05));
#9806=FACE_BOUND('',#9807,.T.);
#9807=EDGE_LOOP('',(#9808,#9809,#9810));
#9808=ORIENTED_EDGE('',*,*,#9811,.T.);
#9809=ORIENTED_EDGE('',*,*,#9812,.T.);
#9810=ORIENTED_EDGE('',*,*,#9813,.T.);
#9811=EDGE_CURVE('',#568,#570,#9814,.F.);
#9812=EDGE_CURVE('',#570,#572,#9815,.T.);
#9813=EDGE_CURVE('',#572,#568,#9816,.T.);
#9814=LINE('',#567,#9817);
#9815=LINE('',#569,#9818);
#9816=LINE('',#571,#9819);
#9817=VECTOR('',#9820,1.0);
#9818=VECTOR('',#9821,1.0);
#9819=VECTOR('',#9822,1.0);
#9820=DIRECTION('',(0.9999999973761777,6.455641509503852E-05,-3.286508404838325E-05));
#9821=DIRECTION('',(-0.9966055328400915,-0.03783616985580768,-0.0731152252486444));
#9822=DIRECTION('',(0,0.45881592037652835,0.8885313450908972));
#9823=STYLED_ITEM('',(#25),#9824);
#9824=FACE_SURFACE('',(#9829),#9825,.T.);
#9825=PLANE('',#9826);
#9826=AXIS2_PLACEMENT_3D('',#571,#9827,#9828);
#9827=DIRECTION('',(-5.269738848276284E-05,0.8884216651473925,-0.4590282585197992));
#9828=DIRECTION('',(0.9966055328400915,0.03783616985580768,0.0731152252486444));
#9829=FACE_BOUND('',#9830,.T.);
#9830=EDGE_LOOP('',(#9831,#9832,#9833));
#9831=ORIENTED_EDGE('',*,*,#9834,.T.);
#9832=ORIENTED_EDGE('',*,*,#9835,.T.);
#9833=ORIENTED_EDGE('',*,*,#9836,.T.);
#9834=EDGE_CURVE('',#572,#570,#9837,.F.);
#9835=EDGE_CURVE('',#570,#574,#9838,.T.);
#9836=EDGE_CURVE('',#574,#572,#9839,.T.);
#9837=LINE('',#571,#9840);
#9838=LINE('',#569,#9841);
#9839=LINE('',#573,#9842);
#9840=VECTOR('',#9843,1.0);
#9841=VECTOR('',#9844,1.0);
#9842=VECTOR('',#9845,1.0);
#9843=DIRECTION('',(0.9966055328400915,0.03783616985580768,0.0731152252486444));
#9844=DIRECTION('',(0,-0.45902825915716333,-0.8884216663809726));
#9845=DIRECTION('',(-0.9999999835447979,3.286508359381379E-05,0.00017841045379498913));
#9846=STYLED_ITEM('',(#25),#9847);
#9847=FACE_SURFACE('',(#9852),#9848,.T.);
#9848=PLANE('',#9849);
#9849=AXIS2_PLACEMENT_3D('',#571,#9850,#9851);
#9850=DIRECTION('',(-5.4778189221803445E-05,0.8828452335821294,-0.46966401878434905));
#9851=DIRECTION('',(0.9999999835447979,-3.286508359381379E-05,-0.00017841045379498913));
#9852=FACE_BOUND('',#9853,.T.);
#9853=EDGE_LOOP('',(#9854,#9855,#9856));
#9854=ORIENTED_EDGE('',*,*,#9857,.T.);
#9855=ORIENTED_EDGE('',*,*,#9858,.T.);
#9856=ORIENTED_EDGE('',*,*,#9859,.T.);
#9857=EDGE_CURVE('',#572,#574,#9860,.F.);
#9858=EDGE_CURVE('',#574,#576,#9861,.T.);
#9859=EDGE_CURVE('',#576,#572,#9862,.T.);
#9860=LINE('',#571,#9863);
#9861=LINE('',#573,#9864);
#9862=LINE('',#575,#9865);
#9863=VECTOR('',#9866,1.0);
#9864=VECTOR('',#9867,1.0);
#9865=VECTOR('',#9868,1.0);
#9866=DIRECTION('',(0.9999999835447979,-3.286508359381379E-05,-0.00017841045379498913));
#9867=DIRECTION('',(-0.9966079496283818,-0.03869955303198683,-0.07262877757911913));
#9868=DIRECTION('',(0,0.4696640194889978,0.8828452349066842));
#9869=STYLED_ITEM('',(#25),#9870);
#9870=FACE_SURFACE('',(#9875),#9871,.T.);
#9871=PLANE('',#9872);
#9872=AXIS2_PLACEMENT_3D('',#575,#9873,#9874);
#9873=DIRECTION('',(-4.19798998331019E-05,0.8827724311159499,-0.4698008440811101));
#9874=DIRECTION('',(0.9966079496283818,0.03869955303198683,0.07262877757911913));
#9875=FACE_BOUND('',#9876,.T.);
#9876=EDGE_LOOP('',(#9877,#9878,#9879));
#9877=ORIENTED_EDGE('',*,*,#9880,.T.);
#9878=ORIENTED_EDGE('',*,*,#9881,.T.);
#9879=ORIENTED_EDGE('',*,*,#9882,.T.);
#9880=EDGE_CURVE('',#576,#574,#9883,.F.);
#9881=EDGE_CURVE('',#574,#578,#9884,.T.);
#9882=EDGE_CURVE('',#578,#576,#9885,.T.);
#9883=LINE('',#575,#9886);
#9884=LINE('',#573,#9887);
#9885=LINE('',#577,#9888);
#9886=VECTOR('',#9889,1.0);
#9887=VECTOR('',#9890,1.0);
#9888=VECTOR('',#9891,1.0);
#9889=DIRECTION('',(0.9966079496283818,0.03869955303198683,0.07262877757911913));
#9890=DIRECTION('',(0,-0.4698008444950779,-0.8827724318938102));
#9891=DIRECTION('',(-0.9999999991182745,-3.756009612072846E-05,1.878004806036423E-05));
#9892=STYLED_ITEM('',(#25),#9893);
#9893=FACE_SURFACE('',(#9898),#9894,.T.);
#9894=PLANE('',#9895);
#9895=AXIS2_PLACEMENT_3D('',#575,#9896,#9897);
#9896=DIRECTION('',(-4.1963027883330245E-05,0.8767551569319992,-0.4809369948675707));
#9897=DIRECTION('',(0.9999999991182745,3.756009612072846E-05,-1.878004806036423E-05));
#9898=FACE_BOUND('',#9899,.T.);
#9899=EDGE_LOOP('',(#9900,#9901,#9902));
#9900=ORIENTED_EDGE('',*,*,#9903,.T.);
#9901=ORIENTED_EDGE('',*,*,#9904,.T.);
#9902=ORIENTED_EDGE('',*,*,#9905,.T.);
#9903=EDGE_CURVE('',#576,#578,#9906,.F.);
#9904=EDGE_CURVE('',#578,#580,#9907,.T.);
#9905=EDGE_CURVE('',#580,#576,#9908,.T.);
#9906=LINE('',#575,#9909);
#9907=LINE('',#577,#9910);
#9908=LINE('',#579,#9911);
#9909=VECTOR('',#9912,1.0);
#9910=VECTOR('',#9913,1.0);
#9911=VECTOR('',#9914,1.0);
#9912=DIRECTION('',(0.9999999991182745,3.756009612072846E-05,-1.878004806036423E-05));
#9913=DIRECTION('',(-0.9965878165177481,-0.039732828420384746,-0.07234657085241428));
#9914=DIRECTION('',(0,0.48093699529101064,0.8767551577039364));
#9915=STYLED_ITEM('',(#25),#9916);
#9916=FACE_SURFACE('',(#9921),#9917,.T.);
#9917=PLANE('',#9918);
#9918=AXIS2_PLACEMENT_3D('',#579,#9919,#9920);
#9919=DIRECTION('',(-3.479370451443486E-05,0.8767135224343806,-0.48101288794594577));
#9920=DIRECTION('',(0.9965878165177481,0.039732828420384746,0.07234657085241428));
#9921=FACE_BOUND('',#9922,.T.);
#9922=EDGE_LOOP('',(#9923,#9924,#9925));
#9923=ORIENTED_EDGE('',*,*,#9926,.T.);
#9924=ORIENTED_EDGE('',*,*,#9927,.T.);
#9925=ORIENTED_EDGE('',*,*,#9928,.T.);
#9926=EDGE_CURVE('',#580,#578,#9929,.F.);
#9927=EDGE_CURVE('',#578,#582,#9930,.T.);
#9928=EDGE_CURVE('',#582,#580,#9931,.T.);
#9929=LINE('',#579,#9932);
#9930=LINE('',#577,#9933);
#9931=LINE('',#581,#9934);
#9932=VECTOR('',#9935,1.0);
#9933=VECTOR('',#9936,1.0);
#9934=VECTOR('',#9937,1.0);
#9935=DIRECTION('',(0.9965878165177481,0.039732828420384746,0.07234657085241428));
#9936=DIRECTION('',(0,-0.48101288823710325,-0.8767135229650561));
#9937=DIRECTION('',(-0.9999999852248983,5.047137846101101E-05,0.00016432541824515213));
#9938=STYLED_ITEM('',(#25),#9939);
#9939=FACE_SURFACE('',(#9944),#9940,.T.);
#9940=PLANE('',#9941);
#9941=AXIS2_PLACEMENT_3D('',#579,#9942,#9943);
#9942=DIRECTION('',(-3.7030690911504986E-05,0.8702353000878676,-0.49263629698765277));
#9943=DIRECTION('',(0.9999999852248983,-5.047137846101101E-05,-0.00016432541824515213));
#9944=FACE_BOUND('',#9945,.T.);
#9945=EDGE_LOOP('',(#9946,#9947,#9948));
#9946=ORIENTED_EDGE('',*,*,#9949,.T.);
#9947=ORIENTED_EDGE('',*,*,#9950,.T.);
#9948=ORIENTED_EDGE('',*,*,#9951,.T.);
#9949=EDGE_CURVE('',#580,#582,#9952,.F.);
#9950=EDGE_CURVE('',#582,#584,#9953,.T.);
#9951=EDGE_CURVE('',#584,#580,#9954,.T.);
#9952=LINE('',#579,#9955);
#9953=LINE('',#581,#9956);
#9954=LINE('',#583,#9957);
#9955=VECTOR('',#9958,1.0);
#9956=VECTOR('',#9959,1.0);
#9957=VECTOR('',#9960,1.0);
#9958=DIRECTION('',(0.9999999852248983,-5.047137846101101E-05,-0.00016432541824515213));
#9959=DIRECTION('',(-0.9966025730046579,-0.040606061632256954,-0.07165514105221478));
#9960=DIRECTION('',(0,0.49263629732542197,0.8702353006845324));
#9961=STYLED_ITEM('',(#25),#9962);
#9962=FACE_SURFACE('',(#9967),#9963,.T.);
#9963=PLANE('',#9964);
#9964=AXIS2_PLACEMENT_3D('',#583,#9965,#9966);
#9965=DIRECTION('',(-3.5809226444381396E-05,0.870228018740126,-0.49264915925771563));
#9966=DIRECTION('',(0.9966025730046579,0.040606061632256954,0.07165514105221478));
#9967=FACE_BOUND('',#9968,.T.);
#9968=EDGE_LOOP('',(#9969,#9970,#9971));
#9969=ORIENTED_EDGE('',*,*,#9972,.T.);
#9970=ORIENTED_EDGE('',*,*,#9973,.T.);
#9971=ORIENTED_EDGE('',*,*,#9974,.T.);
#9972=EDGE_CURVE('',#584,#582,#9975,.F.);
#9973=EDGE_CURVE('',#582,#586,#9976,.T.);
#9974=EDGE_CURVE('',#586,#584,#9977,.T.);
#9975=LINE('',#583,#9978);
#9976=LINE('',#581,#9979);
#9977=LINE('',#585,#9980);
#9978=VECTOR('',#9981,1.0);
#9979=VECTOR('',#9982,1.0);
#9980=VECTOR('',#9983,1.0);
#9981=DIRECTION('',(0.9966025730046579,0.040606061632256954,0.07165514105221478));
#9982=DIRECTION('',(0,-0.4926491595735778,-0.870228019298073));
#9983=DIRECTION('',(-0.9999999993579937,-3.051757810540752E-05,1.8780048064866167E-05));
#9984=STYLED_ITEM('',(#25),#9985);
#9985=FACE_SURFACE('',(#9990),#9986,.T.);
#9986=PLANE('',#9987);
#9987=AXIS2_PLACEMENT_3D('',#583,#9988,#9989);
#9988=DIRECTION('',(-3.5824029424618864E-05,0.8632494283102227,-0.5047775977979932));
#9989=DIRECTION('',(0.9999999993579937,3.051757810540752E-05,-1.8780048064866167E-05));
#9990=FACE_BOUND('',#9991,.T.);
#9991=EDGE_LOOP('',(#9992,#9993,#9994));
#9992=ORIENTED_EDGE('',*,*,#9995,.T.);
#9993=ORIENTED_EDGE('',*,*,#9996,.T.);
#9994=ORIENTED_EDGE('',*,*,#9997,.T.);
#9995=EDGE_CURVE('',#584,#586,#9998,.F.);
#9996=EDGE_CURVE('',#586,#588,#9999,.T.);
#9997=EDGE_CURVE('',#588,#584,#10000,.T.);
#9998=LINE('',#583,#10001);
#9999=LINE('',#585,#10002);
#10000=LINE('',#587,#10003);
#10001=VECTOR('',#10004,1.0);
#10002=VECTOR('',#10005,1.0);
#10003=VECTOR('',#10006,1.0);
#10004=DIRECTION('',(0.9999999993579937,3.051757810540752E-05,-1.8780048064866167E-05));
#10005=DIRECTION('',(-0.9965954814929405,-0.04164802612665576,-0.071153975205938));
#10006=DIRECTION('',(0,0.5047775981218992,0.863249428864153));
#10007=STYLED_ITEM('',(#25),#10008);
#10008=FACE_SURFACE('',(#10013),#10009,.T.);
#10009=PLANE('',#10010);
#10010=AXIS2_PLACEMENT_3D('',#587,#10011,#10012);
#10011=DIRECTION('',(-3.330415729343439E-05,0.8632340526481918,-0.5048038918623865));
#10012=DIRECTION('',(0.9965954814929405,0.04164802612665576,0.071153975205938));
#10013=FACE_BOUND('',#10014,.T.);
#10014=EDGE_LOOP('',(#10015,#10016,#10017));
#10015=ORIENTED_EDGE('',*,*,#10018,.T.);
#10016=ORIENTED_EDGE('',*,*,#10019,.T.);
#10017=ORIENTED_EDGE('',*,*,#10020,.T.);
#10018=EDGE_CURVE('',#588,#586,#10021,.F.);
#10019=EDGE_CURVE('',#586,#590,#10022,.T.);
#10020=EDGE_CURVE('',#590,#588,#10023,.T.);
#10021=LINE('',#587,#10024);
#10022=LINE('',#585,#10025);
#10023=LINE('',#589,#10026);
#10024=VECTOR('',#10027,1.0);
#10025=VECTOR('',#10028,1.0);
#10026=VECTOR('',#10029,1.0);
#10027=DIRECTION('',(0.9965954814929405,0.04164802612665576,0.071153975205938));
#10028=DIRECTION('',(0,-0.5048038921423424,-0.8632340531269271));
#10029=DIRECTION('',(-0.9999999848446542,5.751389636393393E-05,0.00016432541818266837));
#10030=STYLED_ITEM('',(#25),#10031);
#10031=FACE_SURFACE('',(#10036),#10032,.T.);
#10032=PLANE('',#10033);
#10033=AXIS2_PLACEMENT_3D('',#587,#10034,#10035);
#10034=DIRECTION('',(-3.58086691428302E-05,0.8557319830319549,-0.517419338577461));
#10035=DIRECTION('',(0.9999999848446542,-5.751389636393393E-05,-0.00016432541818266837));
#10036=FACE_BOUND('',#10037,.T.);
#10037=EDGE_LOOP('',(#10038,#10039,#10040));
#10038=ORIENTED_EDGE('',*,*,#10041,.T.);
#10039=ORIENTED_EDGE('',*,*,#10042,.T.);
#10040=ORIENTED_EDGE('',*,*,#10043,.T.);
#10041=EDGE_CURVE('',#588,#590,#10044,.F.);
#10042=EDGE_CURVE('',#590,#592,#10045,.T.);
#10043=EDGE_CURVE('',#592,#588,#10046,.T.);
#10044=LINE('',#587,#10047);
#10045=LINE('',#589,#10048);
#10046=LINE('',#591,#10049);
#10047=VECTOR('',#10050,1.0);
#10048=VECTOR('',#10051,1.0);
#10049=VECTOR('',#10052,1.0);
#10050=DIRECTION('',(0.9999999848446542,-5.751389636393393E-05,-0.00016432541818266837));
#10051=DIRECTION('',(-0.9966221366372591,-0.04252297185915552,-0.07025748094580288));
#10052=DIRECTION('',(0,0.5174193389091943,0.8557319835805907));
#10053=STYLED_ITEM('',(#25),#10054);
#10054=FACE_SURFACE('',(#10059),#10055,.T.);
#10055=PLANE('',#10056);
#10056=AXIS2_PLACEMENT_3D('',#591,#10057,#10058);
#10057=DIRECTION('',(-3.2398190129546185E-05,0.8557105673223002,-0.5174547554359747));
#10058=DIRECTION('',(0.9966221366372591,0.04252297185915552,0.07025748094580288));
#10059=FACE_BOUND('',#10060,.T.);
#10060=EDGE_LOOP('',(#10061,#10062,#10063));
#10061=ORIENTED_EDGE('',*,*,#10064,.T.);
#10062=ORIENTED_EDGE('',*,*,#10065,.T.);
#10063=ORIENTED_EDGE('',*,*,#10066,.T.);
#10064=EDGE_CURVE('',#592,#590,#10067,.F.);
#10065=EDGE_CURVE('',#590,#594,#10068,.T.);
#10066=EDGE_CURVE('',#594,#592,#10069,.T.);
#10067=LINE('',#591,#10070);
#10068=LINE('',#589,#10071);
#10069=LINE('',#593,#10072);
#10070=VECTOR('',#10073,1.0);
#10071=VECTOR('',#10074,1.0);
#10072=VECTOR('',#10075,1.0);
#10073=DIRECTION('',(0.9966221366372591,0.04252297185915552,0.07025748094580288));
#10074=DIRECTION('',(0,-0.5174547557075461,-0.8557105677713954));
#10075=DIRECTION('',(-0.999999999470276,-2.9343825104648176E-05,1.4085036050231124E-05));
#10076=STYLED_ITEM('',(#25),#10077);
#10077=FACE_SURFACE('',(#10082),#10078,.T.);
#10078=PLANE('',#10079);
#10079=AXIS2_PLACEMENT_3D('',#591,#10080,#10081);
#10080=DIRECTION('',(-3.2360002518792536E-05,0.8496980977642782,-0.5272695151519737));
#10081=DIRECTION('',(0.999999999470276,2.9343825104648176E-05,-1.4085036050231124E-05));
#10082=FACE_BOUND('',#10083,.T.);
#10083=EDGE_LOOP('',(#10084,#10085,#10086));
#10084=ORIENTED_EDGE('',*,*,#10087,.T.);
#10085=ORIENTED_EDGE('',*,*,#10088,.T.);
#10086=ORIENTED_EDGE('',*,*,#10089,.T.);
#10087=EDGE_CURVE('',#592,#594,#10090,.F.);
#10088=EDGE_CURVE('',#594,#596,#10091,.T.);
#10089=EDGE_CURVE('',#596,#592,#10092,.T.);
#10090=LINE('',#591,#10093);
#10091=LINE('',#593,#10094);
#10092=LINE('',#595,#10095);
#10093=VECTOR('',#10096,1.0);
#10094=VECTOR('',#10097,1.0);
#10095=VECTOR('',#10098,1.0);
#10096=DIRECTION('',(0.999999999470276,2.9343825104648176E-05,-1.4085036050231124E-05));
#10097=DIRECTION('',(0,-0.527269515428044,-0.8496980982091672));
#10098=DIRECTION('',(-0.999121650583789,0.0220671106180457,0.03562260467310178));
#10099=STYLED_ITEM('',(#25),#10100);
#10100=FACE_SURFACE('',(#10105),#10101,.T.);
#10101=PLANE('',#10102);
#10102=AXIS2_PLACEMENT_3D('',#595,#10103,#10104);
#10103=DIRECTION('',(0,0.8496980982091672,-0.527269515428044));
#10104=DIRECTION('',(0,0.527269515428044,0.8496980982091672));
#10105=FACE_BOUND('',#10106,.T.);
#10106=EDGE_LOOP('',(#10107,#10108,#10109));
#10107=ORIENTED_EDGE('',*,*,#10110,.T.);
#10108=ORIENTED_EDGE('',*,*,#10111,.T.);
#10109=ORIENTED_EDGE('',*,*,#10112,.T.);
#10110=EDGE_CURVE('',#596,#594,#10113,.F.);
#10111=EDGE_CURVE('',#594,#598,#10114,.T.);
#10112=EDGE_CURVE('',#598,#596,#10115,.T.);
#10113=LINE('',#595,#10116);
#10114=LINE('',#593,#10117);
#10115=LINE('',#597,#10118);
#10116=VECTOR('',#10119,1.0);
#10117=VECTOR('',#10120,1.0);
#10118=VECTOR('',#10121,1.0);
#10119=DIRECTION('',(0,0.527269515428044,0.8496980982091672));
#10120=DIRECTION('',(0.9991215045237205,-0.022096425438791062,-0.03560852680307036));
#10121=DIRECTION('',(-1,0,0));
#10122=STYLED_ITEM('',(#25),#10123);
#10123=FACE_SURFACE('',(#10128),#10124,.T.);
#10124=PLANE('',#10125);
#10125=AXIS2_PLACEMENT_3D('',#595,#10126,#10127);
#10126=DIRECTION('',(0,0.8454134124471943,-0.5341124994365796));
#10127=DIRECTION('',(1,0,0));
#10128=FACE_BOUND('',#10129,.T.);
#10129=EDGE_LOOP('',(#10130,#10131,#10132));
#10130=ORIENTED_EDGE('',*,*,#10133,.T.);
#10131=ORIENTED_EDGE('',*,*,#10134,.T.);
#10132=ORIENTED_EDGE('',*,*,#10135,.T.);
#10133=EDGE_CURVE('',#596,#598,#10136,.F.);
#10134=EDGE_CURVE('',#598,#600,#10137,.T.);
#10135=EDGE_CURVE('',#600,#596,#10138,.T.);
#10136=LINE('',#595,#10139);
#10137=LINE('',#597,#10140);
#10138=LINE('',#599,#10141);
#10139=VECTOR('',#10142,1.0);
#10140=VECTOR('',#10143,1.0);
#10141=VECTOR('',#10144,1.0);
#10142=DIRECTION('',(1,0,0));
#10143=DIRECTION('',(0,-0.5341124994365796,-0.8454134124471944));
#10144=DIRECTION('',(-0.9991447493316168,0.0220852120260538,0.03495730671583537));
#10145=STYLED_ITEM('',(#25),#10146);
#10146=FACE_SURFACE('',(#10151),#10147,.T.);
#10147=PLANE('',#10148);
#10148=AXIS2_PLACEMENT_3D('',#599,#10149,#10150);
#10149=DIRECTION('',(2.4164767999714623E-05,0.8454134122003606,-0.5341124992806358));
#10150=DIRECTION('',(0,0.5341124994365796,0.8454134124471944));
#10151=FACE_BOUND('',#10152,.T.);
#10152=EDGE_LOOP('',(#10153,#10154,#10155));
#10153=ORIENTED_EDGE('',*,*,#10156,.T.);
#10154=ORIENTED_EDGE('',*,*,#10157,.T.);
#10155=ORIENTED_EDGE('',*,*,#10158,.T.);
#10156=EDGE_CURVE('',#600,#598,#10159,.F.);
#10157=EDGE_CURVE('',#598,#424,#10160,.T.);
#10158=EDGE_CURVE('',#424,#600,#10161,.T.);
#10159=LINE('',#599,#10162);
#10160=LINE('',#597,#10163);
#10161=LINE('',#423,#10164);
#10162=VECTOR('',#10165,1.0);
#10163=VECTOR('',#10166,1.0);
#10164=VECTOR('',#10167,1.0);
#10165=DIRECTION('',(0,0.5341124994365796,0.8454134124471944));
#10166=DIRECTION('',(0.9991846776622768,-0.02158413791092687,-0.03411898174878746));
#10167=DIRECTION('',(-0.9999995206723118,-0.0005023660452596218,-0.0008404067486118906));
#10168=STYLED_ITEM('',(#25),#10169);
#10169=FACE_SURFACE('',(#10174),#10170,.T.);
#10170=PLANE('',#10171);
#10171=AXIS2_PLACEMENT_3D('',#599,#10172,#10173);
#10172=DIRECTION('',(3.203578083084447E-05,0.8410906349956501,-0.540894206565686));
#10173=DIRECTION('',(0.9999995206723118,0.0005023660452596218,0.0008404067486118906));
#10174=FACE_BOUND('',#10175,.T.);
#10175=EDGE_LOOP('',(#10176,#10177,#10178));
#10176=ORIENTED_EDGE('',*,*,#10179,.T.);
#10177=ORIENTED_EDGE('',*,*,#10180,.T.);
#10178=ORIENTED_EDGE('',*,*,#10181,.T.);
#10179=EDGE_CURVE('',#600,#424,#10182,.F.);
#10180=EDGE_CURVE('',#424,#602,#10183,.T.);
#10181=EDGE_CURVE('',#602,#600,#10184,.T.);
#10182=LINE('',#599,#10185);
#10183=LINE('',#423,#10186);
#10184=LINE('',#601,#10187);
#10185=VECTOR('',#10188,1.0);
#10186=VECTOR('',#10189,1.0);
#10187=VECTOR('',#10190,1.0);
#10188=DIRECTION('',(0.9999995206723118,0.0005023660452596218,0.0008404067486118906));
#10189=DIRECTION('',(-0.9991277497197438,-0.02255979159001126,-0.035139657701465786));
#10190=DIRECTION('',(0,0.5408942068432434,0.8410906354272519));
#10191=STYLED_ITEM('',(#25),#10192);
#10192=FACE_SURFACE('',(#10197),#10193,.T.);
#10193=PLANE('',#10194);
#10194=AXIS2_PLACEMENT_3D('',#601,#10195,#10196);
#10195=DIRECTION('',(0.0001960954996305127,0.8389609178681907,-0.5441916388886529));
#10196=DIRECTION('',(0.9991277497197438,0.02255979159001126,0.035139657701465786));
#10197=FACE_BOUND('',#10198,.T.);
#10198=EDGE_LOOP('',(#10199,#10200,#10201));
#10199=ORIENTED_EDGE('',*,*,#10202,.T.);
#10200=ORIENTED_EDGE('',*,*,#10203,.T.);
#10201=ORIENTED_EDGE('',*,*,#10204,.T.);
#10202=EDGE_CURVE('',#602,#424,#10205,.F.);
#10203=EDGE_CURVE('',#424,#422,#10206,.T.);
#10204=EDGE_CURVE('',#422,#602,#10207,.T.);
#10205=LINE('',#601,#10208);
#10206=LINE('',#423,#10209);
#10207=LINE('',#421,#10210);
#10208=VECTOR('',#10211,1.0);
#10209=VECTOR('',#10212,1.0);
#10210=VECTOR('',#10213,1.0);
#10211=DIRECTION('',(0.9991277497197438,0.02255979159001126,0.035139657701465786));
#10212=DIRECTION('',(0,-0.5441916493516747,-0.8389609339986599));
#10213=DIRECTION('',(-0.9991906229247486,0.022054560340411727,0.033640681138227595));
#10214=STYLED_ITEM('',(#25),#10215);
#10215=FACE_SURFACE('',(#10220),#10216,.T.);
#10216=PLANE('',#10217);
#10217=AXIS2_PLACEMENT_3D('',#601,#10218,#10219);
#10218=DIRECTION('',(2.183732497976911E-05,0.8365975292905111,-0.547818011303155));
#10219=DIRECTION('',(0.9991906229247486,-0.022054560340411727,-0.033640681138227595));
#10220=FACE_BOUND('',#10221,.T.);
#10221=EDGE_LOOP('',(#10222,#10223,#10224));
#10222=ORIENTED_EDGE('',*,*,#10225,.T.);
#10223=ORIENTED_EDGE('',*,*,#10226,.T.);
#10224=ORIENTED_EDGE('',*,*,#10227,.T.);
#10225=EDGE_CURVE('',#602,#422,#10228,.F.);
#10226=EDGE_CURVE('',#422,#604,#10229,.T.);
#10227=EDGE_CURVE('',#604,#602,#10230,.T.);
#10228=LINE('',#601,#10231);
#10229=LINE('',#421,#10232);
#10230=LINE('',#603,#10233);
#10231=VECTOR('',#10234,1.0);
#10232=VECTOR('',#10235,1.0);
#10233=VECTOR('',#10236,1.0);
#10234=DIRECTION('',(0.9991906229247486,-0.022054560340411727,-0.033640681138227595));
#10235=DIRECTION('',(-0.9999999997568367,1.9953801076878738E-05,-9.39002403617823E-06));
#10236=DIRECTION('',(0,0.5478180114337736,0.8365975294899848));
#10237=STYLED_ITEM('',(#25),#10238);
#10238=FACE_SURFACE('',(#10243),#10239,.T.);
#10239=PLANE('',#10240);
#10240=AXIS2_PLACEMENT_3D('',#603,#10241,#10242);
#10241=DIRECTION('',(2.1810672971777334E-05,0.8319581062236274,-0.5548384530771907));
#10242=DIRECTION('',(0.9999999997568367,-1.9953801076878738E-05,9.39002403617823E-06));
#10243=FACE_BOUND('',#10244,.T.);
#10244=EDGE_LOOP('',(#10245,#10246,#10247));
#10245=ORIENTED_EDGE('',*,*,#10248,.T.);
#10246=ORIENTED_EDGE('',*,*,#10249,.T.);
#10247=ORIENTED_EDGE('',*,*,#10250,.T.);
#10248=EDGE_CURVE('',#604,#422,#10251,.F.);
#10249=EDGE_CURVE('',#422,#606,#10252,.T.);
#10250=EDGE_CURVE('',#606,#604,#10253,.T.);
#10251=LINE('',#603,#10254);
#10252=LINE('',#421,#10255);
#10253=LINE('',#605,#10256);
#10254=VECTOR('',#10257,1.0);
#10255=VECTOR('',#10258,1.0);
#10256=VECTOR('',#10259,1.0);
#10257=DIRECTION('',(0.9999999997568367,-1.9953801076878738E-05,9.39002403617823E-06));
#10258=DIRECTION('',(-0.9991549622526362,-0.02278674893489981,-0.0342070969085516));
#10259=DIRECTION('',(0,0.5548384532091606,0.831958106421511));
#10260=STYLED_ITEM('',(#25),#10261);
#10261=FACE_SURFACE('',(#10266),#10262,.T.);
#10262=PLANE('',#10263);
#10263=AXIS2_PLACEMENT_3D('',#603,#10264,#10265);
#10264=DIRECTION('',(0,0.8319581064215109,-0.5548384532091606));
#10265=DIRECTION('',(0,-0.5548384532091606,-0.831958106421511));
#10266=FACE_BOUND('',#10267,.T.);
#10267=EDGE_LOOP('',(#10268,#10269,#10270));
#10268=ORIENTED_EDGE('',*,*,#10271,.T.);
#10269=ORIENTED_EDGE('',*,*,#10272,.T.);
#10270=ORIENTED_EDGE('',*,*,#10273,.T.);
#10271=EDGE_CURVE('',#604,#606,#10274,.F.);
#10272=EDGE_CURVE('',#606,#608,#10275,.T.);
#10273=EDGE_CURVE('',#608,#604,#10276,.T.);
#10274=LINE('',#603,#10277);
#10275=LINE('',#605,#10278);
#10276=LINE('',#607,#10279);
#10277=VECTOR('',#10280,1.0);
#10278=VECTOR('',#10281,1.0);
#10279=VECTOR('',#10282,1.0);
#10280=DIRECTION('',(0,-0.5548384532091606,-0.831958106421511));
#10281=DIRECTION('',(-0.9991548287588127,0.02280668282713979,0.034197710250393185));
#10282=DIRECTION('',(1,0,0));
#10283=STYLED_ITEM('',(#25),#10284);
#10284=FACE_SURFACE('',(#10289),#10285,.T.);
#10285=PLANE('',#10286);
#10286=AXIS2_PLACEMENT_3D('',#607,#10287,#10288);
#10287=DIRECTION('',(0,0.8319581064215109,-0.5548384532091606));
#10288=DIRECTION('',(0.9991548287588127,-0.02280668282713979,-0.034197710250393185));
#10289=FACE_BOUND('',#10290,.T.);
#10290=EDGE_LOOP('',(#10291,#10292,#10293));
#10291=ORIENTED_EDGE('',*,*,#10294,.T.);
#10292=ORIENTED_EDGE('',*,*,#10295,.T.);
#10293=ORIENTED_EDGE('',*,*,#10296,.T.);
#10294=EDGE_CURVE('',#608,#606,#10297,.F.);
#10295=EDGE_CURVE('',#606,#610,#10298,.T.);
#10296=EDGE_CURVE('',#610,#608,#10299,.T.);
#10297=LINE('',#607,#10300);
#10298=LINE('',#605,#10301);
#10299=LINE('',#609,#10302);
#10300=VECTOR('',#10303,1.0);
#10301=VECTOR('',#10304,1.0);
#10302=VECTOR('',#10305,1.0);
#10303=DIRECTION('',(0.9991548287588127,-0.02280668282713979,-0.034197710250393185));
#10304=DIRECTION('',(-1,0,0));
#10305=DIRECTION('',(0,0.5548384532091606,0.831958106421511));
#10306=STYLED_ITEM('',(#25),#10307);
#10307=FACE_SURFACE('',(#10312),#10308,.T.);
#10308=PLANE('',#10309);
#10309=AXIS2_PLACEMENT_3D('',#607,#10310,#10311);
#10310=DIRECTION('',(-2.1810672971777334E-05,0.8319581062236274,-0.5548384530771907));
#10311=DIRECTION('',(0,-0.5548384532091606,-0.831958106421511));
#10312=FACE_BOUND('',#10313,.T.);
#10313=EDGE_LOOP('',(#10314,#10315,#10316));
#10314=ORIENTED_EDGE('',*,*,#10317,.T.);
#10315=ORIENTED_EDGE('',*,*,#10318,.T.);
#10316=ORIENTED_EDGE('',*,*,#10319,.T.);
#10317=EDGE_CURVE('',#608,#610,#10320,.F.);
#10318=EDGE_CURVE('',#610,#612,#10321,.T.);
#10319=EDGE_CURVE('',#612,#608,#10322,.T.);
#10320=LINE('',#607,#10323);
#10321=LINE('',#609,#10324);
#10322=LINE('',#611,#10325);
#10323=VECTOR('',#10326,1.0);
#10324=VECTOR('',#10327,1.0);
#10325=VECTOR('',#10328,1.0);
#10326=DIRECTION('',(0,-0.5548384532091606,-0.831958106421511));
#10327=DIRECTION('',(-0.9991549622526362,0.02278674893489981,0.0342070969085516));
#10328=DIRECTION('',(0.9999999997568367,1.9953801076878738E-05,-9.39002403617823E-06));
#10329=STYLED_ITEM('',(#25),#10330);
#10330=FACE_SURFACE('',(#10335),#10331,.T.);
#10331=PLANE('',#10332);
#10332=AXIS2_PLACEMENT_3D('',#611,#10333,#10334);
#10333=DIRECTION('',(-0.0001967669922229833,0.8295908032868552,-0.558371794044632));
#10334=DIRECTION('',(0.9991549622526362,-0.02278674893489981,-0.0342070969085516));
#10335=FACE_BOUND('',#10336,.T.);
#10336=EDGE_LOOP('',(#10337,#10338,#10339));
#10337=ORIENTED_EDGE('',*,*,#10340,.T.);
#10338=ORIENTED_EDGE('',*,*,#10341,.T.);
#10339=ORIENTED_EDGE('',*,*,#10342,.T.);
#10340=EDGE_CURVE('',#612,#610,#10343,.F.);
#10341=EDGE_CURVE('',#610,#614,#10344,.T.);
#10342=EDGE_CURVE('',#614,#612,#10345,.T.);
#10343=LINE('',#611,#10346);
#10344=LINE('',#609,#10347);
#10345=LINE('',#613,#10348);
#10346=VECTOR('',#10349,1.0);
#10347=VECTOR('',#10350,1.0);
#10348=VECTOR('',#10351,1.0);
#10349=DIRECTION('',(0.9991549622526362,-0.02278674893489981,-0.0342070969085516));
#10350=DIRECTION('',(-0.9991785282884601,-0.022790804748804704,-0.033508921591254466));
#10351=DIRECTION('',(0,0.5583718048539423,0.8295908193465926));
#10352=STYLED_ITEM('',(#25),#10353);
#10353=FACE_SURFACE('',(#10358),#10354,.T.);
#10354=PLANE('',#10355);
#10355=AXIS2_PLACEMENT_3D('',#613,#10356,#10357);
#10356=DIRECTION('',(-1.3317516609069022E-05,0.8270567520701195,-0.5621184294060002));
#10357=DIRECTION('',(0.9991785282884601,0.022790804748804704,0.033508921591254466));
#10358=FACE_BOUND('',#10359,.T.);
#10359=EDGE_LOOP('',(#10360,#10361,#10362));
#10360=ORIENTED_EDGE('',*,*,#10363,.T.);
#10361=ORIENTED_EDGE('',*,*,#10364,.T.);
#10362=ORIENTED_EDGE('',*,*,#10365,.T.);
#10363=EDGE_CURVE('',#614,#610,#10366,.F.);
#10364=EDGE_CURVE('',#610,#616,#10367,.T.);
#10365=EDGE_CURVE('',#616,#614,#10368,.T.);
#10366=LINE('',#613,#10369);
#10367=LINE('',#609,#10370);
#10368=LINE('',#615,#10371);
#10369=VECTOR('',#10372,1.0);
#10370=VECTOR('',#10373,1.0);
#10371=VECTOR('',#10374,1.0);
#10372=DIRECTION('',(0.9991785282884601,0.022790804748804704,0.033508921591254466));
#10373=DIRECTION('',(0,-0.5621184294558479,-0.8270567521434614));
#10374=DIRECTION('',(-0.9999999999056277,-1.2911283051666148E-05,4.695012018787691E-06));
#10375=STYLED_ITEM('',(#25),#10376);
#10376=FACE_SURFACE('',(#10381),#10377,.T.);
#10377=PLANE('',#10378);
#10378=AXIS2_PLACEMENT_3D('',#613,#10379,#10380);
#10379=DIRECTION('',(-1.3286940196856152E-05,0.8220187346424619,-0.5694604461420153));
#10380=DIRECTION('',(0.9999999999056277,1.2911283051666148E-05,-4.695012018787691E-06));
#10381=FACE_BOUND('',#10382,.T.);
#10382=EDGE_LOOP('',(#10383,#10384,#10385));
#10383=ORIENTED_EDGE('',*,*,#10386,.T.);
#10384=ORIENTED_EDGE('',*,*,#10387,.T.);
#10385=ORIENTED_EDGE('',*,*,#10388,.T.);
#10386=EDGE_CURVE('',#614,#616,#10389,.F.);
#10387=EDGE_CURVE('',#616,#618,#10390,.T.);
#10388=EDGE_CURVE('',#618,#614,#10391,.T.);
#10389=LINE('',#613,#10392);
#10390=LINE('',#615,#10393);
#10391=LINE('',#617,#10394);
#10392=VECTOR('',#10395,1.0);
#10393=VECTOR('',#10396,1.0);
#10394=VECTOR('',#10397,1.0);
#10395=DIRECTION('',(0.9999999999056277,1.2911283051666148E-05,-4.695012018787691E-06));
#10396=DIRECTION('',(0,-0.5694604461922823,-0.8220187347150226));
#10397=DIRECTION('',(-0.9991633661388809,0.023278331644487407,0.033625690206596955));
#10398=STYLED_ITEM('',(#25),#10399);
#10399=FACE_SURFACE('',(#10404),#10400,.T.);
#10400=PLANE('',#10401);
#10401=AXIS2_PLACEMENT_3D('',#617,#10402,#10403);
#10402=DIRECTION('',(0,0.8220187347150226,-0.5694604461922823));
#10403=DIRECTION('',(0,0.5694604461922823,0.8220187347150226));
#10404=FACE_BOUND('',#10405,.T.);
#10405=EDGE_LOOP('',(#10406,#10407,#10408));
#10406=ORIENTED_EDGE('',*,*,#10409,.T.);
#10407=ORIENTED_EDGE('',*,*,#10410,.T.);
#10408=ORIENTED_EDGE('',*,*,#10411,.T.);
#10409=EDGE_CURVE('',#618,#616,#10412,.F.);
#10410=EDGE_CURVE('',#616,#620,#10413,.T.);
#10411=EDGE_CURVE('',#620,#618,#10414,.T.);
#10412=LINE('',#617,#10415);
#10413=LINE('',#615,#10416);
#10414=LINE('',#619,#10417);
#10415=VECTOR('',#10418,1.0);
#10416=VECTOR('',#10419,1.0);
#10417=VECTOR('',#10420,1.0);
#10418=DIRECTION('',(0,0.5694604461922823,0.8220187347150226));
#10419=DIRECTION('',(0.9991632236033088,-0.023291228802914794,-0.03362099432638275));
#10420=DIRECTION('',(-1,0,0));
#10421=STYLED_ITEM('',(#25),#10422);
#10422=FACE_SURFACE('',(#10427),#10423,.T.);
#10423=PLANE('',#10424);
#10424=AXIS2_PLACEMENT_3D('',#617,#10425,#10426);
#10425=DIRECTION('',(0,0.8167694547118788,-0.5769641738008178));
#10426=DIRECTION('',(1,0,0));
#10427=FACE_BOUND('',#10428,.T.);
#10428=EDGE_LOOP('',(#10429,#10430,#10431));
#10429=ORIENTED_EDGE('',*,*,#10432,.T.);
#10430=ORIENTED_EDGE('',*,*,#10433,.T.);
#10431=ORIENTED_EDGE('',*,*,#10434,.T.);
#10432=EDGE_CURVE('',#618,#620,#10435,.F.);
#10433=EDGE_CURVE('',#620,#622,#10436,.T.);
#10434=EDGE_CURVE('',#622,#618,#10437,.T.);
#10435=LINE('',#617,#10438);
#10436=LINE('',#619,#10439);
#10437=LINE('',#621,#10440);
#10438=VECTOR('',#10441,1.0);
#10439=VECTOR('',#10442,1.0);
#10440=VECTOR('',#10443,1.0);
#10441=DIRECTION('',(1,0,0));
#10442=DIRECTION('',(0,-0.5769641738008178,-0.8167694547118788));
#10443=DIRECTION('',(-0.9991872789997387,0.023256605579745737,0.03292281552368242));
#10444=STYLED_ITEM('',(#25),#10445);
#10445=FACE_SURFACE('',(#10450),#10446,.T.);
#10446=PLANE('',#10447);
#10447=AXIS2_PLACEMENT_3D('',#621,#10448,#10449);
#10448=DIRECTION('',(4.793428008460971E-06,0.8167694547024954,-0.5769641737941893));
#10449=DIRECTION('',(0,0.5769641738008178,0.8167694547118788));
#10450=FACE_BOUND('',#10451,.T.);
#10451=EDGE_LOOP('',(#10452,#10453,#10454));
#10452=ORIENTED_EDGE('',*,*,#10455,.T.);
#10453=ORIENTED_EDGE('',*,*,#10456,.T.);
#10454=ORIENTED_EDGE('',*,*,#10457,.T.);
#10455=EDGE_CURVE('',#622,#620,#10458,.F.);
#10456=EDGE_CURVE('',#620,#418,#10459,.T.);
#10457=EDGE_CURVE('',#418,#622,#10460,.T.);
#10458=LINE('',#621,#10461);
#10459=LINE('',#619,#10462);
#10460=LINE('',#417,#10463);
#10461=VECTOR('',#10464,1.0);
#10462=VECTOR('',#10465,1.0);
#10463=VECTOR('',#10466,1.0);
#10464=DIRECTION('',(0,0.5769641738008178,0.8167694547118788));
#10465=DIRECTION('',(0.9991871427167963,-0.02326246640224475,-0.032922811033214754));
#10466=DIRECTION('',(-0.9999999999827788,5.868765023937394E-06,0));
#10467=STYLED_ITEM('',(#25),#10468);
#10468=FACE_SURFACE('',(#10473),#10469,.T.);
#10469=PLANE('',#10470);
#10470=AXIS2_PLACEMENT_3D('',#621,#10471,#10472);
#10471=DIRECTION('',(4.761654473512079E-06,0.8113554476978277,-0.58455310919401));
#10472=DIRECTION('',(0.9999999999827788,-5.868765023937394E-06,0));
#10473=FACE_BOUND('',#10474,.T.);
#10474=EDGE_LOOP('',(#10475,#10476,#10477));
#10475=ORIENTED_EDGE('',*,*,#10478,.T.);
#10476=ORIENTED_EDGE('',*,*,#10479,.T.);
#10477=ORIENTED_EDGE('',*,*,#10480,.T.);
#10478=EDGE_CURVE('',#622,#418,#10481,.F.);
#10479=EDGE_CURVE('',#418,#624,#10482,.T.);
#10480=EDGE_CURVE('',#624,#622,#10483,.T.);
#10481=LINE('',#621,#10484);
#10482=LINE('',#417,#10485);
#10483=LINE('',#623,#10486);
#10484=VECTOR('',#10487,1.0);
#10485=VECTOR('',#10488,1.0);
#10486=VECTOR('',#10489,1.0);
#10487=DIRECTION('',(0.9999999999827788,-5.868765023937394E-06,0));
#10488=DIRECTION('',(-0.9991727943449649,-0.023767601424226095,-0.03299739631264312));
#10489=DIRECTION('',(0,0.584553109200637,0.8113554477070258));
#10490=STYLED_ITEM('',(#25),#10491);
#10491=FACE_SURFACE('',(#10496),#10492,.T.);
#10492=PLANE('',#10493);
#10493=AXIS2_PLACEMENT_3D('',#623,#10494,#10495);
#10494=DIRECTION('',(0.00019852577685441303,0.8085632820074772,-0.5884091939941225));
#10495=DIRECTION('',(0.9991727943449649,0.023767601424226095,0.03299739631264312));
#10496=FACE_BOUND('',#10497,.T.);
#10497=EDGE_LOOP('',(#10498,#10499,#10500));
#10498=ORIENTED_EDGE('',*,*,#10501,.T.);
#10499=ORIENTED_EDGE('',*,*,#10502,.T.);
#10500=ORIENTED_EDGE('',*,*,#10503,.T.);
#10501=EDGE_CURVE('',#624,#418,#10504,.F.);
#10502=EDGE_CURVE('',#418,#416,#10505,.T.);
#10503=EDGE_CURVE('',#416,#624,#10506,.T.);
#10504=LINE('',#623,#10507);
#10505=LINE('',#417,#10508);
#10506=LINE('',#415,#10509);
#10507=VECTOR('',#10510,1.0);
#10508=VECTOR('',#10511,1.0);
#10509=VECTOR('',#10512,1.0);
#10510=DIRECTION('',(0.9991727943449649,0.023767601424226095,0.03299739631264312));
#10511=DIRECTION('',(0,-0.588409205589457,-0.8085632979412214));
#10512=DIRECTION('',(-0.9991969533840133,0.023736510220500117,0.032280434177036674));
#10513=STYLED_ITEM('',(#25),#10514);
#10514=FACE_SURFACE('',(#10519),#10515,.T.);
#10515=PLANE('',#10516);
#10516=AXIS2_PLACEMENT_3D('',#623,#10517,#10518);
#10517=DIRECTION('',(0,0.8056403298662894,-0.592404978788106));
#10518=DIRECTION('',(0.9991969533840133,-0.023736510220500117,-0.032280434177036674));
#10519=FACE_BOUND('',#10520,.T.);
#10520=EDGE_LOOP('',(#10521,#10522,#10523));
#10521=ORIENTED_EDGE('',*,*,#10524,.T.);
#10522=ORIENTED_EDGE('',*,*,#10525,.T.);
#10523=ORIENTED_EDGE('',*,*,#10526,.T.);
#10524=EDGE_CURVE('',#624,#416,#10527,.F.);
#10525=EDGE_CURVE('',#416,#626,#10528,.T.);
#10526=EDGE_CURVE('',#626,#624,#10529,.T.);
#10527=LINE('',#623,#10530);
#10528=LINE('',#415,#10531);
#10529=LINE('',#625,#10532);
#10530=VECTOR('',#10533,1.0);
#10531=VECTOR('',#10534,1.0);
#10532=VECTOR('',#10535,1.0);
#10533=DIRECTION('',(0.9991969533840133,-0.023736510220500117,-0.032280434177036674));
#10534=DIRECTION('',(-1,0,0));
#10535=DIRECTION('',(0.9997990568388194,0.011875406770771242,0.016149942979332362));
#10536=STYLED_ITEM('',(#25),#10537);
#10537=FACE_SURFACE('',(#10542),#10538,.T.);
#10538=PLANE('',#10539);
#10539=AXIS2_PLACEMENT_3D('',#485,#10540,#10541);
#10540=DIRECTION('',(5.625789860423092E-07,0.9585985871609882,-0.28476086229087183));
#10541=DIRECTION('',(0.9999999999998278,-5.868765024037451E-07,0));
#10542=FACE_BOUND('',#10543,.T.);
#10543=EDGE_LOOP('',(#10544,#10545,#10546));
#10544=ORIENTED_EDGE('',*,*,#10547,.T.);
#10545=ORIENTED_EDGE('',*,*,#10548,.T.);
#10546=ORIENTED_EDGE('',*,*,#10549,.T.);
#10547=EDGE_CURVE('',#486,#478,#10550,.F.);
#10548=EDGE_CURVE('',#478,#628,#10551,.T.);
#10549=EDGE_CURVE('',#628,#486,#10552,.T.);
#10550=LINE('',#485,#10553);
#10551=LINE('',#477,#10554);
#10552=LINE('',#627,#10555);
#10553=VECTOR('',#10556,1.0);
#10554=VECTOR('',#10557,1.0);
#10555=VECTOR('',#10558,1.0);
#10556=DIRECTION('',(0.9999999999998278,-5.868765024037451E-07,0));
#10557=DIRECTION('',(-0.9968454557900829,-0.022600107517316784,-0.07608135389744022));
#10558=DIRECTION('',(0,0.28476086229091685,0.9585985871611399));
#10559=STYLED_ITEM('',(#25),#10560);
#10560=FACE_SURFACE('',(#10565),#10561,.T.);
#10561=PLANE('',#10562);
#10562=AXIS2_PLACEMENT_3D('',#627,#10563,#10564);
#10563=DIRECTION('',(5.625683573934473E-06,0.9585804766235609,-0.2848218211522747));
#10564=DIRECTION('',(0.9968454557900829,0.022600107517316784,0.07608135389744022));
#10565=FACE_BOUND('',#10566,.T.);
#10566=EDGE_LOOP('',(#10567,#10568,#10569));
#10567=ORIENTED_EDGE('',*,*,#10570,.T.);
#10568=ORIENTED_EDGE('',*,*,#10571,.T.);
#10569=ORIENTED_EDGE('',*,*,#10572,.T.);
#10570=EDGE_CURVE('',#628,#478,#10573,.F.);
#10571=EDGE_CURVE('',#478,#476,#10574,.T.);
#10572=EDGE_CURVE('',#476,#628,#10575,.T.);
#10573=LINE('',#627,#10576);
#10574=LINE('',#477,#10577);
#10575=LINE('',#475,#10578);
#10576=VECTOR('',#10579,1.0);
#10577=VECTOR('',#10580,1.0);
#10578=VECTOR('',#10581,1.0);
#10579=DIRECTION('',(0.9968454557900829,0.022600107517316784,0.07608135389744022));
#10580=DIRECTION('',(0,-0.2848218211567818,-0.9585804766387297));
#10581=DIRECTION('',(-0.9999999999827788,5.868765023937394E-06,0));
#10582=STYLED_ITEM('',(#25),#10583);
#10583=FACE_SURFACE('',(#10588),#10584,.T.);
#10584=PLANE('',#10585);
#10585=AXIS2_PLACEMENT_3D('',#627,#10586,#10587);
#10586=DIRECTION('',(5.6103028853376626E-06,0.9559597057230714,-0.2934979403716204));
#10587=DIRECTION('',(0.9999999999827788,-5.868765023937394E-06,0));
#10588=FACE_BOUND('',#10589,.T.);
#10589=EDGE_LOOP('',(#10590,#10591,#10592));
#10590=ORIENTED_EDGE('',*,*,#10593,.T.);
#10591=ORIENTED_EDGE('',*,*,#10594,.T.);
#10592=ORIENTED_EDGE('',*,*,#10595,.T.);
#10593=EDGE_CURVE('',#628,#476,#10596,.F.);
#10594=EDGE_CURVE('',#476,#630,#10597,.T.);
#10595=EDGE_CURVE('',#630,#628,#10598,.T.);
#10596=LINE('',#627,#10599);
#10597=LINE('',#475,#10600);
#10598=LINE('',#629,#10601);
#10599=VECTOR('',#10602,1.0);
#10600=VECTOR('',#10603,1.0);
#10601=VECTOR('',#10604,1.0);
#10602=DIRECTION('',(0.9999999999827788,-5.868765023937394E-06,0));
#10603=DIRECTION('',(-0.9967951244816038,-0.023473534900928694,-0.07647530953816992));
#10604=DIRECTION('',(0,0.29349794037623944,0.9559597057381161));
#10605=STYLED_ITEM('',(#25),#10606);
#10606=FACE_SURFACE('',(#10611),#10607,.T.);
#10607=PLANE('',#10608);
#10608=AXIS2_PLACEMENT_3D('',#629,#10609,#10610);
#10609=DIRECTION('',(1.933077029627203E-05,0.955909514260252,-0.29366136990256425));
#10610=DIRECTION('',(0.9967951244816038,0.023473534900928694,0.07647530953816992));
#10611=FACE_BOUND('',#10612,.T.);
#10612=EDGE_LOOP('',(#10613,#10614,#10615));
#10613=ORIENTED_EDGE('',*,*,#10616,.T.);
#10614=ORIENTED_EDGE('',*,*,#10617,.T.);
#10615=ORIENTED_EDGE('',*,*,#10618,.T.);
#10616=EDGE_CURVE('',#630,#476,#10619,.F.);
#10617=EDGE_CURVE('',#476,#474,#10620,.T.);
#10618=EDGE_CURVE('',#474,#630,#10621,.T.);
#10619=LINE('',#629,#10622);
#10620=LINE('',#475,#10623);
#10621=LINE('',#473,#10624);
#10622=VECTOR('',#10625,1.0);
#10623=VECTOR('',#10626,1.0);
#10624=VECTOR('',#10627,1.0);
#10625=DIRECTION('',(0.9967951244816038,0.023473534900928694,0.07647530953816992));
#10626=DIRECTION('',(0,-0.2936613699574317,-0.9559095144388533));
#10627=DIRECTION('',(-0.9999999998126333,1.878004807340432E-05,-4.69501201835108E-06));
#10628=STYLED_ITEM('',(#25),#10629);
#10629=FACE_SURFACE('',(#10634),#10630,.T.);
#10630=PLANE('',#10631);
#10631=AXIS2_PLACEMENT_3D('',#629,#10632,#10633);
#10632=DIRECTION('',(1.9321014847354242E-05,0.953295945852928,-0.30203781095596244));
#10633=DIRECTION('',(0.9999999998126333,-1.878004807340432E-05,4.69501201835108E-06));
#10634=FACE_BOUND('',#10635,.T.);
#10635=EDGE_LOOP('',(#10636,#10637,#10638));
#10636=ORIENTED_EDGE('',*,*,#10639,.T.);
#10637=ORIENTED_EDGE('',*,*,#10640,.T.);
#10638=ORIENTED_EDGE('',*,*,#10641,.T.);
#10639=EDGE_CURVE('',#630,#474,#10642,.F.);
#10640=EDGE_CURVE('',#474,#632,#10643,.T.);
#10641=EDGE_CURVE('',#632,#630,#10644,.T.);
#10642=LINE('',#629,#10645);
#10643=LINE('',#473,#10646);
#10644=LINE('',#631,#10647);
#10645=VECTOR('',#10648,1.0);
#10646=VECTOR('',#10649,1.0);
#10647=VECTOR('',#10650,1.0);
#10648=DIRECTION('',(0.9999999998126333,-1.878004807340432E-05,4.69501201835108E-06));
#10649=DIRECTION('',(-0.9967516681729592,-0.024306678957380326,-0.07678083974850577));
#10650=DIRECTION('',(0,0.30203781101233806,0.9532959460308615));
#10651=STYLED_ITEM('',(#25),#10652);
#10652=FACE_SURFACE('',(#10657),#10653,.T.);
#10653=PLANE('',#10654);
#10654=AXIS2_PLACEMENT_3D('',#631,#10655,#10656);
#10655=DIRECTION('',(4.229835769016599E-05,0.953210014002467,-0.3023088940409555));
#10656=DIRECTION('',(0.9967516681729592,0.024306678957380326,0.07678083974850577));
#10657=FACE_BOUND('',#10658,.T.);
#10658=EDGE_LOOP('',(#10659,#10660,#10661));
#10659=ORIENTED_EDGE('',*,*,#10662,.T.);
#10660=ORIENTED_EDGE('',*,*,#10663,.T.);
#10661=ORIENTED_EDGE('',*,*,#10664,.T.);
#10662=EDGE_CURVE('',#632,#474,#10665,.F.);
#10663=EDGE_CURVE('',#474,#472,#10666,.T.);
#10664=EDGE_CURVE('',#472,#632,#10667,.T.);
#10665=LINE('',#631,#10668);
#10666=LINE('',#473,#10669);
#10667=LINE('',#471,#10670);
#10668=VECTOR('',#10671,1.0);
#10669=VECTOR('',#10672,1.0);
#10670=VECTOR('',#10673,1.0);
#10671=DIRECTION('',(0.9967516681729592,0.024306678957380326,0.07678083974850577));
#10672=DIRECTION('',(0,-0.3023088943113937,-0.9532100148551853));
#10673=DIRECTION('',(-0.9999999991044976,3.990760212772418E-05,-1.4085036045079122E-05));
#10674=STYLED_ITEM('',(#25),#10675);
#10675=FACE_SURFACE('',(#10680),#10676,.T.);
#10676=PLANE('',#10677);
#10677=AXIS2_PLACEMENT_3D('',#631,#10678,#10679);
#10678=DIRECTION('',(4.23084207609905E-05,0.9506004538402858,-0.3104170990274863));
#10679=DIRECTION('',(0.9999999991044976,-3.990760212772418E-05,1.4085036045079122E-05));
#10680=FACE_BOUND('',#10681,.T.);
#10681=EDGE_LOOP('',(#10682,#10683,#10684));
#10682=ORIENTED_EDGE('',*,*,#10685,.T.);
#10683=ORIENTED_EDGE('',*,*,#10686,.T.);
#10684=ORIENTED_EDGE('',*,*,#10687,.T.);
#10685=EDGE_CURVE('',#632,#472,#10688,.F.);
#10686=EDGE_CURVE('',#472,#634,#10689,.T.);
#10687=EDGE_CURVE('',#634,#632,#10690,.T.);
#10688=LINE('',#631,#10691);
#10689=LINE('',#471,#10692);
#10690=LINE('',#633,#10693);
#10691=VECTOR('',#10694,1.0);
#10692=VECTOR('',#10695,1.0);
#10693=VECTOR('',#10696,1.0);
#10694=DIRECTION('',(0.9999999991044976,-3.990760212772418E-05,1.4085036045079122E-05));
#10695=DIRECTION('',(-0.9967148785347797,-0.025100726877538785,-0.07700262604365328));
#10696=DIRECTION('',(0,0.31041709930531003,0.9506004546910745));
#10697=STYLED_ITEM('',(#25),#10698);
#10698=FACE_SURFACE('',(#10703),#10699,.T.);
#10699=PLANE('',#10700);
#10700=AXIS2_PLACEMENT_3D('',#633,#10701,#10702);
#10701=DIRECTION('',(7.200215546627399E-05,0.9504869535776306,-0.3107644540393975));
#10702=DIRECTION('',(0.9967148785347797,0.025100726877538785,0.07700262604365328));
#10703=FACE_BOUND('',#10704,.T.);
#10704=EDGE_LOOP('',(#10705,#10706,#10707));
#10705=ORIENTED_EDGE('',*,*,#10708,.T.);
#10706=ORIENTED_EDGE('',*,*,#10709,.T.);
#10707=ORIENTED_EDGE('',*,*,#10710,.T.);
#10708=EDGE_CURVE('',#634,#472,#10711,.F.);
#10709=EDGE_CURVE('',#472,#470,#10712,.T.);
#10710=EDGE_CURVE('',#470,#634,#10713,.T.);
#10711=LINE('',#633,#10714);
#10712=LINE('',#471,#10715);
#10713=LINE('',#469,#10716);
#10714=VECTOR('',#10717,1.0);
#10715=VECTOR('',#10718,1.0);
#10716=VECTOR('',#10719,1.0);
#10717=DIRECTION('',(0.9967148785347797,0.025100726877538785,0.07700262604365328));
#10718=DIRECTION('',(0,-0.3107644548449472,-0.9504869560414403));
#10719=DIRECTION('',(-0.9999999974071758,6.807767410233272E-05,-2.3475060035287144E-05));
#10720=STYLED_ITEM('',(#25),#10721);
#10721=FACE_SURFACE('',(#10726),#10722,.T.);
#10722=PLANE('',#10723);
#10723=AXIS2_PLACEMENT_3D('',#633,#10724,#10725);
#10724=DIRECTION('',(7.20093132136995E-05,0.9478531181231648,-0.3187074854452791));
#10725=DIRECTION('',(0.9999999974071758,-6.807767410233272E-05,2.3475060035287144E-05));
#10726=FACE_BOUND('',#10727,.T.);
#10727=EDGE_LOOP('',(#10728,#10729,#10730));
#10728=ORIENTED_EDGE('',*,*,#10731,.T.);
#10729=ORIENTED_EDGE('',*,*,#10732,.T.);
#10730=ORIENTED_EDGE('',*,*,#10733,.T.);
#10731=EDGE_CURVE('',#634,#470,#10734,.F.);
#10732=EDGE_CURVE('',#470,#636,#10735,.T.);
#10733=EDGE_CURVE('',#636,#634,#10736,.T.);
#10734=LINE('',#633,#10737);
#10735=LINE('',#469,#10738);
#10736=LINE('',#635,#10739);
#10737=VECTOR('',#10740,1.0);
#10738=VECTOR('',#10741,1.0);
#10739=VECTOR('',#10742,1.0);
#10740=DIRECTION('',(0.9999999974071758,-6.807767410233272E-05,2.3475060035287144E-05));
#10741=DIRECTION('',(-0.9966859370911415,-0.025857484397918115,-0.07712673534750693));
#10742=DIRECTION('',(0,0.31870748627158263,0.9478531205806358));
#10743=STYLED_ITEM('',(#25),#10744);
#10744=FACE_SURFACE('',(#10749),#10745,.T.);
#10745=PLANE('',#10746);
#10746=AXIS2_PLACEMENT_3D('',#635,#10747,#10748);
#10747=DIRECTION('',(0.00010726518955797722,0.9477153542213532,-0.3191169000026074));
#10748=DIRECTION('',(0.9966859370911415,0.025857484397918115,0.07712673534750693));
#10749=FACE_BOUND('',#10750,.T.);
#10750=EDGE_LOOP('',(#10751,#10752,#10753));
#10751=ORIENTED_EDGE('',*,*,#10754,.T.);
#10752=ORIENTED_EDGE('',*,*,#10755,.T.);
#10753=ORIENTED_EDGE('',*,*,#10756,.T.);
#10754=EDGE_CURVE('',#636,#470,#10757,.F.);
#10755=EDGE_CURVE('',#470,#468,#10758,.T.);
#10756=EDGE_CURVE('',#468,#636,#10759,.T.);
#10757=LINE('',#635,#10760);
#10758=LINE('',#469,#10761);
#10759=LINE('',#467,#10762);
#10760=VECTOR('',#10763,1.0);
#10761=VECTOR('',#10764,1.0);
#10762=VECTOR('',#10765,1.0);
#10763=DIRECTION('',(0.9966859370911415,0.025857484397918115,0.07712673534750693));
#10764=DIRECTION('',(0,-0.31911690183845837,-0.9477153596734749));
#10765=DIRECTION('',(-0.9999999942460522,0.00010211651083069617,-3.286508394551141E-05));
#10766=STYLED_ITEM('',(#25),#10767);
#10767=FACE_SURFACE('',(#10772),#10768,.T.);
#10768=PLANE('',#10769);
#10769=AXIS2_PLACEMENT_3D('',#635,#10770,#10771);
#10770=DIRECTION('',(0.00010724970270476481,0.9450569342419153,-0.3269057655330867));
#10771=DIRECTION('',(0.9999999942460522,-0.00010211651083069617,3.286508394551141E-05));
#10772=FACE_BOUND('',#10773,.T.);
#10773=EDGE_LOOP('',(#10774,#10775,#10776));
#10774=ORIENTED_EDGE('',*,*,#10777,.T.);
#10775=ORIENTED_EDGE('',*,*,#10778,.T.);
#10776=ORIENTED_EDGE('',*,*,#10779,.T.);
#10777=EDGE_CURVE('',#636,#468,#10780,.F.);
#10778=EDGE_CURVE('',#468,#638,#10781,.T.);
#10779=EDGE_CURVE('',#638,#636,#10782,.T.);
#10780=LINE('',#635,#10783);
#10781=LINE('',#467,#10784);
#10782=LINE('',#637,#10785);
#10783=VECTOR('',#10786,1.0);
#10784=VECTOR('',#10787,1.0);
#10785=VECTOR('',#10788,1.0);
#10786=DIRECTION('',(0.9999999942460522,-0.00010211651083069617,3.286508394551141E-05));
#10787=DIRECTION('',(-0.9966638066593921,-0.026579869609079272,-0.07716713696110669));
#10788=DIRECTION('',(0,0.3269057674132033,0.9450569396771735));
#10789=STYLED_ITEM('',(#25),#10790);
#10790=FACE_SURFACE('',(#10795),#10791,.T.);
#10791=PLANE('',#10792);
#10792=AXIS2_PLACEMENT_3D('',#637,#10793,#10794);
#10793=DIRECTION('',(0.00014513182646164308,0.944905602062264,-0.3273429121397061));
#10794=DIRECTION('',(0.9966638066593921,0.026579869609079272,0.07716713696110669));
#10795=FACE_BOUND('',#10796,.T.);
#10796=EDGE_LOOP('',(#10797,#10798,#10799));
#10797=ORIENTED_EDGE('',*,*,#10800,.T.);
#10798=ORIENTED_EDGE('',*,*,#10801,.T.);
#10799=ORIENTED_EDGE('',*,*,#10802,.T.);
#10800=EDGE_CURVE('',#638,#468,#10803,.F.);
#10801=EDGE_CURVE('',#468,#466,#10804,.T.);
#10802=EDGE_CURVE('',#466,#638,#10805,.T.);
#10803=LINE('',#637,#10806);
#10804=LINE('',#467,#10807);
#10805=LINE('',#465,#10808);
#10806=VECTOR('',#10809,1.0);
#10807=VECTOR('',#10810,1.0);
#10808=VECTOR('',#10811,1.0);
#10809=DIRECTION('',(0.9966638066593921,0.026579869609079272,0.07716713696110669));
#10810=DIRECTION('',(0,-0.32734291558715845,-0.9449056120136542));
#10811=DIRECTION('',(-0.9999999894682022,0.00013732910011617766,-4.695011969783852E-05));
#10812=STYLED_ITEM('',(#25),#10813);
#10813=FACE_SURFACE('',(#10818),#10814,.T.);
#10814=PLANE('',#10815);
#10815=AXIS2_PLACEMENT_3D('',#637,#10816,#10817);
#10816=DIRECTION('',(0.00014512209599014278,0.9421875914414302,-0.335085841947066));
#10817=DIRECTION('',(0.9999999894682022,-0.00013732910011617766,4.695011969783852E-05));
#10818=FACE_BOUND('',#10819,.T.);
#10819=EDGE_LOOP('',(#10820,#10821,#10822));
#10820=ORIENTED_EDGE('',*,*,#10823,.T.);
#10821=ORIENTED_EDGE('',*,*,#10824,.T.);
#10822=ORIENTED_EDGE('',*,*,#10825,.T.);
#10823=EDGE_CURVE('',#638,#466,#10826,.F.);
#10824=EDGE_CURVE('',#466,#640,#10827,.T.);
#10825=EDGE_CURVE('',#640,#638,#10828,.T.);
#10826=LINE('',#637,#10829);
#10827=LINE('',#465,#10830);
#10828=LINE('',#639,#10831);
#10829=VECTOR('',#10832,1.0);
#10830=VECTOR('',#10833,1.0);
#10831=VECTOR('',#10834,1.0);
#10832=DIRECTION('',(0.9999999894682022,-0.00013732910011617766,4.695011969783852E-05));
#10833=DIRECTION('',(-0.9966491791061933,-0.02727201293065313,-0.07711453233769375));
#10834=DIRECTION('',(0,0.3350858454755908,0.9421876013628648));
#10835=STYLED_ITEM('',(#25),#10836);
#10836=FACE_SURFACE('',(#10841),#10837,.T.);
#10837=PLANE('',#10838);
#10838=AXIS2_PLACEMENT_3D('',#639,#10839,#10840);
#10839=DIRECTION('',(0.00018301849399148776,0.9420327564969305,-0.33552086699790473));
#10840=DIRECTION('',(0.9966491791061933,0.02727201293065313,0.07711453233769375));
#10841=FACE_BOUND('',#10842,.T.);
#10842=EDGE_LOOP('',(#10843,#10844,#10845));
#10843=ORIENTED_EDGE('',*,*,#10846,.T.);
#10844=ORIENTED_EDGE('',*,*,#10847,.T.);
#10845=ORIENTED_EDGE('',*,*,#10848,.T.);
#10846=EDGE_CURVE('',#640,#466,#10849,.F.);
#10847=EDGE_CURVE('',#466,#464,#10850,.T.);
#10848=EDGE_CURVE('',#464,#640,#10851,.T.);
#10849=LINE('',#639,#10852);
#10850=LINE('',#465,#10853);
#10851=LINE('',#463,#10854);
#10852=VECTOR('',#10855,1.0);
#10853=VECTOR('',#10856,1.0);
#10854=VECTOR('',#10857,1.0);
#10855=DIRECTION('',(0.9966491791061933,0.02727201293065313,0.07711453233769375));
#10856=DIRECTION('',(0,-0.3355208726171697,-0.9420327722739869));
#10857=DIRECTION('',(-0.9999999832520375,0.000172541688817009,-6.1035155227785494E-05));
#10858=STYLED_ITEM('',(#25),#10859);
#10859=FACE_SURFACE('',(#10864),#10860,.T.);
#10860=PLANE('',#10861);
#10861=AXIS2_PLACEMENT_3D('',#639,#10862,#10863);
#10862=DIRECTION('',(0.00018300916016791597,0.9392592405891756,-0.34320845775635017));
#10863=DIRECTION('',(0.9999999832520375,-0.000172541688817009,6.1035155227785494E-05));
#10864=FACE_BOUND('',#10865,.T.);
#10865=EDGE_LOOP('',(#10866,#10867,#10868));
#10866=ORIENTED_EDGE('',*,*,#10869,.T.);
#10867=ORIENTED_EDGE('',*,*,#10870,.T.);
#10868=ORIENTED_EDGE('',*,*,#10871,.T.);
#10869=EDGE_CURVE('',#640,#464,#10872,.F.);
#10870=EDGE_CURVE('',#464,#642,#10873,.T.);
#10871=EDGE_CURVE('',#642,#640,#10874,.T.);
#10872=LINE('',#639,#10875);
#10873=LINE('',#463,#10876);
#10874=LINE('',#641,#10877);
#10875=VECTOR('',#10878,1.0);
#10876=VECTOR('',#10879,1.0);
#10877=VECTOR('',#10880,1.0);
#10878=DIRECTION('',(0.9999999832520375,-0.000172541688817009,6.1035155227785494E-05));
#10879=DIRECTION('',(-0.9966413840786444,-0.02793391255353951,-0.07697823115176992));
#10880=DIRECTION('',(0,0.3432084635037796,0.9392592563181769));
#10881=STYLED_ITEM('',(#25),#10882);
#10882=FACE_SURFACE('',(#10887),#10883,.T.);
#10883=PLANE('',#10884);
#10884=AXIS2_PLACEMENT_3D('',#641,#10885,#10886);
#10885=DIRECTION('',(0.00021871210148877453,0.939110012784566,-0.34361655381076894));
#10886=DIRECTION('',(0.9966413840786444,0.02793391255353951,0.07697823115176992));
#10887=FACE_BOUND('',#10888,.T.);
#10888=EDGE_LOOP('',(#10889,#10890,#10891));
#10889=ORIENTED_EDGE('',*,*,#10892,.T.);
#10890=ORIENTED_EDGE('',*,*,#10893,.T.);
#10891=ORIENTED_EDGE('',*,*,#10894,.T.);
#10892=EDGE_CURVE('',#642,#464,#10895,.F.);
#10893=EDGE_CURVE('',#464,#462,#10896,.T.);
#10894=EDGE_CURVE('',#462,#642,#10897,.T.);
#10895=LINE('',#641,#10898);
#10896=LINE('',#463,#10899);
#10897=LINE('',#461,#10900);
#10898=VECTOR('',#10901,1.0);
#10899=VECTOR('',#10902,1.0);
#10900=VECTOR('',#10903,1.0);
#10901=DIRECTION('',(0.9966413840786444,0.02793391255353951,0.07697823115176992));
#10902=DIRECTION('',(0,-0.3436165620292153,-0.9391100352457227));
#10903=DIRECTION('',(-0.9999999760825075,0.00020540677092853113,-7.512019051100567E-05));
#10904=STYLED_ITEM('',(#25),#10905);
#10905=FACE_SURFACE('',(#10910),#10906,.T.);
#10906=PLANE('',#10907);
#10907=AXIS2_PLACEMENT_3D('',#641,#10908,#10909);
#10908=DIRECTION('',(0.00021870431213715183,0.9362323353022912,-0.3513815113275625));
#10909=DIRECTION('',(0.9999999760825075,-0.00020540677092853113,7.512019051100567E-05));
#10910=FACE_BOUND('',#10911,.T.);
#10911=EDGE_LOOP('',(#10912,#10913,#10914));
#10912=ORIENTED_EDGE('',*,*,#10915,.T.);
#10913=ORIENTED_EDGE('',*,*,#10916,.T.);
#10914=ORIENTED_EDGE('',*,*,#10917,.T.);
#10915=EDGE_CURVE('',#642,#462,#10918,.F.);
#10916=EDGE_CURVE('',#462,#644,#10919,.T.);
#10917=EDGE_CURVE('',#644,#642,#10920,.T.);
#10918=LINE('',#641,#10921);
#10919=LINE('',#461,#10922);
#10920=LINE('',#643,#10923);
#10921=VECTOR('',#10924,1.0);
#10922=VECTOR('',#10925,1.0);
#10923=VECTOR('',#10926,1.0);
#10924=DIRECTION('',(0.9999999760825075,-0.00020540677092853113,7.512019051100567E-05));
#10925=DIRECTION('',(-0.996676373749553,-0.028420381779446693,-0.07634453424412165));
#10926=DIRECTION('',(0,0.3513815197311285,0.9362323576930262));
#10927=STYLED_ITEM('',(#25),#10928);
#10928=FACE_SURFACE('',(#10933),#10929,.T.);
#10929=PLANE('',#10930);
#10930=AXIS2_PLACEMENT_3D('',#643,#10931,#10932);
#10931=DIRECTION('',(0.0002492018933072756,0.9361011520825546,-0.35173082174886294));
#10932=DIRECTION('',(0.996676373749553,0.028420381779446693,0.07634453424412165));
#10933=FACE_BOUND('',#10934,.T.);
#10934=EDGE_LOOP('',(#10935,#10936,#10937));
#10935=ORIENTED_EDGE('',*,*,#10938,.T.);
#10936=ORIENTED_EDGE('',*,*,#10939,.T.);
#10937=ORIENTED_EDGE('',*,*,#10940,.T.);
#10938=EDGE_CURVE('',#644,#462,#10941,.F.);
#10939=EDGE_CURVE('',#462,#460,#10942,.T.);
#10940=EDGE_CURVE('',#460,#644,#10943,.T.);
#10941=LINE('',#643,#10944);
#10942=LINE('',#461,#10945);
#10943=LINE('',#459,#10946);
#10944=VECTOR('',#10947,1.0);
#10945=VECTOR('',#10948,1.0);
#10946=VECTOR('',#10949,1.0);
#10947=DIRECTION('',(0.996676373749553,0.028420381779446693,0.07634453424412165));
#10948=DIRECTION('',(0,-0.3517308326703839,-0.9361011811492379));
#10949=DIRECTION('',(-0.9999998787820515,0.0003826434331840501,0.0003098707557073289));
#10950=STYLED_ITEM('',(#25),#10951);
#10951=FACE_SURFACE('',(#10956),#10952,.T.);
#10952=PLANE('',#10953);
#10953=AXIS2_PLACEMENT_3D('',#643,#10954,#10955);
#10954=DIRECTION('',(0.00024563606757811626,0.9331220918451087,-0.3595595936330035));
#10955=DIRECTION('',(0.9999998787820515,-0.0003826434331840501,-0.0003098707557073289));
#10956=FACE_BOUND('',#10957,.T.);
#10957=EDGE_LOOP('',(#10958,#10959,#10960));
#10958=ORIENTED_EDGE('',*,*,#10961,.T.);
#10959=ORIENTED_EDGE('',*,*,#10962,.T.);
#10960=ORIENTED_EDGE('',*,*,#10963,.T.);
#10961=EDGE_CURVE('',#644,#460,#10964,.F.);
#10962=EDGE_CURVE('',#460,#646,#10965,.T.);
#10963=EDGE_CURVE('',#646,#644,#10966,.T.);
#10964=LINE('',#643,#10967);
#10965=LINE('',#459,#10968);
#10966=LINE('',#645,#10969);
#10967=VECTOR('',#10970,1.0);
#10968=VECTOR('',#10971,1.0);
#10969=VECTOR('',#10972,1.0);
#10970=DIRECTION('',(0.9999998787820515,-0.0003826434331840501,-0.0003098707557073289));
#10971=DIRECTION('',(-0.996648745786685,-0.029183486071237923,-0.07641728641189506));
#10972=DIRECTION('',(0,0.35955960448039154,0.9331221199960401));
#10973=STYLED_ITEM('',(#25),#10974);
#10974=FACE_SURFACE('',(#10979),#10975,.T.);
#10975=PLANE('',#10976);
#10976=AXIS2_PLACEMENT_3D('',#645,#10977,#10978);
#10977=DIRECTION('',(0.00026874073509810604,0.9330208307154052,-0.3598222578295462));
#10978=DIRECTION('',(0.996648745786685,0.029183486071237923,0.07641728641189506));
#10979=FACE_BOUND('',#10980,.T.);
#10980=EDGE_LOOP('',(#10981,#10982,#10983));
#10981=ORIENTED_EDGE('',*,*,#10984,.T.);
#10982=ORIENTED_EDGE('',*,*,#10985,.T.);
#10983=ORIENTED_EDGE('',*,*,#10986,.T.);
#10984=EDGE_CURVE('',#646,#460,#10987,.F.);
#10985=EDGE_CURVE('',#460,#458,#10988,.T.);
#10986=EDGE_CURVE('',#458,#646,#10989,.T.);
#10987=LINE('',#645,#10990);
#10988=LINE('',#459,#10991);
#10989=LINE('',#457,#10992);
#10990=VECTOR('',#10993,1.0);
#10991=VECTOR('',#10994,1.0);
#10992=VECTOR('',#10995,1.0);
#10993=DIRECTION('',(0.996648745786685,0.029183486071237923,0.07641728641189506));
#10994=DIRECTION('',(0,-0.3598222708230134,-0.9330208644075275));
#10995=DIRECTION('',(-0.9999999638871425,0.000250009380995485,-9.859524884328986E-05));
#10996=STYLED_ITEM('',(#25),#10997);
#10997=FACE_SURFACE('',(#11002),#10998,.T.);
#10998=PLANE('',#10999);
#10999=AXIS2_PLACEMENT_3D('',#645,#11000,#11001);
#11000=DIRECTION('',(0.00026874828340052697,0.9299014521399298,-0.36780866912351345));
#11001=DIRECTION('',(0.9999999638871425,-0.000250009380995485,9.859524884328986E-05));
#11002=FACE_BOUND('',#11003,.T.);
#11003=EDGE_LOOP('',(#11004,#11005,#11006));
#11004=ORIENTED_EDGE('',*,*,#11007,.T.);
#11005=ORIENTED_EDGE('',*,*,#11008,.T.);
#11006=ORIENTED_EDGE('',*,*,#11009,.T.);
#11007=EDGE_CURVE('',#646,#458,#11010,.F.);
#11008=EDGE_CURVE('',#458,#648,#11011,.T.);
#11009=EDGE_CURVE('',#648,#646,#11012,.T.);
#11010=LINE('',#645,#11013);
#11011=LINE('',#457,#11014);
#11012=LINE('',#647,#11015);
#11013=VECTOR('',#11016,1.0);
#11014=VECTOR('',#11017,1.0);
#11015=VECTOR('',#11018,1.0);
#11016=DIRECTION('',(0.9999999638871425,-0.000250009380995485,9.859524884328986E-05));
#11017=DIRECTION('',(-0.9966973592782333,-0.029618933741885036,-0.07561145926240279));
#11018=DIRECTION('',(0,0.36780868240612236,0.9299014857212952));
#11019=STYLED_ITEM('',(#25),#11020);
#11020=FACE_SURFACE('',(#11025),#11021,.T.);
#11021=PLANE('',#11022);
#11022=AXIS2_PLACEMENT_3D('',#647,#11023,#11024);
#11023=DIRECTION('',(0.0002826990217349356,0.929838455576178,-0.3679678880187391));
#11024=DIRECTION('',(0.9966973592782333,0.029618933741885036,0.07561145926240279));
#11025=FACE_BOUND('',#11026,.T.);
#11026=EDGE_LOOP('',(#11027,#11028,#11029));
#11027=ORIENTED_EDGE('',*,*,#11030,.T.);
#11028=ORIENTED_EDGE('',*,*,#11031,.T.);
#11029=ORIENTED_EDGE('',*,*,#11032,.T.);
#11030=EDGE_CURVE('',#648,#458,#11033,.F.);
#11031=EDGE_CURVE('',#458,#456,#11034,.T.);
#11032=EDGE_CURVE('',#456,#648,#11035,.T.);
#11033=LINE('',#647,#11036);
#11034=LINE('',#457,#11037);
#11035=LINE('',#455,#11038);
#11036=VECTOR('',#11039,1.0);
#11037=VECTOR('',#11040,1.0);
#11038=VECTOR('',#11041,1.0);
#11039=DIRECTION('',(0.9966973592782333,0.029618933741885036,0.07561145926240279));
#11040=DIRECTION('',(0,-0.3679679027225044,-0.9298384927319377));
#11041=DIRECTION('',(-0.9999998739986925,0.00041550851134730075,0.00028170068565918694));
#11042=STYLED_ITEM('',(#25),#11043);
#11043=FACE_SURFACE('',(#11048),#11044,.T.);
#11044=PLANE('',#11045);
#11045=AXIS2_PLACEMENT_3D('',#647,#11046,#11047);
#11046=DIRECTION('',(0.0002790328262828285,0.926560057507846,-0.3761467558968695));
#11047=DIRECTION('',(0.9999998739986925,-0.00041550851134730075,-0.00028170068565918694));
#11048=FACE_BOUND('',#11049,.T.);
#11049=EDGE_LOOP('',(#11050,#11051,#11052));
#11050=ORIENTED_EDGE('',*,*,#11053,.T.);
#11051=ORIENTED_EDGE('',*,*,#11054,.T.);
#11052=ORIENTED_EDGE('',*,*,#11055,.T.);
#11053=EDGE_CURVE('',#648,#456,#11056,.F.);
#11054=EDGE_CURVE('',#456,#650,#11057,.T.);
#11055=EDGE_CURVE('',#650,#648,#11058,.T.);
#11056=LINE('',#647,#11059);
#11057=LINE('',#455,#11060);
#11058=LINE('',#649,#11061);
#11059=VECTOR('',#11062,1.0);
#11060=VECTOR('',#11063,1.0);
#11061=VECTOR('',#11064,1.0);
#11062=DIRECTION('',(0.9999998739986925,-0.00041550851134730075,-0.00028170068565918694));
#11063=DIRECTION('',(-0.9966856215176324,-0.03034156010516981,-0.07547954418513095));
#11064=DIRECTION('',(0,0.37614677054013534,0.9265600935785152));
#11065=STYLED_ITEM('',(#25),#11066);
#11066=FACE_SURFACE('',(#11071),#11067,.T.);
#11067=PLANE('',#11068);
#11068=AXIS2_PLACEMENT_3D('',#649,#11069,#11070);
#11069=DIRECTION('',(0.00027879233222706144,0.9265611658894976,-0.37614402579375134));
#11070=DIRECTION('',(0.9966856215176324,0.03034156010516981,0.07547954418513095));
#11071=FACE_BOUND('',#11072,.T.);
#11072=EDGE_LOOP('',(#11073,#11074,#11075));
#11073=ORIENTED_EDGE('',*,*,#11076,.T.);
#11074=ORIENTED_EDGE('',*,*,#11077,.T.);
#11075=ORIENTED_EDGE('',*,*,#11078,.T.);
#11076=EDGE_CURVE('',#650,#456,#11079,.F.);
#11077=EDGE_CURVE('',#456,#454,#11080,.T.);
#11078=EDGE_CURVE('',#454,#650,#11081,.T.);
#11079=LINE('',#649,#11082);
#11080=LINE('',#455,#11083);
#11081=LINE('',#453,#11084);
#11082=VECTOR('',#11085,1.0);
#11083=VECTOR('',#11086,1.0);
#11084=VECTOR('',#11087,1.0);
#11085=DIRECTION('',(0.9966856215176324,0.03034156010516981,0.07547954418513095));
#11086=DIRECTION('',(0,-0.3761440404116803,-0.9265612018980592));
#11087=DIRECTION('',(-0.9999999611317505,0.00025705189806172693,-0.00010798527224510903));
#11088=STYLED_ITEM('',(#25),#11089);
#11089=FACE_SURFACE('',(#11094),#11090,.T.);
#11090=PLANE('',#11091);
#11091=AXIS2_PLACEMENT_3D('',#649,#11092,#11093);
#11092=DIRECTION('',(0.00027881131943373864,0.9231469641123455,-0.38444714189912765));
#11093=DIRECTION('',(0.9999999611317505,-0.00025705189806172693,0.00010798527224510903));
#11094=FACE_BOUND('',#11095,.T.);
#11095=EDGE_LOOP('',(#11096,#11097,#11098));
#11096=ORIENTED_EDGE('',*,*,#11099,.T.);
#11097=ORIENTED_EDGE('',*,*,#11100,.T.);
#11098=ORIENTED_EDGE('',*,*,#11101,.T.);
#11099=EDGE_CURVE('',#650,#454,#11102,.F.);
#11100=EDGE_CURVE('',#454,#452,#11103,.T.);
#11101=EDGE_CURVE('',#452,#650,#11104,.T.);
#11102=LINE('',#649,#11105);
#11103=LINE('',#453,#11106);
#11104=LINE('',#451,#11107);
#11105=VECTOR('',#11108,1.0);
#11106=VECTOR('',#11109,1.0);
#11107=VECTOR('',#11110,1.0);
#11108=DIRECTION('',(0.9999999611317505,-0.00025705189806172693,0.00010798527224510903));
#11109=DIRECTION('',(0,-0.3844471568417723,-0.9231469999931092));
#11110=DIRECTION('',(-0.9967153446097423,0.031390693226234556,0.07465350760854501));
#11111=STYLED_ITEM('',(#25),#11112);
#11112=FACE_SURFACE('',(#11117),#11113,.T.);
#11113=PLANE('',#11114);
#11114=AXIS2_PLACEMENT_3D('',#649,#11115,#11116);
#11115=DIRECTION('',(0.0002687233672689558,0.9230992274703825,-0.38456175580956414));
#11116=DIRECTION('',(0.9967153446097423,-0.031390693226234556,-0.07465350760854501));
#11117=FACE_BOUND('',#11118,.T.);
#11118=EDGE_LOOP('',(#11119,#11120,#11121));
#11119=ORIENTED_EDGE('',*,*,#11122,.T.);
#11120=ORIENTED_EDGE('',*,*,#11123,.T.);
#11121=ORIENTED_EDGE('',*,*,#11124,.T.);
#11122=EDGE_CURVE('',#650,#452,#11125,.F.);
#11123=EDGE_CURVE('',#452,#652,#11126,.T.);
#11124=EDGE_CURVE('',#652,#650,#11127,.T.);
#11125=LINE('',#649,#11128);
#11126=LINE('',#451,#11129);
#11127=LINE('',#651,#11130);
#11128=VECTOR('',#11131,1.0);
#11129=VECTOR('',#11132,1.0);
#11130=VECTOR('',#11133,1.0);
#11131=DIRECTION('',(0.9967153446097423,-0.031390693226234556,-0.07465350760854501));
#11132=DIRECTION('',(-0.9999998769001194,0.0004084659953909554,0.000281700686476521));
#11133=DIRECTION('',(0,0.3845617696945993,0.9230992607999196));
#11134=STYLED_ITEM('',(#25),#11135);
#11135=FACE_SURFACE('',(#11140),#11136,.T.);
#11136=PLANE('',#11137);
#11137=AXIS2_PLACEMENT_3D('',#651,#11138,#11139);
#11138=DIRECTION('',(0.0002649668908888952,0.919608717907883,-0.3928355072296375));
#11139=DIRECTION('',(0.9999998769001194,-0.0004084659953909554,-0.000281700686476521));
#11140=FACE_BOUND('',#11141,.T.);
#11141=EDGE_LOOP('',(#11142,#11143,#11144));
#11142=ORIENTED_EDGE('',*,*,#11145,.T.);
#11143=ORIENTED_EDGE('',*,*,#11146,.T.);
#11144=ORIENTED_EDGE('',*,*,#11147,.T.);
#11145=EDGE_CURVE('',#652,#452,#11148,.F.);
#11146=EDGE_CURVE('',#452,#450,#11149,.T.);
#11147=EDGE_CURVE('',#450,#652,#11150,.T.);
#11148=LINE('',#651,#11151);
#11149=LINE('',#451,#11152);
#11150=LINE('',#449,#11153);
#11151=VECTOR('',#11154,1.0);
#11152=VECTOR('',#11155,1.0);
#11153=VECTOR('',#11156,1.0);
#11154=DIRECTION('',(0.9999998769001194,-0.0004084659953909554,-0.000281700686476521));
#11155=DIRECTION('',(0,-0.39283552101962843,-0.9196087501895776));
#11156=DIRECTION('',(-0.9967179880525975,0.03204358108844539,0.07434017220460658));
#11157=STYLED_ITEM('',(#25),#11158);
#11158=FACE_SURFACE('',(#11163),#11159,.T.);
#11159=PLANE('',#11160);
#11160=AXIS2_PLACEMENT_3D('',#651,#11161,#11162);
#11161=DIRECTION('',(0.00024489651010790295,0.9195116184210582,-0.3930627476808066));
#11162=DIRECTION('',(0.9967179880525975,-0.03204358108844539,-0.07434017220460658));
#11163=FACE_BOUND('',#11164,.T.);
#11164=EDGE_LOOP('',(#11165,#11166,#11167));
#11165=ORIENTED_EDGE('',*,*,#11168,.T.);
#11166=ORIENTED_EDGE('',*,*,#11169,.T.);
#11167=ORIENTED_EDGE('',*,*,#11170,.T.);
#11168=EDGE_CURVE('',#652,#450,#11171,.F.);
#11169=EDGE_CURVE('',#450,#654,#11172,.T.);
#11170=EDGE_CURVE('',#654,#652,#11173,.T.);
#11171=LINE('',#651,#11174);
#11172=LINE('',#449,#11175);
#11173=LINE('',#653,#11176);
#11174=VECTOR('',#11177,1.0);
#11175=VECTOR('',#11178,1.0);
#11176=VECTOR('',#11179,1.0);
#11177=DIRECTION('',(0.9967179880525975,-0.03204358108844539,-0.07434017220460658));
#11178=DIRECTION('',(-0.9999999700096234,0.00022418681719482195,-9.85952494469374E-05));
#11179=DIRECTION('',(0,0.39306275946763886,0.9195116459945927));
#11180=STYLED_ITEM('',(#25),#11181);
#11181=FACE_SURFACE('',(#11186),#11182,.T.);
#11182=PLANE('',#11183);
#11183=AXIS2_PLACEMENT_3D('',#653,#11184,#11185);
#11184=DIRECTION('',(0.0002449094753489004,0.9159075527629791,-0.4013892061467019));
#11185=DIRECTION('',(0.9999999700096234,-0.00022418681719482195,9.85952494469374E-05));
#11186=FACE_BOUND('',#11187,.T.);
#11187=EDGE_LOOP('',(#11188,#11189,#11190));
#11188=ORIENTED_EDGE('',*,*,#11191,.T.);
#11189=ORIENTED_EDGE('',*,*,#11192,.T.);
#11190=ORIENTED_EDGE('',*,*,#11193,.T.);
#11191=EDGE_CURVE('',#654,#450,#11194,.F.);
#11192=EDGE_CURVE('',#450,#448,#11195,.T.);
#11193=EDGE_CURVE('',#448,#654,#11196,.T.);
#11194=LINE('',#653,#11197);
#11195=LINE('',#449,#11198);
#11196=LINE('',#447,#11199);
#11197=VECTOR('',#11200,1.0);
#11198=VECTOR('',#11201,1.0);
#11199=VECTOR('',#11202,1.0);
#11200=DIRECTION('',(0.9999999700096234,-0.00022418681719482195,9.85952494469374E-05));
#11201=DIRECTION('',(0,-0.40138921818449547,-0.915907580231346));
#11202=DIRECTION('',(-0.9967910526262734,0.032353636496058935,0.07321775474354929));
#11203=STYLED_ITEM('',(#25),#11204);
#11204=FACE_SURFACE('',(#11209),#11205,.T.);
#11205=PLANE('',#11206);
#11206=AXIS2_PLACEMENT_3D('',#653,#11207,#11208);
#11207=DIRECTION('',(0.0002172659168333242,0.9157693330015474,-0.40170447038765));
#11208=DIRECTION('',(0.9967910526262734,-0.032353636496058935,-0.07321775474354929));
#11209=FACE_BOUND('',#11210,.T.);
#11210=EDGE_LOOP('',(#11211,#11212,#11213));
#11211=ORIENTED_EDGE('',*,*,#11214,.T.);
#11212=ORIENTED_EDGE('',*,*,#11215,.T.);
#11213=ORIENTED_EDGE('',*,*,#11216,.T.);
#11214=EDGE_CURVE('',#654,#448,#11217,.F.);
#11215=EDGE_CURVE('',#448,#656,#11218,.T.);
#11216=EDGE_CURVE('',#656,#654,#11219,.T.);
#11217=LINE('',#653,#11220);
#11218=LINE('',#447,#11221);
#11219=LINE('',#655,#11222);
#11220=VECTOR('',#11223,1.0);
#11221=VECTOR('',#11224,1.0);
#11222=VECTOR('',#11225,1.0);
#11223=DIRECTION('',(0.9967910526262734,-0.032353636496058935,-0.07321775474354929));
#11224=DIRECTION('',(-0.9999999752338466,0.00017958420528796685,-0.00013146033328269467));
#11225=DIRECTION('',(0,0.40170447986877533,0.915769354615755));
#11226=STYLED_ITEM('',(#25),#11227);
#11227=FACE_SURFACE('',(#11232),#11228,.T.);
#11228=PLANE('',#11229);
#11229=AXIS2_PLACEMENT_3D('',#655,#11230,#11231);
#11230=DIRECTION('',(0.00021770196493669936,0.912022785952498,-0.41013947689694363));
#11231=DIRECTION('',(0.9999999752338466,-0.00017958420528796685,0.00013146033328269467));
#11232=FACE_BOUND('',#11233,.T.);
#11233=EDGE_LOOP('',(#11234,#11235,#11236));
#11234=ORIENTED_EDGE('',*,*,#11237,.T.);
#11235=ORIENTED_EDGE('',*,*,#11238,.T.);
#11236=ORIENTED_EDGE('',*,*,#11239,.T.);
#11237=EDGE_CURVE('',#656,#448,#11240,.F.);
#11238=EDGE_CURVE('',#448,#446,#11241,.T.);
#11239=EDGE_CURVE('',#446,#656,#11242,.T.);
#11240=LINE('',#655,#11243);
#11241=LINE('',#447,#11244);
#11242=LINE('',#445,#11245);
#11243=VECTOR('',#11246,1.0);
#11244=VECTOR('',#11247,1.0);
#11245=VECTOR('',#11248,1.0);
#11246=DIRECTION('',(0.9999999752338466,-0.00017958420528796685,0.00013146033328269467));
#11247=DIRECTION('',(0,-0.410139486616049,-0.9120228075647691));
#11248=DIRECTION('',(-0.9967691066022689,0.03314030775054447,0.07316466445979132));
#11249=STYLED_ITEM('',(#25),#11250);
#11250=FACE_SURFACE('',(#11255),#11251,.T.);
#11251=PLANE('',#11252);
#11252=AXIS2_PLACEMENT_3D('',#655,#11253,#11254);
#11253=DIRECTION('',(0.0001858169132890142,0.9118604312988143,-0.4105003280188883));
#11254=DIRECTION('',(0.9967691066022689,-0.03314030775054447,-0.07316466445979132));
#11255=FACE_BOUND('',#11256,.T.);
#11256=EDGE_LOOP('',(#11257,#11258,#11259));
#11257=ORIENTED_EDGE('',*,*,#11260,.T.);
#11258=ORIENTED_EDGE('',*,*,#11261,.T.);
#11259=ORIENTED_EDGE('',*,*,#11262,.T.);
#11260=EDGE_CURVE('',#656,#446,#11263,.F.);
#11261=EDGE_CURVE('',#446,#658,#11264,.T.);
#11262=EDGE_CURVE('',#658,#656,#11265,.T.);
#11263=LINE('',#655,#11266);
#11264=LINE('',#445,#11267);
#11265=LINE('',#657,#11268);
#11266=VECTOR('',#11269,1.0);
#11267=VECTOR('',#11270,1.0);
#11268=VECTOR('',#11271,1.0);
#11269=DIRECTION('',(0.9967691066022689,-0.03314030775054447,-0.07316466445979132));
#11270=DIRECTION('',(-0.9999999827285131,0.00016784667678853828,-7.981520294839582E-05));
#11271=DIRECTION('',(0,0.4105003351057509,0.9118604470411393));
#11272=STYLED_ITEM('',(#25),#11273);
#11273=FACE_SURFACE('',(#11278),#11274,.T.);
#11274=PLANE('',#11275);
#11275=AXIS2_PLACEMENT_3D('',#657,#11276,#11277);
#11276=DIRECTION('',(0.00018584552286784664,0.9078912332462914,-0.41920576577138075));
#11277=DIRECTION('',(0.9999999827285131,-0.00016784667678853828,7.981520294839582E-05));
#11278=FACE_BOUND('',#11279,.T.);
#11279=EDGE_LOOP('',(#11280,#11281,#11282));
#11280=ORIENTED_EDGE('',*,*,#11283,.T.);
#11281=ORIENTED_EDGE('',*,*,#11284,.T.);
#11282=ORIENTED_EDGE('',*,*,#11285,.T.);
#11283=EDGE_CURVE('',#658,#446,#11286,.F.);
#11284=EDGE_CURVE('',#446,#444,#11287,.T.);
#11285=EDGE_CURVE('',#444,#658,#11288,.T.);
#11286=LINE('',#657,#11289);
#11287=LINE('',#445,#11290);
#11288=LINE('',#443,#11291);
#11289=VECTOR('',#11292,1.0);
#11290=VECTOR('',#11293,1.0);
#11291=VECTOR('',#11294,1.0);
#11292=DIRECTION('',(0.9999999827285131,-0.00016784667678853828,7.981520294839582E-05));
#11293=DIRECTION('',(0,-0.41920577301076234,-0.9078912489249189));
#11294=DIRECTION('',(-0.9967204494521917,0.034090991559585414,0.07339039404653096));
#11295=STYLED_ITEM('',(#25),#11296);
#11296=FACE_SURFACE('',(#11301),#11297,.T.);
#11297=PLANE('',#11298);
#11298=AXIS2_PLACEMENT_3D('',#657,#11299,#11300);
#11299=DIRECTION('',(0.00015251173900405763,0.9077190461827525,-0.419578490794325));
#11300=DIRECTION('',(0.9967204494521917,-0.034090991559585414,-0.07339039404653096));
#11301=FACE_BOUND('',#11302,.T.);
#11302=EDGE_LOOP('',(#11303,#11304,#11305));
#11303=ORIENTED_EDGE('',*,*,#11306,.T.);
#11304=ORIENTED_EDGE('',*,*,#11307,.T.);
#11305=ORIENTED_EDGE('',*,*,#11308,.T.);
#11306=EDGE_CURVE('',#658,#444,#11309,.F.);
#11307=EDGE_CURVE('',#444,#660,#11310,.T.);
#11308=EDGE_CURVE('',#660,#658,#11311,.T.);
#11309=LINE('',#657,#11312);
#11310=LINE('',#443,#11313);
#11311=LINE('',#659,#11314);
#11312=VECTOR('',#11315,1.0);
#11313=VECTOR('',#11316,1.0);
#11314=VECTOR('',#11317,1.0);
#11315=DIRECTION('',(0.9967204494521917,-0.034090991559585414,-0.07339039404653096));
#11316=DIRECTION('',(-0.9999999686760137,5.516638949793026E-05,-0.0002441406173525424));
#11317=DIRECTION('',(0,0.4195784956739874,0.9077190567394483));
#11318=STYLED_ITEM('',(#25),#11319);
#11319=FACE_SURFACE('',(#11324),#11320,.T.);
#11320=PLANE('',#11321);
#11321=AXIS2_PLACEMENT_3D('',#659,#11322,#11323);
#11322=DIRECTION('',(0.0001544751931602573,0.9035073956851627,-0.4285724700440166));
#11323=DIRECTION('',(0.9999999686760137,-5.516638949793026E-05,0.0002441406173525424));
#11324=FACE_BOUND('',#11325,.T.);
#11325=EDGE_LOOP('',(#11326,#11327,#11328));
#11326=ORIENTED_EDGE('',*,*,#11329,.T.);
#11327=ORIENTED_EDGE('',*,*,#11330,.T.);
#11328=ORIENTED_EDGE('',*,*,#11331,.T.);
#11329=EDGE_CURVE('',#660,#444,#11332,.F.);
#11330=EDGE_CURVE('',#444,#442,#11333,.T.);
#11331=EDGE_CURVE('',#442,#660,#11334,.T.);
#11332=LINE('',#659,#11335);
#11333=LINE('',#443,#11336);
#11334=LINE('',#441,#11337);
#11335=VECTOR('',#11338,1.0);
#11336=VECTOR('',#11339,1.0);
#11337=VECTOR('',#11340,1.0);
#11338=DIRECTION('',(0.9999999686760137,-5.516638949793026E-05,0.0002441406173525424));
#11339=DIRECTION('',(0,-0.4285724751574403,-0.903507406465174));
#11340=DIRECTION('',(-0.9966973071181242,0.03494187008080601,0.07330445892806028));
#11341=STYLED_ITEM('',(#25),#11342);
#11342=FACE_SURFACE('',(#11347),#11343,.T.);
#11343=PLANE('',#11344);
#11344=AXIS2_PLACEMENT_3D('',#659,#11345,#11346);
#11345=DIRECTION('',(0.00012288021564420062,0.9033411374465224,-0.4289228069213338));
#11346=DIRECTION('',(0.9966973071181242,-0.03494187008080601,-0.07330445892806028));
#11347=FACE_BOUND('',#11348,.T.);
#11348=EDGE_LOOP('',(#11349,#11350,#11351));
#11349=ORIENTED_EDGE('',*,*,#11352,.T.);
#11350=ORIENTED_EDGE('',*,*,#11353,.T.);
#11351=ORIENTED_EDGE('',*,*,#11354,.T.);
#11352=EDGE_CURVE('',#660,#442,#11355,.F.);
#11353=EDGE_CURVE('',#442,#662,#11356,.T.);
#11354=EDGE_CURVE('',#662,#660,#11357,.T.);
#11355=LINE('',#659,#11358);
#11356=LINE('',#441,#11359);
#11357=LINE('',#661,#11360);
#11358=VECTOR('',#11361,1.0);
#11359=VECTOR('',#11362,1.0);
#11360=VECTOR('',#11363,1.0);
#11361=DIRECTION('',(0.9966973071181242,-0.03494187008080601,-0.07330445892806028));
#11362=DIRECTION('',(-0.9999999924495365,0.00011150653461480475,-5.164513182159378E-05));
#11363=DIRECTION('',(0,0.42892281015960393,0.9033411442665437));
#11364=STYLED_ITEM('',(#25),#11365);
#11365=FACE_SURFACE('',(#11370),#11366,.T.);
#11366=PLANE('',#11367);
#11367=AXIS2_PLACEMENT_3D('',#661,#11368,#11369);
#11368=DIRECTION('',(0.00012286130681426447,0.8988228685382307,-0.43831203029098564));
#11369=DIRECTION('',(0.9999999924495365,-0.00011150653461480475,5.164513182159378E-05));
#11370=FACE_BOUND('',#11371,.T.);
#11371=EDGE_LOOP('',(#11372,#11373,#11374));
#11372=ORIENTED_EDGE('',*,*,#11375,.T.);
#11373=ORIENTED_EDGE('',*,*,#11376,.T.);
#11374=ORIENTED_EDGE('',*,*,#11377,.T.);
#11375=EDGE_CURVE('',#662,#442,#11378,.F.);
#11376=EDGE_CURVE('',#442,#440,#11379,.T.);
#11377=EDGE_CURVE('',#440,#662,#11380,.T.);
#11378=LINE('',#661,#11381);
#11379=LINE('',#441,#11382);
#11380=LINE('',#439,#11383);
#11381=VECTOR('',#11384,1.0);
#11382=VECTOR('',#11385,1.0);
#11383=VECTOR('',#11386,1.0);
#11384=DIRECTION('',(0.9999999924495365,-0.00011150653461480475,5.164513182159378E-05));
#11385=DIRECTION('',(0,-0.43831203359912396,-0.8988228753220516));
#11386=DIRECTION('',(-0.9966496691752154,0.03595911370001801,0.07346005087694235));
#11387=STYLED_ITEM('',(#25),#11388);
#11388=FACE_SURFACE('',(#11393),#11389,.T.);
#11389=PLANE('',#11390);
#11390=AXIS2_PLACEMENT_3D('',#661,#11391,#11392);
#11391=DIRECTION('',(9.482943248554154E-05,0.8986730975191042,-0.4386190315100309));
#11392=DIRECTION('',(0.9966496691752154,-0.03595911370001801,-0.07346005087694235));
#11393=FACE_BOUND('',#11394,.T.);
#11394=EDGE_LOOP('',(#11395,#11396,#11397));
#11395=ORIENTED_EDGE('',*,*,#11398,.T.);
#11396=ORIENTED_EDGE('',*,*,#11399,.T.);
#11397=ORIENTED_EDGE('',*,*,#11400,.T.);
#11398=EDGE_CURVE('',#662,#440,#11401,.F.);
#11399=EDGE_CURVE('',#440,#664,#11402,.T.);
#11400=EDGE_CURVE('',#664,#662,#11403,.T.);
#11401=LINE('',#661,#11404);
#11402=LINE('',#439,#11405);
#11403=LINE('',#663,#11406);
#11404=VECTOR('',#11407,1.0);
#11405=VECTOR('',#11408,1.0);
#11406=VECTOR('',#11409,1.0);
#11407=DIRECTION('',(0.9966496691752154,-0.03595911370001801,-0.07346005087694235));
#11408=DIRECTION('',(-0.9999999786512217,4.695011918997999E-06,-0.00020658052443591192));
#11409=DIRECTION('',(0,0.43861903348219833,0.8986731015598175));
#11410=STYLED_ITEM('',(#25),#11411);
#11411=FACE_SURFACE('',(#11416),#11412,.T.);
#11412=PLANE('',#11413);
#11413=AXIS2_PLACEMENT_3D('',#663,#11414,#11415);
#11414=DIRECTION('',(9.682235987715657E-05,0.893845049837067,-0.44837597784359695));
#11415=DIRECTION('',(0.9999999786512217,-4.695011918997999E-06,0.00020658052443591192));
#11416=FACE_BOUND('',#11417,.T.);
#11417=EDGE_LOOP('',(#11418,#11419,#11420));
#11418=ORIENTED_EDGE('',*,*,#11421,.T.);
#11419=ORIENTED_EDGE('',*,*,#11422,.T.);
#11420=ORIENTED_EDGE('',*,*,#11423,.T.);
#11421=EDGE_CURVE('',#664,#440,#11424,.F.);
#11422=EDGE_CURVE('',#440,#438,#11425,.T.);
#11423=EDGE_CURVE('',#438,#664,#11426,.T.);
#11424=LINE('',#663,#11427);
#11425=LINE('',#439,#11428);
#11426=LINE('',#437,#11429);
#11427=VECTOR('',#11430,1.0);
#11428=VECTOR('',#11431,1.0);
#11429=VECTOR('',#11432,1.0);
#11430=DIRECTION('',(0.9999999786512217,-4.695011918997999E-06,0.00020658052443591192));
#11431=DIRECTION('',(0,-0.4483759799452628,-0.8938450540267732));
#11432=DIRECTION('',(-0.9966395152209995,0.036813877450801974,0.07317386915483207));
#11433=STYLED_ITEM('',(#25),#11434);
#11434=FACE_SURFACE('',(#11439),#11435,.T.);
#11435=PLANE('',#11436);
#11436=AXIS2_PLACEMENT_3D('',#663,#11437,#11438);
#11437=DIRECTION('',(7.243947120621116E-05,0.8937119929332044,-0.44864113547453843));
#11438=DIRECTION('',(0.9966395152209995,-0.036813877450801974,-0.07317386915483207));
#11439=FACE_BOUND('',#11440,.T.);
#11440=EDGE_LOOP('',(#11441,#11442,#11443));
#11441=ORIENTED_EDGE('',*,*,#11444,.T.);
#11442=ORIENTED_EDGE('',*,*,#11445,.T.);
#11443=ORIENTED_EDGE('',*,*,#11446,.T.);
#11444=EDGE_CURVE('',#664,#438,#11447,.F.);
#11445=EDGE_CURVE('',#438,#666,#11448,.T.);
#11446=EDGE_CURVE('',#666,#664,#11449,.T.);
#11447=LINE('',#663,#11450);
#11448=LINE('',#437,#11451);
#11449=LINE('',#665,#11452);
#11450=VECTOR('',#11453,1.0);
#11451=VECTOR('',#11454,1.0);
#11452=VECTOR('',#11455,1.0);
#11453=DIRECTION('',(0.9966395152209995,-0.036813877450801974,-0.07317386915483207));
#11454=DIRECTION('',(-0.9999999973761777,6.455641509503852E-05,-3.286508404838325E-05));
#11455=DIRECTION('',(0,0.44864113665165545,0.893711995278071));
#11456=STYLED_ITEM('',(#25),#11457);
#11457=FACE_SURFACE('',(#11462),#11458,.T.);
#11458=PLANE('',#11459);
#11459=AXIS2_PLACEMENT_3D('',#665,#11460,#11461);
#11460=DIRECTION('',(7.243942212455812E-05,0.8885313427596265,-0.458815919172717));
#11461=DIRECTION('',(0.9999999973761777,-6.455641509503852E-05,3.286508404838325E-05));
#11462=FACE_BOUND('',#11463,.T.);
#11463=EDGE_LOOP('',(#11464,#11465,#11466));
#11464=ORIENTED_EDGE('',*,*,#11467,.T.);
#11465=ORIENTED_EDGE('',*,*,#11468,.T.);
#11466=ORIENTED_EDGE('',*,*,#11469,.T.);
#11467=EDGE_CURVE('',#666,#438,#11470,.F.);
#11468=EDGE_CURVE('',#438,#436,#11471,.T.);
#11469=EDGE_CURVE('',#436,#666,#11472,.T.);
#11470=LINE('',#665,#11473);
#11471=LINE('',#437,#11474);
#11472=LINE('',#435,#11475);
#11473=VECTOR('',#11476,1.0);
#11474=VECTOR('',#11477,1.0);
#11475=VECTOR('',#11478,1.0);
#11476=DIRECTION('',(0.9999999973761777,-6.455641509503852E-05,3.286508404838325E-05));
#11477=DIRECTION('',(0,-0.45881592037652835,-0.8885313450908972));
#11478=DIRECTION('',(-0.9966055328400915,0.03783616985580768,0.0731152252486444));
#11479=STYLED_ITEM('',(#25),#11480);
#11480=FACE_SURFACE('',(#11485),#11481,.T.);
#11481=PLANE('',#11482);
#11482=AXIS2_PLACEMENT_3D('',#665,#11483,#11484);
#11483=DIRECTION('',(5.269738848276284E-05,0.8884216651473925,-0.4590282585197992));
#11484=DIRECTION('',(0.9966055328400915,-0.03783616985580768,-0.0731152252486444));
#11485=FACE_BOUND('',#11486,.T.);
#11486=EDGE_LOOP('',(#11487,#11488,#11489));
#11487=ORIENTED_EDGE('',*,*,#11490,.T.);
#11488=ORIENTED_EDGE('',*,*,#11491,.T.);
#11489=ORIENTED_EDGE('',*,*,#11492,.T.);
#11490=EDGE_CURVE('',#666,#436,#11493,.F.);
#11491=EDGE_CURVE('',#436,#668,#11494,.T.);
#11492=EDGE_CURVE('',#668,#666,#11495,.T.);
#11493=LINE('',#665,#11496);
#11494=LINE('',#435,#11497);
#11495=LINE('',#667,#11498);
#11496=VECTOR('',#11499,1.0);
#11497=VECTOR('',#11500,1.0);
#11498=VECTOR('',#11501,1.0);
#11499=DIRECTION('',(0.9966055328400915,-0.03783616985580768,-0.0731152252486444));
#11500=DIRECTION('',(-0.9999999835447979,-3.286508359381379E-05,-0.00017841045379498913));
#11501=DIRECTION('',(0,0.45902825915716333,0.8884216663809726));
#11502=STYLED_ITEM('',(#25),#11503);
#11503=FACE_SURFACE('',(#11508),#11504,.T.);
#11504=PLANE('',#11505);
#11505=AXIS2_PLACEMENT_3D('',#667,#11506,#11507);
#11506=DIRECTION('',(5.4778189221803445E-05,0.8828452335821294,-0.46966401878434905));
#11507=DIRECTION('',(0.9999999835447979,3.286508359381379E-05,0.00017841045379498913));
#11508=FACE_BOUND('',#11509,.T.);
#11509=EDGE_LOOP('',(#11510,#11511,#11512));
#11510=ORIENTED_EDGE('',*,*,#11513,.T.);
#11511=ORIENTED_EDGE('',*,*,#11514,.T.);
#11512=ORIENTED_EDGE('',*,*,#11515,.T.);
#11513=EDGE_CURVE('',#668,#436,#11516,.F.);
#11514=EDGE_CURVE('',#436,#434,#11517,.T.);
#11515=EDGE_CURVE('',#434,#668,#11518,.T.);
#11516=LINE('',#667,#11519);
#11517=LINE('',#435,#11520);
#11518=LINE('',#433,#11521);
#11519=VECTOR('',#11522,1.0);
#11520=VECTOR('',#11523,1.0);
#11521=VECTOR('',#11524,1.0);
#11522=DIRECTION('',(0.9999999835447979,3.286508359381379E-05,0.00017841045379498913));
#11523=DIRECTION('',(0,-0.4696640194889978,-0.8828452349066842));
#11524=DIRECTION('',(-0.9966079496283818,0.03869955303198683,0.07262877757911913));
#11525=STYLED_ITEM('',(#25),#11526);
#11526=FACE_SURFACE('',(#11531),#11527,.T.);
#11527=PLANE('',#11528);
#11528=AXIS2_PLACEMENT_3D('',#667,#11529,#11530);
#11529=DIRECTION('',(4.19798998331019E-05,0.8827724311159499,-0.4698008440811101));
#11530=DIRECTION('',(0.9966079496283818,-0.03869955303198683,-0.07262877757911913));
#11531=FACE_BOUND('',#11532,.T.);
#11532=EDGE_LOOP('',(#11533,#11534,#11535));
#11533=ORIENTED_EDGE('',*,*,#11536,.T.);
#11534=ORIENTED_EDGE('',*,*,#11537,.T.);
#11535=ORIENTED_EDGE('',*,*,#11538,.T.);
#11536=EDGE_CURVE('',#668,#434,#11539,.F.);
#11537=EDGE_CURVE('',#434,#670,#11540,.T.);
#11538=EDGE_CURVE('',#670,#668,#11541,.T.);
#11539=LINE('',#667,#11542);
#11540=LINE('',#433,#11543);
#11541=LINE('',#669,#11544);
#11542=VECTOR('',#11545,1.0);
#11543=VECTOR('',#11546,1.0);
#11544=VECTOR('',#11547,1.0);
#11545=DIRECTION('',(0.9966079496283818,-0.03869955303198683,-0.07262877757911913));
#11546=DIRECTION('',(-0.9999999991182745,3.756009612072846E-05,-1.878004806036423E-05));
#11547=DIRECTION('',(0,0.4698008444950779,0.8827724318938102));
#11548=STYLED_ITEM('',(#25),#11549);
#11549=FACE_SURFACE('',(#11554),#11550,.T.);
#11550=PLANE('',#11551);
#11551=AXIS2_PLACEMENT_3D('',#669,#11552,#11553);
#11552=DIRECTION('',(4.1963027883330245E-05,0.8767551569319992,-0.4809369948675707));
#11553=DIRECTION('',(0.9999999991182745,-3.756009612072846E-05,1.878004806036423E-05));
#11554=FACE_BOUND('',#11555,.T.);
#11555=EDGE_LOOP('',(#11556,#11557,#11558));
#11556=ORIENTED_EDGE('',*,*,#11559,.T.);
#11557=ORIENTED_EDGE('',*,*,#11560,.T.);
#11558=ORIENTED_EDGE('',*,*,#11561,.T.);
#11559=EDGE_CURVE('',#670,#434,#11562,.F.);
#11560=EDGE_CURVE('',#434,#432,#11563,.T.);
#11561=EDGE_CURVE('',#432,#670,#11564,.T.);
#11562=LINE('',#669,#11565);
#11563=LINE('',#433,#11566);
#11564=LINE('',#431,#11567);
#11565=VECTOR('',#11568,1.0);
#11566=VECTOR('',#11569,1.0);
#11567=VECTOR('',#11570,1.0);
#11568=DIRECTION('',(0.9999999991182745,-3.756009612072846E-05,1.878004806036423E-05));
#11569=DIRECTION('',(0,-0.48093699529101064,-0.8767551577039364));
#11570=DIRECTION('',(-0.9965878165177481,0.039732828420384746,0.07234657085241428));
#11571=STYLED_ITEM('',(#25),#11572);
#11572=FACE_SURFACE('',(#11577),#11573,.T.);
#11573=PLANE('',#11574);
#11574=AXIS2_PLACEMENT_3D('',#669,#11575,#11576);
#11575=DIRECTION('',(3.479370451443486E-05,0.8767135224343806,-0.48101288794594577));
#11576=DIRECTION('',(0.9965878165177481,-0.039732828420384746,-0.07234657085241428));
#11577=FACE_BOUND('',#11578,.T.);
#11578=EDGE_LOOP('',(#11579,#11580,#11581));
#11579=ORIENTED_EDGE('',*,*,#11582,.T.);
#11580=ORIENTED_EDGE('',*,*,#11583,.T.);
#11581=ORIENTED_EDGE('',*,*,#11584,.T.);
#11582=EDGE_CURVE('',#670,#432,#11585,.F.);
#11583=EDGE_CURVE('',#432,#672,#11586,.T.);
#11584=EDGE_CURVE('',#672,#670,#11587,.T.);
#11585=LINE('',#669,#11588);
#11586=LINE('',#431,#11589);
#11587=LINE('',#671,#11590);
#11588=VECTOR('',#11591,1.0);
#11589=VECTOR('',#11592,1.0);
#11590=VECTOR('',#11593,1.0);
#11591=DIRECTION('',(0.9965878165177481,-0.039732828420384746,-0.07234657085241428));
#11592=DIRECTION('',(-0.9999999852248983,-5.047137846101101E-05,-0.00016432541824515213));
#11593=DIRECTION('',(0,0.48101288823710325,0.8767135229650561));
#11594=STYLED_ITEM('',(#25),#11595);
#11595=FACE_SURFACE('',(#11600),#11596,.T.);
#11596=PLANE('',#11597);
#11597=AXIS2_PLACEMENT_3D('',#671,#11598,#11599);
#11598=DIRECTION('',(3.7030690911504986E-05,0.8702353000878676,-0.49263629698765277));
#11599=DIRECTION('',(0.9999999852248983,5.047137846101101E-05,0.00016432541824515213));
#11600=FACE_BOUND('',#11601,.T.);
#11601=EDGE_LOOP('',(#11602,#11603,#11604));
#11602=ORIENTED_EDGE('',*,*,#11605,.T.);
#11603=ORIENTED_EDGE('',*,*,#11606,.T.);
#11604=ORIENTED_EDGE('',*,*,#11607,.T.);
#11605=EDGE_CURVE('',#672,#432,#11608,.F.);
#11606=EDGE_CURVE('',#432,#430,#11609,.T.);
#11607=EDGE_CURVE('',#430,#672,#11610,.T.);
#11608=LINE('',#671,#11611);
#11609=LINE('',#431,#11612);
#11610=LINE('',#429,#11613);
#11611=VECTOR('',#11614,1.0);
#11612=VECTOR('',#11615,1.0);
#11613=VECTOR('',#11616,1.0);
#11614=DIRECTION('',(0.9999999852248983,5.047137846101101E-05,0.00016432541824515213));
#11615=DIRECTION('',(0,-0.49263629732542197,-0.8702353006845324));
#11616=DIRECTION('',(-0.9966025730046579,0.040606061632256954,0.07165514105221478));
#11617=STYLED_ITEM('',(#25),#11618);
#11618=FACE_SURFACE('',(#11623),#11619,.T.);
#11619=PLANE('',#11620);
#11620=AXIS2_PLACEMENT_3D('',#671,#11621,#11622);
#11621=DIRECTION('',(3.5809226444381396E-05,0.870228018740126,-0.49264915925771563));
#11622=DIRECTION('',(0.9966025730046579,-0.040606061632256954,-0.07165514105221478));
#11623=FACE_BOUND('',#11624,.T.);
#11624=EDGE_LOOP('',(#11625,#11626,#11627));
#11625=ORIENTED_EDGE('',*,*,#11628,.T.);
#11626=ORIENTED_EDGE('',*,*,#11629,.T.);
#11627=ORIENTED_EDGE('',*,*,#11630,.T.);
#11628=EDGE_CURVE('',#672,#430,#11631,.F.);
#11629=EDGE_CURVE('',#430,#674,#11632,.T.);
#11630=EDGE_CURVE('',#674,#672,#11633,.T.);
#11631=LINE('',#671,#11634);
#11632=LINE('',#429,#11635);
#11633=LINE('',#673,#11636);
#11634=VECTOR('',#11637,1.0);
#11635=VECTOR('',#11638,1.0);
#11636=VECTOR('',#11639,1.0);
#11637=DIRECTION('',(0.9966025730046579,-0.040606061632256954,-0.07165514105221478));
#11638=DIRECTION('',(-0.9999999993579937,3.051757810540752E-05,-1.8780048064866167E-05));
#11639=DIRECTION('',(0,0.4926491595735778,0.870228019298073));
#11640=STYLED_ITEM('',(#25),#11641);
#11641=FACE_SURFACE('',(#11646),#11642,.T.);
#11642=PLANE('',#11643);
#11643=AXIS2_PLACEMENT_3D('',#673,#11644,#11645);
#11644=DIRECTION('',(3.5824029424618864E-05,0.8632494283102227,-0.5047775977979932));
#11645=DIRECTION('',(0.9999999993579937,-3.051757810540752E-05,1.8780048064866167E-05));
#11646=FACE_BOUND('',#11647,.T.);
#11647=EDGE_LOOP('',(#11648,#11649,#11650));
#11648=ORIENTED_EDGE('',*,*,#11651,.T.);
#11649=ORIENTED_EDGE('',*,*,#11652,.T.);
#11650=ORIENTED_EDGE('',*,*,#11653,.T.);
#11651=EDGE_CURVE('',#674,#430,#11654,.F.);
#11652=EDGE_CURVE('',#430,#428,#11655,.T.);
#11653=EDGE_CURVE('',#428,#674,#11656,.T.);
#11654=LINE('',#673,#11657);
#11655=LINE('',#429,#11658);
#11656=LINE('',#427,#11659);
#11657=VECTOR('',#11660,1.0);
#11658=VECTOR('',#11661,1.0);
#11659=VECTOR('',#11662,1.0);
#11660=DIRECTION('',(0.9999999993579937,-3.051757810540752E-05,1.8780048064866167E-05));
#11661=DIRECTION('',(0,-0.5047775981218992,-0.863249428864153));
#11662=DIRECTION('',(-0.9965954814929405,0.04164802612665576,0.071153975205938));
#11663=STYLED_ITEM('',(#25),#11664);
#11664=FACE_SURFACE('',(#11669),#11665,.T.);
#11665=PLANE('',#11666);
#11666=AXIS2_PLACEMENT_3D('',#673,#11667,#11668);
#11667=DIRECTION('',(3.330415729343439E-05,0.8632340526481918,-0.5048038918623865));
#11668=DIRECTION('',(0.9965954814929405,-0.04164802612665576,-0.071153975205938));
#11669=FACE_BOUND('',#11670,.T.);
#11670=EDGE_LOOP('',(#11671,#11672,#11673));
#11671=ORIENTED_EDGE('',*,*,#11674,.T.);
#11672=ORIENTED_EDGE('',*,*,#11675,.T.);
#11673=ORIENTED_EDGE('',*,*,#11676,.T.);
#11674=EDGE_CURVE('',#674,#428,#11677,.F.);
#11675=EDGE_CURVE('',#428,#676,#11678,.T.);
#11676=EDGE_CURVE('',#676,#674,#11679,.T.);
#11677=LINE('',#673,#11680);
#11678=LINE('',#427,#11681);
#11679=LINE('',#675,#11682);
#11680=VECTOR('',#11683,1.0);
#11681=VECTOR('',#11684,1.0);
#11682=VECTOR('',#11685,1.0);
#11683=DIRECTION('',(0.9965954814929405,-0.04164802612665576,-0.071153975205938));
#11684=DIRECTION('',(-0.9999999848446542,-5.751389636393393E-05,-0.00016432541818266837));
#11685=DIRECTION('',(0,0.5048038921423424,0.8632340531269271));
#11686=STYLED_ITEM('',(#25),#11687);
#11687=FACE_SURFACE('',(#11692),#11688,.T.);
#11688=PLANE('',#11689);
#11689=AXIS2_PLACEMENT_3D('',#675,#11690,#11691);
#11690=DIRECTION('',(3.58086691428302E-05,0.8557319830319549,-0.517419338577461));
#11691=DIRECTION('',(0.9999999848446542,5.751389636393393E-05,0.00016432541818266837));
#11692=FACE_BOUND('',#11693,.T.);
#11693=EDGE_LOOP('',(#11694,#11695,#11696));
#11694=ORIENTED_EDGE('',*,*,#11697,.T.);
#11695=ORIENTED_EDGE('',*,*,#11698,.T.);
#11696=ORIENTED_EDGE('',*,*,#11699,.T.);
#11697=EDGE_CURVE('',#676,#428,#11700,.F.);
#11698=EDGE_CURVE('',#428,#426,#11701,.T.);
#11699=EDGE_CURVE('',#426,#676,#11702,.T.);
#11700=LINE('',#675,#11703);
#11701=LINE('',#427,#11704);
#11702=LINE('',#425,#11705);
#11703=VECTOR('',#11706,1.0);
#11704=VECTOR('',#11707,1.0);
#11705=VECTOR('',#11708,1.0);
#11706=DIRECTION('',(0.9999999848446542,5.751389636393393E-05,0.00016432541818266837));
#11707=DIRECTION('',(0,-0.5174193389091943,-0.8557319835805907));
#11708=DIRECTION('',(-0.9966221366372591,0.04252297185915552,0.07025748094580288));
#11709=STYLED_ITEM('',(#25),#11710);
#11710=FACE_SURFACE('',(#11715),#11711,.T.);
#11711=PLANE('',#11712);
#11712=AXIS2_PLACEMENT_3D('',#675,#11713,#11714);
#11713=DIRECTION('',(3.2398190129546185E-05,0.8557105673223002,-0.5174547554359747));
#11714=DIRECTION('',(0.9966221366372591,-0.04252297185915552,-0.07025748094580288));
#11715=FACE_BOUND('',#11716,.T.);
#11716=EDGE_LOOP('',(#11717,#11718,#11719));
#11717=ORIENTED_EDGE('',*,*,#11720,.T.);
#11718=ORIENTED_EDGE('',*,*,#11721,.T.);
#11719=ORIENTED_EDGE('',*,*,#11722,.T.);
#11720=EDGE_CURVE('',#676,#426,#11723,.F.);
#11721=EDGE_CURVE('',#426,#678,#11724,.T.);
#11722=EDGE_CURVE('',#678,#676,#11725,.T.);
#11723=LINE('',#675,#11726);
#11724=LINE('',#425,#11727);
#11725=LINE('',#677,#11728);
#11726=VECTOR('',#11729,1.0);
#11727=VECTOR('',#11730,1.0);
#11728=VECTOR('',#11731,1.0);
#11729=DIRECTION('',(0.9966221366372591,-0.04252297185915552,-0.07025748094580288));
#11730=DIRECTION('',(-0.999999999470276,2.9343825104648176E-05,-1.4085036050231124E-05));
#11731=DIRECTION('',(0,0.5174547557075461,0.8557105677713954));
#11732=STYLED_ITEM('',(#25),#11733);
#11733=FACE_SURFACE('',(#11738),#11734,.T.);
#11734=PLANE('',#11735);
#11735=AXIS2_PLACEMENT_3D('',#677,#11736,#11737);
#11736=DIRECTION('',(3.2360002518792536E-05,0.8496980977642782,-0.5272695151519737));
#11737=DIRECTION('',(0.999999999470276,-2.9343825104648176E-05,1.4085036050231124E-05));
#11738=FACE_BOUND('',#11739,.T.);
#11739=EDGE_LOOP('',(#11740,#11741,#11742));
#11740=ORIENTED_EDGE('',*,*,#11743,.T.);
#11741=ORIENTED_EDGE('',*,*,#11744,.T.);
#11742=ORIENTED_EDGE('',*,*,#11745,.T.);
#11743=EDGE_CURVE('',#678,#426,#11746,.F.);
#11744=EDGE_CURVE('',#426,#598,#11747,.T.);
#11745=EDGE_CURVE('',#598,#678,#11748,.T.);
#11746=LINE('',#677,#11749);
#11747=LINE('',#425,#11750);
#11748=LINE('',#597,#11751);
#11749=VECTOR('',#11752,1.0);
#11750=VECTOR('',#11753,1.0);
#11751=VECTOR('',#11754,1.0);
#11752=DIRECTION('',(0.999999999470276,-2.9343825104648176E-05,1.4085036050231124E-05));
#11753=DIRECTION('',(-0.999121650583789,-0.0220671106180457,-0.03562260467310178));
#11754=DIRECTION('',(0,0.527269515428044,0.8496980982091672));
#11755=STYLED_ITEM('',(#25),#11756);
#11756=FACE_SURFACE('',(#11761),#11757,.T.);
#11757=PLANE('',#11758);
#11758=AXIS2_PLACEMENT_3D('',#677,#11759,#11760);
#11759=DIRECTION('',(0,0.8496980982091672,-0.527269515428044));
#11760=DIRECTION('',(0,-0.527269515428044,-0.8496980982091672));
#11761=FACE_BOUND('',#11762,.T.);
#11762=EDGE_LOOP('',(#11763,#11764,#11765));
#11763=ORIENTED_EDGE('',*,*,#11766,.T.);
#11764=ORIENTED_EDGE('',*,*,#11767,.T.);
#11765=ORIENTED_EDGE('',*,*,#11768,.T.);
#11766=EDGE_CURVE('',#678,#598,#11769,.F.);
#11767=EDGE_CURVE('',#598,#594,#11770,.T.);
#11768=EDGE_CURVE('',#594,#678,#11771,.T.);
#11769=LINE('',#677,#11772);
#11770=LINE('',#597,#11773);
#11771=LINE('',#593,#11774);
#11772=VECTOR('',#11775,1.0);
#11773=VECTOR('',#11776,1.0);
#11774=VECTOR('',#11777,1.0);
#11775=DIRECTION('',(0,-0.527269515428044,-0.8496980982091672));
#11776=DIRECTION('',(-0.9991215045237205,0.022096425438791062,0.03560852680307036));
#11777=DIRECTION('',(1,0,0));
#11778=STYLED_ITEM('',(#25),#11779);
#11779=FACE_SURFACE('',(#11784),#11780,.T.);
#11780=PLANE('',#11781);
#11781=AXIS2_PLACEMENT_3D('',#425,#11782,#11783);
#11782=DIRECTION('',(0.00019433883137359056,0.8476553746573406,-0.5305471968137633));
#11783=DIRECTION('',(0,-0.5305472068325059,-0.8476553906642879));
#11784=FACE_BOUND('',#11785,.T.);
#11785=EDGE_LOOP('',(#11786,#11787,#11788));
#11786=ORIENTED_EDGE('',*,*,#11789,.T.);
#11787=ORIENTED_EDGE('',*,*,#11790,.T.);
#11788=ORIENTED_EDGE('',*,*,#11791,.T.);
#11789=EDGE_CURVE('',#426,#424,#11792,.F.);
#11790=EDGE_CURVE('',#424,#598,#11793,.T.);
#11791=EDGE_CURVE('',#598,#426,#11794,.T.);
#11792=LINE('',#425,#11795);
#11793=LINE('',#423,#11796);
#11794=LINE('',#597,#11797);
#11795=VECTOR('',#11798,1.0);
#11796=VECTOR('',#11799,1.0);
#11797=VECTOR('',#11800,1.0);
#11798=DIRECTION('',(0,-0.5305472068325059,-0.8476553906642879));
#11799=DIRECTION('',(-0.9991846776622768,0.02158413791092687,0.03411898174878746));
#11800=DIRECTION('',(0.999121650583789,0.0220671106180457,0.03562260467310178));
#11801=STYLED_ITEM('',(#25),#11802);
#11802=FACE_SURFACE('',(#11807),#11803,.T.);
#11803=PLANE('',#11804);
#11804=AXIS2_PLACEMENT_3D('',#421,#11805,#11806);
#11805=DIRECTION('',(0.0001967669922229833,0.8295908032868552,-0.558371794044632));
#11806=DIRECTION('',(0,-0.5583718048539423,-0.8295908193465926));
#11807=FACE_BOUND('',#11808,.T.);
#11808=EDGE_LOOP('',(#11809,#11810,#11811));
#11809=ORIENTED_EDGE('',*,*,#11812,.T.);
#11810=ORIENTED_EDGE('',*,*,#11813,.T.);
#11811=ORIENTED_EDGE('',*,*,#11814,.T.);
#11812=EDGE_CURVE('',#422,#420,#11815,.F.);
#11813=EDGE_CURVE('',#420,#606,#11816,.T.);
#11814=EDGE_CURVE('',#606,#422,#11817,.T.);
#11815=LINE('',#421,#11818);
#11816=LINE('',#419,#11819);
#11817=LINE('',#605,#11820);
#11818=VECTOR('',#11821,1.0);
#11819=VECTOR('',#11822,1.0);
#11820=VECTOR('',#11823,1.0);
#11821=DIRECTION('',(0,-0.5583718048539423,-0.8295908193465926));
#11822=DIRECTION('',(-0.9991785282884601,0.022790804748804704,0.033508921591254466));
#11823=DIRECTION('',(0.9991549622526362,0.02278674893489981,0.0342070969085516));
#11824=STYLED_ITEM('',(#25),#11825);
#11825=FACE_SURFACE('',(#11830),#11826,.T.);
#11826=PLANE('',#11827);
#11827=AXIS2_PLACEMENT_3D('',#605,#11828,#11829);
#11828=DIRECTION('',(1.3317516609069022E-05,0.8270567520701195,-0.5621184294060002));
#11829=DIRECTION('',(0.9991785282884601,-0.022790804748804704,-0.033508921591254466));
#11830=FACE_BOUND('',#11831,.T.);
#11831=EDGE_LOOP('',(#11832,#11833,#11834));
#11832=ORIENTED_EDGE('',*,*,#11835,.T.);
#11833=ORIENTED_EDGE('',*,*,#11836,.T.);
#11834=ORIENTED_EDGE('',*,*,#11837,.T.);
#11835=EDGE_CURVE('',#606,#420,#11838,.F.);
#11836=EDGE_CURVE('',#420,#680,#11839,.T.);
#11837=EDGE_CURVE('',#680,#606,#11840,.T.);
#11838=LINE('',#605,#11841);
#11839=LINE('',#419,#11842);
#11840=LINE('',#679,#11843);
#11841=VECTOR('',#11844,1.0);
#11842=VECTOR('',#11845,1.0);
#11843=VECTOR('',#11846,1.0);
#11844=DIRECTION('',(0.9991785282884601,-0.022790804748804704,-0.033508921591254466));
#11845=DIRECTION('',(-0.9999999999056277,1.2911283051666148E-05,-4.695012018787691E-06));
#11846=DIRECTION('',(0,0.5621184294558479,0.8270567521434614));
#11847=STYLED_ITEM('',(#25),#11848);
#11848=FACE_SURFACE('',(#11853),#11849,.T.);
#11849=PLANE('',#11850);
#11850=AXIS2_PLACEMENT_3D('',#605,#11851,#11852);
#11851=DIRECTION('',(0,0.8270567521434614,-0.5621184294558479));
#11852=DIRECTION('',(0,-0.5621184294558479,-0.8270567521434614));
#11853=FACE_BOUND('',#11854,.T.);
#11854=EDGE_LOOP('',(#11855,#11856,#11857));
#11855=ORIENTED_EDGE('',*,*,#11858,.T.);
#11856=ORIENTED_EDGE('',*,*,#11859,.T.);
#11857=ORIENTED_EDGE('',*,*,#11860,.T.);
#11858=EDGE_CURVE('',#606,#680,#11861,.F.);
#11859=EDGE_CURVE('',#680,#610,#11862,.T.);
#11860=EDGE_CURVE('',#610,#606,#11863,.T.);
#11861=LINE('',#605,#11864);
#11862=LINE('',#679,#11865);
#11863=LINE('',#609,#11866);
#11864=VECTOR('',#11867,1.0);
#11865=VECTOR('',#11868,1.0);
#11866=VECTOR('',#11869,1.0);
#11867=DIRECTION('',(0,-0.5621184294558479,-0.8270567521434614));
#11868=DIRECTION('',(-0.9991786649032078,0.02277790718636158,0.03351361732867204));
#11869=DIRECTION('',(1,0,0));
#11870=STYLED_ITEM('',(#25),#11871);
#11871=FACE_SURFACE('',(#11876),#11872,.T.);
#11872=PLANE('',#11873);
#11873=AXIS2_PLACEMENT_3D('',#609,#11874,#11875);
#11874=DIRECTION('',(0,0.8270567521434614,-0.5621184294558479));
#11875=DIRECTION('',(0.9991786649032078,-0.02277790718636158,-0.03351361732867204));
#11876=FACE_BOUND('',#11877,.T.);
#11877=EDGE_LOOP('',(#11878,#11879,#11880));
#11878=ORIENTED_EDGE('',*,*,#11881,.T.);
#11879=ORIENTED_EDGE('',*,*,#11882,.T.);
#11880=ORIENTED_EDGE('',*,*,#11883,.T.);
#11881=EDGE_CURVE('',#610,#680,#11884,.F.);
#11882=EDGE_CURVE('',#680,#616,#11885,.T.);
#11883=EDGE_CURVE('',#616,#610,#11886,.T.);
#11884=LINE('',#609,#11887);
#11885=LINE('',#679,#11888);
#11886=LINE('',#615,#11889);
#11887=VECTOR('',#11890,1.0);
#11888=VECTOR('',#11891,1.0);
#11889=VECTOR('',#11892,1.0);
#11890=DIRECTION('',(0.9991786649032078,-0.02277790718636158,-0.03351361732867204));
#11891=DIRECTION('',(-1,0,0));
#11892=DIRECTION('',(0,0.5621184294558479,0.8270567521434614));
#11893=STYLED_ITEM('',(#25),#11894);
#11894=FACE_SURFACE('',(#11899),#11895,.T.);
#11895=PLANE('',#11896);
#11896=AXIS2_PLACEMENT_3D('',#679,#11897,#11898);
#11897=DIRECTION('',(1.3286940196856152E-05,0.8220187346424619,-0.5694604461420153));
#11898=DIRECTION('',(0.9999999999056277,-1.2911283051666148E-05,4.695012018787691E-06));
#11899=FACE_BOUND('',#11900,.T.);
#11900=EDGE_LOOP('',(#11901,#11902,#11903));
#11901=ORIENTED_EDGE('',*,*,#11904,.T.);
#11902=ORIENTED_EDGE('',*,*,#11905,.T.);
#11903=ORIENTED_EDGE('',*,*,#11906,.T.);
#11904=EDGE_CURVE('',#680,#420,#11907,.F.);
#11905=EDGE_CURVE('',#420,#620,#11908,.T.);
#11906=EDGE_CURVE('',#620,#680,#11909,.T.);
#11907=LINE('',#679,#11910);
#11908=LINE('',#419,#11911);
#11909=LINE('',#619,#11912);
#11910=VECTOR('',#11913,1.0);
#11911=VECTOR('',#11914,1.0);
#11912=VECTOR('',#11915,1.0);
#11913=DIRECTION('',(0.9999999999056277,-1.2911283051666148E-05,4.695012018787691E-06));
#11914=DIRECTION('',(-0.9991633661388809,-0.023278331644487407,-0.033625690206596955));
#11915=DIRECTION('',(0,0.5694604461922823,0.8220187347150226));
#11916=STYLED_ITEM('',(#25),#11917);
#11917=FACE_SURFACE('',(#11922),#11918,.T.);
#11918=PLANE('',#11919);
#11919=AXIS2_PLACEMENT_3D('',#619,#11920,#11921);
#11920=DIRECTION('',(0.00019507224297816866,0.8194815044355219,-0.5731055974555769));
#11921=DIRECTION('',(0.9991633661388809,0.023278331644487407,0.033625690206596955));
#11922=FACE_BOUND('',#11923,.T.);
#11923=EDGE_LOOP('',(#11924,#11925,#11926));
#11924=ORIENTED_EDGE('',*,*,#11927,.T.);
#11925=ORIENTED_EDGE('',*,*,#11928,.T.);
#11926=ORIENTED_EDGE('',*,*,#11929,.T.);
#11927=EDGE_CURVE('',#620,#420,#11930,.F.);
#11928=EDGE_CURVE('',#420,#418,#11931,.T.);
#11929=EDGE_CURVE('',#418,#620,#11932,.T.);
#11930=LINE('',#619,#11933);
#11931=LINE('',#419,#11934);
#11932=LINE('',#417,#11935);
#11933=VECTOR('',#11936,1.0);
#11934=VECTOR('',#11937,1.0);
#11935=VECTOR('',#11938,1.0);
#11936=DIRECTION('',(0.9991633661388809,0.023278331644487407,0.033625690206596955));
#11937=DIRECTION('',(0,-0.5731056083598224,-0.819481520027461));
#11938=DIRECTION('',(-0.9991871427167963,0.02326246640224475,0.032922811033214754));
#11939=STYLED_ITEM('',(#25),#11940);
#11940=FACE_SURFACE('',(#11945),#11941,.T.);
#11941=PLANE('',#11942);
#11942=AXIS2_PLACEMENT_3D('',#623,#11943,#11944);
#11943=DIRECTION('',(0,0.8056403298662894,-0.592404978788106));
#11944=DIRECTION('',(-0.9997990568388194,-0.011875406770771242,-0.016149942979332362));
#11945=FACE_BOUND('',#11946,.T.);
#11946=EDGE_LOOP('',(#11947,#11948,#11949));
#11947=ORIENTED_EDGE('',*,*,#11950,.T.);
#11948=ORIENTED_EDGE('',*,*,#11951,.T.);
#11949=ORIENTED_EDGE('',*,*,#11952,.T.);
#11950=EDGE_CURVE('',#624,#626,#11953,.F.);
#11951=EDGE_CURVE('',#626,#682,#11954,.T.);
#11952=EDGE_CURVE('',#682,#624,#11955,.T.);
#11953=LINE('',#623,#11956);
#11954=LINE('',#625,#11957);
#11955=LINE('',#681,#11958);
#11956=VECTOR('',#11959,1.0);
#11957=VECTOR('',#11960,1.0);
#11958=VECTOR('',#11961,1.0);
#11959=DIRECTION('',(-0.9997990568388194,-0.011875406770771242,-0.016149942979332362));
#11960=DIRECTION('',(0.9991969533840133,0.023736510220500117,0.032280434177036674));
#11961=DIRECTION('',(1,0,0));
#11962=STYLED_ITEM('',(#25),#11963);
#11963=FACE_SURFACE('',(#11968),#11964,.T.);
#11964=PLANE('',#11965);
#11965=AXIS2_PLACEMENT_3D('',#681,#11966,#11967);
#11966=DIRECTION('',(-0.00019852577685441303,0.8085632820074772,-0.5884091939941225));
#11967=DIRECTION('',(-0.9991969533840133,-0.023736510220500117,-0.032280434177036674));
#11968=FACE_BOUND('',#11969,.T.);
#11969=EDGE_LOOP('',(#11970,#11971,#11972));
#11970=ORIENTED_EDGE('',*,*,#11973,.T.);
#11971=ORIENTED_EDGE('',*,*,#11974,.T.);
#11972=ORIENTED_EDGE('',*,*,#11975,.T.);
#11973=EDGE_CURVE('',#682,#626,#11976,.F.);
#11974=EDGE_CURVE('',#626,#684,#11977,.T.);
#11975=EDGE_CURVE('',#684,#682,#11978,.T.);
#11976=LINE('',#681,#11979);
#11977=LINE('',#625,#11980);
#11978=LINE('',#683,#11981);
#11979=VECTOR('',#11982,1.0);
#11980=VECTOR('',#11983,1.0);
#11981=VECTOR('',#11984,1.0);
#11982=DIRECTION('',(-0.9991969533840133,-0.023736510220500117,-0.032280434177036674));
#11983=DIRECTION('',(0,0.588409205589457,0.8085632979412214));
#11984=DIRECTION('',(0.9991727943449649,-0.023767601424226095,-0.03299739631264312));
#11985=STYLED_ITEM('',(#25),#11986);
#11986=FACE_SURFACE('',(#11991),#11987,.T.);
#11987=PLANE('',#11988);
#11988=AXIS2_PLACEMENT_3D('',#681,#11989,#11990);
#11989=DIRECTION('',(-4.761654473512079E-06,0.8113554476978277,-0.58455310919401));
#11990=DIRECTION('',(-0.9991727943449649,0.023767601424226095,0.03299739631264312));
#11991=FACE_BOUND('',#11992,.T.);
#11992=EDGE_LOOP('',(#11993,#11994,#11995));
#11993=ORIENTED_EDGE('',*,*,#11996,.T.);
#11994=ORIENTED_EDGE('',*,*,#11997,.T.);
#11995=ORIENTED_EDGE('',*,*,#11998,.T.);
#11996=EDGE_CURVE('',#682,#684,#11999,.F.);
#11997=EDGE_CURVE('',#684,#686,#12000,.T.);
#11998=EDGE_CURVE('',#686,#682,#12001,.T.);
#11999=LINE('',#681,#12002);
#12000=LINE('',#683,#12003);
#12001=LINE('',#685,#12004);
#12002=VECTOR('',#12005,1.0);
#12003=VECTOR('',#12006,1.0);
#12004=VECTOR('',#12007,1.0);
#12005=DIRECTION('',(-0.9991727943449649,0.023767601424226095,0.03299739631264312));
#12006=DIRECTION('',(0.9999999999827788,5.868765023937394E-06,0));
#12007=DIRECTION('',(0,-0.584553109200637,-0.8113554477070258));
#12008=STYLED_ITEM('',(#25),#12009);
#12009=FACE_SURFACE('',(#12014),#12010,.T.);
#12010=PLANE('',#12011);
#12011=AXIS2_PLACEMENT_3D('',#685,#12012,#12013);
#12012=DIRECTION('',(-4.793428008460971E-06,0.8167694547024954,-0.5769641737941893));
#12013=DIRECTION('',(-0.9999999999827788,-5.868765023937394E-06,0));
#12014=FACE_BOUND('',#12015,.T.);
#12015=EDGE_LOOP('',(#12016,#12017,#12018));
#12016=ORIENTED_EDGE('',*,*,#12019,.T.);
#12017=ORIENTED_EDGE('',*,*,#12020,.T.);
#12018=ORIENTED_EDGE('',*,*,#12021,.T.);
#12019=EDGE_CURVE('',#686,#684,#12022,.F.);
#12020=EDGE_CURVE('',#684,#618,#12023,.T.);
#12021=EDGE_CURVE('',#618,#686,#12024,.T.);
#12022=LINE('',#685,#12025);
#12023=LINE('',#683,#12026);
#12024=LINE('',#617,#12027);
#12025=VECTOR('',#12028,1.0);
#12026=VECTOR('',#12029,1.0);
#12027=VECTOR('',#12030,1.0);
#12028=DIRECTION('',(-0.9999999999827788,-5.868765023937394E-06,0));
#12029=DIRECTION('',(0.9991871427167963,0.02326246640224475,0.032922811033214754));
#12030=DIRECTION('',(0,-0.5769641738008178,-0.8167694547118788));
#12031=STYLED_ITEM('',(#25),#12032);
#12032=FACE_SURFACE('',(#12037),#12033,.T.);
#12033=PLANE('',#12034);
#12034=AXIS2_PLACEMENT_3D('',#685,#12035,#12036);
#12035=DIRECTION('',(0,0.8167694547118788,-0.5769641738008178));
#12036=DIRECTION('',(0,0.5769641738008178,0.8167694547118788));
#12037=FACE_BOUND('',#12038,.T.);
#12038=EDGE_LOOP('',(#12039,#12040,#12041));
#12039=ORIENTED_EDGE('',*,*,#12042,.T.);
#12040=ORIENTED_EDGE('',*,*,#12043,.T.);
#12041=ORIENTED_EDGE('',*,*,#12044,.T.);
#12042=EDGE_CURVE('',#686,#618,#12045,.F.);
#12043=EDGE_CURVE('',#618,#622,#12046,.T.);
#12044=EDGE_CURVE('',#622,#686,#12047,.T.);
#12045=LINE('',#685,#12048);
#12046=LINE('',#617,#12049);
#12047=LINE('',#621,#12050);
#12048=VECTOR('',#12051,1.0);
#12049=VECTOR('',#12052,1.0);
#12050=VECTOR('',#12053,1.0);
#12051=DIRECTION('',(0,0.5769641738008178,0.8167694547118788));
#12052=DIRECTION('',(0.9991872789997387,-0.023256605579745737,-0.03292281552368242));
#12053=DIRECTION('',(-1,0,0));
#12054=STYLED_ITEM('',(#25),#12055);
#12055=FACE_SURFACE('',(#12060),#12056,.T.);
#12056=PLANE('',#12057);
#12057=AXIS2_PLACEMENT_3D('',#683,#12058,#12059);
#12058=DIRECTION('',(-0.00019507224297816866,0.8194815044355219,-0.5731055974555769));
#12059=DIRECTION('',(0,0.5731056083598224,0.819481520027461));
#12060=FACE_BOUND('',#12061,.T.);
#12061=EDGE_LOOP('',(#12062,#12063,#12064));
#12062=ORIENTED_EDGE('',*,*,#12065,.T.);
#12063=ORIENTED_EDGE('',*,*,#12066,.T.);
#12064=ORIENTED_EDGE('',*,*,#12067,.T.);
#12065=EDGE_CURVE('',#684,#614,#12068,.F.);
#12066=EDGE_CURVE('',#614,#618,#12069,.T.);
#12067=EDGE_CURVE('',#618,#684,#12070,.T.);
#12068=LINE('',#683,#12071);
#12069=LINE('',#613,#12072);
#12070=LINE('',#617,#12073);
#12071=VECTOR('',#12074,1.0);
#12072=VECTOR('',#12075,1.0);
#12073=VECTOR('',#12076,1.0);
#12074=DIRECTION('',(0,0.5731056083598224,0.819481520027461));
#12075=DIRECTION('',(0.9991633661388809,-0.023278331644487407,-0.033625690206596955));
#12076=DIRECTION('',(-0.9991871427167963,-0.02326246640224475,-0.032922811033214754));
#12077=STYLED_ITEM('',(#25),#12078);
#12078=FACE_SURFACE('',(#12083),#12079,.T.);
#12079=PLANE('',#12080);
#12080=AXIS2_PLACEMENT_3D('',#607,#12081,#12082);
#12081=DIRECTION('',(-2.183732497976911E-05,0.8365975292905111,-0.547818011303155));
#12082=DIRECTION('',(-0.9999999997568367,-1.9953801076878738E-05,9.39002403617823E-06));
#12083=FACE_BOUND('',#12084,.T.);
#12084=EDGE_LOOP('',(#12085,#12086,#12087));
#12085=ORIENTED_EDGE('',*,*,#12088,.T.);
#12086=ORIENTED_EDGE('',*,*,#12089,.T.);
#12087=ORIENTED_EDGE('',*,*,#12090,.T.);
#12088=EDGE_CURVE('',#608,#612,#12091,.F.);
#12089=EDGE_CURVE('',#612,#688,#12092,.T.);
#12090=EDGE_CURVE('',#688,#608,#12093,.T.);
#12091=LINE('',#607,#12094);
#12092=LINE('',#611,#12095);
#12093=LINE('',#687,#12096);
#12094=VECTOR('',#12097,1.0);
#12095=VECTOR('',#12098,1.0);
#12096=VECTOR('',#12099,1.0);
#12097=DIRECTION('',(-0.9999999997568367,-1.9953801076878738E-05,9.39002403617823E-06));
#12098=DIRECTION('',(0.9991906229247486,0.022054560340411727,0.033640681138227595));
#12099=DIRECTION('',(0,-0.5478180114337736,-0.8365975294899848));
#12100=STYLED_ITEM('',(#25),#12101);
#12101=FACE_SURFACE('',(#12106),#12102,.T.);
#12102=PLANE('',#12103);
#12103=AXIS2_PLACEMENT_3D('',#687,#12104,#12105);
#12104=DIRECTION('',(-0.0001960954996305127,0.8389609178681907,-0.5441916388886529));
#12105=DIRECTION('',(-0.9991906229247486,-0.022054560340411727,-0.033640681138227595));
#12106=FACE_BOUND('',#12107,.T.);
#12107=EDGE_LOOP('',(#12108,#12109,#12110));
#12108=ORIENTED_EDGE('',*,*,#12111,.T.);
#12109=ORIENTED_EDGE('',*,*,#12112,.T.);
#12110=ORIENTED_EDGE('',*,*,#12113,.T.);
#12111=EDGE_CURVE('',#688,#612,#12114,.F.);
#12112=EDGE_CURVE('',#612,#690,#12115,.T.);
#12113=EDGE_CURVE('',#690,#688,#12116,.T.);
#12114=LINE('',#687,#12117);
#12115=LINE('',#611,#12118);
#12116=LINE('',#689,#12119);
#12117=VECTOR('',#12120,1.0);
#12118=VECTOR('',#12121,1.0);
#12119=VECTOR('',#12122,1.0);
#12120=DIRECTION('',(-0.9991906229247486,-0.022054560340411727,-0.033640681138227595));
#12121=DIRECTION('',(0,0.5441916493516747,0.8389609339986599));
#12122=DIRECTION('',(0.9991277497197438,-0.02255979159001126,-0.035139657701465786));
#12123=STYLED_ITEM('',(#25),#12124);
#12124=FACE_SURFACE('',(#12129),#12125,.T.);
#12125=PLANE('',#12126);
#12126=AXIS2_PLACEMENT_3D('',#687,#12127,#12128);
#12127=DIRECTION('',(-3.203578083084447E-05,0.8410906349956501,-0.540894206565686));
#12128=DIRECTION('',(-0.9991277497197438,0.02255979159001126,0.035139657701465786));
#12129=FACE_BOUND('',#12130,.T.);
#12130=EDGE_LOOP('',(#12131,#12132,#12133));
#12131=ORIENTED_EDGE('',*,*,#12134,.T.);
#12132=ORIENTED_EDGE('',*,*,#12135,.T.);
#12133=ORIENTED_EDGE('',*,*,#12136,.T.);
#12134=EDGE_CURVE('',#688,#690,#12137,.F.);
#12135=EDGE_CURVE('',#690,#692,#12138,.T.);
#12136=EDGE_CURVE('',#692,#688,#12139,.T.);
#12137=LINE('',#687,#12140);
#12138=LINE('',#689,#12141);
#12139=LINE('',#691,#12142);
#12140=VECTOR('',#12143,1.0);
#12141=VECTOR('',#12144,1.0);
#12142=VECTOR('',#12145,1.0);
#12143=DIRECTION('',(-0.9991277497197438,0.02255979159001126,0.035139657701465786));
#12144=DIRECTION('',(0.9999995206723118,-0.0005023660452596218,-0.0008404067486118906));
#12145=DIRECTION('',(0,-0.5408942068432434,-0.8410906354272519));
#12146=STYLED_ITEM('',(#25),#12147);
#12147=FACE_SURFACE('',(#12152),#12148,.T.);
#12148=PLANE('',#12149);
#12149=AXIS2_PLACEMENT_3D('',#691,#12150,#12151);
#12150=DIRECTION('',(-2.4164767999714623E-05,0.8454134122003606,-0.5341124992806358));
#12151=DIRECTION('',(-0.9999995206723118,0.0005023660452596218,0.0008404067486118906));
#12152=FACE_BOUND('',#12153,.T.);
#12153=EDGE_LOOP('',(#12154,#12155,#12156));
#12154=ORIENTED_EDGE('',*,*,#12157,.T.);
#12155=ORIENTED_EDGE('',*,*,#12158,.T.);
#12156=ORIENTED_EDGE('',*,*,#12159,.T.);
#12157=EDGE_CURVE('',#692,#690,#12160,.F.);
#12158=EDGE_CURVE('',#690,#596,#12161,.T.);
#12159=EDGE_CURVE('',#596,#692,#12162,.T.);
#12160=LINE('',#691,#12163);
#12161=LINE('',#689,#12164);
#12162=LINE('',#595,#12165);
#12163=VECTOR('',#12166,1.0);
#12164=VECTOR('',#12167,1.0);
#12165=VECTOR('',#12168,1.0);
#12166=DIRECTION('',(-0.9999995206723118,0.0005023660452596218,0.0008404067486118906));
#12167=DIRECTION('',(0.9991846776622768,0.02158413791092687,0.03411898174878746));
#12168=DIRECTION('',(0,-0.5341124994365796,-0.8454134124471944));
#12169=STYLED_ITEM('',(#25),#12170);
#12170=FACE_SURFACE('',(#12175),#12171,.T.);
#12171=PLANE('',#12172);
#12172=AXIS2_PLACEMENT_3D('',#691,#12173,#12174);
#12173=DIRECTION('',(0,0.8454134124471943,-0.5341124994365796));
#12174=DIRECTION('',(0,0.5341124994365796,0.8454134124471944));
#12175=FACE_BOUND('',#12176,.T.);
#12176=EDGE_LOOP('',(#12177,#12178,#12179));
#12177=ORIENTED_EDGE('',*,*,#12180,.T.);
#12178=ORIENTED_EDGE('',*,*,#12181,.T.);
#12179=ORIENTED_EDGE('',*,*,#12182,.T.);
#12180=EDGE_CURVE('',#692,#596,#12183,.F.);
#12181=EDGE_CURVE('',#596,#600,#12184,.T.);
#12182=EDGE_CURVE('',#600,#692,#12185,.T.);
#12183=LINE('',#691,#12186);
#12184=LINE('',#595,#12187);
#12185=LINE('',#599,#12188);
#12186=VECTOR('',#12189,1.0);
#12187=VECTOR('',#12190,1.0);
#12188=VECTOR('',#12191,1.0);
#12189=DIRECTION('',(0,0.5341124994365796,0.8454134124471944));
#12190=DIRECTION('',(0.9991447493316168,-0.0220852120260538,-0.03495730671583537));
#12191=DIRECTION('',(-1,0,0));
#12192=STYLED_ITEM('',(#25),#12193);
#12193=FACE_SURFACE('',(#12198),#12194,.T.);
#12194=PLANE('',#12195);
#12195=AXIS2_PLACEMENT_3D('',#689,#12196,#12197);
#12196=DIRECTION('',(-0.00019433883137359056,0.8476553746573406,-0.5305471968137633));
#12197=DIRECTION('',(0,0.5305472068325059,0.8476553906642879));
#12198=FACE_BOUND('',#12199,.T.);
#12199=EDGE_LOOP('',(#12200,#12201,#12202));
#12200=ORIENTED_EDGE('',*,*,#12203,.T.);
#12201=ORIENTED_EDGE('',*,*,#12204,.T.);
#12202=ORIENTED_EDGE('',*,*,#12205,.T.);
#12203=EDGE_CURVE('',#690,#592,#12206,.F.);
#12204=EDGE_CURVE('',#592,#596,#12207,.T.);
#12205=EDGE_CURVE('',#596,#690,#12208,.T.);
#12206=LINE('',#689,#12209);
#12207=LINE('',#591,#12210);
#12208=LINE('',#595,#12211);
#12209=VECTOR('',#12212,1.0);
#12210=VECTOR('',#12213,1.0);
#12211=VECTOR('',#12214,1.0);
#12212=DIRECTION('',(0,0.5305472068325059,0.8476553906642879));
#12213=DIRECTION('',(0.999121650583789,-0.0220671106180457,-0.03562260467310178));
#12214=DIRECTION('',(-0.9991846776622768,-0.02158413791092687,-0.03411898174878746));
#12215=STYLED_ITEM('',(#25),#12216);
#12216=FACE_SURFACE('',(#12221),#12217,.T.);
#12217=PLANE('',#12218);
#12218=AXIS2_PLACEMENT_3D('',#685,#12219,#12220);
#12219=DIRECTION('',(0,0.8113554477070257,-0.5845531092006369));
#12220=DIRECTION('',(1,0,0));
#12221=FACE_BOUND('',#12222,.T.);
#12222=EDGE_LOOP('',(#12223,#12224,#12225));
#12223=ORIENTED_EDGE('',*,*,#12226,.T.);
#12224=ORIENTED_EDGE('',*,*,#12227,.T.);
#12225=ORIENTED_EDGE('',*,*,#12228,.T.);
#12226=EDGE_CURVE('',#686,#622,#12229,.F.);
#12227=EDGE_CURVE('',#622,#624,#12230,.T.);
#12228=EDGE_CURVE('',#624,#686,#12231,.T.);
#12229=LINE('',#685,#12232);
#12230=LINE('',#621,#12233);
#12231=LINE('',#623,#12234);
#12232=VECTOR('',#12235,1.0);
#12233=VECTOR('',#12236,1.0);
#12234=VECTOR('',#12237,1.0);
#12235=DIRECTION('',(1,0,0));
#12236=DIRECTION('',(0,-0.584553109200637,-0.8113554477070258));
#12237=DIRECTION('',(-0.99917265507202,0.023773462020832848,0.03299739171319387));
#12238=STYLED_ITEM('',(#25),#12239);
#12239=FACE_SURFACE('',(#12244),#12240,.T.);
#12240=PLANE('',#12241);
#12241=AXIS2_PLACEMENT_3D('',#681,#12242,#12243);
#12242=DIRECTION('',(0,0.8113554477070257,-0.5845531092006369));
#12243=DIRECTION('',(0,0.584553109200637,0.8113554477070258));
#12244=FACE_BOUND('',#12245,.T.);
#12245=EDGE_LOOP('',(#12246,#12247,#12248));
#12246=ORIENTED_EDGE('',*,*,#12249,.T.);
#12247=ORIENTED_EDGE('',*,*,#12250,.T.);
#12248=ORIENTED_EDGE('',*,*,#12251,.T.);
#12249=EDGE_CURVE('',#682,#686,#12252,.F.);
#12250=EDGE_CURVE('',#686,#624,#12253,.T.);
#12251=EDGE_CURVE('',#624,#682,#12254,.T.);
#12252=LINE('',#681,#12255);
#12253=LINE('',#685,#12256);
#12254=LINE('',#623,#12257);
#12255=VECTOR('',#12258,1.0);
#12256=VECTOR('',#12259,1.0);
#12257=VECTOR('',#12260,1.0);
#12258=DIRECTION('',(0,0.584553109200637,0.8113554477070258));
#12259=DIRECTION('',(0.99917265507202,-0.023773462020832848,-0.03299739171319387));
#12260=DIRECTION('',(-1,0,0));
#12261=STYLED_ITEM('',(#25),#12262);
#12262=FACE_SURFACE('',(#12267),#12263,.T.);
#12263=PLANE('',#12264);
#12264=AXIS2_PLACEMENT_3D('',#615,#12265,#12266);
#12265=DIRECTION('',(0,0.8220187347150226,-0.5694604461922823));
#12266=DIRECTION('',(1,0,0));
#12267=FACE_BOUND('',#12268,.T.);
#12268=EDGE_LOOP('',(#12269,#12270,#12271));
#12269=ORIENTED_EDGE('',*,*,#12272,.T.);
#12270=ORIENTED_EDGE('',*,*,#12273,.T.);
#12271=ORIENTED_EDGE('',*,*,#12274,.T.);
#12272=EDGE_CURVE('',#616,#680,#12275,.F.);
#12273=EDGE_CURVE('',#680,#620,#12276,.T.);
#12274=EDGE_CURVE('',#620,#616,#12277,.T.);
#12275=LINE('',#615,#12278);
#12276=LINE('',#679,#12279);
#12277=LINE('',#619,#12280);
#12278=VECTOR('',#12281,1.0);
#12279=VECTOR('',#12282,1.0);
#12280=VECTOR('',#12283,1.0);
#12281=DIRECTION('',(1,0,0));
#12282=DIRECTION('',(0,-0.5694604461922823,-0.8220187347150226));
#12283=DIRECTION('',(-0.9991632236033088,0.023291228802914794,0.03362099432638275));
#12284=STYLED_ITEM('',(#25),#12285);
#12285=FACE_SURFACE('',(#12290),#12286,.T.);
#12286=PLANE('',#12287);
#12287=AXIS2_PLACEMENT_3D('',#691,#12288,#12289);
#12288=DIRECTION('',(0,0.841090635427252,-0.5408942068432434));
#12289=DIRECTION('',(1,0,0));
#12290=FACE_BOUND('',#12291,.T.);
#12291=EDGE_LOOP('',(#12292,#12293,#12294));
#12292=ORIENTED_EDGE('',*,*,#12295,.T.);
#12293=ORIENTED_EDGE('',*,*,#12296,.T.);
#12294=ORIENTED_EDGE('',*,*,#12297,.T.);
#12295=EDGE_CURVE('',#692,#600,#12298,.F.);
#12296=EDGE_CURVE('',#600,#602,#12299,.T.);
#12297=EDGE_CURVE('',#602,#692,#12300,.T.);
#12298=LINE('',#691,#12301);
#12299=LINE('',#599,#12302);
#12300=LINE('',#601,#12303);
#12301=VECTOR('',#12304,1.0);
#12302=VECTOR('',#12305,1.0);
#12303=VECTOR('',#12306,1.0);
#12304=DIRECTION('',(1,0,0));
#12305=DIRECTION('',(0,-0.5408942068432434,-0.8410906354272519));
#12306=DIRECTION('',(-0.9991680677258088,0.022058753598556212,0.034301367709637515));
#12307=STYLED_ITEM('',(#25),#12308);
#12308=FACE_SURFACE('',(#12313),#12309,.T.);
#12309=PLANE('',#12310);
#12310=AXIS2_PLACEMENT_3D('',#607,#12311,#12312);
#12311=DIRECTION('',(0,0.8365975294899848,-0.5478180114337736));
#12312=DIRECTION('',(0,0.5478180114337736,0.8365975294899848));
#12313=FACE_BOUND('',#12314,.T.);
#12314=EDGE_LOOP('',(#12315,#12316,#12317));
#12315=ORIENTED_EDGE('',*,*,#12318,.T.);
#12316=ORIENTED_EDGE('',*,*,#12319,.T.);
#12317=ORIENTED_EDGE('',*,*,#12320,.T.);
#12318=EDGE_CURVE('',#608,#688,#12321,.F.);
#12319=EDGE_CURVE('',#688,#604,#12322,.T.);
#12320=EDGE_CURVE('',#604,#608,#12323,.T.);
#12321=LINE('',#607,#12324);
#12322=LINE('',#687,#12325);
#12323=LINE('',#603,#12326);
#12324=VECTOR('',#12327,1.0);
#12325=VECTOR('',#12328,1.0);
#12326=VECTOR('',#12329,1.0);
#12327=DIRECTION('',(0,0.5478180114337736,0.8365975294899848));
#12328=DIRECTION('',(0.9991907466667592,-0.022034625418296313,-0.0336500677294953));
#12329=DIRECTION('',(-1,0,0));
#12330=STYLED_ITEM('',(#25),#12331);
#12331=FACE_SURFACE('',(#12336),#12332,.T.);
#12332=PLANE('',#12333);
#12333=AXIS2_PLACEMENT_3D('',#603,#12334,#12335);
#12334=DIRECTION('',(0,0.8365975294899848,-0.5478180114337736));
#12335=DIRECTION('',(-0.9991907466667592,0.022034625418296313,0.0336500677294953));
#12336=FACE_BOUND('',#12337,.T.);
#12337=EDGE_LOOP('',(#12338,#12339,#12340));
#12338=ORIENTED_EDGE('',*,*,#12341,.T.);
#12339=ORIENTED_EDGE('',*,*,#12342,.T.);
#12340=ORIENTED_EDGE('',*,*,#12343,.T.);
#12341=EDGE_CURVE('',#604,#688,#12344,.F.);
#12342=EDGE_CURVE('',#688,#602,#12345,.T.);
#12343=EDGE_CURVE('',#602,#604,#12346,.T.);
#12344=LINE('',#603,#12347);
#12345=LINE('',#687,#12348);
#12346=LINE('',#601,#12349);
#12347=VECTOR('',#12350,1.0);
#12348=VECTOR('',#12351,1.0);
#12349=VECTOR('',#12352,1.0);
#12350=DIRECTION('',(-0.9991907466667592,0.022034625418296313,0.0336500677294953));
#12351=DIRECTION('',(1,0,0));
#12352=DIRECTION('',(0,-0.5478180114337736,-0.8365975294899848));
#12353=STYLED_ITEM('',(#25),#12354);
#12354=FACE_SURFACE('',(#12359),#12355,.T.);
#12355=PLANE('',#12356);
#12356=AXIS2_PLACEMENT_3D('',#687,#12357,#12358);
#12357=DIRECTION('',(0,0.841090635427252,-0.5408942068432434));
#12358=DIRECTION('',(0,0.5408942068432434,0.8410906354272519));
#12359=FACE_BOUND('',#12360,.T.);
#12360=EDGE_LOOP('',(#12361,#12362,#12363));
#12361=ORIENTED_EDGE('',*,*,#12364,.T.);
#12362=ORIENTED_EDGE('',*,*,#12365,.T.);
#12363=ORIENTED_EDGE('',*,*,#12366,.T.);
#12364=EDGE_CURVE('',#688,#692,#12367,.F.);
#12365=EDGE_CURVE('',#692,#602,#12368,.T.);
#12366=EDGE_CURVE('',#602,#688,#12369,.T.);
#12367=LINE('',#687,#12370);
#12368=LINE('',#691,#12371);
#12369=LINE('',#601,#12372);
#12370=VECTOR('',#12373,1.0);
#12371=VECTOR('',#12374,1.0);
#12372=VECTOR('',#12375,1.0);
#12373=DIRECTION('',(0,0.5408942068432434,0.8410906354272519));
#12374=DIRECTION('',(0.9991680677258088,-0.022058753598556212,-0.034301367709637515));
#12375=DIRECTION('',(-1,0,0));
#12376=STYLED_ITEM('',(#25),#12377);
#12377=FACE_SURFACE('',(#12382),#12378,.T.);
#12378=PLANE('',#12379);
#12379=AXIS2_PLACEMENT_3D('',#593,#12380,#12381);
#12380=DIRECTION('',(0,0.8557105677713953,-0.5174547557075461));
#12381=DIRECTION('',(0,0.5174547557075461,0.8557105677713954));
#12382=FACE_BOUND('',#12383,.T.);
#12383=EDGE_LOOP('',(#12384,#12385,#12386));
#12384=ORIENTED_EDGE('',*,*,#12387,.T.);
#12385=ORIENTED_EDGE('',*,*,#12388,.T.);
#12386=ORIENTED_EDGE('',*,*,#12389,.T.);
#12387=EDGE_CURVE('',#594,#590,#12390,.F.);
#12388=EDGE_CURVE('',#590,#678,#12391,.T.);
#12389=EDGE_CURVE('',#678,#594,#12392,.T.);
#12390=LINE('',#593,#12393);
#12391=LINE('',#589,#12394);
#12392=LINE('',#677,#12395);
#12393=VECTOR('',#12396,1.0);
#12394=VECTOR('',#12397,1.0);
#12395=VECTOR('',#12398,1.0);
#12396=DIRECTION('',(0,0.5174547557075461,0.8557105677713954));
#12397=DIRECTION('',(0.9966223925790477,-0.04249373806624954,-0.0702715364509096));
#12398=DIRECTION('',(-1,0,0));
#12399=STYLED_ITEM('',(#25),#12400);
#12400=FACE_SURFACE('',(#12405),#12401,.T.);
#12401=PLANE('',#12402);
#12402=AXIS2_PLACEMENT_3D('',#677,#12403,#12404);
#12403=DIRECTION('',(0,0.8557105677713953,-0.5174547557075461));
#12404=DIRECTION('',(-0.9966223925790477,0.04249373806624954,0.0702715364509096));
#12405=FACE_BOUND('',#12406,.T.);
#12406=EDGE_LOOP('',(#12407,#12408,#12409));
#12407=ORIENTED_EDGE('',*,*,#12410,.T.);
#12408=ORIENTED_EDGE('',*,*,#12411,.T.);
#12409=ORIENTED_EDGE('',*,*,#12412,.T.);
#12410=EDGE_CURVE('',#678,#590,#12413,.F.);
#12411=EDGE_CURVE('',#590,#676,#12414,.T.);
#12412=EDGE_CURVE('',#676,#678,#12415,.T.);
#12413=LINE('',#677,#12416);
#12414=LINE('',#589,#12417);
#12415=LINE('',#675,#12418);
#12416=VECTOR('',#12419,1.0);
#12417=VECTOR('',#12420,1.0);
#12418=VECTOR('',#12421,1.0);
#12419=DIRECTION('',(-0.9966223925790477,0.04249373806624954,0.0702715364509096));
#12420=DIRECTION('',(1,0,0));
#12421=DIRECTION('',(0,-0.5174547557075461,-0.8557105677713954));
#12422=STYLED_ITEM('',(#25),#12423);
#12423=FACE_SURFACE('',(#12428),#12424,.T.);
#12424=PLANE('',#12425);
#12425=AXIS2_PLACEMENT_3D('',#589,#12426,#12427);
#12426=DIRECTION('',(0,0.863234053126927,-0.5048038921423423));
#12427=DIRECTION('',(0,0.5048038921423424,0.8632340531269271));
#12428=FACE_BOUND('',#12429,.T.);
#12429=EDGE_LOOP('',(#12430,#12431,#12432));
#12430=ORIENTED_EDGE('',*,*,#12433,.T.);
#12431=ORIENTED_EDGE('',*,*,#12434,.T.);
#12432=ORIENTED_EDGE('',*,*,#12435,.T.);
#12433=EDGE_CURVE('',#590,#586,#12436,.F.);
#12434=EDGE_CURVE('',#586,#676,#12437,.T.);
#12435=EDGE_CURVE('',#676,#590,#12438,.T.);
#12436=LINE('',#589,#12439);
#12437=LINE('',#585,#12440);
#12438=LINE('',#675,#12441);
#12439=VECTOR('',#12442,1.0);
#12440=VECTOR('',#12443,1.0);
#12441=VECTOR('',#12444,1.0);
#12442=DIRECTION('',(0,0.5048038921423424,0.8632340531269271));
#12443=DIRECTION('',(0.9965814748006517,-0.04170475806728379,-0.07131673883954108));
#12444=DIRECTION('',(-1,0,0));
#12445=STYLED_ITEM('',(#25),#12446);
#12446=FACE_SURFACE('',(#12451),#12447,.T.);
#12447=PLANE('',#12448);
#12448=AXIS2_PLACEMENT_3D('',#675,#12449,#12450);
#12449=DIRECTION('',(0,0.863234053126927,-0.5048038921423423));
#12450=DIRECTION('',(-0.9965814748006517,0.04170475806728379,0.07131673883954108));
#12451=FACE_BOUND('',#12452,.T.);
#12452=EDGE_LOOP('',(#12453,#12454,#12455));
#12453=ORIENTED_EDGE('',*,*,#12456,.T.);
#12454=ORIENTED_EDGE('',*,*,#12457,.T.);
#12455=ORIENTED_EDGE('',*,*,#12458,.T.);
#12456=EDGE_CURVE('',#676,#586,#12459,.F.);
#12457=EDGE_CURVE('',#586,#674,#12460,.T.);
#12458=EDGE_CURVE('',#674,#676,#12461,.T.);
#12459=LINE('',#675,#12462);
#12460=LINE('',#585,#12463);
#12461=LINE('',#673,#12464);
#12462=VECTOR('',#12465,1.0);
#12463=VECTOR('',#12466,1.0);
#12464=VECTOR('',#12467,1.0);
#12465=DIRECTION('',(-0.9965814748006517,0.04170475806728379,0.07131673883954108));
#12466=DIRECTION('',(1,0,0));
#12467=DIRECTION('',(0,-0.5048038921423424,-0.8632340531269271));
#12468=STYLED_ITEM('',(#25),#12469);
#12469=FACE_SURFACE('',(#12474),#12470,.T.);
#12470=PLANE('',#12471);
#12471=AXIS2_PLACEMENT_3D('',#585,#12472,#12473);
#12472=DIRECTION('',(0,0.8702280192980731,-0.49264915957357786));
#12473=DIRECTION('',(0,0.4926491595735778,0.870228019298073));
#12474=FACE_BOUND('',#12475,.T.);
#12475=EDGE_LOOP('',(#12476,#12477,#12478));
#12476=ORIENTED_EDGE('',*,*,#12479,.T.);
#12477=ORIENTED_EDGE('',*,*,#12480,.T.);
#12478=ORIENTED_EDGE('',*,*,#12481,.T.);
#12479=EDGE_CURVE('',#586,#582,#12482,.F.);
#12480=EDGE_CURVE('',#582,#674,#12483,.T.);
#12481=EDGE_CURVE('',#674,#586,#12484,.T.);
#12482=LINE('',#585,#12485);
#12483=LINE('',#581,#12486);
#12484=LINE('',#673,#12487);
#12485=VECTOR('',#12488,1.0);
#12486=VECTOR('',#12489,1.0);
#12487=VECTOR('',#12490,1.0);
#12488=DIRECTION('',(0,0.4926491595735778,0.870228019298073));
#12489=DIRECTION('',(0.9966024666031977,-0.04057564340334979,-0.07167384964424853));
#12490=DIRECTION('',(-1,0,0));
#12491=STYLED_ITEM('',(#25),#12492);
#12492=FACE_SURFACE('',(#12497),#12493,.T.);
#12493=PLANE('',#12494);
#12494=AXIS2_PLACEMENT_3D('',#673,#12495,#12496);
#12495=DIRECTION('',(0,0.8702280192980731,-0.49264915957357786));
#12496=DIRECTION('',(-0.9966024666031977,0.04057564340334979,0.07167384964424853));
#12497=FACE_BOUND('',#12498,.T.);
#12498=EDGE_LOOP('',(#12499,#12500,#12501));
#12499=ORIENTED_EDGE('',*,*,#12502,.T.);
#12500=ORIENTED_EDGE('',*,*,#12503,.T.);
#12501=ORIENTED_EDGE('',*,*,#12504,.T.);
#12502=EDGE_CURVE('',#674,#582,#12505,.F.);
#12503=EDGE_CURVE('',#582,#672,#12506,.T.);
#12504=EDGE_CURVE('',#672,#674,#12507,.T.);
#12505=LINE('',#673,#12508);
#12506=LINE('',#581,#12509);
#12507=LINE('',#671,#12510);
#12508=VECTOR('',#12511,1.0);
#12509=VECTOR('',#12512,1.0);
#12510=VECTOR('',#12513,1.0);
#12511=DIRECTION('',(-0.9966024666031977,0.04057564340334979,0.07167384964424853));
#12512=DIRECTION('',(1,0,0));
#12513=DIRECTION('',(0,-0.4926491595735778,-0.870228019298073));
#12514=STYLED_ITEM('',(#25),#12515);
#12515=FACE_SURFACE('',(#12520),#12516,.T.);
#12516=PLANE('',#12517);
#12517=AXIS2_PLACEMENT_3D('',#581,#12518,#12519);
#12518=DIRECTION('',(0,0.8767135229650561,-0.4810128882371033));
#12519=DIRECTION('',(0,0.48101288823710325,0.8767135229650561));
#12520=FACE_BOUND('',#12521,.T.);
#12521=EDGE_LOOP('',(#12522,#12523,#12524));
#12522=ORIENTED_EDGE('',*,*,#12525,.T.);
#12523=ORIENTED_EDGE('',*,*,#12526,.T.);
#12524=ORIENTED_EDGE('',*,*,#12527,.T.);
#12525=EDGE_CURVE('',#582,#578,#12528,.F.);
#12526=EDGE_CURVE('',#578,#672,#12529,.T.);
#12527=EDGE_CURVE('',#672,#582,#12530,.T.);
#12528=LINE('',#581,#12531);
#12529=LINE('',#577,#12532);
#12530=LINE('',#671,#12533);
#12531=VECTOR('',#12534,1.0);
#12532=VECTOR('',#12535,1.0);
#12533=VECTOR('',#12536,1.0);
#12534=DIRECTION('',(0,0.48101288823710325,0.8767135229650561));
#12535=DIRECTION('',(0.9965740030835315,-0.03978257615881219,-0.07250933051844899));
#12536=DIRECTION('',(-1,0,0));
#12537=STYLED_ITEM('',(#25),#12538);
#12538=FACE_SURFACE('',(#12543),#12539,.T.);
#12539=PLANE('',#12540);
#12540=AXIS2_PLACEMENT_3D('',#671,#12541,#12542);
#12541=DIRECTION('',(0,0.8767135229650561,-0.4810128882371033));
#12542=DIRECTION('',(-0.9965740030835315,0.03978257615881219,0.07250933051844899));
#12543=FACE_BOUND('',#12544,.T.);
#12544=EDGE_LOOP('',(#12545,#12546,#12547));
#12545=ORIENTED_EDGE('',*,*,#12548,.T.);
#12546=ORIENTED_EDGE('',*,*,#12549,.T.);
#12547=ORIENTED_EDGE('',*,*,#12550,.T.);
#12548=EDGE_CURVE('',#672,#578,#12551,.F.);
#12549=EDGE_CURVE('',#578,#670,#12552,.T.);
#12550=EDGE_CURVE('',#670,#672,#12553,.T.);
#12551=LINE('',#671,#12554);
#12552=LINE('',#577,#12555);
#12553=LINE('',#669,#12556);
#12554=VECTOR('',#12557,1.0);
#12555=VECTOR('',#12558,1.0);
#12556=VECTOR('',#12559,1.0);
#12557=DIRECTION('',(-0.9965740030835315,0.03978257615881219,0.07250933051844899));
#12558=DIRECTION('',(1,0,0));
#12559=DIRECTION('',(0,-0.48101288823710325,-0.8767135229650561));
#12560=STYLED_ITEM('',(#25),#12561);
#12561=FACE_SURFACE('',(#12566),#12562,.T.);
#12562=PLANE('',#12563);
#12563=AXIS2_PLACEMENT_3D('',#577,#12564,#12565);
#12564=DIRECTION('',(0,0.8827724318938102,-0.4698008444950779));
#12565=DIRECTION('',(0,0.4698008444950779,0.8827724318938102));
#12566=FACE_BOUND('',#12567,.T.);
#12567=EDGE_LOOP('',(#12568,#12569,#12570));
#12568=ORIENTED_EDGE('',*,*,#12571,.T.);
#12569=ORIENTED_EDGE('',*,*,#12572,.T.);
#12570=ORIENTED_EDGE('',*,*,#12573,.T.);
#12571=EDGE_CURVE('',#578,#574,#12574,.F.);
#12572=EDGE_CURVE('',#574,#670,#12575,.T.);
#12573=EDGE_CURVE('',#670,#578,#12576,.T.);
#12574=LINE('',#577,#12577);
#12575=LINE('',#573,#12578);
#12576=LINE('',#669,#12579);
#12577=VECTOR('',#12580,1.0);
#12578=VECTOR('',#12581,1.0);
#12579=VECTOR('',#12582,1.0);
#12580=DIRECTION('',(0,0.4698008444950779,0.8827724318938102));
#12581=DIRECTION('',(0.996608037735872,-0.03866212375958757,-0.07264750034690105));
#12582=DIRECTION('',(-1,0,0));
#12583=STYLED_ITEM('',(#25),#12584);
#12584=FACE_SURFACE('',(#12589),#12585,.T.);
#12585=PLANE('',#12586);
#12586=AXIS2_PLACEMENT_3D('',#669,#12587,#12588);
#12587=DIRECTION('',(0,0.8827724318938102,-0.4698008444950779));
#12588=DIRECTION('',(-0.996608037735872,0.03866212375958757,0.07264750034690105));
#12589=FACE_BOUND('',#12590,.T.);
#12590=EDGE_LOOP('',(#12591,#12592,#12593));
#12591=ORIENTED_EDGE('',*,*,#12594,.T.);
#12592=ORIENTED_EDGE('',*,*,#12595,.T.);
#12593=ORIENTED_EDGE('',*,*,#12596,.T.);
#12594=EDGE_CURVE('',#670,#574,#12597,.F.);
#12595=EDGE_CURVE('',#574,#668,#12598,.T.);
#12596=EDGE_CURVE('',#668,#670,#12599,.T.);
#12597=LINE('',#669,#12600);
#12598=LINE('',#573,#12601);
#12599=LINE('',#667,#12602);
#12600=VECTOR('',#12603,1.0);
#12601=VECTOR('',#12604,1.0);
#12602=VECTOR('',#12605,1.0);
#12603=DIRECTION('',(-0.996608037735872,0.03866212375958757,0.07264750034690105));
#12604=DIRECTION('',(1,0,0));
#12605=DIRECTION('',(0,-0.4698008444950779,-0.8827724318938102));
#12606=STYLED_ITEM('',(#25),#12607);
#12607=FACE_SURFACE('',(#12612),#12608,.T.);
#12608=PLANE('',#12609);
#12609=AXIS2_PLACEMENT_3D('',#573,#12610,#12611);
#12610=DIRECTION('',(0,0.8884216663809725,-0.45902825915716333));
#12611=DIRECTION('',(0,0.45902825915716333,0.8884216663809726));
#12612=FACE_BOUND('',#12613,.T.);
#12613=EDGE_LOOP('',(#12614,#12615,#12616));
#12614=ORIENTED_EDGE('',*,*,#12617,.T.);
#12615=ORIENTED_EDGE('',*,*,#12618,.T.);
#12616=ORIENTED_EDGE('',*,*,#12619,.T.);
#12617=EDGE_CURVE('',#574,#570,#12620,.F.);
#12618=EDGE_CURVE('',#570,#668,#12621,.T.);
#12619=EDGE_CURVE('',#668,#574,#12622,.T.);
#12620=LINE('',#573,#12623);
#12621=LINE('',#569,#12624);
#12622=LINE('',#667,#12625);
#12623=VECTOR('',#12626,1.0);
#12624=VECTOR('',#12627,1.0);
#12625=VECTOR('',#12628,1.0);
#12626=DIRECTION('',(0,0.45902825915716333,0.8884216663809726));
#12627=DIRECTION('',(0.9965913256817832,-0.03786838353822722,-0.07329198526460831));
#12628=DIRECTION('',(-1,0,0));
#12629=STYLED_ITEM('',(#25),#12630);
#12630=FACE_SURFACE('',(#12635),#12631,.T.);
#12631=PLANE('',#12632);
#12632=AXIS2_PLACEMENT_3D('',#667,#12633,#12634);
#12633=DIRECTION('',(0,0.8884216663809725,-0.45902825915716333));
#12634=DIRECTION('',(-0.9965913256817832,0.03786838353822722,0.07329198526460831));
#12635=FACE_BOUND('',#12636,.T.);
#12636=EDGE_LOOP('',(#12637,#12638,#12639));
#12637=ORIENTED_EDGE('',*,*,#12640,.T.);
#12638=ORIENTED_EDGE('',*,*,#12641,.T.);
#12639=ORIENTED_EDGE('',*,*,#12642,.T.);
#12640=EDGE_CURVE('',#668,#570,#12643,.F.);
#12641=EDGE_CURVE('',#570,#666,#12644,.T.);
#12642=EDGE_CURVE('',#666,#668,#12645,.T.);
#12643=LINE('',#667,#12646);
#12644=LINE('',#569,#12647);
#12645=LINE('',#665,#12648);
#12646=VECTOR('',#12649,1.0);
#12647=VECTOR('',#12650,1.0);
#12648=VECTOR('',#12651,1.0);
#12649=DIRECTION('',(-0.9965913256817832,0.03786838353822722,0.07329198526460831));
#12650=DIRECTION('',(1,0,0));
#12651=DIRECTION('',(0,-0.45902825915716333,-0.8884216663809726));
#12652=STYLED_ITEM('',(#25),#12653);
#12653=FACE_SURFACE('',(#12658),#12654,.T.);
#12654=PLANE('',#12655);
#12655=AXIS2_PLACEMENT_3D('',#569,#12656,#12657);
#12656=DIRECTION('',(0,0.8937119952780709,-0.44864113665165545));
#12657=DIRECTION('',(0,0.44864113665165545,0.893711995278071));
#12658=FACE_BOUND('',#12659,.T.);
#12659=EDGE_LOOP('',(#12660,#12661,#12662));
#12660=ORIENTED_EDGE('',*,*,#12663,.T.);
#12661=ORIENTED_EDGE('',*,*,#12664,.T.);
#12662=ORIENTED_EDGE('',*,*,#12665,.T.);
#12663=EDGE_CURVE('',#570,#566,#12666,.F.);
#12664=EDGE_CURVE('',#566,#666,#12667,.T.);
#12665=EDGE_CURVE('',#666,#570,#12668,.T.);
#12666=LINE('',#569,#12669);
#12667=LINE('',#565,#12670);
#12668=LINE('',#665,#12671);
#12669=VECTOR('',#12672,1.0);
#12670=VECTOR('',#12673,1.0);
#12671=VECTOR('',#12674,1.0);
#12672=DIRECTION('',(0,0.44864113665165545,0.893711995278071));
#12673=DIRECTION('',(0.9966394845199754,-0.03674953684433574,-0.07320662154125515));
#12674=DIRECTION('',(-1,0,0));
#12675=STYLED_ITEM('',(#25),#12676);
#12676=FACE_SURFACE('',(#12681),#12677,.T.);
#12677=PLANE('',#12678);
#12678=AXIS2_PLACEMENT_3D('',#665,#12679,#12680);
#12679=DIRECTION('',(0,0.8937119952780709,-0.44864113665165545));
#12680=DIRECTION('',(-0.9966394845199754,0.03674953684433574,0.07320662154125515));
#12681=FACE_BOUND('',#12682,.T.);
#12682=EDGE_LOOP('',(#12683,#12684,#12685));
#12683=ORIENTED_EDGE('',*,*,#12686,.T.);
#12684=ORIENTED_EDGE('',*,*,#12687,.T.);
#12685=ORIENTED_EDGE('',*,*,#12688,.T.);
#12686=EDGE_CURVE('',#666,#566,#12689,.F.);
#12687=EDGE_CURVE('',#566,#664,#12690,.T.);
#12688=EDGE_CURVE('',#664,#666,#12691,.T.);
#12689=LINE('',#665,#12692);
#12690=LINE('',#565,#12693);
#12691=LINE('',#663,#12694);
#12692=VECTOR('',#12695,1.0);
#12693=VECTOR('',#12696,1.0);
#12694=VECTOR('',#12697,1.0);
#12695=DIRECTION('',(-0.9966394845199754,0.03674953684433574,0.07320662154125515));
#12696=DIRECTION('',(1,0,0));
#12697=DIRECTION('',(0,-0.44864113665165545,-0.893711995278071));
#12698=STYLED_ITEM('',(#25),#12699);
#12699=FACE_SURFACE('',(#12704),#12700,.T.);
#12700=PLANE('',#12701);
#12701=AXIS2_PLACEMENT_3D('',#565,#12702,#12703);
#12702=DIRECTION('',(0,0.8986731015598176,-0.43861903348219833));
#12703=DIRECTION('',(0,0.43861903348219833,0.8986731015598175));
#12704=FACE_BOUND('',#12705,.T.);
#12705=EDGE_LOOP('',(#12706,#12707,#12708));
#12706=ORIENTED_EDGE('',*,*,#12709,.T.);
#12707=ORIENTED_EDGE('',*,*,#12710,.T.);
#12708=ORIENTED_EDGE('',*,*,#12711,.T.);
#12709=EDGE_CURVE('',#566,#562,#12712,.F.);
#12710=EDGE_CURVE('',#562,#664,#12713,.T.);
#12711=EDGE_CURVE('',#664,#566,#12714,.T.);
#12712=LINE('',#565,#12715);
#12713=LINE('',#561,#12716);
#12714=LINE('',#663,#12717);
#12715=VECTOR('',#12718,1.0);
#12716=VECTOR('',#12719,1.0);
#12717=VECTOR('',#12720,1.0);
#12718=DIRECTION('',(0,0.43861903348219833,0.8986731015598175));
#12719=DIRECTION('',(0.9966347421735817,-0.03595389592180109,-0.0736648359846318));
#12720=DIRECTION('',(-1,0,0));
#12721=STYLED_ITEM('',(#25),#12722);
#12722=FACE_SURFACE('',(#12727),#12723,.T.);
#12723=PLANE('',#12724);
#12724=AXIS2_PLACEMENT_3D('',#663,#12725,#12726);
#12725=DIRECTION('',(0,0.8986731015598176,-0.43861903348219833));
#12726=DIRECTION('',(-0.9966347421735817,0.03595389592180109,0.0736648359846318));
#12727=FACE_BOUND('',#12728,.T.);
#12728=EDGE_LOOP('',(#12729,#12730,#12731));
#12729=ORIENTED_EDGE('',*,*,#12732,.T.);
#12730=ORIENTED_EDGE('',*,*,#12733,.T.);
#12731=ORIENTED_EDGE('',*,*,#12734,.T.);
#12732=EDGE_CURVE('',#664,#562,#12735,.F.);
#12733=EDGE_CURVE('',#562,#662,#12736,.T.);
#12734=EDGE_CURVE('',#662,#664,#12737,.T.);
#12735=LINE('',#663,#12738);
#12736=LINE('',#561,#12739);
#12737=LINE('',#661,#12740);
#12738=VECTOR('',#12741,1.0);
#12739=VECTOR('',#12742,1.0);
#12740=VECTOR('',#12743,1.0);
#12741=DIRECTION('',(-0.9966347421735817,0.03595389592180109,0.0736648359846318));
#12742=DIRECTION('',(1,0,0));
#12743=DIRECTION('',(0,-0.43861903348219833,-0.8986731015598175));
#12744=STYLED_ITEM('',(#25),#12745);
#12745=FACE_SURFACE('',(#12750),#12746,.T.);
#12746=PLANE('',#12747);
#12747=AXIS2_PLACEMENT_3D('',#561,#12748,#12749);
#12748=DIRECTION('',(0,0.9033411442665435,-0.4289228101596039));
#12749=DIRECTION('',(0,0.42892281015960393,0.9033411442665437));
#12750=FACE_BOUND('',#12751,.T.);
#12751=EDGE_LOOP('',(#12752,#12753,#12754));
#12752=ORIENTED_EDGE('',*,*,#12755,.T.);
#12753=ORIENTED_EDGE('',*,*,#12756,.T.);
#12754=ORIENTED_EDGE('',*,*,#12757,.T.);
#12755=EDGE_CURVE('',#562,#558,#12758,.F.);
#12756=EDGE_CURVE('',#558,#662,#12759,.T.);
#12757=EDGE_CURVE('',#662,#562,#12760,.T.);
#12758=LINE('',#561,#12761);
#12759=LINE('',#557,#12762);
#12760=LINE('',#661,#12763);
#12761=VECTOR('',#12764,1.0);
#12762=VECTOR('',#12765,1.0);
#12763=VECTOR('',#12766,1.0);
#12764=DIRECTION('',(0,0.42892281015960393,0.9033411442665437));
#12765=DIRECTION('',(0.9966974093424246,-0.034830735389535766,-0.07335594101586843));
#12766=DIRECTION('',(-1,0,0));
#12767=STYLED_ITEM('',(#25),#12768);
#12768=FACE_SURFACE('',(#12773),#12769,.T.);
#12769=PLANE('',#12770);
#12770=AXIS2_PLACEMENT_3D('',#661,#12771,#12772);
#12771=DIRECTION('',(0,0.9033411442665435,-0.4289228101596039));
#12772=DIRECTION('',(-0.9966974093424246,0.034830735389535766,0.07335594101586843));
#12773=FACE_BOUND('',#12774,.T.);
#12774=EDGE_LOOP('',(#12775,#12776,#12777));
#12775=ORIENTED_EDGE('',*,*,#12778,.T.);
#12776=ORIENTED_EDGE('',*,*,#12779,.T.);
#12777=ORIENTED_EDGE('',*,*,#12780,.T.);
#12778=EDGE_CURVE('',#662,#558,#12781,.F.);
#12779=EDGE_CURVE('',#558,#660,#12782,.T.);
#12780=EDGE_CURVE('',#660,#662,#12783,.T.);
#12781=LINE('',#661,#12784);
#12782=LINE('',#557,#12785);
#12783=LINE('',#659,#12786);
#12784=VECTOR('',#12787,1.0);
#12785=VECTOR('',#12788,1.0);
#12786=VECTOR('',#12789,1.0);
#12787=DIRECTION('',(-0.9966974093424246,0.034830735389535766,0.07335594101586843));
#12788=DIRECTION('',(1,0,0));
#12789=DIRECTION('',(0,-0.42892281015960393,-0.9033411442665437));
#12790=STYLED_ITEM('',(#25),#12791);
#12791=FACE_SURFACE('',(#12796),#12792,.T.);
#12792=PLANE('',#12793);
#12793=AXIS2_PLACEMENT_3D('',#557,#12794,#12795);
#12794=DIRECTION('',(0,0.9077190567394483,-0.4195784956739875));
#12795=DIRECTION('',(0,0.4195784956739874,0.9077190567394483));
#12796=FACE_BOUND('',#12797,.T.);
#12797=EDGE_LOOP('',(#12798,#12799,#12800));
#12798=ORIENTED_EDGE('',*,*,#12801,.T.);
#12799=ORIENTED_EDGE('',*,*,#12802,.T.);
#12800=ORIENTED_EDGE('',*,*,#12803,.T.);
#12801=EDGE_CURVE('',#558,#554,#12804,.F.);
#12802=EDGE_CURVE('',#554,#660,#12805,.T.);
#12803=EDGE_CURVE('',#660,#558,#12806,.T.);
#12804=LINE('',#557,#12807);
#12805=LINE('',#553,#12808);
#12806=LINE('',#659,#12809);
#12807=VECTOR('',#12810,1.0);
#12808=VECTOR('',#12811,1.0);
#12809=VECTOR('',#12812,1.0);
#12810=DIRECTION('',(0,0.4195784956739874,0.9077190567394483));
#12811=DIRECTION('',(0.9967044869343173,-0.0340354610013288,-0.07363255475281458));
#12812=DIRECTION('',(-1,0,0));
#12813=STYLED_ITEM('',(#25),#12814);
#12814=FACE_SURFACE('',(#12819),#12815,.T.);
#12815=PLANE('',#12816);
#12816=AXIS2_PLACEMENT_3D('',#659,#12817,#12818);
#12817=DIRECTION('',(0,0.9077190567394483,-0.4195784956739875));
#12818=DIRECTION('',(-0.9967044869343173,0.0340354610013288,0.07363255475281458));
#12819=FACE_BOUND('',#12820,.T.);
#12820=EDGE_LOOP('',(#12821,#12822,#12823));
#12821=ORIENTED_EDGE('',*,*,#12824,.T.);
#12822=ORIENTED_EDGE('',*,*,#12825,.T.);
#12823=ORIENTED_EDGE('',*,*,#12826,.T.);
#12824=EDGE_CURVE('',#660,#554,#12827,.F.);
#12825=EDGE_CURVE('',#554,#658,#12828,.T.);
#12826=EDGE_CURVE('',#658,#660,#12829,.T.);
#12827=LINE('',#659,#12830);
#12828=LINE('',#553,#12831);
#12829=LINE('',#657,#12832);
#12830=VECTOR('',#12833,1.0);
#12831=VECTOR('',#12834,1.0);
#12832=VECTOR('',#12835,1.0);
#12833=DIRECTION('',(-0.9967044869343173,0.0340354610013288,0.07363255475281458));
#12834=DIRECTION('',(1,0,0));
#12835=DIRECTION('',(0,-0.4195784956739874,-0.9077190567394483));
#12836=STYLED_ITEM('',(#25),#12837);
#12837=FACE_SURFACE('',(#12842),#12838,.T.);
#12838=PLANE('',#12839);
#12839=AXIS2_PLACEMENT_3D('',#553,#12840,#12841);
#12840=DIRECTION('',(0,0.9118604470411392,-0.41050033510575085));
#12841=DIRECTION('',(0,0.4105003351057509,0.9118604470411393));
#12842=FACE_BOUND('',#12843,.T.);
#12843=EDGE_LOOP('',(#12844,#12845,#12846));
#12844=ORIENTED_EDGE('',*,*,#12847,.T.);
#12845=ORIENTED_EDGE('',*,*,#12848,.T.);
#12846=ORIENTED_EDGE('',*,*,#12849,.T.);
#12847=EDGE_CURVE('',#554,#550,#12850,.F.);
#12848=EDGE_CURVE('',#550,#658,#12851,.T.);
#12849=EDGE_CURVE('',#658,#554,#12852,.T.);
#12850=LINE('',#553,#12853);
#12851=LINE('',#549,#12854);
#12852=LINE('',#657,#12855);
#12853=VECTOR('',#12856,1.0);
#12854=VECTOR('',#12857,1.0);
#12855=VECTOR('',#12858,1.0);
#12856=DIRECTION('',(0,0.4105003351057509,0.9118604470411393));
#12857=DIRECTION('',(0.9967688141238221,-0.03297299369043401,-0.07324420029790762));
#12858=DIRECTION('',(-1,0,0));
#12859=STYLED_ITEM('',(#25),#12860);
#12860=FACE_SURFACE('',(#12865),#12861,.T.);
#12861=PLANE('',#12862);
#12862=AXIS2_PLACEMENT_3D('',#657,#12863,#12864);
#12863=DIRECTION('',(0,0.9118604470411392,-0.41050033510575085));
#12864=DIRECTION('',(-0.9967688141238221,0.03297299369043401,0.07324420029790762));
#12865=FACE_BOUND('',#12866,.T.);
#12866=EDGE_LOOP('',(#12867,#12868,#12869));
#12867=ORIENTED_EDGE('',*,*,#12870,.T.);
#12868=ORIENTED_EDGE('',*,*,#12871,.T.);
#12869=ORIENTED_EDGE('',*,*,#12872,.T.);
#12870=EDGE_CURVE('',#658,#550,#12873,.F.);
#12871=EDGE_CURVE('',#550,#656,#12874,.T.);
#12872=EDGE_CURVE('',#656,#658,#12875,.T.);
#12873=LINE('',#657,#12876);
#12874=LINE('',#549,#12877);
#12875=LINE('',#655,#12878);
#12876=VECTOR('',#12879,1.0);
#12877=VECTOR('',#12880,1.0);
#12878=VECTOR('',#12881,1.0);
#12879=DIRECTION('',(-0.9967688141238221,0.03297299369043401,0.07324420029790762));
#12880=DIRECTION('',(1,0,0));
#12881=DIRECTION('',(0,-0.4105003351057509,-0.9118604470411393));
#12882=STYLED_ITEM('',(#25),#12883);
#12883=FACE_SURFACE('',(#12888),#12884,.T.);
#12884=PLANE('',#12885);
#12885=AXIS2_PLACEMENT_3D('',#549,#12886,#12887);
#12886=DIRECTION('',(0,0.9157693546157551,-0.4017044798687754));
#12887=DIRECTION('',(0,0.40170447986877533,0.915769354615755));
#12888=FACE_BOUND('',#12889,.T.);
#12889=EDGE_LOOP('',(#12890,#12891,#12892));
#12890=ORIENTED_EDGE('',*,*,#12893,.T.);
#12891=ORIENTED_EDGE('',*,*,#12894,.T.);
#12892=ORIENTED_EDGE('',*,*,#12895,.T.);
#12893=EDGE_CURVE('',#550,#544,#12896,.F.);
#12894=EDGE_CURVE('',#544,#656,#12897,.T.);
#12895=EDGE_CURVE('',#656,#550,#12898,.T.);
#12896=LINE('',#549,#12899);
#12897=LINE('',#543,#12900);
#12898=LINE('',#655,#12901);
#12899=VECTOR('',#12902,1.0);
#12900=VECTOR('',#12903,1.0);
#12901=VECTOR('',#12904,1.0);
#12902=DIRECTION('',(0,0.40170447986877533,0.915769354615755));
#12903=DIRECTION('',(0.9967872375364069,-0.0321745054183387,-0.07334851249769055));
#12904=DIRECTION('',(-1,0,0));
#12905=STYLED_ITEM('',(#25),#12906);
#12906=FACE_SURFACE('',(#12911),#12907,.T.);
#12907=PLANE('',#12908);
#12908=AXIS2_PLACEMENT_3D('',#655,#12909,#12910);
#12909=DIRECTION('',(0,0.9157693546157551,-0.4017044798687754));
#12910=DIRECTION('',(-0.9967872375364069,0.0321745054183387,0.07334851249769055));
#12911=FACE_BOUND('',#12912,.T.);
#12912=EDGE_LOOP('',(#12913,#12914,#12915));
#12913=ORIENTED_EDGE('',*,*,#12916,.T.);
#12914=ORIENTED_EDGE('',*,*,#12917,.T.);
#12915=ORIENTED_EDGE('',*,*,#12918,.T.);
#12916=EDGE_CURVE('',#656,#544,#12919,.F.);
#12917=EDGE_CURVE('',#544,#654,#12920,.T.);
#12918=EDGE_CURVE('',#654,#656,#12921,.T.);
#12919=LINE('',#655,#12922);
#12920=LINE('',#543,#12923);
#12921=LINE('',#653,#12924);
#12922=VECTOR('',#12925,1.0);
#12923=VECTOR('',#12926,1.0);
#12924=VECTOR('',#12927,1.0);
#12925=DIRECTION('',(-0.9967872375364069,0.0321745054183387,0.07334851249769055));
#12926=DIRECTION('',(1,0,0));
#12927=DIRECTION('',(0,-0.40170447986877533,-0.915769354615755));
#12928=STYLED_ITEM('',(#25),#12929);
#12929=FACE_SURFACE('',(#12934),#12930,.T.);
#12930=PLANE('',#12931);
#12931=AXIS2_PLACEMENT_3D('',#543,#12932,#12933);
#12932=DIRECTION('',(0,0.9195116459945927,-0.39306275946763886));
#12933=DIRECTION('',(0,0.39306275946763886,0.9195116459945927));
#12934=FACE_BOUND('',#12935,.T.);
#12935=EDGE_LOOP('',(#12936,#12937,#12938));
#12936=ORIENTED_EDGE('',*,*,#12939,.T.);
#12937=ORIENTED_EDGE('',*,*,#12940,.T.);
#12938=ORIENTED_EDGE('',*,*,#12941,.T.);
#12939=EDGE_CURVE('',#544,#540,#12942,.F.);
#12940=EDGE_CURVE('',#540,#654,#12943,.T.);
#12941=EDGE_CURVE('',#654,#544,#12944,.T.);
#12942=LINE('',#543,#12945);
#12943=LINE('',#539,#12946);
#12944=LINE('',#653,#12947);
#12945=VECTOR('',#12948,1.0);
#12946=VECTOR('',#12949,1.0);
#12947=VECTOR('',#12950,1.0);
#12948=DIRECTION('',(0,0.39306275946763886,0.9195116459945927));
#12949=DIRECTION('',(0.9967178134729346,-0.031820124474922,-0.07443843082798401));
#12950=DIRECTION('',(-1,0,0));
#12951=STYLED_ITEM('',(#25),#12952);
#12952=FACE_SURFACE('',(#12957),#12953,.T.);
#12953=PLANE('',#12954);
#12954=AXIS2_PLACEMENT_3D('',#653,#12955,#12956);
#12955=DIRECTION('',(0,0.9195116459945927,-0.39306275946763886));
#12956=DIRECTION('',(-0.9967178134729346,0.031820124474922,0.07443843082798401));
#12957=FACE_BOUND('',#12958,.T.);
#12958=EDGE_LOOP('',(#12959,#12960,#12961));
#12959=ORIENTED_EDGE('',*,*,#12962,.T.);
#12960=ORIENTED_EDGE('',*,*,#12963,.T.);
#12961=ORIENTED_EDGE('',*,*,#12964,.T.);
#12962=EDGE_CURVE('',#654,#540,#12965,.F.);
#12963=EDGE_CURVE('',#540,#652,#12966,.T.);
#12964=EDGE_CURVE('',#652,#654,#12967,.T.);
#12965=LINE('',#653,#12968);
#12966=LINE('',#539,#12969);
#12967=LINE('',#651,#12970);
#12968=VECTOR('',#12971,1.0);
#12969=VECTOR('',#12972,1.0);
#12970=VECTOR('',#12973,1.0);
#12971=DIRECTION('',(-0.9967178134729346,0.031820124474922,0.07443843082798401));
#12972=DIRECTION('',(1,0,0));
#12973=DIRECTION('',(0,-0.39306275946763886,-0.9195116459945927));
#12974=STYLED_ITEM('',(#25),#12975);
#12975=FACE_SURFACE('',(#12980),#12976,.T.);
#12976=PLANE('',#12977);
#12977=AXIS2_PLACEMENT_3D('',#539,#12978,#12979);
#12978=DIRECTION('',(0,0.9230992607999196,-0.3845617696945993));
#12979=DIRECTION('',(0,0.3845617696945993,0.9230992607999196));
#12980=FACE_BOUND('',#12981,.T.);
#12981=EDGE_LOOP('',(#12982,#12983,#12984));
#12982=ORIENTED_EDGE('',*,*,#12985,.T.);
#12983=ORIENTED_EDGE('',*,*,#12986,.T.);
#12984=ORIENTED_EDGE('',*,*,#12987,.T.);
#12985=EDGE_CURVE('',#540,#536,#12988,.F.);
#12986=EDGE_CURVE('',#536,#652,#12989,.T.);
#12987=EDGE_CURVE('',#652,#540,#12990,.T.);
#12988=LINE('',#539,#12991);
#12989=LINE('',#535,#12992);
#12990=LINE('',#651,#12993);
#12991=VECTOR('',#12994,1.0);
#12992=VECTOR('',#12995,1.0);
#12993=VECTOR('',#12996,1.0);
#12994=DIRECTION('',(0,0.3845617696945993,0.9230992607999196));
#12995=DIRECTION('',(0.9967488543690306,-0.030984610524232608,-0.07437523260257195));
#12996=DIRECTION('',(-1,0,0));
#12997=STYLED_ITEM('',(#25),#12998);
#12998=FACE_SURFACE('',(#13003),#12999,.T.);
#12999=PLANE('',#13000);
#13000=AXIS2_PLACEMENT_3D('',#651,#13001,#13002);
#13001=DIRECTION('',(0,0.9230992607999196,-0.3845617696945993));
#13002=DIRECTION('',(-0.9967488543690306,0.030984610524232608,0.07437523260257195));
#13003=FACE_BOUND('',#13004,.T.);
#13004=EDGE_LOOP('',(#13005,#13006,#13007));
#13005=ORIENTED_EDGE('',*,*,#13008,.T.);
#13006=ORIENTED_EDGE('',*,*,#13009,.T.);
#13007=ORIENTED_EDGE('',*,*,#13010,.T.);
#13008=EDGE_CURVE('',#652,#536,#13011,.F.);
#13009=EDGE_CURVE('',#536,#650,#13012,.T.);
#13010=EDGE_CURVE('',#650,#652,#13013,.T.);
#13011=LINE('',#651,#13014);
#13012=LINE('',#535,#13015);
#13013=LINE('',#649,#13016);
#13014=VECTOR('',#13017,1.0);
#13015=VECTOR('',#13018,1.0);
#13016=VECTOR('',#13019,1.0);
#13017=DIRECTION('',(-0.9967488543690306,0.030984610524232608,0.07437523260257195));
#13018=DIRECTION('',(1,0,0));
#13019=DIRECTION('',(0,-0.3845617696945993,-0.9230992607999196));
#13020=STYLED_ITEM('',(#25),#13021);
#13021=FACE_SURFACE('',(#13026),#13022,.T.);
#13022=PLANE('',#13023);
#13023=AXIS2_PLACEMENT_3D('',#535,#13024,#13025);
#13024=DIRECTION('',(0,0.9265600935785152,-0.37614677054013534));
#13025=DIRECTION('',(0,0.37614677054013534,0.9265600935785152));
#13026=FACE_BOUND('',#13027,.T.);
#13027=EDGE_LOOP('',(#13028,#13029,#13030));
#13028=ORIENTED_EDGE('',*,*,#13031,.T.);
#13029=ORIENTED_EDGE('',*,*,#13032,.T.);
#13030=ORIENTED_EDGE('',*,*,#13033,.T.);
#13031=EDGE_CURVE('',#536,#532,#13034,.F.);
#13032=EDGE_CURVE('',#532,#650,#13035,.T.);
#13033=EDGE_CURVE('',#650,#536,#13036,.T.);
#13034=LINE('',#535,#13037);
#13035=LINE('',#531,#13038);
#13036=LINE('',#649,#13039);
#13037=VECTOR('',#13040,1.0);
#13038=VECTOR('',#13041,1.0);
#13039=VECTOR('',#13042,1.0);
#13040=DIRECTION('',(0,0.37614677054013534,0.9265600935785152));
#13041=DIRECTION('',(0.9966518528039093,-0.03075464948239227,-0.07575774440774909));
#13042=DIRECTION('',(-1,0,0));
#13043=STYLED_ITEM('',(#25),#13044);
#13044=FACE_SURFACE('',(#13049),#13045,.T.);
#13045=PLANE('',#13046);
#13046=AXIS2_PLACEMENT_3D('',#649,#13047,#13048);
#13047=DIRECTION('',(0,0.9265600935785152,-0.37614677054013534));
#13048=DIRECTION('',(-0.9966518528039093,0.03075464948239227,0.07575774440774909));
#13049=FACE_BOUND('',#13050,.T.);
#13050=EDGE_LOOP('',(#13051,#13052,#13053));
#13051=ORIENTED_EDGE('',*,*,#13054,.T.);
#13052=ORIENTED_EDGE('',*,*,#13055,.T.);
#13053=ORIENTED_EDGE('',*,*,#13056,.T.);
#13054=EDGE_CURVE('',#650,#532,#13057,.F.);
#13055=EDGE_CURVE('',#532,#648,#13058,.T.);
#13056=EDGE_CURVE('',#648,#650,#13059,.T.);
#13057=LINE('',#649,#13060);
#13058=LINE('',#531,#13061);
#13059=LINE('',#647,#13062);
#13060=VECTOR('',#13063,1.0);
#13061=VECTOR('',#13064,1.0);
#13062=VECTOR('',#13065,1.0);
#13063=DIRECTION('',(-0.9966518528039093,0.03075464948239227,0.07575774440774909));
#13064=DIRECTION('',(1,0,0));
#13065=DIRECTION('',(0,-0.37614677054013534,-0.9265600935785152));
#13066=STYLED_ITEM('',(#25),#13067);
#13067=FACE_SURFACE('',(#13072),#13068,.T.);
#13068=PLANE('',#13069);
#13069=AXIS2_PLACEMENT_3D('',#531,#13070,#13071);
#13070=DIRECTION('',(0,0.9299014857212952,-0.3678086824061224));
#13071=DIRECTION('',(0,0.36780868240612236,0.9299014857212952));
#13072=FACE_BOUND('',#13073,.T.);
#13073=EDGE_LOOP('',(#13074,#13075,#13076));
#13074=ORIENTED_EDGE('',*,*,#13077,.T.);
#13075=ORIENTED_EDGE('',*,*,#13078,.T.);
#13076=ORIENTED_EDGE('',*,*,#13079,.T.);
#13077=EDGE_CURVE('',#532,#528,#13080,.F.);
#13078=EDGE_CURVE('',#528,#648,#13081,.T.);
#13079=EDGE_CURVE('',#648,#532,#13082,.T.);
#13080=LINE('',#531,#13083);
#13081=LINE('',#527,#13084);
#13082=LINE('',#647,#13085);
#13083=VECTOR('',#13086,1.0);
#13084=VECTOR('',#13087,1.0);
#13085=VECTOR('',#13088,1.0);
#13086=DIRECTION('',(0,0.36780868240612236,0.9299014857212952));
#13087=DIRECTION('',(0.996697373112163,-0.029868117855279347,-0.07551319068280017));
#13088=DIRECTION('',(-1,0,0));
#13089=STYLED_ITEM('',(#25),#13090);
#13090=FACE_SURFACE('',(#13095),#13091,.T.);
#13091=PLANE('',#13092);
#13092=AXIS2_PLACEMENT_3D('',#647,#13093,#13094);
#13093=DIRECTION('',(0,0.9299014857212952,-0.3678086824061224));
#13094=DIRECTION('',(-0.996697373112163,0.029868117855279347,0.07551319068280017));
#13095=FACE_BOUND('',#13096,.T.);
#13096=EDGE_LOOP('',(#13097,#13098,#13099));
#13097=ORIENTED_EDGE('',*,*,#13100,.T.);
#13098=ORIENTED_EDGE('',*,*,#13101,.T.);
#13099=ORIENTED_EDGE('',*,*,#13102,.T.);
#13100=EDGE_CURVE('',#648,#528,#13103,.F.);
#13101=EDGE_CURVE('',#528,#646,#13104,.T.);
#13102=EDGE_CURVE('',#646,#648,#13105,.T.);
#13103=LINE('',#647,#13106);
#13104=LINE('',#527,#13107);
#13105=LINE('',#645,#13108);
#13106=VECTOR('',#13109,1.0);
#13107=VECTOR('',#13110,1.0);
#13108=VECTOR('',#13111,1.0);
#13109=DIRECTION('',(-0.996697373112163,0.029868117855279347,0.07551319068280017));
#13110=DIRECTION('',(1,0,0));
#13111=DIRECTION('',(0,-0.36780868240612236,-0.9299014857212952));
#13112=STYLED_ITEM('',(#25),#13113);
#13113=FACE_SURFACE('',(#13118),#13114,.T.);
#13114=PLANE('',#13115);
#13115=AXIS2_PLACEMENT_3D('',#527,#13116,#13117);
#13116=DIRECTION('',(0,0.9331221199960401,-0.35955960448039154));
#13117=DIRECTION('',(0,0.35955960448039154,0.9331221199960401));
#13118=FACE_BOUND('',#13119,.T.);
#13119=EDGE_LOOP('',(#13120,#13121,#13122));
#13120=ORIENTED_EDGE('',*,*,#13123,.T.);
#13121=ORIENTED_EDGE('',*,*,#13124,.T.);
#13122=ORIENTED_EDGE('',*,*,#13125,.T.);
#13123=EDGE_CURVE('',#528,#524,#13126,.F.);
#13124=EDGE_CURVE('',#524,#646,#13127,.T.);
#13125=EDGE_CURVE('',#646,#528,#13128,.T.);
#13126=LINE('',#527,#13129);
#13127=LINE('',#523,#13130);
#13128=LINE('',#645,#13131);
#13129=VECTOR('',#13132,1.0);
#13130=VECTOR('',#13133,1.0);
#13131=VECTOR('',#13134,1.0);
#13132=DIRECTION('',(0,0.35955960448039154,0.9331221199960401));
#13133=DIRECTION('',(0.9966140144097242,-0.029563816934646558,-0.07672344498514615));
#13134=DIRECTION('',(-1,0,0));
#13135=STYLED_ITEM('',(#25),#13136);
#13136=FACE_SURFACE('',(#13141),#13137,.T.);
#13137=PLANE('',#13138);
#13138=AXIS2_PLACEMENT_3D('',#645,#13139,#13140);
#13139=DIRECTION('',(0,0.9331221199960401,-0.35955960448039154));
#13140=DIRECTION('',(-0.9966140144097242,0.029563816934646558,0.07672344498514615));
#13141=FACE_BOUND('',#13142,.T.);
#13142=EDGE_LOOP('',(#13143,#13144,#13145));
#13143=ORIENTED_EDGE('',*,*,#13146,.T.);
#13144=ORIENTED_EDGE('',*,*,#13147,.T.);
#13145=ORIENTED_EDGE('',*,*,#13148,.T.);
#13146=EDGE_CURVE('',#646,#524,#13149,.F.);
#13147=EDGE_CURVE('',#524,#644,#13150,.T.);
#13148=EDGE_CURVE('',#644,#646,#13151,.T.);
#13149=LINE('',#645,#13152);
#13150=LINE('',#523,#13153);
#13151=LINE('',#643,#13154);
#13152=VECTOR('',#13155,1.0);
#13153=VECTOR('',#13156,1.0);
#13154=VECTOR('',#13157,1.0);
#13155=DIRECTION('',(-0.9966140144097242,0.029563816934646558,0.07672344498514615));
#13156=DIRECTION('',(1,0,0));
#13157=DIRECTION('',(0,-0.35955960448039154,-0.9331221199960401));
#13158=STYLED_ITEM('',(#25),#13159);
#13159=FACE_SURFACE('',(#13164),#13160,.T.);
#13160=PLANE('',#13161);
#13161=AXIS2_PLACEMENT_3D('',#523,#13162,#13163);
#13162=DIRECTION('',(0,0.9362323576930262,-0.3513815197311286));
#13163=DIRECTION('',(0,0.3513815197311285,0.9362323576930262));
#13164=FACE_BOUND('',#13165,.T.);
#13165=EDGE_LOOP('',(#13166,#13167,#13168));
#13166=ORIENTED_EDGE('',*,*,#13169,.T.);
#13167=ORIENTED_EDGE('',*,*,#13170,.T.);
#13168=ORIENTED_EDGE('',*,*,#13171,.T.);
#13169=EDGE_CURVE('',#524,#520,#13172,.F.);
#13170=EDGE_CURVE('',#520,#644,#13173,.T.);
#13171=EDGE_CURVE('',#644,#524,#13174,.T.);
#13172=LINE('',#523,#13175);
#13173=LINE('',#519,#13176);
#13174=LINE('',#643,#13177);
#13175=VECTOR('',#13178,1.0);
#13176=VECTOR('',#13179,1.0);
#13177=VECTOR('',#13180,1.0);
#13178=DIRECTION('',(0,0.3513815197311285,0.9362323576930262));
#13179=DIRECTION('',(0.9966762480285649,-0.028625102249158367,-0.07626965410258404));
#13180=DIRECTION('',(-1,0,0));
#13181=STYLED_ITEM('',(#25),#13182);
#13182=FACE_SURFACE('',(#13187),#13183,.T.);
#13183=PLANE('',#13184);
#13184=AXIS2_PLACEMENT_3D('',#643,#13185,#13186);
#13185=DIRECTION('',(0,0.9362323576930262,-0.3513815197311286));
#13186=DIRECTION('',(-0.9966762480285649,0.028625102249158367,0.07626965410258404));
#13187=FACE_BOUND('',#13188,.T.);
#13188=EDGE_LOOP('',(#13189,#13190,#13191));
#13189=ORIENTED_EDGE('',*,*,#13192,.T.);
#13190=ORIENTED_EDGE('',*,*,#13193,.T.);
#13191=ORIENTED_EDGE('',*,*,#13194,.T.);
#13192=EDGE_CURVE('',#644,#520,#13195,.F.);
#13193=EDGE_CURVE('',#520,#642,#13196,.T.);
#13194=EDGE_CURVE('',#642,#644,#13197,.T.);
#13195=LINE('',#643,#13198);
#13196=LINE('',#519,#13199);
#13197=LINE('',#641,#13200);
#13198=VECTOR('',#13201,1.0);
#13199=VECTOR('',#13202,1.0);
#13200=VECTOR('',#13203,1.0);
#13201=DIRECTION('',(-0.9966762480285649,0.028625102249158367,0.07626965410258404));
#13202=DIRECTION('',(1,0,0));
#13203=DIRECTION('',(0,-0.3513815197311285,-0.9362323576930262));
#13204=STYLED_ITEM('',(#25),#13205);
#13205=FACE_SURFACE('',(#13210),#13206,.T.);
#13206=PLANE('',#13207);
#13207=AXIS2_PLACEMENT_3D('',#519,#13208,#13209);
#13208=DIRECTION('',(0,0.9392592563181769,-0.3432084635037796));
#13209=DIRECTION('',(0,0.3432084635037796,0.9392592563181769));
#13210=FACE_BOUND('',#13211,.T.);
#13211=EDGE_LOOP('',(#13212,#13213,#13214));
#13212=ORIENTED_EDGE('',*,*,#13215,.T.);
#13213=ORIENTED_EDGE('',*,*,#13216,.T.);
#13214=ORIENTED_EDGE('',*,*,#13217,.T.);
#13215=EDGE_CURVE('',#520,#516,#13218,.F.);
#13216=EDGE_CURVE('',#516,#642,#13219,.T.);
#13217=EDGE_CURVE('',#642,#520,#13220,.T.);
#13218=LINE('',#519,#13221);
#13219=LINE('',#515,#13222);
#13220=LINE('',#641,#13223);
#13221=VECTOR('',#13224,1.0);
#13222=VECTOR('',#13225,1.0);
#13223=VECTOR('',#13226,1.0);
#13224=DIRECTION('',(0,0.3432084635037796,0.9392592563181769));
#13225=DIRECTION('',(0.9966412469267416,-0.02810587087620884,-0.07691739040424889));
#13226=DIRECTION('',(-1,0,0));
#13227=STYLED_ITEM('',(#25),#13228);
#13228=FACE_SURFACE('',(#13233),#13229,.T.);
#13229=PLANE('',#13230);
#13230=AXIS2_PLACEMENT_3D('',#641,#13231,#13232);
#13231=DIRECTION('',(0,0.9392592563181769,-0.3432084635037796));
#13232=DIRECTION('',(-0.9966412469267416,0.02810587087620884,0.07691739040424889));
#13233=FACE_BOUND('',#13234,.T.);
#13234=EDGE_LOOP('',(#13235,#13236,#13237));
#13235=ORIENTED_EDGE('',*,*,#13238,.T.);
#13236=ORIENTED_EDGE('',*,*,#13239,.T.);
#13237=ORIENTED_EDGE('',*,*,#13240,.T.);
#13238=EDGE_CURVE('',#642,#516,#13241,.F.);
#13239=EDGE_CURVE('',#516,#640,#13242,.T.);
#13240=EDGE_CURVE('',#640,#642,#13243,.T.);
#13241=LINE('',#641,#13244);
#13242=LINE('',#515,#13245);
#13243=LINE('',#639,#13246);
#13244=VECTOR('',#13247,1.0);
#13245=VECTOR('',#13248,1.0);
#13246=VECTOR('',#13249,1.0);
#13247=DIRECTION('',(-0.9966412469267416,0.02810587087620884,0.07691739040424889));
#13248=DIRECTION('',(1,0,0));
#13249=DIRECTION('',(0,-0.3432084635037796,-0.9392592563181769));
#13250=STYLED_ITEM('',(#25),#13251);
#13251=FACE_SURFACE('',(#13256),#13252,.T.);
#13252=PLANE('',#13253);
#13253=AXIS2_PLACEMENT_3D('',#515,#13254,#13255);
#13254=DIRECTION('',(0,0.9421876013628647,-0.3350858454755908));
#13255=DIRECTION('',(0,0.3350858454755908,0.9421876013628648));
#13256=FACE_BOUND('',#13257,.T.);
#13257=EDGE_LOOP('',(#13258,#13259,#13260));
#13258=ORIENTED_EDGE('',*,*,#13261,.T.);
#13259=ORIENTED_EDGE('',*,*,#13262,.T.);
#13260=ORIENTED_EDGE('',*,*,#13263,.T.);
#13261=EDGE_CURVE('',#516,#512,#13264,.F.);
#13262=EDGE_CURVE('',#512,#640,#13265,.T.);
#13263=EDGE_CURVE('',#640,#516,#13266,.T.);
#13264=LINE('',#515,#13267);
#13265=LINE('',#511,#13268);
#13266=LINE('',#639,#13269);
#13267=VECTOR('',#13270,1.0);
#13268=VECTOR('',#13271,1.0);
#13269=VECTOR('',#13272,1.0);
#13270=DIRECTION('',(0,0.3350858454755908,0.9421876013628648));
#13271=DIRECTION('',(0.9966490448097914,-0.02740887817370302,-0.0770677291542277));
#13272=DIRECTION('',(-1,0,0));
#13273=STYLED_ITEM('',(#25),#13274);
#13274=FACE_SURFACE('',(#13279),#13275,.T.);
#13275=PLANE('',#13276);
#13276=AXIS2_PLACEMENT_3D('',#639,#13277,#13278);
#13277=DIRECTION('',(0,0.9421876013628647,-0.3350858454755908));
#13278=DIRECTION('',(-0.9966490448097914,0.02740887817370302,0.0770677291542277));
#13279=FACE_BOUND('',#13280,.T.);
#13280=EDGE_LOOP('',(#13281,#13282,#13283));
#13281=ORIENTED_EDGE('',*,*,#13284,.T.);
#13282=ORIENTED_EDGE('',*,*,#13285,.T.);
#13283=ORIENTED_EDGE('',*,*,#13286,.T.);
#13284=EDGE_CURVE('',#640,#512,#13287,.F.);
#13285=EDGE_CURVE('',#512,#638,#13288,.T.);
#13286=EDGE_CURVE('',#638,#640,#13289,.T.);
#13287=LINE('',#639,#13290);
#13288=LINE('',#511,#13291);
#13289=LINE('',#637,#13292);
#13290=VECTOR('',#13293,1.0);
#13291=VECTOR('',#13294,1.0);
#13292=VECTOR('',#13295,1.0);
#13293=DIRECTION('',(-0.9966490448097914,0.02740887817370302,0.0770677291542277));
#13294=DIRECTION('',(1,0,0));
#13295=DIRECTION('',(0,-0.3350858454755908,-0.9421876013628648));
#13296=STYLED_ITEM('',(#25),#13297);
#13297=FACE_SURFACE('',(#13302),#13298,.T.);
#13298=PLANE('',#13299);
#13299=AXIS2_PLACEMENT_3D('',#511,#13300,#13301);
#13300=DIRECTION('',(0,0.9450569396771734,-0.32690576741320326));
#13301=DIRECTION('',(0,0.3269057674132033,0.9450569396771735));
#13302=FACE_BOUND('',#13303,.T.);
#13303=EDGE_LOOP('',(#13304,#13305,#13306));
#13304=ORIENTED_EDGE('',*,*,#13307,.T.);
#13305=ORIENTED_EDGE('',*,*,#13308,.T.);
#13306=ORIENTED_EDGE('',*,*,#13309,.T.);
#13307=EDGE_CURVE('',#512,#508,#13310,.F.);
#13308=EDGE_CURVE('',#508,#638,#13311,.T.);
#13309=EDGE_CURVE('',#638,#512,#13312,.T.);
#13310=LINE('',#511,#13313);
#13311=LINE('',#507,#13314);
#13312=LINE('',#637,#13315);
#13313=VECTOR('',#13316,1.0);
#13314=VECTOR('',#13317,1.0);
#13315=VECTOR('',#13318,1.0);
#13316=DIRECTION('',(0,0.3269057674132033,0.9450569396771735));
#13317=DIRECTION('',(0.9966636240104119,-0.026681640550383905,-0.07713436738557143));
#13318=DIRECTION('',(-1,0,0));
#13319=STYLED_ITEM('',(#25),#13320);
#13320=FACE_SURFACE('',(#13325),#13321,.T.);
#13321=PLANE('',#13322);
#13322=AXIS2_PLACEMENT_3D('',#637,#13323,#13324);
#13323=DIRECTION('',(0,0.9450569396771734,-0.32690576741320326));
#13324=DIRECTION('',(-0.9966636240104119,0.026681640550383905,0.07713436738557143));
#13325=FACE_BOUND('',#13326,.T.);
#13326=EDGE_LOOP('',(#13327,#13328,#13329));
#13327=ORIENTED_EDGE('',*,*,#13330,.T.);
#13328=ORIENTED_EDGE('',*,*,#13331,.T.);
#13329=ORIENTED_EDGE('',*,*,#13332,.T.);
#13330=EDGE_CURVE('',#638,#508,#13333,.F.);
#13331=EDGE_CURVE('',#508,#636,#13334,.T.);
#13332=EDGE_CURVE('',#636,#638,#13335,.T.);
#13333=LINE('',#637,#13336);
#13334=LINE('',#507,#13337);
#13335=LINE('',#635,#13338);
#13336=VECTOR('',#13339,1.0);
#13337=VECTOR('',#13340,1.0);
#13338=VECTOR('',#13341,1.0);
#13339=DIRECTION('',(-0.9966636240104119,0.026681640550383905,0.07713436738557143));
#13340=DIRECTION('',(1,0,0));
#13341=DIRECTION('',(0,-0.3269057674132033,-0.9450569396771735));
#13342=STYLED_ITEM('',(#25),#13343);
#13343=FACE_SURFACE('',(#13348),#13344,.T.);
#13344=PLANE('',#13345);
#13345=AXIS2_PLACEMENT_3D('',#507,#13346,#13347);
#13346=DIRECTION('',(0,0.9478531205806356,-0.31870748627158263));
#13347=DIRECTION('',(0,0.31870748627158263,0.9478531205806358));
#13348=FACE_BOUND('',#13349,.T.);
#13349=EDGE_LOOP('',(#13350,#13351,#13352));
#13350=ORIENTED_EDGE('',*,*,#13353,.T.);
#13351=ORIENTED_EDGE('',*,*,#13354,.T.);
#13352=ORIENTED_EDGE('',*,*,#13355,.T.);
#13353=EDGE_CURVE('',#508,#504,#13356,.F.);
#13354=EDGE_CURVE('',#504,#636,#13357,.T.);
#13355=EDGE_CURVE('',#636,#508,#13358,.T.);
#13356=LINE('',#507,#13359);
#13357=LINE('',#503,#13360);
#13358=LINE('',#635,#13361);
#13359=VECTOR('',#13362,1.0);
#13360=VECTOR('',#13363,1.0);
#13361=VECTOR('',#13364,1.0);
#13362=DIRECTION('',(0,0.31870748627158263,0.9478531205806358));
#13363=DIRECTION('',(0.996685984428933,-0.025925337689830585,-0.07710334174727468));
#13364=DIRECTION('',(-1,0,0));
#13365=STYLED_ITEM('',(#25),#13366);
#13366=FACE_SURFACE('',(#13371),#13367,.T.);
#13367=PLANE('',#13368);
#13368=AXIS2_PLACEMENT_3D('',#635,#13369,#13370);
#13369=DIRECTION('',(0,0.9478531205806356,-0.31870748627158263));
#13370=DIRECTION('',(-0.996685984428933,0.025925337689830585,0.07710334174727468));
#13371=FACE_BOUND('',#13372,.T.);
#13372=EDGE_LOOP('',(#13373,#13374,#13375));
#13373=ORIENTED_EDGE('',*,*,#13376,.T.);
#13374=ORIENTED_EDGE('',*,*,#13377,.T.);
#13375=ORIENTED_EDGE('',*,*,#13378,.T.);
#13376=EDGE_CURVE('',#636,#504,#13379,.F.);
#13377=EDGE_CURVE('',#504,#634,#13380,.T.);
#13378=EDGE_CURVE('',#634,#636,#13381,.T.);
#13379=LINE('',#635,#13382);
#13380=LINE('',#503,#13383);
#13381=LINE('',#633,#13384);
#13382=VECTOR('',#13385,1.0);
#13383=VECTOR('',#13386,1.0);
#13384=VECTOR('',#13387,1.0);
#13385=DIRECTION('',(-0.996685984428933,0.025925337689830585,0.07710334174727468));
#13386=DIRECTION('',(1,0,0));
#13387=DIRECTION('',(0,-0.31870748627158263,-0.9478531205806358));
#13388=STYLED_ITEM('',(#25),#13389);
#13389=FACE_SURFACE('',(#13394),#13390,.T.);
#13390=PLANE('',#13391);
#13391=AXIS2_PLACEMENT_3D('',#503,#13392,#13393);
#13392=DIRECTION('',(0,0.9506004546910743,-0.31041709930531003));
#13393=DIRECTION('',(0,0.31041709930531003,0.9506004546910745));
#13394=FACE_BOUND('',#13395,.T.);
#13395=EDGE_LOOP('',(#13396,#13397,#13398));
#13396=ORIENTED_EDGE('',*,*,#13399,.T.);
#13397=ORIENTED_EDGE('',*,*,#13400,.T.);
#13398=ORIENTED_EDGE('',*,*,#13401,.T.);
#13399=EDGE_CURVE('',#504,#500,#13402,.F.);
#13400=EDGE_CURVE('',#500,#634,#13403,.T.);
#13401=EDGE_CURVE('',#634,#504,#13404,.T.);
#13402=LINE('',#503,#13405);
#13403=LINE('',#499,#13406);
#13404=LINE('',#633,#13407);
#13405=VECTOR('',#13408,1.0);
#13406=VECTOR('',#13409,1.0);
#13407=VECTOR('',#13410,1.0);
#13408=DIRECTION('',(0,0.31041709930531003,0.9506004546910745));
#13409=DIRECTION('',(0.9967149599794116,-0.02514050543268945,-0.07698859356962365));
#13410=DIRECTION('',(-1,0,0));
#13411=STYLED_ITEM('',(#25),#13412);
#13412=FACE_SURFACE('',(#13417),#13413,.T.);
#13413=PLANE('',#13414);
#13414=AXIS2_PLACEMENT_3D('',#633,#13415,#13416);
#13415=DIRECTION('',(0,0.9506004546910743,-0.31041709930531003));
#13416=DIRECTION('',(-0.9967149599794116,0.02514050543268945,0.07698859356962365));
#13417=FACE_BOUND('',#13418,.T.);
#13418=EDGE_LOOP('',(#13419,#13420,#13421));
#13419=ORIENTED_EDGE('',*,*,#13422,.T.);
#13420=ORIENTED_EDGE('',*,*,#13423,.T.);
#13421=ORIENTED_EDGE('',*,*,#13424,.T.);
#13422=EDGE_CURVE('',#634,#500,#13425,.F.);
#13423=EDGE_CURVE('',#500,#632,#13426,.T.);
#13424=EDGE_CURVE('',#632,#634,#13427,.T.);
#13425=LINE('',#633,#13428);
#13426=LINE('',#499,#13429);
#13427=LINE('',#631,#13430);
#13428=VECTOR('',#13431,1.0);
#13429=VECTOR('',#13432,1.0);
#13430=VECTOR('',#13433,1.0);
#13431=DIRECTION('',(-0.9967149599794116,0.02514050543268945,0.07698859356962365));
#13432=DIRECTION('',(1,0,0));
#13433=DIRECTION('',(0,-0.31041709930531003,-0.9506004546910745));
#13434=STYLED_ITEM('',(#25),#13435);
#13435=FACE_SURFACE('',(#13440),#13436,.T.);
#13436=PLANE('',#13437);
#13437=AXIS2_PLACEMENT_3D('',#499,#13438,#13439);
#13438=DIRECTION('',(0,0.9532959460308614,-0.30203781101233806));
#13439=DIRECTION('',(0,0.30203781101233806,0.9532959460308615));
#13440=FACE_BOUND('',#13441,.T.);
#13441=EDGE_LOOP('',(#13442,#13443,#13444));
#13442=ORIENTED_EDGE('',*,*,#13445,.T.);
#13443=ORIENTED_EDGE('',*,*,#13446,.T.);
#13444=ORIENTED_EDGE('',*,*,#13447,.T.);
#13445=EDGE_CURVE('',#500,#496,#13448,.F.);
#13446=EDGE_CURVE('',#496,#632,#13449,.T.);
#13447=EDGE_CURVE('',#632,#500,#13450,.T.);
#13448=LINE('',#499,#13451);
#13449=LINE('',#495,#13452);
#13450=LINE('',#631,#13453);
#13451=VECTOR('',#13454,1.0);
#13452=VECTOR('',#13455,1.0);
#13453=VECTOR('',#13456,1.0);
#13454=DIRECTION('',(0,0.30203781101233806,0.9532959460308615));
#13455=DIRECTION('',(0.9967515726164178,-0.02432539566960327,-0.07677615262707027));
#13456=DIRECTION('',(-1,0,0));
#13457=STYLED_ITEM('',(#25),#13458);
#13458=FACE_SURFACE('',(#13463),#13459,.T.);
#13459=PLANE('',#13460);
#13460=AXIS2_PLACEMENT_3D('',#631,#13461,#13462);
#13461=DIRECTION('',(0,0.9532959460308614,-0.30203781101233806));
#13462=DIRECTION('',(-0.9967515726164178,0.02432539566960327,0.07677615262707027));
#13463=FACE_BOUND('',#13464,.T.);
#13464=EDGE_LOOP('',(#13465,#13466,#13467));
#13465=ORIENTED_EDGE('',*,*,#13468,.T.);
#13466=ORIENTED_EDGE('',*,*,#13469,.T.);
#13467=ORIENTED_EDGE('',*,*,#13470,.T.);
#13468=EDGE_CURVE('',#632,#496,#13471,.F.);
#13469=EDGE_CURVE('',#496,#630,#13472,.T.);
#13470=EDGE_CURVE('',#630,#632,#13473,.T.);
#13471=LINE('',#631,#13474);
#13472=LINE('',#495,#13475);
#13473=LINE('',#629,#13476);
#13474=VECTOR('',#13477,1.0);
#13475=VECTOR('',#13478,1.0);
#13476=VECTOR('',#13479,1.0);
#13477=DIRECTION('',(-0.9967515726164178,0.02432539566960327,0.07677615262707027));
#13478=DIRECTION('',(1,0,0));
#13479=DIRECTION('',(0,-0.30203781101233806,-0.9532959460308615));
#13480=STYLED_ITEM('',(#25),#13481);
#13481=FACE_SURFACE('',(#13486),#13482,.T.);
#13482=PLANE('',#13483);
#13483=AXIS2_PLACEMENT_3D('',#487,#13484,#13485);
#13484=DIRECTION('',(0,0.9585985871611399,-0.28476086229091685));
#13485=DIRECTION('',(1,0,0));
#13486=FACE_BOUND('',#13487,.T.);
#13487=EDGE_LOOP('',(#13488,#13489,#13490));
#13488=ORIENTED_EDGE('',*,*,#13491,.T.);
#13489=ORIENTED_EDGE('',*,*,#13492,.T.);
#13490=ORIENTED_EDGE('',*,*,#13493,.T.);
#13491=EDGE_CURVE('',#488,#486,#13494,.F.);
#13492=EDGE_CURVE('',#486,#628,#13495,.T.);
#13493=EDGE_CURVE('',#628,#488,#13496,.T.);
#13494=LINE('',#487,#13497);
#13495=LINE('',#485,#13498);
#13496=LINE('',#627,#13499);
#13497=VECTOR('',#13500,1.0);
#13498=VECTOR('',#13501,1.0);
#13499=VECTOR('',#13502,1.0);
#13500=DIRECTION('',(1,0,0));
#13501=DIRECTION('',(0,-0.28476086229091685,-0.9585985871611399));
#13502=DIRECTION('',(-0.9968454426099891,0.02260069224366942,0.07608135289150758));
#13503=STYLED_ITEM('',(#25),#13504);
#13504=FACE_SURFACE('',(#13509),#13505,.T.);
#13505=PLANE('',#13506);
#13506=AXIS2_PLACEMENT_3D('',#495,#13507,#13508);
#13507=DIRECTION('',(0,0.9559597057381161,-0.29349794037623944));
#13508=DIRECTION('',(0,0.29349794037623944,0.9559597057381161));
#13509=FACE_BOUND('',#13510,.T.);
#13510=EDGE_LOOP('',(#13511,#13512,#13513));
#13511=ORIENTED_EDGE('',*,*,#13514,.T.);
#13512=ORIENTED_EDGE('',*,*,#13515,.T.);
#13513=ORIENTED_EDGE('',*,*,#13516,.T.);
#13514=EDGE_CURVE('',#496,#492,#13517,.F.);
#13515=EDGE_CURVE('',#492,#630,#13518,.T.);
#13516=EDGE_CURVE('',#630,#496,#13519,.T.);
#13517=LINE('',#495,#13520);
#13518=LINE('',#491,#13521);
#13519=LINE('',#629,#13522);
#13520=VECTOR('',#13523,1.0);
#13521=VECTOR('',#13524,1.0);
#13522=VECTOR('',#13525,1.0);
#13523=DIRECTION('',(0,0.29349794037623944,0.9559597057381161));
#13524=DIRECTION('',(0.9967949875855118,-0.023479381632721005,-0.07647529903533865));
#13525=DIRECTION('',(-1,0,0));
#13526=STYLED_ITEM('',(#25),#13527);
#13527=FACE_SURFACE('',(#13532),#13528,.T.);
#13528=PLANE('',#13529);
#13529=AXIS2_PLACEMENT_3D('',#629,#13530,#13531);
#13530=DIRECTION('',(0,0.9559597057381161,-0.29349794037623944));
#13531=DIRECTION('',(-0.9967949875855118,0.023479381632721005,0.07647529903533865));
#13532=FACE_BOUND('',#13533,.T.);
#13533=EDGE_LOOP('',(#13534,#13535,#13536));
#13534=ORIENTED_EDGE('',*,*,#13537,.T.);
#13535=ORIENTED_EDGE('',*,*,#13538,.T.);
#13536=ORIENTED_EDGE('',*,*,#13539,.T.);
#13537=EDGE_CURVE('',#630,#492,#13540,.F.);
#13538=EDGE_CURVE('',#492,#628,#13541,.T.);
#13539=EDGE_CURVE('',#628,#630,#13542,.T.);
#13540=LINE('',#629,#13543);
#13541=LINE('',#491,#13544);
#13542=LINE('',#627,#13545);
#13543=VECTOR('',#13546,1.0);
#13544=VECTOR('',#13547,1.0);
#13545=VECTOR('',#13548,1.0);
#13546=DIRECTION('',(-0.9967949875855118,0.023479381632721005,0.07647529903533865));
#13547=DIRECTION('',(1,0,0));
#13548=DIRECTION('',(0,-0.29349794037623944,-0.9559597057381161));
#13549=STYLED_ITEM('',(#25),#13550);
#13550=FACE_SURFACE('',(#13555),#13551,.T.);
#13551=PLANE('',#13552);
#13552=AXIS2_PLACEMENT_3D('',#491,#13553,#13554);
#13553=DIRECTION('',(0,0.9585985871611399,-0.28476086229091685));
#13554=DIRECTION('',(0,0.28476086229091685,0.9585985871611399));
#13555=FACE_BOUND('',#13556,.T.);
#13556=EDGE_LOOP('',(#13557,#13558,#13559));
#13557=ORIENTED_EDGE('',*,*,#13560,.T.);
#13558=ORIENTED_EDGE('',*,*,#13561,.T.);
#13559=ORIENTED_EDGE('',*,*,#13562,.T.);
#13560=EDGE_CURVE('',#492,#488,#13563,.F.);
#13561=EDGE_CURVE('',#488,#628,#13564,.T.);
#13562=EDGE_CURVE('',#628,#492,#13565,.T.);
#13563=LINE('',#491,#13566);
#13564=LINE('',#487,#13567);
#13565=LINE('',#627,#13568);
#13566=VECTOR('',#13569,1.0);
#13567=VECTOR('',#13570,1.0);
#13568=VECTOR('',#13571,1.0);
#13569=DIRECTION('',(0,0.28476086229091685,0.9585985871611399));
#13570=DIRECTION('',(0.9968454426099891,-0.02260069224366942,-0.07608135289150758));
#13571=DIRECTION('',(-1,0,0));
#13572=STYLED_ITEM('',(#25),#13573);
#13573=FACE_SURFACE('',(#13578),#13574,.T.);
#13574=PLANE('',#13575);
#13575=AXIS2_PLACEMENT_3D('',#415,#13576,#13577);
#13576=DIRECTION('',(0,0.6950840167104921,-0.7189285150233008));
#13577=DIRECTION('',(0,-0.7189285150233007,-0.695084016710492));
#13578=FACE_BOUND('',#13579,.T.);
#13579=EDGE_LOOP('',(#13580,#13581,#13582));
#13580=ORIENTED_EDGE('',*,*,#13583,.T.);
#13581=ORIENTED_EDGE('',*,*,#13584,.T.);
#13582=ORIENTED_EDGE('',*,*,#13585,.T.);
#13583=EDGE_CURVE('',#416,#412,#13586,.F.);
#13584=EDGE_CURVE('',#412,#626,#13587,.T.);
#13585=EDGE_CURVE('',#626,#416,#13588,.T.);
#13586=LINE('',#415,#13589);
#13587=LINE('',#411,#13590);
#13588=LINE('',#625,#13591);
#13589=VECTOR('',#13592,1.0);
#13590=VECTOR('',#13593,1.0);
#13591=VECTOR('',#13594,1.0);
#13592=DIRECTION('',(0,-0.7189285150233007,-0.695084016710492));
#13593=DIRECTION('',(-0.9452833578379553,0.23455077057168533,0.2267714916360275));
#13594=DIRECTION('',(1,0,0));
#13595=STYLED_ITEM('',(#25),#13596);
#13596=FACE_SURFACE('',(#13601),#13597,.T.);
#13597=PLANE('',#13598);
#13598=AXIS2_PLACEMENT_3D('',#625,#13599,#13600);
#13599=DIRECTION('',(0,0.6950840167104921,-0.7189285150233008));
#13600=DIRECTION('',(0.9452833578379553,-0.23455077057168533,-0.2267714916360275));
#13601=FACE_BOUND('',#13602,.T.);
#13602=EDGE_LOOP('',(#13603,#13604,#13605));
#13603=ORIENTED_EDGE('',*,*,#13606,.T.);
#13604=ORIENTED_EDGE('',*,*,#13607,.T.);
#13605=ORIENTED_EDGE('',*,*,#13608,.T.);
#13606=EDGE_CURVE('',#626,#412,#13609,.F.);
#13607=EDGE_CURVE('',#412,#694,#13610,.T.);
#13608=EDGE_CURVE('',#694,#626,#13611,.T.);
#13609=LINE('',#625,#13612);
#13610=LINE('',#411,#13613);
#13611=LINE('',#693,#13614);
#13612=VECTOR('',#13615,1.0);
#13613=VECTOR('',#13616,1.0);
#13614=VECTOR('',#13617,1.0);
#13615=DIRECTION('',(0.9452833578379553,-0.23455077057168533,-0.2267714916360275));
#13616=DIRECTION('',(-1,0,0));
#13617=DIRECTION('',(0,0.7189285150233007,0.695084016710492));
#13618=STYLED_ITEM('',(#25),#13619);
#13619=FACE_SURFACE('',(#13624),#13620,.T.);
#13620=PLANE('',#13621);
#13621=AXIS2_PLACEMENT_3D('',#693,#13622,#13623);
#13622=DIRECTION('',(0,0.5228081738681579,-0.8524503582828985));
#13623=DIRECTION('',(1,0,0));
#13624=FACE_BOUND('',#13625,.T.);
#13625=EDGE_LOOP('',(#13626,#13627,#13628));
#13626=ORIENTED_EDGE('',*,*,#13629,.T.);
#13627=ORIENTED_EDGE('',*,*,#13630,.T.);
#13628=ORIENTED_EDGE('',*,*,#13631,.T.);
#13629=EDGE_CURVE('',#694,#412,#13632,.F.);
#13630=EDGE_CURVE('',#412,#696,#13633,.T.);
#13631=EDGE_CURVE('',#696,#694,#13634,.T.);
#13632=LINE('',#693,#13635);
#13633=LINE('',#411,#13636);
#13634=LINE('',#695,#13637);
#13635=VECTOR('',#13638,1.0);
#13636=VECTOR('',#13639,1.0);
#13637=VECTOR('',#13640,1.0);
#13638=DIRECTION('',(1,0,0));
#13639=DIRECTION('',(-0.9992808624569323,-0.032323023878347706,-0.0198237245413037));
#13640=DIRECTION('',(-0.9992808624569323,0.032323023878347706,0.0198237245413037));
#13641=STYLED_ITEM('',(#25),#13642);
#13642=FACE_SURFACE('',(#13647),#13643,.T.);
#13643=PLANE('',#13644);
#13644=AXIS2_PLACEMENT_3D('',#695,#13645,#13646);
#13645=DIRECTION('',(0,0.5228081738681579,-0.8524503582828985));
#13646=DIRECTION('',(0.9992808624569323,0.032323023878347706,0.0198237245413037));
#13647=FACE_BOUND('',#13648,.T.);
#13648=EDGE_LOOP('',(#13649,#13650,#13651));
#13649=ORIENTED_EDGE('',*,*,#13652,.T.);
#13650=ORIENTED_EDGE('',*,*,#13653,.T.);
#13651=ORIENTED_EDGE('',*,*,#13654,.T.);
#13652=EDGE_CURVE('',#696,#412,#13655,.F.);
#13653=EDGE_CURVE('',#412,#410,#13656,.T.);
#13654=EDGE_CURVE('',#410,#696,#13657,.T.);
#13655=LINE('',#695,#13658);
#13656=LINE('',#411,#13659);
#13657=LINE('',#409,#13660);
#13658=VECTOR('',#13661,1.0);
#13659=VECTOR('',#13662,1.0);
#13660=VECTOR('',#13663,1.0);
#13661=DIRECTION('',(0.9992808624569323,0.032323023878347706,0.0198237245413037));
#13662=DIRECTION('',(0,-0.8524503582828984,-0.5228081738681578));
#13663=DIRECTION('',(-1,0,0));
#13664=STYLED_ITEM('',(#25),#13665);
#13665=FACE_SURFACE('',(#13670),#13666,.T.);
#13666=PLANE('',#13667);
#13667=AXIS2_PLACEMENT_3D('',#695,#13668,#13669);
#13668=DIRECTION('',(0,0.4989522427144243,-0.8666294822415438));
#13669=DIRECTION('',(1,0,0));
#13670=FACE_BOUND('',#13671,.T.);
#13671=EDGE_LOOP('',(#13672,#13673,#13674));
#13672=ORIENTED_EDGE('',*,*,#13675,.T.);
#13673=ORIENTED_EDGE('',*,*,#13676,.T.);
#13674=ORIENTED_EDGE('',*,*,#13677,.T.);
#13675=EDGE_CURVE('',#696,#410,#13678,.F.);
#13676=EDGE_CURVE('',#410,#408,#13679,.T.);
#13677=EDGE_CURVE('',#408,#696,#13680,.T.);
#13678=LINE('',#695,#13681);
#13679=LINE('',#409,#13682);
#13680=LINE('',#407,#13683);
#13681=VECTOR('',#13684,1.0);
#13682=VECTOR('',#13685,1.0);
#13683=VECTOR('',#13686,1.0);
#13684=DIRECTION('',(1,0,0));
#13685=DIRECTION('',(0,-0.8666294822415439,-0.4989522427144243));
#13686=DIRECTION('',(-0.9992808136941828,0.03286177843636672,0.018919801814265672));
#13687=STYLED_ITEM('',(#25),#13688);
#13688=FACE_SURFACE('',(#13693),#13689,.T.);
#13689=PLANE('',#13690);
#13690=AXIS2_PLACEMENT_3D('',#695,#13691,#13692);
#13691=DIRECTION('',(0,0.4989522427144243,-0.8666294822415438));
#13692=DIRECTION('',(0.9992808136941828,-0.03286177843636672,-0.018919801814265672));
#13693=FACE_BOUND('',#13694,.T.);
#13694=EDGE_LOOP('',(#13695,#13696,#13697));
#13695=ORIENTED_EDGE('',*,*,#13698,.T.);
#13696=ORIENTED_EDGE('',*,*,#13699,.T.);
#13697=ORIENTED_EDGE('',*,*,#13700,.T.);
#13698=EDGE_CURVE('',#696,#408,#13701,.F.);
#13699=EDGE_CURVE('',#408,#698,#13702,.T.);
#13700=EDGE_CURVE('',#698,#696,#13703,.T.);
#13701=LINE('',#695,#13704);
#13702=LINE('',#407,#13705);
#13703=LINE('',#697,#13706);
#13704=VECTOR('',#13707,1.0);
#13705=VECTOR('',#13708,1.0);
#13706=VECTOR('',#13709,1.0);
#13707=DIRECTION('',(0.9992808136941828,-0.03286177843636672,-0.018919801814265672));
#13708=DIRECTION('',(-1,0,0));
#13709=DIRECTION('',(0,0.8666294822415439,0.4989522427144243));
#13710=STYLED_ITEM('',(#25),#13711);
#13711=FACE_SURFACE('',(#13716),#13712,.T.);
#13712=PLANE('',#13713);
#13713=AXIS2_PLACEMENT_3D('',#697,#13714,#13715);
#13714=DIRECTION('',(0,0.47409121415290895,-0.8804757354197903));
#13715=DIRECTION('',(1,0,0));
#13716=FACE_BOUND('',#13717,.T.);
#13717=EDGE_LOOP('',(#13718,#13719,#13720));
#13718=ORIENTED_EDGE('',*,*,#13721,.T.);
#13719=ORIENTED_EDGE('',*,*,#13722,.T.);
#13720=ORIENTED_EDGE('',*,*,#13723,.T.);
#13721=EDGE_CURVE('',#698,#408,#13724,.F.);
#13722=EDGE_CURVE('',#408,#406,#13725,.T.);
#13723=EDGE_CURVE('',#406,#698,#13726,.T.);
#13724=LINE('',#697,#13727);
#13725=LINE('',#407,#13728);
#13726=LINE('',#405,#13729);
#13727=VECTOR('',#13730,1.0);
#13728=VECTOR('',#13731,1.0);
#13729=VECTOR('',#13732,1.0);
#13730=DIRECTION('',(1,0,0));
#13731=DIRECTION('',(0,-0.8804757354197904,-0.47409121415290895));
#13732=DIRECTION('',(-0.9992809636001214,0.03338333691639434,0.01797522191071307));
#13733=STYLED_ITEM('',(#25),#13734);
#13734=FACE_SURFACE('',(#13739),#13735,.T.);
#13735=PLANE('',#13736);
#13736=AXIS2_PLACEMENT_3D('',#697,#13737,#13738);
#13737=DIRECTION('',(0,0.47409121415290895,-0.8804757354197903));
#13738=DIRECTION('',(0.9992809636001214,-0.03338333691639434,-0.01797522191071307));
#13739=FACE_BOUND('',#13740,.T.);
#13740=EDGE_LOOP('',(#13741,#13742,#13743));
#13741=ORIENTED_EDGE('',*,*,#13744,.T.);
#13742=ORIENTED_EDGE('',*,*,#13745,.T.);
#13743=ORIENTED_EDGE('',*,*,#13746,.T.);
#13744=EDGE_CURVE('',#698,#406,#13747,.F.);
#13745=EDGE_CURVE('',#406,#700,#13748,.T.);
#13746=EDGE_CURVE('',#700,#698,#13749,.T.);
#13747=LINE('',#697,#13750);
#13748=LINE('',#405,#13751);
#13749=LINE('',#699,#13752);
#13750=VECTOR('',#13753,1.0);
#13751=VECTOR('',#13754,1.0);
#13752=VECTOR('',#13755,1.0);
#13753=DIRECTION('',(0.9992809636001214,-0.03338333691639434,-0.01797522191071307));
#13754=DIRECTION('',(-1,0,0));
#13755=DIRECTION('',(0,0.8804757354197904,0.47409121415290895));
#13756=STYLED_ITEM('',(#25),#13757);
#13757=FACE_SURFACE('',(#13762),#13758,.T.);
#13758=PLANE('',#13759);
#13759=AXIS2_PLACEMENT_3D('',#699,#13760,#13761);
#13760=DIRECTION('',(0,0.448351642217362,-0.8938572620508235));
#13761=DIRECTION('',(1,0,0));
#13762=FACE_BOUND('',#13763,.T.);
#13763=EDGE_LOOP('',(#13764,#13765,#13766));
#13764=ORIENTED_EDGE('',*,*,#13767,.T.);
#13765=ORIENTED_EDGE('',*,*,#13768,.T.);
#13766=ORIENTED_EDGE('',*,*,#13769,.T.);
#13767=EDGE_CURVE('',#700,#406,#13770,.F.);
#13768=EDGE_CURVE('',#406,#404,#13771,.T.);
#13769=EDGE_CURVE('',#404,#700,#13772,.T.);
#13770=LINE('',#699,#13773);
#13771=LINE('',#405,#13774);
#13772=LINE('',#403,#13775);
#13773=VECTOR('',#13776,1.0);
#13774=VECTOR('',#13777,1.0);
#13775=VECTOR('',#13778,1.0);
#13776=DIRECTION('',(1,0,0));
#13777=DIRECTION('',(0,-0.8938572620508235,-0.44835164221736196));
#13778=DIRECTION('',(-0.9992809586599657,0.03389081539075038,0.016999361510657406));
#13779=STYLED_ITEM('',(#25),#13780);
#13780=FACE_SURFACE('',(#13785),#13781,.T.);
#13781=PLANE('',#13782);
#13782=AXIS2_PLACEMENT_3D('',#699,#13783,#13784);
#13783=DIRECTION('',(0,0.448351642217362,-0.8938572620508235));
#13784=DIRECTION('',(0.9992809586599657,-0.03389081539075038,-0.016999361510657406));
#13785=FACE_BOUND('',#13786,.T.);
#13786=EDGE_LOOP('',(#13787,#13788,#13789));
#13787=ORIENTED_EDGE('',*,*,#13790,.T.);
#13788=ORIENTED_EDGE('',*,*,#13791,.T.);
#13789=ORIENTED_EDGE('',*,*,#13792,.T.);
#13790=EDGE_CURVE('',#700,#404,#13793,.F.);
#13791=EDGE_CURVE('',#404,#702,#13794,.T.);
#13792=EDGE_CURVE('',#702,#700,#13795,.T.);
#13793=LINE('',#699,#13796);
#13794=LINE('',#403,#13797);
#13795=LINE('',#701,#13798);
#13796=VECTOR('',#13799,1.0);
#13797=VECTOR('',#13800,1.0);
#13798=VECTOR('',#13801,1.0);
#13799=DIRECTION('',(0.9992809586599657,-0.03389081539075038,-0.016999361510657406));
#13800=DIRECTION('',(-1,0,0));
#13801=DIRECTION('',(0.9992809586599657,0.03389081539075038,0.016999361510657406));
#13802=STYLED_ITEM('',(#25),#13803);
#13803=FACE_SURFACE('',(#13808),#13804,.T.);
#13804=PLANE('',#13805);
#13805=AXIS2_PLACEMENT_3D('',#701,#13806,#13807);
#13806=DIRECTION('',(0,0.448351642217362,-0.8938572620508235));
#13807=DIRECTION('',(0,0.8938572620508235,0.44835164221736196));
#13808=FACE_BOUND('',#13809,.T.);
#13809=EDGE_LOOP('',(#13810,#13811,#13812));
#13810=ORIENTED_EDGE('',*,*,#13813,.T.);
#13811=ORIENTED_EDGE('',*,*,#13814,.T.);
#13812=ORIENTED_EDGE('',*,*,#13815,.T.);
#13813=EDGE_CURVE('',#702,#704,#13816,.F.);
#13814=EDGE_CURVE('',#704,#700,#13817,.T.);
#13815=EDGE_CURVE('',#700,#702,#13818,.T.);
#13816=LINE('',#701,#13819);
#13817=LINE('',#703,#13820);
#13818=LINE('',#699,#13821);
#13819=VECTOR('',#13822,1.0);
#13820=VECTOR('',#13823,1.0);
#13821=VECTOR('',#13824,1.0);
#13822=DIRECTION('',(0,0.8938572620508235,0.44835164221736196));
#13823=DIRECTION('',(1,0,0));
#13824=DIRECTION('',(-0.9992809586599657,-0.03389081539075038,-0.016999361510657406));
#13825=STYLED_ITEM('',(#25),#13826);
#13826=FACE_SURFACE('',(#13831),#13827,.T.);
#13827=PLANE('',#13828);
#13828=AXIS2_PLACEMENT_3D('',#699,#13829,#13830);
#13829=DIRECTION('',(0,0.47409121415290895,-0.8804757354197903));
#13830=DIRECTION('',(-1,0,0));
#13831=FACE_BOUND('',#13832,.T.);
#13832=EDGE_LOOP('',(#13833,#13834,#13835));
#13833=ORIENTED_EDGE('',*,*,#13836,.T.);
#13834=ORIENTED_EDGE('',*,*,#13837,.T.);
#13835=ORIENTED_EDGE('',*,*,#13838,.T.);
#13836=EDGE_CURVE('',#700,#704,#13839,.F.);
#13837=EDGE_CURVE('',#704,#698,#13840,.T.);
#13838=EDGE_CURVE('',#698,#700,#13841,.T.);
#13839=LINE('',#699,#13842);
#13840=LINE('',#703,#13843);
#13841=LINE('',#697,#13844);
#13842=VECTOR('',#13845,1.0);
#13843=VECTOR('',#13846,1.0);
#13844=VECTOR('',#13847,1.0);
#13845=DIRECTION('',(-1,0,0));
#13846=DIRECTION('',(0.9992809636001214,0.03338333691639434,0.01797522191071307));
#13847=DIRECTION('',(0,-0.8804757354197904,-0.47409121415290895));
#13848=STYLED_ITEM('',(#25),#13849);
#13849=FACE_SURFACE('',(#13854),#13850,.T.);
#13850=PLANE('',#13851);
#13851=AXIS2_PLACEMENT_3D('',#703,#13852,#13853);
#13852=DIRECTION('',(0,0.47409121415290895,-0.8804757354197903));
#13853=DIRECTION('',(0,0.8804757354197904,0.47409121415290895));
#13854=FACE_BOUND('',#13855,.T.);
#13855=EDGE_LOOP('',(#13856,#13857,#13858));
#13856=ORIENTED_EDGE('',*,*,#13859,.T.);
#13857=ORIENTED_EDGE('',*,*,#13860,.T.);
#13858=ORIENTED_EDGE('',*,*,#13861,.T.);
#13859=EDGE_CURVE('',#704,#706,#13862,.F.);
#13860=EDGE_CURVE('',#706,#698,#13863,.T.);
#13861=EDGE_CURVE('',#698,#704,#13864,.T.);
#13862=LINE('',#703,#13865);
#13863=LINE('',#705,#13866);
#13864=LINE('',#697,#13867);
#13865=VECTOR('',#13868,1.0);
#13866=VECTOR('',#13869,1.0);
#13867=VECTOR('',#13870,1.0);
#13868=DIRECTION('',(0,0.8804757354197904,0.47409121415290895));
#13869=DIRECTION('',(1,0,0));
#13870=DIRECTION('',(-0.9992809636001214,-0.03338333691639434,-0.01797522191071307));
#13871=STYLED_ITEM('',(#25),#13872);
#13872=FACE_SURFACE('',(#13877),#13873,.T.);
#13873=PLANE('',#13874);
#13874=AXIS2_PLACEMENT_3D('',#697,#13875,#13876);
#13875=DIRECTION('',(0,0.4989522427144243,-0.8666294822415438));
#13876=DIRECTION('',(-1,0,0));
#13877=FACE_BOUND('',#13878,.T.);
#13878=EDGE_LOOP('',(#13879,#13880,#13881));
#13879=ORIENTED_EDGE('',*,*,#13882,.T.);
#13880=ORIENTED_EDGE('',*,*,#13883,.T.);
#13881=ORIENTED_EDGE('',*,*,#13884,.T.);
#13882=EDGE_CURVE('',#698,#706,#13885,.F.);
#13883=EDGE_CURVE('',#706,#696,#13886,.T.);
#13884=EDGE_CURVE('',#696,#698,#13887,.T.);
#13885=LINE('',#697,#13888);
#13886=LINE('',#705,#13889);
#13887=LINE('',#695,#13890);
#13888=VECTOR('',#13891,1.0);
#13889=VECTOR('',#13892,1.0);
#13890=VECTOR('',#13893,1.0);
#13891=DIRECTION('',(-1,0,0));
#13892=DIRECTION('',(0.9992808136941828,0.03286177843636672,0.018919801814265672));
#13893=DIRECTION('',(0,-0.8666294822415439,-0.4989522427144243));
#13894=STYLED_ITEM('',(#25),#13895);
#13895=FACE_SURFACE('',(#13900),#13896,.T.);
#13896=PLANE('',#13897);
#13897=AXIS2_PLACEMENT_3D('',#705,#13898,#13899);
#13898=DIRECTION('',(0,0.4989522427144243,-0.8666294822415438));
#13899=DIRECTION('',(0,0.8666294822415439,0.4989522427144243));
#13900=FACE_BOUND('',#13901,.T.);
#13901=EDGE_LOOP('',(#13902,#13903,#13904));
#13902=ORIENTED_EDGE('',*,*,#13905,.T.);
#13903=ORIENTED_EDGE('',*,*,#13906,.T.);
#13904=ORIENTED_EDGE('',*,*,#13907,.T.);
#13905=EDGE_CURVE('',#706,#708,#13908,.F.);
#13906=EDGE_CURVE('',#708,#696,#13909,.T.);
#13907=EDGE_CURVE('',#696,#706,#13910,.T.);
#13908=LINE('',#705,#13911);
#13909=LINE('',#707,#13912);
#13910=LINE('',#695,#13913);
#13911=VECTOR('',#13914,1.0);
#13912=VECTOR('',#13915,1.0);
#13913=VECTOR('',#13916,1.0);
#13914=DIRECTION('',(0,0.8666294822415439,0.4989522427144243));
#13915=DIRECTION('',(1,0,0));
#13916=DIRECTION('',(-0.9992808136941828,-0.03286177843636672,-0.018919801814265672));
#13917=STYLED_ITEM('',(#25),#13918);
#13918=FACE_SURFACE('',(#13923),#13919,.T.);
#13919=PLANE('',#13920);
#13920=AXIS2_PLACEMENT_3D('',#695,#13921,#13922);
#13921=DIRECTION('',(0,0.5228081738681579,-0.8524503582828985));
#13922=DIRECTION('',(-1,0,0));
#13923=FACE_BOUND('',#13924,.T.);
#13924=EDGE_LOOP('',(#13925,#13926,#13927));
#13925=ORIENTED_EDGE('',*,*,#13928,.T.);
#13926=ORIENTED_EDGE('',*,*,#13929,.T.);
#13927=ORIENTED_EDGE('',*,*,#13930,.T.);
#13928=EDGE_CURVE('',#696,#708,#13931,.F.);
#13929=EDGE_CURVE('',#708,#694,#13932,.T.);
#13930=EDGE_CURVE('',#694,#696,#13933,.T.);
#13931=LINE('',#695,#13934);
#13932=LINE('',#707,#13935);
#13933=LINE('',#693,#13936);
#13934=VECTOR('',#13937,1.0);
#13935=VECTOR('',#13938,1.0);
#13936=VECTOR('',#13939,1.0);
#13937=DIRECTION('',(-1,0,0));
#13938=DIRECTION('',(0,0.8524503582828984,0.5228081738681578));
#13939=DIRECTION('',(0.9992808624569323,-0.032323023878347706,-0.0198237245413037));
#13940=STYLED_ITEM('',(#25),#13941);
#13941=FACE_SURFACE('',(#13946),#13942,.T.);
#13942=PLANE('',#13943);
#13943=AXIS2_PLACEMENT_3D('',#403,#13944,#13945);
#13944=DIRECTION('',(0,0.2354434822178985,-0.971888042256468));
#13945=DIRECTION('',(0,-0.9718880422564681,-0.23544348221789851));
#13946=FACE_BOUND('',#13947,.T.);
#13947=EDGE_LOOP('',(#13948,#13949,#13950));
#13948=ORIENTED_EDGE('',*,*,#13951,.T.);
#13949=ORIENTED_EDGE('',*,*,#13952,.T.);
#13950=ORIENTED_EDGE('',*,*,#13953,.T.);
#13951=EDGE_CURVE('',#404,#402,#13954,.F.);
#13952=EDGE_CURVE('',#402,#702,#13955,.T.);
#13953=EDGE_CURVE('',#702,#404,#13956,.T.);
#13954=LINE('',#403,#13957);
#13955=LINE('',#401,#13958);
#13956=LINE('',#701,#13959);
#13957=VECTOR('',#13960,1.0);
#13958=VECTOR('',#13961,1.0);
#13959=VECTOR('',#13962,1.0);
#13960=DIRECTION('',(0,-0.9718880422564681,-0.23544348221789851));
#13961=DIRECTION('',(-0.9662318415489604,0.25043053984294505,0.06066772693018875));
#13962=DIRECTION('',(1,0,0));
#13963=STYLED_ITEM('',(#25),#13964);
#13964=FACE_SURFACE('',(#13969),#13965,.T.);
#13965=PLANE('',#13966);
#13966=AXIS2_PLACEMENT_3D('',#701,#13967,#13968);
#13967=DIRECTION('',(0,0.2354434822178985,-0.971888042256468));
#13968=DIRECTION('',(0.9662318415489604,-0.25043053984294505,-0.06066772693018875));
#13969=FACE_BOUND('',#13970,.T.);
#13970=EDGE_LOOP('',(#13971,#13972,#13973));
#13971=ORIENTED_EDGE('',*,*,#13974,.T.);
#13972=ORIENTED_EDGE('',*,*,#13975,.T.);
#13973=ORIENTED_EDGE('',*,*,#13976,.T.);
#13974=EDGE_CURVE('',#702,#402,#13977,.F.);
#13975=EDGE_CURVE('',#402,#710,#13978,.T.);
#13976=EDGE_CURVE('',#710,#702,#13979,.T.);
#13977=LINE('',#701,#13980);
#13978=LINE('',#401,#13981);
#13979=LINE('',#709,#13982);
#13980=VECTOR('',#13983,1.0);
#13981=VECTOR('',#13984,1.0);
#13982=VECTOR('',#13985,1.0);
#13983=DIRECTION('',(0.9662318415489604,-0.25043053984294505,-0.06066772693018875));
#13984=DIRECTION('',(-1,0,0));
#13985=DIRECTION('',(0,0.9718880422564681,0.23544348221789851));
#13986=STYLED_ITEM('',(#25),#13987);
#13987=FACE_SURFACE('',(#13992),#13988,.T.);
#13988=PLANE('',#13989);
#13989=AXIS2_PLACEMENT_3D('',#59,#13990,#13991);
#13990=DIRECTION('',(-0,-0.9718897060679824,-0.23543661405798963));
#13991=DIRECTION('',(-1,0,0));
#13992=FACE_BOUND('',#13993,.T.);
#13993=EDGE_LOOP('',(#13994,#13995,#13996));
#13994=ORIENTED_EDGE('',*,*,#13997,.T.);
#13995=ORIENTED_EDGE('',*,*,#13998,.T.);
#13996=ORIENTED_EDGE('',*,*,#13999,.T.);
#13997=EDGE_CURVE('',#60,#62,#14000,.F.);
#13998=EDGE_CURVE('',#62,#56,#14001,.T.);
#13999=EDGE_CURVE('',#56,#60,#14002,.T.);
#14000=LINE('',#59,#14003);
#14001=LINE('',#61,#14004);
#14002=LINE('',#55,#14005);
#14003=VECTOR('',#14006,1.0);
#14004=VECTOR('',#14007,1.0);
#14005=VECTOR('',#14008,1.0);
#14006=DIRECTION('',(-1,0,0));
#14007=DIRECTION('',(0.9707655535444283,0.056511771587129375,-0.2332823605068843));
#14008=DIRECTION('',(0,-0.23543661405798963,0.9718897060679824));
#14009=STYLED_ITEM('',(#25),#14010);
#14010=FACE_SURFACE('',(#14015),#14011,.T.);
#14011=PLANE('',#14012);
#14012=AXIS2_PLACEMENT_3D('',#55,#14013,#14014);
#14013=DIRECTION('',(4.6198844851236033E-07,-0.9718901459667865,-0.23543479813410112));
#14014=DIRECTION('',(-0.9707655535444283,-0.056511771587129375,0.2332823605068843));
#14015=FACE_BOUND('',#14016,.T.);
#14016=EDGE_LOOP('',(#14017,#14018,#14019));
#14017=ORIENTED_EDGE('',*,*,#14020,.T.);
#14018=ORIENTED_EDGE('',*,*,#14021,.T.);
#14019=ORIENTED_EDGE('',*,*,#14022,.T.);
#14020=EDGE_CURVE('',#56,#62,#14023,.F.);
#14021=EDGE_CURVE('',#62,#710,#14024,.T.);
#14022=EDGE_CURVE('',#710,#56,#14025,.T.);
#14023=LINE('',#55,#14026);
#14024=LINE('',#61,#14027);
#14025=LINE('',#709,#14028);
#14026=VECTOR('',#14029,1.0);
#14027=VECTOR('',#14030,1.0);
#14028=VECTOR('',#14031,1.0);
#14029=DIRECTION('',(-0.9707655535444283,-0.056511771587129375,0.2332823605068843));
#14030=DIRECTION('',(0,0.23543479813412627,-0.9718901459668903));
#14031=DIRECTION('',(0.9948074944079052,-0.02396081244590059,0.09891374291168115));
#14032=STYLED_ITEM('',(#25),#14033);
#14033=FACE_SURFACE('',(#14038),#14034,.T.);
#14034=PLANE('',#14035);
#14035=AXIS2_PLACEMENT_3D('',#55,#14036,#14037);
#14036=DIRECTION('',(0,-0.9718912091248342,-0.23543040930573866));
#14037=DIRECTION('',(-0.9948074944079052,0.02396081244590059,-0.09891374291168115));
#14038=FACE_BOUND('',#14039,.T.);
#14039=EDGE_LOOP('',(#14040,#14041,#14042));
#14040=ORIENTED_EDGE('',*,*,#14043,.T.);
#14041=ORIENTED_EDGE('',*,*,#14044,.T.);
#14042=ORIENTED_EDGE('',*,*,#14045,.T.);
#14043=EDGE_CURVE('',#56,#710,#14046,.F.);
#14044=EDGE_CURVE('',#710,#402,#14047,.T.);
#14045=EDGE_CURVE('',#402,#56,#14048,.T.);
#14046=LINE('',#55,#14049);
#14047=LINE('',#709,#14050);
#14048=LINE('',#401,#14051);
#14049=VECTOR('',#14052,1.0);
#14050=VECTOR('',#14053,1.0);
#14051=VECTOR('',#14054,1.0);
#14052=DIRECTION('',(-0.9948074944079052,0.02396081244590059,-0.09891374291168115));
#14053=DIRECTION('',(1,0,0));
#14054=DIRECTION('',(-0.9995836624557662,-0.00679289866004882,0.02804208050967522));
#14055=STYLED_ITEM('',(#25),#14056);
#14056=FACE_SURFACE('',(#14061),#14057,.T.);
#14057=PLANE('',#14058);
#14058=AXIS2_PLACEMENT_3D('',#55,#14059,#14060);
#14059=DIRECTION('',(0,-0.9718912091248343,-0.23543040930573866));
#14060=DIRECTION('',(0.9995836624557662,0.00679289866004882,-0.02804208050967522));
#14061=FACE_BOUND('',#14062,.T.);
#14062=EDGE_LOOP('',(#14063,#14064,#14065));
#14063=ORIENTED_EDGE('',*,*,#14066,.T.);
#14064=ORIENTED_EDGE('',*,*,#14067,.T.);
#14065=ORIENTED_EDGE('',*,*,#14068,.T.);
#14066=EDGE_CURVE('',#56,#402,#14069,.F.);
#14067=EDGE_CURVE('',#402,#54,#14070,.T.);
#14068=EDGE_CURVE('',#54,#56,#14071,.T.);
#14069=LINE('',#55,#14072);
#14070=LINE('',#401,#14073);
#14071=LINE('',#53,#14074);
#14072=VECTOR('',#14075,1.0);
#14073=VECTOR('',#14076,1.0);
#14074=VECTOR('',#14077,1.0);
#14075=DIRECTION('',(0.9995836624557662,0.00679289866004882,-0.02804208050967522));
#14076=DIRECTION('',(-0.9946042453491594,-0.024424013090786435,0.1008259030109353));
#14077=DIRECTION('',(-1,0,0));
#14078=STYLED_ITEM('',(#25),#14079);
#14079=FACE_SURFACE('',(#14084),#14080,.T.);
#14080=PLANE('',#14081);
#14081=AXIS2_PLACEMENT_3D('',#53,#14082,#14083);
#14082=DIRECTION('',(-4.7101565378500096E-07,-0.9718901459667824,-0.23543479813410015));
#14083=DIRECTION('',(0.9946042453491594,0.024424013090786435,-0.1008259030109353));
#14084=FACE_BOUND('',#14085,.T.);
#14085=EDGE_LOOP('',(#14086,#14087,#14088));
#14086=ORIENTED_EDGE('',*,*,#14089,.T.);
#14087=ORIENTED_EDGE('',*,*,#14090,.T.);
#14088=ORIENTED_EDGE('',*,*,#14091,.T.);
#14089=EDGE_CURVE('',#54,#402,#14092,.F.);
#14090=EDGE_CURVE('',#402,#68,#14093,.T.);
#14091=EDGE_CURVE('',#68,#54,#14094,.T.);
#14092=LINE('',#53,#14095);
#14093=LINE('',#401,#14096);
#14094=LINE('',#67,#14097);
#14095=VECTOR('',#14098,1.0);
#14096=VECTOR('',#14099,1.0);
#14097=VECTOR('',#14100,1.0);
#14098=DIRECTION('',(0.9946042453491594,0.024424013090786435,-0.1008259030109353));
#14099=DIRECTION('',(0,-0.23543479813412627,0.9718901459668903));
#14100=DIRECTION('',(-0.969663889778202,0.05755062064992717,-0.23757076192792612));
#14101=STYLED_ITEM('',(#25),#14102);
#14102=FACE_SURFACE('',(#14107),#14103,.T.);
#14103=PLANE('',#14104);
#14104=AXIS2_PLACEMENT_3D('',#53,#14105,#14106);
#14105=DIRECTION('',(0,-0.9718897060679824,-0.23543661405798963));
#14106=DIRECTION('',(0.969663889778202,-0.05755062064992717,0.23757076192792612));
#14107=FACE_BOUND('',#14108,.T.);
#14108=EDGE_LOOP('',(#14109,#14110,#14111));
#14109=ORIENTED_EDGE('',*,*,#14112,.T.);
#14110=ORIENTED_EDGE('',*,*,#14113,.T.);
#14111=ORIENTED_EDGE('',*,*,#14114,.T.);
#14112=EDGE_CURVE('',#54,#68,#14115,.F.);
#14113=EDGE_CURVE('',#68,#50,#14116,.T.);
#14114=EDGE_CURVE('',#50,#54,#14117,.T.);
#14115=LINE('',#53,#14118);
#14116=LINE('',#67,#14119);
#14117=LINE('',#49,#14120);
#14118=VECTOR('',#14121,1.0);
#14119=VECTOR('',#14122,1.0);
#14120=VECTOR('',#14123,1.0);
#14121=DIRECTION('',(0.969663889778202,-0.05755062064992717,0.23757076192792612));
#14122=DIRECTION('',(-1,0,0));
#14123=DIRECTION('',(0,0.23543661405798963,-0.9718897060679824));
#14124=STYLED_ITEM('',(#25),#14125);
#14125=FACE_SURFACE('',(#14130),#14126,.T.);
#14126=PLANE('',#14127);
#14127=AXIS2_PLACEMENT_3D('',#709,#14128,#14129);
#14128=DIRECTION('',(-1,0,0));
#14129=DIRECTION('',(0,-0.23543479813412627,0.9718901459668903));
#14130=FACE_BOUND('',#14131,.T.);
#14131=EDGE_LOOP('',(#14132,#14133,#14134));
#14132=ORIENTED_EDGE('',*,*,#14135,.T.);
#14133=ORIENTED_EDGE('',*,*,#14136,.T.);
#14134=ORIENTED_EDGE('',*,*,#14137,.T.);
#14135=EDGE_CURVE('',#710,#62,#14138,.F.);
#14136=EDGE_CURVE('',#62,#702,#14139,.T.);
#14137=EDGE_CURVE('',#702,#710,#14140,.T.);
#14138=LINE('',#709,#14141);
#14139=LINE('',#61,#14142);
#14140=LINE('',#701,#14143);
#14141=VECTOR('',#14144,1.0);
#14142=VECTOR('',#14145,1.0);
#14143=VECTOR('',#14146,1.0);
#14144=DIRECTION('',(0,-0.23543479813412627,0.9718901459668903));
#14145=DIRECTION('',(0,0.9990689954459896,-0.04314095894322852));
#14146=DIRECTION('',(0,-0.9718880422564681,-0.23544348221789851));
#14147=STYLED_ITEM('',(#25),#14148);
#14148=FACE_SURFACE('',(#14153),#14149,.T.);
#14149=PLANE('',#14150);
#14150=AXIS2_PLACEMENT_3D('',#701,#14151,#14152);
#14151=DIRECTION('',(-1,0,0));
#14152=DIRECTION('',(0,-0.9990689954459896,0.04314095894322852));
#14153=FACE_BOUND('',#14154,.T.);
#14154=EDGE_LOOP('',(#14155,#14156,#14157));
#14155=ORIENTED_EDGE('',*,*,#14158,.T.);
#14156=ORIENTED_EDGE('',*,*,#14159,.T.);
#14157=ORIENTED_EDGE('',*,*,#14160,.T.);
#14158=EDGE_CURVE('',#702,#62,#14161,.F.);
#14159=EDGE_CURVE('',#62,#704,#14162,.T.);
#14160=EDGE_CURVE('',#704,#702,#14163,.T.);
#14161=LINE('',#701,#14164);
#14162=LINE('',#61,#14165);
#14163=LINE('',#703,#14166);
#14164=VECTOR('',#14167,1.0);
#14165=VECTOR('',#14168,1.0);
#14166=VECTOR('',#14169,1.0);
#14167=DIRECTION('',(0,-0.9990689954459896,0.04314095894322852));
#14168=DIRECTION('',(0,0.9999305520162871,-0.011785208712767933));
#14169=DIRECTION('',(0,-0.8938572620508235,-0.44835164221736196));
#14170=STYLED_ITEM('',(#25),#14171);
#14171=FACE_SURFACE('',(#14176),#14172,.T.);
#14172=PLANE('',#14173);
#14173=AXIS2_PLACEMENT_3D('',#703,#14174,#14175);
#14174=DIRECTION('',(-1,0,0));
#14175=DIRECTION('',(0,-0.9999305520162871,0.011785208712767933));
#14176=FACE_BOUND('',#14177,.T.);
#14177=EDGE_LOOP('',(#14178,#14179,#14180));
#14178=ORIENTED_EDGE('',*,*,#14181,.T.);
#14179=ORIENTED_EDGE('',*,*,#14182,.T.);
#14180=ORIENTED_EDGE('',*,*,#14183,.T.);
#14181=EDGE_CURVE('',#704,#62,#14184,.F.);
#14182=EDGE_CURVE('',#62,#706,#14185,.T.);
#14183=EDGE_CURVE('',#706,#704,#14186,.T.);
#14184=LINE('',#703,#14187);
#14185=LINE('',#61,#14188);
#14186=LINE('',#705,#14189);
#14187=VECTOR('',#14190,1.0);
#14188=VECTOR('',#14191,1.0);
#14189=VECTOR('',#14192,1.0);
#14190=DIRECTION('',(0,-0.9999305520162871,0.011785208712767933));
#14191=DIRECTION('',(0,0.9998421299892766,0.01776837354702435));
#14192=DIRECTION('',(0,-0.8804757354197904,-0.47409121415290895));
#14193=STYLED_ITEM('',(#25),#14194);
#14194=FACE_SURFACE('',(#14199),#14195,.T.);
#14195=PLANE('',#14196);
#14196=AXIS2_PLACEMENT_3D('',#705,#14197,#14198);
#14197=DIRECTION('',(-1,-0,0));
#14198=DIRECTION('',(0,-0.9998421299892766,-0.01776837354702435));
#14199=FACE_BOUND('',#14200,.T.);
#14200=EDGE_LOOP('',(#14201,#14202,#14203));
#14201=ORIENTED_EDGE('',*,*,#14204,.T.);
#14202=ORIENTED_EDGE('',*,*,#14205,.T.);
#14203=ORIENTED_EDGE('',*,*,#14206,.T.);
#14204=EDGE_CURVE('',#706,#62,#14207,.F.);
#14205=EDGE_CURVE('',#62,#708,#14208,.T.);
#14206=EDGE_CURVE('',#708,#706,#14209,.T.);
#14207=LINE('',#705,#14210);
#14208=LINE('',#61,#14211);
#14209=LINE('',#707,#14212);
#14210=VECTOR('',#14213,1.0);
#14211=VECTOR('',#14214,1.0);
#14212=VECTOR('',#14215,1.0);
#14213=DIRECTION('',(0,-0.9998421299892766,-0.01776837354702435));
#14214=DIRECTION('',(0,0.998953113951785,0.04574577713879177));
#14215=DIRECTION('',(0,-0.8666294822415439,-0.4989522427144243));
#14216=STYLED_ITEM('',(#25),#14217);
#14217=FACE_SURFACE('',(#14222),#14218,.T.);
#14218=PLANE('',#14219);
#14219=AXIS2_PLACEMENT_3D('',#707,#14220,#14221);
#14220=DIRECTION('',(-1,-0,0));
#14221=DIRECTION('',(0,-0.998953113951785,-0.04574577713879177));
#14222=FACE_BOUND('',#14223,.T.);
#14223=EDGE_LOOP('',(#14224,#14225,#14226));
#14224=ORIENTED_EDGE('',*,*,#14227,.T.);
#14225=ORIENTED_EDGE('',*,*,#14228,.T.);
#14226=ORIENTED_EDGE('',*,*,#14229,.T.);
#14227=EDGE_CURVE('',#708,#62,#14230,.F.);
#14228=EDGE_CURVE('',#62,#694,#14231,.T.);
#14229=EDGE_CURVE('',#694,#708,#14232,.T.);
#14230=LINE('',#707,#14233);
#14231=LINE('',#61,#14234);
#14232=LINE('',#693,#14235);
#14233=VECTOR('',#14236,1.0);
#14234=VECTOR('',#14237,1.0);
#14235=VECTOR('',#14238,1.0);
#14236=DIRECTION('',(0,-0.998953113951785,-0.04574577713879177));
#14237=DIRECTION('',(0,0.9973815876651995,0.07231852173852775));
#14238=DIRECTION('',(0,-0.8524503582828984,-0.5228081738681578));
#14239=STYLED_ITEM('',(#25),#14240);
#14240=FACE_SURFACE('',(#14245),#14241,.T.);
#14241=PLANE('',#14242);
#14242=AXIS2_PLACEMENT_3D('',#693,#14243,#14244);
#14243=DIRECTION('',(-1,-0,0));
#14244=DIRECTION('',(0,-0.9973815876651995,-0.07231852173852775));
#14245=FACE_BOUND('',#14246,.T.);
#14246=EDGE_LOOP('',(#14247,#14248,#14249));
#14247=ORIENTED_EDGE('',*,*,#14250,.T.);
#14248=ORIENTED_EDGE('',*,*,#14251,.T.);
#14249=ORIENTED_EDGE('',*,*,#14252,.T.);
#14250=EDGE_CURVE('',#694,#62,#14253,.F.);
#14251=EDGE_CURVE('',#62,#278,#14254,.T.);
#14252=EDGE_CURVE('',#278,#694,#14255,.T.);
#14253=LINE('',#693,#14256);
#14254=LINE('',#61,#14257);
#14255=LINE('',#277,#14258);
#14256=VECTOR('',#14259,1.0);
#14257=VECTOR('',#14260,1.0);
#14258=VECTOR('',#14261,1.0);
#14259=DIRECTION('',(0,-0.9973815876651995,-0.07231852173852775));
#14260=DIRECTION('',(0,-0.5467926411928611,0.8372680619355637));
#14261=DIRECTION('',(0,0.8042526690227005,-0.594287509855173));
#14262=STYLED_ITEM('',(#25),#14263);
#14263=FACE_SURFACE('',(#14268),#14264,.T.);
#14264=PLANE('',#14265);
#14265=AXIS2_PLACEMENT_3D('',#693,#14266,#14267);
#14266=DIRECTION('',(-1,0,0));
#14267=DIRECTION('',(0,-0.8042526690227005,0.594287509855173));
#14268=FACE_BOUND('',#14269,.T.);
#14269=EDGE_LOOP('',(#14270,#14271,#14272));
#14270=ORIENTED_EDGE('',*,*,#14273,.T.);
#14271=ORIENTED_EDGE('',*,*,#14274,.T.);
#14272=ORIENTED_EDGE('',*,*,#14275,.T.);
#14273=EDGE_CURVE('',#694,#278,#14276,.F.);
#14274=EDGE_CURVE('',#278,#626,#14277,.T.);
#14275=EDGE_CURVE('',#626,#694,#14278,.T.);
#14276=LINE('',#693,#14279);
#14277=LINE('',#277,#14280);
#14278=LINE('',#625,#14281);
#14279=VECTOR('',#14282,1.0);
#14280=VECTOR('',#14283,1.0);
#14281=VECTOR('',#14284,1.0);
#14282=DIRECTION('',(0,-0.8042526690227005,0.594287509855173));
#14283=DIRECTION('',(0,0.9603339437978853,-0.27885249934257367));
#14284=DIRECTION('',(0,-0.7189285150233007,-0.695084016710492));
#14285=STYLED_ITEM('',(#25),#14286);
#14286=FACE_SURFACE('',(#14291),#14287,.T.);
#14287=PLANE('',#14288);
#14288=AXIS2_PLACEMENT_3D('',#625,#14289,#14290);
#14289=DIRECTION('',(-1,0,0));
#14290=DIRECTION('',(0,-0.9603339437978853,0.27885249934257367));
#14291=FACE_BOUND('',#14292,.T.);
#14292=EDGE_LOOP('',(#14293,#14294,#14295));
#14293=ORIENTED_EDGE('',*,*,#14296,.T.);
#14294=ORIENTED_EDGE('',*,*,#14297,.T.);
#14295=ORIENTED_EDGE('',*,*,#14298,.T.);
#14296=EDGE_CURVE('',#626,#278,#14299,.F.);
#14297=EDGE_CURVE('',#278,#684,#14300,.T.);
#14298=EDGE_CURVE('',#684,#626,#14301,.T.);
#14299=LINE('',#625,#14302);
#14300=LINE('',#277,#14303);
#14301=LINE('',#683,#14304);
#14302=VECTOR('',#14305,1.0);
#14303=VECTOR('',#14306,1.0);
#14304=VECTOR('',#14307,1.0);
#14305=DIRECTION('',(0,-0.9603339437978853,0.27885249934257367));
#14306=DIRECTION('',(0,0.9671416643852293,-0.2542380793865633));
#14307=DIRECTION('',(0,-0.588409205589457,-0.8085632979412214));
#14308=STYLED_ITEM('',(#25),#14309);
#14309=FACE_SURFACE('',(#14314),#14310,.T.);
#14310=PLANE('',#14311);
#14311=AXIS2_PLACEMENT_3D('',#683,#14312,#14313);
#14312=DIRECTION('',(-1,0,0));
#14313=DIRECTION('',(0,-0.9671416643852293,0.2542380793865633));
#14314=FACE_BOUND('',#14315,.T.);
#14315=EDGE_LOOP('',(#14316,#14317,#14318));
#14316=ORIENTED_EDGE('',*,*,#14319,.T.);
#14317=ORIENTED_EDGE('',*,*,#14320,.T.);
#14318=ORIENTED_EDGE('',*,*,#14321,.T.);
#14319=EDGE_CURVE('',#684,#278,#14322,.F.);
#14320=EDGE_CURVE('',#278,#280,#14323,.T.);
#14321=EDGE_CURVE('',#280,#684,#14324,.T.);
#14322=LINE('',#683,#14325);
#14323=LINE('',#277,#14326);
#14324=LINE('',#279,#14327);
#14325=VECTOR('',#14328,1.0);
#14326=VECTOR('',#14329,1.0);
#14327=VECTOR('',#14330,1.0);
#14328=DIRECTION('',(0,-0.9671416643852293,0.2542380793865633));
#14329=DIRECTION('',(0,0.020137646689886952,0.9997972170324306));
#14330=DIRECTION('',(0,0.9618264766677929,-0.27366006062416104));
#14331=STYLED_ITEM('',(#25),#14332);
#14332=FACE_SURFACE('',(#14337),#14333,.T.);
#14333=PLANE('',#14334);
#14334=AXIS2_PLACEMENT_3D('',#683,#14335,#14336);
#14335=DIRECTION('',(-1,0,0));
#14336=DIRECTION('',(0,-0.9618264766677929,0.27366006062416104));
#14337=FACE_BOUND('',#14338,.T.);
#14338=EDGE_LOOP('',(#14339,#14340,#14341));
#14339=ORIENTED_EDGE('',*,*,#14342,.T.);
#14340=ORIENTED_EDGE('',*,*,#14343,.T.);
#14341=ORIENTED_EDGE('',*,*,#14344,.T.);
#14342=EDGE_CURVE('',#684,#280,#14345,.F.);
#14343=EDGE_CURVE('',#280,#282,#14346,.T.);
#14344=EDGE_CURVE('',#282,#684,#14347,.T.);
#14345=LINE('',#683,#14348);
#14346=LINE('',#279,#14349);
#14347=LINE('',#281,#14350);
#14348=VECTOR('',#14351,1.0);
#14349=VECTOR('',#14352,1.0);
#14350=VECTOR('',#14353,1.0);
#14351=DIRECTION('',(0,-0.9618264766677929,0.27366006062416104));
#14352=DIRECTION('',(0,0.060373235134717484,0.9981758725191509));
#14353=DIRECTION('',(0,0.956121128572641,-0.292971649647162));
#14354=STYLED_ITEM('',(#25),#14355);
#14355=FACE_SURFACE('',(#14360),#14356,.T.);
#14356=PLANE('',#14357);
#14357=AXIS2_PLACEMENT_3D('',#63,#14358,#14359);
#14358=DIRECTION('',(-1,0,0));
#14359=DIRECTION('',(0,0.22950254164650435,0.9733080619093806));
#14360=FACE_BOUND('',#14361,.T.);
#14361=EDGE_LOOP('',(#14362,#14363,#14364));
#14362=ORIENTED_EDGE('',*,*,#14365,.T.);
#14363=ORIENTED_EDGE('',*,*,#14366,.T.);
#14364=ORIENTED_EDGE('',*,*,#14367,.T.);
#14365=EDGE_CURVE('',#64,#712,#14368,.F.);
#14366=EDGE_CURVE('',#712,#62,#14369,.T.);
#14367=EDGE_CURVE('',#62,#64,#14370,.T.);
#14368=LINE('',#63,#14371);
#14369=LINE('',#711,#14372);
#14370=LINE('',#61,#14373);
#14371=VECTOR('',#14374,1.0);
#14372=VECTOR('',#14375,1.0);
#14373=VECTOR('',#14376,1.0);
#14374=DIRECTION('',(0,0.22950254164650435,0.9733080619093806));
#14375=DIRECTION('',(0,0.8857837988511139,-0.4640981164504865));
#14376=DIRECTION('',(0,-0.9733089406423667,0.22949881495474816));
#14377=STYLED_ITEM('',(#25),#14378);
#14378=FACE_SURFACE('',(#14383),#14379,.T.);
#14379=PLANE('',#14380);
#14380=AXIS2_PLACEMENT_3D('',#61,#14381,#14382);
#14381=DIRECTION('',(-1,0,0));
#14382=DIRECTION('',(0,-0.8857837988511139,0.4640981164504865));
#14383=FACE_BOUND('',#14384,.T.);
#14384=EDGE_LOOP('',(#14385,#14386,#14387));
#14385=ORIENTED_EDGE('',*,*,#14388,.T.);
#14386=ORIENTED_EDGE('',*,*,#14389,.T.);
#14387=ORIENTED_EDGE('',*,*,#14390,.T.);
#14388=EDGE_CURVE('',#62,#712,#14391,.F.);
#14389=EDGE_CURVE('',#712,#714,#14392,.T.);
#14390=EDGE_CURVE('',#714,#62,#14393,.T.);
#14391=LINE('',#61,#14394);
#14392=LINE('',#711,#14395);
#14393=LINE('',#713,#14396);
#14394=VECTOR('',#14397,1.0);
#14395=VECTOR('',#14398,1.0);
#14396=VECTOR('',#14399,1.0);
#14397=DIRECTION('',(0,-0.8857837988511139,0.4640981164504865));
#14398=DIRECTION('',(0,-0.31096190888173186,0.9504223751704447));
#14399=DIRECTION('',(0,0.6786031458742651,-0.7345051193896138));
#14400=STYLED_ITEM('',(#25),#14401);
#14401=FACE_SURFACE('',(#14406),#14402,.T.);
#14402=PLANE('',#14403);
#14403=AXIS2_PLACEMENT_3D('',#61,#14404,#14405);
#14404=DIRECTION('',(-1,0,0));
#14405=DIRECTION('',(0,-0.6786031458742651,0.7345051193896138));
#14406=FACE_BOUND('',#14407,.T.);
#14407=EDGE_LOOP('',(#14408,#14409,#14410));
#14408=ORIENTED_EDGE('',*,*,#14411,.T.);
#14409=ORIENTED_EDGE('',*,*,#14412,.T.);
#14410=ORIENTED_EDGE('',*,*,#14413,.T.);
#14411=EDGE_CURVE('',#62,#714,#14414,.F.);
#14412=EDGE_CURVE('',#714,#278,#14415,.T.);
#14413=EDGE_CURVE('',#278,#62,#14416,.T.);
#14414=LINE('',#61,#14417);
#14415=LINE('',#713,#14418);
#14416=LINE('',#277,#14419);
#14417=VECTOR('',#14420,1.0);
#14418=VECTOR('',#14421,1.0);
#14419=VECTOR('',#14422,1.0);
#14420=DIRECTION('',(0,-0.6786031458742651,0.7345051193896138));
#14421=DIRECTION('',(0,0,1));
#14422=DIRECTION('',(0,0.5467926411928611,-0.8372680619355637));
#14423=STYLED_ITEM('',(#25),#14424);
#14424=FACE_SURFACE('',(#14429),#14425,.T.);
#14425=PLANE('',#14426);
#14426=AXIS2_PLACEMENT_3D('',#281,#14427,#14428);
#14427=DIRECTION('',(-1,0,0));
#14428=DIRECTION('',(0,0.10051651144478188,0.9949353903279202));
#14429=FACE_BOUND('',#14430,.T.);
#14430=EDGE_LOOP('',(#14431,#14432,#14433));
#14431=ORIENTED_EDGE('',*,*,#14434,.T.);
#14432=ORIENTED_EDGE('',*,*,#14435,.T.);
#14433=ORIENTED_EDGE('',*,*,#14436,.T.);
#14434=EDGE_CURVE('',#282,#286,#14437,.F.);
#14435=EDGE_CURVE('',#286,#684,#14438,.T.);
#14436=EDGE_CURVE('',#684,#282,#14439,.T.);
#14437=LINE('',#281,#14440);
#14438=LINE('',#285,#14441);
#14439=LINE('',#683,#14442);
#14440=VECTOR('',#14443,1.0);
#14441=VECTOR('',#14444,1.0);
#14442=VECTOR('',#14445,1.0);
#14443=DIRECTION('',(0,0.10051651144478188,0.9949353903279202));
#14444=DIRECTION('',(0,0.9500281931480594,-0.31216411104390834));
#14445=DIRECTION('',(0,-0.956121128572641,0.292971649647162));
#14446=STYLED_ITEM('',(#25),#14447);
#14447=FACE_SURFACE('',(#14452),#14448,.T.);
#14448=PLANE('',#14449);
#14449=AXIS2_PLACEMENT_3D('',#683,#14450,#14451);
#14450=DIRECTION('',(-1,0,0));
#14451=DIRECTION('',(0,-0.9500281931480594,0.31216411104390834));
#14452=FACE_BOUND('',#14453,.T.);
#14453=EDGE_LOOP('',(#14454,#14455,#14456));
#14454=ORIENTED_EDGE('',*,*,#14457,.T.);
#14455=ORIENTED_EDGE('',*,*,#14458,.T.);
#14456=ORIENTED_EDGE('',*,*,#14459,.T.);
#14457=EDGE_CURVE('',#684,#286,#14460,.F.);
#14458=EDGE_CURVE('',#286,#290,#14461,.T.);
#14459=EDGE_CURVE('',#290,#684,#14462,.T.);
#14460=LINE('',#683,#14463);
#14461=LINE('',#285,#14464);
#14462=LINE('',#289,#14465);
#14463=VECTOR('',#14466,1.0);
#14464=VECTOR('',#14467,1.0);
#14465=VECTOR('',#14468,1.0);
#14466=DIRECTION('',(0,-0.9500281931480594,0.31216411104390834));
#14467=DIRECTION('',(0,0.1405063093475497,0.9900797831657461));
#14468=DIRECTION('',(0,0.943549988693125,-0.33123015991483007));
#14469=STYLED_ITEM('',(#25),#14470);
#14470=FACE_SURFACE('',(#14475),#14471,.T.);
#14471=PLANE('',#14472);
#14472=AXIS2_PLACEMENT_3D('',#683,#14473,#14474);
#14473=DIRECTION('',(-1,0,0));
#14474=DIRECTION('',(0,-0.943549988693125,0.33123015991483007));
#14475=FACE_BOUND('',#14476,.T.);
#14476=EDGE_LOOP('',(#14477,#14478,#14479));
#14477=ORIENTED_EDGE('',*,*,#14480,.T.);
#14478=ORIENTED_EDGE('',*,*,#14481,.T.);
#14479=ORIENTED_EDGE('',*,*,#14482,.T.);
#14480=EDGE_CURVE('',#684,#290,#14483,.F.);
#14481=EDGE_CURVE('',#290,#294,#14484,.T.);
#14482=EDGE_CURVE('',#294,#684,#14485,.T.);
#14483=LINE('',#683,#14486);
#14484=LINE('',#289,#14487);
#14485=LINE('',#293,#14488);
#14486=VECTOR('',#14489,1.0);
#14487=VECTOR('',#14490,1.0);
#14488=VECTOR('',#14491,1.0);
#14489=DIRECTION('',(0,-0.943549988693125,0.33123015991483007));
#14490=DIRECTION('',(0,0.18024722735729523,0.9836213382343876));
#14491=DIRECTION('',(0,0.9366890779986229,-0.3501622069242907));
#14492=STYLED_ITEM('',(#25),#14493);
#14493=FACE_SURFACE('',(#14498),#14494,.T.);
#14494=PLANE('',#14495);
#14495=AXIS2_PLACEMENT_3D('',#293,#14496,#14497);
#14496=DIRECTION('',(-1,0,0));
#14497=DIRECTION('',(0,0.21971953739395766,0.9755630809370479));
#14498=FACE_BOUND('',#14499,.T.);
#14499=EDGE_LOOP('',(#14500,#14501,#14502));
#14500=ORIENTED_EDGE('',*,*,#14503,.T.);
#14501=ORIENTED_EDGE('',*,*,#14504,.T.);
#14502=ORIENTED_EDGE('',*,*,#14505,.T.);
#14503=EDGE_CURVE('',#294,#298,#14506,.F.);
#14504=EDGE_CURVE('',#298,#684,#14507,.T.);
#14505=EDGE_CURVE('',#684,#294,#14508,.T.);
#14506=LINE('',#293,#14509);
#14507=LINE('',#297,#14510);
#14508=LINE('',#683,#14511);
#14509=VECTOR('',#14512,1.0);
#14510=VECTOR('',#14513,1.0);
#14511=VECTOR('',#14514,1.0);
#14512=DIRECTION('',(0,0.21971953739395766,0.9755630809370479));
#14513=DIRECTION('',(0,0.9294481287619224,-0.3689528099106452));
#14514=DIRECTION('',(0,-0.9366890779986229,0.3501622069242907));
#14515=STYLED_ITEM('',(#25),#14516);
#14516=FACE_SURFACE('',(#14521),#14517,.T.);
#14517=PLANE('',#14518);
#14518=AXIS2_PLACEMENT_3D('',#683,#14519,#14520);
#14519=DIRECTION('',(-1,0,0));
#14520=DIRECTION('',(0,-0.9294481287619224,0.3689528099106452));
#14521=FACE_BOUND('',#14522,.T.);
#14522=EDGE_LOOP('',(#14523,#14524,#14525));
#14523=ORIENTED_EDGE('',*,*,#14526,.T.);
#14524=ORIENTED_EDGE('',*,*,#14527,.T.);
#14525=ORIENTED_EDGE('',*,*,#14528,.T.);
#14526=EDGE_CURVE('',#684,#298,#14529,.F.);
#14527=EDGE_CURVE('',#298,#302,#14530,.T.);
#14528=EDGE_CURVE('',#302,#684,#14531,.T.);
#14529=LINE('',#683,#14532);
#14530=LINE('',#297,#14533);
#14531=LINE('',#301,#14534);
#14532=VECTOR('',#14535,1.0);
#14533=VECTOR('',#14536,1.0);
#14534=VECTOR('',#14537,1.0);
#14535=DIRECTION('',(0,-0.9294481287619224,0.3689528099106452));
#14536=DIRECTION('',(0,0.25881562630317306,0.965926742347108));
#14537=DIRECTION('',(0,0.9218307821193863,-0.3875925813752897));
#14538=STYLED_ITEM('',(#25),#14539);
#14539=FACE_SURFACE('',(#14544),#14540,.T.);
#14540=PLANE('',#14541);
#14541=AXIS2_PLACEMENT_3D('',#683,#14542,#14543);
#14542=DIRECTION('',(-1,0,0));
#14543=DIRECTION('',(0,-0.9218307821193863,0.3875925813752897));
#14544=FACE_BOUND('',#14545,.T.);
#14545=EDGE_LOOP('',(#14546,#14547,#14548));
#14546=ORIENTED_EDGE('',*,*,#14549,.T.);
#14547=ORIENTED_EDGE('',*,*,#14550,.T.);
#14548=ORIENTED_EDGE('',*,*,#14551,.T.);
#14549=EDGE_CURVE('',#684,#302,#14552,.F.);
#14550=EDGE_CURVE('',#302,#306,#14553,.T.);
#14551=EDGE_CURVE('',#306,#684,#14554,.T.);
#14552=LINE('',#683,#14555);
#14553=LINE('',#301,#14556);
#14554=LINE('',#305,#14557);
#14555=VECTOR('',#14558,1.0);
#14556=VECTOR('',#14559,1.0);
#14557=VECTOR('',#14560,1.0);
#14558=DIRECTION('',(0,-0.9218307821193863,0.3875925813752897));
#14559=DIRECTION('',(0,0.29749830276867073,0.9547223469940149));
#14560=DIRECTION('',(0,0.9138391057928377,-0.4060764567464445));
#14561=STYLED_ITEM('',(#25),#14562);
#14562=FACE_SURFACE('',(#14567),#14563,.T.);
#14563=PLANE('',#14564);
#14564=AXIS2_PLACEMENT_3D('',#305,#14565,#14566);
#14565=DIRECTION('',(-1,0,0));
#14566=DIRECTION('',(0,0.33570508625329315,0.9419671411804496));
#14567=FACE_BOUND('',#14568,.T.);
#14568=EDGE_LOOP('',(#14569,#14570,#14571));
#14569=ORIENTED_EDGE('',*,*,#14572,.T.);
#14570=ORIENTED_EDGE('',*,*,#14573,.T.);
#14571=ORIENTED_EDGE('',*,*,#14574,.T.);
#14572=EDGE_CURVE('',#306,#310,#14575,.F.);
#14573=EDGE_CURVE('',#310,#684,#14576,.T.);
#14574=EDGE_CURVE('',#684,#306,#14577,.T.);
#14575=LINE('',#305,#14578);
#14576=LINE('',#309,#14579);
#14577=LINE('',#683,#14580);
#14578=VECTOR('',#14581,1.0);
#14579=VECTOR('',#14582,1.0);
#14580=VECTOR('',#14583,1.0);
#14581=DIRECTION('',(0,0.33570508625329315,0.9419671411804496));
#14582=DIRECTION('',(0,0.9054772980928507,-0.4243947014731341));
#14583=DIRECTION('',(0,-0.9138391057928377,0.4060764567464445));
#14584=STYLED_ITEM('',(#25),#14585);
#14585=FACE_SURFACE('',(#14590),#14586,.T.);
#14586=PLANE('',#14587);
#14587=AXIS2_PLACEMENT_3D('',#683,#14588,#14589);
#14588=DIRECTION('',(-1,0,0));
#14589=DIRECTION('',(0,-0.9054772980928507,0.4243947014731341));
#14590=FACE_BOUND('',#14591,.T.);
#14591=EDGE_LOOP('',(#14592,#14593,#14594));
#14592=ORIENTED_EDGE('',*,*,#14595,.T.);
#14593=ORIENTED_EDGE('',*,*,#14596,.T.);
#14594=ORIENTED_EDGE('',*,*,#14597,.T.);
#14595=EDGE_CURVE('',#684,#310,#14598,.F.);
#14596=EDGE_CURVE('',#310,#314,#14599,.T.);
#14597=EDGE_CURVE('',#314,#684,#14600,.T.);
#14598=LINE('',#683,#14601);
#14599=LINE('',#309,#14602);
#14600=LINE('',#313,#14603);
#14601=VECTOR('',#14604,1.0);
#14602=VECTOR('',#14605,1.0);
#14603=VECTOR('',#14606,1.0);
#14604=DIRECTION('',(0,-0.9054772980928507,0.4243947014731341));
#14605=DIRECTION('',(0,0.3733790064096771,0.9276788871007696));
#14606=DIRECTION('',(0,0.8967486446820685,-0.44254024479235043));
#14607=STYLED_ITEM('',(#25),#14608);
#14608=FACE_SURFACE('',(#14613),#14609,.T.);
#14609=PLANE('',#14610);
#14610=AXIS2_PLACEMENT_3D('',#683,#14611,#14612);
#14611=DIRECTION('',(-1,0,0));
#14612=DIRECTION('',(0,-0.8967486446820685,0.44254024479235043));
#14613=FACE_BOUND('',#14614,.T.);
#14614=EDGE_LOOP('',(#14615,#14616,#14617));
#14615=ORIENTED_EDGE('',*,*,#14618,.T.);
#14616=ORIENTED_EDGE('',*,*,#14619,.T.);
#14617=ORIENTED_EDGE('',*,*,#14620,.T.);
#14618=EDGE_CURVE('',#684,#314,#14621,.F.);
#14619=EDGE_CURVE('',#314,#318,#14622,.T.);
#14620=EDGE_CURVE('',#318,#684,#14623,.T.);
#14621=LINE('',#683,#14624);
#14622=LINE('',#313,#14625);
#14623=LINE('',#317,#14626);
#14624=VECTOR('',#14627,1.0);
#14625=VECTOR('',#14628,1.0);
#14626=VECTOR('',#14629,1.0);
#14627=DIRECTION('',(0,-0.8967486446820685,0.44254024479235043));
#14628=DIRECTION('',(0,0.4103961828126603,0.911907327052918));
#14629=DIRECTION('',(0,0.8876555533245931,-0.46050800063843655));
#14630=STYLED_ITEM('',(#25),#14631);
#14631=FACE_SURFACE('',(#14636),#14632,.T.);
#14632=PLANE('',#14633);
#14633=AXIS2_PLACEMENT_3D('',#317,#14634,#14635);
#14634=DIRECTION('',(-1,0,0));
#14635=DIRECTION('',(0,0.44681951132126013,0.894624124592351));
#14636=FACE_BOUND('',#14637,.T.);
#14637=EDGE_LOOP('',(#14638,#14639,#14640));
#14638=ORIENTED_EDGE('',*,*,#14641,.T.);
#14639=ORIENTED_EDGE('',*,*,#14642,.T.);
#14640=ORIENTED_EDGE('',*,*,#14643,.T.);
#14641=EDGE_CURVE('',#318,#322,#14644,.F.);
#14642=EDGE_CURVE('',#322,#684,#14645,.T.);
#14643=EDGE_CURVE('',#684,#318,#14646,.T.);
#14644=LINE('',#317,#14647);
#14645=LINE('',#321,#14648);
#14646=LINE('',#683,#14649);
#14647=VECTOR('',#14650,1.0);
#14648=VECTOR('',#14651,1.0);
#14649=VECTOR('',#14652,1.0);
#14650=DIRECTION('',(0,0.44681951132126013,0.894624124592351));
#14651=DIRECTION('',(0,0.878203217463108,-0.4782876841791403));
#14652=DIRECTION('',(0,-0.8876555533245931,0.46050800063843655));
#14653=STYLED_ITEM('',(#25),#14654);
#14654=FACE_SURFACE('',(#14659),#14655,.T.);
#14655=PLANE('',#14656);
#14656=AXIS2_PLACEMENT_3D('',#683,#14657,#14658);
#14657=DIRECTION('',(-1,0,0));
#14658=DIRECTION('',(0,-0.878203217463108,0.4782876841791403));
#14659=FACE_BOUND('',#14660,.T.);
#14660=EDGE_LOOP('',(#14661,#14662,#14663));
#14661=ORIENTED_EDGE('',*,*,#14664,.T.);
#14662=ORIENTED_EDGE('',*,*,#14665,.T.);
#14663=ORIENTED_EDGE('',*,*,#14666,.T.);
#14664=EDGE_CURVE('',#684,#322,#14667,.F.);
#14665=EDGE_CURVE('',#322,#614,#14668,.T.);
#14666=EDGE_CURVE('',#614,#684,#14669,.T.);
#14667=LINE('',#683,#14670);
#14668=LINE('',#321,#14671);
#14669=LINE('',#613,#14672);
#14670=VECTOR('',#14673,1.0);
#14671=VECTOR('',#14674,1.0);
#14672=VECTOR('',#14675,1.0);
#14673=DIRECTION('',(0,-0.878203217463108,0.4782876841791403));
#14674=DIRECTION('',(0,0.8904172075822171,-0.4551452476314422));
#14675=DIRECTION('',(0,-0.5731056083598224,-0.819481520027461));
#14676=STYLED_ITEM('',(#25),#14677);
#14677=FACE_SURFACE('',(#14682),#14678,.T.);
#14678=PLANE('',#14679);
#14679=AXIS2_PLACEMENT_3D('',#613,#14680,#14681);
#14680=DIRECTION('',(-1,0,0));
#14681=DIRECTION('',(0,-0.8904172075822171,0.4551452476314422));
#14682=FACE_BOUND('',#14683,.T.);
#14683=EDGE_LOOP('',(#14684,#14685,#14686));
#14684=ORIENTED_EDGE('',*,*,#14687,.T.);
#14685=ORIENTED_EDGE('',*,*,#14688,.T.);
#14686=ORIENTED_EDGE('',*,*,#14689,.T.);
#14687=EDGE_CURVE('',#614,#322,#14690,.F.);
#14688=EDGE_CURVE('',#322,#612,#14691,.T.);
#14689=EDGE_CURVE('',#612,#614,#14692,.T.);
#14690=LINE('',#613,#14693);
#14691=LINE('',#321,#14694);
#14692=LINE('',#611,#14695);
#14693=VECTOR('',#14696,1.0);
#14694=VECTOR('',#14697,1.0);
#14695=VECTOR('',#14698,1.0);
#14696=DIRECTION('',(0,-0.8904172075822171,0.4551452476314422));
#14697=DIRECTION('',(0,0.9020290709135331,-0.43167528910845515));
#14698=DIRECTION('',(0,-0.5583718048539423,-0.8295908193465926));
#14699=STYLED_ITEM('',(#25),#14700);
#14700=FACE_SURFACE('',(#14705),#14701,.T.);
#14701=PLANE('',#14702);
#14702=AXIS2_PLACEMENT_3D('',#611,#14703,#14704);
#14703=DIRECTION('',(-1,0,0));
#14704=DIRECTION('',(0,-0.9020290709135331,0.43167528910845515));
#14705=FACE_BOUND('',#14706,.T.);
#14706=EDGE_LOOP('',(#14707,#14708,#14709));
#14707=ORIENTED_EDGE('',*,*,#14710,.T.);
#14708=ORIENTED_EDGE('',*,*,#14711,.T.);
#14709=ORIENTED_EDGE('',*,*,#14712,.T.);
#14710=EDGE_CURVE('',#612,#322,#14713,.F.);
#14711=EDGE_CURVE('',#322,#326,#14714,.T.);
#14712=EDGE_CURVE('',#326,#612,#14715,.T.);
#14713=LINE('',#611,#14716);
#14714=LINE('',#321,#14717);
#14715=LINE('',#325,#14718);
#14716=VECTOR('',#14719,1.0);
#14717=VECTOR('',#14720,1.0);
#14718=VECTOR('',#14721,1.0);
#14719=DIRECTION('',(0,-0.9020290709135331,0.43167528910845515));
#14720=DIRECTION('',(0,0.4824422343330263,0.8759277884230853));
#14721=DIRECTION('',(0,0.8932201529650524,-0.4496195706784665));
#14722=STYLED_ITEM('',(#25),#14723);
#14723=FACE_SURFACE('',(#14728),#14724,.T.);
#14724=PLANE('',#14725);
#14725=AXIS2_PLACEMENT_3D('',#611,#14726,#14727);
#14726=DIRECTION('',(-1,0,0));
#14727=DIRECTION('',(0,-0.8932201529650524,0.4496195706784665));
#14728=FACE_BOUND('',#14729,.T.);
#14729=EDGE_LOOP('',(#14730,#14731,#14732));
#14730=ORIENTED_EDGE('',*,*,#14733,.T.);
#14731=ORIENTED_EDGE('',*,*,#14734,.T.);
#14732=ORIENTED_EDGE('',*,*,#14735,.T.);
#14733=EDGE_CURVE('',#612,#326,#14736,.F.);
#14734=EDGE_CURVE('',#326,#330,#14737,.T.);
#14735=EDGE_CURVE('',#330,#612,#14738,.T.);
#14736=LINE('',#611,#14739);
#14737=LINE('',#325,#14740);
#14738=LINE('',#329,#14741);
#14739=VECTOR('',#14742,1.0);
#14740=VECTOR('',#14743,1.0);
#14741=VECTOR('',#14744,1.0);
#14742=DIRECTION('',(0,-0.8932201529650524,0.4496195706784665));
#14743=DIRECTION('',(0,0.5173596526008748,0.8557680701339014));
#14744=DIRECTION('',(0,0.8840552739932017,-0.46738236223118756));
#14745=STYLED_ITEM('',(#25),#14746);
#14746=FACE_SURFACE('',(#14751),#14747,.T.);
#14747=PLANE('',#14748);
#14748=AXIS2_PLACEMENT_3D('',#329,#14749,#14750);
#14749=DIRECTION('',(-1,0,0));
#14750=DIRECTION('',(0,0.5513646386610103,0.8342643677121862));
#14751=FACE_BOUND('',#14752,.T.);
#14752=EDGE_LOOP('',(#14753,#14754,#14755));
#14753=ORIENTED_EDGE('',*,*,#14756,.T.);
#14754=ORIENTED_EDGE('',*,*,#14757,.T.);
#14755=ORIENTED_EDGE('',*,*,#14758,.T.);
#14756=EDGE_CURVE('',#330,#334,#14759,.F.);
#14757=EDGE_CURVE('',#334,#612,#14760,.T.);
#14758=EDGE_CURVE('',#612,#330,#14761,.T.);
#14759=LINE('',#329,#14762);
#14760=LINE('',#333,#14763);
#14761=LINE('',#611,#14764);
#14762=VECTOR('',#14765,1.0);
#14763=VECTOR('',#14766,1.0);
#14764=VECTOR('',#14767,1.0);
#14765=DIRECTION('',(0,0.5513646386610103,0.8342643677121862));
#14766=DIRECTION('',(0,0.8745367217075126,-0.48495929972016916));
#14767=DIRECTION('',(0,-0.8840552739932017,0.46738236223118756));
#14768=STYLED_ITEM('',(#25),#14769);
#14769=FACE_SURFACE('',(#14774),#14770,.T.);
#14770=PLANE('',#14771);
#14771=AXIS2_PLACEMENT_3D('',#611,#14772,#14773);
#14772=DIRECTION('',(-1,0,0));
#14773=DIRECTION('',(0,-0.8745367217075126,0.48495929972016916));
#14774=FACE_BOUND('',#14775,.T.);
#14775=EDGE_LOOP('',(#14776,#14777,#14778));
#14776=ORIENTED_EDGE('',*,*,#14779,.T.);
#14777=ORIENTED_EDGE('',*,*,#14780,.T.);
#14778=ORIENTED_EDGE('',*,*,#14781,.T.);
#14779=EDGE_CURVE('',#612,#334,#14782,.F.);
#14780=EDGE_CURVE('',#334,#338,#14783,.T.);
#14781=EDGE_CURVE('',#338,#612,#14784,.T.);
#14782=LINE('',#611,#14785);
#14783=LINE('',#333,#14786);
#14784=LINE('',#337,#14787);
#14785=VECTOR('',#14788,1.0);
#14786=VECTOR('',#14789,1.0);
#14787=VECTOR('',#14790,1.0);
#14788=DIRECTION('',(0,-0.8745367217075126,0.48495929972016916));
#14789=DIRECTION('',(0,0.5845162967215384,0.8113819685369761));
#14790=DIRECTION('',(0,0.8646690637408665,-0.5023419255940055));
#14791=STYLED_ITEM('',(#25),#14792);
#14792=FACE_SURFACE('',(#14797),#14793,.T.);
#14793=PLANE('',#14794);
#14794=AXIS2_PLACEMENT_3D('',#611,#14795,#14796);
#14795=DIRECTION('',(-1,0,0));
#14796=DIRECTION('',(0,-0.8646690637408665,0.5023419255940055));
#14797=FACE_BOUND('',#14798,.T.);
#14798=EDGE_LOOP('',(#14799,#14800,#14801));
#14799=ORIENTED_EDGE('',*,*,#14802,.T.);
#14800=ORIENTED_EDGE('',*,*,#14803,.T.);
#14801=ORIENTED_EDGE('',*,*,#14804,.T.);
#14802=EDGE_CURVE('',#612,#338,#14805,.F.);
#14803=EDGE_CURVE('',#338,#342,#14806,.T.);
#14804=EDGE_CURVE('',#342,#612,#14807,.T.);
#14805=LINE('',#611,#14808);
#14806=LINE('',#337,#14809);
#14807=LINE('',#341,#14810);
#14808=VECTOR('',#14811,1.0);
#14809=VECTOR('',#14812,1.0);
#14810=VECTOR('',#14813,1.0);
#14811=DIRECTION('',(0,-0.8646690637408665,0.5023419255940055));
#14812=DIRECTION('',(0,0.6167316320363128,0.7871734840845606));
#14813=DIRECTION('',(0,0.8544568628959172,-0.5195223474019841));
#14814=STYLED_ITEM('',(#25),#14815);
#14815=FACE_SURFACE('',(#14820),#14816,.T.);
#14816=PLANE('',#14817);
#14817=AXIS2_PLACEMENT_3D('',#341,#14818,#14819);
#14818=DIRECTION('',(-1,0,0));
#14819=DIRECTION('',(0,0.6478991222486277,0.7617261498658543));
#14820=FACE_BOUND('',#14821,.T.);
#14821=EDGE_LOOP('',(#14822,#14823,#14824));
#14822=ORIENTED_EDGE('',*,*,#14825,.T.);
#14823=ORIENTED_EDGE('',*,*,#14826,.T.);
#14824=ORIENTED_EDGE('',*,*,#14827,.T.);
#14825=EDGE_CURVE('',#342,#346,#14828,.F.);
#14826=EDGE_CURVE('',#346,#612,#14829,.T.);
#14827=EDGE_CURVE('',#612,#342,#14830,.T.);
#14828=LINE('',#341,#14831);
#14829=LINE('',#345,#14832);
#14830=LINE('',#611,#14833);
#14831=VECTOR('',#14834,1.0);
#14832=VECTOR('',#14835,1.0);
#14833=VECTOR('',#14836,1.0);
#14834=DIRECTION('',(0,0.6478991222486277,0.7617261498658543));
#14835=DIRECTION('',(0,0.8439028674353566,-0.5364959928409373));
#14836=DIRECTION('',(0,-0.8544568628959172,0.5195223474019841));
#14837=STYLED_ITEM('',(#25),#14838);
#14838=FACE_SURFACE('',(#14843),#14839,.T.);
#14839=PLANE('',#14840);
#14840=AXIS2_PLACEMENT_3D('',#611,#14841,#14842);
#14841=DIRECTION('',(-1,0,0));
#14842=DIRECTION('',(0,-0.8439028674353566,0.5364959928409373));
#14843=FACE_BOUND('',#14844,.T.);
#14844=EDGE_LOOP('',(#14845,#14846,#14847));
#14845=ORIENTED_EDGE('',*,*,#14848,.T.);
#14846=ORIENTED_EDGE('',*,*,#14849,.T.);
#14847=ORIENTED_EDGE('',*,*,#14850,.T.);
#14848=EDGE_CURVE('',#612,#346,#14851,.F.);
#14849=EDGE_CURVE('',#346,#350,#14852,.T.);
#14850=EDGE_CURVE('',#350,#612,#14853,.T.);
#14851=LINE('',#611,#14854);
#14852=LINE('',#345,#14855);
#14853=LINE('',#349,#14856);
#14854=VECTOR('',#14857,1.0);
#14855=VECTOR('',#14858,1.0);
#14856=VECTOR('',#14859,1.0);
#14857=DIRECTION('',(0,-0.8439028674353566,0.5364959928409373));
#14858=DIRECTION('',(0,0.6780511115359318,0.7350147550525006));
#14859=DIRECTION('',(0,0.8330128295955405,-0.553253672133526));
#14860=STYLED_ITEM('',(#25),#14861);
#14861=FACE_SURFACE('',(#14866),#14862,.T.);
#14862=PLANE('',#14863);
#14863=AXIS2_PLACEMENT_3D('',#611,#14864,#14865);
#14864=DIRECTION('',(-1,0,0));
#14865=DIRECTION('',(0,-0.8330128295955405,0.553253672133526));
#14866=FACE_BOUND('',#14867,.T.);
#14867=EDGE_LOOP('',(#14868,#14869,#14870));
#14868=ORIENTED_EDGE('',*,*,#14871,.T.);
#14869=ORIENTED_EDGE('',*,*,#14872,.T.);
#14870=ORIENTED_EDGE('',*,*,#14873,.T.);
#14871=EDGE_CURVE('',#612,#350,#14874,.F.);
#14872=EDGE_CURVE('',#350,#354,#14875,.T.);
#14873=EDGE_CURVE('',#354,#612,#14876,.T.);
#14874=LINE('',#611,#14877);
#14875=LINE('',#349,#14878);
#14876=LINE('',#353,#14879);
#14877=VECTOR('',#14880,1.0);
#14878=VECTOR('',#14881,1.0);
#14879=VECTOR('',#14882,1.0);
#14880=DIRECTION('',(0,-0.8330128295955405,0.553253672133526));
#14881=DIRECTION('',(0,0.7071351971182442,0.7070783641128767));
#14882=DIRECTION('',(0,0.8217912143797972,-0.5697887327494098));
#14883=STYLED_ITEM('',(#25),#14884);
#14884=FACE_SURFACE('',(#14889),#14885,.T.);
#14885=PLANE('',#14886);
#14886=AXIS2_PLACEMENT_3D('',#353,#14887,#14888);
#14887=DIRECTION('',(-1,0,0));
#14888=DIRECTION('',(0,0.7349864321881057,0.6780818125413771));
#14889=FACE_BOUND('',#14890,.T.);
#14890=EDGE_LOOP('',(#14891,#14892,#14893));
#14891=ORIENTED_EDGE('',*,*,#14894,.T.);
#14892=ORIENTED_EDGE('',*,*,#14895,.T.);
#14893=ORIENTED_EDGE('',*,*,#14896,.T.);
#14894=EDGE_CURVE('',#354,#358,#14897,.F.);
#14895=EDGE_CURVE('',#358,#612,#14898,.T.);
#14896=EDGE_CURVE('',#612,#354,#14899,.T.);
#14897=LINE('',#353,#14900);
#14898=LINE('',#357,#14901);
#14899=LINE('',#611,#14902);
#14900=VECTOR('',#14903,1.0);
#14901=VECTOR('',#14904,1.0);
#14902=VECTOR('',#14905,1.0);
#14903=DIRECTION('',(0,0.7349864321881057,0.6780818125413771));
#14904=DIRECTION('',(0,0.8102411430535783,-0.5860966559393005));
#14905=DIRECTION('',(0,-0.8217912143797972,0.5697887327494098));
#14906=STYLED_ITEM('',(#25),#14907);
#14907=FACE_SURFACE('',(#14912),#14908,.T.);
#14908=PLANE('',#14909);
#14909=AXIS2_PLACEMENT_3D('',#611,#14910,#14911);
#14910=DIRECTION('',(-1,0,0));
#14911=DIRECTION('',(0,-0.8102411430535783,0.5860966559393005));
#14912=FACE_BOUND('',#14913,.T.);
#14913=EDGE_LOOP('',(#14914,#14915,#14916));
#14914=ORIENTED_EDGE('',*,*,#14917,.T.);
#14915=ORIENTED_EDGE('',*,*,#14918,.T.);
#14916=ORIENTED_EDGE('',*,*,#14919,.T.);
#14917=EDGE_CURVE('',#612,#358,#14920,.F.);
#14918=EDGE_CURVE('',#358,#362,#14921,.T.);
#14919=EDGE_CURVE('',#362,#612,#14922,.T.);
#14920=LINE('',#611,#14923);
#14921=LINE('',#357,#14924);
#14922=LINE('',#361,#14925);
#14923=VECTOR('',#14926,1.0);
#14924=VECTOR('',#14927,1.0);
#14925=VECTOR('',#14928,1.0);
#14926=DIRECTION('',(0,-0.8102411430535783,0.5860966559393005));
#14927=DIRECTION('',(0,0.7617303411815367,0.647894194543723));
#14928=DIRECTION('',(0,0.7983693296158998,-0.602168094080597));
#14929=STYLED_ITEM('',(#25),#14930);
#14930=FACE_SURFACE('',(#14935),#14931,.T.);
#14931=PLANE('',#14932);
#14932=AXIS2_PLACEMENT_3D('',#611,#14933,#14934);
#14933=DIRECTION('',(-1,0,0));
#14934=DIRECTION('',(0,-0.7983693296158998,0.602168094080597));
#14935=FACE_BOUND('',#14936,.T.);
#14936=EDGE_LOOP('',(#14937,#14938,#14939));
#14937=ORIENTED_EDGE('',*,*,#14940,.T.);
#14938=ORIENTED_EDGE('',*,*,#14941,.T.);
#14939=ORIENTED_EDGE('',*,*,#14942,.T.);
#14940=EDGE_CURVE('',#612,#362,#14943,.F.);
#14941=EDGE_CURVE('',#362,#366,#14944,.T.);
#14942=EDGE_CURVE('',#366,#612,#14945,.T.);
#14943=LINE('',#611,#14946);
#14944=LINE('',#361,#14947);
#14945=LINE('',#365,#14948);
#14946=VECTOR('',#14949,1.0);
#14947=VECTOR('',#14950,1.0);
#14948=VECTOR('',#14951,1.0);
#14949=DIRECTION('',(0,-0.7983693296158998,0.602168094080597));
#14950=DIRECTION('',(0,0.7871786980880799,0.6167249770167862));
#14951=DIRECTION('',(0,0.7861791297270138,-0.6179986860679197));
#14952=STYLED_ITEM('',(#25),#14953);
#14953=FACE_SURFACE('',(#14958),#14954,.T.);
#14954=PLANE('',#14955);
#14955=AXIS2_PLACEMENT_3D('',#365,#14956,#14957);
#14956=DIRECTION('',(-1,0,0));
#14957=DIRECTION('',(0,0.8113754962128311,0.5845252810147583));
#14958=FACE_BOUND('',#14959,.T.);
#14959=EDGE_LOOP('',(#14960,#14961,#14962));
#14960=ORIENTED_EDGE('',*,*,#14963,.T.);
#14961=ORIENTED_EDGE('',*,*,#14964,.T.);
#14962=ORIENTED_EDGE('',*,*,#14965,.T.);
#14963=EDGE_CURVE('',#366,#370,#14966,.F.);
#14964=EDGE_CURVE('',#370,#612,#14967,.T.);
#14965=EDGE_CURVE('',#612,#366,#14968,.T.);
#14966=LINE('',#365,#14969);
#14967=LINE('',#369,#14970);
#14968=LINE('',#611,#14971);
#14969=VECTOR('',#14972,1.0);
#14970=VECTOR('',#14973,1.0);
#14971=VECTOR('',#14974,1.0);
#14972=DIRECTION('',(0,0.8113754962128311,0.5845252810147583));
#14973=DIRECTION('',(0,0.7736762559746272,-0.6335811320905029));
#14974=DIRECTION('',(0,-0.7861791297270138,0.6179986860679197));
#14975=STYLED_ITEM('',(#25),#14976);
#14976=FACE_SURFACE('',(#14981),#14977,.T.);
#14977=PLANE('',#14978);
#14978=AXIS2_PLACEMENT_3D('',#611,#14979,#14980);
#14979=DIRECTION('',(-1,0,0));
#14980=DIRECTION('',(0,-0.7736762559746272,0.6335811320905029));
#14981=FACE_BOUND('',#14982,.T.);
#14982=EDGE_LOOP('',(#14983,#14984,#14985));
#14983=ORIENTED_EDGE('',*,*,#14986,.T.);
#14984=ORIENTED_EDGE('',*,*,#14987,.T.);
#14985=ORIENTED_EDGE('',*,*,#14988,.T.);
#14986=EDGE_CURVE('',#612,#370,#14989,.F.);
#14987=EDGE_CURVE('',#370,#372,#14990,.T.);
#14988=EDGE_CURVE('',#372,#612,#14991,.T.);
#14989=LINE('',#611,#14992);
#14990=LINE('',#369,#14993);
#14991=LINE('',#371,#14994);
#14992=VECTOR('',#14995,1.0);
#14993=VECTOR('',#14996,1.0);
#14994=VECTOR('',#14997,1.0);
#14995=DIRECTION('',(0,-0.7736762559746272,0.6335811320905029));
#14996=DIRECTION('',(0,0.8342411810082626,0.5513997206291812));
#14997=DIRECTION('',(0,0.7608654093276124,-0.6489097232194357));
#14998=STYLED_ITEM('',(#25),#14999);
#14999=FACE_SURFACE('',(#15004),#15000,.T.);
#15000=PLANE('',#15001);
#15001=AXIS2_PLACEMENT_3D('',#611,#15002,#15003);
#15002=DIRECTION('',(-1,0,0));
#15003=DIRECTION('',(0,-0.7608654093276124,0.6489097232194357));
#15004=FACE_BOUND('',#15005,.T.);
#15005=EDGE_LOOP('',(#15006,#15007,#15008));
#15006=ORIENTED_EDGE('',*,*,#15009,.T.);
#15007=ORIENTED_EDGE('',*,*,#15010,.T.);
#15008=ORIENTED_EDGE('',*,*,#15011,.T.);
#15009=EDGE_CURVE('',#612,#372,#15012,.F.);
#15010=EDGE_CURVE('',#372,#374,#15013,.T.);
#15011=EDGE_CURVE('',#374,#612,#15014,.T.);
#15012=LINE('',#611,#15015);
#15013=LINE('',#371,#15016);
#15014=LINE('',#373,#15017);
#15015=VECTOR('',#15018,1.0);
#15016=VECTOR('',#15019,1.0);
#15017=VECTOR('',#15020,1.0);
#15018=DIRECTION('',(0,-0.7608654093276124,0.6489097232194357));
#15019=DIRECTION('',(0,0.8557916681208877,0.517320617001554));
#15020=DIRECTION('',(0,0.7477529256660903,-0.6639770795425114));
#15021=STYLED_ITEM('',(#25),#15022);
#15022=FACE_SURFACE('',(#15027),#15023,.T.);
#15023=PLANE('',#15024);
#15024=AXIS2_PLACEMENT_3D('',#373,#15025,#15026);
#15025=DIRECTION('',(-1,0,0));
#15026=DIRECTION('',(0,0.8759189699634027,0.48245824488576367));
#15027=FACE_BOUND('',#15028,.T.);
#15028=EDGE_LOOP('',(#15029,#15030,#15031));
#15029=ORIENTED_EDGE('',*,*,#15032,.T.);
#15030=ORIENTED_EDGE('',*,*,#15033,.T.);
#15031=ORIENTED_EDGE('',*,*,#15034,.T.);
#15032=EDGE_CURVE('',#374,#376,#15035,.F.);
#15033=EDGE_CURVE('',#376,#612,#15036,.T.);
#15034=EDGE_CURVE('',#612,#374,#15037,.T.);
#15035=LINE('',#373,#15038);
#15036=LINE('',#375,#15039);
#15037=LINE('',#611,#15040);
#15038=VECTOR('',#15041,1.0);
#15039=VECTOR('',#15042,1.0);
#15040=VECTOR('',#15043,1.0);
#15041=DIRECTION('',(0,0.8759189699634027,0.48245824488576367));
#15042=DIRECTION('',(0,0.7343433637385266,-0.6787781847799661));
#15043=DIRECTION('',(0,-0.7477529256660903,0.6639770795425114));
#15044=STYLED_ITEM('',(#25),#15045);
#15045=FACE_SURFACE('',(#15050),#15046,.T.);
#15046=PLANE('',#15047);
#15047=AXIS2_PLACEMENT_3D('',#611,#15048,#15049);
#15048=DIRECTION('',(-1,0,0));
#15049=DIRECTION('',(0,-0.7343433637385266,0.6787781847799661));
#15050=FACE_BOUND('',#15051,.T.);
#15051=EDGE_LOOP('',(#15052,#15053,#15054));
#15052=ORIENTED_EDGE('',*,*,#15055,.T.);
#15053=ORIENTED_EDGE('',*,*,#15056,.T.);
#15054=ORIENTED_EDGE('',*,*,#15057,.T.);
#15055=EDGE_CURVE('',#612,#376,#15058,.F.);
#15056=EDGE_CURVE('',#376,#378,#15059,.T.);
#15057=EDGE_CURVE('',#378,#612,#15060,.T.);
#15058=LINE('',#611,#15061);
#15059=LINE('',#375,#15062);
#15060=LINE('',#377,#15063);
#15061=VECTOR('',#15064,1.0);
#15062=VECTOR('',#15065,1.0);
#15063=VECTOR('',#15066,1.0);
#15064=DIRECTION('',(0,-0.7343433637385266,0.6787781847799661));
#15065=DIRECTION('',(0,0.8946468328034414,0.4467740419437674));
#15066=DIRECTION('',(0,0.7206428319128892,-0.6933065042335685));
#15067=STYLED_ITEM('',(#25),#15068);
#15068=FACE_SURFACE('',(#15073),#15069,.T.);
#15069=PLANE('',#15070);
#15070=AXIS2_PLACEMENT_3D('',#611,#15071,#15072);
#15071=DIRECTION('',(-1,0,0));
#15072=DIRECTION('',(0,-0.7206428319128892,0.6933065042335685));
#15073=FACE_BOUND('',#15074,.T.);
#15074=EDGE_LOOP('',(#15075,#15076,#15077));
#15075=ORIENTED_EDGE('',*,*,#15078,.T.);
#15076=ORIENTED_EDGE('',*,*,#15079,.T.);
#15077=ORIENTED_EDGE('',*,*,#15080,.T.);
#15078=EDGE_CURVE('',#612,#378,#15081,.F.);
#15079=EDGE_CURVE('',#378,#380,#15082,.T.);
#15080=EDGE_CURVE('',#380,#612,#15083,.T.);
#15081=LINE('',#611,#15084);
#15082=LINE('',#377,#15085);
#15083=LINE('',#379,#15086);
#15084=VECTOR('',#15087,1.0);
#15085=VECTOR('',#15088,1.0);
#15086=VECTOR('',#15089,1.0);
#15087=DIRECTION('',(0,-0.7206428319128892,0.6933065042335685));
#15088=DIRECTION('',(0,0.9118764845957104,0.4104647083993571));
#15089=DIRECTION('',(0,0.7066558466289915,-0.707557428358337));
#15090=STYLED_ITEM('',(#25),#15091);
#15091=FACE_SURFACE('',(#15096),#15092,.T.);
#15092=PLANE('',#15093);
#15093=AXIS2_PLACEMENT_3D('',#379,#15094,#15095);
#15094=DIRECTION('',(-1,0,0));
#15095=DIRECTION('',(0,0.9276933709954605,0.3733430184308782));
#15096=FACE_BOUND('',#15097,.T.);
#15097=EDGE_LOOP('',(#15098,#15099,#15100));
#15098=ORIENTED_EDGE('',*,*,#15101,.T.);
#15099=ORIENTED_EDGE('',*,*,#15102,.T.);
#15100=ORIENTED_EDGE('',*,*,#15103,.T.);
#15101=EDGE_CURVE('',#380,#382,#15104,.F.);
#15102=EDGE_CURVE('',#382,#612,#15105,.T.);
#15103=EDGE_CURVE('',#612,#380,#15106,.T.);
#15104=LINE('',#379,#15107);
#15105=LINE('',#381,#15108);
#15106=LINE('',#611,#15109);
#15107=VECTOR('',#15110,1.0);
#15108=VECTOR('',#15111,1.0);
#15109=VECTOR('',#15112,1.0);
#15110=DIRECTION('',(0,0.9276933709954605,0.3733430184308782));
#15111=DIRECTION('',(0,0.6923898158305352,-0.7215236260401717));
#15112=DIRECTION('',(0,-0.7066558466289915,0.707557428358337));
#15113=STYLED_ITEM('',(#25),#15114);
#15114=FACE_SURFACE('',(#15119),#15115,.T.);
#15115=PLANE('',#15116);
#15116=AXIS2_PLACEMENT_3D('',#611,#15117,#15118);
#15117=DIRECTION('',(-1,0,0));
#15118=DIRECTION('',(0,-0.6923898158305352,0.7215236260401717));
#15119=FACE_BOUND('',#15120,.T.);
#15120=EDGE_LOOP('',(#15121,#15122,#15123));
#15121=ORIENTED_EDGE('',*,*,#15124,.T.);
#15122=ORIENTED_EDGE('',*,*,#15125,.T.);
#15123=ORIENTED_EDGE('',*,*,#15126,.T.);
#15124=EDGE_CURVE('',#612,#382,#15127,.F.);
#15125=EDGE_CURVE('',#382,#384,#15128,.T.);
#15126=EDGE_CURVE('',#384,#612,#15129,.T.);
#15127=LINE('',#611,#15130);
#15128=LINE('',#381,#15131);
#15129=LINE('',#383,#15132);
#15130=VECTOR('',#15133,1.0);
#15131=VECTOR('',#15134,1.0);
#15132=VECTOR('',#15135,1.0);
#15133=DIRECTION('',(0,-0.6923898158305352,0.7215236260401717));
#15134=DIRECTION('',(0,0.9419752662546551,0.33568228693881325));
#15135=DIRECTION('',(0,0.6778500026499497,-0.735200227086107));
#15136=STYLED_ITEM('',(#25),#15137);
#15137=FACE_SURFACE('',(#15142),#15138,.T.);
#15138=PLANE('',#15139);
#15139=AXIS2_PLACEMENT_3D('',#611,#15140,#15141);
#15140=DIRECTION('',(-1,0,0));
#15141=DIRECTION('',(0,-0.6778500026499497,0.735200227086107));
#15142=FACE_BOUND('',#15143,.T.);
#15143=EDGE_LOOP('',(#15144,#15145,#15146));
#15144=ORIENTED_EDGE('',*,*,#15147,.T.);
#15145=ORIENTED_EDGE('',*,*,#15148,.T.);
#15146=ORIENTED_EDGE('',*,*,#15149,.T.);
#15147=EDGE_CURVE('',#612,#384,#15150,.F.);
#15148=EDGE_CURVE('',#384,#386,#15151,.T.);
#15149=EDGE_CURVE('',#386,#612,#15152,.T.);
#15150=LINE('',#611,#15153);
#15151=LINE('',#383,#15154);
#15152=LINE('',#385,#15155);
#15153=VECTOR('',#15156,1.0);
#15154=VECTOR('',#15157,1.0);
#15155=VECTOR('',#15158,1.0);
#15156=DIRECTION('',(0,-0.6778500026499497,0.735200227086107));
#15157=DIRECTION('',(0,0.9547226976959478,0.29749717730454517));
#15158=DIRECTION('',(0,0.6630426478711046,-0.748581623541531));
#15159=STYLED_ITEM('',(#25),#15160);
#15160=FACE_SURFACE('',(#15165),#15161,.T.);
#15161=PLANE('',#15162);
#15162=AXIS2_PLACEMENT_3D('',#385,#15163,#15164);
#15163=DIRECTION('',(-1,0,0));
#15164=DIRECTION('',(0,0.9659198083137761,0.2588415034477238));
#15165=FACE_BOUND('',#15166,.T.);
#15166=EDGE_LOOP('',(#15167,#15168,#15169));
#15167=ORIENTED_EDGE('',*,*,#15170,.T.);
#15168=ORIENTED_EDGE('',*,*,#15171,.T.);
#15169=ORIENTED_EDGE('',*,*,#15172,.T.);
#15170=EDGE_CURVE('',#386,#388,#15173,.F.);
#15171=EDGE_CURVE('',#388,#612,#15174,.T.);
#15172=EDGE_CURVE('',#612,#386,#15175,.T.);
#15173=LINE('',#385,#15176);
#15174=LINE('',#387,#15177);
#15175=LINE('',#611,#15178);
#15176=VECTOR('',#15179,1.0);
#15177=VECTOR('',#15180,1.0);
#15178=VECTOR('',#15181,1.0);
#15179=DIRECTION('',(0,0.9659198083137761,0.2588415034477238));
#15180=DIRECTION('',(0,0.6479730159909687,-0.7616632921098192));
#15181=DIRECTION('',(0,-0.6630426478711046,0.748581623541531));
#15182=STYLED_ITEM('',(#25),#15183);
#15183=FACE_SURFACE('',(#15188),#15184,.T.);
#15184=PLANE('',#15185);
#15185=AXIS2_PLACEMENT_3D('',#611,#15186,#15187);
#15186=DIRECTION('',(-1,0,0));
#15187=DIRECTION('',(0,-0.6479730159909687,0.7616632921098192));
#15188=FACE_BOUND('',#15189,.T.);
#15189=EDGE_LOOP('',(#15190,#15191,#15192));
#15190=ORIENTED_EDGE('',*,*,#15193,.T.);
#15191=ORIENTED_EDGE('',*,*,#15194,.T.);
#15192=ORIENTED_EDGE('',*,*,#15195,.T.);
#15193=EDGE_CURVE('',#612,#388,#15196,.F.);
#15194=EDGE_CURVE('',#388,#390,#15197,.T.);
#15195=EDGE_CURVE('',#390,#612,#15198,.T.);
#15196=LINE('',#611,#15199);
#15197=LINE('',#387,#15200);
#15198=LINE('',#389,#15201);
#15199=VECTOR('',#15202,1.0);
#15200=VECTOR('',#15203,1.0);
#15201=VECTOR('',#15204,1.0);
#15202=DIRECTION('',(0,-0.6479730159909687,0.7616632921098192));
#15203=DIRECTION('',(0,0.9755571909547119,0.21974568750387702));
#15204=DIRECTION('',(0,0.6326483571086196,-0.7744391882180063));
#15205=STYLED_ITEM('',(#25),#15206);
#15206=FACE_SURFACE('',(#15211),#15207,.T.);
#15207=PLANE('',#15208);
#15208=AXIS2_PLACEMENT_3D('',#611,#15209,#15210);
#15209=DIRECTION('',(-1,0,0));
#15210=DIRECTION('',(0,-0.6326483571086196,0.7744391882180063));
#15211=FACE_BOUND('',#15212,.T.);
#15212=EDGE_LOOP('',(#15213,#15214,#15215));
#15213=ORIENTED_EDGE('',*,*,#15216,.T.);
#15214=ORIENTED_EDGE('',*,*,#15217,.T.);
#15215=ORIENTED_EDGE('',*,*,#15218,.T.);
#15216=EDGE_CURVE('',#612,#390,#15219,.F.);
#15217=EDGE_CURVE('',#390,#392,#15220,.T.);
#15218=EDGE_CURVE('',#392,#612,#15221,.T.);
#15219=LINE('',#611,#15222);
#15220=LINE('',#389,#15223);
#15221=LINE('',#391,#15224);
#15222=VECTOR('',#15225,1.0);
#15223=VECTOR('',#15226,1.0);
#15224=VECTOR('',#15227,1.0);
#15225=DIRECTION('',(0,-0.6326483571086196,0.7744391882180063));
#15226=DIRECTION('',(0,0.9836307974515213,0.18019560012631916));
#15227=DIRECTION('',(0,0.6170760956164774,-0.7869034834201233));
#15228=STYLED_ITEM('',(#25),#15229);
#15229=FACE_SURFACE('',(#15234),#15230,.T.);
#15230=PLANE('',#15231);
#15231=AXIS2_PLACEMENT_3D('',#391,#15232,#15233);
#15232=DIRECTION('',(-1,0,0));
#15233=DIRECTION('',(0,0.9900722499702218,0.14055938189570547));
#15234=FACE_BOUND('',#15235,.T.);
#15235=EDGE_LOOP('',(#15236,#15237,#15238));
#15236=ORIENTED_EDGE('',*,*,#15239,.T.);
#15237=ORIENTED_EDGE('',*,*,#15240,.T.);
#15238=ORIENTED_EDGE('',*,*,#15241,.T.);
#15239=EDGE_CURVE('',#392,#394,#15242,.F.);
#15240=EDGE_CURVE('',#394,#612,#15243,.T.);
#15241=EDGE_CURVE('',#612,#392,#15244,.T.);
#15242=LINE('',#391,#15245);
#15243=LINE('',#393,#15246);
#15244=LINE('',#611,#15247);
#15245=VECTOR('',#15248,1.0);
#15246=VECTOR('',#15249,1.0);
#15247=VECTOR('',#15250,1.0);
#15248=DIRECTION('',(0,0.9900722499702218,0.14055938189570547));
#15249=DIRECTION('',(0,0.601260080321976,-0.7990533873347958));
#15250=DIRECTION('',(0,-0.6170760956164774,0.7869034834201233));
#15251=STYLED_ITEM('',(#25),#15252);
#15252=FACE_SURFACE('',(#15257),#15253,.T.);
#15253=PLANE('',#15254);
#15254=AXIS2_PLACEMENT_3D('',#611,#15255,#15256);
#15255=DIRECTION('',(-1,0,0));
#15256=DIRECTION('',(0,-0.601260080321976,0.7990533873347958));
#15257=FACE_BOUND('',#15258,.T.);
#15258=EDGE_LOOP('',(#15259,#15260,#15261));
#15259=ORIENTED_EDGE('',*,*,#15262,.T.);
#15260=ORIENTED_EDGE('',*,*,#15263,.T.);
#15261=ORIENTED_EDGE('',*,*,#15264,.T.);
#15262=EDGE_CURVE('',#612,#394,#15265,.F.);
#15263=EDGE_CURVE('',#394,#396,#15266,.T.);
#15264=EDGE_CURVE('',#396,#612,#15267,.T.);
#15265=LINE('',#611,#15268);
#15266=LINE('',#393,#15269);
#15267=LINE('',#395,#15270);
#15268=VECTOR('',#15271,1.0);
#15269=VECTOR('',#15272,1.0);
#15270=VECTOR('',#15273,1.0);
#15271=DIRECTION('',(0,-0.601260080321976,0.7990533873347958));
#15272=DIRECTION('',(0,0.9949391787038375,0.10047900616613012));
#15273=DIRECTION('',(0,0.5852101253092825,-0.8108816863362335));
#15274=STYLED_ITEM('',(#25),#15275);
#15275=FACE_SURFACE('',(#15280),#15276,.T.);
#15276=PLANE('',#15277);
#15277=AXIS2_PLACEMENT_3D('',#611,#15278,#15279);
#15278=DIRECTION('',(-1,0,0));
#15279=DIRECTION('',(0,-0.5852101253092825,0.8108816863362335));
#15280=FACE_BOUND('',#15281,.T.);
#15281=EDGE_LOOP('',(#15282,#15283,#15284));
#15282=ORIENTED_EDGE('',*,*,#15285,.T.);
#15283=ORIENTED_EDGE('',*,*,#15286,.T.);
#15284=ORIENTED_EDGE('',*,*,#15287,.T.);
#15285=EDGE_CURVE('',#612,#396,#15288,.F.);
#15286=EDGE_CURVE('',#396,#398,#15289,.T.);
#15287=EDGE_CURVE('',#398,#612,#15290,.T.);
#15288=LINE('',#611,#15291);
#15289=LINE('',#395,#15292);
#15290=LINE('',#397,#15293);
#15291=VECTOR('',#15294,1.0);
#15292=VECTOR('',#15295,1.0);
#15293=VECTOR('',#15296,1.0);
#15294=DIRECTION('',(0,-0.5852101253092825,0.8108816863362335));
#15295=DIRECTION('',(0,0.9981747307421617,0.06039210964863758));
#15296=DIRECTION('',(0,0.5689306227371473,-0.8223855218277629));
#15297=STYLED_ITEM('',(#25),#15298);
#15298=FACE_SURFACE('',(#15303),#15299,.T.);
#15299=PLANE('',#15300);
#15300=AXIS2_PLACEMENT_3D('',#397,#15301,#15302);
#15301=DIRECTION('',(-1,0,0));
#15302=DIRECTION('',(0,0.9997968508324033,0.020155819646172215));
#15303=FACE_BOUND('',#15304,.T.);
#15304=EDGE_LOOP('',(#15305,#15306,#15307));
#15305=ORIENTED_EDGE('',*,*,#15308,.T.);
#15306=ORIENTED_EDGE('',*,*,#15309,.T.);
#15307=ORIENTED_EDGE('',*,*,#15310,.T.);
#15308=EDGE_CURVE('',#398,#400,#15311,.F.);
#15309=EDGE_CURVE('',#400,#612,#15312,.T.);
#15310=EDGE_CURVE('',#612,#398,#15313,.T.);
#15311=LINE('',#397,#15314);
#15312=LINE('',#399,#15315);
#15313=LINE('',#611,#15316);
#15314=VECTOR('',#15317,1.0);
#15315=VECTOR('',#15318,1.0);
#15316=VECTOR('',#15319,1.0);
#15317=DIRECTION('',(0,0.9997968508324033,0.020155819646172215));
#15318=DIRECTION('',(0,0.5524292324770631,-0.8335598017567802));
#15319=DIRECTION('',(0,-0.5689306227371473,0.8223855218277629));
#15320=STYLED_ITEM('',(#25),#15321);
#15321=FACE_SURFACE('',(#15326),#15322,.T.);
#15322=PLANE('',#15323);
#15323=AXIS2_PLACEMENT_3D('',#611,#15324,#15325);
#15324=DIRECTION('',(-1,0,0));
#15325=DIRECTION('',(0,-0.5524292324770631,0.8335598017567802));
#15326=FACE_BOUND('',#15327,.T.);
#15327=EDGE_LOOP('',(#15328,#15329,#15330));
#15328=ORIENTED_EDGE('',*,*,#15331,.T.);
#15329=ORIENTED_EDGE('',*,*,#15332,.T.);
#15330=ORIENTED_EDGE('',*,*,#15333,.T.);
#15331=EDGE_CURVE('',#612,#400,#15334,.F.);
#15332=EDGE_CURVE('',#400,#690,#15335,.T.);
#15333=EDGE_CURVE('',#690,#612,#15336,.T.);
#15334=LINE('',#611,#15337);
#15335=LINE('',#399,#15338);
#15336=LINE('',#689,#15339);
#15337=VECTOR('',#15340,1.0);
#15338=VECTOR('',#15341,1.0);
#15339=VECTOR('',#15342,1.0);
#15340=DIRECTION('',(0,-0.5524292324770631,0.8335598017567802));
#15341=DIRECTION('',(0,0.5766870670096924,-0.816965131902065));
#15342=DIRECTION('',(0,-0.5441916493516747,-0.8389609339986599));
#15343=STYLED_ITEM('',(#25),#15344);
#15344=FACE_SURFACE('',(#15349),#15345,.T.);
#15345=PLANE('',#15346);
#15346=AXIS2_PLACEMENT_3D('',#689,#15347,#15348);
#15347=DIRECTION('',(-1,0,0));
#15348=DIRECTION('',(0,-0.5766870670096924,0.816965131902065));
#15349=FACE_BOUND('',#15350,.T.);
#15350=EDGE_LOOP('',(#15351,#15352,#15353));
#15351=ORIENTED_EDGE('',*,*,#15354,.T.);
#15352=ORIENTED_EDGE('',*,*,#15355,.T.);
#15353=ORIENTED_EDGE('',*,*,#15356,.T.);
#15354=EDGE_CURVE('',#690,#400,#15357,.F.);
#15355=EDGE_CURVE('',#400,#592,#15358,.T.);
#15356=EDGE_CURVE('',#592,#690,#15359,.T.);
#15357=LINE('',#689,#15360);
#15358=LINE('',#399,#15361);
#15359=LINE('',#591,#15362);
#15360=VECTOR('',#15363,1.0);
#15361=VECTOR('',#15364,1.0);
#15362=VECTOR('',#15365,1.0);
#15363=DIRECTION('',(0,-0.5766870670096924,0.816965131902065));
#15364=DIRECTION('',(0,0.600952145471444,-0.7992850047719328));
#15365=DIRECTION('',(0,-0.5305472068325059,-0.8476553906642879));
#15366=STYLED_ITEM('',(#25),#15367);
#15367=FACE_SURFACE('',(#15372),#15368,.T.);
#15368=PLANE('',#15369);
#15369=AXIS2_PLACEMENT_3D('',#591,#15370,#15371);
#15370=DIRECTION('',(-1,0,0));
#15371=DIRECTION('',(0,-0.600952145471444,0.7992850047719328));
#15372=FACE_BOUND('',#15373,.T.);
#15373=EDGE_LOOP('',(#15374,#15375,#15376));
#15374=ORIENTED_EDGE('',*,*,#15377,.T.);
#15375=ORIENTED_EDGE('',*,*,#15378,.T.);
#15376=ORIENTED_EDGE('',*,*,#15379,.T.);
#15377=EDGE_CURVE('',#592,#400,#15380,.F.);
#15378=EDGE_CURVE('',#400,#588,#15381,.T.);
#15379=EDGE_CURVE('',#588,#592,#15382,.T.);
#15380=LINE('',#591,#15383);
#15381=LINE('',#399,#15384);
#15382=LINE('',#587,#15385);
#15383=VECTOR('',#15386,1.0);
#15384=VECTOR('',#15387,1.0);
#15385=VECTOR('',#15388,1.0);
#15386=DIRECTION('',(0,-0.600952145471444,0.7992850047719328));
#15387=DIRECTION('',(0,0.6251618773906085,-0.7804951166134544));
#15388=DIRECTION('',(0,-0.5174193389091943,-0.8557319835805907));
#15389=STYLED_ITEM('',(#25),#15390);
#15390=FACE_SURFACE('',(#15395),#15391,.T.);
#15391=PLANE('',#15392);
#15392=AXIS2_PLACEMENT_3D('',#587,#15393,#15394);
#15393=DIRECTION('',(-1,0,0));
#15394=DIRECTION('',(0,-0.6251618773906085,0.7804951166134544));
#15395=FACE_BOUND('',#15396,.T.);
#15396=EDGE_LOOP('',(#15397,#15398,#15399));
#15397=ORIENTED_EDGE('',*,*,#15400,.T.);
#15398=ORIENTED_EDGE('',*,*,#15401,.T.);
#15399=ORIENTED_EDGE('',*,*,#15402,.T.);
#15400=EDGE_CURVE('',#588,#400,#15403,.F.);
#15401=EDGE_CURVE('',#400,#584,#15404,.T.);
#15402=EDGE_CURVE('',#584,#588,#15405,.T.);
#15403=LINE('',#587,#15406);
#15404=LINE('',#399,#15407);
#15405=LINE('',#583,#15408);
#15406=VECTOR('',#15409,1.0);
#15407=VECTOR('',#15410,1.0);
#15408=VECTOR('',#15411,1.0);
#15409=DIRECTION('',(0,-0.6251618773906085,0.7804951166134544));
#15410=DIRECTION('',(0,0.649245885191243,-0.7605785827659357));
#15411=DIRECTION('',(0,-0.5047775981218992,-0.863249428864153));
#15412=STYLED_ITEM('',(#25),#15413);
#15413=FACE_SURFACE('',(#15418),#15414,.T.);
#15414=PLANE('',#15415);
#15415=AXIS2_PLACEMENT_3D('',#583,#15416,#15417);
#15416=DIRECTION('',(-1,0,0));
#15417=DIRECTION('',(0,-0.649245885191243,0.7605785827659357));
#15418=FACE_BOUND('',#15419,.T.);
#15419=EDGE_LOOP('',(#15420,#15421,#15422));
#15420=ORIENTED_EDGE('',*,*,#15423,.T.);
#15421=ORIENTED_EDGE('',*,*,#15424,.T.);
#15422=ORIENTED_EDGE('',*,*,#15425,.T.);
#15423=EDGE_CURVE('',#584,#400,#15426,.F.);
#15424=EDGE_CURVE('',#400,#580,#15427,.T.);
#15425=EDGE_CURVE('',#580,#584,#15428,.T.);
#15426=LINE('',#583,#15429);
#15427=LINE('',#399,#15430);
#15428=LINE('',#579,#15431);
#15429=VECTOR('',#15432,1.0);
#15430=VECTOR('',#15433,1.0);
#15431=VECTOR('',#15434,1.0);
#15432=DIRECTION('',(0,-0.649245885191243,0.7605785827659357));
#15433=DIRECTION('',(0,0.673126096998216,-0.7395277260116407));
#15434=DIRECTION('',(0,-0.49263629732542197,-0.8702353006845324));
#15435=STYLED_ITEM('',(#25),#15436);
#15436=FACE_SURFACE('',(#15441),#15437,.T.);
#15437=PLANE('',#15438);
#15438=AXIS2_PLACEMENT_3D('',#579,#15439,#15440);
#15439=DIRECTION('',(-1,0,0));
#15440=DIRECTION('',(0,-0.673126096998216,0.7395277260116407));
#15441=FACE_BOUND('',#15442,.T.);
#15442=EDGE_LOOP('',(#15443,#15444,#15445));
#15443=ORIENTED_EDGE('',*,*,#15446,.T.);
#15444=ORIENTED_EDGE('',*,*,#15447,.T.);
#15445=ORIENTED_EDGE('',*,*,#15448,.T.);
#15446=EDGE_CURVE('',#580,#400,#15449,.F.);
#15447=EDGE_CURVE('',#400,#576,#15450,.T.);
#15448=EDGE_CURVE('',#576,#580,#15451,.T.);
#15449=LINE('',#579,#15452);
#15450=LINE('',#399,#15453);
#15451=LINE('',#575,#15454);
#15452=VECTOR('',#15455,1.0);
#15453=VECTOR('',#15456,1.0);
#15454=VECTOR('',#15457,1.0);
#15455=DIRECTION('',(0,-0.673126096998216,0.7395277260116407));
#15456=DIRECTION('',(0,0.6967202560962696,-0.7173429338504342));
#15457=DIRECTION('',(0,-0.48093699529101064,-0.8767551577039364));
#15458=STYLED_ITEM('',(#25),#15459);
#15459=FACE_SURFACE('',(#15464),#15460,.T.);
#15460=PLANE('',#15461);
#15461=AXIS2_PLACEMENT_3D('',#575,#15462,#15463);
#15462=DIRECTION('',(-1,0,0));
#15463=DIRECTION('',(0,-0.6967202560962696,0.7173429338504342));
#15464=FACE_BOUND('',#15465,.T.);
#15465=EDGE_LOOP('',(#15466,#15467,#15468));
#15466=ORIENTED_EDGE('',*,*,#15469,.T.);
#15467=ORIENTED_EDGE('',*,*,#15470,.T.);
#15468=ORIENTED_EDGE('',*,*,#15471,.T.);
#15469=EDGE_CURVE('',#576,#400,#15472,.F.);
#15470=EDGE_CURVE('',#400,#572,#15473,.T.);
#15471=EDGE_CURVE('',#572,#576,#15474,.T.);
#15472=LINE('',#575,#15475);
#15473=LINE('',#399,#15476);
#15474=LINE('',#571,#15477);
#15475=VECTOR('',#15478,1.0);
#15476=VECTOR('',#15479,1.0);
#15477=VECTOR('',#15480,1.0);
#15478=DIRECTION('',(0,-0.6967202560962696,0.7173429338504342));
#15479=DIRECTION('',(0,0.7199379010532347,-0.6940384849754824));
#15480=DIRECTION('',(0,-0.4696640194889978,-0.8828452349066842));
#15481=STYLED_ITEM('',(#25),#15482);
#15482=FACE_SURFACE('',(#15487),#15483,.T.);
#15483=PLANE('',#15484);
#15484=AXIS2_PLACEMENT_3D('',#571,#15485,#15486);
#15485=DIRECTION('',(-1,0,0));
#15486=DIRECTION('',(0,-0.7199379010532347,0.6940384849754824));
#15487=FACE_BOUND('',#15488,.T.);
#15488=EDGE_LOOP('',(#15489,#15490,#15491));
#15489=ORIENTED_EDGE('',*,*,#15492,.T.);
#15490=ORIENTED_EDGE('',*,*,#15493,.T.);
#15491=ORIENTED_EDGE('',*,*,#15494,.T.);
#15492=EDGE_CURVE('',#572,#400,#15495,.F.);
#15493=EDGE_CURVE('',#400,#568,#15496,.T.);
#15494=EDGE_CURVE('',#568,#572,#15497,.T.);
#15495=LINE('',#571,#15498);
#15496=LINE('',#399,#15499);
#15497=LINE('',#567,#15500);
#15498=VECTOR('',#15501,1.0);
#15499=VECTOR('',#15502,1.0);
#15500=VECTOR('',#15503,1.0);
#15501=DIRECTION('',(0,-0.7199379010532347,0.6940384849754824));
#15502=DIRECTION('',(0,0.7426880005261306,-0.6696376138438597));
#15503=DIRECTION('',(0,-0.45881592037652835,-0.8885313450908972));
#15504=STYLED_ITEM('',(#25),#15505);
#15505=FACE_SURFACE('',(#15510),#15506,.T.);
#15506=PLANE('',#15507);
#15507=AXIS2_PLACEMENT_3D('',#567,#15508,#15509);
#15508=DIRECTION('',(-1,0,0));
#15509=DIRECTION('',(0,-0.7426880005261306,0.6696376138438597));
#15510=FACE_BOUND('',#15511,.T.);
#15511=EDGE_LOOP('',(#15512,#15513,#15514));
#15512=ORIENTED_EDGE('',*,*,#15515,.T.);
#15513=ORIENTED_EDGE('',*,*,#15516,.T.);
#15514=ORIENTED_EDGE('',*,*,#15517,.T.);
#15515=EDGE_CURVE('',#568,#400,#15518,.F.);
#15516=EDGE_CURVE('',#400,#564,#15519,.T.);
#15517=EDGE_CURVE('',#564,#568,#15520,.T.);
#15518=LINE('',#567,#15521);
#15519=LINE('',#399,#15522);
#15520=LINE('',#563,#15523);
#15521=VECTOR('',#15524,1.0);
#15522=VECTOR('',#15525,1.0);
#15523=VECTOR('',#15526,1.0);
#15524=DIRECTION('',(0,-0.7426880005261306,0.6696376138438597));
#15525=DIRECTION('',(0,0.764872738598534,-0.6441814136939832));
#15526=DIRECTION('',(0,-0.4483759799452628,-0.8938450540267732));
#15527=STYLED_ITEM('',(#25),#15528);
#15528=FACE_SURFACE('',(#15533),#15529,.T.);
#15529=PLANE('',#15530);
#15530=AXIS2_PLACEMENT_3D('',#563,#15531,#15532);
#15531=DIRECTION('',(-1,0,0));
#15532=DIRECTION('',(0,-0.764872738598534,0.6441814136939832));
#15533=FACE_BOUND('',#15534,.T.);
#15534=EDGE_LOOP('',(#15535,#15536,#15537));
#15535=ORIENTED_EDGE('',*,*,#15538,.T.);
#15536=ORIENTED_EDGE('',*,*,#15539,.T.);
#15537=ORIENTED_EDGE('',*,*,#15540,.T.);
#15538=EDGE_CURVE('',#564,#400,#15541,.F.);
#15539=EDGE_CURVE('',#400,#560,#15542,.T.);
#15540=EDGE_CURVE('',#560,#564,#15543,.T.);
#15541=LINE('',#563,#15544);
#15542=LINE('',#399,#15545);
#15543=LINE('',#559,#15546);
#15544=VECTOR('',#15547,1.0);
#15545=VECTOR('',#15548,1.0);
#15546=VECTOR('',#15549,1.0);
#15547=DIRECTION('',(0,-0.764872738598534,0.6441814136939832));
#15548=DIRECTION('',(0,0.7863977828394378,-0.6177204279811511));
#15549=DIRECTION('',(0,-0.43831203359912396,-0.8988228753220516));
#15550=STYLED_ITEM('',(#25),#15551);
#15551=FACE_SURFACE('',(#15556),#15552,.T.);
#15552=PLANE('',#15553);
#15553=AXIS2_PLACEMENT_3D('',#559,#15554,#15555);
#15554=DIRECTION('',(-1,0,0));
#15555=DIRECTION('',(0,-0.7863977828394378,0.6177204279811511));
#15556=FACE_BOUND('',#15557,.T.);
#15557=EDGE_LOOP('',(#15558,#15559,#15560));
#15558=ORIENTED_EDGE('',*,*,#15561,.T.);
#15559=ORIENTED_EDGE('',*,*,#15562,.T.);
#15560=ORIENTED_EDGE('',*,*,#15563,.T.);
#15561=EDGE_CURVE('',#560,#400,#15564,.F.);
#15562=EDGE_CURVE('',#400,#556,#15565,.T.);
#15563=EDGE_CURVE('',#556,#560,#15566,.T.);
#15564=LINE('',#559,#15567);
#15565=LINE('',#399,#15568);
#15566=LINE('',#555,#15569);
#15567=VECTOR('',#15570,1.0);
#15568=VECTOR('',#15571,1.0);
#15569=VECTOR('',#15572,1.0);
#15570=DIRECTION('',(0,-0.7863977828394378,0.6177204279811511));
#15571=DIRECTION('',(0,0.8071695447494682,-0.5903196812142859));
#15572=DIRECTION('',(0,-0.4285724751574403,-0.903507406465174));
#15573=STYLED_ITEM('',(#25),#15574);
#15574=FACE_SURFACE('',(#15579),#15575,.T.);
#15575=PLANE('',#15576);
#15576=AXIS2_PLACEMENT_3D('',#555,#15577,#15578);
#15577=DIRECTION('',(-1,0,0));
#15578=DIRECTION('',(0,-0.8071695447494682,0.5903196812142859));
#15579=FACE_BOUND('',#15580,.T.);
#15580=EDGE_LOOP('',(#15581,#15582,#15583));
#15581=ORIENTED_EDGE('',*,*,#15584,.T.);
#15582=ORIENTED_EDGE('',*,*,#15585,.T.);
#15583=ORIENTED_EDGE('',*,*,#15586,.T.);
#15584=EDGE_CURVE('',#556,#400,#15587,.F.);
#15585=EDGE_CURVE('',#400,#552,#15588,.T.);
#15586=EDGE_CURVE('',#552,#556,#15589,.T.);
#15587=LINE('',#555,#15590);
#15588=LINE('',#399,#15591);
#15589=LINE('',#551,#15592);
#15590=VECTOR('',#15593,1.0);
#15591=VECTOR('',#15594,1.0);
#15592=VECTOR('',#15595,1.0);
#15593=DIRECTION('',(0,-0.8071695447494682,0.5903196812142859));
#15594=DIRECTION('',(0,0.8270951266017605,-0.562061964156638));
#15595=DIRECTION('',(0,-0.41920577301076234,-0.9078912489249189));
#15596=STYLED_ITEM('',(#25),#15597);
#15597=FACE_SURFACE('',(#15602),#15598,.T.);
#15598=PLANE('',#15599);
#15599=AXIS2_PLACEMENT_3D('',#551,#15600,#15601);
#15600=DIRECTION('',(-1,0,0));
#15601=DIRECTION('',(0,-0.8270951266017605,0.562061964156638));
#15602=FACE_BOUND('',#15603,.T.);
#15603=EDGE_LOOP('',(#15604,#15605,#15606));
#15604=ORIENTED_EDGE('',*,*,#15607,.T.);
#15605=ORIENTED_EDGE('',*,*,#15608,.T.);
#15606=ORIENTED_EDGE('',*,*,#15609,.T.);
#15607=EDGE_CURVE('',#552,#400,#15610,.F.);
#15608=EDGE_CURVE('',#400,#548,#15611,.T.);
#15609=EDGE_CURVE('',#548,#552,#15612,.T.);
#15610=LINE('',#551,#15613);
#15611=LINE('',#399,#15614);
#15612=LINE('',#547,#15615);
#15613=VECTOR('',#15616,1.0);
#15614=VECTOR('',#15617,1.0);
#15615=VECTOR('',#15618,1.0);
#15616=DIRECTION('',(0,-0.8270951266017605,0.562061964156638));
#15617=DIRECTION('',(0,0.8460904845570577,-0.533039296808409));
#15618=DIRECTION('',(0,-0.410139486616049,-0.9120228075647691));
#15619=STYLED_ITEM('',(#25),#15620);
#15620=FACE_SURFACE('',(#15625),#15621,.T.);
#15621=PLANE('',#15622);
#15622=AXIS2_PLACEMENT_3D('',#547,#15623,#15624);
#15623=DIRECTION('',(-1,0,0));
#15624=DIRECTION('',(0,-0.8460904845570577,0.533039296808409));
#15625=FACE_BOUND('',#15626,.T.);
#15626=EDGE_LOOP('',(#15627,#15628,#15629));
#15627=ORIENTED_EDGE('',*,*,#15630,.T.);
#15628=ORIENTED_EDGE('',*,*,#15631,.T.);
#15629=ORIENTED_EDGE('',*,*,#15632,.T.);
#15630=EDGE_CURVE('',#548,#400,#15633,.F.);
#15631=EDGE_CURVE('',#400,#546,#15634,.T.);
#15632=EDGE_CURVE('',#546,#548,#15635,.T.);
#15633=LINE('',#547,#15636);
#15634=LINE('',#399,#15637);
#15635=LINE('',#545,#15638);
#15636=VECTOR('',#15639,1.0);
#15637=VECTOR('',#15640,1.0);
#15638=VECTOR('',#15641,1.0);
#15639=DIRECTION('',(0,-0.8460904845570577,0.533039296808409));
#15640=DIRECTION('',(0,0.8641505190113886,-0.5032334254521927));
#15641=DIRECTION('',(0,-0.40138921818449547,-0.915907580231346));
#15642=STYLED_ITEM('',(#25),#15643);
#15643=FACE_SURFACE('',(#15648),#15644,.T.);
#15644=PLANE('',#15645);
#15645=AXIS2_PLACEMENT_3D('',#545,#15646,#15647);
#15646=DIRECTION('',(-1,0,0));
#15647=DIRECTION('',(0,-0.8641505190113886,0.5032334254521927));
#15648=FACE_BOUND('',#15649,.T.);
#15649=EDGE_LOOP('',(#15650,#15651,#15652));
#15650=ORIENTED_EDGE('',*,*,#15653,.T.);
#15651=ORIENTED_EDGE('',*,*,#15654,.T.);
#15652=ORIENTED_EDGE('',*,*,#15655,.T.);
#15653=EDGE_CURVE('',#546,#400,#15656,.F.);
#15654=EDGE_CURVE('',#400,#542,#15657,.T.);
#15655=EDGE_CURVE('',#542,#546,#15658,.T.);
#15656=LINE('',#545,#15659);
#15657=LINE('',#399,#15660);
#15658=LINE('',#541,#15661);
#15659=VECTOR('',#15662,1.0);
#15660=VECTOR('',#15663,1.0);
#15661=VECTOR('',#15664,1.0);
#15662=DIRECTION('',(0,-0.8641505190113886,0.5032334254521927));
#15663=DIRECTION('',(0,0.8813831252572955,-0.4724021449058871));
#15664=DIRECTION('',(0,-0.39283552101962843,-0.9196087501895776));
#15665=STYLED_ITEM('',(#25),#15666);
#15666=FACE_SURFACE('',(#15671),#15667,.T.);
#15667=PLANE('',#15668);
#15668=AXIS2_PLACEMENT_3D('',#541,#15669,#15670);
#15669=DIRECTION('',(-1,0,0));
#15670=DIRECTION('',(0,-0.8813831252572955,0.4724021449058871));
#15671=FACE_BOUND('',#15672,.T.);
#15672=EDGE_LOOP('',(#15673,#15674,#15675));
#15673=ORIENTED_EDGE('',*,*,#15676,.T.);
#15674=ORIENTED_EDGE('',*,*,#15677,.T.);
#15675=ORIENTED_EDGE('',*,*,#15678,.T.);
#15676=EDGE_CURVE('',#542,#400,#15679,.F.);
#15677=EDGE_CURVE('',#400,#538,#15680,.T.);
#15678=EDGE_CURVE('',#538,#542,#15681,.T.);
#15679=LINE('',#541,#15682);
#15680=LINE('',#399,#15683);
#15681=LINE('',#537,#15684);
#15682=VECTOR('',#15685,1.0);
#15683=VECTOR('',#15686,1.0);
#15684=VECTOR('',#15687,1.0);
#15685=DIRECTION('',(0,-0.8813831252572955,0.4724021449058871));
#15686=DIRECTION('',(0,0.8976939935886139,-0.44061944336913406));
#15687=DIRECTION('',(0,-0.3844471568417723,-0.9231469999931092));
#15688=STYLED_ITEM('',(#25),#15689);
#15689=FACE_SURFACE('',(#15694),#15690,.T.);
#15690=PLANE('',#15691);
#15691=AXIS2_PLACEMENT_3D('',#537,#15692,#15693);
#15692=DIRECTION('',(-1,0,0));
#15693=DIRECTION('',(0,-0.8976939935886139,0.44061944336913406));
#15694=FACE_BOUND('',#15695,.T.);
#15695=EDGE_LOOP('',(#15696,#15697,#15698));
#15696=ORIENTED_EDGE('',*,*,#15699,.T.);
#15697=ORIENTED_EDGE('',*,*,#15700,.T.);
#15698=ORIENTED_EDGE('',*,*,#15701,.T.);
#15699=EDGE_CURVE('',#538,#400,#15702,.F.);
#15700=EDGE_CURVE('',#400,#534,#15703,.T.);
#15701=EDGE_CURVE('',#534,#538,#15704,.T.);
#15702=LINE('',#537,#15705);
#15703=LINE('',#399,#15706);
#15704=LINE('',#533,#15707);
#15705=VECTOR('',#15708,1.0);
#15706=VECTOR('',#15709,1.0);
#15707=VECTOR('',#15710,1.0);
#15708=DIRECTION('',(0,-0.8976939935886139,0.44061944336913406));
#15709=DIRECTION('',(0,0.9129856216325558,-0.407991733607699));
#15710=DIRECTION('',(0,-0.3761440404116803,-0.9265612018980592));
#15711=STYLED_ITEM('',(#25),#15712);
#15712=FACE_SURFACE('',(#15717),#15713,.T.);
#15713=PLANE('',#15714);
#15714=AXIS2_PLACEMENT_3D('',#533,#15715,#15716);
#15715=DIRECTION('',(-1,0,0));
#15716=DIRECTION('',(0,-0.9129856216325558,0.407991733607699));
#15717=FACE_BOUND('',#15718,.T.);
#15718=EDGE_LOOP('',(#15719,#15720,#15721));
#15719=ORIENTED_EDGE('',*,*,#15722,.T.);
#15720=ORIENTED_EDGE('',*,*,#15723,.T.);
#15721=ORIENTED_EDGE('',*,*,#15724,.T.);
#15722=EDGE_CURVE('',#534,#400,#15725,.F.);
#15723=EDGE_CURVE('',#400,#530,#15726,.T.);
#15724=EDGE_CURVE('',#530,#534,#15727,.T.);
#15725=LINE('',#533,#15728);
#15726=LINE('',#399,#15729);
#15727=LINE('',#529,#15730);
#15728=VECTOR('',#15731,1.0);
#15729=VECTOR('',#15732,1.0);
#15730=VECTOR('',#15733,1.0);
#15731=DIRECTION('',(0,-0.9129856216325558,0.407991733607699));
#15732=DIRECTION('',(0,0.9271705402580174,-0.37463954580056824));
#15733=DIRECTION('',(0,-0.3679679027225044,-0.9298384927319377));
#15734=STYLED_ITEM('',(#25),#15735);
#15735=FACE_SURFACE('',(#15740),#15736,.T.);
#15736=PLANE('',#15737);
#15737=AXIS2_PLACEMENT_3D('',#529,#15738,#15739);
#15738=DIRECTION('',(-1,0,0));
#15739=DIRECTION('',(0,-0.9271705402580174,0.37463954580056824));
#15740=FACE_BOUND('',#15741,.T.);
#15741=EDGE_LOOP('',(#15742,#15743,#15744));
#15742=ORIENTED_EDGE('',*,*,#15745,.T.);
#15743=ORIENTED_EDGE('',*,*,#15746,.T.);
#15744=ORIENTED_EDGE('',*,*,#15747,.T.);
#15745=EDGE_CURVE('',#530,#400,#15748,.F.);
#15746=EDGE_CURVE('',#400,#526,#15749,.T.);
#15747=EDGE_CURVE('',#526,#530,#15750,.T.);
#15748=LINE('',#529,#15751);
#15749=LINE('',#399,#15752);
#15750=LINE('',#525,#15753);
#15751=VECTOR('',#15754,1.0);
#15752=VECTOR('',#15755,1.0);
#15753=VECTOR('',#15756,1.0);
#15754=DIRECTION('',(0,-0.9271705402580174,0.37463954580056824));
#15755=DIRECTION('',(0,0.9401743576345227,-0.34069367068748535));
#15756=DIRECTION('',(0,-0.3598222708230134,-0.9330208644075275));
#15757=STYLED_ITEM('',(#25),#15758);
#15758=FACE_SURFACE('',(#15763),#15759,.T.);
#15759=PLANE('',#15760);
#15760=AXIS2_PLACEMENT_3D('',#525,#15761,#15762);
#15761=DIRECTION('',(-1,0,0));
#15762=DIRECTION('',(0,-0.9401743576345227,0.34069367068748535));
#15763=FACE_BOUND('',#15764,.T.);
#15764=EDGE_LOOP('',(#15765,#15766,#15767));
#15765=ORIENTED_EDGE('',*,*,#15768,.T.);
#15766=ORIENTED_EDGE('',*,*,#15769,.T.);
#15767=ORIENTED_EDGE('',*,*,#15770,.T.);
#15768=EDGE_CURVE('',#526,#400,#15771,.F.);
#15769=EDGE_CURVE('',#400,#522,#15772,.T.);
#15770=EDGE_CURVE('',#522,#526,#15773,.T.);
#15771=LINE('',#525,#15774);
#15772=LINE('',#399,#15775);
#15773=LINE('',#521,#15776);
#15774=VECTOR('',#15777,1.0);
#15775=VECTOR('',#15778,1.0);
#15776=VECTOR('',#15779,1.0);
#15777=DIRECTION('',(0,-0.9401743576345227,0.34069367068748535));
#15778=DIRECTION('',(0,0.9519359913922306,-0.30629702625407745));
#15779=DIRECTION('',(0,-0.3517308326703839,-0.9361011811492379));
#15780=STYLED_ITEM('',(#25),#15781);
#15781=FACE_SURFACE('',(#15786),#15782,.T.);
#15782=PLANE('',#15783);
#15783=AXIS2_PLACEMENT_3D('',#521,#15784,#15785);
#15784=DIRECTION('',(-1,0,0));
#15785=DIRECTION('',(0,-0.9519359913922306,0.30629702625407745));
#15786=FACE_BOUND('',#15787,.T.);
#15787=EDGE_LOOP('',(#15788,#15789,#15790));
#15788=ORIENTED_EDGE('',*,*,#15791,.T.);
#15789=ORIENTED_EDGE('',*,*,#15792,.T.);
#15790=ORIENTED_EDGE('',*,*,#15793,.T.);
#15791=EDGE_CURVE('',#522,#400,#15794,.F.);
#15792=EDGE_CURVE('',#400,#518,#15795,.T.);
#15793=EDGE_CURVE('',#518,#522,#15796,.T.);
#15794=LINE('',#521,#15797);
#15795=LINE('',#399,#15798);
#15796=LINE('',#517,#15799);
#15797=VECTOR('',#15800,1.0);
#15798=VECTOR('',#15801,1.0);
#15799=VECTOR('',#15802,1.0);
#15800=DIRECTION('',(0,-0.9519359913922306,0.30629702625407745));
#15801=DIRECTION('',(0,0.9624128655159864,-0.2715906410193621));
#15802=DIRECTION('',(0,-0.3436165620292153,-0.9391100352457227));
#15803=STYLED_ITEM('',(#25),#15804);
#15804=FACE_SURFACE('',(#15809),#15805,.T.);
#15805=PLANE('',#15806);
#15806=AXIS2_PLACEMENT_3D('',#517,#15807,#15808);
#15807=DIRECTION('',(-1,0,0));
#15808=DIRECTION('',(0,-0.9624128655159864,0.2715906410193621));
#15809=FACE_BOUND('',#15810,.T.);
#15810=EDGE_LOOP('',(#15811,#15812,#15813));
#15811=ORIENTED_EDGE('',*,*,#15814,.T.);
#15812=ORIENTED_EDGE('',*,*,#15815,.T.);
#15813=ORIENTED_EDGE('',*,*,#15816,.T.);
#15814=EDGE_CURVE('',#518,#400,#15817,.F.);
#15815=EDGE_CURVE('',#400,#514,#15818,.T.);
#15816=EDGE_CURVE('',#514,#518,#15819,.T.);
#15817=LINE('',#517,#15820);
#15818=LINE('',#399,#15821);
#15819=LINE('',#513,#15822);
#15820=VECTOR('',#15823,1.0);
#15821=VECTOR('',#15824,1.0);
#15822=VECTOR('',#15825,1.0);
#15823=DIRECTION('',(0,-0.9624128655159864,0.2715906410193621));
#15824=DIRECTION('',(0,0.9715759413341571,-0.23672809343347154));
#15825=DIRECTION('',(0,-0.3355208726171697,-0.9420327722739869));
#15826=STYLED_ITEM('',(#25),#15827);
#15827=FACE_SURFACE('',(#15832),#15828,.T.);
#15828=PLANE('',#15829);
#15829=AXIS2_PLACEMENT_3D('',#513,#15830,#15831);
#15830=DIRECTION('',(-1,0,0));
#15831=DIRECTION('',(0,-0.9715759413341571,0.23672809343347154));
#15832=FACE_BOUND('',#15833,.T.);
#15833=EDGE_LOOP('',(#15834,#15835,#15836));
#15834=ORIENTED_EDGE('',*,*,#15837,.T.);
#15835=ORIENTED_EDGE('',*,*,#15838,.T.);
#15836=ORIENTED_EDGE('',*,*,#15839,.T.);
#15837=EDGE_CURVE('',#514,#400,#15840,.F.);
#15838=EDGE_CURVE('',#400,#510,#15841,.T.);
#15839=EDGE_CURVE('',#510,#514,#15842,.T.);
#15840=LINE('',#513,#15843);
#15841=LINE('',#399,#15844);
#15842=LINE('',#509,#15845);
#15843=VECTOR('',#15846,1.0);
#15844=VECTOR('',#15847,1.0);
#15845=VECTOR('',#15848,1.0);
#15846=DIRECTION('',(0,-0.9715759413341571,0.23672809343347154));
#15847=DIRECTION('',(0,0.9794154067888747,-0.20185504934131046));
#15848=DIRECTION('',(0,-0.32734291558715845,-0.9449056120136542));
#15849=STYLED_ITEM('',(#25),#15850);
#15850=FACE_SURFACE('',(#15855),#15851,.T.);
#15851=PLANE('',#15852);
#15852=AXIS2_PLACEMENT_3D('',#509,#15853,#15854);
#15853=DIRECTION('',(-1,0,0));
#15854=DIRECTION('',(0,-0.9794154067888747,0.20185504934131046));
#15855=FACE_BOUND('',#15856,.T.);
#15856=EDGE_LOOP('',(#15857,#15858,#15859));
#15857=ORIENTED_EDGE('',*,*,#15860,.T.);
#15858=ORIENTED_EDGE('',*,*,#15861,.T.);
#15859=ORIENTED_EDGE('',*,*,#15862,.T.);
#15860=EDGE_CURVE('',#510,#400,#15863,.F.);
#15861=EDGE_CURVE('',#400,#506,#15864,.T.);
#15862=EDGE_CURVE('',#506,#510,#15865,.T.);
#15863=LINE('',#509,#15866);
#15864=LINE('',#399,#15867);
#15865=LINE('',#505,#15868);
#15866=VECTOR('',#15869,1.0);
#15867=VECTOR('',#15870,1.0);
#15868=VECTOR('',#15871,1.0);
#15869=DIRECTION('',(0,-0.9794154067888747,0.20185504934131046));
#15870=DIRECTION('',(0,0.9859369820178334,-0.16711752597967228));
#15871=DIRECTION('',(0,-0.31911690183845837,-0.9477153596734749));
#15872=STYLED_ITEM('',(#25),#15873);
#15873=FACE_SURFACE('',(#15878),#15874,.T.);
#15874=PLANE('',#15875);
#15875=AXIS2_PLACEMENT_3D('',#505,#15876,#15877);
#15876=DIRECTION('',(-1,0,0));
#15877=DIRECTION('',(0,-0.9859369820178334,0.16711752597967228));
#15878=FACE_BOUND('',#15879,.T.);
#15879=EDGE_LOOP('',(#15880,#15881,#15882));
#15880=ORIENTED_EDGE('',*,*,#15883,.T.);
#15881=ORIENTED_EDGE('',*,*,#15884,.T.);
#15882=ORIENTED_EDGE('',*,*,#15885,.T.);
#15883=EDGE_CURVE('',#506,#400,#15886,.F.);
#15884=EDGE_CURVE('',#400,#502,#15887,.T.);
#15885=EDGE_CURVE('',#502,#506,#15888,.T.);
#15886=LINE('',#505,#15889);
#15887=LINE('',#399,#15890);
#15888=LINE('',#501,#15891);
#15889=VECTOR('',#15892,1.0);
#15890=VECTOR('',#15893,1.0);
#15891=VECTOR('',#15894,1.0);
#15892=DIRECTION('',(0,-0.9859369820178334,0.16711752597967228));
#15893=DIRECTION('',(0,0.9911624342442803,-0.13265379354904536));
#15894=DIRECTION('',(0,-0.3107644548449472,-0.9504869560414403));
#15895=STYLED_ITEM('',(#25),#15896);
#15896=FACE_SURFACE('',(#15901),#15897,.T.);
#15897=PLANE('',#15898);
#15898=AXIS2_PLACEMENT_3D('',#501,#15899,#15900);
#15899=DIRECTION('',(-1,0,0));
#15900=DIRECTION('',(0,-0.9911624342442803,0.13265379354904536));
#15901=FACE_BOUND('',#15902,.T.);
#15902=EDGE_LOOP('',(#15903,#15904,#15905));
#15903=ORIENTED_EDGE('',*,*,#15906,.T.);
#15904=ORIENTED_EDGE('',*,*,#15907,.T.);
#15905=ORIENTED_EDGE('',*,*,#15908,.T.);
#15906=EDGE_CURVE('',#502,#400,#15909,.F.);
#15907=EDGE_CURVE('',#400,#498,#15910,.T.);
#15908=EDGE_CURVE('',#498,#502,#15911,.T.);
#15909=LINE('',#501,#15912);
#15910=LINE('',#399,#15913);
#15911=LINE('',#497,#15914);
#15912=VECTOR('',#15915,1.0);
#15913=VECTOR('',#15916,1.0);
#15914=VECTOR('',#15917,1.0);
#15915=DIRECTION('',(0,-0.9911624342442803,0.13265379354904536));
#15916=DIRECTION('',(0,0.9951273963646166,-0.09859748984928222));
#15917=DIRECTION('',(0,-0.3023088943113937,-0.9532100148551853));
#15918=STYLED_ITEM('',(#25),#15919);
#15919=FACE_SURFACE('',(#15924),#15920,.T.);
#15920=PLANE('',#15921);
#15921=AXIS2_PLACEMENT_3D('',#497,#15922,#15923);
#15922=DIRECTION('',(-1,0,0));
#15923=DIRECTION('',(0,-0.9951273963646166,0.09859748984928222));
#15924=FACE_BOUND('',#15925,.T.);
#15925=EDGE_LOOP('',(#15926,#15927,#15928));
#15926=ORIENTED_EDGE('',*,*,#15929,.T.);
#15927=ORIENTED_EDGE('',*,*,#15930,.T.);
#15928=ORIENTED_EDGE('',*,*,#15931,.T.);
#15929=EDGE_CURVE('',#498,#400,#15932,.F.);
#15930=EDGE_CURVE('',#400,#494,#15933,.T.);
#15931=EDGE_CURVE('',#494,#498,#15934,.T.);
#15932=LINE('',#497,#15935);
#15933=LINE('',#399,#15936);
#15934=LINE('',#493,#15937);
#15935=VECTOR('',#15938,1.0);
#15936=VECTOR('',#15939,1.0);
#15937=VECTOR('',#15940,1.0);
#15938=DIRECTION('',(0,-0.9951273963646166,0.09859748984928222));
#15939=DIRECTION('',(0,0.9978809749783356,-0.0650658111167935));
#15940=DIRECTION('',(0,-0.2936613699574317,-0.9559095144388533));
#15941=STYLED_ITEM('',(#25),#15942);
#15942=FACE_SURFACE('',(#15947),#15943,.T.);
#15943=PLANE('',#15944);
#15944=AXIS2_PLACEMENT_3D('',#493,#15945,#15946);
#15945=DIRECTION('',(-1,0,0));
#15946=DIRECTION('',(0,-0.9978809749783356,0.0650658111167935));
#15947=FACE_BOUND('',#15948,.T.);
#15948=EDGE_LOOP('',(#15949,#15950,#15951));
#15949=ORIENTED_EDGE('',*,*,#15952,.T.);
#15950=ORIENTED_EDGE('',*,*,#15953,.T.);
#15951=ORIENTED_EDGE('',*,*,#15954,.T.);
#15952=EDGE_CURVE('',#494,#400,#15955,.F.);
#15953=EDGE_CURVE('',#400,#490,#15956,.T.);
#15954=EDGE_CURVE('',#490,#494,#15957,.T.);
#15955=LINE('',#493,#15958);
#15956=LINE('',#399,#15959);
#15957=LINE('',#489,#15960);
#15958=VECTOR('',#15961,1.0);
#15959=VECTOR('',#15962,1.0);
#15960=VECTOR('',#15963,1.0);
#15961=DIRECTION('',(0,-0.9978809749783356,0.0650658111167935));
#15962=DIRECTION('',(0,0.9994824779384719,-0.03216793891395363));
#15963=DIRECTION('',(0,-0.2848218211567818,-0.9585804766387297));
#15964=STYLED_ITEM('',(#25),#15965);
#15965=FACE_SURFACE('',(#15970),#15966,.T.);
#15966=PLANE('',#15967);
#15967=AXIS2_PLACEMENT_3D('',#489,#15968,#15969);
#15968=DIRECTION('',(-1,0,0));
#15969=DIRECTION('',(0,-0.9994824779384719,0.03216793891395363));
#15970=FACE_BOUND('',#15971,.T.);
#15971=EDGE_LOOP('',(#15972,#15973,#15974));
#15972=ORIENTED_EDGE('',*,*,#15975,.T.);
#15973=ORIENTED_EDGE('',*,*,#15976,.T.);
#15974=ORIENTED_EDGE('',*,*,#15977,.T.);
#15975=EDGE_CURVE('',#490,#400,#15978,.F.);
#15976=EDGE_CURVE('',#400,#484,#15979,.T.);
#15977=EDGE_CURVE('',#484,#490,#15980,.T.);
#15978=LINE('',#489,#15981);
#15979=LINE('',#399,#15982);
#15980=LINE('',#483,#15983);
#15981=VECTOR('',#15984,1.0);
#15982=VECTOR('',#15985,1.0);
#15983=VECTOR('',#15986,1.0);
#15984=DIRECTION('',(0,-0.9994824779384719,0.03216793891395363));
#15985=DIRECTION('',(0,1,0));
#15986=DIRECTION('',(0,-0.2757535767275636,-0.9612283625247204));
#15987=STYLED_ITEM('',(#25),#15988);
#15988=FACE_SURFACE('',(#15993),#15989,.T.);
#15989=PLANE('',#15990);
#15990=AXIS2_PLACEMENT_3D('',#413,#15991,#15992);
#15991=DIRECTION('',(0,-1,0));
#15992=DIRECTION('',(0,0,1));
#15993=FACE_BOUND('',#15994,.T.);
#15994=EDGE_LOOP('',(#15995,#15996,#15997));
#15995=ORIENTED_EDGE('',*,*,#15998,.T.);
#15996=ORIENTED_EDGE('',*,*,#15999,.T.);
#15997=ORIENTED_EDGE('',*,*,#16000,.T.);
#15998=EDGE_CURVE('',#414,#274,#16001,.F.);
#15999=EDGE_CURVE('',#274,#714,#16002,.T.);
#16000=EDGE_CURVE('',#714,#414,#16003,.T.);
#16001=LINE('',#413,#16004);
#16002=LINE('',#273,#16005);
#16003=LINE('',#713,#16006);
#16004=VECTOR('',#16007,1.0);
#16005=VECTOR('',#16008,1.0);
#16006=VECTOR('',#16009,1.0);
#16007=DIRECTION('',(0,0,1));
#16008=DIRECTION('',(-0.9877562838763554,0,-0.1560048834580922));
#16009=DIRECTION('',(1,0,0));
#16010=STYLED_ITEM('',(#25),#16011);
#16011=FACE_SURFACE('',(#16016),#16012,.T.);
#16012=PLANE('',#16013);
#16013=AXIS2_PLACEMENT_3D('',#713,#16014,#16015);
#16014=DIRECTION('',(0,-1,0));
#16015=DIRECTION('',(0.9877562838763554,0,0.1560048834580922));
#16016=FACE_BOUND('',#16017,.T.);
#16017=EDGE_LOOP('',(#16018,#16019,#16020));
#16018=ORIENTED_EDGE('',*,*,#16021,.T.);
#16019=ORIENTED_EDGE('',*,*,#16022,.T.);
#16020=ORIENTED_EDGE('',*,*,#16023,.T.);
#16021=EDGE_CURVE('',#714,#274,#16024,.F.);
#16022=EDGE_CURVE('',#274,#278,#16025,.T.);
#16023=EDGE_CURVE('',#278,#714,#16026,.T.);
#16024=LINE('',#713,#16027);
#16025=LINE('',#273,#16028);
#16026=LINE('',#277,#16029);
#16027=VECTOR('',#16030,1.0);
#16028=VECTOR('',#16031,1.0);
#16029=VECTOR('',#16032,1.0);
#16030=DIRECTION('',(0.9877562838763554,0,0.1560048834580922));
#16031=DIRECTION('',(-1,0,0));
#16032=DIRECTION('',(0,0,-1));
#16033=STYLED_ITEM('',(#25),#16034);
#16034=FACE_SURFACE('',(#16039),#16035,.T.);
#16035=PLANE('',#16036);
#16036=AXIS2_PLACEMENT_3D('',#481,#16037,#16038);
#16037=DIRECTION('',(-0,-0.9504223751704447,-0.31096190888173186));
#16038=DIRECTION('',(0,-0.31096190888173186,0.9504223751704447));
#16039=FACE_BOUND('',#16040,.T.);
#16040=EDGE_LOOP('',(#16041,#16042,#16043));
#16041=ORIENTED_EDGE('',*,*,#16044,.T.);
#16042=ORIENTED_EDGE('',*,*,#16045,.T.);
#16043=ORIENTED_EDGE('',*,*,#16046,.T.);
#16044=EDGE_CURVE('',#482,#414,#16047,.F.);
#16045=EDGE_CURVE('',#414,#712,#16048,.T.);
#16046=EDGE_CURVE('',#712,#482,#16049,.T.);
#16047=LINE('',#481,#16050);
#16048=LINE('',#413,#16051);
#16049=LINE('',#711,#16052);
#16050=VECTOR('',#16053,1.0);
#16051=VECTOR('',#16054,1.0);
#16052=VECTOR('',#16055,1.0);
#16053=DIRECTION('',(0,-0.31096190888173186,0.9504223751704447));
#16054=DIRECTION('',(-0.9702518959458356,0.07528313856717402,-0.2300949966013752));
#16055=DIRECTION('',(1,0,0));
#16056=STYLED_ITEM('',(#25),#16057);
#16057=FACE_SURFACE('',(#16062),#16058,.T.);
#16058=PLANE('',#16059);
#16059=AXIS2_PLACEMENT_3D('',#711,#16060,#16061);
#16060=DIRECTION('',(0,-0.9504223751704447,-0.31096190888173186));
#16061=DIRECTION('',(0.9702518959458356,-0.07528313856717402,0.2300949966013752));
#16062=FACE_BOUND('',#16063,.T.);
#16063=EDGE_LOOP('',(#16064,#16065,#16066));
#16064=ORIENTED_EDGE('',*,*,#16067,.T.);
#16065=ORIENTED_EDGE('',*,*,#16068,.T.);
#16066=ORIENTED_EDGE('',*,*,#16069,.T.);
#16067=EDGE_CURVE('',#712,#414,#16070,.F.);
#16068=EDGE_CURVE('',#414,#714,#16071,.T.);
#16069=EDGE_CURVE('',#714,#712,#16072,.T.);
#16070=LINE('',#711,#16073);
#16071=LINE('',#413,#16074);
#16072=LINE('',#713,#16075);
#16073=VECTOR('',#16076,1.0);
#16074=VECTOR('',#16077,1.0);
#16075=VECTOR('',#16078,1.0);
#16076=DIRECTION('',(0.9702518959458356,-0.07528313856717402,0.2300949966013752));
#16077=DIRECTION('',(-1,0,0));
#16078=DIRECTION('',(0,0.31096190888173186,-0.9504223751704447));
#16079=STYLED_ITEM('',(#25),#16080);
#16080=FACE_SURFACE('',(#16085),#16081,.T.);
#16081=PLANE('',#16082);
#16082=AXIS2_PLACEMENT_3D('',#65,#16083,#16084);
#16083=DIRECTION('',(0,-0.9733080619093806,0.22950254164650433));
#16084=DIRECTION('',(0,0.22950254164650435,0.9733080619093806));
#16085=FACE_BOUND('',#16086,.T.);
#16086=EDGE_LOOP('',(#16087,#16088,#16089));
#16087=ORIENTED_EDGE('',*,*,#16090,.T.);
#16088=ORIENTED_EDGE('',*,*,#16091,.T.);
#16089=ORIENTED_EDGE('',*,*,#16092,.T.);
#16090=EDGE_CURVE('',#66,#482,#16093,.F.);
#16091=EDGE_CURVE('',#482,#64,#16094,.T.);
#16092=EDGE_CURVE('',#64,#66,#16095,.T.);
#16093=LINE('',#65,#16096);
#16094=LINE('',#481,#16097);
#16095=LINE('',#63,#16098);
#16096=VECTOR('',#16099,1.0);
#16097=VECTOR('',#16100,1.0);
#16098=VECTOR('',#16101,1.0);
#16099=DIRECTION('',(0,0.22950254164650435,0.9733080619093806));
#16100=DIRECTION('',(-0.997054490142961,-0.017602027581720865,-0.07464926195731804));
#16101=DIRECTION('',(1,0,0));
#16102=STYLED_ITEM('',(#25),#16103);
#16103=FACE_SURFACE('',(#16108),#16104,.T.);
#16104=PLANE('',#16105);
#16105=AXIS2_PLACEMENT_3D('',#63,#16106,#16107);
#16106=DIRECTION('',(0,-0.9733080619093806,0.22950254164650433));
#16107=DIRECTION('',(0.997054490142961,0.017602027581720865,0.07464926195731804));
#16108=FACE_BOUND('',#16109,.T.);
#16109=EDGE_LOOP('',(#16110,#16111,#16112));
#16110=ORIENTED_EDGE('',*,*,#16113,.T.);
#16111=ORIENTED_EDGE('',*,*,#16114,.T.);
#16112=ORIENTED_EDGE('',*,*,#16115,.T.);
#16113=EDGE_CURVE('',#64,#482,#16116,.F.);
#16114=EDGE_CURVE('',#482,#712,#16117,.T.);
#16115=EDGE_CURVE('',#712,#64,#16118,.T.);
#16116=LINE('',#63,#16119);
#16117=LINE('',#481,#16120);
#16118=LINE('',#711,#16121);
#16119=VECTOR('',#16122,1.0);
#16120=VECTOR('',#16123,1.0);
#16121=VECTOR('',#16124,1.0);
#16122=DIRECTION('',(0.997054490142961,0.017602027581720865,0.07464926195731804));
#16123=DIRECTION('',(-1,0,0));
#16124=DIRECTION('',(0,-0.22950254164650435,-0.9733080619093806));
ENDSEC;
END-ISO-10303-21;
