ISO-10303-21;
HEADER;
FILE_DESCRIPTION((''),'2;1');
FILE_NAME('Ring Finger K2', '2025-03-27T08:05:41', (''), (''), 'ImageToStl.com STEP Converter','', '');
FILE_SCHEMA(('AUTOMOTIVE_DESIGN_CC2'));
ENDSEC;
DATA;
#1=PRODUCT_DEFINITION_CONTEXT('',#4,'design');
#2=APPLICATION_PROTOCOL_DEFINITION('INTERNATIONAL STANDARD','automotive_design',1994,#4);
#3=(GEOMETRIC_REPRESENTATION_CONTEXT(3)GLOBAL_UNCERTAINTY_ASSIGNED_CONTEXT((#5))GLOBAL_UNIT_ASSIGNED_CONTEXT((#6,#7,#8))REPRESENTATION_CONTEXT('NONE','WORKSPACE'));
#4=APPLICATION_CONTEXT(' ');
#5=UNCERTAINTY_MEASURE_WITH_UNIT(LENGTH_MEASURE(1.0E-006),#6,'','');
#6=(CONVERSION_BASED_UNIT('METRE',#10)LENGTH_UNIT()NAMED_UNIT(#11));
#7=(NAMED_UNIT(#12)PLANE_ANGLE_UNIT()SI_UNIT($,.RADIAN.));
#8=(NAMED_UNIT(#12)SOLID_ANGLE_UNIT()SI_UNIT($,.STERADIAN.));
#9=AXIS2_PLACEMENT_3D('',#14,#15,#16);
#10=LENGTH_MEASURE_WITH_UNIT(LENGTH_MEASURE(1.0),#17);
#11=DIMENSIONAL_EXPONENTS(1.0,0.0,0.0,0.0,0.0,0.0,0.0);
#12=DIMENSIONAL_EXPONENTS(0.0,0.0,0.0,0.0,0.0,0.0,0.0);
#13=PRODUCT_CONTEXT('',#4,'mechanical');
#14=CARTESIAN_POINT('',(0.0,0.0,0.0));
#15=DIRECTION('',(0.0,0.0,1.0));
#16=DIRECTION('',(1.0,0.0,0.0));
#17=(NAMED_UNIT(#11)LENGTH_UNIT()SI_UNIT(.MILLI.,.METRE.));
#18=PRESENTATION_STYLE_ASSIGNMENT((#19));
#19=SURFACE_STYLE_USAGE(.BOTH.,#20);
#20=SURFACE_SIDE_STYLE('',(#21));
#21=SURFACE_STYLE_FILL_AREA(#22);
#22=FILL_AREA_STYLE('',(#23));
#23=FILL_AREA_STYLE_COLOUR('',#24);
#24=COLOUR_RGB('',0.70196,0.70196,0.70196);
#25=PRESENTATION_STYLE_ASSIGNMENT((#26));
#26=SURFACE_STYLE_USAGE(.BOTH.,#27);
#27=SURFACE_SIDE_STYLE('',(#28));
#28=SURFACE_STYLE_FILL_AREA(#29);
#29=FILL_AREA_STYLE('',(#30));
#30=FILL_AREA_STYLE_COLOUR('',#31);
#31=COLOUR_RGB('',0.65882,0.65882,0.65882);
#32=SHAPE_DEFINITION_REPRESENTATION(#33,#34);
#33=PRODUCT_DEFINITION_SHAPE('productshape0','',#37);
#34=MANIFOLD_SURFACE_SHAPE_REPRESENTATION('',(#35,#9),#3);
#35=SHELL_BASED_SURFACE_MODEL('shell0',(#40));
#36=PRODUCT('product0','','',(#13));
#37=PRODUCT_DEFINITION('mesh0','',#38,#2);
#38=PRODUCT_DEFINITION_FORMATION_WITH_SPECIFIED_SOURCE('prodsource0','',#36,.NOT_KNOWN.);
#39=STYLED_ITEM('',(#18),#40);
#40=CLOSED_SHELL('',(#162,#185,#208,#231,#254,#277,#300,#323,#346,#369,#392,#415,#438,#461,#484,#507,#530,#553,#576,#599,#622,#645,#668,#691,#714,#737,#760,#783,#806,#829,#852,#875,#898,#921,#944,#967,#990,#1013,#1036,#1059,#1082,#1105,#1128,#1151,#1174,#1197,#1220,#1243,#1266,#1289,#1312,#1335,#1358,#1381,#1404,#1427,#1450,#1473,#1496,#1519,#1542,#1565,#1588,#1611,#1634,#1657,#1680,#1703,#1726,#1749,#1772,#1795,#1818,#1841,#1864,#1887,#1910,#1933,#1956,#1979,#2002,#2025,#2048,#2071,#2094,#2117,#2140,#2163,#2186,#2209,#2232,#2255,#2278,#2301,#2324,#2347,#2370,#2393,#2416,#2439,#2462,#2485,#2508,#2531,#2554,#2577,#2600,#2623,#2646,#2669,#2692,#2715,#2738,#2761,#2784,#2807));
#41=CARTESIAN_POINT('',(-25.45923614501953,-74.28016662597656,404.3246154785156));
#42=VERTEX_POINT('',#41);
#43=CARTESIAN_POINT('',(-15.459237098693848,-74.28016662597656,404.3246154785156));
#44=VERTEX_POINT('',#43);
#45=CARTESIAN_POINT('',(-25.45923614501953,-79.1800308227539,403.3289489746094));
#46=VERTEX_POINT('',#45);
#47=CARTESIAN_POINT('',(-15.459237098693848,-79.1800308227539,403.3289489746094));
#48=VERTEX_POINT('',#47);
#49=CARTESIAN_POINT('',(-15.459237098693848,-80.37480926513672,409.20880126953125));
#50=VERTEX_POINT('',#49);
#51=CARTESIAN_POINT('',(-25.45923614501953,-80.37480926513672,409.20880126953125));
#52=VERTEX_POINT('',#51);
#53=CARTESIAN_POINT('',(-15.459237098693848,-75.47494506835938,410.2044372558594));
#54=VERTEX_POINT('',#53);
#55=CARTESIAN_POINT('',(-25.45923614501953,-75.47494506835938,410.2044372558594));
#56=VERTEX_POINT('',#55);
#57=CARTESIAN_POINT('',(-29.644283294677734,-86.44593811035156,406.4444885253906));
#58=VERTEX_POINT('',#57);
#59=CARTESIAN_POINT('',(-28.609283447265625,-86.74463653564453,407.9144592285156));
#60=VERTEX_POINT('',#59);
#61=CARTESIAN_POINT('',(-30.251758575439453,-86.93592834472656,406.34490966796875));
#62=VERTEX_POINT('',#61);
#63=CARTESIAN_POINT('',(-28.87175750732422,-87.33419036865234,408.30487060546875));
#64=VERTEX_POINT('',#63);
#65=CARTESIAN_POINT('',(-29.644283294677734,-75.1762466430664,408.7344970703125));
#66=VERTEX_POINT('',#65);
#67=CARTESIAN_POINT('',(-28.609283447265625,-75.47494506835938,410.2044372558594));
#68=VERTEX_POINT('',#67);
#69=CARTESIAN_POINT('',(-31.288677215576172,-75.1762466430664,408.7344970703125));
#70=VERTEX_POINT('',#69);
#71=CARTESIAN_POINT('',(-31.288677215576172,-86.93592834472656,406.34490966796875));
#72=VERTEX_POINT('',#71);
#73=CARTESIAN_POINT('',(-31.95923614501953,-86.44593811035156,406.4444885253906));
#74=VERTEX_POINT('',#73);
#75=CARTESIAN_POINT('',(-31.95923614501953,-75.6662368774414,408.6349182128906));
#76=VERTEX_POINT('',#75);
#77=CARTESIAN_POINT('',(-24.803190231323242,-86.74463653564453,407.9144592285156));
#78=VERTEX_POINT('',#77);
#79=CARTESIAN_POINT('',(-24.962665557861328,-87.33419036865234,408.30487060546875));
#80=VERTEX_POINT('',#79);
#81=CARTESIAN_POINT('',(-25.059236526489258,-87.35428619384766,408.4037780761719));
#82=VERTEX_POINT('',#81);
#83=CARTESIAN_POINT('',(-28.183677673339844,-87.83201599121094,410.7547912597656));
#84=VERTEX_POINT('',#83);
#85=CARTESIAN_POINT('',(-25.059236526489258,-87.82662963867188,410.7283020019531));
#86=VERTEX_POINT('',#85);
#87=CARTESIAN_POINT('',(-25.02972984313965,-87.83201599121094,410.7547912597656));
#88=VERTEX_POINT('',#87);
#89=CARTESIAN_POINT('',(-11.274190902709961,-86.44593811035156,406.4444885253906));
#90=VERTEX_POINT('',#89);
#91=CARTESIAN_POINT('',(-10.666716575622559,-86.93592834472656,406.34490966796875));
#92=VERTEX_POINT('',#91);
#93=CARTESIAN_POINT('',(-12.30919075012207,-86.74463653564453,407.9144592285156));
#94=VERTEX_POINT('',#93);
#95=CARTESIAN_POINT('',(-12.04671573638916,-87.33419036865234,408.30487060546875));
#96=VERTEX_POINT('',#95);
#97=CARTESIAN_POINT('',(-15.95580768585205,-87.33419036865234,408.30487060546875));
#98=VERTEX_POINT('',#97);
#99=CARTESIAN_POINT('',(-15.859236717224121,-87.35428619384766,408.4037780761719));
#100=VERTEX_POINT('',#99);
#101=CARTESIAN_POINT('',(-12.734796524047852,-87.83201599121094,410.7547912597656));
#102=VERTEX_POINT('',#101);
#103=CARTESIAN_POINT('',(-15.859236717224121,-87.82662963867188,410.7283020019531));
#104=VERTEX_POINT('',#103);
#105=CARTESIAN_POINT('',(-15.888744354248047,-87.83201599121094,410.7547912597656));
#106=VERTEX_POINT('',#105);
#107=CARTESIAN_POINT('',(-9.629796981811523,-86.93592834472656,406.34490966796875));
#108=VERTEX_POINT('',#107);
#109=CARTESIAN_POINT('',(-11.274190902709961,-75.1762466430664,408.7344970703125));
#110=VERTEX_POINT('',#109);
#111=CARTESIAN_POINT('',(-9.629796981811523,-75.1762466430664,408.7344970703125));
#112=VERTEX_POINT('',#111);
#113=CARTESIAN_POINT('',(-8.959237098693848,-86.44593811035156,406.4444885253906));
#114=VERTEX_POINT('',#113);
#115=CARTESIAN_POINT('',(-8.959237098693848,-75.6662368774414,408.6349182128906));
#116=VERTEX_POINT('',#115);
#117=CARTESIAN_POINT('',(-16.115283966064453,-86.74463653564453,407.9144592285156));
#118=VERTEX_POINT('',#117);
#119=CARTESIAN_POINT('',(-12.30919075012207,-75.47494506835938,410.2044372558594));
#120=VERTEX_POINT('',#119);
#121=CARTESIAN_POINT('',(-12.734796524047852,-76.07233428955078,413.14434814453125));
#122=VERTEX_POINT('',#121);
#123=CARTESIAN_POINT('',(-28.183677673339844,-76.07233428955078,413.14434814453125));
#124=VERTEX_POINT('',#123);
#125=CARTESIAN_POINT('',(-12.409236907958984,-76.6618881225586,413.5347900390625));
#126=VERTEX_POINT('',#125);
#127=CARTESIAN_POINT('',(-28.50923728942871,-76.6618881225586,413.5347900390625));
#128=VERTEX_POINT('',#127);
#129=CARTESIAN_POINT('',(-12.409236907958984,-87.44158935546875,411.3443603515625));
#130=VERTEX_POINT('',#129);
#131=CARTESIAN_POINT('',(-16.252405166625977,-87.44158935546875,411.3443603515625));
#132=VERTEX_POINT('',#131);
#133=CARTESIAN_POINT('',(-24.666067123413086,-87.44158935546875,411.3443603515625));
#134=VERTEX_POINT('',#133);
#135=CARTESIAN_POINT('',(-28.50923728942871,-87.44158935546875,411.3443603515625));
#136=VERTEX_POINT('',#135);
#137=CARTESIAN_POINT('',(-24.484237670898438,-87.93157958984375,411.2447814941406));
#138=VERTEX_POINT('',#137);
#139=CARTESIAN_POINT('',(-16.434236526489258,-87.93157958984375,411.2447814941406));
#140=VERTEX_POINT('',#139);
#141=CARTESIAN_POINT('',(-16.434236526489258,-90.67236328125,409.66741943359375));
#142=VERTEX_POINT('',#141);
#143=CARTESIAN_POINT('',(-15.859236717224121,-89.99370574951172,409.4811096191406));
#144=VERTEX_POINT('',#143);
#145=CARTESIAN_POINT('',(-15.97641372680664,-90.22509002685547,409.46551513671875));
#146=VERTEX_POINT('',#145);
#147=CARTESIAN_POINT('',(-16.434236526489258,-90.57279968261719,409.17742919921875));
#148=VERTEX_POINT('',#147);
#149=CARTESIAN_POINT('',(-16.434236526489258,-87.234619140625,407.81488037109375));
#150=VERTEX_POINT('',#149);
#151=CARTESIAN_POINT('',(-24.484237670898438,-87.234619140625,407.81488037109375));
#152=VERTEX_POINT('',#151);
#153=CARTESIAN_POINT('',(-24.484237670898438,-90.57279968261719,409.17742919921875));
#154=VERTEX_POINT('',#153);
#155=CARTESIAN_POINT('',(-24.942060470581055,-90.22509002685547,409.46551513671875));
#156=VERTEX_POINT('',#155);
#157=CARTESIAN_POINT('',(-25.059236526489258,-89.99370574951172,409.4811096191406));
#158=VERTEX_POINT('',#157);
#159=CARTESIAN_POINT('',(-24.484237670898438,-90.67236328125,409.66741943359375));
#160=VERTEX_POINT('',#159);
#161=STYLED_ITEM('',(#25),#162);
#162=FACE_SURFACE('',(#167),#163,.T.);
#163=PLANE('',#164);
#164=AXIS2_PLACEMENT_3D('',#41,#165,#166);
#165=DIRECTION('',(0,0.19913321740872408,-0.979972429063415));
#166=DIRECTION('',(1,0,0));
#167=FACE_BOUND('',#168,.T.);
#168=EDGE_LOOP('',(#169,#170,#171));
#169=ORIENTED_EDGE('',*,*,#172,.T.);
#170=ORIENTED_EDGE('',*,*,#173,.T.);
#171=ORIENTED_EDGE('',*,*,#174,.T.);
#172=EDGE_CURVE('',#42,#44,#175,.F.);
#173=EDGE_CURVE('',#44,#46,#176,.T.);
#174=EDGE_CURVE('',#46,#42,#177,.T.);
#175=LINE('',#41,#178);
#176=LINE('',#43,#179);
#177=LINE('',#45,#180);
#178=VECTOR('',#181,1.0);
#179=VECTOR('',#182,1.0);
#180=VECTOR('',#183,1.0);
#181=DIRECTION('',(1,0,0));
#182=DIRECTION('',(-0.8944270990448092,-0.43825717371916945,-0.08905511876345339));
#183=DIRECTION('',(0,0.979972429063415,0.19913321740872408));
#184=STYLED_ITEM('',(#25),#185);
#185=FACE_SURFACE('',(#190),#186,.T.);
#186=PLANE('',#187);
#187=AXIS2_PLACEMENT_3D('',#45,#188,#189);
#188=DIRECTION('',(0,0.19913321740872408,-0.979972429063415));
#189=DIRECTION('',(0.8944270990448092,0.43825717371916945,0.08905511876345339));
#190=FACE_BOUND('',#191,.T.);
#191=EDGE_LOOP('',(#192,#193,#194));
#192=ORIENTED_EDGE('',*,*,#195,.T.);
#193=ORIENTED_EDGE('',*,*,#196,.T.);
#194=ORIENTED_EDGE('',*,*,#197,.T.);
#195=EDGE_CURVE('',#46,#44,#198,.F.);
#196=EDGE_CURVE('',#44,#48,#199,.T.);
#197=EDGE_CURVE('',#48,#46,#200,.T.);
#198=LINE('',#45,#201);
#199=LINE('',#43,#202);
#200=LINE('',#47,#203);
#201=VECTOR('',#204,1.0);
#202=VECTOR('',#205,1.0);
#203=VECTOR('',#206,1.0);
#204=DIRECTION('',(0.8944270990448092,0.43825717371916945,0.08905511876345339));
#205=DIRECTION('',(0,-0.979972429063415,-0.19913321740872408));
#206=DIRECTION('',(-1,0,0));
#207=STYLED_ITEM('',(#25),#208);
#208=FACE_SURFACE('',(#213),#209,.T.);
#209=PLANE('',#210);
#210=AXIS2_PLACEMENT_3D('',#49,#211,#212);
#211=DIRECTION('',(-0,-0.9799732246906567,-0.19912930193569117));
#212=DIRECTION('',(-1,0,0));
#213=FACE_BOUND('',#214,.T.);
#214=EDGE_LOOP('',(#215,#216,#217));
#215=ORIENTED_EDGE('',*,*,#218,.T.);
#216=ORIENTED_EDGE('',*,*,#219,.T.);
#217=ORIENTED_EDGE('',*,*,#220,.T.);
#218=EDGE_CURVE('',#50,#52,#221,.F.);
#219=EDGE_CURVE('',#52,#48,#222,.T.);
#220=EDGE_CURVE('',#48,#50,#223,.T.);
#221=LINE('',#49,#224);
#222=LINE('',#51,#225);
#223=LINE('',#47,#226);
#224=VECTOR('',#227,1.0);
#225=VECTOR('',#228,1.0);
#226=VECTOR('',#229,1.0);
#227=DIRECTION('',(-1,0,0));
#228=DIRECTION('',(0.8574924042723062,0.10245135368367836,-0.504192916197443));
#229=DIRECTION('',(0,-0.1991293019356912,0.9799732246906567));
#230=STYLED_ITEM('',(#25),#231);
#231=FACE_SURFACE('',(#236),#232,.T.);
#232=PLANE('',#233);
#233=AXIS2_PLACEMENT_3D('',#47,#234,#235);
#234=DIRECTION('',(-0,-0.9799732246906567,-0.19912930193569117));
#235=DIRECTION('',(-0.8574924042723062,-0.10245135368367836,0.504192916197443));
#236=FACE_BOUND('',#237,.T.);
#237=EDGE_LOOP('',(#238,#239,#240));
#238=ORIENTED_EDGE('',*,*,#241,.T.);
#239=ORIENTED_EDGE('',*,*,#242,.T.);
#240=ORIENTED_EDGE('',*,*,#243,.T.);
#241=EDGE_CURVE('',#48,#52,#244,.F.);
#242=EDGE_CURVE('',#52,#46,#245,.T.);
#243=EDGE_CURVE('',#46,#48,#246,.T.);
#244=LINE('',#47,#247);
#245=LINE('',#51,#248);
#246=LINE('',#45,#249);
#247=VECTOR('',#250,1.0);
#248=VECTOR('',#251,1.0);
#249=VECTOR('',#252,1.0);
#250=DIRECTION('',(-0.8574924042723062,-0.10245135368367836,0.504192916197443));
#251=DIRECTION('',(0,0.1991293019356912,-0.9799732246906567));
#252=DIRECTION('',(1,0,0));
#253=STYLED_ITEM('',(#25),#254);
#254=FACE_SURFACE('',(#259),#255,.T.);
#255=PLANE('',#256);
#256=AXIS2_PLACEMENT_3D('',#53,#257,#258);
#257=DIRECTION('',(1,0,0));
#258=DIRECTION('',(0,-0.9799736201177741,-0.19912735591390926));
#259=FACE_BOUND('',#260,.T.);
#260=EDGE_LOOP('',(#261,#262,#263));
#261=ORIENTED_EDGE('',*,*,#264,.T.);
#262=ORIENTED_EDGE('',*,*,#265,.T.);
#263=ORIENTED_EDGE('',*,*,#266,.T.);
#264=EDGE_CURVE('',#54,#50,#267,.F.);
#265=EDGE_CURVE('',#50,#44,#268,.T.);
#266=EDGE_CURVE('',#44,#54,#269,.T.);
#267=LINE('',#53,#270);
#268=LINE('',#49,#271);
#269=LINE('',#43,#272);
#270=VECTOR('',#273,1.0);
#271=VECTOR('',#274,1.0);
#272=VECTOR('',#275,1.0);
#273=DIRECTION('',(0,-0.9799736201177741,-0.19912735591390926));
#274=DIRECTION('',(0,0.7803394132591943,-0.6253562185780966));
#275=DIRECTION('',(0,-0.19913029447875685,0.9799730230066559));
#276=STYLED_ITEM('',(#25),#277);
#277=FACE_SURFACE('',(#282),#278,.T.);
#278=PLANE('',#279);
#279=AXIS2_PLACEMENT_3D('',#43,#280,#281);
#280=DIRECTION('',(1,0,0));
#281=DIRECTION('',(0,-0.7803394132591943,0.6253562185780966));
#282=FACE_BOUND('',#283,.T.);
#283=EDGE_LOOP('',(#284,#285,#286));
#284=ORIENTED_EDGE('',*,*,#287,.T.);
#285=ORIENTED_EDGE('',*,*,#288,.T.);
#286=ORIENTED_EDGE('',*,*,#289,.T.);
#287=EDGE_CURVE('',#44,#50,#290,.F.);
#288=EDGE_CURVE('',#50,#48,#291,.T.);
#289=EDGE_CURVE('',#48,#44,#292,.T.);
#290=LINE('',#43,#293);
#291=LINE('',#49,#294);
#292=LINE('',#47,#295);
#293=VECTOR('',#296,1.0);
#294=VECTOR('',#297,1.0);
#295=VECTOR('',#298,1.0);
#296=DIRECTION('',(0,-0.7803394132591943,0.6253562185780966));
#297=DIRECTION('',(0,0.1991293019356912,-0.9799732246906567));
#298=DIRECTION('',(0,0.979972429063415,0.19913321740872408));
#299=STYLED_ITEM('',(#25),#300);
#300=FACE_SURFACE('',(#305),#301,.T.);
#301=PLANE('',#302);
#302=AXIS2_PLACEMENT_3D('',#51,#303,#304);
#303=DIRECTION('',(-1,0,0));
#304=DIRECTION('',(0,0.9799736201177741,0.19912735591390926));
#305=FACE_BOUND('',#306,.T.);
#306=EDGE_LOOP('',(#307,#308,#309));
#307=ORIENTED_EDGE('',*,*,#310,.T.);
#308=ORIENTED_EDGE('',*,*,#311,.T.);
#309=ORIENTED_EDGE('',*,*,#312,.T.);
#310=EDGE_CURVE('',#52,#56,#313,.F.);
#311=EDGE_CURVE('',#56,#46,#314,.T.);
#312=EDGE_CURVE('',#46,#52,#315,.T.);
#313=LINE('',#51,#316);
#314=LINE('',#55,#317);
#315=LINE('',#45,#318);
#316=VECTOR('',#319,1.0);
#317=VECTOR('',#320,1.0);
#318=VECTOR('',#321,1.0);
#319=DIRECTION('',(0,0.9799736201177741,0.19912735591390926));
#320=DIRECTION('',(0,-0.4743876216145302,-0.8803160707716913));
#321=DIRECTION('',(0,-0.1991293019356912,0.9799732246906567));
#322=STYLED_ITEM('',(#25),#323);
#323=FACE_SURFACE('',(#328),#324,.T.);
#324=PLANE('',#325);
#325=AXIS2_PLACEMENT_3D('',#45,#326,#327);
#326=DIRECTION('',(-1,0,0));
#327=DIRECTION('',(0,0.4743876216145302,0.8803160707716913));
#328=FACE_BOUND('',#329,.T.);
#329=EDGE_LOOP('',(#330,#331,#332));
#330=ORIENTED_EDGE('',*,*,#333,.T.);
#331=ORIENTED_EDGE('',*,*,#334,.T.);
#332=ORIENTED_EDGE('',*,*,#335,.T.);
#333=EDGE_CURVE('',#46,#56,#336,.F.);
#334=EDGE_CURVE('',#56,#42,#337,.T.);
#335=EDGE_CURVE('',#42,#46,#338,.T.);
#336=LINE('',#45,#339);
#337=LINE('',#55,#340);
#338=LINE('',#41,#341);
#339=VECTOR('',#342,1.0);
#340=VECTOR('',#343,1.0);
#341=VECTOR('',#344,1.0);
#342=DIRECTION('',(0,0.4743876216145302,0.8803160707716913));
#343=DIRECTION('',(0,0.19913029447875685,-0.9799730230066559));
#344=DIRECTION('',(0,-0.979972429063415,-0.19913321740872408));
#345=STYLED_ITEM('',(#25),#346);
#346=FACE_SURFACE('',(#351),#347,.T.);
#347=PLANE('',#348);
#348=AXIS2_PLACEMENT_3D('',#57,#349,#350);
#349=DIRECTION('',(0.582013618334531,-0.6129694562929064,-0.5343487566422567));
#350=DIRECTION('',(0.5679222632799483,-0.16390097656023542,0.8065982722232811));
#351=FACE_BOUND('',#352,.T.);
#352=EDGE_LOOP('',(#353,#354,#355));
#353=ORIENTED_EDGE('',*,*,#356,.T.);
#354=ORIENTED_EDGE('',*,*,#357,.T.);
#355=ORIENTED_EDGE('',*,*,#358,.T.);
#356=EDGE_CURVE('',#58,#60,#359,.F.);
#357=EDGE_CURVE('',#60,#62,#360,.T.);
#358=EDGE_CURVE('',#62,#58,#361,.T.);
#359=LINE('',#57,#362);
#360=LINE('',#59,#363);
#361=LINE('',#61,#364);
#362=VECTOR('',#365,1.0);
#363=VECTOR('',#366,1.0);
#364=VECTOR('',#367,1.0);
#365=DIRECTION('',(0.5679222632799483,-0.16390097656023542,0.8065982722232811));
#366=DIRECTION('',(-0.7204252023748564,-0.08390473493732549,-0.6884384672853807));
#367=DIRECTION('',(0.7720969762763263,0.6227742763318487,0.12656405478766955));
#368=STYLED_ITEM('',(#25),#369);
#369=FACE_SURFACE('',(#374),#370,.T.);
#370=PLANE('',#371);
#371=AXIS2_PLACEMENT_3D('',#61,#372,#373);
#372=DIRECTION('',(0.5820132085714184,-0.6129703098502184,-0.5343482238115234));
#373=DIRECTION('',(0.7204252023748564,0.08390473493732549,0.6884384672853807));
#374=FACE_BOUND('',#375,.T.);
#375=EDGE_LOOP('',(#376,#377,#378));
#376=ORIENTED_EDGE('',*,*,#379,.T.);
#377=ORIENTED_EDGE('',*,*,#380,.T.);
#378=ORIENTED_EDGE('',*,*,#381,.T.);
#379=EDGE_CURVE('',#62,#60,#382,.F.);
#380=EDGE_CURVE('',#60,#64,#383,.T.);
#381=EDGE_CURVE('',#64,#62,#384,.T.);
#382=LINE('',#61,#385);
#383=LINE('',#59,#386);
#384=LINE('',#63,#387);
#385=VECTOR('',#388,1.0);
#386=VECTOR('',#389,1.0);
#387=VECTOR('',#390,1.0);
#388=DIRECTION('',(0.7204252023748564,0.08390473493732549,0.6884384672853807));
#389=DIRECTION('',(-0.34799518319460554,-0.7816463618341408,0.5176179261818549));
#390=DIRECTION('',(-0.5679227152151362,0.1638999093703008,-0.8065981708701517));
#391=STYLED_ITEM('',(#25),#392);
#392=FACE_SURFACE('',(#397),#393,.T.);
#393=PLANE('',#394);
#394=AXIS2_PLACEMENT_3D('',#57,#395,#396);
#395=DIRECTION('',(0.8230821969104613,0.1130909928949157,-0.5565484026166017));
#396=DIRECTION('',(0,0.9799728565003166,0.1991311138988824));
#397=FACE_BOUND('',#398,.T.);
#398=EDGE_LOOP('',(#399,#400,#401));
#399=ORIENTED_EDGE('',*,*,#402,.T.);
#400=ORIENTED_EDGE('',*,*,#403,.T.);
#401=ORIENTED_EDGE('',*,*,#404,.T.);
#402=EDGE_CURVE('',#58,#66,#405,.F.);
#403=EDGE_CURVE('',#66,#60,#406,.T.);
#404=EDGE_CURVE('',#60,#58,#407,.T.);
#405=LINE('',#57,#408);
#406=LINE('',#65,#409);
#407=LINE('',#59,#410);
#408=VECTOR('',#411,1.0);
#409=VECTOR('',#412,1.0);
#410=VECTOR('',#413,1.0);
#411=DIRECTION('',(0,0.9799728565003166,0.1991311138988824));
#412=DIRECTION('',(0.08889070591591083,-0.9935483047972923,-0.07042874722865528));
#413=DIRECTION('',(-0.5679222632799483,0.16390097656023542,-0.8065982722232811));
#414=STYLED_ITEM('',(#25),#415);
#415=FACE_SURFACE('',(#420),#416,.T.);
#416=PLANE('',#417);
#417=AXIS2_PLACEMENT_3D('',#59,#418,#419);
#418=DIRECTION('',(0.8230769039385541,0.11309107306549386,-0.5565562140483378));
#419=DIRECTION('',(-0.08889070591591083,0.9935483047972923,0.07042874722865528));
#420=FACE_BOUND('',#421,.T.);
#421=EDGE_LOOP('',(#422,#423,#424));
#422=ORIENTED_EDGE('',*,*,#425,.T.);
#423=ORIENTED_EDGE('',*,*,#426,.T.);
#424=ORIENTED_EDGE('',*,*,#427,.T.);
#425=EDGE_CURVE('',#60,#66,#428,.F.);
#426=EDGE_CURVE('',#66,#68,#429,.T.);
#427=EDGE_CURVE('',#68,#60,#430,.T.);
#428=LINE('',#59,#431);
#429=LINE('',#65,#432);
#430=LINE('',#67,#433);
#431=VECTOR('',#434,1.0);
#432=VECTOR('',#435,1.0);
#433=VECTOR('',#436,1.0);
#434=DIRECTION('',(-0.08889070591591083,0.9935483047972923,0.07042874722865528));
#435=DIRECTION('',(0.5679299342298308,-0.16390319037761533,0.8065924212325201));
#436=DIRECTION('',(0,-0.9799733743487963,-0.19912856542302995));
#437=STYLED_ITEM('',(#25),#438);
#438=FACE_SURFACE('',(#443),#439,.T.);
#439=PLANE('',#440);
#440=AXIS2_PLACEMENT_3D('',#57,#441,#442);
#441=DIRECTION('',(2.0208532710161915E-05,0.19913111385822135,-0.9799728563002137));
#442=DIRECTION('',(-0.7720969762763263,-0.6227742763318487,-0.12656405478766955));
#443=FACE_BOUND('',#444,.T.);
#444=EDGE_LOOP('',(#445,#446,#447));
#445=ORIENTED_EDGE('',*,*,#448,.T.);
#446=ORIENTED_EDGE('',*,*,#449,.T.);
#447=ORIENTED_EDGE('',*,*,#450,.T.);
#448=EDGE_CURVE('',#58,#62,#451,.F.);
#449=EDGE_CURVE('',#62,#66,#452,.T.);
#450=EDGE_CURVE('',#66,#58,#453,.T.);
#451=LINE('',#57,#454);
#452=LINE('',#61,#455);
#453=LINE('',#65,#456);
#454=VECTOR('',#457,1.0);
#455=VECTOR('',#458,1.0);
#456=VECTOR('',#459,1.0);
#457=DIRECTION('',(-0.7720969762763263,-0.6227742763318487,-0.12656405478766955));
#458=DIRECTION('',(0.05055815690153844,0.9787193840038657,0.19887745006866173));
#459=DIRECTION('',(0,-0.9799728565003166,-0.1991311138988824));
#460=STYLED_ITEM('',(#25),#461);
#461=FACE_SURFACE('',(#466),#462,.T.);
#462=PLANE('',#463);
#463=AXIS2_PLACEMENT_3D('',#65,#464,#465);
#464=DIRECTION('',(0,0.19913211642520226,-0.9799726527857905));
#465=DIRECTION('',(-0.05055815690153844,-0.9787193840038657,-0.19887745006866173));
#466=FACE_BOUND('',#467,.T.);
#467=EDGE_LOOP('',(#468,#469,#470));
#468=ORIENTED_EDGE('',*,*,#471,.T.);
#469=ORIENTED_EDGE('',*,*,#472,.T.);
#470=ORIENTED_EDGE('',*,*,#473,.T.);
#471=EDGE_CURVE('',#66,#62,#474,.F.);
#472=EDGE_CURVE('',#62,#70,#475,.T.);
#473=EDGE_CURVE('',#70,#66,#476,.T.);
#474=LINE('',#65,#477);
#475=LINE('',#61,#478);
#476=LINE('',#69,#479);
#477=VECTOR('',#480,1.0);
#478=VECTOR('',#481,1.0);
#479=VECTOR('',#482,1.0);
#480=DIRECTION('',(-0.05055815690153844,-0.9787193840038657,-0.19887745006866173));
#481=DIRECTION('',(-0.08608901335679911,0.9763344546997863,0.19839282836162148));
#482=DIRECTION('',(1,0,0));
#483=STYLED_ITEM('',(#25),#484);
#484=FACE_SURFACE('',(#489),#485,.T.);
#485=PLANE('',#486);
#486=AXIS2_PLACEMENT_3D('',#69,#487,#488);
#487=DIRECTION('',(0,0.1991321164252023,-0.9799726527857907));
#488=DIRECTION('',(0.08608901335679911,-0.9763344546997863,-0.19839282836162148));
#489=FACE_BOUND('',#490,.T.);
#490=EDGE_LOOP('',(#491,#492,#493));
#491=ORIENTED_EDGE('',*,*,#494,.T.);
#492=ORIENTED_EDGE('',*,*,#495,.T.);
#493=ORIENTED_EDGE('',*,*,#496,.T.);
#494=EDGE_CURVE('',#70,#62,#497,.F.);
#495=EDGE_CURVE('',#62,#72,#498,.T.);
#496=EDGE_CURVE('',#72,#70,#499,.T.);
#497=LINE('',#69,#500);
#498=LINE('',#61,#501);
#499=LINE('',#71,#502);
#500=VECTOR('',#503,1.0);
#501=VECTOR('',#504,1.0);
#502=VECTOR('',#505,1.0);
#503=DIRECTION('',(0.08608901335679911,-0.9763344546997863,-0.19839282836162148));
#504=DIRECTION('',(-1,0,0));
#505=DIRECTION('',(0,0.9799726527857906,0.1991321164252023));
#506=STYLED_ITEM('',(#25),#507);
#507=FACE_SURFACE('',(#512),#508,.T.);
#508=PLANE('',#509);
#509=AXIS2_PLACEMENT_3D('',#69,#510,#511);
#510=DIRECTION('',(-1.754457333997911E-05,0.19913211639455464,-0.9799726526349668));
#511=DIRECTION('',(0,-0.9799726527857906,-0.1991321164252023));
#512=FACE_BOUND('',#513,.T.);
#513=EDGE_LOOP('',(#514,#515,#516));
#514=ORIENTED_EDGE('',*,*,#517,.T.);
#515=ORIENTED_EDGE('',*,*,#518,.T.);
#516=ORIENTED_EDGE('',*,*,#519,.T.);
#517=EDGE_CURVE('',#70,#72,#520,.F.);
#518=EDGE_CURVE('',#72,#74,#521,.T.);
#519=EDGE_CURVE('',#74,#70,#522,.T.);
#520=LINE('',#69,#523);
#521=LINE('',#71,#524);
#522=LINE('',#73,#525);
#523=VECTOR('',#526,1.0);
#524=VECTOR('',#527,1.0);
#525=VECTOR('',#528,1.0);
#526=DIRECTION('',(0,-0.9799726527857906,-0.1991321164252023));
#527=DIRECTION('',(-0.8016684190571345,0.5857944459421606,0.11904878407506664));
#528=DIRECTION('',(0.05821057961670188,0.9783111425518353,0.19879345255719574));
#529=STYLED_ITEM('',(#25),#530);
#530=FACE_SURFACE('',(#535),#531,.T.);
#531=PLANE('',#532);
#532=AXIS2_PLACEMENT_3D('',#73,#533,#534);
#533=DIRECTION('',(1.913955528846874E-05,0.1991300201959107,-0.9799730785539231));
#534=DIRECTION('',(0,0.9799730787334162,0.1991300202323836));
#535=FACE_BOUND('',#536,.T.);
#536=EDGE_LOOP('',(#537,#538,#539));
#537=ORIENTED_EDGE('',*,*,#540,.T.);
#538=ORIENTED_EDGE('',*,*,#541,.T.);
#539=ORIENTED_EDGE('',*,*,#542,.T.);
#540=EDGE_CURVE('',#74,#76,#543,.F.);
#541=EDGE_CURVE('',#76,#70,#544,.T.);
#542=EDGE_CURVE('',#70,#74,#545,.T.);
#543=LINE('',#73,#546);
#544=LINE('',#75,#547);
#545=LINE('',#69,#548);
#546=VECTOR('',#549,1.0);
#547=VECTOR('',#550,1.0);
#548=VECTOR('',#551,1.0);
#549=DIRECTION('',(0,0.9799730787334162,0.1991300202323836));
#550=DIRECTION('',(0.8016684190571345,0.5857944459421606,0.11904878407506664));
#551=DIRECTION('',(-0.05821057961670188,-0.9783111425518353,-0.19879345255719574));
#552=STYLED_ITEM('',(#25),#553);
#553=FACE_SURFACE('',(#558),#554,.T.);
#554=PLANE('',#555);
#555=AXIS2_PLACEMENT_3D('',#77,#556,#557);
#556=DIRECTION('',(-0,-0.5521279544409476,-0.8337593909065463));
#557=DIRECTION('',(-0.22000737895630496,-0.8133307914733472,0.5385998299722303));
#558=FACE_BOUND('',#559,.T.);
#559=EDGE_LOOP('',(#560,#561,#562));
#560=ORIENTED_EDGE('',*,*,#563,.T.);
#561=ORIENTED_EDGE('',*,*,#564,.T.);
#562=ORIENTED_EDGE('',*,*,#565,.T.);
#563=EDGE_CURVE('',#78,#80,#566,.F.);
#564=EDGE_CURVE('',#80,#60,#567,.T.);
#565=EDGE_CURVE('',#60,#78,#568,.T.);
#566=LINE('',#77,#569);
#567=LINE('',#79,#570);
#568=LINE('',#59,#571);
#569=VECTOR('',#572,1.0);
#570=VECTOR('',#573,1.0);
#571=VECTOR('',#574,1.0);
#572=DIRECTION('',(-0.22000737895630496,-0.8133307914733472,0.5385998299722303));
#573=DIRECTION('',(-0.9817141958968607,0.15871511210178477,-0.1051035240374839));
#574=DIRECTION('',(1,0,0));
#575=STYLED_ITEM('',(#25),#576);
#576=FACE_SURFACE('',(#581),#577,.T.);
#577=PLANE('',#578);
#578=AXIS2_PLACEMENT_3D('',#59,#579,#580);
#579=DIRECTION('',(0,-0.5521279544409475,-0.8337593909065462));
#580=DIRECTION('',(0.9817141958968607,-0.15871511210178477,0.1051035240374839));
#581=FACE_BOUND('',#582,.T.);
#582=EDGE_LOOP('',(#583,#584,#585));
#583=ORIENTED_EDGE('',*,*,#586,.T.);
#584=ORIENTED_EDGE('',*,*,#587,.T.);
#585=ORIENTED_EDGE('',*,*,#588,.T.);
#586=EDGE_CURVE('',#60,#80,#589,.F.);
#587=EDGE_CURVE('',#80,#64,#590,.T.);
#588=EDGE_CURVE('',#64,#60,#591,.T.);
#589=LINE('',#59,#592);
#590=LINE('',#79,#593);
#591=LINE('',#63,#594);
#592=VECTOR('',#595,1.0);
#593=VECTOR('',#596,1.0);
#594=VECTOR('',#597,1.0);
#595=DIRECTION('',(0.9817141958968607,-0.15871511210178477,0.1051035240374839));
#596=DIRECTION('',(-1,0,0));
#597=DIRECTION('',(0.34799518319460554,0.7816463618341408,-0.5176179261818549));
#598=STYLED_ITEM('',(#25),#599);
#599=FACE_SURFACE('',(#604),#600,.T.);
#600=PLANE('',#601);
#601=AXIS2_PLACEMENT_3D('',#79,#602,#603);
#602=DIRECTION('',(-0,-0.9799771802726529,-0.1991098343750515));
#603=DIRECTION('',(-0.6913378433709302,-0.14386315730987184,0.7080645297513966));
#604=FACE_BOUND('',#605,.T.);
#605=EDGE_LOOP('',(#606,#607,#608));
#606=ORIENTED_EDGE('',*,*,#609,.T.);
#607=ORIENTED_EDGE('',*,*,#610,.T.);
#608=ORIENTED_EDGE('',*,*,#611,.T.);
#609=EDGE_CURVE('',#80,#82,#612,.F.);
#610=EDGE_CURVE('',#82,#64,#613,.T.);
#611=EDGE_CURVE('',#64,#80,#614,.T.);
#612=LINE('',#79,#615);
#613=LINE('',#81,#616);
#614=LINE('',#63,#617);
#615=VECTOR('',#618,1.0);
#616=VECTOR('',#619,1.0);
#617=VECTOR('',#620,1.0);
#618=DIRECTION('',(-0.6913378433709302,-0.14386315730987184,0.7080645297513966));
#619=DIRECTION('',(-0.9996497778658345,0.005269161086196892,-0.025933714624698748));
#620=DIRECTION('',(1,0,0));
#621=STYLED_ITEM('',(#25),#622);
#622=FACE_SURFACE('',(#627),#623,.T.);
#623=PLANE('',#624);
#624=AXIS2_PLACEMENT_3D('',#63,#625,#626);
#625=DIRECTION('',(5.808578572930998E-07,-0.9799728112413665,-0.19913133662825533));
#626=DIRECTION('',(0.9996497778658345,-0.005269161086196892,0.025933714624698748));
#627=FACE_BOUND('',#628,.T.);
#628=EDGE_LOOP('',(#629,#630,#631));
#629=ORIENTED_EDGE('',*,*,#632,.T.);
#630=ORIENTED_EDGE('',*,*,#633,.T.);
#631=ORIENTED_EDGE('',*,*,#634,.T.);
#632=EDGE_CURVE('',#64,#82,#635,.F.);
#633=EDGE_CURVE('',#82,#84,#636,.T.);
#634=EDGE_CURVE('',#84,#64,#637,.T.);
#635=LINE('',#63,#638);
#636=LINE('',#81,#639);
#637=LINE('',#83,#640);
#638=VECTOR('',#641,1.0);
#639=VECTOR('',#642,1.0);
#640=VECTOR('',#643,1.0);
#641=DIRECTION('',(0.9996497778658345,-0.005269161086196892,0.025933714624698748));
#642=DIRECTION('',(-0.7931581206921176,-0.1212745737448856,0.5968187943950363));
#643=DIRECTION('',(-0.2653655262838175,0.19199190530386942,-0.944838740610218));
#644=STYLED_ITEM('',(#25),#645);
#645=FACE_SURFACE('',(#650),#646,.T.);
#646=PLANE('',#647);
#647=AXIS2_PLACEMENT_3D('',#63,#648,#649);
#648=DIRECTION('',(1.8035750627170794E-06,-0.9799727442257372,-0.19913166642055));
#649=DIRECTION('',(0.2653655262838175,-0.19199190530386942,0.944838740610218));
#650=FACE_BOUND('',#651,.T.);
#651=EDGE_LOOP('',(#652,#653,#654));
#652=ORIENTED_EDGE('',*,*,#655,.T.);
#653=ORIENTED_EDGE('',*,*,#656,.T.);
#654=ORIENTED_EDGE('',*,*,#657,.T.);
#655=EDGE_CURVE('',#64,#84,#658,.F.);
#656=EDGE_CURVE('',#84,#72,#659,.T.);
#657=EDGE_CURVE('',#72,#64,#660,.T.);
#658=LINE('',#63,#661);
#659=LINE('',#83,#662);
#660=LINE('',#71,#663);
#661=VECTOR('',#664,1.0);
#662=VECTOR('',#665,1.0);
#663=VECTOR('',#666,1.0);
#664=DIRECTION('',(0.2653655262838175,-0.19199190530386942,0.944838740610218));
#665=DIRECTION('',(-0.5679249501412791,0.16390035651513168,-0.8065965064028223));
#666=DIRECTION('',(0.7704247784671939,-0.1269512307369255,0.6247631917279978));
#667=STYLED_ITEM('',(#25),#668);
#668=FACE_SURFACE('',(#673),#669,.T.);
#669=PLANE('',#670);
#670=AXIS2_PLACEMENT_3D('',#81,#671,#672);
#671=DIRECTION('',(1.1709289980920268E-06,-0.9799729642700947,-0.19913058353329996));
#672=DIRECTION('',(0,-0.1991305835334365,0.9799729642707666));
#673=FACE_BOUND('',#674,.T.);
#674=EDGE_LOOP('',(#675,#676,#677));
#675=ORIENTED_EDGE('',*,*,#678,.T.);
#676=ORIENTED_EDGE('',*,*,#679,.T.);
#677=ORIENTED_EDGE('',*,*,#680,.T.);
#678=EDGE_CURVE('',#82,#86,#681,.F.);
#679=EDGE_CURVE('',#86,#84,#682,.T.);
#680=EDGE_CURVE('',#84,#82,#683,.T.);
#681=LINE('',#81,#684);
#682=LINE('',#85,#685);
#683=LINE('',#83,#686);
#684=VECTOR('',#687,1.0);
#685=VECTOR('',#688,1.0);
#686=VECTOR('',#689,1.0);
#687=DIRECTION('',(0,-0.1991305835334365,0.9799729642707666));
#688=DIRECTION('',(-0.9999625772054425,-0.0017238765953800147,0.008477761386911347));
#689=DIRECTION('',(0.7931581206921176,0.1212745737448856,-0.5968187943950363));
#690=STYLED_ITEM('',(#25),#691);
#691=FACE_SURFACE('',(#696),#692,.T.);
#692=PLANE('',#693);
#693=AXIS2_PLACEMENT_3D('',#83,#694,#695);
#694=DIRECTION('',(0,-0.9799460043978299,-0.19926321402789973));
#695=DIRECTION('',(0.9999625772054425,0.0017238765953800147,-0.008477761386911347));
#696=FACE_BOUND('',#697,.T.);
#697=EDGE_LOOP('',(#698,#699,#700));
#698=ORIENTED_EDGE('',*,*,#701,.T.);
#699=ORIENTED_EDGE('',*,*,#702,.T.);
#700=ORIENTED_EDGE('',*,*,#703,.T.);
#701=EDGE_CURVE('',#84,#86,#704,.F.);
#702=EDGE_CURVE('',#86,#88,#705,.T.);
#703=EDGE_CURVE('',#88,#84,#706,.T.);
#704=LINE('',#83,#707);
#705=LINE('',#85,#708);
#706=LINE('',#87,#709);
#707=VECTOR('',#710,1.0);
#708=VECTOR('',#711,1.0);
#709=VECTOR('',#712,1.0);
#710=DIRECTION('',(0.9999625772054425,0.0017238765953800147,-0.008477761386911347));
#711=DIRECTION('',(0.7373588548709428,-0.1346025472628017,0.6619547366805205));
#712=DIRECTION('',(-1,0,0));
#713=STYLED_ITEM('',(#25),#714);
#714=FACE_SURFACE('',(#719),#715,.T.);
#715=PLANE('',#716);
#716=AXIS2_PLACEMENT_3D('',#71,#717,#718);
#717=DIRECTION('',(0,-0.9799731782388112,-0.1991295305386));
#718=DIRECTION('',(1,0,0));
#719=FACE_BOUND('',#720,.T.);
#720=EDGE_LOOP('',(#721,#722,#723));
#721=ORIENTED_EDGE('',*,*,#724,.T.);
#722=ORIENTED_EDGE('',*,*,#725,.T.);
#723=ORIENTED_EDGE('',*,*,#726,.T.);
#724=EDGE_CURVE('',#72,#62,#727,.F.);
#725=EDGE_CURVE('',#62,#64,#728,.T.);
#726=EDGE_CURVE('',#64,#72,#729,.T.);
#727=LINE('',#71,#730);
#728=LINE('',#61,#731);
#729=LINE('',#63,#732);
#730=VECTOR('',#733,1.0);
#731=VECTOR('',#734,1.0);
#732=VECTOR('',#735,1.0);
#733=DIRECTION('',(1,0,0));
#734=DIRECTION('',(0.5679227152151362,-0.1638999093703008,0.8065981708701517));
#735=DIRECTION('',(-0.7704247784671939,0.1269512307369255,-0.6247631917279978));
#736=STYLED_ITEM('',(#25),#737);
#737=FACE_SURFACE('',(#742),#738,.T.);
#738=PLANE('',#739);
#739=AXIS2_PLACEMENT_3D('',#89,#740,#741);
#740=DIRECTION('',(-0.5820140751818405,-0.6129688495810258,-0.5343489550224092));
#741=DIRECTION('',(0.7720964867438493,-0.6227748591675066,-0.12656417323515035));
#742=FACE_BOUND('',#743,.T.);
#743=EDGE_LOOP('',(#744,#745,#746));
#744=ORIENTED_EDGE('',*,*,#747,.T.);
#745=ORIENTED_EDGE('',*,*,#748,.T.);
#746=ORIENTED_EDGE('',*,*,#749,.T.);
#747=EDGE_CURVE('',#90,#92,#750,.F.);
#748=EDGE_CURVE('',#92,#94,#751,.T.);
#749=EDGE_CURVE('',#94,#90,#752,.T.);
#750=LINE('',#89,#753);
#751=LINE('',#91,#754);
#752=LINE('',#93,#755);
#753=VECTOR('',#756,1.0);
#754=VECTOR('',#757,1.0);
#755=VECTOR('',#758,1.0);
#756=DIRECTION('',(0.7720964867438493,-0.6227748591675066,-0.12656417323515035));
#757=DIRECTION('',(-0.720425001176609,0.08390476022248045,0.6884386747501123));
#758=DIRECTION('',(0.5679222632799483,0.16390097656023542,-0.8065982722232811));
#759=STYLED_ITEM('',(#25),#760);
#760=FACE_SURFACE('',(#765),#761,.T.);
#761=PLANE('',#762);
#762=AXIS2_PLACEMENT_3D('',#93,#763,#764);
#763=DIRECTION('',(-0.582013109871287,-0.612970860371261,-0.534347699792625));
#764=DIRECTION('',(0.720425001176609,-0.08390476022248045,-0.6884386747501123));
#765=FACE_BOUND('',#766,.T.);
#766=EDGE_LOOP('',(#767,#768,#769));
#767=ORIENTED_EDGE('',*,*,#770,.T.);
#768=ORIENTED_EDGE('',*,*,#771,.T.);
#769=ORIENTED_EDGE('',*,*,#772,.T.);
#770=EDGE_CURVE('',#94,#92,#773,.F.);
#771=EDGE_CURVE('',#92,#96,#774,.T.);
#772=EDGE_CURVE('',#96,#94,#775,.T.);
#773=LINE('',#93,#776);
#774=LINE('',#91,#777);
#775=LINE('',#95,#778);
#776=VECTOR('',#779,1.0);
#777=VECTOR('',#780,1.0);
#778=VECTOR('',#781,1.0);
#779=DIRECTION('',(0.720425001176609,-0.08390476022248045,-0.6884386747501123));
#780=DIRECTION('',(-0.5679221834421435,-0.1638999824350407,0.8065985304425627));
#781=DIRECTION('',(-0.3479962944804647,0.7816460179034151,-0.5176176984257779));
#782=STYLED_ITEM('',(#25),#783);
#783=FACE_SURFACE('',(#788),#784,.T.);
#784=PLANE('',#785);
#785=AXIS2_PLACEMENT_3D('',#97,#786,#787);
#786=DIRECTION('',(0,-0.9799771802726529,-0.1991098343750515));
#787=DIRECTION('',(1,0,0));
#788=FACE_BOUND('',#789,.T.);
#789=EDGE_LOOP('',(#790,#791,#792));
#790=ORIENTED_EDGE('',*,*,#793,.T.);
#791=ORIENTED_EDGE('',*,*,#794,.T.);
#792=ORIENTED_EDGE('',*,*,#795,.T.);
#793=EDGE_CURVE('',#98,#96,#796,.F.);
#794=EDGE_CURVE('',#96,#100,#797,.T.);
#795=EDGE_CURVE('',#100,#98,#798,.T.);
#796=LINE('',#97,#799);
#797=LINE('',#95,#800);
#798=LINE('',#99,#801);
#799=VECTOR('',#802,1.0);
#800=VECTOR('',#803,1.0);
#801=VECTOR('',#804,1.0);
#802=DIRECTION('',(1,0,0));
#803=DIRECTION('',(-0.9996497778658345,-0.005269161086196892,0.025933714624698748));
#804=DIRECTION('',(-0.6913378433709302,0.14386315730987184,-0.7080645297513966));
#805=STYLED_ITEM('',(#25),#806);
#806=FACE_SURFACE('',(#811),#807,.T.);
#807=PLANE('',#808);
#808=AXIS2_PLACEMENT_3D('',#99,#809,#810);
#809=DIRECTION('',(-5.808578632020294E-07,-0.9799728112413221,-0.19913133662847407));
#810=DIRECTION('',(0.9996497778658345,0.005269161086196892,-0.025933714624698748));
#811=FACE_BOUND('',#812,.T.);
#812=EDGE_LOOP('',(#813,#814,#815));
#813=ORIENTED_EDGE('',*,*,#816,.T.);
#814=ORIENTED_EDGE('',*,*,#817,.T.);
#815=ORIENTED_EDGE('',*,*,#818,.T.);
#816=EDGE_CURVE('',#100,#96,#819,.F.);
#817=EDGE_CURVE('',#96,#102,#820,.T.);
#818=EDGE_CURVE('',#102,#100,#821,.T.);
#819=LINE('',#99,#822);
#820=LINE('',#95,#823);
#821=LINE('',#101,#824);
#822=VECTOR('',#825,1.0);
#823=VECTOR('',#826,1.0);
#824=VECTOR('',#827,1.0);
#825=DIRECTION('',(0.9996497778658345,0.005269161086196892,-0.025933714624698748));
#826=DIRECTION('',(-0.2653658681790137,-0.19199188656543,0.9448386483938119));
#827=DIRECTION('',(-0.7931580308986588,0.12127459703207652,-0.5968189089964139));
#828=STYLED_ITEM('',(#25),#829);
#829=FACE_SURFACE('',(#834),#830,.T.);
#830=PLANE('',#831);
#831=AXIS2_PLACEMENT_3D('',#99,#832,#833);
#832=DIRECTION('',(-1.170929355495223E-06,-0.9799729642700948,-0.1991305835333));
#833=DIRECTION('',(0.7931580308986588,-0.12127459703207652,0.5968189089964139));
#834=FACE_BOUND('',#835,.T.);
#835=EDGE_LOOP('',(#836,#837,#838));
#836=ORIENTED_EDGE('',*,*,#839,.T.);
#837=ORIENTED_EDGE('',*,*,#840,.T.);
#838=ORIENTED_EDGE('',*,*,#841,.T.);
#839=EDGE_CURVE('',#100,#102,#842,.F.);
#840=EDGE_CURVE('',#102,#104,#843,.T.);
#841=EDGE_CURVE('',#104,#100,#844,.T.);
#842=LINE('',#99,#845);
#843=LINE('',#101,#846);
#844=LINE('',#103,#847);
#845=VECTOR('',#848,1.0);
#846=VECTOR('',#849,1.0);
#847=VECTOR('',#850,1.0);
#848=DIRECTION('',(0.7931580308986588,-0.12127459703207652,0.5968189089964139));
#849=DIRECTION('',(-0.9999625771825985,0.0017238771215202786,-0.008477763974388678));
#850=DIRECTION('',(0,0.1991305835334365,-0.9799729642707666));
#851=STYLED_ITEM('',(#25),#852);
#852=FACE_SURFACE('',(#857),#853,.T.);
#853=PLANE('',#854);
#854=AXIS2_PLACEMENT_3D('',#103,#855,#856);
#855=DIRECTION('',(0,-0.9799460043978299,-0.19926321402789973));
#856=DIRECTION('',(0.9999625771825985,-0.0017238771215202786,0.008477763974388678));
#857=FACE_BOUND('',#858,.T.);
#858=EDGE_LOOP('',(#859,#860,#861));
#859=ORIENTED_EDGE('',*,*,#862,.T.);
#860=ORIENTED_EDGE('',*,*,#863,.T.);
#861=ORIENTED_EDGE('',*,*,#864,.T.);
#862=EDGE_CURVE('',#104,#102,#865,.F.);
#863=EDGE_CURVE('',#102,#106,#866,.T.);
#864=EDGE_CURVE('',#106,#104,#867,.T.);
#865=LINE('',#103,#868);
#866=LINE('',#101,#869);
#867=LINE('',#105,#870);
#868=VECTOR('',#871,1.0);
#869=VECTOR('',#872,1.0);
#870=VECTOR('',#873,1.0);
#871=DIRECTION('',(0.9999625771825985,-0.0017238771215202786,0.008477763974388678));
#872=DIRECTION('',(-1,0,0));
#873=DIRECTION('',(0.7373697291240792,0.13460018196221193,-0.6619431044940507));
#874=STYLED_ITEM('',(#25),#875);
#875=FACE_SURFACE('',(#880),#876,.T.);
#876=PLANE('',#877);
#877=AXIS2_PLACEMENT_3D('',#91,#878,#879);
#878=DIRECTION('',(0,-0.979973178238811,-0.19912953053859997));
#879=DIRECTION('',(1,0,0));
#880=FACE_BOUND('',#881,.T.);
#881=EDGE_LOOP('',(#882,#883,#884));
#882=ORIENTED_EDGE('',*,*,#885,.T.);
#883=ORIENTED_EDGE('',*,*,#886,.T.);
#884=ORIENTED_EDGE('',*,*,#887,.T.);
#885=EDGE_CURVE('',#92,#108,#888,.F.);
#886=EDGE_CURVE('',#108,#96,#889,.T.);
#887=EDGE_CURVE('',#96,#92,#890,.T.);
#888=LINE('',#91,#891);
#889=LINE('',#107,#892);
#890=LINE('',#95,#893);
#891=VECTOR('',#894,1.0);
#892=VECTOR('',#895,1.0);
#893=VECTOR('',#896,1.0);
#894=DIRECTION('',(1,0,0));
#895=DIRECTION('',(-0.7704246549092283,-0.12695126046969268,0.62476333805142));
#896=DIRECTION('',(0.5679221834421435,0.1638999824350407,-0.8065985304425627));
#897=STYLED_ITEM('',(#25),#898);
#898=FACE_SURFACE('',(#903),#899,.T.);
#899=PLANE('',#900);
#900=AXIS2_PLACEMENT_3D('',#95,#901,#902);
#901=DIRECTION('',(-1.8035767215146239E-06,-0.9799727442255093,-0.19913166642167165));
#902=DIRECTION('',(0.7704246549092283,0.12695126046969268,-0.62476333805142));
#903=FACE_BOUND('',#904,.T.);
#904=EDGE_LOOP('',(#905,#906,#907));
#905=ORIENTED_EDGE('',*,*,#908,.T.);
#906=ORIENTED_EDGE('',*,*,#909,.T.);
#907=ORIENTED_EDGE('',*,*,#910,.T.);
#908=EDGE_CURVE('',#96,#108,#911,.F.);
#909=EDGE_CURVE('',#108,#102,#912,.T.);
#910=EDGE_CURVE('',#102,#96,#913,.T.);
#911=LINE('',#95,#914);
#912=LINE('',#107,#915);
#913=LINE('',#101,#916);
#914=VECTOR('',#917,1.0);
#915=VECTOR('',#918,1.0);
#916=VECTOR('',#919,1.0);
#917=DIRECTION('',(0.7704246549092283,0.12695126046969268,-0.62476333805142));
#918=DIRECTION('',(-0.5679249501412791,-0.16390035651513168,0.8065965064028223));
#919=DIRECTION('',(0.2653658681790137,0.19199188656543,-0.9448386483938119));
#920=STYLED_ITEM('',(#25),#921);
#921=FACE_SURFACE('',(#926),#922,.T.);
#922=PLANE('',#923);
#923=AXIS2_PLACEMENT_3D('',#89,#924,#925);
#924=DIRECTION('',(-2.020856443554973E-05,0.19913111385822124,-0.9799728563002131));
#925=DIRECTION('',(0,0.9799728565003166,0.1991311138988824));
#926=FACE_BOUND('',#927,.T.);
#927=EDGE_LOOP('',(#928,#929,#930));
#928=ORIENTED_EDGE('',*,*,#931,.T.);
#929=ORIENTED_EDGE('',*,*,#932,.T.);
#930=ORIENTED_EDGE('',*,*,#933,.T.);
#931=EDGE_CURVE('',#90,#110,#934,.F.);
#932=EDGE_CURVE('',#110,#92,#935,.T.);
#933=EDGE_CURVE('',#92,#90,#936,.T.);
#934=LINE('',#89,#937);
#935=LINE('',#109,#938);
#936=LINE('',#91,#939);
#937=VECTOR('',#940,1.0);
#938=VECTOR('',#941,1.0);
#939=VECTOR('',#942,1.0);
#940=DIRECTION('',(0,0.9799728565003166,0.1991311138988824));
#941=DIRECTION('',(0.05055807773326401,-0.978719387931326,-0.19887745086672837));
#942=DIRECTION('',(-0.7720964867438493,0.6227748591675066,0.12656417323515035));
#943=STYLED_ITEM('',(#25),#944);
#944=FACE_SURFACE('',(#949),#945,.T.);
#945=PLANE('',#946);
#946=AXIS2_PLACEMENT_3D('',#91,#947,#948);
#947=DIRECTION('',(0,0.19913211642520226,-0.9799726527857905));
#948=DIRECTION('',(-0.05055807773326401,0.978719387931326,0.19887745086672837));
#949=FACE_BOUND('',#950,.T.);
#950=EDGE_LOOP('',(#951,#952,#953));
#951=ORIENTED_EDGE('',*,*,#954,.T.);
#952=ORIENTED_EDGE('',*,*,#955,.T.);
#953=ORIENTED_EDGE('',*,*,#956,.T.);
#954=EDGE_CURVE('',#92,#110,#957,.F.);
#955=EDGE_CURVE('',#110,#112,#958,.T.);
#956=EDGE_CURVE('',#112,#92,#959,.T.);
#957=LINE('',#91,#960);
#958=LINE('',#109,#961);
#959=LINE('',#111,#962);
#960=VECTOR('',#963,1.0);
#961=VECTOR('',#964,1.0);
#962=VECTOR('',#965,1.0);
#963=DIRECTION('',(-0.05055807773326401,0.978719387931326,0.19887745086672837));
#964=DIRECTION('',(1,0,0));
#965=DIRECTION('',(-0.08608909194773307,-0.9763344480447614,-0.19839282700930905));
#966=STYLED_ITEM('',(#25),#967);
#967=FACE_SURFACE('',(#972),#968,.T.);
#968=PLANE('',#969);
#969=AXIS2_PLACEMENT_3D('',#91,#970,#971);
#970=DIRECTION('',(0,0.1991321164252023,-0.9799726527857907));
#971=DIRECTION('',(0.08608909194773307,0.9763344480447614,0.19839282700930905));
#972=FACE_BOUND('',#973,.T.);
#973=EDGE_LOOP('',(#974,#975,#976));
#974=ORIENTED_EDGE('',*,*,#977,.T.);
#975=ORIENTED_EDGE('',*,*,#978,.T.);
#976=ORIENTED_EDGE('',*,*,#979,.T.);
#977=EDGE_CURVE('',#92,#112,#980,.F.);
#978=EDGE_CURVE('',#112,#108,#981,.T.);
#979=EDGE_CURVE('',#108,#92,#982,.T.);
#980=LINE('',#91,#983);
#981=LINE('',#111,#984);
#982=LINE('',#107,#985);
#983=VECTOR('',#986,1.0);
#984=VECTOR('',#987,1.0);
#985=VECTOR('',#988,1.0);
#986=DIRECTION('',(0.08608909194773307,0.9763344480447614,0.19839282700930905));
#987=DIRECTION('',(0,-0.9799726527857906,-0.1991321164252023));
#988=DIRECTION('',(-1,0,0));
#989=STYLED_ITEM('',(#25),#990);
#990=FACE_SURFACE('',(#995),#991,.T.);
#991=PLANE('',#992);
#992=AXIS2_PLACEMENT_3D('',#107,#993,#994);
#993=DIRECTION('',(1.7544548387980933E-05,0.19913211639455472,-0.9799726526349674));
#994=DIRECTION('',(0,0.9799726527857906,0.1991321164252023));
#995=FACE_BOUND('',#996,.T.);
#996=EDGE_LOOP('',(#997,#998,#999));
#997=ORIENTED_EDGE('',*,*,#1000,.T.);
#998=ORIENTED_EDGE('',*,*,#1001,.T.);
#999=ORIENTED_EDGE('',*,*,#1002,.T.);
#1000=EDGE_CURVE('',#108,#112,#1003,.F.);
#1001=EDGE_CURVE('',#112,#114,#1004,.T.);
#1002=EDGE_CURVE('',#114,#108,#1005,.T.);
#1003=LINE('',#107,#1006);
#1004=LINE('',#111,#1007);
#1005=LINE('',#113,#1008);
#1006=VECTOR('',#1009,1.0);
#1007=VECTOR('',#1010,1.0);
#1008=VECTOR('',#1011,1.0);
#1009=DIRECTION('',(0,0.9799726527857906,0.1991321164252023));
#1010=DIRECTION('',(0.05821066212373371,-0.9783111378372414,-0.19879345159918724));
#1011=DIRECTION('',(-0.8016688264599783,-0.5857939105183873,-0.11904867526292337));
#1012=STYLED_ITEM('',(#25),#1013);
#1013=FACE_SURFACE('',(#1018),#1014,.T.);
#1014=PLANE('',#1015);
#1015=AXIS2_PLACEMENT_3D('',#113,#1016,#1017);
#1016=DIRECTION('',(-1.9139528068077605E-05,0.1991300201959108,-0.9799730785539237));
#1017=DIRECTION('',(-0.05821066212373371,0.9783111378372414,0.19879345159918724));
#1018=FACE_BOUND('',#1019,.T.);
#1019=EDGE_LOOP('',(#1020,#1021,#1022));
#1020=ORIENTED_EDGE('',*,*,#1023,.T.);
#1021=ORIENTED_EDGE('',*,*,#1024,.T.);
#1022=ORIENTED_EDGE('',*,*,#1025,.T.);
#1023=EDGE_CURVE('',#114,#112,#1026,.F.);
#1024=EDGE_CURVE('',#112,#116,#1027,.T.);
#1025=EDGE_CURVE('',#116,#114,#1028,.T.);
#1026=LINE('',#113,#1029);
#1027=LINE('',#111,#1030);
#1028=LINE('',#115,#1031);
#1029=VECTOR('',#1032,1.0);
#1030=VECTOR('',#1033,1.0);
#1031=VECTOR('',#1034,1.0);
#1032=DIRECTION('',(-0.05821066212373371,0.9783111378372414,0.19879345159918724));
#1033=DIRECTION('',(0.8016688264599783,-0.5857939105183873,-0.11904867526292337));
#1034=DIRECTION('',(0,-0.9799730787334162,-0.1991300202323836));
#1035=STYLED_ITEM('',(#25),#1036);
#1036=FACE_SURFACE('',(#1041),#1037,.T.);
#1037=PLANE('',#1038);
#1038=AXIS2_PLACEMENT_3D('',#95,#1039,#1040);
#1039=DIRECTION('',(-0,-0.5521279544409475,-0.8337593909065462));
#1040=DIRECTION('',(-1,0,0));
#1041=FACE_BOUND('',#1042,.T.);
#1042=EDGE_LOOP('',(#1043,#1044,#1045));
#1043=ORIENTED_EDGE('',*,*,#1046,.T.);
#1044=ORIENTED_EDGE('',*,*,#1047,.T.);
#1045=ORIENTED_EDGE('',*,*,#1048,.T.);
#1046=EDGE_CURVE('',#96,#98,#1049,.F.);
#1047=EDGE_CURVE('',#98,#94,#1050,.T.);
#1048=EDGE_CURVE('',#94,#96,#1051,.T.);
#1049=LINE('',#95,#1052);
#1050=LINE('',#97,#1053);
#1051=LINE('',#93,#1054);
#1052=VECTOR('',#1055,1.0);
#1053=VECTOR('',#1056,1.0);
#1054=VECTOR('',#1057,1.0);
#1055=DIRECTION('',(-1,0,0));
#1056=DIRECTION('',(0.9817141865932797,0.15871515210531867,-0.1051035505284231));
#1057=DIRECTION('',(0.3479962944804647,-0.7816460179034151,0.5176176984257779));
#1058=STYLED_ITEM('',(#25),#1059);
#1059=FACE_SURFACE('',(#1064),#1060,.T.);
#1060=PLANE('',#1061);
#1061=AXIS2_PLACEMENT_3D('',#93,#1062,#1063);
#1062=DIRECTION('',(-0,-0.5521279544409476,-0.8337593909065463));
#1063=DIRECTION('',(-0.9817141865932797,-0.15871515210531867,0.1051035505284231));
#1064=FACE_BOUND('',#1065,.T.);
#1065=EDGE_LOOP('',(#1066,#1067,#1068));
#1066=ORIENTED_EDGE('',*,*,#1069,.T.);
#1067=ORIENTED_EDGE('',*,*,#1070,.T.);
#1068=ORIENTED_EDGE('',*,*,#1071,.T.);
#1069=EDGE_CURVE('',#94,#98,#1072,.F.);
#1070=EDGE_CURVE('',#98,#118,#1073,.T.);
#1071=EDGE_CURVE('',#118,#94,#1074,.T.);
#1072=LINE('',#93,#1075);
#1073=LINE('',#97,#1076);
#1074=LINE('',#117,#1077);
#1075=VECTOR('',#1078,1.0);
#1076=VECTOR('',#1079,1.0);
#1077=VECTOR('',#1080,1.0);
#1078=DIRECTION('',(-0.9817141865932797,-0.15871515210531867,0.1051035505284231));
#1079=DIRECTION('',(-0.2200086309340148,0.8133305560500678,-0.5385996740714091));
#1080=DIRECTION('',(1,0,0));
#1081=STYLED_ITEM('',(#25),#1082);
#1082=FACE_SURFACE('',(#1087),#1083,.T.);
#1083=PLANE('',#1084);
#1084=AXIS2_PLACEMENT_3D('',#89,#1085,#1086);
#1085=DIRECTION('',(-0.8230821969104613,0.1130909928949157,-0.5565484026166017));
#1086=DIRECTION('',(-0.5679222632799483,-0.16390097656023542,0.8065982722232811));
#1087=FACE_BOUND('',#1088,.T.);
#1088=EDGE_LOOP('',(#1089,#1090,#1091));
#1089=ORIENTED_EDGE('',*,*,#1092,.T.);
#1090=ORIENTED_EDGE('',*,*,#1093,.T.);
#1091=ORIENTED_EDGE('',*,*,#1094,.T.);
#1092=EDGE_CURVE('',#90,#94,#1095,.F.);
#1093=EDGE_CURVE('',#94,#110,#1096,.T.);
#1094=EDGE_CURVE('',#110,#90,#1097,.T.);
#1095=LINE('',#89,#1098);
#1096=LINE('',#93,#1099);
#1097=LINE('',#109,#1100);
#1098=VECTOR('',#1101,1.0);
#1099=VECTOR('',#1102,1.0);
#1100=VECTOR('',#1103,1.0);
#1101=DIRECTION('',(-0.5679222632799483,-0.16390097656023542,0.8065982722232811));
#1102=DIRECTION('',(0.08889070591591083,0.9935483047972923,0.07042874722865528));
#1103=DIRECTION('',(0,-0.9799728565003166,-0.1991311138988824));
#1104=STYLED_ITEM('',(#25),#1105);
#1105=FACE_SURFACE('',(#1110),#1106,.T.);
#1106=PLANE('',#1107);
#1107=AXIS2_PLACEMENT_3D('',#109,#1108,#1109);
#1108=DIRECTION('',(-0.8230769039385541,0.11309107306549386,-0.5565562140483378));
#1109=DIRECTION('',(-0.08889070591591083,-0.9935483047972923,-0.07042874722865528));
#1110=FACE_BOUND('',#1111,.T.);
#1111=EDGE_LOOP('',(#1112,#1113,#1114));
#1112=ORIENTED_EDGE('',*,*,#1115,.T.);
#1113=ORIENTED_EDGE('',*,*,#1116,.T.);
#1114=ORIENTED_EDGE('',*,*,#1117,.T.);
#1115=EDGE_CURVE('',#110,#94,#1118,.F.);
#1116=EDGE_CURVE('',#94,#120,#1119,.T.);
#1117=EDGE_CURVE('',#120,#110,#1120,.T.);
#1118=LINE('',#109,#1121);
#1119=LINE('',#93,#1122);
#1120=LINE('',#119,#1123);
#1121=VECTOR('',#1124,1.0);
#1122=VECTOR('',#1125,1.0);
#1123=VECTOR('',#1126,1.0);
#1124=DIRECTION('',(-0.08889070591591083,-0.9935483047972923,-0.07042874722865528));
#1125=DIRECTION('',(0,0.9799733743487963,0.19912856542302995));
#1126=DIRECTION('',(0.5679299342298308,0.16390319037761533,-0.8065924212325201));
#1127=STYLED_ITEM('',(#25),#1128);
#1128=FACE_SURFACE('',(#1133),#1129,.T.);
#1129=PLANE('',#1130);
#1130=AXIS2_PLACEMENT_3D('',#121,#1131,#1132);
#1131=DIRECTION('',(0,0.5521579552723331,0.8337395231302617));
#1132=DIRECTION('',(-1,0,0));
#1133=FACE_BOUND('',#1134,.T.);
#1134=EDGE_LOOP('',(#1135,#1136,#1137));
#1135=ORIENTED_EDGE('',*,*,#1138,.T.);
#1136=ORIENTED_EDGE('',*,*,#1139,.T.);
#1137=ORIENTED_EDGE('',*,*,#1140,.T.);
#1138=EDGE_CURVE('',#122,#124,#1141,.F.);
#1139=EDGE_CURVE('',#124,#126,#1142,.T.);
#1140=EDGE_CURVE('',#126,#122,#1143,.T.);
#1141=LINE('',#121,#1144);
#1142=LINE('',#123,#1145);
#1143=LINE('',#125,#1146);
#1144=VECTOR('',#1147,1.0);
#1145=VECTOR('',#1148,1.0);
#1146=VECTOR('',#1149,1.0);
#1147=DIRECTION('',(-1,0,0));
#1148=DIRECTION('',(0.9989967843526123,-0.03733649846212737,0.02472672108727166));
#1149=DIRECTION('',(-0.41820716705212246,0.7573286923265559,-0.5015536035212856));
#1150=STYLED_ITEM('',(#25),#1151);
#1151=FACE_SURFACE('',(#1156),#1152,.T.);
#1152=PLANE('',#1153);
#1153=AXIS2_PLACEMENT_3D('',#125,#1154,#1155);
#1154=DIRECTION('',(0,0.5521579552723331,0.8337395231302617));
#1155=DIRECTION('',(-0.9989967843526123,0.03733649846212737,-0.02472672108727166));
#1156=FACE_BOUND('',#1157,.T.);
#1157=EDGE_LOOP('',(#1158,#1159,#1160));
#1158=ORIENTED_EDGE('',*,*,#1161,.T.);
#1159=ORIENTED_EDGE('',*,*,#1162,.T.);
#1160=ORIENTED_EDGE('',*,*,#1163,.T.);
#1161=EDGE_CURVE('',#126,#124,#1164,.F.);
#1162=EDGE_CURVE('',#124,#128,#1165,.T.);
#1163=EDGE_CURVE('',#128,#126,#1166,.T.);
#1164=LINE('',#125,#1167);
#1165=LINE('',#123,#1168);
#1166=LINE('',#127,#1169);
#1167=VECTOR('',#1170,1.0);
#1168=VECTOR('',#1171,1.0);
#1169=VECTOR('',#1172,1.0);
#1170=DIRECTION('',(-0.9989967843526123,0.03733649846212737,-0.02472672108727166));
#1171=DIRECTION('',(-0.41820716705212246,-0.7573286923265559,0.5015536035212856));
#1172=DIRECTION('',(1,0,0));
#1173=STYLED_ITEM('',(#25),#1174);
#1174=FACE_SURFACE('',(#1179),#1175,.T.);
#1175=PLANE('',#1176);
#1176=AXIS2_PLACEMENT_3D('',#69,#1177,#1178);
#1177=DIRECTION('',(-0.5526116545582799,0.6503268173531206,0.5212440789857677));
#1178=DIRECTION('',(-0.8016684190571345,-0.5857944459421606,-0.11904878407506664));
#1179=FACE_BOUND('',#1180,.T.);
#1180=EDGE_LOOP('',(#1181,#1182,#1183));
#1181=ORIENTED_EDGE('',*,*,#1184,.T.);
#1182=ORIENTED_EDGE('',*,*,#1185,.T.);
#1183=ORIENTED_EDGE('',*,*,#1186,.T.);
#1184=EDGE_CURVE('',#70,#76,#1187,.F.);
#1185=EDGE_CURVE('',#76,#124,#1188,.T.);
#1186=EDGE_CURVE('',#124,#70,#1189,.T.);
#1187=LINE('',#69,#1190);
#1188=LINE('',#75,#1191);
#1189=LINE('',#123,#1192);
#1190=VECTOR('',#1193,1.0);
#1191=VECTOR('',#1194,1.0);
#1192=VECTOR('',#1195,1.0);
#1193=DIRECTION('',(-0.8016684190571345,-0.5857944459421606,-0.11904878407506664));
#1194=DIRECTION('',(0.6404339313908851,-0.06888479257193614,0.7649178157655477));
#1195=DIRECTION('',(-0.5679275071263279,0.16390109444848183,-0.806594556073784));
#1196=STYLED_ITEM('',(#25),#1197);
#1197=FACE_SURFACE('',(#1202),#1198,.T.);
#1198=PLANE('',#1199);
#1199=AXIS2_PLACEMENT_3D('',#123,#1200,#1201);
#1200=DIRECTION('',(-0.552597131479066,0.6503474168446489,0.5212337745048766));
#1201=DIRECTION('',(-0.6404339313908851,0.06888479257193614,-0.7649178157655477));
#1202=FACE_BOUND('',#1203,.T.);
#1203=EDGE_LOOP('',(#1204,#1205,#1206));
#1204=ORIENTED_EDGE('',*,*,#1207,.T.);
#1205=ORIENTED_EDGE('',*,*,#1208,.T.);
#1206=ORIENTED_EDGE('',*,*,#1209,.T.);
#1207=EDGE_CURVE('',#124,#76,#1210,.F.);
#1208=EDGE_CURVE('',#76,#128,#1211,.T.);
#1209=EDGE_CURVE('',#128,#124,#1212,.T.);
#1210=LINE('',#123,#1213);
#1211=LINE('',#75,#1214);
#1212=LINE('',#127,#1215);
#1213=VECTOR('',#1216,1.0);
#1214=VECTOR('',#1217,1.0);
#1215=VECTOR('',#1218,1.0);
#1216=DIRECTION('',(-0.6404339313908851,0.06888479257193614,-0.7649178157655477));
#1217=DIRECTION('',(0.5679246495194173,-0.16390002086824307,0.8065967862740567));
#1218=DIRECTION('',(0.41820716705212246,0.7573286923265559,-0.5015536035212856));
#1219=STYLED_ITEM('',(#25),#1220);
#1220=FACE_SURFACE('',(#1225),#1221,.T.);
#1221=PLANE('',#1222);
#1222=AXIS2_PLACEMENT_3D('',#125,#1223,#1224);
#1223=DIRECTION('',(0.5525970661043108,0.6503474222105604,0.5212338371182237));
#1224=DIRECTION('',(0.5679247558740654,0.16390000625516907,-0.8065967143591267));
#1225=FACE_BOUND('',#1226,.T.);
#1226=EDGE_LOOP('',(#1227,#1228,#1229));
#1227=ORIENTED_EDGE('',*,*,#1230,.T.);
#1228=ORIENTED_EDGE('',*,*,#1231,.T.);
#1229=ORIENTED_EDGE('',*,*,#1232,.T.);
#1230=EDGE_CURVE('',#126,#116,#1233,.F.);
#1231=EDGE_CURVE('',#116,#122,#1234,.T.);
#1232=EDGE_CURVE('',#122,#126,#1235,.T.);
#1233=LINE('',#125,#1236);
#1234=LINE('',#115,#1237);
#1235=LINE('',#121,#1238);
#1236=VECTOR('',#1239,1.0);
#1237=VECTOR('',#1240,1.0);
#1238=VECTOR('',#1241,1.0);
#1239=DIRECTION('',(0.5679247558740654,0.16390000625516907,-0.8065967143591267));
#1240=DIRECTION('',(-0.6404340268089486,-0.0688847854353437,0.7649177365186414));
#1241=DIRECTION('',(0.41820716705212246,-0.7573286923265559,0.5015536035212856));
#1242=STYLED_ITEM('',(#25),#1243);
#1243=FACE_SURFACE('',(#1248),#1244,.T.);
#1244=PLANE('',#1245);
#1245=AXIS2_PLACEMENT_3D('',#121,#1246,#1247);
#1246=DIRECTION('',(0.5526112228995476,0.6503273422665281,0.5212438817156714));
#1247=DIRECTION('',(0.6404340268089486,0.0688847854353437,-0.7649177365186414));
#1248=FACE_BOUND('',#1249,.T.);
#1249=EDGE_LOOP('',(#1250,#1251,#1252));
#1250=ORIENTED_EDGE('',*,*,#1253,.T.);
#1251=ORIENTED_EDGE('',*,*,#1254,.T.);
#1252=ORIENTED_EDGE('',*,*,#1255,.T.);
#1253=EDGE_CURVE('',#122,#116,#1256,.F.);
#1254=EDGE_CURVE('',#116,#112,#1257,.T.);
#1255=EDGE_CURVE('',#112,#122,#1258,.T.);
#1256=LINE('',#121,#1259);
#1257=LINE('',#115,#1260);
#1258=LINE('',#111,#1261);
#1259=VECTOR('',#1262,1.0);
#1260=VECTOR('',#1263,1.0);
#1261=VECTOR('',#1264,1.0);
#1262=DIRECTION('',(0.6404340268089486,0.0688847854353437,-0.7649177365186414));
#1263=DIRECTION('',(-0.8016688264599783,0.5857939105183873,0.11904867526292337));
#1264=DIRECTION('',(-0.5679275071263279,-0.16390109444848183,0.806594556073784));
#1265=STYLED_ITEM('',(#25),#1266);
#1266=FACE_SURFACE('',(#1271),#1267,.T.);
#1267=PLANE('',#1268);
#1268=AXIS2_PLACEMENT_3D('',#125,#1269,#1270);
#1269=DIRECTION('',(0.8230804770284512,-0.1130908681276742,0.556550971502832));
#1270=DIRECTION('',(0,-0.9799730787334162,-0.1991300202323836));
#1271=FACE_BOUND('',#1272,.T.);
#1272=EDGE_LOOP('',(#1273,#1274,#1275));
#1273=ORIENTED_EDGE('',*,*,#1276,.T.);
#1274=ORIENTED_EDGE('',*,*,#1277,.T.);
#1275=ORIENTED_EDGE('',*,*,#1278,.T.);
#1276=EDGE_CURVE('',#126,#130,#1279,.F.);
#1277=EDGE_CURVE('',#130,#116,#1280,.T.);
#1278=EDGE_CURVE('',#116,#126,#1281,.T.);
#1279=LINE('',#125,#1282);
#1280=LINE('',#129,#1283);
#1281=LINE('',#115,#1284);
#1282=VECTOR('',#1285,1.0);
#1283=VECTOR('',#1286,1.0);
#1284=VECTOR('',#1287,1.0);
#1285=DIRECTION('',(0,-0.9799730787334162,-0.1991300202323836));
#1286=DIRECTION('',(0.27455197119664604,0.9370859168442528,-0.21561818004102137));
#1287=DIRECTION('',(-0.5679247558740654,-0.16390000625516907,0.8065967143591267));
#1288=STYLED_ITEM('',(#25),#1289);
#1289=FACE_SURFACE('',(#1294),#1290,.T.);
#1290=PLANE('',#1291);
#1291=AXIS2_PLACEMENT_3D('',#115,#1292,#1293);
#1292=DIRECTION('',(0.8230804770284512,-0.1130908681276742,0.556550971502832));
#1293=DIRECTION('',(-0.27455197119664604,-0.9370859168442528,0.21561818004102137));
#1294=FACE_BOUND('',#1295,.T.);
#1295=EDGE_LOOP('',(#1296,#1297,#1298));
#1296=ORIENTED_EDGE('',*,*,#1299,.T.);
#1297=ORIENTED_EDGE('',*,*,#1300,.T.);
#1298=ORIENTED_EDGE('',*,*,#1301,.T.);
#1299=EDGE_CURVE('',#116,#130,#1302,.F.);
#1300=EDGE_CURVE('',#130,#114,#1303,.T.);
#1301=EDGE_CURVE('',#114,#116,#1304,.T.);
#1302=LINE('',#115,#1305);
#1303=LINE('',#129,#1306);
#1304=LINE('',#113,#1307);
#1305=VECTOR('',#1308,1.0);
#1306=VECTOR('',#1309,1.0);
#1307=VECTOR('',#1310,1.0);
#1308=DIRECTION('',(-0.27455197119664604,-0.9370859168442528,0.21561818004102137));
#1309=DIRECTION('',(0.5679247558740654,0.16390000625516907,-0.8065967143591267));
#1310=DIRECTION('',(0,0.9799730787334162,0.1991300202323836));
#1311=STYLED_ITEM('',(#25),#1312);
#1312=FACE_SURFACE('',(#1317),#1313,.T.);
#1313=PLANE('',#1314);
#1314=AXIS2_PLACEMENT_3D('',#129,#1315,#1316);
#1315=DIRECTION('',(0,-0.19913002023238363,0.9799730787334163));
#1316=DIRECTION('',(0,0.9799730787334162,0.1991300202323836));
#1317=FACE_BOUND('',#1318,.T.);
#1318=EDGE_LOOP('',(#1319,#1320,#1321));
#1319=ORIENTED_EDGE('',*,*,#1322,.T.);
#1320=ORIENTED_EDGE('',*,*,#1323,.T.);
#1321=ORIENTED_EDGE('',*,*,#1324,.T.);
#1322=EDGE_CURVE('',#130,#126,#1325,.F.);
#1323=EDGE_CURVE('',#126,#132,#1326,.T.);
#1324=EDGE_CURVE('',#132,#130,#1327,.T.);
#1325=LINE('',#129,#1328);
#1326=LINE('',#125,#1329);
#1327=LINE('',#131,#1330);
#1328=VECTOR('',#1331,1.0);
#1329=VECTOR('',#1332,1.0);
#1330=VECTOR('',#1333,1.0);
#1331=DIRECTION('',(0,0.9799730787334162,0.1991300202323836));
#1332=DIRECTION('',(-0.3298281180171871,-0.9251347667175832,-0.18798690373439134));
#1333=DIRECTION('',(1,0,0));
#1334=STYLED_ITEM('',(#25),#1335);
#1335=FACE_SURFACE('',(#1340),#1336,.T.);
#1336=PLANE('',#1337);
#1337=AXIS2_PLACEMENT_3D('',#131,#1338,#1339);
#1338=DIRECTION('',(0,-0.1991300202323836,0.9799730787334163));
#1339=DIRECTION('',(0.3298281180171871,0.9251347667175832,0.18798690373439134));
#1340=FACE_BOUND('',#1341,.T.);
#1341=EDGE_LOOP('',(#1342,#1343,#1344));
#1342=ORIENTED_EDGE('',*,*,#1345,.T.);
#1343=ORIENTED_EDGE('',*,*,#1346,.T.);
#1344=ORIENTED_EDGE('',*,*,#1347,.T.);
#1345=EDGE_CURVE('',#132,#126,#1348,.F.);
#1346=EDGE_CURVE('',#126,#128,#1349,.T.);
#1347=EDGE_CURVE('',#128,#132,#1350,.T.);
#1348=LINE('',#131,#1351);
#1349=LINE('',#125,#1352);
#1350=LINE('',#127,#1353);
#1351=VECTOR('',#1354,1.0);
#1352=VECTOR('',#1355,1.0);
#1353=VECTOR('',#1356,1.0);
#1354=DIRECTION('',(0.3298281180171871,0.9251347667175832,0.18798690373439134));
#1355=DIRECTION('',(-1,0,0));
#1356=DIRECTION('',(0.7442339477625066,-0.6545426684390759,-0.13300273001141077));
#1357=STYLED_ITEM('',(#25),#1358);
#1358=FACE_SURFACE('',(#1363),#1359,.T.);
#1359=PLANE('',#1360);
#1360=AXIS2_PLACEMENT_3D('',#131,#1361,#1362);
#1361=DIRECTION('',(0,-0.19913002023238363,0.9799730787334163));
#1362=DIRECTION('',(-0.7442339477625066,0.6545426684390759,0.13300273001141077));
#1363=FACE_BOUND('',#1364,.T.);
#1364=EDGE_LOOP('',(#1365,#1366,#1367));
#1365=ORIENTED_EDGE('',*,*,#1368,.T.);
#1366=ORIENTED_EDGE('',*,*,#1369,.T.);
#1367=ORIENTED_EDGE('',*,*,#1370,.T.);
#1368=EDGE_CURVE('',#132,#128,#1371,.F.);
#1369=EDGE_CURVE('',#128,#134,#1372,.T.);
#1370=EDGE_CURVE('',#134,#132,#1373,.T.);
#1371=LINE('',#131,#1374);
#1372=LINE('',#127,#1375);
#1373=LINE('',#133,#1376);
#1374=VECTOR('',#1377,1.0);
#1375=VECTOR('',#1378,1.0);
#1376=VECTOR('',#1379,1.0);
#1377=DIRECTION('',(-0.7442339477625066,0.6545426684390759,0.13300273001141077));
#1378=DIRECTION('',(0.32982826390198533,-0.9251347167692372,-0.1879868935849134));
#1379=DIRECTION('',(1,0,0));
#1380=STYLED_ITEM('',(#25),#1381);
#1381=FACE_SURFACE('',(#1386),#1382,.T.);
#1382=PLANE('',#1383);
#1383=AXIS2_PLACEMENT_3D('',#133,#1384,#1385);
#1384=DIRECTION('',(0,-0.1991300202323836,0.9799730787334163));
#1385=DIRECTION('',(-0.32982826390198533,0.9251347167692372,0.1879868935849134));
#1386=FACE_BOUND('',#1387,.T.);
#1387=EDGE_LOOP('',(#1388,#1389,#1390));
#1388=ORIENTED_EDGE('',*,*,#1391,.T.);
#1389=ORIENTED_EDGE('',*,*,#1392,.T.);
#1390=ORIENTED_EDGE('',*,*,#1393,.T.);
#1391=EDGE_CURVE('',#134,#128,#1394,.F.);
#1392=EDGE_CURVE('',#128,#136,#1395,.T.);
#1393=EDGE_CURVE('',#136,#134,#1396,.T.);
#1394=LINE('',#133,#1397);
#1395=LINE('',#127,#1398);
#1396=LINE('',#135,#1399);
#1397=VECTOR('',#1400,1.0);
#1398=VECTOR('',#1401,1.0);
#1399=VECTOR('',#1402,1.0);
#1400=DIRECTION('',(-0.32982826390198533,0.9251347167692372,0.1879868935849134));
#1401=DIRECTION('',(0,-0.9799730787334162,-0.1991300202323836));
#1402=DIRECTION('',(1,0,0));
#1403=STYLED_ITEM('',(#25),#1404);
#1404=FACE_SURFACE('',(#1409),#1405,.T.);
#1405=PLANE('',#1406);
#1406=AXIS2_PLACEMENT_3D('',#137,#1407,#1408);
#1407=DIRECTION('',(0,-0.1991551741862901,0.9799679671268998));
#1408=DIRECTION('',(1,0,0));
#1409=FACE_BOUND('',#1410,.T.);
#1410=EDGE_LOOP('',(#1411,#1412,#1413));
#1411=ORIENTED_EDGE('',*,*,#1414,.T.);
#1412=ORIENTED_EDGE('',*,*,#1415,.T.);
#1413=ORIENTED_EDGE('',*,*,#1416,.T.);
#1414=EDGE_CURVE('',#138,#140,#1417,.F.);
#1415=EDGE_CURVE('',#140,#134,#1418,.T.);
#1416=EDGE_CURVE('',#134,#138,#1419,.T.);
#1417=LINE('',#137,#1420);
#1418=LINE('',#139,#1421);
#1419=LINE('',#133,#1422);
#1420=VECTOR('',#1423,1.0);
#1421=VECTOR('',#1424,1.0);
#1422=VECTOR('',#1425,1.0);
#1423=DIRECTION('',(1,0,0));
#1424=DIRECTION('',(-0.9981603781866711,0.05941434677170038,0.012074552411314046));
#1425=DIRECTION('',(0.3417579224316059,-0.920962155447754,-0.18716364681278158));
#1426=STYLED_ITEM('',(#25),#1427);
#1427=FACE_SURFACE('',(#1432),#1428,.T.);
#1428=PLANE('',#1429);
#1429=AXIS2_PLACEMENT_3D('',#133,#1430,#1431);
#1430=DIRECTION('',(0,-0.1991551741862901,0.9799679671268998));
#1431=DIRECTION('',(0.9981603781866711,-0.05941434677170038,-0.012074552411314046));
#1432=FACE_BOUND('',#1433,.T.);
#1433=EDGE_LOOP('',(#1434,#1435,#1436));
#1434=ORIENTED_EDGE('',*,*,#1437,.T.);
#1435=ORIENTED_EDGE('',*,*,#1438,.T.);
#1436=ORIENTED_EDGE('',*,*,#1439,.T.);
#1437=EDGE_CURVE('',#134,#140,#1440,.F.);
#1438=EDGE_CURVE('',#140,#132,#1441,.T.);
#1439=EDGE_CURVE('',#132,#134,#1442,.T.);
#1440=LINE('',#133,#1443);
#1441=LINE('',#139,#1444);
#1442=LINE('',#131,#1445);
#1443=VECTOR('',#1446,1.0);
#1444=VECTOR('',#1447,1.0);
#1445=VECTOR('',#1448,1.0);
#1446=DIRECTION('',(0.9981603781866711,-0.05941434677170038,-0.012074552411314046));
#1447=DIRECTION('',(0.34176108866884963,0.9209610270913523,0.18716341750118848));
#1448=DIRECTION('',(-1,0,0));
#1449=STYLED_ITEM('',(#25),#1450);
#1450=FACE_SURFACE('',(#1455),#1451,.T.);
#1451=PLANE('',#1452);
#1452=AXIS2_PLACEMENT_3D('',#127,#1453,#1454);
#1453=DIRECTION('',(-0.8230805504130485,-0.11309084694927099,0.55655086727814));
#1454=DIRECTION('',(-0.5679246495194173,0.16390002086824307,-0.8065967862740567));
#1455=FACE_BOUND('',#1456,.T.);
#1456=EDGE_LOOP('',(#1457,#1458,#1459));
#1457=ORIENTED_EDGE('',*,*,#1460,.T.);
#1458=ORIENTED_EDGE('',*,*,#1461,.T.);
#1459=ORIENTED_EDGE('',*,*,#1462,.T.);
#1460=EDGE_CURVE('',#128,#76,#1463,.F.);
#1461=EDGE_CURVE('',#76,#136,#1464,.T.);
#1462=EDGE_CURVE('',#136,#128,#1465,.T.);
#1463=LINE('',#127,#1466);
#1464=LINE('',#75,#1467);
#1465=LINE('',#135,#1468);
#1466=VECTOR('',#1469,1.0);
#1467=VECTOR('',#1470,1.0);
#1468=VECTOR('',#1471,1.0);
#1469=DIRECTION('',(-0.5679246495194173,0.16390002086824307,-0.8065967862740567));
#1470=DIRECTION('',(0.27455190102374205,-0.9370859363700831,0.21561818453380474));
#1471=DIRECTION('',(0,0.9799730787334162,0.1991300202323836));
#1472=STYLED_ITEM('',(#25),#1473);
#1473=FACE_SURFACE('',(#1478),#1474,.T.);
#1474=PLANE('',#1475);
#1475=AXIS2_PLACEMENT_3D('',#135,#1476,#1477);
#1476=DIRECTION('',(-0.8230805504130485,-0.11309084694927099,0.55655086727814));
#1477=DIRECTION('',(-0.27455190102374205,0.9370859363700831,-0.21561818453380474));
#1478=FACE_BOUND('',#1479,.T.);
#1479=EDGE_LOOP('',(#1480,#1481,#1482));
#1480=ORIENTED_EDGE('',*,*,#1483,.T.);
#1481=ORIENTED_EDGE('',*,*,#1484,.T.);
#1482=ORIENTED_EDGE('',*,*,#1485,.T.);
#1483=EDGE_CURVE('',#136,#76,#1486,.F.);
#1484=EDGE_CURVE('',#76,#74,#1487,.T.);
#1485=EDGE_CURVE('',#74,#136,#1488,.T.);
#1486=LINE('',#135,#1489);
#1487=LINE('',#75,#1490);
#1488=LINE('',#73,#1491);
#1489=VECTOR('',#1492,1.0);
#1490=VECTOR('',#1493,1.0);
#1491=VECTOR('',#1494,1.0);
#1492=DIRECTION('',(-0.27455190102374205,0.9370859363700831,-0.21561818453380474));
#1493=DIRECTION('',(0,-0.9799730787334162,-0.1991300202323836));
#1494=DIRECTION('',(0.5679246495194173,-0.16390002086824307,0.8065967862740567));
#1495=STYLED_ITEM('',(#25),#1496);
#1496=FACE_SURFACE('',(#1501),#1497,.T.);
#1497=PLANE('',#1498);
#1498=AXIS2_PLACEMENT_3D('',#131,#1499,#1500);
#1499=DIRECTION('',(0.6561784508544101,-0.3764162182412278,0.6540188615623245));
#1500=DIRECTION('',(-0.34176108866884963,-0.9209610270913523,-0.18716341750118848));
#1501=FACE_BOUND('',#1502,.T.);
#1502=EDGE_LOOP('',(#1503,#1504,#1505));
#1503=ORIENTED_EDGE('',*,*,#1506,.T.);
#1504=ORIENTED_EDGE('',*,*,#1507,.T.);
#1505=ORIENTED_EDGE('',*,*,#1508,.T.);
#1506=EDGE_CURVE('',#132,#140,#1509,.F.);
#1507=EDGE_CURVE('',#140,#106,#1510,.T.);
#1508=EDGE_CURVE('',#106,#132,#1511,.T.);
#1509=LINE('',#131,#1512);
#1510=LINE('',#139,#1513);
#1511=LINE('',#105,#1514);
#1512=VECTOR('',#1515,1.0);
#1513=VECTOR('',#1516,1.0);
#1514=VECTOR('',#1517,1.0);
#1515=DIRECTION('',(-0.34176108866884963,-0.9209610270913523,-0.18716341750118848));
#1516=DIRECTION('',(0.7371751092478853,0.13454969738191092,-0.662170096908494));
#1517=DIRECTION('',(-0.45734495373422296,0.4910060297466236,0.7414503840758996));
#1518=STYLED_ITEM('',(#25),#1519);
#1519=FACE_SURFACE('',(#1524),#1520,.T.);
#1520=PLANE('',#1521);
#1521=AXIS2_PLACEMENT_3D('',#105,#1522,#1523);
#1522=DIRECTION('',(0.6561811073052303,-0.37640111737729076,0.6540248873344261));
#1523=DIRECTION('',(-0.7371751092478853,-0.13454969738191092,0.662170096908494));
#1524=FACE_BOUND('',#1525,.T.);
#1525=EDGE_LOOP('',(#1526,#1527,#1528));
#1526=ORIENTED_EDGE('',*,*,#1529,.T.);
#1527=ORIENTED_EDGE('',*,*,#1530,.T.);
#1528=ORIENTED_EDGE('',*,*,#1531,.T.);
#1529=EDGE_CURVE('',#106,#140,#1532,.F.);
#1530=EDGE_CURVE('',#140,#142,#1533,.T.);
#1531=EDGE_CURVE('',#142,#106,#1534,.T.);
#1532=LINE('',#105,#1535);
#1533=LINE('',#139,#1536);
#1534=LINE('',#141,#1537);
#1535=VECTOR('',#1538,1.0);
#1536=VECTOR('',#1539,1.0);
#1537=VECTOR('',#1540,1.0);
#1538=DIRECTION('',(-0.7371751092478853,-0.13454969738191092,0.662170096908494));
#1539=DIRECTION('',(0,-0.8667133637129809,-0.49880652076865434));
#1540=DIRECTION('',(0.17654012026687216,0.9192345512915099,0.3519111047524004));
#1541=STYLED_ITEM('',(#25),#1542);
#1542=FACE_SURFACE('',(#1547),#1543,.T.);
#1543=PLANE('',#1544);
#1544=AXIS2_PLACEMENT_3D('',#105,#1545,#1546);
#1545=DIRECTION('',(0.6559923740654765,-0.3764308023042585,0.6541971080985548));
#1546=DIRECTION('',(-0.17654012026687216,-0.9192345512915099,-0.3519111047524004));
#1547=FACE_BOUND('',#1548,.T.);
#1548=EDGE_LOOP('',(#1549,#1550,#1551));
#1549=ORIENTED_EDGE('',*,*,#1552,.T.);
#1550=ORIENTED_EDGE('',*,*,#1553,.T.);
#1551=ORIENTED_EDGE('',*,*,#1554,.T.);
#1552=EDGE_CURVE('',#106,#142,#1555,.F.);
#1553=EDGE_CURVE('',#142,#104,#1556,.T.);
#1554=EDGE_CURVE('',#104,#106,#1557,.T.);
#1555=LINE('',#105,#1558);
#1556=LINE('',#141,#1559);
#1557=LINE('',#103,#1560);
#1558=VECTOR('',#1561,1.0);
#1559=VECTOR('',#1562,1.0);
#1560=VECTOR('',#1563,1.0);
#1561=DIRECTION('',(-0.17654012026687216,-0.9192345512915099,-0.3519111047524004));
#1562=DIRECTION('',(0.18602372720008828,0.9206507033239177,0.343216339045452));
#1563=DIRECTION('',(-0.7373697291240792,-0.13460018196221193,0.6619431044940507));
#1564=STYLED_ITEM('',(#25),#1565);
#1565=FACE_SURFACE('',(#1570),#1566,.T.);
#1566=PLANE('',#1567);
#1567=AXIS2_PLACEMENT_3D('',#103,#1568,#1569);
#1568=DIRECTION('',(0.6561768342656631,-0.376404699856493,0.6540271126635622));
#1569=DIRECTION('',(-0.18602372720008828,-0.9206507033239177,-0.343216339045452));
#1570=FACE_BOUND('',#1571,.T.);
#1571=EDGE_LOOP('',(#1572,#1573,#1574));
#1572=ORIENTED_EDGE('',*,*,#1575,.T.);
#1573=ORIENTED_EDGE('',*,*,#1576,.T.);
#1574=ORIENTED_EDGE('',*,*,#1577,.T.);
#1575=EDGE_CURVE('',#104,#142,#1578,.F.);
#1576=EDGE_CURVE('',#142,#144,#1579,.T.);
#1577=EDGE_CURVE('',#144,#104,#1580,.T.);
#1578=LINE('',#103,#1581);
#1579=LINE('',#141,#1582);
#1580=LINE('',#143,#1583);
#1581=VECTOR('',#1584,1.0);
#1582=VECTOR('',#1585,1.0);
#1583=VECTOR('',#1586,1.0);
#1584=DIRECTION('',(-0.18602372720008828,-0.9206507033239177,-0.343216339045452));
#1585=DIRECTION('',(0.6327042723410811,0.7467646299501095,-0.20500705162705782));
#1586=DIRECTION('',(0,0.8667120450026113,0.49880881211882316));
#1587=STYLED_ITEM('',(#25),#1588);
#1588=FACE_SURFACE('',(#1593),#1589,.T.);
#1589=PLANE('',#1590);
#1590=AXIS2_PLACEMENT_3D('',#143,#1591,#1592);
#1591=DIRECTION('',(0.656149082663627,-0.37636769829100297,0.6540762470865408));
#1592=DIRECTION('',(-0.6327042723410811,-0.7467646299501095,0.20500705162705782));
#1593=FACE_BOUND('',#1594,.T.);
#1594=EDGE_LOOP('',(#1595,#1596,#1597));
#1595=ORIENTED_EDGE('',*,*,#1598,.T.);
#1596=ORIENTED_EDGE('',*,*,#1599,.T.);
#1597=ORIENTED_EDGE('',*,*,#1600,.T.);
#1598=EDGE_CURVE('',#144,#142,#1601,.F.);
#1599=EDGE_CURVE('',#142,#146,#1602,.T.);
#1600=EDGE_CURVE('',#146,#144,#1603,.T.);
#1601=LINE('',#143,#1604);
#1602=LINE('',#141,#1605);
#1603=LINE('',#145,#1606);
#1604=VECTOR('',#1607,1.0);
#1605=VECTOR('',#1608,1.0);
#1606=VECTOR('',#1609,1.0);
#1607=DIRECTION('',(-0.6327042723410811,-0.7467646299501095,0.20500705162705782));
#1608=DIRECTION('',(0.6821633437846261,0.6664443514275024,-0.30084065358085155));
#1609=DIRECTION('',(0.4509733556675487,0.890517213011283,0.060017712456972516));
#1610=STYLED_ITEM('',(#25),#1611);
#1611=FACE_SURFACE('',(#1616),#1612,.T.);
#1612=PLANE('',#1613);
#1613=AXIS2_PLACEMENT_3D('',#103,#1614,#1615);
#1614=DIRECTION('',(1,0,0));
#1615=DIRECTION('',(0,-0.8667120450026113,-0.49880881211882316));
#1616=FACE_BOUND('',#1617,.T.);
#1617=EDGE_LOOP('',(#1618,#1619,#1620));
#1618=ORIENTED_EDGE('',*,*,#1621,.T.);
#1619=ORIENTED_EDGE('',*,*,#1622,.T.);
#1620=ORIENTED_EDGE('',*,*,#1623,.T.);
#1621=EDGE_CURVE('',#104,#144,#1624,.F.);
#1622=EDGE_CURVE('',#144,#100,#1625,.T.);
#1623=EDGE_CURVE('',#100,#104,#1626,.T.);
#1624=LINE('',#103,#1627);
#1625=LINE('',#143,#1628);
#1626=LINE('',#99,#1629);
#1627=VECTOR('',#1630,1.0);
#1628=VECTOR('',#1631,1.0);
#1629=VECTOR('',#1632,1.0);
#1630=DIRECTION('',(0,-0.8667120450026113,-0.49880881211882316));
#1631=DIRECTION('',(0,0.9258455034768264,-0.37790224091918495));
#1632=DIRECTION('',(0,-0.1991305835334365,0.9799729642707666));
#1633=STYLED_ITEM('',(#25),#1634);
#1634=FACE_SURFACE('',(#1639),#1635,.T.);
#1635=PLANE('',#1636);
#1636=AXIS2_PLACEMENT_3D('',#143,#1637,#1638);
#1637=DIRECTION('',(0.6561261485509572,-0.2851843904905432,-0.6986904469135274));
#1638=DIRECTION('',(-0.4509733556675487,-0.890517213011283,-0.060017712456972516));
#1639=FACE_BOUND('',#1640,.T.);
#1640=EDGE_LOOP('',(#1641,#1642,#1643));
#1641=ORIENTED_EDGE('',*,*,#1644,.T.);
#1642=ORIENTED_EDGE('',*,*,#1645,.T.);
#1643=ORIENTED_EDGE('',*,*,#1646,.T.);
#1644=EDGE_CURVE('',#144,#146,#1647,.F.);
#1645=EDGE_CURVE('',#146,#100,#1648,.T.);
#1646=EDGE_CURVE('',#100,#144,#1649,.T.);
#1647=LINE('',#143,#1650);
#1648=LINE('',#145,#1651);
#1649=LINE('',#99,#1652);
#1650=VECTOR('',#1653,1.0);
#1651=VECTOR('',#1654,1.0);
#1652=VECTOR('',#1655,1.0);
#1653=DIRECTION('',(-0.4509733556675487,-0.890517213011283,-0.060017712456972516));
#1654=DIRECTION('',(0.038254489758699,0.9372242577302836,-0.34662268352665604));
#1655=DIRECTION('',(0,-0.9258455034768264,0.37790224091918495));
#1656=STYLED_ITEM('',(#25),#1657);
#1657=FACE_SURFACE('',(#1662),#1658,.T.);
#1658=PLANE('',#1659);
#1659=AXIS2_PLACEMENT_3D('',#99,#1660,#1661);
#1660=DIRECTION('',(0.6561954792771663,-0.28516592624074033,-0.6986328703170719));
#1661=DIRECTION('',(-0.038254489758699,-0.9372242577302836,0.34662268352665604));
#1662=FACE_BOUND('',#1663,.T.);
#1663=EDGE_LOOP('',(#1664,#1665,#1666));
#1664=ORIENTED_EDGE('',*,*,#1667,.T.);
#1665=ORIENTED_EDGE('',*,*,#1668,.T.);
#1666=ORIENTED_EDGE('',*,*,#1669,.T.);
#1667=EDGE_CURVE('',#100,#146,#1670,.F.);
#1668=EDGE_CURVE('',#146,#148,#1671,.T.);
#1669=EDGE_CURVE('',#148,#100,#1672,.T.);
#1670=LINE('',#99,#1673);
#1671=LINE('',#145,#1674);
#1672=LINE('',#147,#1675);
#1673=VECTOR('',#1676,1.0);
#1674=VECTOR('',#1677,1.0);
#1675=VECTOR('',#1678,1.0);
#1676=DIRECTION('',(-0.038254489758699,-0.9372242577302836,0.34662268352665604));
#1677=DIRECTION('',(-0.7119690512573135,-0.540729980895002,-0.44800798855941365));
#1678=DIRECTION('',(0.17114309995354038,0.9579592320461304,-0.23026973113260138));
#1679=STYLED_ITEM('',(#25),#1680);
#1680=FACE_SURFACE('',(#1685),#1681,.T.);
#1681=PLANE('',#1682);
#1682=AXIS2_PLACEMENT_3D('',#99,#1683,#1684);
#1683=DIRECTION('',(0.6561951180995751,-0.28516594173885684,-0.6986332032293309));
#1684=DIRECTION('',(-0.17114309995354038,-0.9579592320461304,0.23026973113260138));
#1685=FACE_BOUND('',#1686,.T.);
#1686=EDGE_LOOP('',(#1687,#1688,#1689));
#1687=ORIENTED_EDGE('',*,*,#1690,.T.);
#1688=ORIENTED_EDGE('',*,*,#1691,.T.);
#1689=ORIENTED_EDGE('',*,*,#1692,.T.);
#1690=EDGE_CURVE('',#100,#148,#1693,.F.);
#1691=EDGE_CURVE('',#148,#98,#1694,.T.);
#1692=EDGE_CURVE('',#98,#100,#1695,.T.);
#1693=LINE('',#99,#1696);
#1694=LINE('',#147,#1697);
#1695=LINE('',#97,#1698);
#1696=VECTOR('',#1699,1.0);
#1697=VECTOR('',#1700,1.0);
#1698=VECTOR('',#1701,1.0);
#1699=DIRECTION('',(-0.17114309995354038,-0.9579592320461304,0.23026973113260138));
#1700=DIRECTION('',(0.1412109240655152,0.9558934894122556,-0.25754050521000643));
#1701=DIRECTION('',(0.6913378433709302,-0.14386315730987184,0.7080645297513966));
#1702=STYLED_ITEM('',(#25),#1703);
#1703=FACE_SURFACE('',(#1708),#1704,.T.);
#1704=PLANE('',#1705);
#1705=AXIS2_PLACEMENT_3D('',#97,#1706,#1707);
#1706=DIRECTION('',(0.6561802363978984,-0.28516735387287656,-0.6986466042613675));
#1707=DIRECTION('',(-0.1412109240655152,-0.9558934894122556,0.25754050521000643));
#1708=FACE_BOUND('',#1709,.T.);
#1709=EDGE_LOOP('',(#1710,#1711,#1712));
#1710=ORIENTED_EDGE('',*,*,#1713,.T.);
#1711=ORIENTED_EDGE('',*,*,#1714,.T.);
#1712=ORIENTED_EDGE('',*,*,#1715,.T.);
#1713=EDGE_CURVE('',#98,#148,#1716,.F.);
#1714=EDGE_CURVE('',#148,#150,#1717,.T.);
#1715=EDGE_CURVE('',#150,#98,#1718,.T.);
#1716=LINE('',#97,#1719);
#1717=LINE('',#147,#1720);
#1718=LINE('',#149,#1721);
#1719=VECTOR('',#1722,1.0);
#1720=VECTOR('',#1723,1.0);
#1721=VECTOR('',#1724,1.0);
#1722=DIRECTION('',(-0.1412109240655152,-0.9558934894122556,0.25754050521000643));
#1723=DIRECTION('',(0,0.9258451053637567,-0.3779032162789493));
#1724=DIRECTION('',(0.6913458816652134,-0.14388379750971578,0.7080524872625841));
#1725=STYLED_ITEM('',(#25),#1726);
#1726=FACE_SURFACE('',(#1731),#1727,.T.);
#1727=PLANE('',#1728);
#1728=AXIS2_PLACEMENT_3D('',#97,#1729,#1730);
#1729=DIRECTION('',(0.6561841404910825,-0.2851551211187459,-0.6986479304111137));
#1730=DIRECTION('',(-0.6913458816652134,0.14388379750971578,-0.7080524872625841));
#1731=FACE_BOUND('',#1732,.T.);
#1732=EDGE_LOOP('',(#1733,#1734,#1735));
#1733=ORIENTED_EDGE('',*,*,#1736,.T.);
#1734=ORIENTED_EDGE('',*,*,#1737,.T.);
#1735=ORIENTED_EDGE('',*,*,#1738,.T.);
#1736=EDGE_CURVE('',#98,#150,#1739,.F.);
#1737=EDGE_CURVE('',#150,#118,#1740,.T.);
#1738=EDGE_CURVE('',#118,#98,#1741,.T.);
#1739=LINE('',#97,#1742);
#1740=LINE('',#149,#1743);
#1741=LINE('',#117,#1744);
#1742=VECTOR('',#1745,1.0);
#1743=VECTOR('',#1746,1.0);
#1744=VECTOR('',#1747,1.0);
#1745=DIRECTION('',(-0.6913458816652134,0.14388379750971578,-0.7080524872625841));
#1746=DIRECTION('',(0.5378010061785421,0.8261828580949871,0.16790462394867528));
#1747=DIRECTION('',(0.2200086309340148,-0.8133305560500678,0.5385996740714091));
#1748=STYLED_ITEM('',(#25),#1749);
#1749=FACE_SURFACE('',(#1754),#1750,.T.);
#1750=PLANE('',#1751);
#1751=AXIS2_PLACEMENT_3D('',#145,#1752,#1753);
#1752=DIRECTION('',(0.6561833842970289,-0.7394897545589846,-0.15026067041907618));
#1753=DIRECTION('',(-0.6821633437846261,-0.6664443514275024,0.30084065358085155));
#1754=FACE_BOUND('',#1755,.T.);
#1755=EDGE_LOOP('',(#1756,#1757,#1758));
#1756=ORIENTED_EDGE('',*,*,#1759,.T.);
#1757=ORIENTED_EDGE('',*,*,#1760,.T.);
#1758=ORIENTED_EDGE('',*,*,#1761,.T.);
#1759=EDGE_CURVE('',#146,#142,#1762,.F.);
#1760=EDGE_CURVE('',#142,#148,#1763,.T.);
#1761=EDGE_CURVE('',#148,#146,#1764,.T.);
#1762=LINE('',#145,#1765);
#1763=LINE('',#141,#1766);
#1764=LINE('',#147,#1767);
#1765=VECTOR('',#1768,1.0);
#1766=VECTOR('',#1769,1.0);
#1767=VECTOR('',#1770,1.0);
#1768=DIRECTION('',(-0.6821633437846261,-0.6664443514275024,0.30084065358085155));
#1769=DIRECTION('',(0,0.19912586712696423,-0.979973922633115));
#1770=DIRECTION('',(0.7119690512573135,0.540729980895002,0.44800798855941365));
#1771=STYLED_ITEM('',(#25),#1772);
#1772=FACE_SURFACE('',(#1777),#1773,.T.);
#1773=PLANE('',#1774);
#1774=AXIS2_PLACEMENT_3D('',#77,#1775,#1776);
#1775=DIRECTION('',(-0.6561846561244903,-0.28515559445386435,-0.6986472529241402));
#1776=DIRECTION('',(0.5378010061785421,-0.8261828580949871,-0.16790462394867528));
#1777=FACE_BOUND('',#1778,.T.);
#1778=EDGE_LOOP('',(#1779,#1780,#1781));
#1779=ORIENTED_EDGE('',*,*,#1782,.T.);
#1780=ORIENTED_EDGE('',*,*,#1783,.T.);
#1781=ORIENTED_EDGE('',*,*,#1784,.T.);
#1782=EDGE_CURVE('',#78,#152,#1785,.F.);
#1783=EDGE_CURVE('',#152,#80,#1786,.T.);
#1784=EDGE_CURVE('',#80,#78,#1787,.T.);
#1785=LINE('',#77,#1788);
#1786=LINE('',#151,#1789);
#1787=LINE('',#79,#1790);
#1788=VECTOR('',#1791,1.0);
#1789=VECTOR('',#1792,1.0);
#1790=VECTOR('',#1793,1.0);
#1791=DIRECTION('',(0.5378010061785421,-0.8261828580949871,-0.16790462394867528));
#1792=DIRECTION('',(-0.6913451622439961,-0.14388393459333892,0.7080531618513982));
#1793=DIRECTION('',(0.22000737895630496,0.8133307914733472,-0.5385998299722303));
#1794=STYLED_ITEM('',(#25),#1795);
#1795=FACE_SURFACE('',(#1800),#1796,.T.);
#1796=PLANE('',#1797);
#1797=AXIS2_PLACEMENT_3D('',#79,#1798,#1799);
#1798=DIRECTION('',(-0.6561809812063948,-0.28516710911900445,-0.6986460046258928));
#1799=DIRECTION('',(0.6913451622439961,0.14388393459333892,-0.7080531618513982));
#1800=FACE_BOUND('',#1801,.T.);
#1801=EDGE_LOOP('',(#1802,#1803,#1804));
#1802=ORIENTED_EDGE('',*,*,#1805,.T.);
#1803=ORIENTED_EDGE('',*,*,#1806,.T.);
#1804=ORIENTED_EDGE('',*,*,#1807,.T.);
#1805=EDGE_CURVE('',#80,#152,#1808,.F.);
#1806=EDGE_CURVE('',#152,#154,#1809,.T.);
#1807=EDGE_CURVE('',#154,#80,#1810,.T.);
#1808=LINE('',#79,#1811);
#1809=LINE('',#151,#1812);
#1810=LINE('',#153,#1813);
#1811=VECTOR('',#1814,1.0);
#1812=VECTOR('',#1815,1.0);
#1813=VECTOR('',#1816,1.0);
#1814=DIRECTION('',(0.6913451622439961,0.14388393459333892,-0.7080531618513982));
#1815=DIRECTION('',(0,-0.9258451053637567,0.3779032162789493));
#1816=DIRECTION('',(-0.14121064819614246,0.9558935274074282,-0.25754051544681217));
#1817=STYLED_ITEM('',(#25),#1818);
#1818=FACE_SURFACE('',(#1823),#1819,.T.);
#1819=PLANE('',#1820);
#1820=AXIS2_PLACEMENT_3D('',#79,#1821,#1822);
#1821=DIRECTION('',(-0.656195175392276,-0.28516576221665946,-0.6986332226936334));
#1822=DIRECTION('',(0.14121064819614246,-0.9558935274074282,0.25754051544681217));
#1823=FACE_BOUND('',#1824,.T.);
#1824=EDGE_LOOP('',(#1825,#1826,#1827));
#1825=ORIENTED_EDGE('',*,*,#1828,.T.);
#1826=ORIENTED_EDGE('',*,*,#1829,.T.);
#1827=ORIENTED_EDGE('',*,*,#1830,.T.);
#1828=EDGE_CURVE('',#80,#154,#1831,.F.);
#1829=EDGE_CURVE('',#154,#82,#1832,.T.);
#1830=EDGE_CURVE('',#82,#80,#1833,.T.);
#1831=LINE('',#79,#1834);
#1832=LINE('',#153,#1835);
#1833=LINE('',#81,#1836);
#1834=VECTOR('',#1837,1.0);
#1835=VECTOR('',#1838,1.0);
#1836=VECTOR('',#1839,1.0);
#1837=DIRECTION('',(0.14121064819614246,-0.9558935274074282,0.25754051544681217));
#1838=DIRECTION('',(-0.17114282441564732,0.9579592785830757,-0.2302697423189332));
#1839=DIRECTION('',(0.6913378433709302,0.14386315730987184,-0.7080645297513966));
#1840=STYLED_ITEM('',(#25),#1841);
#1841=FACE_SURFACE('',(#1846),#1842,.T.);
#1842=PLANE('',#1843);
#1843=AXIS2_PLACEMENT_3D('',#81,#1844,#1845);
#1844=DIRECTION('',(-0.6561954240871924,-0.28516575154510754,-0.6986329934613335));
#1845=DIRECTION('',(0.17114282441564732,-0.9579592785830757,0.2302697423189332));
#1846=FACE_BOUND('',#1847,.T.);
#1847=EDGE_LOOP('',(#1848,#1849,#1850));
#1848=ORIENTED_EDGE('',*,*,#1851,.T.);
#1849=ORIENTED_EDGE('',*,*,#1852,.T.);
#1850=ORIENTED_EDGE('',*,*,#1853,.T.);
#1851=EDGE_CURVE('',#82,#154,#1854,.F.);
#1852=EDGE_CURVE('',#154,#156,#1855,.T.);
#1853=EDGE_CURVE('',#156,#82,#1856,.T.);
#1854=LINE('',#81,#1857);
#1855=LINE('',#153,#1858);
#1856=LINE('',#155,#1859);
#1857=VECTOR('',#1860,1.0);
#1858=VECTOR('',#1861,1.0);
#1859=VECTOR('',#1862,1.0);
#1860=DIRECTION('',(0.17114282441564732,-0.9579592785830757,0.2302697423189332));
#1861=DIRECTION('',(-0.7119690512573135,0.540729980895002,0.44800798855941365));
#1862=DIRECTION('',(-0.03825417887061013,0.9372242688928555,-0.34662268765501764));
#1863=STYLED_ITEM('',(#25),#1864);
#1864=FACE_SURFACE('',(#1869),#1865,.T.);
#1865=PLANE('',#1866);
#1866=AXIS2_PLACEMENT_3D('',#81,#1867,#1868);
#1867=DIRECTION('',(-0.6561291897079597,-0.2851833912704961,-0.6986879988640389));
#1868=DIRECTION('',(0.03825417887061013,-0.9372242688928555,0.34662268765501764));
#1869=FACE_BOUND('',#1870,.T.);
#1870=EDGE_LOOP('',(#1871,#1872,#1873));
#1871=ORIENTED_EDGE('',*,*,#1874,.T.);
#1872=ORIENTED_EDGE('',*,*,#1875,.T.);
#1873=ORIENTED_EDGE('',*,*,#1876,.T.);
#1874=EDGE_CURVE('',#82,#156,#1877,.F.);
#1875=EDGE_CURVE('',#156,#158,#1878,.T.);
#1876=EDGE_CURVE('',#158,#82,#1879,.T.);
#1877=LINE('',#81,#1880);
#1878=LINE('',#155,#1881);
#1879=LINE('',#157,#1882);
#1880=VECTOR('',#1883,1.0);
#1881=VECTOR('',#1884,1.0);
#1882=VECTOR('',#1885,1.0);
#1883=DIRECTION('',(0.03825417887061013,-0.9372242688928555,0.34662268765501764));
#1884=DIRECTION('',(-0.4509704317676705,0.8905186870234665,0.060017811800183514));
#1885=DIRECTION('',(0,0.9258455034768264,-0.37790224091918495));
#1886=STYLED_ITEM('',(#25),#1887);
#1887=FACE_SURFACE('',(#1892),#1888,.T.);
#1888=PLANE('',#1889);
#1889=AXIS2_PLACEMENT_3D('',#81,#1890,#1891);
#1890=DIRECTION('',(-1,0,0));
#1891=DIRECTION('',(0,-0.9258455034768264,0.37790224091918495));
#1892=FACE_BOUND('',#1893,.T.);
#1893=EDGE_LOOP('',(#1894,#1895,#1896));
#1894=ORIENTED_EDGE('',*,*,#1897,.T.);
#1895=ORIENTED_EDGE('',*,*,#1898,.T.);
#1896=ORIENTED_EDGE('',*,*,#1899,.T.);
#1897=EDGE_CURVE('',#82,#158,#1900,.F.);
#1898=EDGE_CURVE('',#158,#86,#1901,.T.);
#1899=EDGE_CURVE('',#86,#82,#1902,.T.);
#1900=LINE('',#81,#1903);
#1901=LINE('',#157,#1904);
#1902=LINE('',#85,#1905);
#1903=VECTOR('',#1906,1.0);
#1904=VECTOR('',#1907,1.0);
#1905=VECTOR('',#1908,1.0);
#1906=DIRECTION('',(0,-0.9258455034768264,0.37790224091918495));
#1907=DIRECTION('',(0,0.8667120450026113,0.49880881211882316));
#1908=DIRECTION('',(0,0.1991305835334365,-0.9799729642707666));
#1909=STYLED_ITEM('',(#25),#1910);
#1910=FACE_SURFACE('',(#1915),#1911,.T.);
#1911=PLANE('',#1912);
#1912=AXIS2_PLACEMENT_3D('',#155,#1913,#1914);
#1913=DIRECTION('',(-0.6561474266182011,-0.37636439531831983,0.6540798089522317));
#1914=DIRECTION('',(0.6821633437846261,-0.6664443514275024,0.30084065358085155));
#1915=FACE_BOUND('',#1916,.T.);
#1916=EDGE_LOOP('',(#1917,#1918,#1919));
#1917=ORIENTED_EDGE('',*,*,#1920,.T.);
#1918=ORIENTED_EDGE('',*,*,#1921,.T.);
#1919=ORIENTED_EDGE('',*,*,#1922,.T.);
#1920=EDGE_CURVE('',#156,#160,#1923,.F.);
#1921=EDGE_CURVE('',#160,#158,#1924,.T.);
#1922=EDGE_CURVE('',#158,#156,#1925,.T.);
#1923=LINE('',#155,#1926);
#1924=LINE('',#159,#1927);
#1925=LINE('',#157,#1928);
#1926=VECTOR('',#1929,1.0);
#1927=VECTOR('',#1930,1.0);
#1928=VECTOR('',#1931,1.0);
#1929=DIRECTION('',(0.6821633437846261,-0.6664443514275024,0.30084065358085155));
#1930=DIRECTION('',(-0.6327036430421537,0.7467651257629071,-0.2050071877410564));
#1931=DIRECTION('',(0.4509704317676705,-0.8905186870234665,-0.060017811800183514));
#1932=STYLED_ITEM('',(#25),#1933);
#1933=FACE_SURFACE('',(#1938),#1934,.T.);
#1934=PLANE('',#1935);
#1935=AXIS2_PLACEMENT_3D('',#157,#1936,#1937);
#1936=DIRECTION('',(-0.656177453985468,-0.37640443105614496,0.6540266456058565));
#1937=DIRECTION('',(0.6327036430421537,-0.7467651257629071,0.2050071877410564));
#1938=FACE_BOUND('',#1939,.T.);
#1939=EDGE_LOOP('',(#1940,#1941,#1942));
#1940=ORIENTED_EDGE('',*,*,#1943,.T.);
#1941=ORIENTED_EDGE('',*,*,#1944,.T.);
#1942=ORIENTED_EDGE('',*,*,#1945,.T.);
#1943=EDGE_CURVE('',#158,#160,#1946,.F.);
#1944=EDGE_CURVE('',#160,#86,#1947,.T.);
#1945=EDGE_CURVE('',#86,#158,#1948,.T.);
#1946=LINE('',#157,#1949);
#1947=LINE('',#159,#1950);
#1948=LINE('',#85,#1951);
#1949=VECTOR('',#1952,1.0);
#1950=VECTOR('',#1953,1.0);
#1951=VECTOR('',#1954,1.0);
#1952=DIRECTION('',(0.6327036430421537,-0.7467651257629071,0.2050071877410564));
#1953=DIRECTION('',(-0.18602342934440705,0.9206507561640185,0.34321635874411277));
#1954=DIRECTION('',(0,-0.8667120450026113,-0.49880881211882316));
#1955=STYLED_ITEM('',(#25),#1956);
#1956=FACE_SURFACE('',(#1961),#1957,.T.);
#1957=PLANE('',#1958);
#1958=AXIS2_PLACEMENT_3D('',#85,#1959,#1960);
#1959=DIRECTION('',(-0.6560038488790488,-0.3764289983929155,0.6541866395951391));
#1960=DIRECTION('',(0.18602342934440705,-0.9206507561640185,-0.34321635874411277));
#1961=FACE_BOUND('',#1962,.T.);
#1962=EDGE_LOOP('',(#1963,#1964,#1965));
#1963=ORIENTED_EDGE('',*,*,#1966,.T.);
#1964=ORIENTED_EDGE('',*,*,#1967,.T.);
#1965=ORIENTED_EDGE('',*,*,#1968,.T.);
#1966=EDGE_CURVE('',#86,#160,#1969,.F.);
#1967=EDGE_CURVE('',#160,#88,#1970,.T.);
#1968=EDGE_CURVE('',#88,#86,#1971,.T.);
#1969=LINE('',#85,#1972);
#1970=LINE('',#159,#1973);
#1971=LINE('',#87,#1974);
#1972=VECTOR('',#1975,1.0);
#1973=VECTOR('',#1976,1.0);
#1974=VECTOR('',#1977,1.0);
#1975=DIRECTION('',(0.18602342934440705,-0.9206507561640185,-0.34321635874411277));
#1976=DIRECTION('',(-0.17654012026687216,0.9192345512915099,0.3519111047524004));
#1977=DIRECTION('',(-0.7373588548709428,0.1346025472628017,-0.6619547366805205));
#1978=STYLED_ITEM('',(#25),#1979);
#1979=FACE_SURFACE('',(#1984),#1980,.T.);
#1980=PLANE('',#1981);
#1981=AXIS2_PLACEMENT_3D('',#87,#1982,#1983);
#1982=DIRECTION('',(-0.6561811073052303,-0.37640111737729076,0.6540248873344261));
#1983=DIRECTION('',(0.17654012026687216,-0.9192345512915099,-0.3519111047524004));
#1984=FACE_BOUND('',#1985,.T.);
#1985=EDGE_LOOP('',(#1986,#1987,#1988));
#1986=ORIENTED_EDGE('',*,*,#1989,.T.);
#1987=ORIENTED_EDGE('',*,*,#1990,.T.);
#1988=ORIENTED_EDGE('',*,*,#1991,.T.);
#1989=EDGE_CURVE('',#88,#160,#1992,.F.);
#1990=EDGE_CURVE('',#160,#138,#1993,.T.);
#1991=EDGE_CURVE('',#138,#88,#1994,.T.);
#1992=LINE('',#87,#1995);
#1993=LINE('',#159,#1996);
#1994=LINE('',#137,#1997);
#1995=VECTOR('',#1998,1.0);
#1996=VECTOR('',#1999,1.0);
#1997=VECTOR('',#2000,1.0);
#1998=DIRECTION('',(0.17654012026687216,-0.9192345512915099,-0.3519111047524004));
#1999=DIRECTION('',(0,0.8667133637129809,0.49880652076865434));
#2000=DIRECTION('',(-0.7371751092478853,0.13454969738191092,-0.662170096908494));
#2001=STYLED_ITEM('',(#25),#2002);
#2002=FACE_SURFACE('',(#2007),#2003,.T.);
#2003=PLANE('',#2004);
#2004=AXIS2_PLACEMENT_3D('',#87,#2005,#2006);
#2005=DIRECTION('',(-0.6561788428225299,-0.3764139901288131,0.6540197506707205));
#2006=DIRECTION('',(0.7371751092478853,-0.13454969738191092,0.662170096908494));
#2007=FACE_BOUND('',#2008,.T.);
#2008=EDGE_LOOP('',(#2009,#2010,#2011));
#2009=ORIENTED_EDGE('',*,*,#2012,.T.);
#2010=ORIENTED_EDGE('',*,*,#2013,.T.);
#2011=ORIENTED_EDGE('',*,*,#2014,.T.);
#2012=EDGE_CURVE('',#88,#138,#2015,.F.);
#2013=EDGE_CURVE('',#138,#134,#2016,.T.);
#2014=EDGE_CURVE('',#134,#88,#2017,.T.);
#2015=LINE('',#87,#2018);
#2016=LINE('',#137,#2019);
#2017=LINE('',#133,#2020);
#2018=VECTOR('',#2021,1.0);
#2019=VECTOR('',#2022,1.0);
#2020=VECTOR('',#2023,1.0);
#2021=DIRECTION('',(0.7371751092478853,-0.13454969738191092,0.662170096908494));
#2022=DIRECTION('',(-0.3417579224316059,0.920962155447754,0.18716364681278158));
#2023=DIRECTION('',(-0.45734685071514036,-0.49100549109420955,-0.7414495706764399));
#2024=STYLED_ITEM('',(#25),#2025);
#2025=FACE_SURFACE('',(#2030),#2026,.T.);
#2026=PLANE('',#2027);
#2027=AXIS2_PLACEMENT_3D('',#155,#2028,#2029);
#2028=DIRECTION('',(-0.6561833842970289,-0.7394897545589846,-0.15026067041907618));
#2029=DIRECTION('',(0.7119690512573135,-0.540729980895002,-0.44800798855941365));
#2030=FACE_BOUND('',#2031,.T.);
#2031=EDGE_LOOP('',(#2032,#2033,#2034));
#2032=ORIENTED_EDGE('',*,*,#2035,.T.);
#2033=ORIENTED_EDGE('',*,*,#2036,.T.);
#2034=ORIENTED_EDGE('',*,*,#2037,.T.);
#2035=EDGE_CURVE('',#156,#154,#2038,.F.);
#2036=EDGE_CURVE('',#154,#160,#2039,.T.);
#2037=EDGE_CURVE('',#160,#156,#2040,.T.);
#2038=LINE('',#155,#2041);
#2039=LINE('',#153,#2042);
#2040=LINE('',#159,#2043);
#2041=VECTOR('',#2044,1.0);
#2042=VECTOR('',#2045,1.0);
#2043=VECTOR('',#2046,1.0);
#2044=DIRECTION('',(0.7119690512573135,-0.540729980895002,-0.44800798855941365));
#2045=DIRECTION('',(0,-0.19912586712696423,0.979973922633115));
#2046=DIRECTION('',(-0.6821633437846261,0.6664443514275024,-0.30084065358085155));
#2047=STYLED_ITEM('',(#25),#2048);
#2048=FACE_SURFACE('',(#2053),#2049,.T.);
#2049=PLANE('',#2050);
#2050=AXIS2_PLACEMENT_3D('',#83,#2051,#2052);
#2051=DIRECTION('',(0,-0.8337560354840502,0.5521330213761165));
#2052=DIRECTION('',(1,0,0));
#2053=FACE_BOUND('',#2054,.T.);
#2054=EDGE_LOOP('',(#2055,#2056,#2057));
#2055=ORIENTED_EDGE('',*,*,#2058,.T.);
#2056=ORIENTED_EDGE('',*,*,#2059,.T.);
#2057=ORIENTED_EDGE('',*,*,#2060,.T.);
#2058=EDGE_CURVE('',#84,#88,#2061,.F.);
#2059=EDGE_CURVE('',#88,#136,#2062,.T.);
#2060=EDGE_CURVE('',#136,#84,#2063,.T.);
#2061=LINE('',#83,#2064);
#2062=LINE('',#87,#2065);
#2063=LINE('',#135,#2066);
#2064=VECTOR('',#2067,1.0);
#2065=VECTOR('',#2068,1.0);
#2066=VECTOR('',#2069,1.0);
#2067=DIRECTION('',(1,0,0));
#2068=DIRECTION('',(-0.9799681253377021,0.10995971821190698,0.16604617939858762));
#2069=DIRECTION('',(0.41820507023409054,-0.5015314877913221,-0.7573444962395398));
#2070=STYLED_ITEM('',(#25),#2071);
#2071=FACE_SURFACE('',(#2076),#2072,.T.);
#2072=PLANE('',#2073);
#2073=AXIS2_PLACEMENT_3D('',#135,#2074,#2075);
#2074=DIRECTION('',(0,-0.8337560354840503,0.5521330213761166));
#2075=DIRECTION('',(0.9799681253377021,-0.10995971821190698,-0.16604617939858762));
#2076=FACE_BOUND('',#2077,.T.);
#2077=EDGE_LOOP('',(#2078,#2079,#2080));
#2078=ORIENTED_EDGE('',*,*,#2081,.T.);
#2079=ORIENTED_EDGE('',*,*,#2082,.T.);
#2080=ORIENTED_EDGE('',*,*,#2083,.T.);
#2081=EDGE_CURVE('',#136,#88,#2084,.F.);
#2082=EDGE_CURVE('',#88,#134,#2085,.T.);
#2083=EDGE_CURVE('',#134,#136,#2086,.T.);
#2084=LINE('',#135,#2087);
#2085=LINE('',#87,#2088);
#2086=LINE('',#133,#2089);
#2087=VECTOR('',#2090,1.0);
#2088=VECTOR('',#2091,1.0);
#2089=VECTOR('',#2092,1.0);
#2090=DIRECTION('',(0.9799681253377021,-0.10995971821190698,-0.16604617939858762));
#2091=DIRECTION('',(0.45734685071514036,0.49100549109420955,0.7414495706764399));
#2092=DIRECTION('',(-1,0,0));
#2093=STYLED_ITEM('',(#25),#2094);
#2094=FACE_SURFACE('',(#2099),#2095,.T.);
#2095=PLANE('',#2096);
#2096=AXIS2_PLACEMENT_3D('',#73,#2097,#2098);
#2097=DIRECTION('',(-0.5526045086203134,-0.8021935765085689,0.2260834422528391));
#2098=DIRECTION('',(0.8016684190571345,-0.5857944459421606,-0.11904878407506664));
#2099=FACE_BOUND('',#2100,.T.);
#2100=EDGE_LOOP('',(#2101,#2102,#2103));
#2101=ORIENTED_EDGE('',*,*,#2104,.T.);
#2102=ORIENTED_EDGE('',*,*,#2105,.T.);
#2103=ORIENTED_EDGE('',*,*,#2106,.T.);
#2104=EDGE_CURVE('',#74,#72,#2107,.F.);
#2105=EDGE_CURVE('',#72,#136,#2108,.T.);
#2106=EDGE_CURVE('',#136,#74,#2109,.T.);
#2107=LINE('',#73,#2110);
#2108=LINE('',#71,#2111);
#2109=LINE('',#135,#2112);
#2110=VECTOR('',#2113,1.0);
#2111=VECTOR('',#2114,1.0);
#2112=VECTOR('',#2115,1.0);
#2113=DIRECTION('',(0.8016684190571345,-0.5857944459421606,-0.11904878407506664));
#2114=DIRECTION('',(0.48401819304569704,-0.08805699537184725,0.8706160774801146));
#2115=DIRECTION('',(-0.5679246495194173,0.16390002086824307,-0.8065967862740567));
#2116=STYLED_ITEM('',(#25),#2117);
#2117=FACE_SURFACE('',(#2122),#2118,.T.);
#2118=PLANE('',#2119);
#2119=AXIS2_PLACEMENT_3D('',#135,#2120,#2121);
#2120=DIRECTION('',(-0.5526047171242644,-0.80219339503486,0.22608357652526778));
#2121=DIRECTION('',(-0.48401819304569704,0.08805699537184725,-0.8706160774801146));
#2122=FACE_BOUND('',#2123,.T.);
#2123=EDGE_LOOP('',(#2124,#2125,#2126));
#2124=ORIENTED_EDGE('',*,*,#2127,.T.);
#2125=ORIENTED_EDGE('',*,*,#2128,.T.);
#2126=ORIENTED_EDGE('',*,*,#2129,.T.);
#2127=EDGE_CURVE('',#136,#72,#2130,.F.);
#2128=EDGE_CURVE('',#72,#84,#2131,.T.);
#2129=EDGE_CURVE('',#84,#136,#2132,.T.);
#2130=LINE('',#135,#2133);
#2131=LINE('',#71,#2134);
#2132=LINE('',#83,#2135);
#2133=VECTOR('',#2136,1.0);
#2134=VECTOR('',#2137,1.0);
#2135=VECTOR('',#2138,1.0);
#2136=DIRECTION('',(-0.48401819304569704,0.08805699537184725,-0.8706160774801146));
#2137=DIRECTION('',(0.5679249501412791,-0.16390035651513168,0.8065965064028223));
#2138=DIRECTION('',(-0.41820507023409054,0.5015314877913221,0.7573444962395398));
#2139=STYLED_ITEM('',(#25),#2140);
#2140=FACE_SURFACE('',(#2145),#2141,.T.);
#2141=PLANE('',#2142);
#2142=AXIS2_PLACEMENT_3D('',#131,#2143,#2144);
#2143=DIRECTION('',(0,-0.8337560354840502,0.5521330213761165));
#2144=DIRECTION('',(0.45734495373422296,-0.4910060297466236,-0.7414503840758996));
#2145=FACE_BOUND('',#2146,.T.);
#2146=EDGE_LOOP('',(#2147,#2148,#2149));
#2147=ORIENTED_EDGE('',*,*,#2150,.T.);
#2148=ORIENTED_EDGE('',*,*,#2151,.T.);
#2149=ORIENTED_EDGE('',*,*,#2152,.T.);
#2150=EDGE_CURVE('',#132,#106,#2153,.F.);
#2151=EDGE_CURVE('',#106,#130,#2154,.T.);
#2152=EDGE_CURVE('',#130,#132,#2155,.T.);
#2153=LINE('',#131,#2156);
#2154=LINE('',#105,#2157);
#2155=LINE('',#129,#2158);
#2156=VECTOR('',#2159,1.0);
#2157=VECTOR('',#2160,1.0);
#2158=VECTOR('',#2161,1.0);
#2159=DIRECTION('',(0.45734495373422296,-0.4910060297466236,-0.7414503840758996));
#2160=DIRECTION('',(0.9799681253377021,0.10995971821190698,0.16604617939858762));
#2161=DIRECTION('',(-1,0,0));
#2162=STYLED_ITEM('',(#25),#2163);
#2163=FACE_SURFACE('',(#2168),#2164,.T.);
#2164=PLANE('',#2165);
#2165=AXIS2_PLACEMENT_3D('',#129,#2166,#2167);
#2166=DIRECTION('',(0,-0.8337560354840502,0.5521330213761165));
#2167=DIRECTION('',(-0.9799681253377021,-0.10995971821190698,-0.16604617939858762));
#2168=FACE_BOUND('',#2169,.T.);
#2169=EDGE_LOOP('',(#2170,#2171,#2172));
#2170=ORIENTED_EDGE('',*,*,#2173,.T.);
#2171=ORIENTED_EDGE('',*,*,#2174,.T.);
#2172=ORIENTED_EDGE('',*,*,#2175,.T.);
#2173=EDGE_CURVE('',#130,#106,#2176,.F.);
#2174=EDGE_CURVE('',#106,#102,#2177,.T.);
#2175=EDGE_CURVE('',#102,#130,#2178,.T.);
#2176=LINE('',#129,#2179);
#2177=LINE('',#105,#2180);
#2178=LINE('',#101,#2181);
#2179=VECTOR('',#2182,1.0);
#2180=VECTOR('',#2183,1.0);
#2181=VECTOR('',#2184,1.0);
#2182=DIRECTION('',(-0.9799681253377021,-0.10995971821190698,-0.16604617939858762));
#2183=DIRECTION('',(1,0,0));
#2184=DIRECTION('',(0.41820507023409054,0.5015314877913221,0.7573444962395398));
#2185=STYLED_ITEM('',(#25),#2186);
#2186=FACE_SURFACE('',(#2191),#2187,.T.);
#2187=PLANE('',#2188);
#2188=AXIS2_PLACEMENT_3D('',#101,#2189,#2190);
#2189=DIRECTION('',(0.5526047171242644,-0.80219339503486,0.22608357652526778));
#2190=DIRECTION('',(0.5679249501412791,0.16390035651513168,-0.8065965064028223));
#2191=FACE_BOUND('',#2192,.T.);
#2192=EDGE_LOOP('',(#2193,#2194,#2195));
#2193=ORIENTED_EDGE('',*,*,#2196,.T.);
#2194=ORIENTED_EDGE('',*,*,#2197,.T.);
#2195=ORIENTED_EDGE('',*,*,#2198,.T.);
#2196=EDGE_CURVE('',#102,#108,#2199,.F.);
#2197=EDGE_CURVE('',#108,#130,#2200,.T.);
#2198=EDGE_CURVE('',#130,#102,#2201,.T.);
#2199=LINE('',#101,#2202);
#2200=LINE('',#107,#2203);
#2201=LINE('',#129,#2204);
#2202=VECTOR('',#2205,1.0);
#2203=VECTOR('',#2206,1.0);
#2204=VECTOR('',#2207,1.0);
#2205=DIRECTION('',(0.5679249501412791,0.16390035651513168,-0.8065965064028223));
#2206=DIRECTION('',(-0.48401819304569704,-0.08805699537184725,0.8706160774801146));
#2207=DIRECTION('',(-0.41820507023409054,-0.5015314877913221,-0.7573444962395398));
#2208=STYLED_ITEM('',(#25),#2209);
#2209=FACE_SURFACE('',(#2214),#2210,.T.);
#2210=PLANE('',#2211);
#2211=AXIS2_PLACEMENT_3D('',#129,#2212,#2213);
#2212=DIRECTION('',(0.5526040547576567,-0.8021939715325089,0.22608314997428966));
#2213=DIRECTION('',(0.48401819304569704,0.08805699537184725,-0.8706160774801146));
#2214=FACE_BOUND('',#2215,.T.);
#2215=EDGE_LOOP('',(#2216,#2217,#2218));
#2216=ORIENTED_EDGE('',*,*,#2219,.T.);
#2217=ORIENTED_EDGE('',*,*,#2220,.T.);
#2218=ORIENTED_EDGE('',*,*,#2221,.T.);
#2219=EDGE_CURVE('',#130,#108,#2222,.F.);
#2220=EDGE_CURVE('',#108,#114,#2223,.T.);
#2221=EDGE_CURVE('',#114,#130,#2224,.T.);
#2222=LINE('',#129,#2225);
#2223=LINE('',#107,#2226);
#2224=LINE('',#113,#2227);
#2225=VECTOR('',#2228,1.0);
#2226=VECTOR('',#2229,1.0);
#2227=VECTOR('',#2230,1.0);
#2228=DIRECTION('',(0.48401819304569704,0.08805699537184725,-0.8706160774801146));
#2229=DIRECTION('',(0.8016688264599783,0.5857939105183873,0.11904867526292337));
#2230=DIRECTION('',(-0.5679247558740654,-0.16390000625516907,0.8065967143591267));
#2231=STYLED_ITEM('',(#25),#2232);
#2232=FACE_SURFACE('',(#2237),#2233,.T.);
#2233=PLANE('',#2234);
#2234=AXIS2_PLACEMENT_3D('',#53,#2235,#2236);
#2235=DIRECTION('',(0,0.19912735591390926,-0.9799736201177741));
#2236=DIRECTION('',(1,0,0));
#2237=FACE_BOUND('',#2238,.T.);
#2238=EDGE_LOOP('',(#2239,#2240,#2241));
#2239=ORIENTED_EDGE('',*,*,#2242,.T.);
#2240=ORIENTED_EDGE('',*,*,#2243,.T.);
#2241=ORIENTED_EDGE('',*,*,#2244,.T.);
#2242=EDGE_CURVE('',#54,#120,#2245,.F.);
#2243=EDGE_CURVE('',#120,#50,#2246,.T.);
#2244=EDGE_CURVE('',#50,#54,#2247,.T.);
#2245=LINE('',#53,#2248);
#2246=LINE('',#119,#2249);
#2247=LINE('',#49,#2250);
#2248=VECTOR('',#2251,1.0);
#2249=VECTOR('',#2252,1.0);
#2250=VECTOR('',#2253,1.0);
#2251=DIRECTION('',(1,0,0));
#2252=DIRECTION('',(-0.533043574940762,-0.8291437138246054,-0.1684792243557436));
#2253=DIRECTION('',(0,0.9799736201177741,0.19912735591390926));
#2254=STYLED_ITEM('',(#25),#2255);
#2255=FACE_SURFACE('',(#2260),#2256,.T.);
#2256=PLANE('',#2257);
#2257=AXIS2_PLACEMENT_3D('',#49,#2258,#2259);
#2258=DIRECTION('',(-1.9590590714897658E-06,0.19912856542264787,-0.9799733743469158));
#2259=DIRECTION('',(0.533043574940762,0.8291437138246054,0.1684792243557436));
#2260=FACE_BOUND('',#2261,.T.);
#2261=EDGE_LOOP('',(#2262,#2263,#2264));
#2262=ORIENTED_EDGE('',*,*,#2265,.T.);
#2263=ORIENTED_EDGE('',*,*,#2266,.T.);
#2264=ORIENTED_EDGE('',*,*,#2267,.T.);
#2265=EDGE_CURVE('',#50,#120,#2268,.F.);
#2266=EDGE_CURVE('',#120,#94,#2269,.T.);
#2267=EDGE_CURVE('',#94,#50,#2270,.T.);
#2268=LINE('',#49,#2271);
#2269=LINE('',#119,#2272);
#2270=LINE('',#93,#2273);
#2271=VECTOR('',#2274,1.0);
#2272=VECTOR('',#2275,1.0);
#2273=VECTOR('',#2276,1.0);
#2274=DIRECTION('',(0.533043574940762,0.8291437138246054,0.1684792243557436));
#2275=DIRECTION('',(0,-0.9799733743487963,-0.19912856542302995));
#2276=DIRECTION('',(-0.4361087679386861,0.8818719521961687,0.17919543090358003));
#2277=STYLED_ITEM('',(#25),#2278);
#2278=FACE_SURFACE('',(#2283),#2279,.T.);
#2279=PLANE('',#2280);
#2280=AXIS2_PLACEMENT_3D('',#49,#2281,#2282);
#2281=DIRECTION('',(0,0.19912949581348485,-0.9799731852949177));
#2282=DIRECTION('',(0.4361087679386861,-0.8818719521961687,-0.17919543090358003));
#2283=FACE_BOUND('',#2284,.T.);
#2284=EDGE_LOOP('',(#2285,#2286,#2287));
#2285=ORIENTED_EDGE('',*,*,#2288,.T.);
#2286=ORIENTED_EDGE('',*,*,#2289,.T.);
#2287=ORIENTED_EDGE('',*,*,#2290,.T.);
#2288=EDGE_CURVE('',#50,#94,#2291,.F.);
#2289=EDGE_CURVE('',#94,#118,#2292,.T.);
#2290=EDGE_CURVE('',#118,#50,#2293,.T.);
#2291=LINE('',#49,#2294);
#2292=LINE('',#93,#2295);
#2293=LINE('',#117,#2296);
#2294=VECTOR('',#2297,1.0);
#2295=VECTOR('',#2298,1.0);
#2296=VECTOR('',#2299,1.0);
#2297=DIRECTION('',(0.4361087679386861,-0.8818719521961687,-0.17919543090358003));
#2298=DIRECTION('',(-1,0,0));
#2299=DIRECTION('',(0.10042007297675182,0.9750195468769013,0.19812292182204952));
#2300=STYLED_ITEM('',(#25),#2301);
#2301=FACE_SURFACE('',(#2306),#2302,.T.);
#2302=PLANE('',#2303);
#2303=AXIS2_PLACEMENT_3D('',#149,#2304,#2305);
#2304=DIRECTION('',(0,0.19915815218402413,-0.9799673619150001));
#2305=DIRECTION('',(-1,0,0));
#2306=FACE_BOUND('',#2307,.T.);
#2307=EDGE_LOOP('',(#2308,#2309,#2310));
#2308=ORIENTED_EDGE('',*,*,#2311,.T.);
#2309=ORIENTED_EDGE('',*,*,#2312,.T.);
#2310=ORIENTED_EDGE('',*,*,#2313,.T.);
#2311=EDGE_CURVE('',#150,#152,#2314,.F.);
#2312=EDGE_CURVE('',#152,#118,#2315,.T.);
#2313=EDGE_CURVE('',#118,#150,#2316,.T.);
#2314=LINE('',#149,#2317);
#2315=LINE('',#151,#2318);
#2316=LINE('',#117,#2319);
#2317=VECTOR('',#2320,1.0);
#2318=VECTOR('',#2321,1.0);
#2319=VECTOR('',#2322,1.0);
#2320=DIRECTION('',(-1,0,0));
#2321=DIRECTION('',(0.9982200613113997,0.05844344266148924,0.011877424187872842));
#2322=DIRECTION('',(-0.5378010061785421,-0.8261828580949871,-0.16790462394867528));
#2323=STYLED_ITEM('',(#25),#2324);
#2324=FACE_SURFACE('',(#2329),#2325,.T.);
#2325=PLANE('',#2326);
#2326=AXIS2_PLACEMENT_3D('',#117,#2327,#2328);
#2327=DIRECTION('',(0,0.19915815218402416,-0.9799673619150003));
#2328=DIRECTION('',(-0.9982200613113997,-0.05844344266148924,-0.011877424187872842));
#2329=FACE_BOUND('',#2330,.T.);
#2330=EDGE_LOOP('',(#2331,#2332,#2333));
#2331=ORIENTED_EDGE('',*,*,#2334,.T.);
#2332=ORIENTED_EDGE('',*,*,#2335,.T.);
#2333=ORIENTED_EDGE('',*,*,#2336,.T.);
#2334=EDGE_CURVE('',#118,#152,#2337,.F.);
#2335=EDGE_CURVE('',#152,#78,#2338,.T.);
#2336=EDGE_CURVE('',#78,#118,#2339,.T.);
#2337=LINE('',#117,#2340);
#2338=LINE('',#151,#2341);
#2339=LINE('',#77,#2342);
#2340=VECTOR('',#2343,1.0);
#2341=VECTOR('',#2344,1.0);
#2342=VECTOR('',#2345,1.0);
#2343=DIRECTION('',(-0.9982200613113997,-0.05844344266148924,-0.011877424187872842));
#2344=DIRECTION('',(-0.5378010061785421,0.8261828580949871,0.16790462394867528));
#2345=DIRECTION('',(1,0,0));
#2346=STYLED_ITEM('',(#25),#2347);
#2347=FACE_SURFACE('',(#2352),#2348,.T.);
#2348=PLANE('',#2349);
#2349=AXIS2_PLACEMENT_3D('',#117,#2350,#2351);
#2350=DIRECTION('',(0,0.19912949581348488,-0.9799731852949178));
#2351=DIRECTION('',(-1,0,0));
#2352=FACE_BOUND('',#2353,.T.);
#2353=EDGE_LOOP('',(#2354,#2355,#2356));
#2354=ORIENTED_EDGE('',*,*,#2357,.T.);
#2355=ORIENTED_EDGE('',*,*,#2358,.T.);
#2356=ORIENTED_EDGE('',*,*,#2359,.T.);
#2357=EDGE_CURVE('',#118,#78,#2360,.F.);
#2358=EDGE_CURVE('',#78,#50,#2361,.T.);
#2359=EDGE_CURVE('',#50,#118,#2362,.T.);
#2360=LINE('',#117,#2363);
#2361=LINE('',#77,#2364);
#2362=LINE('',#49,#2365);
#2363=VECTOR('',#2366,1.0);
#2364=VECTOR('',#2367,1.0);
#2365=VECTOR('',#2368,1.0);
#2366=DIRECTION('',(-1,0,0));
#2367=DIRECTION('',(0.8209109558239126,0.5596197796418454,0.11371413650853911));
#2368=DIRECTION('',(-0.10042007297675182,-0.9750195468769013,-0.19812292182204952));
#2369=STYLED_ITEM('',(#25),#2370);
#2370=FACE_SURFACE('',(#2375),#2371,.T.);
#2371=PLANE('',#2372);
#2372=AXIS2_PLACEMENT_3D('',#49,#2373,#2374);
#2373=DIRECTION('',(0,0.19912949581348488,-0.9799731852949178));
#2374=DIRECTION('',(-0.8209109558239126,-0.5596197796418454,-0.11371413650853911));
#2375=FACE_BOUND('',#2376,.T.);
#2376=EDGE_LOOP('',(#2377,#2378,#2379));
#2377=ORIENTED_EDGE('',*,*,#2380,.T.);
#2378=ORIENTED_EDGE('',*,*,#2381,.T.);
#2379=ORIENTED_EDGE('',*,*,#2382,.T.);
#2380=EDGE_CURVE('',#50,#78,#2383,.F.);
#2381=EDGE_CURVE('',#78,#52,#2384,.T.);
#2382=EDGE_CURVE('',#52,#50,#2385,.T.);
#2383=LINE('',#49,#2386);
#2384=LINE('',#77,#2387);
#2385=LINE('',#51,#2388);
#2386=VECTOR('',#2389,1.0);
#2387=VECTOR('',#2390,1.0);
#2388=VECTOR('',#2391,1.0);
#2389=DIRECTION('',(-0.8209109558239126,-0.5596197796418454,-0.11371413650853911));
#2390=DIRECTION('',(-0.10041992847136966,0.9750195611697666,0.19812292472634432));
#2391=DIRECTION('',(1,0,0));
#2392=STYLED_ITEM('',(#25),#2393);
#2393=FACE_SURFACE('',(#2398),#2394,.T.);
#2394=PLANE('',#2395);
#2395=AXIS2_PLACEMENT_3D('',#51,#2396,#2397);
#2396=DIRECTION('',(0,0.19912949581348485,-0.9799731852949177));
#2397=DIRECTION('',(0.10041992847136966,-0.9750195611697666,-0.19812292472634432));
#2398=FACE_BOUND('',#2399,.T.);
#2399=EDGE_LOOP('',(#2400,#2401,#2402));
#2400=ORIENTED_EDGE('',*,*,#2403,.T.);
#2401=ORIENTED_EDGE('',*,*,#2404,.T.);
#2402=ORIENTED_EDGE('',*,*,#2405,.T.);
#2403=EDGE_CURVE('',#52,#78,#2406,.F.);
#2404=EDGE_CURVE('',#78,#60,#2407,.T.);
#2405=EDGE_CURVE('',#60,#52,#2408,.T.);
#2406=LINE('',#51,#2409);
#2407=LINE('',#77,#2410);
#2408=LINE('',#59,#2411);
#2409=VECTOR('',#2412,1.0);
#2410=VECTOR('',#2413,1.0);
#2411=VECTOR('',#2414,1.0);
#2412=DIRECTION('',(0.10041992847136966,-0.9750195611697666,-0.19812292472634432));
#2413=DIRECTION('',(-1,0,0));
#2414=DIRECTION('',(0.4361088748590921,0.8818719014178475,0.17919542058547988));
#2415=STYLED_ITEM('',(#25),#2416);
#2416=FACE_SURFACE('',(#2421),#2417,.T.);
#2417=PLANE('',#2418);
#2418=AXIS2_PLACEMENT_3D('',#51,#2419,#2420);
#2419=DIRECTION('',(1.9590584783861894E-06,0.19912856542264784,-0.9799733743469158));
#2420=DIRECTION('',(-0.4361088748590921,-0.8818719014178475,-0.17919542058547988));
#2421=FACE_BOUND('',#2422,.T.);
#2422=EDGE_LOOP('',(#2423,#2424,#2425));
#2423=ORIENTED_EDGE('',*,*,#2426,.T.);
#2424=ORIENTED_EDGE('',*,*,#2427,.T.);
#2425=ORIENTED_EDGE('',*,*,#2428,.T.);
#2426=EDGE_CURVE('',#52,#60,#2429,.F.);
#2427=EDGE_CURVE('',#60,#68,#2430,.T.);
#2428=EDGE_CURVE('',#68,#52,#2431,.T.);
#2429=LINE('',#51,#2432);
#2430=LINE('',#59,#2433);
#2431=LINE('',#67,#2434);
#2432=VECTOR('',#2435,1.0);
#2433=VECTOR('',#2436,1.0);
#2434=VECTOR('',#2437,1.0);
#2435=DIRECTION('',(-0.4361088748590921,-0.8818719014178475,-0.17919542058547988));
#2436=DIRECTION('',(0,0.9799733743487963,0.19912856542302995));
#2437=DIRECTION('',(0.5330436904659422,-0.8291436425001621,-0.16847920986285575));
#2438=STYLED_ITEM('',(#25),#2439);
#2439=FACE_SURFACE('',(#2444),#2440,.T.);
#2440=PLANE('',#2441);
#2441=AXIS2_PLACEMENT_3D('',#67,#2442,#2443);
#2442=DIRECTION('',(0,0.19912735591390926,-0.979973620117774));
#2443=DIRECTION('',(1,0,0));
#2444=FACE_BOUND('',#2445,.T.);
#2445=EDGE_LOOP('',(#2446,#2447,#2448));
#2446=ORIENTED_EDGE('',*,*,#2449,.T.);
#2447=ORIENTED_EDGE('',*,*,#2450,.T.);
#2448=ORIENTED_EDGE('',*,*,#2451,.T.);
#2449=EDGE_CURVE('',#68,#56,#2452,.F.);
#2450=EDGE_CURVE('',#56,#52,#2453,.T.);
#2451=EDGE_CURVE('',#52,#68,#2454,.T.);
#2452=LINE('',#67,#2455);
#2453=LINE('',#55,#2456);
#2454=LINE('',#51,#2457);
#2455=VECTOR('',#2458,1.0);
#2456=VECTOR('',#2459,1.0);
#2457=VECTOR('',#2460,1.0);
#2458=DIRECTION('',(1,0,0));
#2459=DIRECTION('',(0,-0.9799736201177741,-0.19912735591390926));
#2460=DIRECTION('',(-0.5330436904659422,0.8291436425001621,0.16847920986285575));
#2461=STYLED_ITEM('',(#25),#2462);
#2462=FACE_SURFACE('',(#2467),#2463,.T.);
#2463=PLANE('',#2464);
#2464=AXIS2_PLACEMENT_3D('',#111,#2465,#2466);
#2465=DIRECTION('',(-2.747428480974869E-06,0.979973100618872,0.19912991250911008));
#2466=DIRECTION('',(-0.872572491447975,-0.0972742536882934,0.4787013335448932));
#2467=FACE_BOUND('',#2468,.T.);
#2468=EDGE_LOOP('',(#2469,#2470,#2471));
#2469=ORIENTED_EDGE('',*,*,#2472,.T.);
#2470=ORIENTED_EDGE('',*,*,#2473,.T.);
#2471=ORIENTED_EDGE('',*,*,#2474,.T.);
#2472=EDGE_CURVE('',#112,#120,#2475,.F.);
#2473=EDGE_CURVE('',#120,#122,#2476,.T.);
#2474=EDGE_CURVE('',#122,#112,#2477,.T.);
#2475=LINE('',#111,#2478);
#2476=LINE('',#119,#2479);
#2477=LINE('',#121,#2480);
#2478=VECTOR('',#2481,1.0);
#2479=VECTOR('',#2482,1.0);
#2480=VECTOR('',#2483,1.0);
#2481=DIRECTION('',(-0.872572491447975,-0.0972742536882934,0.4787013335448932));
#2482=DIRECTION('',(-0.14046249690143528,-0.19715611669587316,0.9702575702428802));
#2483=DIRECTION('',(0.5679275071263279,0.16390109444848183,-0.806594556073784));
#2484=STYLED_ITEM('',(#25),#2485);
#2485=FACE_SURFACE('',(#2490),#2486,.T.);
#2486=PLANE('',#2487);
#2487=AXIS2_PLACEMENT_3D('',#121,#2488,#2489);
#2488=DIRECTION('',(0,0.9799730230066558,0.19913029447875683));
#2489=DIRECTION('',(0.14046249690143528,0.19715611669587316,-0.9702575702428802));
#2490=FACE_BOUND('',#2491,.T.);
#2491=EDGE_LOOP('',(#2492,#2493,#2494));
#2492=ORIENTED_EDGE('',*,*,#2495,.T.);
#2493=ORIENTED_EDGE('',*,*,#2496,.T.);
#2494=ORIENTED_EDGE('',*,*,#2497,.T.);
#2495=EDGE_CURVE('',#122,#120,#2498,.F.);
#2496=EDGE_CURVE('',#120,#54,#2499,.T.);
#2497=EDGE_CURVE('',#54,#122,#2500,.T.);
#2498=LINE('',#121,#2501);
#2499=LINE('',#119,#2502);
#2500=LINE('',#53,#2503);
#2501=VECTOR('',#2504,1.0);
#2502=VECTOR('',#2505,1.0);
#2503=VECTOR('',#2506,1.0);
#2504=DIRECTION('',(0.14046249690143528,0.19715611669587316,-0.9702575702428802));
#2505=DIRECTION('',(-1,0,0));
#2506=DIRECTION('',(0.6722910903352192,-0.14741354779649135,0.7254611883360362));
#2507=STYLED_ITEM('',(#25),#2508);
#2508=FACE_SURFACE('',(#2513),#2509,.T.);
#2509=PLANE('',#2510);
#2510=AXIS2_PLACEMENT_3D('',#121,#2511,#2512);
#2511=DIRECTION('',(0,0.9799730230066557,0.1991302944787568));
#2512=DIRECTION('',(-0.6722910903352192,0.14741354779649135,-0.7254611883360362));
#2513=FACE_BOUND('',#2514,.T.);
#2514=EDGE_LOOP('',(#2515,#2516,#2517));
#2515=ORIENTED_EDGE('',*,*,#2518,.T.);
#2516=ORIENTED_EDGE('',*,*,#2519,.T.);
#2517=ORIENTED_EDGE('',*,*,#2520,.T.);
#2518=EDGE_CURVE('',#122,#54,#2521,.F.);
#2519=EDGE_CURVE('',#54,#124,#2522,.T.);
#2520=EDGE_CURVE('',#124,#122,#2523,.T.);
#2521=LINE('',#121,#2524);
#2522=LINE('',#53,#2525);
#2523=LINE('',#123,#2526);
#2524=VECTOR('',#2527,1.0);
#2525=VECTOR('',#2528,1.0);
#2526=VECTOR('',#2529,1.0);
#2527=DIRECTION('',(-0.6722910903352192,0.14741354779649135,-0.7254611883360362));
#2528=DIRECTION('',(-0.9733146515314935,-0.04569534340166937,0.22487891120674416));
#2529=DIRECTION('',(1,0,0));
#2530=STYLED_ITEM('',(#25),#2531);
#2531=FACE_SURFACE('',(#2536),#2532,.T.);
#2532=PLANE('',#2533);
#2533=AXIS2_PLACEMENT_3D('',#123,#2534,#2535);
#2534=DIRECTION('',(0,0.9799730230066558,0.19913029447875683));
#2535=DIRECTION('',(0.9733146515314935,0.04569534340166937,-0.22487891120674416));
#2536=FACE_BOUND('',#2537,.T.);
#2537=EDGE_LOOP('',(#2538,#2539,#2540));
#2538=ORIENTED_EDGE('',*,*,#2541,.T.);
#2539=ORIENTED_EDGE('',*,*,#2542,.T.);
#2540=ORIENTED_EDGE('',*,*,#2543,.T.);
#2541=EDGE_CURVE('',#124,#54,#2544,.F.);
#2542=EDGE_CURVE('',#54,#56,#2545,.T.);
#2543=EDGE_CURVE('',#56,#124,#2546,.T.);
#2544=LINE('',#123,#2547);
#2545=LINE('',#53,#2548);
#2546=LINE('',#55,#2549);
#2547=VECTOR('',#2550,1.0);
#2548=VECTOR('',#2551,1.0);
#2549=VECTOR('',#2552,1.0);
#2550=DIRECTION('',(0.9733146515314935,0.04569534340166937,-0.22487891120674416));
#2551=DIRECTION('',(-1,0,0));
#2552=DIRECTION('',(-0.6722912193026727,-0.14741352447400594,0.7254610735598964));
#2553=STYLED_ITEM('',(#25),#2554);
#2554=FACE_SURFACE('',(#2559),#2555,.T.);
#2555=PLANE('',#2556);
#2556=AXIS2_PLACEMENT_3D('',#123,#2557,#2558);
#2557=DIRECTION('',(0,0.9799730230066557,0.1991302944787568));
#2558=DIRECTION('',(0.6722912193026727,0.14741352447400594,-0.7254610735598964));
#2559=FACE_BOUND('',#2560,.T.);
#2560=EDGE_LOOP('',(#2561,#2562,#2563));
#2561=ORIENTED_EDGE('',*,*,#2564,.T.);
#2562=ORIENTED_EDGE('',*,*,#2565,.T.);
#2563=ORIENTED_EDGE('',*,*,#2566,.T.);
#2564=EDGE_CURVE('',#124,#56,#2567,.F.);
#2565=EDGE_CURVE('',#56,#68,#2568,.T.);
#2566=EDGE_CURVE('',#68,#124,#2569,.T.);
#2567=LINE('',#123,#2570);
#2568=LINE('',#55,#2571);
#2569=LINE('',#67,#2572);
#2570=VECTOR('',#2573,1.0);
#2571=VECTOR('',#2574,1.0);
#2572=VECTOR('',#2575,1.0);
#2573=DIRECTION('',(0.6722912193026727,0.14741352447400594,-0.7254610735598964));
#2574=DIRECTION('',(-1,0,0));
#2575=DIRECTION('',(0.14046249690143528,-0.19715611669587316,0.9702575702428802));
#2576=STYLED_ITEM('',(#25),#2577);
#2577=FACE_SURFACE('',(#2582),#2578,.T.);
#2578=PLANE('',#2579);
#2579=AXIS2_PLACEMENT_3D('',#111,#2580,#2581);
#2580=DIRECTION('',(0,0.9799721233431685,0.19913472191027254));
#2581=DIRECTION('',(-1,0,0));
#2582=FACE_BOUND('',#2583,.T.);
#2583=EDGE_LOOP('',(#2584,#2585,#2586));
#2584=ORIENTED_EDGE('',*,*,#2587,.T.);
#2585=ORIENTED_EDGE('',*,*,#2588,.T.);
#2586=ORIENTED_EDGE('',*,*,#2589,.T.);
#2587=EDGE_CURVE('',#112,#110,#2590,.F.);
#2588=EDGE_CURVE('',#110,#120,#2591,.T.);
#2589=EDGE_CURVE('',#120,#112,#2592,.T.);
#2590=LINE('',#111,#2593);
#2591=LINE('',#109,#2594);
#2592=LINE('',#119,#2595);
#2593=VECTOR('',#2596,1.0);
#2594=VECTOR('',#2597,1.0);
#2595=VECTOR('',#2598,1.0);
#2596=DIRECTION('',(-1,0,0));
#2597=DIRECTION('',(-0.5679299342298308,-0.16390319037761533,0.8065924212325201));
#2598=DIRECTION('',(0.872572491447975,0.0972742536882934,-0.4787013335448932));
#2599=STYLED_ITEM('',(#25),#2600);
#2600=FACE_SURFACE('',(#2605),#2601,.T.);
#2601=PLANE('',#2602);
#2602=AXIS2_PLACEMENT_3D('',#53,#2603,#2604);
#2603=DIRECTION('',(0,0.9799730230066558,0.19913029447875683));
#2604=DIRECTION('',(0,0.19913029447875685,-0.9799730230066559));
#2605=FACE_BOUND('',#2606,.T.);
#2606=EDGE_LOOP('',(#2607,#2608,#2609));
#2607=ORIENTED_EDGE('',*,*,#2610,.T.);
#2608=ORIENTED_EDGE('',*,*,#2611,.T.);
#2609=ORIENTED_EDGE('',*,*,#2612,.T.);
#2610=EDGE_CURVE('',#54,#44,#2613,.F.);
#2611=EDGE_CURVE('',#44,#56,#2614,.T.);
#2612=EDGE_CURVE('',#56,#54,#2615,.T.);
#2613=LINE('',#53,#2616);
#2614=LINE('',#43,#2617);
#2615=LINE('',#55,#2618);
#2616=VECTOR('',#2619,1.0);
#2617=VECTOR('',#2620,1.0);
#2618=VECTOR('',#2621,1.0);
#2619=DIRECTION('',(0,0.19913029447875685,-0.9799730230066559));
#2620=DIRECTION('',(-0.8574935356487757,-0.10245148885811285,0.5041909645673134));
#2621=DIRECTION('',(1,0,0));
#2622=STYLED_ITEM('',(#25),#2623);
#2623=FACE_SURFACE('',(#2628),#2624,.T.);
#2624=PLANE('',#2625);
#2625=AXIS2_PLACEMENT_3D('',#55,#2626,#2627);
#2626=DIRECTION('',(0,0.9799730230066558,0.19913029447875683));
#2627=DIRECTION('',(0.8574935356487757,0.10245148885811285,-0.5041909645673134));
#2628=FACE_BOUND('',#2629,.T.);
#2629=EDGE_LOOP('',(#2630,#2631,#2632));
#2630=ORIENTED_EDGE('',*,*,#2633,.T.);
#2631=ORIENTED_EDGE('',*,*,#2634,.T.);
#2632=ORIENTED_EDGE('',*,*,#2635,.T.);
#2633=EDGE_CURVE('',#56,#44,#2636,.F.);
#2634=EDGE_CURVE('',#44,#42,#2637,.T.);
#2635=EDGE_CURVE('',#42,#56,#2638,.T.);
#2636=LINE('',#55,#2639);
#2637=LINE('',#43,#2640);
#2638=LINE('',#41,#2641);
#2639=VECTOR('',#2642,1.0);
#2640=VECTOR('',#2643,1.0);
#2641=VECTOR('',#2644,1.0);
#2642=DIRECTION('',(0.8574935356487757,0.10245148885811285,-0.5041909645673134));
#2643=DIRECTION('',(-1,0,0));
#2644=DIRECTION('',(0,-0.19913029447875685,0.9799730230066559));
#2645=STYLED_ITEM('',(#25),#2646);
#2646=FACE_SURFACE('',(#2651),#2647,.T.);
#2647=PLANE('',#2648);
#2648=AXIS2_PLACEMENT_3D('',#65,#2649,#2650);
#2649=DIRECTION('',(0,0.9799721233431685,0.19913472191027254));
#2650=DIRECTION('',(-1,0,0));
#2651=FACE_BOUND('',#2652,.T.);
#2652=EDGE_LOOP('',(#2653,#2654,#2655));
#2653=ORIENTED_EDGE('',*,*,#2656,.T.);
#2654=ORIENTED_EDGE('',*,*,#2657,.T.);
#2655=ORIENTED_EDGE('',*,*,#2658,.T.);
#2656=EDGE_CURVE('',#66,#70,#2659,.F.);
#2657=EDGE_CURVE('',#70,#68,#2660,.T.);
#2658=EDGE_CURVE('',#68,#66,#2661,.T.);
#2659=LINE('',#65,#2662);
#2660=LINE('',#69,#2663);
#2661=LINE('',#67,#2664);
#2662=VECTOR('',#2665,1.0);
#2663=VECTOR('',#2666,1.0);
#2664=VECTOR('',#2667,1.0);
#2665=DIRECTION('',(-1,0,0));
#2666=DIRECTION('',(0.872572491447975,-0.0972742536882934,0.4787013335448932));
#2667=DIRECTION('',(-0.5679299342298308,0.16390319037761533,-0.8065924212325201));
#2668=STYLED_ITEM('',(#25),#2669);
#2669=FACE_SURFACE('',(#2674),#2670,.T.);
#2670=PLANE('',#2671);
#2671=AXIS2_PLACEMENT_3D('',#67,#2672,#2673);
#2672=DIRECTION('',(2.747428480974869E-06,0.979973100618872,0.19912991250911008));
#2673=DIRECTION('',(-0.872572491447975,0.0972742536882934,-0.4787013335448932));
#2674=FACE_BOUND('',#2675,.T.);
#2675=EDGE_LOOP('',(#2676,#2677,#2678));
#2676=ORIENTED_EDGE('',*,*,#2679,.T.);
#2677=ORIENTED_EDGE('',*,*,#2680,.T.);
#2678=ORIENTED_EDGE('',*,*,#2681,.T.);
#2679=EDGE_CURVE('',#68,#70,#2682,.F.);
#2680=EDGE_CURVE('',#70,#124,#2683,.T.);
#2681=EDGE_CURVE('',#124,#68,#2684,.T.);
#2682=LINE('',#67,#2685);
#2683=LINE('',#69,#2686);
#2684=LINE('',#123,#2687);
#2685=VECTOR('',#2688,1.0);
#2686=VECTOR('',#2689,1.0);
#2687=VECTOR('',#2690,1.0);
#2688=DIRECTION('',(-0.872572491447975,0.0972742536882934,-0.4787013335448932));
#2689=DIRECTION('',(0.5679275071263279,-0.16390109444848183,0.806594556073784));
#2690=DIRECTION('',(-0.14046249690143528,0.19715611669587316,-0.9702575702428802));
#2691=STYLED_ITEM('',(#25),#2692);
#2692=FACE_SURFACE('',(#2697),#2693,.T.);
#2693=PLANE('',#2694);
#2694=AXIS2_PLACEMENT_3D('',#147,#2695,#2696);
#2695=DIRECTION('',(-0,-0.3779032162789493,-0.9258451053637566));
#2696=DIRECTION('',(-1,0,0));
#2697=FACE_BOUND('',#2698,.T.);
#2698=EDGE_LOOP('',(#2699,#2700,#2701));
#2699=ORIENTED_EDGE('',*,*,#2702,.T.);
#2700=ORIENTED_EDGE('',*,*,#2703,.T.);
#2701=ORIENTED_EDGE('',*,*,#2704,.T.);
#2702=EDGE_CURVE('',#148,#154,#2705,.F.);
#2703=EDGE_CURVE('',#154,#150,#2706,.T.);
#2704=EDGE_CURVE('',#150,#148,#2707,.T.);
#2705=LINE('',#147,#2708);
#2706=LINE('',#153,#2709);
#2707=LINE('',#149,#2710);
#2708=VECTOR('',#2711,1.0);
#2709=VECTOR('',#2712,1.0);
#2710=VECTOR('',#2713,1.0);
#2711=DIRECTION('',(-1,0,0));
#2712=DIRECTION('',(0.9126392577084185,0.3784539352589166,-0.15447395954162213));
#2713=DIRECTION('',(0,-0.9258451053637567,0.3779032162789493));
#2714=STYLED_ITEM('',(#25),#2715);
#2715=FACE_SURFACE('',(#2720),#2716,.T.);
#2716=PLANE('',#2717);
#2717=AXIS2_PLACEMENT_3D('',#149,#2718,#2719);
#2718=DIRECTION('',(-0,-0.3779032162789493,-0.9258451053637566));
#2719=DIRECTION('',(-0.9126392577084185,-0.3784539352589166,0.15447395954162213));
#2720=FACE_BOUND('',#2721,.T.);
#2721=EDGE_LOOP('',(#2722,#2723,#2724));
#2722=ORIENTED_EDGE('',*,*,#2725,.T.);
#2723=ORIENTED_EDGE('',*,*,#2726,.T.);
#2724=ORIENTED_EDGE('',*,*,#2727,.T.);
#2725=EDGE_CURVE('',#150,#154,#2728,.F.);
#2726=EDGE_CURVE('',#154,#152,#2729,.T.);
#2727=EDGE_CURVE('',#152,#150,#2730,.T.);
#2728=LINE('',#149,#2731);
#2729=LINE('',#153,#2732);
#2730=LINE('',#151,#2733);
#2731=VECTOR('',#2734,1.0);
#2732=VECTOR('',#2735,1.0);
#2733=VECTOR('',#2736,1.0);
#2734=DIRECTION('',(-0.9126392577084185,-0.3784539352589166,0.15447395954162213));
#2735=DIRECTION('',(0,0.9258451053637567,-0.3779032162789493));
#2736=DIRECTION('',(1,0,0));
#2737=STYLED_ITEM('',(#25),#2738);
#2738=FACE_SURFACE('',(#2743),#2739,.T.);
#2739=PLANE('',#2740);
#2740=AXIS2_PLACEMENT_3D('',#147,#2741,#2742);
#2741=DIRECTION('',(-0,-0.9799739226331151,-0.19912586712696426));
#2742=DIRECTION('',(0,-0.19912586712696423,0.979973922633115));
#2743=FACE_BOUND('',#2744,.T.);
#2744=EDGE_LOOP('',(#2745,#2746,#2747));
#2745=ORIENTED_EDGE('',*,*,#2748,.T.);
#2746=ORIENTED_EDGE('',*,*,#2749,.T.);
#2747=ORIENTED_EDGE('',*,*,#2750,.T.);
#2748=EDGE_CURVE('',#148,#142,#2751,.F.);
#2749=EDGE_CURVE('',#142,#154,#2752,.T.);
#2750=EDGE_CURVE('',#154,#148,#2753,.T.);
#2751=LINE('',#147,#2754);
#2752=LINE('',#141,#2755);
#2753=LINE('',#153,#2756);
#2754=VECTOR('',#2757,1.0);
#2755=VECTOR('',#2758,1.0);
#2756=VECTOR('',#2759,1.0);
#2757=DIRECTION('',(0,-0.19912586712696423,0.979973922633115));
#2758=DIRECTION('',(-0.9980766003163213,0.012344358249900537,-0.060751269290544994));
#2759=DIRECTION('',(1,0,0));
#2760=STYLED_ITEM('',(#25),#2761);
#2761=FACE_SURFACE('',(#2766),#2762,.T.);
#2762=PLANE('',#2763);
#2763=AXIS2_PLACEMENT_3D('',#153,#2764,#2765);
#2764=DIRECTION('',(0,-0.9799739226331151,-0.19912586712696426));
#2765=DIRECTION('',(0.9980766003163213,-0.012344358249900537,0.060751269290544994));
#2766=FACE_BOUND('',#2767,.T.);
#2767=EDGE_LOOP('',(#2768,#2769,#2770));
#2768=ORIENTED_EDGE('',*,*,#2771,.T.);
#2769=ORIENTED_EDGE('',*,*,#2772,.T.);
#2770=ORIENTED_EDGE('',*,*,#2773,.T.);
#2771=EDGE_CURVE('',#154,#142,#2774,.F.);
#2772=EDGE_CURVE('',#142,#160,#2775,.T.);
#2773=EDGE_CURVE('',#160,#154,#2776,.T.);
#2774=LINE('',#153,#2777);
#2775=LINE('',#141,#2778);
#2776=LINE('',#159,#2779);
#2777=VECTOR('',#2780,1.0);
#2778=VECTOR('',#2781,1.0);
#2779=VECTOR('',#2782,1.0);
#2780=DIRECTION('',(0.9980766003163213,-0.012344358249900537,0.060751269290544994));
#2781=DIRECTION('',(-1,0,0));
#2782=DIRECTION('',(0,0.19912586712696423,-0.979973922633115));
#2783=STYLED_ITEM('',(#25),#2784);
#2784=FACE_SURFACE('',(#2789),#2785,.T.);
#2785=PLANE('',#2786);
#2786=AXIS2_PLACEMENT_3D('',#139,#2787,#2788);
#2787=DIRECTION('',(0,-0.49880652076865434,0.8667133637129809));
#2788=DIRECTION('',(-1,0,0));
#2789=FACE_BOUND('',#2790,.T.);
#2790=EDGE_LOOP('',(#2791,#2792,#2793));
#2791=ORIENTED_EDGE('',*,*,#2794,.T.);
#2792=ORIENTED_EDGE('',*,*,#2795,.T.);
#2793=ORIENTED_EDGE('',*,*,#2796,.T.);
#2794=EDGE_CURVE('',#140,#138,#2797,.F.);
#2795=EDGE_CURVE('',#138,#142,#2798,.T.);
#2796=EDGE_CURVE('',#142,#140,#2799,.T.);
#2797=LINE('',#139,#2800);
#2798=LINE('',#137,#2801);
#2799=LINE('',#141,#2802);
#2800=VECTOR('',#2803,1.0);
#2801=VECTOR('',#2804,1.0);
#2802=VECTOR('',#2805,1.0);
#2803=DIRECTION('',(-1,0,0));
#2804=DIRECTION('',(0.9307604695034725,-0.31689599413193253,-0.1823783904765304));
#2805=DIRECTION('',(0,0.8667133637129809,0.49880652076865434));
#2806=STYLED_ITEM('',(#25),#2807);
#2807=FACE_SURFACE('',(#2812),#2808,.T.);
#2808=PLANE('',#2809);
#2809=AXIS2_PLACEMENT_3D('',#141,#2810,#2811);
#2810=DIRECTION('',(0,-0.49880652076865434,0.8667133637129809));
#2811=DIRECTION('',(-0.9307604695034725,0.31689599413193253,0.1823783904765304));
#2812=FACE_BOUND('',#2813,.T.);
#2813=EDGE_LOOP('',(#2814,#2815,#2816));
#2814=ORIENTED_EDGE('',*,*,#2817,.T.);
#2815=ORIENTED_EDGE('',*,*,#2818,.T.);
#2816=ORIENTED_EDGE('',*,*,#2819,.T.);
#2817=EDGE_CURVE('',#142,#138,#2820,.F.);
#2818=EDGE_CURVE('',#138,#160,#2821,.T.);
#2819=EDGE_CURVE('',#160,#142,#2822,.T.);
#2820=LINE('',#141,#2823);
#2821=LINE('',#137,#2824);
#2822=LINE('',#159,#2825);
#2823=VECTOR('',#2826,1.0);
#2824=VECTOR('',#2827,1.0);
#2825=VECTOR('',#2828,1.0);
#2826=DIRECTION('',(-0.9307604695034725,0.31689599413193253,0.1823783904765304));
#2827=DIRECTION('',(0,-0.8667133637129809,-0.49880652076865434));
#2828=DIRECTION('',(1,0,0));
ENDSEC;
END-ISO-10303-21;
