ISO-10303-21;
HEADER;
FILE_DESCRIPTION((''),'2;1');
FILE_NAME('Dial Hand', '2025-03-27T07:27:17', (''), (''), 'ImageToStl.com STEP Converter','', '');
FILE_SCHEMA(('AUTOMOTIVE_DESIGN_CC2'));
ENDSEC;
DATA;
#1=PRODUCT_DEFINITION_CONTEXT('',#4,'design');
#2=APPLICATION_PROTOCOL_DEFINITION('INTERNATIONAL STANDARD','automotive_design',1994,#4);
#3=(GEOMETRIC_REPRESENTATION_CONTEXT(3)GLOBAL_UNCERTAINTY_ASSIGNED_CONTEXT((#5))GLOBAL_UNIT_ASSIGNED_CONTEXT((#6,#7,#8))REPRESENTATION_CONTEXT('NONE','WORKSPACE'));
#4=APPLICATION_CONTEXT(' ');
#5=UNCERTAINTY_MEASURE_WITH_UNIT(LENGTH_MEASURE(1.0E-006),#6,'','');
#6=(CONVERSION_BASED_UNIT('METRE',#10)LENGTH_UNIT()NAMED_UNIT(#11));
#7=(NAMED_UNIT(#12)PLANE_ANGLE_UNIT()SI_UNIT($,.RADIAN.));
#8=(NAMED_UNIT(#12)SOLID_ANGLE_UNIT()SI_UNIT($,.STERADIAN.));
#9=AXIS2_PLACEMENT_3D('',#14,#15,#16);
#10=LENGTH_MEASURE_WITH_UNIT(LENGTH_MEASURE(1.0),#17);
#11=DIMENSIONAL_EXPONENTS(1.0,0.0,0.0,0.0,0.0,0.0,0.0);
#12=DIMENSIONAL_EXPONENTS(0.0,0.0,0.0,0.0,0.0,0.0,0.0);
#13=PRODUCT_CONTEXT('',#4,'mechanical');
#14=CARTESIAN_POINT('',(0.0,0.0,0.0));
#15=DIRECTION('',(0.0,0.0,1.0));
#16=DIRECTION('',(1.0,0.0,0.0));
#17=(NAMED_UNIT(#11)LENGTH_UNIT()SI_UNIT(.MILLI.,.METRE.));
#18=PRESENTATION_STYLE_ASSIGNMENT((#19));
#19=SURFACE_STYLE_USAGE(.BOTH.,#20);
#20=SURFACE_SIDE_STYLE('',(#21));
#21=SURFACE_STYLE_FILL_AREA(#22);
#22=FILL_AREA_STYLE('',(#23));
#23=FILL_AREA_STYLE_COLOUR('',#24);
#24=COLOUR_RGB('',0.70196,0.70196,0.70196);
#25=PRESENTATION_STYLE_ASSIGNMENT((#26));
#26=SURFACE_STYLE_USAGE(.BOTH.,#27);
#27=SURFACE_SIDE_STYLE('',(#28));
#28=SURFACE_STYLE_FILL_AREA(#29);
#29=FILL_AREA_STYLE('',(#30));
#30=FILL_AREA_STYLE_COLOUR('',#31);
#31=COLOUR_RGB('',0.65882,0.65882,0.65882);
#32=SHAPE_DEFINITION_REPRESENTATION(#33,#34);
#33=PRODUCT_DEFINITION_SHAPE('productshape0','',#37);
#34=MANIFOLD_SURFACE_SHAPE_REPRESENTATION('',(#35,#9),#3);
#35=SHELL_BASED_SURFACE_MODEL('shell0',(#40));
#36=PRODUCT('product0','','',(#13));
#37=PRODUCT_DEFINITION('mesh0','',#38,#2);
#38=PRODUCT_DEFINITION_FORMATION_WITH_SPECIFIED_SOURCE('prodsource0','',#36,.NOT_KNOWN.);
#39=STYLED_ITEM('',(#18),#40);
#40=CLOSED_SHELL('',(#446,#469,#492,#515,#538,#561,#584,#607,#630,#653,#676,#699,#722,#745,#768,#791,#814,#837,#860,#883,#906,#929,#952,#975,#998,#1021,#1044,#1067,#1090,#1113,#1136,#1159,#1182,#1205,#1228,#1251,#1274,#1297,#1320,#1343,#1366,#1389,#1412,#1435,#1458,#1481,#1504,#1527,#1550,#1573,#1596,#1619,#1642,#1665,#1688,#1711,#1734,#1757,#1780,#1803,#1826,#1849,#1872,#1895,#1918,#1941,#1964,#1987,#2010,#2033,#2056,#2079,#2102,#2125,#2148,#2171,#2194,#2217,#2240,#2263,#2286,#2309,#2332,#2355,#2378,#2401,#2424,#2447,#2470,#2493,#2516,#2539,#2562,#2585,#2608,#2631,#2654,#2677,#2700,#2723,#2746,#2769,#2792,#2815,#2838,#2861,#2884,#2907,#2930,#2953,#2976,#2999,#3022,#3045,#3068,#3091,#3114,#3137,#3160,#3183,#3206,#3229,#3252,#3275,#3298,#3321,#3344,#3367,#3390,#3413,#3436,#3459,#3482,#3505,#3528,#3551,#3574,#3597,#3620,#3643,#3666,#3689,#3712,#3735,#3758,#3781,#3804,#3827,#3850,#3873,#3896,#3919,#3942,#3965,#3988,#4011,#4034,#4057,#4080,#4103,#4126,#4149,#4172,#4195,#4218,#4241,#4264,#4287,#4310,#4333,#4356,#4379,#4402,#4425,#4448,#4471,#4494,#4517,#4540,#4563,#4586,#4609,#4632,#4655,#4678,#4701,#4724,#4747,#4770,#4793,#4816,#4839,#4862,#4885,#4908,#4931,#4954,#4977,#5000,#5023,#5046,#5069,#5092,#5115,#5138,#5161,#5184,#5207,#5230,#5253,#5276,#5299,#5322,#5345,#5368,#5391,#5414,#5437,#5460,#5483,#5506,#5529,#5552,#5575,#5598,#5621,#5644,#5667,#5690,#5713,#5736,#5759,#5782,#5805,#5828,#5851,#5874,#5897,#5920,#5943,#5966,#5989,#6012,#6035,#6058,#6081,#6104,#6127,#6150,#6173,#6196,#6219,#6242,#6265,#6288,#6311,#6334,#6357,#6380,#6403,#6426,#6449,#6472,#6495,#6518,#6541,#6564,#6587,#6610,#6633,#6656,#6679,#6702,#6725,#6748,#6771,#6794,#6817,#6840,#6863,#6886,#6909,#6932,#6955,#6978,#7001,#7024,#7047,#7070,#7093,#7116,#7139,#7162,#7185,#7208,#7231,#7254,#7277,#7300,#7323,#7346,#7369,#7392,#7415,#7438,#7461,#7484,#7507,#7530,#7553,#7576,#7599,#7622,#7645,#7668,#7691,#7714,#7737,#7760,#7783,#7806,#7829,#7852,#7875,#7898,#7921,#7944,#7967,#7990,#8013,#8036,#8059,#8082,#8105,#8128,#8151,#8174,#8197,#8220,#8243,#8266,#8289,#8312,#8335,#8358,#8381,#8404,#8427,#8450,#8473,#8496,#8519,#8542,#8565,#8588,#8611,#8634,#8657,#8680,#8703,#8726,#8749,#8772,#8795,#8818,#8841,#8864,#8887,#8910,#8933,#8956,#8979,#9002,#9025,#9048,#9071,#9094,#9117,#9140,#9163,#9186,#9209,#9232,#9255,#9278,#9301,#9324,#9347,#9370,#9393,#9416,#9439,#9462,#9485,#9508,#9531,#9554,#9577,#9600,#9623));
#41=CARTESIAN_POINT('',(-2.1186935901641846,104.9339370727539,127.62149047851562));
#42=VERTEX_POINT('',#41);
#43=CARTESIAN_POINT('',(-2.1188244819641113,105.93150329589844,127.691162109375));
#44=VERTEX_POINT('',#43);
#45=CARTESIAN_POINT('',(-2.122818946838379,104.94314575195312,127.4896240234375));
#46=VERTEX_POINT('',#45);
#47=CARTESIAN_POINT('',(-2.1229496002197266,105.94071197509766,127.55928802490234));
#48=VERTEX_POINT('',#47);
#49=CARTESIAN_POINT('',(-2.1181986331939697,104.95235443115234,127.35777282714844));
#50=VERTEX_POINT('',#49);
#51=CARTESIAN_POINT('',(-2.1183295249938965,105.94992065429688,127.42743682861328));
#52=VERTEX_POINT('',#51);
#53=CARTESIAN_POINT('',(-2.104853391647339,104.9615249633789,127.22651672363281));
#54=VERTEX_POINT('',#53);
#55=CARTESIAN_POINT('',(-2.1049840450286865,105.95909118652344,127.29618072509766));
#56=VERTEX_POINT('',#55);
#57=CARTESIAN_POINT('',(-2.082840919494629,104.97061157226562,127.09642028808594));
#58=VERTEX_POINT('',#57);
#59=CARTESIAN_POINT('',(-2.0829715728759766,105.96817779541016,127.16609191894531));
#60=VERTEX_POINT('',#59);
#61=CARTESIAN_POINT('',(-2.052257776260376,104.97957611083984,126.96806335449219));
#62=VERTEX_POINT('',#61);
#63=CARTESIAN_POINT('',(-2.0523886680603027,105.9771499633789,127.03773498535156));
#64=VERTEX_POINT('',#63);
#65=CARTESIAN_POINT('',(-2.013237953186035,104.98838806152344,126.84201049804688));
#66=VERTEX_POINT('',#65);
#67=CARTESIAN_POINT('',(-2.013368606567383,105.98595428466797,126.91167449951172));
#68=VERTEX_POINT('',#67);
#69=CARTESIAN_POINT('',(-1.9659515619277954,104.99699401855469,126.71879577636719));
#70=VERTEX_POINT('',#69);
#71=CARTESIAN_POINT('',(-1.9660823345184326,105.99456787109375,126.78846740722656));
#72=VERTEX_POINT('',#71);
#73=CARTESIAN_POINT('',(-1.910605788230896,105.00537109375,126.5989761352539));
#74=VERTEX_POINT('',#73);
#75=CARTESIAN_POINT('',(-1.9107364416122437,106.00294494628906,126.66864013671875));
#76=VERTEX_POINT('',#75);
#77=CARTESIAN_POINT('',(-1.847442388534546,105.01347351074219,126.48306274414062));
#78=VERTEX_POINT('',#77);
#79=CARTESIAN_POINT('',(-1.847573161125183,106.01104736328125,126.55272674560547));
#80=VERTEX_POINT('',#79);
#81=CARTESIAN_POINT('',(-1.7767378091812134,105.02127075195312,126.37156677246094));
#82=VERTEX_POINT('',#81);
#83=CARTESIAN_POINT('',(-1.776868462562561,106.01884460449219,126.44123077392578));
#84=VERTEX_POINT('',#83);
#85=CARTESIAN_POINT('',(-1.6988009214401245,105.02872467041016,126.26497650146484));
#86=VERTEX_POINT('',#85);
#87=CARTESIAN_POINT('',(-1.6989316940307617,106.02629852294922,126.33464813232422));
#88=VERTEX_POINT('',#87);
#89=CARTESIAN_POINT('',(-1.613972783088684,105.03580474853516,126.16375732421875));
#90=VERTEX_POINT('',#89);
#91=CARTESIAN_POINT('',(-1.6141035556793213,106.03337860107422,126.23342895507812));
#92=VERTEX_POINT('',#91);
#93=CARTESIAN_POINT('',(-1.522624135017395,105.04248046875,126.068359375));
#94=VERTEX_POINT('',#93);
#95=CARTESIAN_POINT('',(-1.5227549076080322,106.04005432128906,126.13802337646484));
#96=VERTEX_POINT('',#95);
#97=CARTESIAN_POINT('',(-1.4251545667648315,105.04872131347656,125.97918701171875));
#98=VERTEX_POINT('',#97);
#99=CARTESIAN_POINT('',(-1.4252853393554688,106.0462875366211,126.0488510131836));
#100=VERTEX_POINT('',#99);
#101=CARTESIAN_POINT('',(-1.3219902515411377,105.05449676513672,125.8966293334961));
#102=VERTEX_POINT('',#101);
#103=CARTESIAN_POINT('',(-1.322121024131775,106.05207061767578,125.96630096435547));
#104=VERTEX_POINT('',#103);
#105=CARTESIAN_POINT('',(-1.2135822772979736,105.0597915649414,125.82106018066406));
#106=VERTEX_POINT('',#105);
#107=CARTESIAN_POINT('',(-1.2137130498886108,106.05735778808594,125.89073181152344));
#108=VERTEX_POINT('',#107);
#109=CARTESIAN_POINT('',(-1.1004047393798828,105.0645751953125,125.7528076171875));
#110=VERTEX_POINT('',#109);
#111=CARTESIAN_POINT('',(-1.1005353927612305,106.06214141845703,125.82247161865234));
#112=VERTEX_POINT('',#111);
#113=CARTESIAN_POINT('',(-0.982952356338501,105.0688247680664,125.6921615600586));
#114=VERTEX_POINT('',#113);
#115=CARTESIAN_POINT('',(-0.9830831289291382,106.06639099121094,125.76182556152344));
#116=VERTEX_POINT('',#115);
#117=CARTESIAN_POINT('',(-0.861738920211792,105.07252502441406,125.63938903808594));
#118=VERTEX_POINT('',#117);
#119=CARTESIAN_POINT('',(-0.8618696331977844,106.0700912475586,125.70906066894531));
#120=VERTEX_POINT('',#119);
#121=CARTESIAN_POINT('',(-0.7372943758964539,105.0756607055664,125.5947265625));
#122=VERTEX_POINT('',#121);
#123=CARTESIAN_POINT('',(-0.7374250888824463,106.07322692871094,125.66439819335938));
#124=VERTEX_POINT('',#123);
#125=CARTESIAN_POINT('',(-0.6101629137992859,105.07821655273438,125.5583724975586));
#126=VERTEX_POINT('',#125);
#127=CARTESIAN_POINT('',(-0.6102936267852783,106.0757827758789,125.62803649902344));
#128=VERTEX_POINT('',#127);
#129=CARTESIAN_POINT('',(-0.4809004068374634,105.0801773071289,125.53047180175781));
#130=VERTEX_POINT('',#129);
#131=CARTESIAN_POINT('',(-0.4810311496257782,106.07775115966797,125.60013580322266));
#132=VERTEX_POINT('',#131);
#133=CARTESIAN_POINT('',(-0.35007211565971375,105.08155059814453,125.51115417480469));
#134=VERTEX_POINT('',#133);
#135=CARTESIAN_POINT('',(-0.35020285844802856,106.07911682128906,125.58082580566406));
#136=VERTEX_POINT('',#135);
#137=CARTESIAN_POINT('',(-0.21825014054775238,105.08230590820312,125.5005111694336));
#138=VERTEX_POINT('',#137);
#139=CARTESIAN_POINT('',(-0.2183808982372284,106.07987976074219,125.57017517089844));
#140=VERTEX_POINT('',#139);
#141=CARTESIAN_POINT('',(-0.0860108882188797,105.08245849609375,125.49857330322266));
#142=VERTEX_POINT('',#141);
#143=CARTESIAN_POINT('',(-0.08614163100719452,106.08003234863281,125.56824493408203));
#144=VERTEX_POINT('',#143);
#145=CARTESIAN_POINT('',(0.04606740549206734,105.08200073242188,125.50536346435547));
#146=VERTEX_POINT('',#145);
#147=CARTESIAN_POINT('',(0.04593666270375252,106.07957458496094,125.57503509521484));
#148=VERTEX_POINT('',#147);
#149=CARTESIAN_POINT('',(0.1774071902036667,105.08094024658203,125.5208511352539));
#150=VERTEX_POINT('',#149);
#151=CARTESIAN_POINT('',(0.17727644741535187,106.07850646972656,125.59051513671875));
#152=VERTEX_POINT('',#151);
#153=CARTESIAN_POINT('',(0.3074341416358948,105.07926940917969,125.54495239257812));
#154=VERTEX_POINT('',#153);
#155=CARTESIAN_POINT('',(0.30730339884757996,106.07684326171875,125.6146240234375));
#156=VERTEX_POINT('',#155);
#157=CARTESIAN_POINT('',(0.43557968735694885,105.07701110839844,125.57758331298828));
#158=VERTEX_POINT('',#157);
#159=CARTESIAN_POINT('',(0.43544894456863403,106.07457733154297,125.64724731445312));
#160=VERTEX_POINT('',#159);
#161=CARTESIAN_POINT('',(0.5612834692001343,105.07416534423828,125.61859130859375));
#162=VERTEX_POINT('',#161);
#163=CARTESIAN_POINT('',(0.5611527562141418,106.07173156738281,125.6882553100586));
#164=VERTEX_POINT('',#163);
#165=CARTESIAN_POINT('',(0.6839958429336548,105.07073974609375,125.66779327392578));
#166=VERTEX_POINT('',#165);
#167=CARTESIAN_POINT('',(0.6838651299476624,106.06831359863281,125.73745727539062));
#168=VERTEX_POINT('',#167);
#169=CARTESIAN_POINT('',(0.8031802177429199,105.06676483154297,125.7249755859375));
#170=VERTEX_POINT('',#169);
#171=CARTESIAN_POINT('',(0.8030495047569275,106.06433868408203,125.79464721679688));
#172=VERTEX_POINT('',#171);
#173=CARTESIAN_POINT('',(0.9183154106140137,105.06224822998047,125.7898941040039));
#174=VERTEX_POINT('',#173);
#175=CARTESIAN_POINT('',(0.9181846976280212,106.059814453125,125.85956573486328));
#176=VERTEX_POINT('',#175);
#177=CARTESIAN_POINT('',(1.028898000717163,105.05720520019531,125.86226654052734));
#178=VERTEX_POINT('',#177);
#179=CARTESIAN_POINT('',(1.0287672281265259,106.05477905273438,125.93193054199219));
#180=VERTEX_POINT('',#179);
#181=CARTESIAN_POINT('',(1.1344443559646606,105.05166625976562,125.94176483154297));
#182=VERTEX_POINT('',#181);
#183=CARTESIAN_POINT('',(1.1343135833740234,106.04924011230469,126.01142883300781));
#184=VERTEX_POINT('',#183);
#185=CARTESIAN_POINT('',(1.2344930171966553,105.045654296875,126.0280532836914));
#186=VERTEX_POINT('',#185);
#187=CARTESIAN_POINT('',(1.234362244606018,106.04322814941406,126.09771728515625));
#188=VERTEX_POINT('',#187);
#189=CARTESIAN_POINT('',(1.3286064863204956,105.03919219970703,126.12074279785156));
#190=VERTEX_POINT('',#189);
#191=CARTESIAN_POINT('',(1.3284757137298584,106.0367660522461,126.1904067993164));
#192=VERTEX_POINT('',#191);
#193=CARTESIAN_POINT('',(1.4163732528686523,105.03231811523438,126.21943664550781));
#194=VERTEX_POINT('',#193);
#195=CARTESIAN_POINT('',(1.4162424802780151,106.0298843383789,126.28910064697266));
#196=VERTEX_POINT('',#195);
#197=CARTESIAN_POINT('',(1.497409462928772,105.0250473022461,126.32369995117188));
#198=VERTEX_POINT('',#197);
#199=CARTESIAN_POINT('',(1.4972786903381348,106.02261352539062,126.39337158203125));
#200=VERTEX_POINT('',#199);
#201=CARTESIAN_POINT('',(1.5713608264923096,105.01741790771484,126.4330825805664));
#202=VERTEX_POINT('',#201);
#203=CARTESIAN_POINT('',(1.571230173110962,106.01498413085938,126.50274658203125));
#204=VERTEX_POINT('',#203);
#205=CARTESIAN_POINT('',(1.6379040479660034,105.00946044921875,126.5470962524414));
#206=VERTEX_POINT('',#205);
#207=CARTESIAN_POINT('',(1.6377732753753662,106.00703430175781,126.61676788330078));
#208=VERTEX_POINT('',#207);
#209=CARTESIAN_POINT('',(1.696747899055481,105.001220703125,126.66525268554688));
#210=VERTEX_POINT('',#209);
#211=CARTESIAN_POINT('',(1.6966172456741333,105.99878692626953,126.73491668701172));
#212=VERTEX_POINT('',#211);
#213=CARTESIAN_POINT('',(1.7476353645324707,104.99272155761719,126.78702545166016));
#214=VERTEX_POINT('',#213);
#215=CARTESIAN_POINT('',(1.7475045919418335,105.99028778076172,126.85669708251953));
#216=VERTEX_POINT('',#215);
#217=CARTESIAN_POINT('',(1.7903437614440918,104.98400115966797,126.91189575195312));
#218=VERTEX_POINT('',#217);
#219=CARTESIAN_POINT('',(1.7902129888534546,105.98157501220703,126.98155975341797));
#220=VERTEX_POINT('',#219);
#221=CARTESIAN_POINT('',(1.8246862888336182,104.97511291503906,127.03929901123047));
#222=VERTEX_POINT('',#221);
#223=CARTESIAN_POINT('',(1.8245556354522705,105.9726791381836,127.10896301269531));
#224=VERTEX_POINT('',#223);
#225=CARTESIAN_POINT('',(1.850512981414795,104.96607971191406,127.16869354248047));
#226=VERTEX_POINT('',#225);
#227=CARTESIAN_POINT('',(1.8503822088241577,105.9636459350586,127.23835754394531));
#228=VERTEX_POINT('',#227);
#229=CARTESIAN_POINT('',(1.8677107095718384,104.95694732666016,127.29950714111328));
#230=VERTEX_POINT('',#229);
#231=CARTESIAN_POINT('',(1.8675799369812012,105.95451354980469,127.36917114257812));
#232=VERTEX_POINT('',#231);
#233=CARTESIAN_POINT('',(1.8762043714523315,104.94775390625,127.43115997314453));
#234=VERTEX_POINT('',#233);
#235=CARTESIAN_POINT('',(1.8760735988616943,105.94532012939453,127.5008316040039));
#236=VERTEX_POINT('',#235);
#237=CARTESIAN_POINT('',(1.8759567737579346,104.93853759765625,127.56309509277344));
#238=VERTEX_POINT('',#237);
#239=CARTESIAN_POINT('',(1.8758260011672974,105.93611145019531,127.63275909423828));
#240=VERTEX_POINT('',#239);
#241=CARTESIAN_POINT('',(1.8669689893722534,104.9293441772461,127.6947250366211));
#242=VERTEX_POINT('',#241);
#243=CARTESIAN_POINT('',(1.8668382167816162,105.92691802978516,127.76438903808594));
#244=VERTEX_POINT('',#243);
#245=CARTESIAN_POINT('',(1.8492803573608398,104.92021179199219,127.82546997070312));
#246=VERTEX_POINT('',#245);
#247=CARTESIAN_POINT('',(1.8491495847702026,105.91777801513672,127.89513397216797));
#248=VERTEX_POINT('',#247);
#249=CARTESIAN_POINT('',(1.8229682445526123,104.91117858886719,127.95476531982422));
#250=VERTEX_POINT('',#249);
#251=CARTESIAN_POINT('',(1.8228375911712646,105.90875244140625,128.02442932128906));
#252=VERTEX_POINT('',#251);
#253=CARTESIAN_POINT('',(1.7881476879119873,104.90228271484375,128.08204650878906));
#254=VERTEX_POINT('',#253);
#255=CARTESIAN_POINT('',(1.7880170345306396,105.89985656738281,128.15170288085938));
#256=VERTEX_POINT('',#255);
#257=CARTESIAN_POINT('',(1.7449710369110107,104.89356994628906,128.2067413330078));
#258=VERTEX_POINT('',#257);
#259=CARTESIAN_POINT('',(1.7448402643203735,105.89114379882812,128.2764129638672));
#260=VERTEX_POINT('',#259);
#261=CARTESIAN_POINT('',(1.693626880645752,104.88507080078125,128.3283233642578));
#262=VERTEX_POINT('',#261);
#263=CARTESIAN_POINT('',(1.6934961080551147,105.88264465332031,128.3979949951172));
#264=VERTEX_POINT('',#263);
#265=CARTESIAN_POINT('',(1.6343398094177246,104.8768310546875,128.44625854492188));
#266=VERTEX_POINT('',#265);
#267=CARTESIAN_POINT('',(1.634209156036377,105.87439727783203,128.51593017578125));
#268=VERTEX_POINT('',#267);
#269=CARTESIAN_POINT('',(1.5673692226409912,104.8688735961914,128.56002807617188));
#270=VERTEX_POINT('',#269);
#271=CARTESIAN_POINT('',(1.567238450050354,105.86644744873047,128.6296844482422));
#272=VERTEX_POINT('',#271);
#273=CARTESIAN_POINT('',(1.4930078983306885,104.86124420166016,128.66912841796875));
#274=VERTEX_POINT('',#273);
#275=CARTESIAN_POINT('',(1.4928771257400513,105.85881805419922,128.73880004882812));
#276=VERTEX_POINT('',#275);
#277=CARTESIAN_POINT('',(1.4115808010101318,104.85397338867188,128.77308654785156));
#278=VERTEX_POINT('',#277);
#279=CARTESIAN_POINT('',(1.4114501476287842,105.85154724121094,128.84275817871094));
#280=VERTEX_POINT('',#279);
#281=CARTESIAN_POINT('',(1.3234442472457886,104.84709167480469,128.87144470214844));
#282=VERTEX_POINT('',#281);
#283=CARTESIAN_POINT('',(1.3233134746551514,105.84466552734375,128.9411163330078));
#284=VERTEX_POINT('',#283);
#285=CARTESIAN_POINT('',(1.2289835214614868,104.84063720703125,128.9637908935547));
#286=VERTEX_POINT('',#285);
#287=CARTESIAN_POINT('',(1.2288527488708496,105.83820343017578,129.03346252441406));
#288=VERTEX_POINT('',#287);
#289=CARTESIAN_POINT('',(1.12861168384552,104.8346176147461,129.04969787597656));
#290=VERTEX_POINT('',#289);
#291=CARTESIAN_POINT('',(1.1284810304641724,105.83219146728516,129.11936950683594));
#292=VERTEX_POINT('',#291);
#293=CARTESIAN_POINT('',(1.0227676630020142,104.82908630371094,129.12879943847656));
#294=VERTEX_POINT('',#293);
#295=CARTESIAN_POINT('',(1.022636890411377,105.82665252685547,129.19847106933594));
#296=VERTEX_POINT('',#295);
#297=CARTESIAN_POINT('',(0.9119142889976501,104.82404327392578,129.2007598876953));
#298=VERTEX_POINT('',#297);
#299=CARTESIAN_POINT('',(0.9117835164070129,105.82161712646484,129.27041625976562));
#300=VERTEX_POINT('',#299);
#301=CARTESIAN_POINT('',(0.7965362668037415,104.81952667236328,129.26524353027344));
#302=VERTEX_POINT('',#301);
#303=CARTESIAN_POINT('',(0.7964054942131042,105.81709289550781,129.3349151611328));
#304=VERTEX_POINT('',#303);
#305=CARTESIAN_POINT('',(0.677138090133667,104.81554412841797,129.3219757080078));
#306=VERTEX_POINT('',#305);
#307=CARTESIAN_POINT('',(0.6770073175430298,105.81311798095703,129.3916473388672));
#308=VERTEX_POINT('',#307);
#309=CARTESIAN_POINT('',(0.5542418956756592,104.81212615966797,129.3707275390625));
#310=VERTEX_POINT('',#309);
#311=CARTESIAN_POINT('',(0.554111123085022,105.80970001220703,129.4403839111328));
#312=VERTEX_POINT('',#311);
#313=CARTESIAN_POINT('',(0.42838504910469055,104.80928039550781,129.4112548828125));
#314=VERTEX_POINT('',#313);
#315=CARTESIAN_POINT('',(0.42825430631637573,105.80684661865234,129.48092651367188));
#316=VERTEX_POINT('',#315);
#317=CARTESIAN_POINT('',(0.30011793971061707,104.80701446533203,129.4434051513672));
#318=VERTEX_POINT('',#317);
#319=CARTESIAN_POINT('',(0.29998719692230225,105.8045883178711,129.5130615234375));
#320=VERTEX_POINT('',#319);
#321=CARTESIAN_POINT('',(0.17000143229961395,104.80535125732422,129.46702575683594));
#322=VERTEX_POINT('',#321);
#323=CARTESIAN_POINT('',(0.16987068951129913,105.80291748046875,129.53668212890625));
#324=VERTEX_POINT('',#323);
#325=CARTESIAN_POINT('',(0.038604460656642914,104.80428314208984,129.4820098876953));
#326=VERTEX_POINT('',#325);
#327=CARTESIAN_POINT('',(0.038473717868328094,105.8018569946289,129.5516815185547));
#328=VERTEX_POINT('',#327);
#329=CARTESIAN_POINT('',(-0.09349838644266129,104.8038330078125,129.48831176757812));
#330=VERTEX_POINT('',#329);
#331=CARTESIAN_POINT('',(-0.0936291292309761,105.80139923095703,129.55796813964844));
#332=VERTEX_POINT('',#331);
#333=CARTESIAN_POINT('',(-0.22572945058345795,104.80398559570312,129.48587036132812));
#334=VERTEX_POINT('',#333);
#335=CARTESIAN_POINT('',(-0.22586020827293396,105.80155181884766,129.5555419921875));
#336=VERTEX_POINT('',#335);
#337=CARTESIAN_POINT('',(-0.3575105369091034,104.80474090576172,129.4747314453125));
#338=VERTEX_POINT('',#337);
#339=CARTESIAN_POINT('',(-0.3576412796974182,105.80231475830078,129.54440307617188));
#340=VERTEX_POINT('',#339);
#341=CARTESIAN_POINT('',(-0.48826539516448975,104.80610656738281,129.45492553710938));
#342=VERTEX_POINT('',#341);
#343=CARTESIAN_POINT('',(-0.48839613795280457,105.80368041992188,129.52459716796875));
#344=VERTEX_POINT('',#343);
#345=CARTESIAN_POINT('',(-0.6174222826957703,104.80807495117188,129.42654418945312));
#346=VERTEX_POINT('',#345);
#347=CARTESIAN_POINT('',(-0.6175529956817627,105.8056411743164,129.4962158203125));
#348=VERTEX_POINT('',#347);
#349=CARTESIAN_POINT('',(-0.744416356086731,104.81063079833984,129.38970947265625));
#350=VERTEX_POINT('',#349);
#351=CARTESIAN_POINT('',(-0.7445471286773682,105.80819702148438,129.45936584472656));
#352=VERTEX_POINT('',#351);
#353=CARTESIAN_POINT('',(-0.8686923980712891,104.81376647949219,129.34457397460938));
#354=VERTEX_POINT('',#353);
#355=CARTESIAN_POINT('',(-0.8688231706619263,105.81133270263672,129.41424560546875));
#356=VERTEX_POINT('',#355);
#357=CARTESIAN_POINT('',(-0.9897069334983826,104.81746673583984,129.29135131835938));
#358=VERTEX_POINT('',#357);
#359=CARTESIAN_POINT('',(-0.9898377060890198,105.8150405883789,129.36102294921875));
#360=VERTEX_POINT('',#359);
#361=CARTESIAN_POINT('',(-1.1069308519363403,104.82171630859375,129.2302703857422));
#362=VERTEX_POINT('',#361);
#363=CARTESIAN_POINT('',(-1.107061505317688,105.81929016113281,129.29994201660156));
#364=VERTEX_POINT('',#363);
#365=CARTESIAN_POINT('',(-1.2198513746261597,104.82649993896484,129.16159057617188));
#366=VERTEX_POINT('',#365);
#367=CARTESIAN_POINT('',(-1.2199821472167969,105.82406616210938,129.2312469482422));
#368=VERTEX_POINT('',#367);
#369=CARTESIAN_POINT('',(-1.3279750347137451,104.83179473876953,129.0856170654297));
#370=VERTEX_POINT('',#369);
#371=CARTESIAN_POINT('',(-1.3281058073043823,105.82936096191406,129.1552734375));
#372=VERTEX_POINT('',#371);
#373=CARTESIAN_POINT('',(-1.4308288097381592,104.83757019042969,129.00267028808594));
#374=VERTEX_POINT('',#373);
#375=CARTESIAN_POINT('',(-1.4309594631195068,105.83513641357422,129.0723419189453));
#376=VERTEX_POINT('',#375);
#377=CARTESIAN_POINT('',(-1.5279629230499268,104.84381103515625,128.9131317138672));
#378=VERTEX_POINT('',#377);
#379=CARTESIAN_POINT('',(-1.528093695640564,105.84137725830078,128.98280334472656));
#380=VERTEX_POINT('',#379);
#381=CARTESIAN_POINT('',(-1.6189528703689575,104.8504867553711,128.8173828125));
#382=VERTEX_POINT('',#381);
#383=CARTESIAN_POINT('',(-1.6190835237503052,105.84805297851562,128.88705444335938));
#384=VERTEX_POINT('',#383);
#385=CARTESIAN_POINT('',(-1.7034004926681519,104.8575668334961,128.71585083007812));
#386=VERTEX_POINT('',#385);
#387=CARTESIAN_POINT('',(-1.703531265258789,105.85513305664062,128.7855224609375));
#388=VERTEX_POINT('',#387);
#389=CARTESIAN_POINT('',(-1.7809367179870605,104.86502075195312,128.60897827148438));
#390=VERTEX_POINT('',#389);
#391=CARTESIAN_POINT('',(-1.7810673713684082,105.86258697509766,128.6786346435547));
#392=VERTEX_POINT('',#391);
#393=CARTESIAN_POINT('',(-1.8512223958969116,104.87281036376953,128.49720764160156));
#394=VERTEX_POINT('',#393);
#395=CARTESIAN_POINT('',(-1.8513530492782593,105.8703842163086,128.56687927246094));
#396=VERTEX_POINT('',#395);
#397=CARTESIAN_POINT('',(-1.9139502048492432,104.88092041015625,128.38107299804688));
#398=VERTEX_POINT('',#397);
#399=CARTESIAN_POINT('',(-1.9140809774398804,105.87848663330078,128.4507293701172));
#400=VERTEX_POINT('',#399);
#401=CARTESIAN_POINT('',(-1.9688458442687988,104.88928985595703,128.2610321044922));
#402=VERTEX_POINT('',#401);
#403=CARTESIAN_POINT('',(-1.968976616859436,105.8868637084961,128.33070373535156));
#404=VERTEX_POINT('',#403);
#405=CARTESIAN_POINT('',(-2.015669345855713,104.89790344238281,128.1376495361328));
#406=VERTEX_POINT('',#405);
#407=CARTESIAN_POINT('',(-2.0158002376556396,105.89547729492188,128.2073211669922));
#408=VERTEX_POINT('',#407);
#409=CARTESIAN_POINT('',(-2.054215908050537,104.9067153930664,128.01144409179688));
#410=VERTEX_POINT('',#409);
#411=CARTESIAN_POINT('',(-2.054346799850464,105.90428161621094,128.08111572265625));
#412=VERTEX_POINT('',#411);
#413=CARTESIAN_POINT('',(-2.0843169689178467,104.91567993164062,127.88297271728516));
#414=VERTEX_POINT('',#413);
#415=CARTESIAN_POINT('',(-2.0844478607177734,105.91325378417969,127.95264434814453));
#416=VERTEX_POINT('',#415);
#417=CARTESIAN_POINT('',(-2.1058409214019775,104.92476654052734,127.75279998779297));
#418=VERTEX_POINT('',#417);
#419=CARTESIAN_POINT('',(-2.1059718132019043,105.9223403930664,127.82246398925781));
#420=VERTEX_POINT('',#419);
#421=CARTESIAN_POINT('',(0.24444063007831573,107.70381927490234,123.8486099243164));
#422=VERTEX_POINT('',#421);
#423=CARTESIAN_POINT('',(11.40848159790039,107.7513656616211,123.18880462646484));
#424=VERTEX_POINT('',#423);
#425=CARTESIAN_POINT('',(0.2821558713912964,106.26345825195312,122.94243621826172));
#426=VERTEX_POINT('',#425);
#427=CARTESIAN_POINT('',(13.97472858428955,106.32176208496094,122.13318634033203));
#428=VERTEX_POINT('',#427);
#429=CARTESIAN_POINT('',(2.5211410522460938,107.2772445678711,129.96109008789062));
#430=VERTEX_POINT('',#429);
#431=CARTESIAN_POINT('',(3.0745038986206055,105.74026489257812,130.43931579589844));
#432=VERTEX_POINT('',#431);
#433=CARTESIAN_POINT('',(1.2683883905410767,107.17488098144531,131.4244842529297));
#434=VERTEX_POINT('',#433);
#435=CARTESIAN_POINT('',(1.4845999479293823,105.6103515625,132.2965545654297));
#436=VERTEX_POINT('',#435);
#437=CARTESIAN_POINT('',(-4.140614032745361,107.34683227539062,128.9521026611328));
#438=VERTEX_POINT('',#437);
#439=CARTESIAN_POINT('',(-5.20094633102417,105.82289123535156,129.24069213867188));
#440=VERTEX_POINT('',#439);
#441=CARTESIAN_POINT('',(-2.1377015113830566,106.28904724121094,122.57141876220703));
#442=VERTEX_POINT('',#441);
#443=CARTESIAN_POINT('',(-1.6622675657272339,107.72398376464844,123.5562744140625));
#444=VERTEX_POINT('',#443);
#445=STYLED_ITEM('',(#25),#446);
#446=FACE_SURFACE('',(#451),#447,.T.);
#447=PLANE('',#448);
#448=AXIS2_PLACEMENT_3D('',#41,#449,#450);
#449=DIRECTION('',(-0.9995133663487081,-0.002303797307853665,0.031108246627504405));
#450=DIRECTION('',(-0.0001308922892790909,0.9975699526475176,0.06967189133386714));
#451=FACE_BOUND('',#452,.T.);
#452=EDGE_LOOP('',(#453,#454,#455));
#453=ORIENTED_EDGE('',*,*,#456,.T.);
#454=ORIENTED_EDGE('',*,*,#457,.T.);
#455=ORIENTED_EDGE('',*,*,#458,.T.);
#456=EDGE_CURVE('',#42,#44,#459,.F.);
#457=EDGE_CURVE('',#44,#46,#460,.T.);
#458=EDGE_CURVE('',#46,#42,#461,.T.);
#459=LINE('',#41,#462);
#460=LINE('',#43,#463);
#461=LINE('',#45,#464);
#462=VECTOR('',#465,1.0);
#463=VECTOR('',#466,1.0);
#464=VECTOR('',#467,1.0);
#465=DIRECTION('',(-0.0001308922892790909,0.9975699526475176,0.06967189133386714));
#466=DIRECTION('',(-0.003959996221356271,-0.9798289038879208,-0.19979899282959965));
#467=DIRECTION('',(0.03119316149248213,-0.06962981387537594,0.9970850894962698));
#468=STYLED_ITEM('',(#25),#469);
#469=FACE_SURFACE('',(#474),#470,.T.);
#470=PLANE('',#471);
#471=AXIS2_PLACEMENT_3D('',#45,#472,#473);
#472=DIRECTION('',(-0.9995134785832007,-0.0023030724273877703,0.031104693985050464));
#473=DIRECTION('',(0.003959996221356271,0.9798289038879208,0.19979899282959965));
#474=FACE_BOUND('',#475,.T.);
#475=EDGE_LOOP('',(#476,#477,#478));
#476=ORIENTED_EDGE('',*,*,#479,.T.);
#477=ORIENTED_EDGE('',*,*,#480,.T.);
#478=ORIENTED_EDGE('',*,*,#481,.T.);
#479=EDGE_CURVE('',#46,#44,#482,.F.);
#480=EDGE_CURVE('',#44,#48,#483,.T.);
#481=EDGE_CURVE('',#48,#46,#484,.T.);
#482=LINE('',#45,#485);
#483=LINE('',#43,#486);
#484=LINE('',#47,#487);
#485=VECTOR('',#488,1.0);
#486=VECTOR('',#489,1.0);
#487=VECTOR('',#490,1.0);
#488=DIRECTION('',(0.003959996221356271,0.9798289038879208,0.19979899282959965));
#489=DIRECTION('',(-0.031189566456366502,0.06962581290086116,-0.9970854813516032));
#490=DIRECTION('',(0.0001306539392588557,-0.997570482914637,-0.06966429894146636));
#491=STYLED_ITEM('',(#25),#492);
#492=FACE_SURFACE('',(#497),#493,.T.);
#493=PLANE('',#494);
#494=AXIS2_PLACEMENT_3D('',#45,#495,#496);
#495=DIRECTION('',(-0.9993895644838698,0.0023034923969372286,-0.03485960876886647));
#496=DIRECTION('',(-0.0001306539392588557,0.997570482914637,0.06966429894146636));
#497=FACE_BOUND('',#498,.T.);
#498=EDGE_LOOP('',(#499,#500,#501));
#499=ORIENTED_EDGE('',*,*,#502,.T.);
#500=ORIENTED_EDGE('',*,*,#503,.T.);
#501=ORIENTED_EDGE('',*,*,#504,.T.);
#502=EDGE_CURVE('',#46,#48,#505,.F.);
#503=EDGE_CURVE('',#48,#50,#506,.T.);
#504=EDGE_CURVE('',#50,#46,#507,.T.);
#505=LINE('',#45,#508);
#506=LINE('',#47,#509);
#507=LINE('',#49,#510);
#508=VECTOR('',#511,1.0);
#509=VECTOR('',#512,1.0);
#510=VECTOR('',#513,1.0);
#511=DIRECTION('',(-0.0001306539392588557,0.997570482914637,0.06966429894146636));
#512=DIRECTION('',(0.004709976476184123,-0.979830160218796,-0.1997765583025262));
#513=DIRECTION('',(-0.03493538755945391,-0.0696292073428117,0.996961028416298));
#514=STYLED_ITEM('',(#25),#515);
#515=FACE_SURFACE('',(#520),#516,.T.);
#516=PLANE('',#517);
#517=AXIS2_PLACEMENT_3D('',#49,#518,#519);
#518=DIRECTION('',(-0.9993896273922047,0.002303129259926364,-0.03485782919922236));
#519=DIRECTION('',(-0.004709976476184123,0.979830160218796,0.1997765583025262));
#520=FACE_BOUND('',#521,.T.);
#521=EDGE_LOOP('',(#522,#523,#524));
#522=ORIENTED_EDGE('',*,*,#525,.T.);
#523=ORIENTED_EDGE('',*,*,#526,.T.);
#524=ORIENTED_EDGE('',*,*,#527,.T.);
#525=EDGE_CURVE('',#50,#48,#528,.F.);
#526=EDGE_CURVE('',#48,#52,#529,.T.);
#527=EDGE_CURVE('',#52,#50,#530,.T.);
#528=LINE('',#49,#531);
#529=LINE('',#47,#532);
#530=LINE('',#51,#533);
#531=VECTOR('',#534,1.0);
#532=VECTOR('',#535,1.0);
#533=VECTOR('',#536,1.0);
#534=DIRECTION('',(-0.004709976476184123,0.979830160218796,0.1997765583025262));
#535=DIRECTION('',(0.034933587014902165,0.06962921172791728,-0.996961091202872));
#536=DIRECTION('',(0.00013089235885196233,-0.9975704828835339,-0.06966429893929431));
#537=STYLED_ITEM('',(#25),#538);
#538=FACE_SURFACE('',(#543),#539,.T.);
#539=PLANE('',#540);
#540=AXIS2_PLACEMENT_3D('',#49,#541,#542);
#541=DIRECTION('',(-0.994895717375633,0.006899801476442018,-0.10067226175670232));
#542=DIRECTION('',(-0.00013089235885196233,0.9975704828835339,0.06966429893929431));
#543=FACE_BOUND('',#544,.T.);
#544=EDGE_LOOP('',(#545,#546,#547));
#545=ORIENTED_EDGE('',*,*,#548,.T.);
#546=ORIENTED_EDGE('',*,*,#549,.T.);
#547=ORIENTED_EDGE('',*,*,#550,.T.);
#548=EDGE_CURVE('',#50,#52,#551,.F.);
#549=EDGE_CURVE('',#52,#54,#552,.T.);
#550=EDGE_CURVE('',#54,#50,#553,.T.);
#551=LINE('',#49,#554);
#552=LINE('',#51,#555);
#553=LINE('',#53,#556);
#554=VECTOR('',#557,1.0);
#555=VECTOR('',#558,1.0);
#556=VECTOR('',#559,1.0);
#557=DIRECTION('',(-0.00013089235885196233,0.9975704828835339,0.06966429893929431));
#558=DIRECTION('',(0.013359896639456371,-0.97987040718332,-0.19918709367872678));
#559=DIRECTION('',(-0.1009083439722626,-0.06934181124359719,0.992476306684564));
#560=STYLED_ITEM('',(#25),#561);
#561=FACE_SURFACE('',(#566),#562,.T.);
#562=PLANE('',#563);
#563=AXIS2_PLACEMENT_3D('',#53,#564,#565);
#564=DIRECTION('',(-0.9948955364193948,0.006900162436037299,-0.10067402530504513));
#565=DIRECTION('',(-0.013359896639456371,0.97987040718332,0.19918709367872678));
#566=FACE_BOUND('',#567,.T.);
#567=EDGE_LOOP('',(#568,#569,#570));
#568=ORIENTED_EDGE('',*,*,#571,.T.);
#569=ORIENTED_EDGE('',*,*,#572,.T.);
#570=ORIENTED_EDGE('',*,*,#573,.T.);
#571=EDGE_CURVE('',#54,#52,#574,.F.);
#572=EDGE_CURVE('',#52,#56,#575,.T.);
#573=EDGE_CURVE('',#56,#54,#576,.T.);
#574=LINE('',#53,#577);
#575=LINE('',#51,#578);
#576=LINE('',#55,#579);
#577=VECTOR('',#580,1.0);
#578=VECTOR('',#581,1.0);
#579=VECTOR('',#582,1.0);
#580=DIRECTION('',(-0.013359896639456371,0.97987040718332,0.19918709367872678));
#581=DIRECTION('',(0.10091012838677867,0.06934179862919258,-0.9924761261369628));
#582=DIRECTION('',(0.0001306539392588557,-0.997570482914637,-0.06966429894146636));
#583=STYLED_ITEM('',(#25),#584);
#584=FACE_SURFACE('',(#589),#585,.T.);
#585=PLANE('',#586);
#586=AXIS2_PLACEMENT_3D('',#53,#587,#588);
#587=DIRECTION('',(-0.9860522923007298,0.011466111608934041,-0.1660403719974376));
#588=DIRECTION('',(-0.0001306539392588557,0.997570482914637,0.06966429894146636));
#589=FACE_BOUND('',#590,.T.);
#590=EDGE_LOOP('',(#591,#592,#593));
#591=ORIENTED_EDGE('',*,*,#594,.T.);
#592=ORIENTED_EDGE('',*,*,#595,.T.);
#593=ORIENTED_EDGE('',*,*,#596,.T.);
#594=EDGE_CURVE('',#54,#56,#597,.F.);
#595=EDGE_CURVE('',#56,#58,#598,.T.);
#596=EDGE_CURVE('',#58,#54,#599,.T.);
#597=LINE('',#53,#600);
#598=LINE('',#55,#601);
#599=LINE('',#57,#602);
#600=VECTOR('',#603,1.0);
#601=VECTOR('',#604,1.0);
#602=VECTOR('',#605,1.0);
#603=DIRECTION('',(-0.0001306539392588557,0.997570482914637,0.06966429894146636));
#604=DIRECTION('',(0.021952025308535385,-0.9799488096558037,-0.19803645886307644));
#605=DIRECTION('',(-0.1664357540969886,-0.0687036236436192,0.9836559113106588));
#606=STYLED_ITEM('',(#25),#607);
#607=FACE_SURFACE('',(#612),#608,.T.);
#608=PLANE('',#609);
#609=AXIS2_PLACEMENT_3D('',#57,#610,#611);
#610=DIRECTION('',(-0.9860506981819392,0.011468033588721494,-0.16604970587302534));
#611=DIRECTION('',(-0.021952025308535385,0.9799488096558037,0.19803645886307644));
#612=FACE_BOUND('',#613,.T.);
#613=EDGE_LOOP('',(#614,#615,#616));
#614=ORIENTED_EDGE('',*,*,#617,.T.);
#615=ORIENTED_EDGE('',*,*,#618,.T.);
#616=ORIENTED_EDGE('',*,*,#619,.T.);
#617=EDGE_CURVE('',#58,#56,#620,.F.);
#618=EDGE_CURVE('',#56,#60,#621,.T.);
#619=EDGE_CURVE('',#60,#58,#622,.T.);
#620=LINE('',#57,#623);
#621=LINE('',#55,#624);
#622=LINE('',#59,#625);
#623=VECTOR('',#626,1.0);
#624=VECTOR('',#627,1.0);
#625=VECTOR('',#628,1.0);
#626=DIRECTION('',(-0.021952025308535385,0.9799488096558037,0.19803645886307644));
#627=DIRECTION('',(0.16644519866171723,0.06870752230003538,-0.9836540409218332));
#628=DIRECTION('',(0.00013065386981271081,-0.9975699526786206,-0.06967189133603943));
#629=STYLED_ITEM('',(#25),#630);
#630=FACE_SURFACE('',(#635),#631,.T.);
#631=PLANE('',#632);
#632=AXIS2_PLACEMENT_3D('',#57,#633,#634);
#633=DIRECTION('',(-0.9728955365743609,0.015984474285421883,-0.23069194068173493));
#634=DIRECTION('',(-0.00013065386981271081,0.9975699526786206,0.06967189133603943));
#635=FACE_BOUND('',#636,.T.);
#636=EDGE_LOOP('',(#637,#638,#639));
#637=ORIENTED_EDGE('',*,*,#640,.T.);
#638=ORIENTED_EDGE('',*,*,#641,.T.);
#639=ORIENTED_EDGE('',*,*,#642,.T.);
#640=EDGE_CURVE('',#58,#60,#643,.F.);
#641=EDGE_CURVE('',#60,#62,#644,.T.);
#642=EDGE_CURVE('',#62,#58,#645,.T.);
#643=LINE('',#57,#646);
#644=LINE('',#59,#647);
#645=LINE('',#61,#648);
#646=VECTOR('',#649,1.0);
#647=VECTOR('',#650,1.0);
#648=VECTOR('',#651,1.0);
#649=DIRECTION('',(-0.00013065386981271081,0.9975699526786206,0.06967189133603943));
#650=DIRECTION('',(0.030448648110832092,-0.9800672053668431,-0.19631900772123184));
#651=DIRECTION('',(-0.2312450208549915,-0.06778259820033272,0.97053143159353));
#652=STYLED_ITEM('',(#25),#653);
#653=FACE_SURFACE('',(#658),#654,.T.);
#654=PLANE('',#655);
#655=AXIS2_PLACEMENT_3D('',#61,#656,#657);
#656=DIRECTION('',(-0.9728961553245448,0.0159839397739487,-0.23068936825094993));
#657=DIRECTION('',(-0.030448648110832092,0.9800672053668431,0.19631900772123184));
#658=FACE_BOUND('',#659,.T.);
#659=EDGE_LOOP('',(#660,#661,#662));
#660=ORIENTED_EDGE('',*,*,#663,.T.);
#661=ORIENTED_EDGE('',*,*,#664,.T.);
#662=ORIENTED_EDGE('',*,*,#665,.T.);
#663=EDGE_CURVE('',#62,#60,#666,.F.);
#664=EDGE_CURVE('',#60,#64,#667,.T.);
#665=EDGE_CURVE('',#64,#62,#668,.T.);
#666=LINE('',#61,#669);
#667=LINE('',#59,#670);
#668=LINE('',#63,#671);
#669=VECTOR('',#672,1.0);
#670=VECTOR('',#673,1.0);
#671=VECTOR('',#674,1.0);
#672=DIRECTION('',(-0.030448648110832092,0.9800672053668431,0.19631900772123184));
#673=DIRECTION('',(0.23124240993786896,0.06784004841808851,-0.9705280396138785));
#674=DIRECTION('',(0.00013089129308072953,-0.9975699896817607,-0.06967136107326613));
#675=STYLED_ITEM('',(#25),#676);
#676=FACE_SURFACE('',(#681),#677,.T.);
#677=PLANE('',#678);
#678=AXIS2_PLACEMENT_3D('',#61,#679,#680);
#679=DIRECTION('',(-0.9554816500490356,0.02043181015413014,-0.2943422456145189));
#680=DIRECTION('',(-0.00013089129308072953,0.9975699896817607,0.06967136107326613));
#681=FACE_BOUND('',#682,.T.);
#682=EDGE_LOOP('',(#683,#684,#685));
#683=ORIENTED_EDGE('',*,*,#686,.T.);
#684=ORIENTED_EDGE('',*,*,#687,.T.);
#685=ORIENTED_EDGE('',*,*,#688,.T.);
#686=EDGE_CURVE('',#62,#64,#689,.F.);
#687=EDGE_CURVE('',#64,#66,#690,.T.);
#688=EDGE_CURVE('',#66,#62,#691,.T.);
#689=LINE('',#61,#692);
#690=LINE('',#63,#693);
#691=LINE('',#65,#694);
#692=VECTOR('',#695,1.0);
#693=VECTOR('',#696,1.0);
#694=VECTOR('',#697,1.0);
#695=DIRECTION('',(-0.00013089129308072953,0.9975699896817607,0.06967136107326613));
#696=DIRECTION('',(0.03881275032264705,-0.9802265156206778,-0.19403491563771996));
#697=DIRECTION('',(-0.29505049973544323,-0.06663204104962075,0.9531554824431463));
#698=STYLED_ITEM('',(#25),#699);
#699=FACE_SURFACE('',(#704),#700,.T.);
#700=PLANE('',#701);
#701=AXIS2_PLACEMENT_3D('',#65,#702,#703);
#702=DIRECTION('',(-0.9554858036366926,0.020429015041131402,-0.2943289560902785));
#703=DIRECTION('',(-0.03881275032264705,0.9802265156206778,0.19403491563771996));
#704=FACE_BOUND('',#705,.T.);
#705=EDGE_LOOP('',(#706,#707,#708));
#706=ORIENTED_EDGE('',*,*,#709,.T.);
#707=ORIENTED_EDGE('',*,*,#710,.T.);
#708=ORIENTED_EDGE('',*,*,#711,.T.);
#709=EDGE_CURVE('',#66,#64,#712,.F.);
#710=EDGE_CURVE('',#64,#68,#713,.T.);
#711=EDGE_CURVE('',#68,#66,#714,.T.);
#712=LINE('',#65,#715);
#713=LINE('',#63,#716);
#714=LINE('',#67,#717);
#715=VECTOR('',#718,1.0);
#716=VECTOR('',#719,1.0);
#717=VECTOR('',#720,1.0);
#718=DIRECTION('',(-0.03881275032264705,0.9802265156206778,0.19403491563771996));
#719=DIRECTION('',(0.29503705576612355,0.06657091075100763,-0.9531639153716629));
#720=DIRECTION('',(0.0001306539392588557,-0.997570482914637,-0.06966429894146636));
#721=STYLED_ITEM('',(#25),#722);
#722=FACE_SURFACE('',(#727),#723,.T.);
#723=PLANE('',#724);
#724=AXIS2_PLACEMENT_3D('',#65,#725,#726);
#725=DIRECTION('',(-0.9339001397241995,0.02478562979932334,-0.3566738027646152));
#726=DIRECTION('',(-0.0001306539392588557,0.997570482914637,0.06966429894146636));
#727=FACE_BOUND('',#728,.T.);
#728=EDGE_LOOP('',(#729,#730,#731));
#729=ORIENTED_EDGE('',*,*,#732,.T.);
#730=ORIENTED_EDGE('',*,*,#733,.T.);
#731=ORIENTED_EDGE('',*,*,#734,.T.);
#732=EDGE_CURVE('',#66,#68,#735,.F.);
#733=EDGE_CURVE('',#68,#70,#736,.T.);
#734=EDGE_CURVE('',#70,#66,#737,.T.);
#735=LINE('',#65,#738);
#736=LINE('',#67,#739);
#737=LINE('',#69,#740);
#738=VECTOR('',#741,1.0);
#739=VECTOR('',#742,1.0);
#740=VECTOR('',#743,1.0);
#741=DIRECTION('',(-0.0001306539392588557,0.997570482914637,0.06966429894146636));
#742=DIRECTION('',(0.04700767485590091,-0.9804221875955128,-0.191213526130007));
#743=DIRECTION('',(-0.3575339356940556,-0.0650699198209714,0.9316305009828795));
#744=STYLED_ITEM('',(#25),#745);
#745=FACE_SURFACE('',(#750),#746,.T.);
#746=PLANE('',#747);
#747=AXIS2_PLACEMENT_3D('',#69,#748,#749);
#748=DIRECTION('',(-0.9338935954275003,0.02478923653201923,-0.35669068697073664));
#749=DIRECTION('',(-0.04700767485590091,0.9804221875955128,0.191213526130007));
#750=FACE_BOUND('',#751,.T.);
#751=EDGE_LOOP('',(#752,#753,#754));
#752=ORIENTED_EDGE('',*,*,#755,.T.);
#753=ORIENTED_EDGE('',*,*,#756,.T.);
#754=ORIENTED_EDGE('',*,*,#757,.T.);
#755=EDGE_CURVE('',#70,#68,#758,.F.);
#756=EDGE_CURVE('',#68,#72,#759,.T.);
#757=EDGE_CURVE('',#72,#70,#760,.T.);
#758=LINE('',#69,#761);
#759=LINE('',#67,#762);
#760=LINE('',#71,#763);
#761=VECTOR('',#764,1.0);
#762=VECTOR('',#765,1.0);
#763=VECTOR('',#766,1.0);
#764=DIRECTION('',(-0.04700767485590091,0.9804221875955128,0.191213526130007));
#765=DIRECTION('',(0.35755102227533875,0.06513088257003846,-0.9316196834575298));
#766=DIRECTION('',(0.00013077208425482667,-0.9975699896973189,-0.06967136107435273));
#767=STYLED_ITEM('',(#25),#768);
#768=FACE_SURFACE('',(#773),#769,.T.);
#769=PLANE('',#770);
#770=AXIS2_PLACEMENT_3D('',#69,#771,#772);
#771=DIRECTION('',(-0.9082198297446796,0.029038523913302295,-0.4174847362329332));
#772=DIRECTION('',(-0.00013077208425482667,0.9975699896973189,0.06967136107435273));
#773=FACE_BOUND('',#774,.T.);
#774=EDGE_LOOP('',(#775,#776,#777));
#775=ORIENTED_EDGE('',*,*,#778,.T.);
#776=ORIENTED_EDGE('',*,*,#779,.T.);
#777=ORIENTED_EDGE('',*,*,#780,.T.);
#778=EDGE_CURVE('',#70,#72,#781,.F.);
#779=EDGE_CURVE('',#72,#74,#782,.T.);
#780=EDGE_CURVE('',#74,#70,#783,.T.);
#781=LINE('',#69,#784);
#782=LINE('',#71,#785);
#783=LINE('',#73,#786);
#784=VECTOR('',#787,1.0);
#785=VECTOR('',#788,1.0);
#786=VECTOR('',#789,1.0);
#787=DIRECTION('',(-0.00013077208425482667,0.9975699896973189,0.06967136107435273));
#788=DIRECTION('',(0.05499754521495391,-0.98065575687562,-0.18785514772567233));
#789=DIRECTION('',(-0.4184933960138964,-0.06334269833048702,0.9060082671040971));
#790=STYLED_ITEM('',(#25),#791);
#791=FACE_SURFACE('',(#796),#792,.T.);
#792=PLANE('',#793);
#793=AXIS2_PLACEMENT_3D('',#73,#794,#795);
#794=DIRECTION('',(-0.9082295651042719,0.02903398129481939,-0.41746387268921537));
#795=DIRECTION('',(-0.05499754521495391,0.98065575687562,0.18785514772567233));
#796=FACE_BOUND('',#797,.T.);
#797=EDGE_LOOP('',(#798,#799,#800));
#798=ORIENTED_EDGE('',*,*,#801,.T.);
#799=ORIENTED_EDGE('',*,*,#802,.T.);
#800=ORIENTED_EDGE('',*,*,#803,.T.);
#801=EDGE_CURVE('',#74,#72,#804,.F.);
#802=EDGE_CURVE('',#72,#76,#805,.T.);
#803=EDGE_CURVE('',#76,#74,#806,.T.);
#804=LINE('',#73,#807);
#805=LINE('',#71,#808);
#806=LINE('',#75,#809);
#807=VECTOR('',#810,1.0);
#808=VECTOR('',#811,1.0);
#809=VECTOR('',#812,1.0);
#810=DIRECTION('',(-0.05499754521495391,0.98065575687562,0.18785514772567233));
#811=DIRECTION('',(0.41847226720142366,0.06333936387007365,-0.906018259511272));
#812=DIRECTION('',(0.00013065294487347756,-0.9975705199408282,-0.06966376873808605));
#813=STYLED_ITEM('',(#25),#814);
#814=FACE_SURFACE('',(#819),#815,.T.);
#815=PLANE('',#816);
#816=AXIS2_PLACEMENT_3D('',#73,#817,#818);
#817=DIRECTION('',(-0.8785823814377934,0.033156265820010716,-0.47643851761163103));
#818=DIRECTION('',(-0.00013065294487347756,0.9975705199408282,0.06966376873808605));
#819=FACE_BOUND('',#820,.T.);
#820=EDGE_LOOP('',(#821,#822,#823));
#821=ORIENTED_EDGE('',*,*,#824,.T.);
#822=ORIENTED_EDGE('',*,*,#825,.T.);
#823=ORIENTED_EDGE('',*,*,#826,.T.);
#824=EDGE_CURVE('',#74,#76,#827,.F.);
#825=EDGE_CURVE('',#76,#78,#828,.T.);
#826=EDGE_CURVE('',#78,#74,#829,.T.);
#827=LINE('',#73,#830);
#828=LINE('',#75,#831);
#829=LINE('',#77,#832);
#830=VECTOR('',#833,1.0);
#831=VECTOR('',#834,1.0);
#832=VECTOR('',#835,1.0);
#833=DIRECTION('',(-0.00013065294487347756,0.9975705199408282,0.06966376873808605));
#834=DIRECTION('',(0.06274743078388173,-0.980926128058032,-0.18397470267158786));
#835=DIRECTION('',(-0.47759081064274683,-0.061263958527678845,0.8764438059425844));
#836=STYLED_ITEM('',(#25),#837);
#837=FACE_SURFACE('',(#842),#838,.T.);
#838=PLANE('',#839);
#839=AXIS2_PLACEMENT_3D('',#77,#840,#841);
#840=DIRECTION('',(-0.8785827596394074,0.03315611282029157,-0.47643783083110813));
#841=DIRECTION('',(-0.06274743078388173,0.980926128058032,0.18397470267158786));
#842=FACE_BOUND('',#843,.T.);
#843=EDGE_LOOP('',(#844,#845,#846));
#844=ORIENTED_EDGE('',*,*,#847,.T.);
#845=ORIENTED_EDGE('',*,*,#848,.T.);
#846=ORIENTED_EDGE('',*,*,#849,.T.);
#847=EDGE_CURVE('',#78,#76,#850,.F.);
#848=EDGE_CURVE('',#76,#80,#851,.T.);
#849=EDGE_CURVE('',#80,#78,#852,.T.);
#850=LINE('',#77,#853);
#851=LINE('',#75,#854);
#852=LINE('',#79,#855);
#853=VECTOR('',#856,1.0);
#854=VECTOR('',#857,1.0);
#855=VECTOR('',#858,1.0);
#856=DIRECTION('',(-0.06274743078388173,0.980926128058032,0.18397470267158786));
#857=DIRECTION('',(0.4775901148725308,0.061263984900795265,-0.8764441832370833));
#858=DIRECTION('',(0.00013077215376274776,-0.997570519925284,-0.06966376873700053));
#859=STYLED_ITEM('',(#25),#860);
#860=FACE_SURFACE('',(#865),#861,.T.);
#861=PLANE('',#862);
#862=AXIS2_PLACEMENT_3D('',#77,#863,#864);
#863=DIRECTION('',(-0.8450992050107249,0.03713266620077973,-0.533318384073775));
#864=DIRECTION('',(-0.00013077215376274776,0.997570519925284,0.06966376873700053));
#865=FACE_BOUND('',#866,.T.);
#866=EDGE_LOOP('',(#867,#868,#869));
#867=ORIENTED_EDGE('',*,*,#870,.T.);
#868=ORIENTED_EDGE('',*,*,#871,.T.);
#869=ORIENTED_EDGE('',*,*,#872,.T.);
#870=EDGE_CURVE('',#78,#80,#873,.F.);
#871=EDGE_CURVE('',#80,#82,#874,.T.);
#872=EDGE_CURVE('',#82,#78,#875,.T.);
#873=LINE('',#77,#876);
#874=LINE('',#79,#877);
#875=LINE('',#81,#878);
#876=VECTOR('',#879,1.0);
#877=VECTOR('',#880,1.0);
#878=VECTOR('',#881,1.0);
#879=DIRECTION('',(-0.00013077215376274776,0.997570519925284,0.06966376873700053));
#880=DIRECTION('',(0.0702237566571971,-0.9812308401300813,-0.1795958306268984));
#881=DIRECTION('',(-0.5346094973044775,-0.05895628320352322,0.8430402375110453));
#882=STYLED_ITEM('',(#25),#883);
#883=FACE_SURFACE('',(#888),#884,.T.);
#884=PLANE('',#885);
#885=AXIS2_PLACEMENT_3D('',#81,#886,#887);
#886=DIRECTION('',(-0.8450987977909998,0.037132811598108065,-0.5333190192324163));
#887=DIRECTION('',(-0.0702237566571971,0.9812308401300813,0.1795958306268984));
#888=FACE_BOUND('',#889,.T.);
#889=EDGE_LOOP('',(#890,#891,#892));
#890=ORIENTED_EDGE('',*,*,#893,.T.);
#891=ORIENTED_EDGE('',*,*,#894,.T.);
#892=ORIENTED_EDGE('',*,*,#895,.T.);
#893=EDGE_CURVE('',#82,#80,#896,.F.);
#894=EDGE_CURVE('',#80,#84,#897,.T.);
#895=EDGE_CURVE('',#84,#82,#898,.T.);
#896=LINE('',#81,#899);
#897=LINE('',#79,#900);
#898=LINE('',#83,#901);
#899=VECTOR('',#902,1.0);
#900=VECTOR('',#903,1.0);
#901=VECTOR('',#904,1.0);
#902=DIRECTION('',(-0.0702237566571971,0.9812308401300813,0.1795958306268984));
#903=DIRECTION('',(0.5346101410501324,0.058956254793862656,-0.8430398312695782));
#904=DIRECTION('',(0.00013065294487347756,-0.9975705199408282,-0.06966376873808605));
#905=STYLED_ITEM('',(#25),#906);
#906=FACE_SURFACE('',(#911),#907,.T.);
#907=PLANE('',#908);
#908=AXIS2_PLACEMENT_3D('',#81,#909,#910);
#909=DIRECTION('',(-0.8079175020887404,0.0409472520673777,-0.5878712719352944));
#910=DIRECTION('',(-0.00013065294487347756,0.9975705199408282,0.06966376873808605));
#911=FACE_BOUND('',#912,.T.);
#912=EDGE_LOOP('',(#913,#914,#915));
#913=ORIENTED_EDGE('',*,*,#916,.T.);
#914=ORIENTED_EDGE('',*,*,#917,.T.);
#915=ORIENTED_EDGE('',*,*,#918,.T.);
#916=EDGE_CURVE('',#82,#84,#919,.F.);
#917=EDGE_CURVE('',#84,#86,#920,.T.);
#918=EDGE_CURVE('',#86,#82,#921,.T.);
#919=LINE('',#81,#922);
#920=LINE('',#83,#923);
#921=LINE('',#85,#924);
#922=VECTOR('',#925,1.0);
#923=VECTOR('',#926,1.0);
#924=VECTOR('',#927,1.0);
#925=DIRECTION('',(-0.00013065294487347756,0.9975705199408282,0.06966376873808605));
#926=DIRECTION('',(0.07739337845559355,-0.981569621293157,-0.1747322051759134));
#927=DIRECTION('',(-0.5892955901560245,-0.05636049120544141,0.8059492555079038));
#928=STYLED_ITEM('',(#25),#929);
#929=FACE_SURFACE('',(#934),#930,.T.);
#930=PLANE('',#931);
#931=AXIS2_PLACEMENT_3D('',#85,#932,#933);
#932=DIRECTION('',(-0.8078979458365485,0.040953500704946945,-0.587897712100579));
#933=DIRECTION('',(-0.07739337845559355,0.981569621293157,0.1747322051759134));
#934=FACE_BOUND('',#935,.T.);
#935=EDGE_LOOP('',(#936,#937,#938));
#936=ORIENTED_EDGE('',*,*,#939,.T.);
#937=ORIENTED_EDGE('',*,*,#940,.T.);
#938=ORIENTED_EDGE('',*,*,#941,.T.);
#939=EDGE_CURVE('',#86,#84,#942,.F.);
#940=EDGE_CURVE('',#84,#88,#943,.T.);
#941=EDGE_CURVE('',#88,#86,#944,.T.);
#942=LINE('',#85,#945);
#943=LINE('',#83,#946);
#944=LINE('',#87,#947);
#945=VECTOR('',#948,1.0);
#946=VECTOR('',#949,1.0);
#947=VECTOR('',#950,1.0);
#948=DIRECTION('',(-0.07739337845559355,0.981569621293157,0.1747322051759134));
#949=DIRECTION('',(0.5893224008804662,0.05636314160591053,-0.8059294659514534));
#950=DIRECTION('',(0.00013077208425482667,-0.9975699896973189,-0.06967136107435273));
#951=STYLED_ITEM('',(#25),#952);
#952=FACE_SURFACE('',(#957),#953,.T.);
#953=PLANE('',#954);
#954=AXIS2_PLACEMENT_3D('',#85,#955,#956);
#955=DIRECTION('',(-0.7672061392040167,0.044587167843305124,-0.6398489856453473));
#956=DIRECTION('',(-0.00013077208425482667,0.9975699896973189,0.06967136107435273));
#957=FACE_BOUND('',#958,.T.);
#958=EDGE_LOOP('',(#959,#960,#961));
#959=ORIENTED_EDGE('',*,*,#962,.T.);
#960=ORIENTED_EDGE('',*,*,#963,.T.);
#961=ORIENTED_EDGE('',*,*,#964,.T.);
#962=EDGE_CURVE('',#86,#88,#965,.F.);
#963=EDGE_CURVE('',#88,#90,#966,.T.);
#964=EDGE_CURVE('',#90,#86,#967,.T.);
#965=LINE('',#85,#968);
#966=LINE('',#87,#969);
#967=LINE('',#89,#970);
#968=VECTOR('',#971,1.0);
#969=VECTOR('',#972,1.0);
#970=VECTOR('',#973,1.0);
#971=DIRECTION('',(-0.00013077208425482667,0.9975699896973189,0.06967136107435273));
#972=DIRECTION('',(0.08422515379940136,-0.9819392640784934,-0.16941489051572237));
#973=DIRECTION('',(-0.6414005949807404,-0.05353372607413839,0.7653361463637866));
#974=STYLED_ITEM('',(#25),#975);
#975=FACE_SURFACE('',(#980),#976,.T.);
#976=PLANE('',#977);
#977=AXIS2_PLACEMENT_3D('',#89,#978,#979);
#978=DIRECTION('',(-0.7672061392040167,0.044587167843305124,-0.6398489856453473));
#979=DIRECTION('',(-0.08422515379940136,0.9819392640784934,0.16941489051572237));
#980=FACE_BOUND('',#981,.T.);
#981=EDGE_LOOP('',(#982,#983,#984));
#982=ORIENTED_EDGE('',*,*,#985,.T.);
#983=ORIENTED_EDGE('',*,*,#986,.T.);
#984=ORIENTED_EDGE('',*,*,#987,.T.);
#985=EDGE_CURVE('',#90,#88,#988,.F.);
#986=EDGE_CURVE('',#88,#92,#989,.T.);
#987=EDGE_CURVE('',#92,#90,#990,.T.);
#988=LINE('',#89,#991);
#989=LINE('',#87,#992);
#990=LINE('',#91,#993);
#991=VECTOR('',#994,1.0);
#992=VECTOR('',#995,1.0);
#993=VECTOR('',#996,1.0);
#994=DIRECTION('',(-0.08422515379940136,0.9819392640784934,0.16941489051572237));
#995=DIRECTION('',(0.6414005949807404,0.05353372607413839,-0.7653361463637866));
#996=DIRECTION('',(0.00013077208425482667,-0.9975699896973189,-0.06967136107435273));
#997=STYLED_ITEM('',(#25),#998);
#998=FACE_SURFACE('',(#1003),#999,.T.);
#999=PLANE('',#1000);
#1000=AXIS2_PLACEMENT_3D('',#89,#1001,#1002);
#1001=DIRECTION('',(-0.7231127117626553,0.04802976971733994,-0.6890581595976919));
#1002=DIRECTION('',(-0.00013077208425482667,0.9975699896973189,0.06967136107435273));
#1003=FACE_BOUND('',#1004,.T.);
#1004=EDGE_LOOP('',(#1005,#1006,#1007));
#1005=ORIENTED_EDGE('',*,*,#1008,.T.);
#1006=ORIENTED_EDGE('',*,*,#1009,.T.);
#1007=ORIENTED_EDGE('',*,*,#1010,.T.);
#1008=EDGE_CURVE('',#90,#92,#1011,.F.);
#1009=EDGE_CURVE('',#92,#94,#1012,.T.);
#1010=EDGE_CURVE('',#94,#90,#1013,.T.);
#1011=LINE('',#89,#1014);
#1012=LINE('',#91,#1015);
#1013=LINE('',#93,#1016);
#1014=VECTOR('',#1017,1.0);
#1015=VECTOR('',#1018,1.0);
#1016=VECTOR('',#1019,1.0);
#1017=DIRECTION('',(-0.00013077208425482667,0.9975699896973189,0.06967136107435273));
#1018=DIRECTION('',(0.09068952856913823,-0.9823420812056408,-0.16364426326785117));
#1019=DIRECTION('',(-0.6907300395417306,-0.05047825649669173,0.7213487076967239));
#1020=STYLED_ITEM('',(#25),#1021);
#1021=FACE_SURFACE('',(#1026),#1022,.T.);
#1022=PLANE('',#1023);
#1023=AXIS2_PLACEMENT_3D('',#93,#1024,#1025);
#1024=DIRECTION('',(-0.7231401668071542,0.048022519411105864,-0.689029851878372));
#1025=DIRECTION('',(-0.09068952856913823,0.9823420812056408,0.16364426326785117));
#1026=FACE_BOUND('',#1027,.T.);
#1027=EDGE_LOOP('',(#1028,#1029,#1030));
#1028=ORIENTED_EDGE('',*,*,#1031,.T.);
#1029=ORIENTED_EDGE('',*,*,#1032,.T.);
#1030=ORIENTED_EDGE('',*,*,#1033,.T.);
#1031=EDGE_CURVE('',#94,#92,#1034,.F.);
#1032=EDGE_CURVE('',#92,#96,#1035,.T.);
#1033=EDGE_CURVE('',#96,#94,#1036,.T.);
#1034=LINE('',#93,#1037);
#1035=LINE('',#91,#1038);
#1036=LINE('',#95,#1039);
#1037=VECTOR('',#1040,1.0);
#1038=VECTOR('',#1041,1.0);
#1039=VECTOR('',#1042,1.0);
#1040=DIRECTION('',(-0.09068952856913823,0.9823420812056408,0.16364426326785117));
#1041=DIRECTION('',(0.6907012960085163,0.050476155931551726,-0.7213763770560621));
#1042=DIRECTION('',(0.00013077215376274776,-0.997570519925284,-0.06966376873700053));
#1043=STYLED_ITEM('',(#25),#1044);
#1044=FACE_SURFACE('',(#1049),#1045,.T.);
#1045=PLANE('',#1046);
#1046=AXIS2_PLACEMENT_3D('',#93,#1047,#1048);
#1047=DIRECTION('',(-0.675902829143082,0.0512533787074477,-0.7352064041665094));
#1048=DIRECTION('',(-0.00013077215376274776,0.997570519925284,0.06966376873700053));
#1049=FACE_BOUND('',#1050,.T.);
#1050=EDGE_LOOP('',(#1051,#1052,#1053));
#1051=ORIENTED_EDGE('',*,*,#1054,.T.);
#1052=ORIENTED_EDGE('',*,*,#1055,.T.);
#1053=ORIENTED_EDGE('',*,*,#1056,.T.);
#1054=EDGE_CURVE('',#94,#96,#1057,.F.);
#1055=EDGE_CURVE('',#96,#98,#1058,.T.);
#1056=EDGE_CURVE('',#98,#94,#1059,.T.);
#1057=LINE('',#93,#1060);
#1058=LINE('',#95,#1061);
#1059=LINE('',#97,#1062);
#1060=VECTOR('',#1063,1.0);
#1061=VECTOR('',#1064,1.0);
#1062=VECTOR('',#1065,1.0);
#1063=DIRECTION('',(-0.00013077215376274776,0.997570519925284,0.06966376873700053));
#1064=DIRECTION('',(0.09675757823243167,-0.9827730131794099,-0.1574648393161413));
#1065=DIRECTION('',(-0.736990737518741,-0.04718852089147605,0.674253584571604));
#1066=STYLED_ITEM('',(#25),#1067);
#1067=FACE_SURFACE('',(#1072),#1068,.T.);
#1068=PLANE('',#1069);
#1069=AXIS2_PLACEMENT_3D('',#97,#1070,#1071);
#1070=DIRECTION('',(-0.6759006501185709,0.05125390829623016,-0.7352083705002651));
#1071=DIRECTION('',(-0.09675757823243167,0.9827730131794099,0.1574648393161413));
#1072=FACE_BOUND('',#1073,.T.);
#1073=EDGE_LOOP('',(#1074,#1075,#1076));
#1074=ORIENTED_EDGE('',*,*,#1077,.T.);
#1075=ORIENTED_EDGE('',*,*,#1078,.T.);
#1076=ORIENTED_EDGE('',*,*,#1079,.T.);
#1077=EDGE_CURVE('',#98,#96,#1080,.F.);
#1078=EDGE_CURVE('',#96,#100,#1081,.T.);
#1079=EDGE_CURVE('',#100,#98,#1082,.T.);
#1080=LINE('',#97,#1083);
#1081=LINE('',#95,#1084);
#1082=LINE('',#99,#1085);
#1083=VECTOR('',#1086,1.0);
#1084=VECTOR('',#1087,1.0);
#1085=VECTOR('',#1088,1.0);
#1086=DIRECTION('',(-0.09675757823243167,0.9827730131794099,0.1574648393161413));
#1087=DIRECTION('',(0.7369927425340151,0.047130961434601035,-0.6742554189077319));
#1088=DIRECTION('',(0.0001307731490554118,-0.9975704828990926,-0.06966429894038083));
#1089=STYLED_ITEM('',(#25),#1090);
#1090=FACE_SURFACE('',(#1095),#1091,.T.);
#1091=PLANE('',#1092);
#1092=AXIS2_PLACEMENT_3D('',#97,#1093,#1094);
#1093=DIRECTION('',(-0.6257456139447634,0.05425841601847794,-0.7781378097227103));
#1094=DIRECTION('',(-0.0001307731490554118,0.9975704828990926,0.06966429894038083));
#1095=FACE_BOUND('',#1096,.T.);
#1096=EDGE_LOOP('',(#1097,#1098,#1099));
#1097=ORIENTED_EDGE('',*,*,#1100,.T.);
#1098=ORIENTED_EDGE('',*,*,#1101,.T.);
#1099=ORIENTED_EDGE('',*,*,#1102,.T.);
#1100=EDGE_CURVE('',#98,#100,#1103,.F.);
#1101=EDGE_CURVE('',#100,#102,#1104,.T.);
#1102=EDGE_CURVE('',#102,#98,#1105,.T.);
#1103=LINE('',#97,#1106);
#1104=LINE('',#99,#1107);
#1105=LINE('',#101,#1108);
#1106=VECTOR('',#1109,1.0);
#1107=VECTOR('',#1110,1.0);
#1108=VECTOR('',#1111,1.0);
#1109=DIRECTION('',(-0.0001307731490554118,0.9975704828990926,0.06966429894038083));
#1110=DIRECTION('',(0.10240343886544882,-0.9832295783277877,-0.15090769367362086));
#1111=DIRECTION('',(-0.7800271882195706,-0.043668290817434334,0.624220046149877));
#1112=STYLED_ITEM('',(#25),#1113);
#1113=FACE_SURFACE('',(#1118),#1114,.T.);
#1114=PLANE('',#1115);
#1115=AXIS2_PLACEMENT_3D('',#101,#1116,#1117);
#1116=DIRECTION('',(-0.625713041037686,0.054265750085924054,-0.7781634909471036));
#1117=DIRECTION('',(-0.10240343886544882,0.9832295783277877,0.15090769367362086));
#1118=FACE_BOUND('',#1119,.T.);
#1119=EDGE_LOOP('',(#1120,#1121,#1122));
#1120=ORIENTED_EDGE('',*,*,#1123,.T.);
#1121=ORIENTED_EDGE('',*,*,#1124,.T.);
#1122=ORIENTED_EDGE('',*,*,#1125,.T.);
#1123=EDGE_CURVE('',#102,#100,#1126,.F.);
#1124=EDGE_CURVE('',#100,#104,#1127,.T.);
#1125=EDGE_CURVE('',#104,#102,#1128,.T.);
#1126=LINE('',#101,#1129);
#1127=LINE('',#99,#1130);
#1128=LINE('',#103,#1131);
#1129=VECTOR('',#1132,1.0);
#1130=VECTOR('',#1133,1.0);
#1131=VECTOR('',#1134,1.0);
#1132=DIRECTION('',(-0.10240343886544882,0.9832295783277877,0.15090769367362086));
#1133=DIRECTION('',(0.78005330981249,0.04372744110055236,-0.6241832621477263));
#1134=DIRECTION('',(0.00013077208425482667,-0.9975699896973189,-0.06967136107435273));
#1135=STYLED_ITEM('',(#25),#1136);
#1136=FACE_SURFACE('',(#1141),#1137,.T.);
#1137=PLANE('',#1138);
#1138=AXIS2_PLACEMENT_3D('',#101,#1139,#1140);
#1139=DIRECTION('',(-0.5727965219334687,0.05703472346996469,-0.8177109420691556));
#1140=DIRECTION('',(-0.00013077208425482667,0.9975699896973189,0.06967136107435273));
#1141=FACE_BOUND('',#1142,.T.);
#1142=EDGE_LOOP('',(#1143,#1144,#1145));
#1143=ORIENTED_EDGE('',*,*,#1146,.T.);
#1144=ORIENTED_EDGE('',*,*,#1147,.T.);
#1145=ORIENTED_EDGE('',*,*,#1148,.T.);
#1146=EDGE_CURVE('',#102,#104,#1149,.F.);
#1147=EDGE_CURVE('',#104,#106,#1150,.T.);
#1148=EDGE_CURVE('',#106,#102,#1151,.T.);
#1149=LINE('',#101,#1152);
#1150=LINE('',#103,#1153);
#1151=LINE('',#105,#1154);
#1152=VECTOR('',#1155,1.0);
#1153=VECTOR('',#1156,1.0);
#1154=VECTOR('',#1157,1.0);
#1155=DIRECTION('',(-0.00013077208425482667,0.9975699896973189,0.06967136107435273));
#1156=DIRECTION('',(0.10760167496159553,-0.9837121877500193,-0.14398684390432967));
#1157=DIRECTION('',(-0.8196975799705415,-0.04003519682597997,0.571395712624397));
#1158=STYLED_ITEM('',(#25),#1159);
#1159=FACE_SURFACE('',(#1164),#1160,.T.);
#1160=PLANE('',#1161);
#1161=AXIS2_PLACEMENT_3D('',#105,#1162,#1163);
#1162=DIRECTION('',(-0.5727938250017566,0.0570352892116251,-0.817712791770071));
#1163=DIRECTION('',(-0.10760167496159553,0.9837121877500193,0.14398684390432967));
#1164=FACE_BOUND('',#1165,.T.);
#1165=EDGE_LOOP('',(#1166,#1167,#1168));
#1166=ORIENTED_EDGE('',*,*,#1169,.T.);
#1167=ORIENTED_EDGE('',*,*,#1170,.T.);
#1168=ORIENTED_EDGE('',*,*,#1171,.T.);
#1169=EDGE_CURVE('',#106,#104,#1172,.F.);
#1170=EDGE_CURVE('',#104,#108,#1173,.T.);
#1171=EDGE_CURVE('',#108,#106,#1174,.T.);
#1172=LINE('',#105,#1175);
#1173=LINE('',#103,#1176);
#1174=LINE('',#107,#1177);
#1175=VECTOR('',#1178,1.0);
#1176=VECTOR('',#1179,1.0);
#1177=VECTOR('',#1180,1.0);
#1178=DIRECTION('',(-0.10760167496159553,0.9837121877500193,0.14398684390432967));
#1179=DIRECTION('',(0.8196994717330613,0.03997760148572314,-0.5713970313363459));
#1180=DIRECTION('',(0.00013077307954590365,-0.9975699526630762,-0.06967189133495379));
#1181=STYLED_ITEM('',(#25),#1182);
#1182=FACE_SURFACE('',(#1187),#1183,.T.);
#1183=PLANE('',#1184);
#1184=AXIS2_PLACEMENT_3D('',#105,#1185,#1186);
#1185=DIRECTION('',(-0.5173476895446862,0.05955599344990614,-0.8537004461560096));
#1186=DIRECTION('',(-0.00013077307954590365,0.9975699526630762,0.06967189133495379));
#1187=FACE_BOUND('',#1188,.T.);
#1188=EDGE_LOOP('',(#1189,#1190,#1191));
#1189=ORIENTED_EDGE('',*,*,#1192,.T.);
#1190=ORIENTED_EDGE('',*,*,#1193,.T.);
#1191=ORIENTED_EDGE('',*,*,#1194,.T.);
#1192=EDGE_CURVE('',#106,#108,#1195,.F.);
#1193=EDGE_CURVE('',#108,#110,#1196,.T.);
#1194=EDGE_CURVE('',#110,#106,#1197,.T.);
#1195=LINE('',#105,#1198);
#1196=LINE('',#107,#1199);
#1197=LINE('',#109,#1200);
#1198=VECTOR('',#1201,1.0);
#1199=VECTOR('',#1202,1.0);
#1200=VECTOR('',#1203,1.0);
#1201=DIRECTION('',(-0.00013077307954590365,0.9975699526630762,0.06967189133495379));
#1202=DIRECTION('',(0.11233084047994707,-0.9842182145281478,-0.1367343719336632));
#1203=DIRECTION('',(-0.8557752903753879,-0.03617071677980831,0.5160817102267387));
#1204=STYLED_ITEM('',(#25),#1205);
#1205=FACE_SURFACE('',(#1210),#1206,.T.);
#1206=PLANE('',#1207);
#1207=AXIS2_PLACEMENT_3D('',#109,#1208,#1209);
#1208=DIRECTION('',(-0.5173894335199828,0.059547793947853804,-0.8536757196487523));
#1209=DIRECTION('',(-0.11233084047994707,0.9842182145281478,0.1367343719336632));
#1210=FACE_BOUND('',#1211,.T.);
#1211=EDGE_LOOP('',(#1212,#1213,#1214));
#1212=ORIENTED_EDGE('',*,*,#1215,.T.);
#1213=ORIENTED_EDGE('',*,*,#1216,.T.);
#1214=ORIENTED_EDGE('',*,*,#1217,.T.);
#1215=EDGE_CURVE('',#110,#108,#1218,.F.);
#1216=EDGE_CURVE('',#108,#112,#1219,.T.);
#1217=EDGE_CURVE('',#112,#110,#1220,.T.);
#1218=LINE('',#109,#1221);
#1219=LINE('',#107,#1222);
#1220=LINE('',#111,#1223);
#1221=VECTOR('',#1224,1.0);
#1222=VECTOR('',#1225,1.0);
#1223=VECTOR('',#1226,1.0);
#1224=DIRECTION('',(-0.11233084047994707,0.9842182145281478,0.1367343719336632));
#1225=DIRECTION('',(0.8557500532313629,0.0361696119941354,-0.5161236339896801));
#1226=DIRECTION('',(0.0001306539392588557,-0.997570482914637,-0.06966429894146636));
#1227=STYLED_ITEM('',(#25),#1228);
#1228=FACE_SURFACE('',(#1233),#1229,.T.);
#1229=PLANE('',#1230);
#1230=AXIS2_PLACEMENT_3D('',#109,#1231,#1232);
#1231=DIRECTION('',(-0.4596825487108372,0.06180778772274344,-0.8859298797238578));
#1232=DIRECTION('',(-0.0001306539392588557,0.997570482914637,0.06966429894146636));
#1233=FACE_BOUND('',#1234,.T.);
#1234=EDGE_LOOP('',(#1235,#1236,#1237));
#1235=ORIENTED_EDGE('',*,*,#1238,.T.);
#1236=ORIENTED_EDGE('',*,*,#1239,.T.);
#1237=ORIENTED_EDGE('',*,*,#1240,.T.);
#1238=EDGE_CURVE('',#110,#112,#1241,.F.);
#1239=EDGE_CURVE('',#112,#114,#1242,.T.);
#1240=EDGE_CURVE('',#114,#110,#1243,.T.);
#1241=LINE('',#109,#1244);
#1242=LINE('',#111,#1245);
#1243=LINE('',#113,#1246);
#1244=VECTOR('',#1247,1.0);
#1245=VECTOR('',#1248,1.0);
#1246=VECTOR('',#1249,1.0);
#1247=DIRECTION('',(-0.0001306539392588557,0.997570482914637,0.06966429894146636));
#1248=DIRECTION('',(0.11656838531904398,-0.9847450922280633,-0.12918558308439063));
#1249=DIRECTION('',(-0.8880832950726376,-0.03213195404141171,0.4585581735640605));
#1250=STYLED_ITEM('',(#25),#1251);
#1251=FACE_SURFACE('',(#1256),#1252,.T.);
#1252=PLANE('',#1253);
#1253=AXIS2_PLACEMENT_3D('',#113,#1254,#1255);
#1254=DIRECTION('',(-0.45968291667536404,0.06180771974048389,-0.8859296935408092));
#1255=DIRECTION('',(-0.11656838531904398,0.9847450922280633,0.12918558308439063));
#1256=FACE_BOUND('',#1257,.T.);
#1257=EDGE_LOOP('',(#1258,#1259,#1260));
#1258=ORIENTED_EDGE('',*,*,#1261,.T.);
#1259=ORIENTED_EDGE('',*,*,#1262,.T.);
#1260=ORIENTED_EDGE('',*,*,#1263,.T.);
#1261=EDGE_CURVE('',#114,#112,#1264,.F.);
#1262=EDGE_CURVE('',#112,#116,#1265,.T.);
#1263=EDGE_CURVE('',#116,#114,#1266,.T.);
#1264=LINE('',#113,#1267);
#1265=LINE('',#111,#1268);
#1266=LINE('',#115,#1269);
#1267=VECTOR('',#1270,1.0);
#1268=VECTOR('',#1271,1.0);
#1269=VECTOR('',#1272,1.0);
#1270=DIRECTION('',(-0.11656838531904398,0.9847450922280633,0.12918558308439063));
#1271=DIRECTION('',(0.8880831046061581,0.032131979762723105,-0.4585585406353428));
#1272=DIRECTION('',(0.0001307731490554118,-0.9975704828990926,-0.06966429894038083));
#1273=STYLED_ITEM('',(#25),#1274);
#1274=FACE_SURFACE('',(#1279),#1275,.T.);
#1275=PLANE('',#1276);
#1276=AXIS2_PLACEMENT_3D('',#113,#1277,#1278);
#1277=DIRECTION('',(-0.40000130144902735,0.06379616315464993,-0.9142915335962756));
#1278=DIRECTION('',(-0.0001307731490554118,0.9975704828990926,0.06966429894038083));
#1279=FACE_BOUND('',#1280,.T.);
#1280=EDGE_LOOP('',(#1281,#1282,#1283));
#1281=ORIENTED_EDGE('',*,*,#1284,.T.);
#1282=ORIENTED_EDGE('',*,*,#1285,.T.);
#1283=ORIENTED_EDGE('',*,*,#1286,.T.);
#1284=EDGE_CURVE('',#114,#116,#1287,.F.);
#1285=EDGE_CURVE('',#116,#118,#1288,.T.);
#1286=EDGE_CURVE('',#118,#114,#1289,.T.);
#1287=LINE('',#113,#1290);
#1288=LINE('',#115,#1291);
#1289=LINE('',#117,#1292);
#1290=VECTOR('',#1293,1.0);
#1291=VECTOR('',#1294,1.0);
#1292=VECTOR('',#1295,1.0);
#1293=DIRECTION('',(-0.0001307731490554118,0.9975704828990926,0.06966429894038083));
#1294=DIRECTION('',(0.12029708802774403,-0.9852895573618881,-0.12137997679049022));
#1295=DIRECTION('',(-0.9165145625731156,-0.027978241820778578,0.39902164675118645));
#1296=STYLED_ITEM('',(#25),#1297);
#1297=FACE_SURFACE('',(#1302),#1298,.T.);
#1298=PLANE('',#1299);
#1299=AXIS2_PLACEMENT_3D('',#117,#1300,#1301);
#1300=DIRECTION('',(-0.39995279588906696,0.06380462668224247,-0.9143121625979049));
#1301=DIRECTION('',(-0.12029708802774403,0.9852895573618881,0.12137997679049022));
#1302=FACE_BOUND('',#1303,.T.);
#1303=EDGE_LOOP('',(#1304,#1305,#1306));
#1304=ORIENTED_EDGE('',*,*,#1307,.T.);
#1305=ORIENTED_EDGE('',*,*,#1308,.T.);
#1306=ORIENTED_EDGE('',*,*,#1309,.T.);
#1307=EDGE_CURVE('',#118,#116,#1310,.F.);
#1308=EDGE_CURVE('',#116,#120,#1311,.T.);
#1309=EDGE_CURVE('',#120,#118,#1312,.T.);
#1310=LINE('',#117,#1313);
#1311=LINE('',#115,#1314);
#1312=LINE('',#119,#1315);
#1313=VECTOR('',#1316,1.0);
#1314=VECTOR('',#1317,1.0);
#1315=VECTOR('',#1318,1.0);
#1316=DIRECTION('',(-0.12029708802774403,0.9852895573618881,0.12137997679049022));
#1317=DIRECTION('',(0.9165357305690438,0.027978874253476546,-0.3989729780145233));
#1318=DIRECTION('',(0.00013071347467930793,-0.9975699526708502,-0.06967189133549673));
#1319=STYLED_ITEM('',(#25),#1320);
#1320=FACE_SURFACE('',(#1325),#1321,.T.);
#1321=PLANE('',#1322);
#1322=AXIS2_PLACEMENT_3D('',#117,#1323,#1324);
#1323=DIRECTION('',(-0.3385345549834618,0.06551389905272731,-0.9386704875050981));
#1324=DIRECTION('',(-0.00013071347467930793,0.9975699526708502,0.06967189133549673));
#1325=FACE_BOUND('',#1326,.T.);
#1326=EDGE_LOOP('',(#1327,#1328,#1329));
#1327=ORIENTED_EDGE('',*,*,#1330,.T.);
#1328=ORIENTED_EDGE('',*,*,#1331,.T.);
#1329=ORIENTED_EDGE('',*,*,#1332,.T.);
#1330=EDGE_CURVE('',#118,#120,#1333,.F.);
#1331=EDGE_CURVE('',#120,#122,#1334,.T.);
#1332=EDGE_CURVE('',#122,#118,#1335,.T.);
#1333=LINE('',#117,#1336);
#1334=LINE('',#119,#1337);
#1335=LINE('',#121,#1338);
#1336=VECTOR('',#1339,1.0);
#1337=VECTOR('',#1340,1.0);
#1338=VECTOR('',#1341,1.0);
#1339=DIRECTION('',(-0.00013071347467930793,0.9975699526708502,0.06967189133549673));
#1340=DIRECTION('',(0.1235003333041535,-0.9858498874041934,-0.11334755038774334));
#1341=DIRECTION('',(-0.9409539509749032,-0.02370960965407085,0.33770329663000187));
#1342=STYLED_ITEM('',(#25),#1343);
#1343=FACE_SURFACE('',(#1348),#1344,.T.);
#1344=PLANE('',#1345);
#1345=AXIS2_PLACEMENT_3D('',#121,#1346,#1347);
#1346=DIRECTION('',(-0.3385345549834618,0.06551389905272731,-0.9386704875050981));
#1347=DIRECTION('',(-0.1235003333041535,0.9858498874041934,0.11334755038774334));
#1348=FACE_BOUND('',#1349,.T.);
#1349=EDGE_LOOP('',(#1350,#1351,#1352));
#1350=ORIENTED_EDGE('',*,*,#1353,.T.);
#1351=ORIENTED_EDGE('',*,*,#1354,.T.);
#1352=ORIENTED_EDGE('',*,*,#1355,.T.);
#1353=EDGE_CURVE('',#122,#120,#1356,.F.);
#1354=EDGE_CURVE('',#120,#124,#1357,.T.);
#1355=EDGE_CURVE('',#124,#122,#1358,.T.);
#1356=LINE('',#121,#1359);
#1357=LINE('',#119,#1360);
#1358=LINE('',#123,#1361);
#1359=VECTOR('',#1362,1.0);
#1360=VECTOR('',#1363,1.0);
#1361=VECTOR('',#1364,1.0);
#1362=DIRECTION('',(-0.1235003333041535,0.9858498874041934,0.11334755038774334));
#1363=DIRECTION('',(0.9409539509749032,0.02370960965407085,-0.33770329663000187));
#1364=DIRECTION('',(0.00013071347467930793,-0.9975699526708502,-0.06967189133549673));
#1365=STYLED_ITEM('',(#25),#1366);
#1366=FACE_SURFACE('',(#1371),#1367,.T.);
#1367=PLANE('',#1368);
#1368=AXIS2_PLACEMENT_3D('',#121,#1369,#1370);
#1369=DIRECTION('',(-0.27556352541209594,0.06693846338994189,-0.9589494176344499));
#1370=DIRECTION('',(-0.00013071347467930793,0.9975699526708502,0.06967189133549673));
#1371=FACE_BOUND('',#1372,.T.);
#1372=EDGE_LOOP('',(#1373,#1374,#1375));
#1373=ORIENTED_EDGE('',*,*,#1376,.T.);
#1374=ORIENTED_EDGE('',*,*,#1377,.T.);
#1375=ORIENTED_EDGE('',*,*,#1378,.T.);
#1376=EDGE_CURVE('',#122,#124,#1379,.F.);
#1377=EDGE_CURVE('',#124,#126,#1380,.T.);
#1378=EDGE_CURVE('',#126,#122,#1381,.T.);
#1379=LINE('',#121,#1382);
#1380=LINE('',#123,#1383);
#1381=LINE('',#125,#1384);
#1382=VECTOR('',#1385,1.0);
#1383=VECTOR('',#1386,1.0);
#1384=VECTOR('',#1387,1.0);
#1385=DIRECTION('',(-0.00013071347467930793,0.9975699526708502,0.06967189133549673));
#1386=DIRECTION('',(0.12616410536896944,-0.9864250224852235,-0.10511086305170414));
#1387=DIRECTION('',(-0.9612828543498891,-0.019325602178863095,0.2748850578575602));
#1388=STYLED_ITEM('',(#25),#1389);
#1389=FACE_SURFACE('',(#1394),#1390,.T.);
#1390=PLANE('',#1391);
#1391=AXIS2_PLACEMENT_3D('',#125,#1392,#1393);
#1392=DIRECTION('',(-0.27561670158564877,0.06693009593314031,-0.9589347193972216));
#1393=DIRECTION('',(-0.12616410536896944,0.9864250224852235,0.10511086305170414));
#1394=FACE_BOUND('',#1395,.T.);
#1395=EDGE_LOOP('',(#1396,#1397,#1398));
#1396=ORIENTED_EDGE('',*,*,#1399,.T.);
#1397=ORIENTED_EDGE('',*,*,#1400,.T.);
#1398=ORIENTED_EDGE('',*,*,#1401,.T.);
#1399=EDGE_CURVE('',#126,#124,#1402,.F.);
#1400=EDGE_CURVE('',#124,#128,#1403,.T.);
#1401=EDGE_CURVE('',#128,#126,#1404,.T.);
#1402=LINE('',#125,#1405);
#1403=LINE('',#123,#1406);
#1404=LINE('',#127,#1407);
#1405=VECTOR('',#1408,1.0);
#1406=VECTOR('',#1409,1.0);
#1407=VECTOR('',#1410,1.0);
#1408=DIRECTION('',(-0.12616410536896944,0.9864250224852235,0.10511086305170414));
#1409=DIRECTION('',(0.9612676094072274,0.01932529569498503,-0.27493838591730946));
#1410=DIRECTION('',(0.00013071354415713444,-0.9975704829068666,-0.06966429894092371));
#1411=STYLED_ITEM('',(#25),#1412);
#1412=FACE_SURFACE('',(#1417),#1413,.T.);
#1413=PLANE('',#1414);
#1414=AXIS2_PLACEMENT_3D('',#125,#1415,#1416);
#1415=DIRECTION('',(-0.21148343571257505,0.06806102665858645,-0.9750089502509116));
#1416=DIRECTION('',(-0.00013071354415713444,0.9975704829068666,0.06966429894092371));
#1417=FACE_BOUND('',#1418,.T.);
#1418=EDGE_LOOP('',(#1419,#1420,#1421));
#1419=ORIENTED_EDGE('',*,*,#1422,.T.);
#1420=ORIENTED_EDGE('',*,*,#1423,.T.);
#1421=ORIENTED_EDGE('',*,*,#1424,.T.);
#1422=EDGE_CURVE('',#126,#128,#1425,.F.);
#1423=EDGE_CURVE('',#128,#130,#1426,.T.);
#1424=EDGE_CURVE('',#130,#126,#1427,.T.);
#1425=LINE('',#125,#1428);
#1426=LINE('',#127,#1429);
#1427=LINE('',#129,#1430);
#1428=VECTOR('',#1431,1.0);
#1429=VECTOR('',#1432,1.0);
#1430=VECTOR('',#1433,1.0);
#1431=DIRECTION('',(-0.00013071354415713444,0.9975704829068666,0.06966429894092371));
#1432=DIRECTION('',(0.12827619745465582,-0.9870106312202244,-0.0967224432323154));
#1433=DIRECTION('',(-0.9773815769941832,-0.014825685090505289,0.21096315321392156));
#1434=STYLED_ITEM('',(#25),#1435);
#1435=FACE_SURFACE('',(#1440),#1436,.T.);
#1436=PLANE('',#1437);
#1437=AXIS2_PLACEMENT_3D('',#129,#1438,#1439);
#1438=DIRECTION('',(-0.2114873196698995,0.06806044331639369,-0.9750081485169328));
#1439=DIRECTION('',(-0.12827619745465582,0.9870106312202244,0.0967224432323154));
#1440=FACE_BOUND('',#1441,.T.);
#1441=EDGE_LOOP('',(#1442,#1443,#1444));
#1442=ORIENTED_EDGE('',*,*,#1445,.T.);
#1443=ORIENTED_EDGE('',*,*,#1446,.T.);
#1444=ORIENTED_EDGE('',*,*,#1447,.T.);
#1445=EDGE_CURVE('',#130,#128,#1448,.F.);
#1446=EDGE_CURVE('',#128,#132,#1449,.T.);
#1447=EDGE_CURVE('',#132,#130,#1450,.T.);
#1448=LINE('',#129,#1451);
#1449=LINE('',#127,#1452);
#1450=LINE('',#131,#1453);
#1451=VECTOR('',#1454,1.0);
#1452=VECTOR('',#1455,1.0);
#1453=VECTOR('',#1456,1.0);
#1454=DIRECTION('',(-0.12827619745465582,0.9870106312202244,0.0967224432323154));
#1455=DIRECTION('',(0.9773807293781261,0.014883363105258209,-0.21096301889895064));
#1456=DIRECTION('',(0.00013074235154043073,-0.9975705199291715,-0.06966376873727201));
#1457=STYLED_ITEM('',(#25),#1458);
#1458=FACE_SURFACE('',(#1463),#1459,.T.);
#1459=PLANE('',#1460);
#1460=AXIS2_PLACEMENT_3D('',#129,#1461,#1462);
#1461=DIRECTION('',(-0.14643319715215458,0.06889373447574662,-0.9868186115602927));
#1462=DIRECTION('',(-0.00013074235154043073,0.9975705199291715,0.06966376873727201));
#1463=FACE_BOUND('',#1464,.T.);
#1464=EDGE_LOOP('',(#1465,#1466,#1467));
#1465=ORIENTED_EDGE('',*,*,#1468,.T.);
#1466=ORIENTED_EDGE('',*,*,#1469,.T.);
#1467=ORIENTED_EDGE('',*,*,#1470,.T.);
#1468=EDGE_CURVE('',#130,#132,#1471,.F.);
#1469=EDGE_CURVE('',#132,#134,#1472,.T.);
#1470=EDGE_CURVE('',#134,#130,#1473,.T.);
#1471=LINE('',#129,#1474);
#1472=LINE('',#131,#1475);
#1473=LINE('',#133,#1476);
#1474=VECTOR('',#1477,1.0);
#1475=VECTOR('',#1478,1.0);
#1476=VECTOR('',#1479,1.0);
#1477=DIRECTION('',(-0.00013074235154043073,0.9975705199291715,0.06966376873727201));
#1478=DIRECTION('',(0.1298290152212257,-0.9876045504347172,-0.08821382412823461));
#1479=DIRECTION('',(-0.9892205441361261,-0.010383745545434885,0.14606468733911737));
#1480=STYLED_ITEM('',(#25),#1481);
#1481=FACE_SURFACE('',(#1486),#1482,.T.);
#1482=PLANE('',#1483);
#1483=AXIS2_PLACEMENT_3D('',#133,#1484,#1485);
#1484=DIRECTION('',(-0.14637295249068874,0.0689023984495966,-0.9868269444370942));
#1485=DIRECTION('',(-0.1298290152212257,0.9876045504347172,0.08821382412823461));
#1486=FACE_BOUND('',#1487,.T.);
#1487=EDGE_LOOP('',(#1488,#1489,#1490));
#1488=ORIENTED_EDGE('',*,*,#1491,.T.);
#1489=ORIENTED_EDGE('',*,*,#1492,.T.);
#1490=ORIENTED_EDGE('',*,*,#1493,.T.);
#1491=EDGE_CURVE('',#134,#132,#1494,.F.);
#1492=EDGE_CURVE('',#132,#136,#1495,.T.);
#1493=EDGE_CURVE('',#136,#134,#1496,.T.);
#1494=LINE('',#133,#1497);
#1495=LINE('',#131,#1498);
#1496=LINE('',#135,#1499);
#1497=VECTOR('',#1500,1.0);
#1498=VECTOR('',#1501,1.0);
#1499=VECTOR('',#1502,1.0);
#1500=DIRECTION('',(-0.1298290152212257,0.9876045504347172,0.08821382412823461));
#1501=DIRECTION('',(0.9892294687941989,0.010326151230942285,-0.1460083171257817));
#1502=DIRECTION('',(0.00013074327711260598,-0.9975699526669637,-0.06967189133522529));
#1503=STYLED_ITEM('',(#25),#1504);
#1504=FACE_SURFACE('',(#1509),#1505,.T.);
#1505=PLANE('',#1506);
#1506=AXIS2_PLACEMENT_3D('',#133,#1507,#1508);
#1507=DIRECTION('',(-0.08067688291410555,0.06943426065391525,-0.9943189246970551));
#1508=DIRECTION('',(-0.00013074327711260598,0.9975699526669637,0.06967189133522529));
#1509=FACE_BOUND('',#1510,.T.);
#1510=EDGE_LOOP('',(#1511,#1512,#1513));
#1511=ORIENTED_EDGE('',*,*,#1514,.T.);
#1512=ORIENTED_EDGE('',*,*,#1515,.T.);
#1513=ORIENTED_EDGE('',*,*,#1516,.T.);
#1514=EDGE_CURVE('',#134,#136,#1517,.F.);
#1515=EDGE_CURVE('',#136,#138,#1518,.T.);
#1516=EDGE_CURVE('',#138,#134,#1519,.T.);
#1517=LINE('',#133,#1520);
#1518=LINE('',#135,#1521);
#1519=LINE('',#137,#1522);
#1520=VECTOR('',#1523,1.0);
#1521=VECTOR('',#1524,1.0);
#1522=VECTOR('',#1525,1.0);
#1523=DIRECTION('',(-0.00013074327711260598,0.9975699526669637,0.06967189133522529));
#1524=DIRECTION('',(0.130813456355484,-0.9882045853135436,-0.07962121075202959));
#1525=DIRECTION('',(-0.9967403033334986,-0.005711096167950411,0.08047453691202852));
#1526=STYLED_ITEM('',(#25),#1527);
#1527=FACE_SURFACE('',(#1532),#1528,.T.);
#1528=PLANE('',#1529);
#1529=AXIS2_PLACEMENT_3D('',#137,#1530,#1531);
#1530=DIRECTION('',(-0.08073805594103826,0.06942581035885838,-0.994314549415263));
#1531=DIRECTION('',(-0.130813456355484,0.9882045853135436,0.07962121075202959));
#1532=FACE_BOUND('',#1533,.T.);
#1533=EDGE_LOOP('',(#1534,#1535,#1536));
#1534=ORIENTED_EDGE('',*,*,#1537,.T.);
#1535=ORIENTED_EDGE('',*,*,#1538,.T.);
#1536=ORIENTED_EDGE('',*,*,#1539,.T.);
#1537=EDGE_CURVE('',#138,#136,#1540,.F.);
#1538=EDGE_CURVE('',#136,#140,#1541,.T.);
#1539=EDGE_CURVE('',#140,#138,#1542,.T.);
#1540=LINE('',#137,#1543);
#1541=LINE('',#135,#1544);
#1542=LINE('',#139,#1545);
#1543=VECTOR('',#1546,1.0);
#1544=VECTOR('',#1547,1.0);
#1545=VECTOR('',#1548,1.0);
#1546=DIRECTION('',(-0.130813456355484,0.9882045853135436,0.07962121075202959));
#1547=DIRECTION('',(0.9967353436627509,0.005768755955292755,-0.08053183313588687));
#1548=DIRECTION('',(0.0001307572526515893,-0.9975705199272279,-0.06966376873713628));
#1549=STYLED_ITEM('',(#25),#1550);
#1550=FACE_SURFACE('',(#1555),#1551,.T.);
#1551=PLANE('',#1552);
#1552=AXIS2_PLACEMENT_3D('',#137,#1553,#1554);
#1553=DIRECTION('',(-0.014697436999388155,0.06965432760109005,-0.9974629115872375));
#1554=DIRECTION('',(-0.0001307572526515893,0.9975705199272279,0.06966376873713628));
#1555=FACE_BOUND('',#1556,.T.);
#1556=EDGE_LOOP('',(#1557,#1558,#1559));
#1557=ORIENTED_EDGE('',*,*,#1560,.T.);
#1558=ORIENTED_EDGE('',*,*,#1561,.T.);
#1559=ORIENTED_EDGE('',*,*,#1562,.T.);
#1560=EDGE_CURVE('',#138,#140,#1563,.F.);
#1561=EDGE_CURVE('',#140,#142,#1564,.T.);
#1562=EDGE_CURVE('',#142,#138,#1565,.T.);
#1563=LINE('',#137,#1566);
#1564=LINE('',#139,#1567);
#1565=LINE('',#141,#1568);
#1566=VECTOR('',#1569,1.0);
#1567=VECTOR('',#1570,1.0);
#1568=VECTOR('',#1571,1.0);
#1569=DIRECTION('',(-0.0001307572526515893,0.9975705199272279,0.06966376873713628));
#1570=DIRECTION('',(0.13122689612596442,-0.9888077871392866,-0.07098353207507002));
#1571=DIRECTION('',(-0.9998919783618934,-0.0011537528014122591,0.01465266057793569));
#1572=STYLED_ITEM('',(#25),#1573);
#1573=FACE_SURFACE('',(#1578),#1574,.T.);
#1574=PLANE('',#1575);
#1575=AXIS2_PLACEMENT_3D('',#141,#1576,#1577);
#1576=DIRECTION('',(-0.014639901232521763,0.06966198565011125,-0.9974632229045769));
#1577=DIRECTION('',(-0.13122689612596442,0.9888077871392866,0.07098353207507002));
#1578=FACE_BOUND('',#1579,.T.);
#1579=EDGE_LOOP('',(#1580,#1581,#1582));
#1580=ORIENTED_EDGE('',*,*,#1583,.T.);
#1581=ORIENTED_EDGE('',*,*,#1584,.T.);
#1582=ORIENTED_EDGE('',*,*,#1585,.T.);
#1583=EDGE_CURVE('',#142,#140,#1586,.F.);
#1584=EDGE_CURVE('',#140,#144,#1587,.T.);
#1585=EDGE_CURVE('',#144,#142,#1588,.T.);
#1586=LINE('',#141,#1589);
#1587=LINE('',#139,#1590);
#1588=LINE('',#143,#1591);
#1589=VECTOR('',#1592,1.0);
#1590=VECTOR('',#1593,1.0);
#1591=VECTOR('',#1594,1.0);
#1592=DIRECTION('',(-0.13122689612596442,0.9888077871392866,0.07098353207507002));
#1593=DIRECTION('',(0.9998928219094603,0.0011537536447539512,-0.014594983606137483));
#1594=DIRECTION('',(0.0001307422820483501,-0.9975699897012064,-0.06967136107462422));
#1595=STYLED_ITEM('',(#25),#1596);
#1596=FACE_SURFACE('',(#1601),#1597,.T.);
#1597=PLANE('',#1598);
#1598=AXIS2_PLACEMENT_3D('',#141,#1599,#1600);
#1599=DIRECTION('',(0.05145839889759038,0.06958576823606549,-0.9962478878481466));
#1600=DIRECTION('',(-0.0001307422820483501,0.9975699897012064,0.06967136107462422));
#1601=FACE_BOUND('',#1602,.T.);
#1602=EDGE_LOOP('',(#1603,#1604,#1605));
#1603=ORIENTED_EDGE('',*,*,#1606,.T.);
#1604=ORIENTED_EDGE('',*,*,#1607,.T.);
#1605=ORIENTED_EDGE('',*,*,#1608,.T.);
#1606=EDGE_CURVE('',#142,#144,#1609,.F.);
#1607=EDGE_CURVE('',#144,#146,#1610,.T.);
#1608=EDGE_CURVE('',#146,#142,#1611,.T.);
#1609=LINE('',#141,#1612);
#1610=LINE('',#143,#1613);
#1611=LINE('',#145,#1614);
#1612=VECTOR('',#1615,1.0);
#1613=VECTOR('',#1616,1.0);
#1614=VECTOR('',#1617,1.0);
#1615=DIRECTION('',(-0.0001307422820483501,0.9975699897012064,0.06967136107462422));
#1616=DIRECTION('',(0.1310671459627115,-0.9894116089262183,-0.06233836195491225));
#1617=DIRECTION('',(-0.9986751312149778,0.0034612590928506607,-0.0513420098772848));
#1618=STYLED_ITEM('',(#25),#1619);
#1619=FACE_SURFACE('',(#1624),#1620,.T.);
#1620=PLANE('',#1621);
#1621=AXIS2_PLACEMENT_3D('',#145,#1622,#1623);
#1622=DIRECTION('',(0.05145839889759038,0.06958576823606549,-0.9962478878481466));
#1623=DIRECTION('',(-0.1310671459627115,0.9894116089262183,0.06233836195491225));
#1624=FACE_BOUND('',#1625,.T.);
#1625=EDGE_LOOP('',(#1626,#1627,#1628));
#1626=ORIENTED_EDGE('',*,*,#1629,.T.);
#1627=ORIENTED_EDGE('',*,*,#1630,.T.);
#1628=ORIENTED_EDGE('',*,*,#1631,.T.);
#1629=EDGE_CURVE('',#146,#144,#1632,.F.);
#1630=EDGE_CURVE('',#144,#148,#1633,.T.);
#1631=EDGE_CURVE('',#148,#146,#1634,.T.);
#1632=LINE('',#145,#1635);
#1633=LINE('',#143,#1636);
#1634=LINE('',#147,#1637);
#1635=VECTOR('',#1638,1.0);
#1636=VECTOR('',#1639,1.0);
#1637=VECTOR('',#1640,1.0);
#1638=DIRECTION('',(-0.1310671459627115,0.9894116089262183,0.06233836195491225));
#1639=DIRECTION('',(0.9986751312149778,-0.0034612590928506607,0.0513420098772848));
#1640=DIRECTION('',(0.0001307422820483501,-0.9975699897012064,-0.06967136107462422));
#1641=STYLED_ITEM('',(#25),#1642);
#1642=FACE_SURFACE('',(#1647),#1643,.T.);
#1643=PLANE('',#1644);
#1644=AXIS2_PLACEMENT_3D('',#145,#1645,#1646);
#1645=DIRECTION('',(0.11737955953164891,0.0692050414679895,-0.9906728527821734));
#1646=DIRECTION('',(-0.0001307422820483501,0.9975699897012064,0.06967136107462422));
#1647=FACE_BOUND('',#1648,.T.);
#1648=EDGE_LOOP('',(#1649,#1650,#1651));
#1649=ORIENTED_EDGE('',*,*,#1652,.T.);
#1650=ORIENTED_EDGE('',*,*,#1653,.T.);
#1651=ORIENTED_EDGE('',*,*,#1654,.T.);
#1652=EDGE_CURVE('',#146,#148,#1655,.F.);
#1653=EDGE_CURVE('',#148,#150,#1656,.T.);
#1654=EDGE_CURVE('',#150,#146,#1657,.T.);
#1655=LINE('',#145,#1658);
#1656=LINE('',#147,#1659);
#1657=LINE('',#149,#1660);
#1658=VECTOR('',#1661,1.0);
#1659=VECTOR('',#1662,1.0);
#1660=VECTOR('',#1663,1.0);
#1661=DIRECTION('',(-0.0001307422820483501,0.9975699897012064,0.06967136107462422));
#1662=DIRECTION('',(0.13033562216536665,-0.9900137337503192,-0.05371622269406895));
#1663=DIRECTION('',(-0.9930871126115602,0.008018551446299616,-0.11710546356826058));
#1664=STYLED_ITEM('',(#25),#1665);
#1665=FACE_SURFACE('',(#1670),#1666,.T.);
#1666=PLANE('',#1667);
#1667=AXIS2_PLACEMENT_3D('',#149,#1668,#1669);
#1668=DIRECTION('',(0.11732677009730254,0.06919845597437811,-0.9906795661107061));
#1669=DIRECTION('',(-0.13033562216536665,0.9900137337503192,0.05371622269406895));
#1670=FACE_BOUND('',#1671,.T.);
#1671=EDGE_LOOP('',(#1672,#1673,#1674));
#1672=ORIENTED_EDGE('',*,*,#1675,.T.);
#1673=ORIENTED_EDGE('',*,*,#1676,.T.);
#1674=ORIENTED_EDGE('',*,*,#1677,.T.);
#1675=EDGE_CURVE('',#150,#148,#1678,.F.);
#1676=EDGE_CURVE('',#148,#152,#1679,.T.);
#1677=EDGE_CURVE('',#152,#150,#1680,.T.);
#1678=LINE('',#149,#1681);
#1679=LINE('',#147,#1682);
#1680=LINE('',#151,#1683);
#1681=VECTOR('',#1684,1.0);
#1682=VECTOR('',#1685,1.0);
#1683=VECTOR('',#1686,1.0);
#1684=DIRECTION('',(-0.13033562216536665,0.9900137337503192,0.05371622269406895));
#1685=DIRECTION('',(0.9930933588058208,-0.008076289663686769,0.1170485123401461));
#1686=DIRECTION('',(0.0001307433466062733,-0.99757048290298,-0.0696642989406523));
#1687=STYLED_ITEM('',(#25),#1688);
#1688=FACE_SURFACE('',(#1693),#1689,.T.);
#1689=PLANE('',#1690);
#1690=AXIS2_PLACEMENT_3D('',#149,#1691,#1692);
#1691=DIRECTION('',(0.18267433498930002,0.0685159170582021,-0.9807831852381498));
#1692=DIRECTION('',(-0.0001307433466062733,0.99757048290298,0.0696642989406523));
#1693=FACE_BOUND('',#1694,.T.);
#1694=EDGE_LOOP('',(#1695,#1696,#1697));
#1695=ORIENTED_EDGE('',*,*,#1698,.T.);
#1696=ORIENTED_EDGE('',*,*,#1699,.T.);
#1697=ORIENTED_EDGE('',*,*,#1700,.T.);
#1698=EDGE_CURVE('',#150,#152,#1701,.F.);
#1699=EDGE_CURVE('',#152,#154,#1702,.T.);
#1700=EDGE_CURVE('',#154,#150,#1703,.T.);
#1701=LINE('',#149,#1704);
#1702=LINE('',#151,#1705);
#1703=LINE('',#153,#1706);
#1704=VECTOR('',#1707,1.0);
#1705=VECTOR('',#1708,1.0);
#1706=VECTOR('',#1709,1.0);
#1707=DIRECTION('',(-0.0001307433466062733,0.99757048290298,0.0696642989406523));
#1708=DIRECTION('',(0.12903407426914779,-0.9906108882400619,-0.045169411970265784));
#1709=DIRECTION('',(-0.9831734731333194,0.012633711655999016,-0.182236964024205));
#1710=STYLED_ITEM('',(#25),#1711);
#1711=FACE_SURFACE('',(#1716),#1712,.T.);
#1712=PLANE('',#1713);
#1713=AXIS2_PLACEMENT_3D('',#153,#1714,#1715);
#1714=DIRECTION('',(0.18272607465048915,0.0685221970359443,-0.9807731083977533));
#1715=DIRECTION('',(-0.12903407426914779,0.9906108882400619,0.045169411970265784));
#1716=FACE_BOUND('',#1717,.T.);
#1717=EDGE_LOOP('',(#1718,#1719,#1720));
#1718=ORIENTED_EDGE('',*,*,#1721,.T.);
#1719=ORIENTED_EDGE('',*,*,#1722,.T.);
#1720=ORIENTED_EDGE('',*,*,#1723,.T.);
#1721=EDGE_CURVE('',#154,#152,#1724,.F.);
#1722=EDGE_CURVE('',#152,#156,#1725,.T.);
#1723=EDGE_CURVE('',#156,#154,#1726,.T.);
#1724=LINE('',#153,#1727);
#1725=LINE('',#151,#1728);
#1726=LINE('',#155,#1729);
#1727=VECTOR('',#1730,1.0);
#1728=VECTOR('',#1731,1.0);
#1729=VECTOR('',#1732,1.0);
#1730=DIRECTION('',(-0.12903407426914779,0.9906108882400619,0.045169411970265784));
#1731=DIRECTION('',(0.9831638505320015,-0.012575900389765651,0.18229286803513514));
#1732=DIRECTION('',(0.0001307422820483501,-0.9975699897012064,-0.06967136107462422));
#1733=STYLED_ITEM('',(#25),#1734);
#1734=FACE_SURFACE('',(#1739),#1735,.T.);
#1735=PLANE('',#1736);
#1736=AXIS2_PLACEMENT_3D('',#153,#1737,#1738);
#1737=DIRECTION('',(0.2473190300537861,0.06753921481836479,-0.9665773387758338));
#1738=DIRECTION('',(-0.0001307422820483501,0.9975699897012064,0.06967136107462422));
#1739=FACE_BOUND('',#1740,.T.);
#1740=EDGE_LOOP('',(#1741,#1742,#1743));
#1741=ORIENTED_EDGE('',*,*,#1744,.T.);
#1742=ORIENTED_EDGE('',*,*,#1745,.T.);
#1743=ORIENTED_EDGE('',*,*,#1746,.T.);
#1744=EDGE_CURVE('',#154,#156,#1747,.F.);
#1745=EDGE_CURVE('',#156,#158,#1748,.T.);
#1746=EDGE_CURVE('',#158,#154,#1749,.T.);
#1747=LINE('',#153,#1750);
#1748=LINE('',#155,#1751);
#1749=LINE('',#157,#1752);
#1750=VECTOR('',#1753,1.0);
#1751=VECTOR('',#1754,1.0);
#1752=VECTOR('',#1755,1.0);
#1753=DIRECTION('',(-0.0001307422820483501,0.9975699897012064,0.06967136107462422));
#1754=DIRECTION('',(0.1271689438341081,-0.9912011052599149,-0.036720956627522984));
#1755=DIRECTION('',(-0.9689340906655246,0.017075463697293417,-0.2467289129504187));
#1756=STYLED_ITEM('',(#25),#1757);
#1757=FACE_SURFACE('',(#1762),#1758,.T.);
#1758=PLANE('',#1759);
#1759=AXIS2_PLACEMENT_3D('',#157,#1760,#1761);
#1760=DIRECTION('',(0.24726877775621814,0.06753325927546425,-0.9665906116027503));
#1761=DIRECTION('',(-0.1271689438341081,0.9912011052599149,0.036720956627522984));
#1762=FACE_BOUND('',#1763,.T.);
#1763=EDGE_LOOP('',(#1764,#1765,#1766));
#1764=ORIENTED_EDGE('',*,*,#1767,.T.);
#1765=ORIENTED_EDGE('',*,*,#1768,.T.);
#1766=ORIENTED_EDGE('',*,*,#1769,.T.);
#1767=EDGE_CURVE('',#158,#156,#1770,.F.);
#1768=EDGE_CURVE('',#156,#160,#1771,.T.);
#1769=EDGE_CURVE('',#160,#158,#1772,.T.);
#1770=LINE('',#157,#1773);
#1771=LINE('',#155,#1774);
#1772=LINE('',#159,#1775);
#1773=VECTOR('',#1776,1.0);
#1774=VECTOR('',#1777,1.0);
#1775=VECTOR('',#1778,1.0);
#1776=DIRECTION('',(-0.1271689438341081,0.9912011052599149,0.036720956627522984));
#1777=DIRECTION('',(0.9689469242367941,-0.017133378003928956,0.2466744927434351));
#1778=DIRECTION('',(0.0001307433466062733,-0.99757048290298,-0.0696642989406523));
#1779=STYLED_ITEM('',(#25),#1780);
#1780=FACE_SURFACE('',(#1785),#1781,.T.);
#1781=PLANE('',#1782);
#1782=AXIS2_PLACEMENT_3D('',#157,#1783,#1784);
#1783=DIRECTION('',(0.31081499843524796,0.06625439488362227,-0.9481584213127582));
#1784=DIRECTION('',(-0.0001307433466062733,0.99757048290298,0.0696642989406523));
#1785=FACE_BOUND('',#1786,.T.);
#1786=EDGE_LOOP('',(#1787,#1788,#1789));
#1787=ORIENTED_EDGE('',*,*,#1790,.T.);
#1788=ORIENTED_EDGE('',*,*,#1791,.T.);
#1789=ORIENTED_EDGE('',*,*,#1792,.T.);
#1790=EDGE_CURVE('',#158,#160,#1793,.F.);
#1791=EDGE_CURVE('',#160,#162,#1794,.T.);
#1792=EDGE_CURVE('',#162,#158,#1795,.T.);
#1793=LINE('',#157,#1796);
#1794=LINE('',#159,#1797);
#1795=LINE('',#161,#1798);
#1796=VECTOR('',#1799,1.0);
#1797=VECTOR('',#1800,1.0);
#1798=VECTOR('',#1801,1.0);
#1799=DIRECTION('',(-0.0001307433466062733,0.99757048290298,0.0696642989406523));
#1800=DIRECTION('',(0.12474896447295516,-0.9917815466626683,-0.028408793750018927));
#1801=DIRECTION('',(-0.9504704186362375,0.021517368952494592,-0.3100693247175829));
#1802=STYLED_ITEM('',(#25),#1803);
#1803=FACE_SURFACE('',(#1808),#1804,.T.);
#1804=PLANE('',#1805);
#1805=AXIS2_PLACEMENT_3D('',#161,#1806,#1807);
#1806=DIRECTION('',(0.31081493186620723,0.06625438715093789,-0.948158443675032));
#1807=DIRECTION('',(-0.12474896447295516,0.9917815466626683,0.028408793750018927));
#1808=FACE_BOUND('',#1809,.T.);
#1809=EDGE_LOOP('',(#1810,#1811,#1812));
#1810=ORIENTED_EDGE('',*,*,#1813,.T.);
#1811=ORIENTED_EDGE('',*,*,#1814,.T.);
#1812=ORIENTED_EDGE('',*,*,#1815,.T.);
#1813=EDGE_CURVE('',#162,#160,#1816,.F.);
#1814=EDGE_CURVE('',#160,#164,#1817,.T.);
#1815=EDGE_CURVE('',#164,#162,#1818,.T.);
#1816=LINE('',#161,#1819);
#1817=LINE('',#159,#1820);
#1818=LINE('',#163,#1821);
#1819=VECTOR('',#1822,1.0);
#1820=VECTOR('',#1823,1.0);
#1821=VECTOR('',#1824,1.0);
#1822=DIRECTION('',(-0.12474896447295516,0.9917815466626683,0.028408793750018927));
#1823=DIRECTION('',(0.9504704404055269,-0.021517364343904805,0.3100692583069392));
#1824=DIRECTION('',(0.00013071354415713444,-0.9975704829068666,-0.06966429894092371));
#1825=STYLED_ITEM('',(#25),#1826);
#1826=FACE_SURFACE('',(#1831),#1827,.T.);
#1827=PLANE('',#1828);
#1828=AXIS2_PLACEMENT_3D('',#161,#1829,#1830);
#1829=DIRECTION('',(0.3729292763726375,0.06468732940893322,-0.9256021306361178));
#1830=DIRECTION('',(-0.00013071354415713444,0.9975704829068666,0.06966429894092371));
#1831=FACE_BOUND('',#1832,.T.);
#1832=EDGE_LOOP('',(#1833,#1834,#1835));
#1833=ORIENTED_EDGE('',*,*,#1836,.T.);
#1834=ORIENTED_EDGE('',*,*,#1837,.T.);
#1835=ORIENTED_EDGE('',*,*,#1838,.T.);
#1836=EDGE_CURVE('',#162,#164,#1839,.F.);
#1837=EDGE_CURVE('',#164,#166,#1840,.T.);
#1838=EDGE_CURVE('',#166,#162,#1841,.T.);
#1839=LINE('',#161,#1842);
#1840=LINE('',#163,#1843);
#1841=LINE('',#165,#1844);
#1842=VECTOR('',#1845,1.0);
#1843=VECTOR('',#1846,1.0);
#1844=VECTOR('',#1847,1.0);
#1845=DIRECTION('',(-0.00013071354415713444,0.9975704829068666,0.06966429894092371));
#1846=DIRECTION('',(0.12178248914957134,-0.9923494994332575,-0.02028537185012421));
#1847=DIRECTION('',(-0.9278597666606127,0.025901827161783204,-0.37202869346623585));
#1848=STYLED_ITEM('',(#25),#1849);
#1849=FACE_SURFACE('',(#1854),#1850,.T.);
#1850=PLANE('',#1851);
#1851=AXIS2_PLACEMENT_3D('',#165,#1852,#1853);
#1852=DIRECTION('',(0.37292581396912744,0.06468693357998771,-0.9256035533096671));
#1853=DIRECTION('',(-0.12178248914957134,0.9923494994332575,0.02028537185012421));
#1854=FACE_BOUND('',#1855,.T.);
#1855=EDGE_LOOP('',(#1856,#1857,#1858));
#1856=ORIENTED_EDGE('',*,*,#1859,.T.);
#1857=ORIENTED_EDGE('',*,*,#1860,.T.);
#1858=ORIENTED_EDGE('',*,*,#1861,.T.);
#1859=EDGE_CURVE('',#166,#164,#1862,.F.);
#1860=EDGE_CURVE('',#164,#168,#1863,.T.);
#1861=EDGE_CURVE('',#168,#166,#1864,.T.);
#1862=LINE('',#165,#1865);
#1863=LINE('',#163,#1866);
#1864=LINE('',#167,#1867);
#1865=VECTOR('',#1868,1.0);
#1866=VECTOR('',#1869,1.0);
#1867=VECTOR('',#1870,1.0);
#1868=DIRECTION('',(-0.12178248914957134,0.9923494994332575,0.02028537185012421));
#1869=DIRECTION('',(0.9278611515461611,-0.025844177924638116,0.3720292487410518));
#1870=DIRECTION('',(0.00013071254931811335,-0.9975705199330579,-0.06966376873754342));
#1871=STYLED_ITEM('',(#25),#1872);
#1872=FACE_SURFACE('',(#1877),#1873,.T.);
#1873=PLANE('',#1874);
#1874=AXIS2_PLACEMENT_3D('',#165,#1875,#1876);
#1875=DIRECTION('',(0.4334179736251402,0.0628370181094597,-0.8989996492178342));
#1876=DIRECTION('',(-0.00013071254931811335,0.9975705199330579,0.06966376873754342));
#1877=FACE_BOUND('',#1878,.T.);
#1878=EDGE_LOOP('',(#1879,#1880,#1881));
#1879=ORIENTED_EDGE('',*,*,#1882,.T.);
#1880=ORIENTED_EDGE('',*,*,#1883,.T.);
#1881=ORIENTED_EDGE('',*,*,#1884,.T.);
#1882=EDGE_CURVE('',#166,#168,#1885,.F.);
#1883=EDGE_CURVE('',#168,#170,#1886,.T.);
#1884=EDGE_CURVE('',#170,#166,#1887,.T.);
#1885=LINE('',#165,#1888);
#1886=LINE('',#167,#1889);
#1887=LINE('',#169,#1890);
#1888=VECTOR('',#1891,1.0);
#1889=VECTOR('',#1892,1.0);
#1890=VECTOR('',#1893,1.0);
#1891=DIRECTION('',(-0.00013071254931811335,0.9975705199330579,0.06966376873754342));
#1892=DIRECTION('',(0.11828506227375081,-0.9929025781610269,-0.012373937290965073));
#1893=DIRECTION('',(-0.9011930081324727,0.030055661296380116,-0.43237462843832813));
#1894=STYLED_ITEM('',(#25),#1895);
#1895=FACE_SURFACE('',(#1900),#1896,.T.);
#1896=PLANE('',#1897);
#1897=AXIS2_PLACEMENT_3D('',#169,#1898,#1899);
#1898=DIRECTION('',(0.4334647083644304,0.0628423002316206,-0.8989767471431828));
#1899=DIRECTION('',(-0.11828506227375081,0.9929025781610269,0.012373937290965073));
#1900=FACE_BOUND('',#1901,.T.);
#1901=EDGE_LOOP('',(#1902,#1903,#1904));
#1902=ORIENTED_EDGE('',*,*,#1905,.T.);
#1903=ORIENTED_EDGE('',*,*,#1906,.T.);
#1904=ORIENTED_EDGE('',*,*,#1907,.T.);
#1905=EDGE_CURVE('',#170,#168,#1908,.F.);
#1906=EDGE_CURVE('',#168,#172,#1909,.T.);
#1907=EDGE_CURVE('',#172,#170,#1910,.T.);
#1908=LINE('',#169,#1911);
#1909=LINE('',#167,#1912);
#1910=LINE('',#171,#1913);
#1911=VECTOR('',#1914,1.0);
#1912=VECTOR('',#1915,1.0);
#1913=VECTOR('',#1916,1.0);
#1914=DIRECTION('',(-0.11828506227375081,0.9929025781610269,0.012373937290965073));
#1915=DIRECTION('',(0.9011705290126786,-0.0300549115959223,0.4324215303705059));
#1916=DIRECTION('',(0.0001307124798418732,-0.9975699897050929,-0.06967136107489566));
#1917=STYLED_ITEM('',(#25),#1918);
#1918=FACE_SURFACE('',(#1923),#1919,.T.);
#1919=PLANE('',#1920);
#1920=AXIS2_PLACEMENT_3D('',#169,#1921,#1922);
#1921=DIRECTION('',(0.49205169182753977,0.06071767837253448,-0.868446023712876));
#1922=DIRECTION('',(-0.0001307124798418732,0.9975699897050929,0.06967136107489566));
#1923=FACE_BOUND('',#1924,.T.);
#1924=EDGE_LOOP('',(#1925,#1926,#1927));
#1925=ORIENTED_EDGE('',*,*,#1928,.T.);
#1926=ORIENTED_EDGE('',*,*,#1929,.T.);
#1927=ORIENTED_EDGE('',*,*,#1930,.T.);
#1928=EDGE_CURVE('',#170,#172,#1931,.F.);
#1929=EDGE_CURVE('',#172,#174,#1932,.T.);
#1930=EDGE_CURVE('',#174,#170,#1933,.T.);
#1931=LINE('',#169,#1934);
#1932=LINE('',#171,#1935);
#1933=LINE('',#173,#1936);
#1934=VECTOR('',#1937,1.0);
#1935=VECTOR('',#1938,1.0);
#1936=VECTOR('',#1939,1.0);
#1937=DIRECTION('',(-0.0001307124798418732,0.9975699897050929,0.06967136107489566));
#1938=DIRECTION('',(0.11427070795065952,-0.9934384740164148,-0.004712074743899521));
#1939=DIRECTION('',(-0.8705659718390826,0.03415115335820933,-0.490865141765208));
#1940=STYLED_ITEM('',(#25),#1941);
#1941=FACE_SURFACE('',(#1946),#1942,.T.);
#1942=PLANE('',#1943);
#1943=AXIS2_PLACEMENT_3D('',#173,#1944,#1945);
#1944=DIRECTION('',(0.4920547410766804,0.060718020805517824,-0.8684442720943133));
#1945=DIRECTION('',(-0.11427070795065952,0.9934384740164148,0.004712074743899521));
#1946=FACE_BOUND('',#1947,.T.);
#1947=EDGE_LOOP('',(#1948,#1949,#1950));
#1948=ORIENTED_EDGE('',*,*,#1951,.T.);
#1949=ORIENTED_EDGE('',*,*,#1952,.T.);
#1950=ORIENTED_EDGE('',*,*,#1953,.T.);
#1951=EDGE_CURVE('',#174,#172,#1954,.F.);
#1952=EDGE_CURVE('',#172,#176,#1955,.T.);
#1953=EDGE_CURVE('',#176,#174,#1956,.T.);
#1954=LINE('',#173,#1957);
#1955=LINE('',#171,#1958);
#1956=LINE('',#175,#1959);
#1957=VECTOR('',#1960,1.0);
#1958=VECTOR('',#1961,1.0);
#1959=VECTOR('',#1962,1.0);
#1960=DIRECTION('',(-0.11427070795065952,0.9934384740164148,0.004712074743899521));
#1961=DIRECTION('',(0.8705642552905174,-0.0342087736655806,0.49086417389616416));
#1962=DIRECTION('',(0.00013071347467930793,-0.9975699526708502,-0.06967189133549673));
#1963=STYLED_ITEM('',(#25),#1964);
#1964=FACE_SURFACE('',(#1969),#1965,.T.);
#1965=PLANE('',#1966);
#1966=AXIS2_PLACEMENT_3D('',#173,#1967,#1968);
#1967=DIRECTION('',(0.5485406949804733,0.058325858285496655,-0.83408704594041));
#1968=DIRECTION('',(-0.00013071347467930793,0.9975699526708502,0.06967189133549673));
#1969=FACE_BOUND('',#1970,.T.);
#1970=EDGE_LOOP('',(#1971,#1972,#1973));
#1971=ORIENTED_EDGE('',*,*,#1974,.T.);
#1972=ORIENTED_EDGE('',*,*,#1975,.T.);
#1973=ORIENTED_EDGE('',*,*,#1976,.T.);
#1974=EDGE_CURVE('',#174,#176,#1977,.F.);
#1975=EDGE_CURVE('',#176,#178,#1978,.T.);
#1976=EDGE_CURVE('',#178,#174,#1979,.T.);
#1977=LINE('',#173,#1980);
#1978=LINE('',#175,#1981);
#1979=LINE('',#177,#1982);
#1980=VECTOR('',#1983,1.0);
#1981=VECTOR('',#1984,1.0);
#1982=VECTOR('',#1985,1.0);
#1983=DIRECTION('',(-0.00013071347467930793,0.9975699526708502,0.06967189133549673));
#1984=DIRECTION('',(0.10975763077365133,-0.9939547743842497,0.002677492429513023));
#1985=DIRECTION('',(-0.8361238504721492,0.038130753476450625,-0.5472138085894261));
#1986=STYLED_ITEM('',(#25),#1987);
#1987=FACE_SURFACE('',(#1992),#1988,.T.);
#1988=PLANE('',#1989);
#1989=AXIS2_PLACEMENT_3D('',#177,#1990,#1991);
#1990=DIRECTION('',(0.5484978567736388,0.05832105107673308,-0.8341155532155181));
#1991=DIRECTION('',(-0.10975763077365133,0.9939547743842497,-0.002677492429513023));
#1992=FACE_BOUND('',#1993,.T.);
#1993=EDGE_LOOP('',(#1994,#1995,#1996));
#1994=ORIENTED_EDGE('',*,*,#1997,.T.);
#1995=ORIENTED_EDGE('',*,*,#1998,.T.);
#1996=ORIENTED_EDGE('',*,*,#1999,.T.);
#1997=EDGE_CURVE('',#178,#176,#2000,.F.);
#1998=EDGE_CURVE('',#176,#180,#2001,.T.);
#1999=EDGE_CURVE('',#180,#178,#2002,.T.);
#2000=LINE('',#177,#2003);
#2001=LINE('',#175,#2004);
#2002=LINE('',#179,#2005);
#2003=VECTOR('',#2006,1.0);
#2004=VECTOR('',#2007,1.0);
#2005=VECTOR('',#2008,1.0);
#2006=DIRECTION('',(-0.10975763077365133,0.9939547743842497,-0.002677492429513023));
#2007=DIRECTION('',(0.8361519464707579,-0.03807436689050667,0.5471748029643269));
#2008=DIRECTION('',(0.00013077215376274776,-0.997570519925284,-0.06966376873700053));
#2009=STYLED_ITEM('',(#25),#2010);
#2010=FACE_SURFACE('',(#2015),#2011,.T.);
#2011=PLANE('',#2012);
#2012=AXIS2_PLACEMENT_3D('',#177,#2013,#2014);
#2013=DIRECTION('',(0.602567732492119,0.05567501476306907,-0.7961233701446266));
#2014=DIRECTION('',(-0.00013077215376274776,0.997570519925284,0.06966376873700053));
#2015=FACE_BOUND('',#2016,.T.);
#2016=EDGE_LOOP('',(#2017,#2018,#2019));
#2017=ORIENTED_EDGE('',*,*,#2020,.T.);
#2018=ORIENTED_EDGE('',*,*,#2021,.T.);
#2019=ORIENTED_EDGE('',*,*,#2022,.T.);
#2020=EDGE_CURVE('',#178,#180,#2023,.F.);
#2021=EDGE_CURVE('',#180,#182,#2024,.T.);
#2022=EDGE_CURVE('',#182,#178,#2025,.T.);
#2023=LINE('',#177,#2026);
#2024=LINE('',#179,#2027);
#2025=LINE('',#181,#2028);
#2026=VECTOR('',#2029,1.0);
#2027=VECTOR('',#2030,1.0);
#2028=VECTOR('',#2031,1.0);
#2029=DIRECTION('',(-0.00013077215376274776,0.997570519925284,0.06966376873700053));
#2030=DIRECTION('',(0.10476443333326346,-0.9944492765329985,0.009749354407142037));
#2031=DIRECTION('',(-0.7980677367262422,0.04188159451092926,-0.6011104887105824));
#2032=STYLED_ITEM('',(#25),#2033);
#2033=FACE_SURFACE('',(#2038),#2034,.T.);
#2034=PLANE('',#2035);
#2035=AXIS2_PLACEMENT_3D('',#181,#2036,#2037);
#2036=DIRECTION('',(0.602567732492119,0.05567501476306907,-0.7961233701446266));
#2037=DIRECTION('',(-0.10476443333326346,0.9944492765329985,-0.009749354407142037));
#2038=FACE_BOUND('',#2039,.T.);
#2039=EDGE_LOOP('',(#2040,#2041,#2042));
#2040=ORIENTED_EDGE('',*,*,#2043,.T.);
#2041=ORIENTED_EDGE('',*,*,#2044,.T.);
#2042=ORIENTED_EDGE('',*,*,#2045,.T.);
#2043=EDGE_CURVE('',#182,#180,#2046,.F.);
#2044=EDGE_CURVE('',#180,#184,#2047,.T.);
#2045=EDGE_CURVE('',#184,#182,#2048,.T.);
#2046=LINE('',#181,#2049);
#2047=LINE('',#179,#2050);
#2048=LINE('',#183,#2051);
#2049=VECTOR('',#2052,1.0);
#2050=VECTOR('',#2053,1.0);
#2051=VECTOR('',#2054,1.0);
#2052=DIRECTION('',(-0.10476443333326346,0.9944492765329985,-0.009749354407142037));
#2053=DIRECTION('',(0.7980677367262422,-0.04188159451092926,0.6011104887105824));
#2054=DIRECTION('',(0.00013077215376274776,-0.997570519925284,-0.06966376873700053));
#2055=STYLED_ITEM('',(#25),#2056);
#2056=FACE_SURFACE('',(#2061),#2057,.T.);
#2057=PLANE('',#2058);
#2058=AXIS2_PLACEMENT_3D('',#181,#2059,#2060);
#2059=DIRECTION('',(0.6540180835130933,0.05278449176002923,-0.7546351064372079));
#2060=DIRECTION('',(-0.00013077215376274776,0.997570519925284,0.06966376873700053));
#2061=FACE_BOUND('',#2062,.T.);
#2062=EDGE_LOOP('',(#2063,#2064,#2065));
#2063=ORIENTED_EDGE('',*,*,#2066,.T.);
#2064=ORIENTED_EDGE('',*,*,#2067,.T.);
#2065=ORIENTED_EDGE('',*,*,#2068,.T.);
#2066=EDGE_CURVE('',#182,#184,#2069,.F.);
#2067=EDGE_CURVE('',#184,#186,#2070,.T.);
#2068=EDGE_CURVE('',#186,#182,#2071,.T.);
#2069=LINE('',#181,#2072);
#2070=LINE('',#183,#2073);
#2071=LINE('',#185,#2074);
#2072=VECTOR('',#2075,1.0);
#2073=VECTOR('',#2076,1.0);
#2074=VECTOR('',#2077,1.0);
#2075=DIRECTION('',(-0.00013077215376274776,0.997570519925284,0.06966376873700053));
#2076=DIRECTION('',(0.09931436064070318,-0.9949196137796628,0.016480894607242443));
#2077=DIRECTION('',(-0.7564789013675545,0.04545711083546337,-0.6524364512044298));
#2078=STYLED_ITEM('',(#25),#2079);
#2079=FACE_SURFACE('',(#2084),#2080,.T.);
#2080=PLANE('',#2081);
#2081=AXIS2_PLACEMENT_3D('',#185,#2082,#2083);
#2082=DIRECTION('',(0.6540180835130933,0.05278449176002923,-0.7546351064372079));
#2083=DIRECTION('',(-0.09931436064070318,0.9949196137796628,-0.016480894607242443));
#2084=FACE_BOUND('',#2085,.T.);
#2085=EDGE_LOOP('',(#2086,#2087,#2088));
#2086=ORIENTED_EDGE('',*,*,#2089,.T.);
#2087=ORIENTED_EDGE('',*,*,#2090,.T.);
#2088=ORIENTED_EDGE('',*,*,#2091,.T.);
#2089=EDGE_CURVE('',#186,#184,#2092,.F.);
#2090=EDGE_CURVE('',#184,#188,#2093,.T.);
#2091=EDGE_CURVE('',#188,#186,#2094,.T.);
#2092=LINE('',#185,#2095);
#2093=LINE('',#183,#2096);
#2094=LINE('',#187,#2097);
#2095=VECTOR('',#2098,1.0);
#2096=VECTOR('',#2099,1.0);
#2097=VECTOR('',#2100,1.0);
#2098=DIRECTION('',(-0.09931436064070318,0.9949196137796628,-0.016480894607242443));
#2099=DIRECTION('',(0.7564789013675545,-0.04545711083546337,0.6524364512044298));
#2100=DIRECTION('',(0.00013077215376274776,-0.997570519925284,-0.06966376873700053));
#2101=STYLED_ITEM('',(#25),#2102);
#2102=FACE_SURFACE('',(#2107),#2103,.T.);
#2103=PLANE('',#2104);
#2104=AXIS2_PLACEMENT_3D('',#185,#2105,#2106);
#2105=DIRECTION('',(0.7025593356116159,0.04966614314225427,-0.7098898887646858));
#2106=DIRECTION('',(-0.00013077215376274776,0.997570519925284,0.06966376873700053));
#2107=FACE_BOUND('',#2108,.T.);
#2108=EDGE_LOOP('',(#2109,#2110,#2111));
#2109=ORIENTED_EDGE('',*,*,#2112,.T.);
#2110=ORIENTED_EDGE('',*,*,#2113,.T.);
#2111=ORIENTED_EDGE('',*,*,#2114,.T.);
#2112=EDGE_CURVE('',#186,#188,#2115,.F.);
#2113=EDGE_CURVE('',#188,#190,#2116,.T.);
#2114=EDGE_CURVE('',#190,#186,#2117,.T.);
#2115=LINE('',#185,#2118);
#2116=LINE('',#187,#2119);
#2117=LINE('',#189,#2120);
#2118=VECTOR('',#2121,1.0);
#2119=VECTOR('',#2122,1.0);
#2120=VECTOR('',#2123,1.0);
#2121=DIRECTION('',(-0.00013077215376274776,0.997570519925284,0.06966376873700053));
#2122=DIRECTION('',(0.0934302569071575,-0.9953641200631504,0.02282664200386462));
#2123=DIRECTION('',(-0.7116251576684899,0.04886219750303491,-0.7008581315990213));
#2124=STYLED_ITEM('',(#25),#2125);
#2125=FACE_SURFACE('',(#2130),#2126,.T.);
#2126=PLANE('',#2127);
#2127=AXIS2_PLACEMENT_3D('',#189,#2128,#2129);
#2128=DIRECTION('',(0.7025593356116159,0.04966614314225427,-0.7098898887646858));
#2129=DIRECTION('',(-0.0934302569071575,0.9953641200631504,-0.02282664200386462));
#2130=FACE_BOUND('',#2131,.T.);
#2131=EDGE_LOOP('',(#2132,#2133,#2134));
#2132=ORIENTED_EDGE('',*,*,#2135,.T.);
#2133=ORIENTED_EDGE('',*,*,#2136,.T.);
#2134=ORIENTED_EDGE('',*,*,#2137,.T.);
#2135=EDGE_CURVE('',#190,#188,#2138,.F.);
#2136=EDGE_CURVE('',#188,#192,#2139,.T.);
#2137=EDGE_CURVE('',#192,#190,#2140,.T.);
#2138=LINE('',#189,#2141);
#2139=LINE('',#187,#2142);
#2140=LINE('',#191,#2143);
#2141=VECTOR('',#2144,1.0);
#2142=VECTOR('',#2145,1.0);
#2143=VECTOR('',#2146,1.0);
#2144=DIRECTION('',(-0.0934302569071575,0.9953641200631504,-0.02282664200386462));
#2145=DIRECTION('',(0.7116251576684899,-0.04886219750303491,0.7008581315990213));
#2146=DIRECTION('',(0.00013077215376274776,-0.997570519925284,-0.06966376873700053));
#2147=STYLED_ITEM('',(#25),#2148);
#2148=FACE_SURFACE('',(#2153),#2149,.T.);
#2149=PLANE('',#2150);
#2150=AXIS2_PLACEMENT_3D('',#189,#2151,#2152);
#2151=DIRECTION('',(0.7480608604510086,0.04632856364252367,-0.6620110371074769));
#2152=DIRECTION('',(-0.00013077215376274776,0.997570519925284,0.06966376873700053));
#2153=FACE_BOUND('',#2154,.T.);
#2154=EDGE_LOOP('',(#2155,#2156,#2157));
#2155=ORIENTED_EDGE('',*,*,#2158,.T.);
#2156=ORIENTED_EDGE('',*,*,#2159,.T.);
#2157=ORIENTED_EDGE('',*,*,#2160,.T.);
#2158=EDGE_CURVE('',#190,#192,#2161,.F.);
#2159=EDGE_CURVE('',#192,#194,#2162,.T.);
#2160=EDGE_CURVE('',#194,#190,#2163,.T.);
#2161=LINE('',#189,#2164);
#2162=LINE('',#191,#2165);
#2163=LINE('',#193,#2166);
#2164=VECTOR('',#2167,1.0);
#2165=VECTOR('',#2168,1.0);
#2166=VECTOR('',#2169,1.0);
#2167=DIRECTION('',(-0.00013077215376274776,0.997570519925284,0.06966376873700053));
#2168=DIRECTION('',(0.08713905455029024,-0.9957803646582456,0.028779342125438645));
#2169=DIRECTION('',(-0.6636301095687822,0.05197695678205134,-0.7462529555300956));
#2170=STYLED_ITEM('',(#25),#2171);
#2171=FACE_SURFACE('',(#2176),#2172,.T.);
#2172=PLANE('',#2173);
#2173=AXIS2_PLACEMENT_3D('',#193,#2174,#2175);
#2174=DIRECTION('',(0.7480626340203183,0.04632877719780839,-0.6620090180548446));
#2175=DIRECTION('',(-0.08713905455029024,0.9957803646582456,-0.028779342125438645));
#2176=FACE_BOUND('',#2177,.T.);
#2177=EDGE_LOOP('',(#2178,#2179,#2180));
#2178=ORIENTED_EDGE('',*,*,#2181,.T.);
#2179=ORIENTED_EDGE('',*,*,#2182,.T.);
#2180=ORIENTED_EDGE('',*,*,#2183,.T.);
#2181=EDGE_CURVE('',#194,#192,#2184,.F.);
#2182=EDGE_CURVE('',#192,#196,#2185,.T.);
#2183=EDGE_CURVE('',#196,#194,#2186,.T.);
#2184=LINE('',#193,#2187);
#2185=LINE('',#191,#2188);
#2186=LINE('',#195,#2189);
#2187=VECTOR('',#2190,1.0);
#2188=VECTOR('',#2191,1.0);
#2189=VECTOR('',#2192,1.0);
#2190=DIRECTION('',(-0.08713905455029024,0.9957803646582456,-0.028779342125438645));
#2191=DIRECTION('',(0.663628118611356,-0.05203448874919538,0.7462507166957777));
#2192=DIRECTION('',(0.0001307731490554118,-0.9975704828990926,-0.06966429894038083));
#2193=STYLED_ITEM('',(#25),#2194);
#2194=FACE_SURFACE('',(#2199),#2195,.T.);
#2195=PLANE('',#2196);
#2196=AXIS2_PLACEMENT_3D('',#193,#2197,#2198);
#2197=DIRECTION('',(0.7902835465289215,0.04278929051169136,-0.6112454439119984));
#2198=DIRECTION('',(-0.0001307731490554118,0.9975704828990926,0.06966429894038083));
#2199=FACE_BOUND('',#2200,.T.);
#2200=EDGE_LOOP('',(#2201,#2202,#2203));
#2201=ORIENTED_EDGE('',*,*,#2204,.T.);
#2202=ORIENTED_EDGE('',*,*,#2205,.T.);
#2203=ORIENTED_EDGE('',*,*,#2206,.T.);
#2204=EDGE_CURVE('',#194,#196,#2207,.F.);
#2205=EDGE_CURVE('',#196,#198,#2208,.T.);
#2206=EDGE_CURVE('',#198,#194,#2209,.T.);
#2207=LINE('',#193,#2210);
#2208=LINE('',#195,#2211);
#2209=LINE('',#197,#2212);
#2210=VECTOR('',#2213,1.0);
#2211=VECTOR('',#2214,1.0);
#2212=VECTOR('',#2215,1.0);
#2213=DIRECTION('',(-0.0001307731490554118,0.9975704828990926,0.06966429894038083));
#2214=DIRECTION('',(0.08046664482932397,-0.9961669419911062,0.034300769000118955));
#2215=DIRECTION('',(-0.6127412988892301,0.054976995976427585,-0.7883689685350046));
#2216=STYLED_ITEM('',(#25),#2217);
#2217=FACE_SURFACE('',(#2222),#2218,.T.);
#2218=PLANE('',#2219);
#2219=AXIS2_PLACEMENT_3D('',#197,#2220,#2221);
#2220=DIRECTION('',(0.7903051507563672,0.042792003981207645,-0.6112173206669032));
#2221=DIRECTION('',(-0.08046664482932397,0.9961669419911062,-0.034300769000118955));
#2222=FACE_BOUND('',#2223,.T.);
#2223=EDGE_LOOP('',(#2224,#2225,#2226));
#2224=ORIENTED_EDGE('',*,*,#2227,.T.);
#2225=ORIENTED_EDGE('',*,*,#2228,.T.);
#2226=ORIENTED_EDGE('',*,*,#2229,.T.);
#2227=EDGE_CURVE('',#198,#196,#2230,.F.);
#2228=EDGE_CURVE('',#196,#200,#2231,.T.);
#2229=EDGE_CURVE('',#200,#198,#2232,.T.);
#2230=LINE('',#197,#2233);
#2231=LINE('',#195,#2234);
#2232=LINE('',#199,#2235);
#2233=VECTOR('',#2236,1.0);
#2234=VECTOR('',#2237,1.0);
#2235=VECTOR('',#2238,1.0);
#2236=DIRECTION('',(-0.08046664482932397,0.9961669419911062,-0.034300769000118955));
#2237=DIRECTION('',(0.612713432478026,-0.05497449571803237,0.7883908006068713));
#2238=DIRECTION('',(0.00013077307954590365,-0.9975699526630762,-0.06967189133495379));
#2239=STYLED_ITEM('',(#25),#2240);
#2240=FACE_SURFACE('',(#2245),#2241,.T.);
#2241=PLANE('',#2242);
#2242=AXIS2_PLACEMENT_3D('',#197,#2243,#2244);
#2243=DIRECTION('',(0.8290635096316489,0.039065503285066076,-0.5577881169855962));
#2244=DIRECTION('',(-0.00013077307954590365,0.9975699526630762,0.06967189133495379));
#2245=FACE_BOUND('',#2246,.T.);
#2246=EDGE_LOOP('',(#2247,#2248,#2249));
#2247=ORIENTED_EDGE('',*,*,#2250,.T.);
#2248=ORIENTED_EDGE('',*,*,#2251,.T.);
#2249=ORIENTED_EDGE('',*,*,#2252,.T.);
#2250=EDGE_CURVE('',#198,#200,#2253,.F.);
#2251=EDGE_CURVE('',#200,#202,#2254,.T.);
#2252=EDGE_CURVE('',#202,#198,#2255,.T.);
#2253=LINE('',#197,#2256);
#2254=LINE('',#199,#2257);
#2255=LINE('',#201,#2258);
#2256=VECTOR('',#2259,1.0);
#2257=VECTOR('',#2260,1.0);
#2258=VECTOR('',#2261,1.0);
#2259=DIRECTION('',(-0.00013077307954590365,0.9975699526630762,0.06967189133495379));
#2260=DIRECTION('',(0.0734429038093828,-0.9965220887385986,0.03936834434042796));
#2261=DIRECTION('',(-0.5591544325900502,0.057686695208283095,-0.8270541492011547));
#2262=STYLED_ITEM('',(#25),#2263);
#2263=FACE_SURFACE('',(#2268),#2264,.T.);
#2264=PLANE('',#2265);
#2265=AXIS2_PLACEMENT_3D('',#201,#2266,#2267);
#2266=DIRECTION('',(0.8290450991407793,0.03906305867551065,-0.5578156514813557));
#2267=DIRECTION('',(-0.0734429038093828,0.9965220887385986,-0.03936834434042796));
#2268=FACE_BOUND('',#2269,.T.);
#2269=EDGE_LOOP('',(#2270,#2271,#2272));
#2270=ORIENTED_EDGE('',*,*,#2273,.T.);
#2271=ORIENTED_EDGE('',*,*,#2274,.T.);
#2272=ORIENTED_EDGE('',*,*,#2275,.T.);
#2273=EDGE_CURVE('',#202,#200,#2276,.F.);
#2274=EDGE_CURVE('',#200,#204,#2277,.T.);
#2275=EDGE_CURVE('',#204,#202,#2278,.T.);
#2276=LINE('',#201,#2279);
#2277=LINE('',#199,#2280);
#2278=LINE('',#203,#2281);
#2279=VECTOR('',#2282,1.0);
#2280=VECTOR('',#2283,1.0);
#2281=VECTOR('',#2284,1.0);
#2282=DIRECTION('',(-0.0734429038093828,0.9965220887385986,-0.03936834434042796));
#2283=DIRECTION('',(0.5591817303833498,-0.05768941846463189,0.8270355031089628));
#2284=DIRECTION('',(0.0001306539392588557,-0.997570482914637,-0.06966429894146636));
#2285=STYLED_ITEM('',(#25),#2286);
#2286=FACE_SURFACE('',(#2291),#2287,.T.);
#2287=PLANE('',#2288);
#2288=AXIS2_PLACEMENT_3D('',#201,#2289,#2290);
#2289=DIRECTION('',(0.864195046653936,0.035164712113506705,-0.5019266523714153));
#2290=DIRECTION('',(-0.0001306539392588557,0.997570482914637,0.06966429894146636));
#2291=FACE_BOUND('',#2292,.T.);
#2292=EDGE_LOOP('',(#2293,#2294,#2295));
#2293=ORIENTED_EDGE('',*,*,#2296,.T.);
#2294=ORIENTED_EDGE('',*,*,#2297,.T.);
#2295=ORIENTED_EDGE('',*,*,#2298,.T.);
#2296=EDGE_CURVE('',#202,#204,#2299,.F.);
#2297=EDGE_CURVE('',#204,#206,#2300,.T.);
#2298=EDGE_CURVE('',#206,#202,#2301,.T.);
#2299=LINE('',#201,#2302);
#2300=LINE('',#203,#2303);
#2301=LINE('',#205,#2304);
#2302=VECTOR('',#2305,1.0);
#2303=VECTOR('',#2306,1.0);
#2304=VECTOR('',#2307,1.0);
#2305=DIRECTION('',(-0.0001306539392588557,0.997570482914637,0.06966429894146636));
#2306=DIRECTION('',(0.06609834472842853,-0.996843982537113,0.04396684323111656));
#2307=DIRECTION('',(-0.5031569418518844,0.060169171151274146,-0.8620978846449098));
#2308=STYLED_ITEM('',(#25),#2309);
#2309=FACE_SURFACE('',(#2314),#2310,.T.);
#2310=PLANE('',#2311);
#2311=AXIS2_PLACEMENT_3D('',#205,#2312,#2313);
#2312=DIRECTION('',(0.8642089855073399,0.035166701059976914,-0.5019025129494098));
#2313=DIRECTION('',(-0.06609834472842853,0.996843982537113,-0.04396684323111656));
#2314=FACE_BOUND('',#2315,.T.);
#2315=EDGE_LOOP('',(#2316,#2317,#2318));
#2316=ORIENTED_EDGE('',*,*,#2319,.T.);
#2317=ORIENTED_EDGE('',*,*,#2320,.T.);
#2318=ORIENTED_EDGE('',*,*,#2321,.T.);
#2319=EDGE_CURVE('',#206,#204,#2322,.F.);
#2320=EDGE_CURVE('',#204,#208,#2323,.T.);
#2321=EDGE_CURVE('',#208,#206,#2324,.T.);
#2322=LINE('',#205,#2325);
#2323=LINE('',#203,#2326);
#2324=LINE('',#207,#2327);
#2325=VECTOR('',#2328,1.0);
#2326=VECTOR('',#2329,1.0);
#2327=VECTOR('',#2330,1.0);
#2328=DIRECTION('',(-0.06609834472842853,0.996843982537113,-0.04396684323111656));
#2329=DIRECTION('',(0.5031329915147581,-0.06010872895596625,0.8621160789317808));
#2330=DIRECTION('',(0.00013077208425482667,-0.9975699896973189,-0.06967136107435273));
#2331=STYLED_ITEM('',(#25),#2332);
#2332=FACE_SURFACE('',(#2337),#2333,.T.);
#2333=PLANE('',#2334);
#2334=AXIS2_PLACEMENT_3D('',#205,#2335,#2336);
#2335=DIRECTION('',(0.8955670277430002,0.031115473090526865,-0.44383727440799847));
#2336=DIRECTION('',(-0.00013077208425482667,0.9975699896973189,0.06967136107435273));
#2337=FACE_BOUND('',#2338,.T.);
#2338=EDGE_LOOP('',(#2339,#2340,#2341));
#2339=ORIENTED_EDGE('',*,*,#2342,.T.);
#2340=ORIENTED_EDGE('',*,*,#2343,.T.);
#2341=ORIENTED_EDGE('',*,*,#2344,.T.);
#2342=EDGE_CURVE('',#206,#208,#2345,.F.);
#2343=EDGE_CURVE('',#208,#210,#2346,.T.);
#2344=EDGE_CURVE('',#210,#206,#2347,.T.);
#2345=LINE('',#205,#2348);
#2346=LINE('',#207,#2349);
#2347=LINE('',#209,#2350);
#2348=VECTOR('',#2351,1.0);
#2349=VECTOR('',#2352,1.0);
#2350=VECTOR('',#2353,1.0);
#2351=DIRECTION('',(-0.00013077208425482667,0.9975699896973189,0.06967136107435273));
#2352=DIRECTION('',(0.05846556500162419,-0.9971315908576531,0.04806628987894159));
#2353=DIRECTION('',(-0.4449265976898597,0.06230187398418029,-0.8933973355490742));
#2354=STYLED_ITEM('',(#25),#2355);
#2355=FACE_SURFACE('',(#2360),#2356,.T.);
#2356=PLANE('',#2357);
#2357=AXIS2_PLACEMENT_3D('',#209,#2358,#2359);
#2358=DIRECTION('',(0.8955560750760465,0.031113759812681736,-0.4438594939220127));
#2359=DIRECTION('',(-0.05846556500162419,0.9971315908576531,-0.04806628987894159));
#2360=FACE_BOUND('',#2361,.T.);
#2361=EDGE_LOOP('',(#2362,#2363,#2364));
#2362=ORIENTED_EDGE('',*,*,#2365,.T.);
#2363=ORIENTED_EDGE('',*,*,#2366,.T.);
#2364=ORIENTED_EDGE('',*,*,#2367,.T.);
#2365=EDGE_CURVE('',#210,#208,#2368,.F.);
#2366=EDGE_CURVE('',#208,#212,#2369,.T.);
#2367=EDGE_CURVE('',#212,#210,#2370,.T.);
#2368=LINE('',#209,#2371);
#2369=LINE('',#207,#2372);
#2370=LINE('',#211,#2373);
#2371=VECTOR('',#2374,1.0);
#2372=VECTOR('',#2375,1.0);
#2373=VECTOR('',#2376,1.0);
#2374=DIRECTION('',(-0.05846556500162419,0.9971315908576531,-0.04806628987894159));
#2375=DIRECTION('',(0.44494865195199373,-0.06236252562532385,0.8933821201052407));
#2376=DIRECTION('',(0.0001306539392588557,-0.997570482914637,-0.06966429894146636));
#2377=STYLED_ITEM('',(#25),#2378);
#2378=FACE_SURFACE('',(#2383),#2379,.T.);
#2379=PLANE('',#2380);
#2380=AXIS2_PLACEMENT_3D('',#209,#2381,#2382);
#2381=DIRECTION('',(0.9230087673804507,0.026925654192655097,-0.3838356738047138));
#2382=DIRECTION('',(-0.0001306539392588557,0.997570482914637,0.06966429894146636));
#2383=FACE_BOUND('',#2384,.T.);
#2384=EDGE_LOOP('',(#2385,#2386,#2387));
#2385=ORIENTED_EDGE('',*,*,#2388,.T.);
#2386=ORIENTED_EDGE('',*,*,#2389,.T.);
#2387=ORIENTED_EDGE('',*,*,#2390,.T.);
#2388=EDGE_CURVE('',#210,#212,#2391,.F.);
#2389=EDGE_CURVE('',#212,#214,#2392,.T.);
#2390=EDGE_CURVE('',#214,#210,#2393,.T.);
#2391=LINE('',#209,#2394);
#2392=LINE('',#211,#2395);
#2393=LINE('',#213,#2396);
#2394=VECTOR('',#2397,1.0);
#2395=VECTOR('',#2398,1.0);
#2396=VECTOR('',#2399,1.0);
#2397=DIRECTION('',(-0.0001306539392588557,0.997570482914637,0.06966429894146636));
#2398=DIRECTION('',(0.05057784074074824,-0.9973831871726259,0.05165907443400573));
#2399=DIRECTION('',(-0.38477889716672575,0.06426517423695198,-0.9207688025098659));
#2400=STYLED_ITEM('',(#25),#2401);
#2401=FACE_SURFACE('',(#2406),#2402,.T.);
#2402=PLANE('',#2403);
#2403=AXIS2_PLACEMENT_3D('',#213,#2404,#2405);
#2404=DIRECTION('',(0.9230176065592252,0.026927209040812382,-0.383814308481265));
#2405=DIRECTION('',(-0.05057784074074824,0.9973831871726259,-0.05165907443400573));
#2406=FACE_BOUND('',#2407,.T.);
#2407=EDGE_LOOP('',(#2408,#2409,#2410));
#2408=ORIENTED_EDGE('',*,*,#2411,.T.);
#2409=ORIENTED_EDGE('',*,*,#2412,.T.);
#2410=ORIENTED_EDGE('',*,*,#2413,.T.);
#2411=EDGE_CURVE('',#214,#212,#2414,.F.);
#2412=EDGE_CURVE('',#212,#216,#2415,.T.);
#2413=EDGE_CURVE('',#216,#214,#2416,.T.);
#2414=LINE('',#213,#2417);
#2415=LINE('',#211,#2418);
#2416=LINE('',#215,#2419);
#2417=VECTOR('',#2420,1.0);
#2418=VECTOR('',#2421,1.0);
#2419=VECTOR('',#2422,1.0);
#2420=DIRECTION('',(-0.05057784074074824,0.9973831871726259,-0.05165907443400573));
#2421=DIRECTION('',(0.384757691593861,-0.06426178305513082,0.9207779004721707));
#2422=DIRECTION('',(0.00013077307954590365,-0.9975699526630762,-0.06967189133495379));
#2423=STYLED_ITEM('',(#25),#2424);
#2424=FACE_SURFACE('',(#2429),#2425,.T.);
#2425=PLANE('',#2426);
#2426=AXIS2_PLACEMENT_3D('',#213,#2427,#2428);
#2427=DIRECTION('',(0.946428643353641,0.022621426500984195,-0.32211968909529165));
#2428=DIRECTION('',(-0.00013077307954590365,0.9975699526630762,0.06967189133495379));
#2429=FACE_BOUND('',#2430,.T.);
#2430=EDGE_LOOP('',(#2431,#2432,#2433));
#2431=ORIENTED_EDGE('',*,*,#2434,.T.);
#2432=ORIENTED_EDGE('',*,*,#2435,.T.);
#2433=ORIENTED_EDGE('',*,*,#2436,.T.);
#2434=EDGE_CURVE('',#214,#216,#2437,.F.);
#2435=EDGE_CURVE('',#216,#218,#2438,.T.);
#2436=EDGE_CURVE('',#218,#214,#2439,.T.);
#2437=LINE('',#213,#2440);
#2438=LINE('',#215,#2441);
#2439=LINE('',#217,#2442);
#2440=VECTOR('',#2443,1.0);
#2441=VECTOR('',#2444,1.0);
#2442=VECTOR('',#2445,1.0);
#2443=DIRECTION('',(-0.00013077307954590365,0.9975699526630762,0.06967189133495379));
#2444=DIRECTION('',(0.042469283363996094,-0.9975980429400192,0.05472206769478255));
#2445=DIRECTION('',(-0.3229130051429063,0.06593387042017584,-0.9441291838731567));
#2446=STYLED_ITEM('',(#25),#2447);
#2447=FACE_SURFACE('',(#2452),#2448,.T.);
#2448=PLANE('',#2449);
#2449=AXIS2_PLACEMENT_3D('',#217,#2450,#2451);
#2450=DIRECTION('',(0.9464222215813469,0.022620113109974506,-0.3221386486901559));
#2451=DIRECTION('',(-0.042469283363996094,0.9975980429400192,-0.05472206769478255));
#2452=FACE_BOUND('',#2453,.T.);
#2453=EDGE_LOOP('',(#2454,#2455,#2456));
#2454=ORIENTED_EDGE('',*,*,#2457,.T.);
#2455=ORIENTED_EDGE('',*,*,#2458,.T.);
#2456=ORIENTED_EDGE('',*,*,#2459,.T.);
#2457=EDGE_CURVE('',#218,#216,#2460,.F.);
#2458=EDGE_CURVE('',#216,#220,#2461,.T.);
#2459=EDGE_CURVE('',#220,#218,#2462,.T.);
#2460=LINE('',#217,#2463);
#2461=LINE('',#215,#2464);
#2462=LINE('',#219,#2465);
#2463=VECTOR('',#2466,1.0);
#2464=VECTOR('',#2467,1.0);
#2465=VECTOR('',#2468,1.0);
#2466=DIRECTION('',(-0.042469283363996094,0.9975980429400192,-0.05472206769478255));
#2467=DIRECTION('',(0.32293182037219514,-0.06588002391354698,0.9441265073284676));
#2468=DIRECTION('',(0.00013077215376274776,-0.997570519925284,-0.06966376873700053));
#2469=STYLED_ITEM('',(#25),#2470);
#2470=FACE_SURFACE('',(#2475),#2471,.T.);
#2471=PLANE('',#2472);
#2472=AXIS2_PLACEMENT_3D('',#217,#2473,#2474);
#2473=DIRECTION('',(0.9656948994020684,0.018216218918513175,-0.25903963140249786));
#2474=DIRECTION('',(-0.00013077215376274776,0.997570519925284,0.06966376873700053));
#2475=FACE_BOUND('',#2476,.T.);
#2476=EDGE_LOOP('',(#2477,#2478,#2479));
#2477=ORIENTED_EDGE('',*,*,#2480,.T.);
#2478=ORIENTED_EDGE('',*,*,#2481,.T.);
#2479=ORIENTED_EDGE('',*,*,#2482,.T.);
#2480=EDGE_CURVE('',#218,#220,#2483,.F.);
#2481=EDGE_CURVE('',#220,#222,#2484,.T.);
#2482=EDGE_CURVE('',#222,#218,#2485,.T.);
#2483=LINE('',#217,#2486);
#2484=LINE('',#219,#2487);
#2485=LINE('',#221,#2488);
#2486=VECTOR('',#2489,1.0);
#2487=VECTOR('',#2490,1.0);
#2488=VECTOR('',#2491,1.0);
#2489=DIRECTION('',(-0.00013077215376274776,0.997570519925284,0.06966376873700053));
#2490=DIRECTION('',(0.03417575923210145,-0.9977752732938444,0.057240907437805126));
#2491=DIRECTION('',(-0.25967930590554683,0.0672080179124205,-0.9633533829352017));
#2492=STYLED_ITEM('',(#25),#2493);
#2493=FACE_SURFACE('',(#2498),#2494,.T.);
#2494=PLANE('',#2495);
#2495=AXIS2_PLACEMENT_3D('',#221,#2496,#2497);
#2496=DIRECTION('',(0.9656949462471268,0.018216230588831143,-0.25903945594425104));
#2497=DIRECTION('',(-0.03417575923210145,0.9977752732938444,-0.057240907437805126));
#2498=FACE_BOUND('',#2499,.T.);
#2499=EDGE_LOOP('',(#2500,#2501,#2502));
#2500=ORIENTED_EDGE('',*,*,#2503,.T.);
#2501=ORIENTED_EDGE('',*,*,#2504,.T.);
#2502=ORIENTED_EDGE('',*,*,#2505,.T.);
#2503=EDGE_CURVE('',#222,#220,#2506,.F.);
#2504=EDGE_CURVE('',#220,#224,#2507,.T.);
#2505=EDGE_CURVE('',#224,#222,#2508,.T.);
#2506=LINE('',#221,#2509);
#2507=LINE('',#219,#2510);
#2508=LINE('',#223,#2511);
#2509=VECTOR('',#2512,1.0);
#2510=VECTOR('',#2513,1.0);
#2511=VECTOR('',#2514,1.0);
#2512=DIRECTION('',(-0.03417575923210145,0.9977752732938444,-0.057240907437805126));
#2513=DIRECTION('',(0.2596791392631428,-0.06726543054137385,0.963349420763638));
#2514=DIRECTION('',(0.0001306539392588557,-0.997570482914637,-0.06966429894146636));
#2515=STYLED_ITEM('',(#25),#2516);
#2516=FACE_SURFACE('',(#2521),#2517,.T.);
#2517=PLANE('',#2518);
#2518=AXIS2_PLACEMENT_3D('',#221,#2519,#2520);
#2519=DIRECTION('',(0.9807478156806132,0.013731769498653488,-0.1947951758749216));
#2520=DIRECTION('',(-0.0001306539392588557,0.997570482914637,0.06966429894146636));
#2521=FACE_BOUND('',#2522,.T.);
#2522=EDGE_LOOP('',(#2523,#2524,#2525));
#2523=ORIENTED_EDGE('',*,*,#2526,.T.);
#2524=ORIENTED_EDGE('',*,*,#2527,.T.);
#2525=ORIENTED_EDGE('',*,*,#2528,.T.);
#2526=EDGE_CURVE('',#222,#224,#2529,.F.);
#2527=EDGE_CURVE('',#224,#226,#2530,.T.);
#2528=EDGE_CURVE('',#226,#222,#2531,.T.);
#2529=LINE('',#221,#2532);
#2530=LINE('',#223,#2533);
#2531=LINE('',#225,#2534);
#2532=VECTOR('',#2535,1.0);
#2533=VECTOR('',#2536,1.0);
#2534=VECTOR('',#2537,1.0);
#2535=DIRECTION('',(-0.0001306539392588557,0.997570482914637,0.06966429894146636));
#2536=DIRECTION('',(0.025733360682026297,-0.9979135053295501,0.05921511655733455));
#2537=DIRECTION('',(-0.19527853220758104,0.06830106649693819,-0.978366628199385));
#2538=STYLED_ITEM('',(#25),#2539);
#2539=FACE_SURFACE('',(#2544),#2540,.T.);
#2540=PLANE('',#2541);
#2541=AXIS2_PLACEMENT_3D('',#225,#2542,#2543);
#2542=DIRECTION('',(0.9807479882916335,0.013731825754079765,-0.19479430285142704));
#2543=DIRECTION('',(-0.025733360682026297,0.9979135053295501,-0.05921511655733455));
#2544=FACE_BOUND('',#2545,.T.);
#2545=EDGE_LOOP('',(#2546,#2547,#2548));
#2546=ORIENTED_EDGE('',*,*,#2549,.T.);
#2547=ORIENTED_EDGE('',*,*,#2550,.T.);
#2548=ORIENTED_EDGE('',*,*,#2551,.T.);
#2549=EDGE_CURVE('',#226,#224,#2552,.F.);
#2550=EDGE_CURVE('',#224,#228,#2553,.T.);
#2551=EDGE_CURVE('',#228,#226,#2554,.T.);
#2552=LINE('',#225,#2555);
#2553=LINE('',#223,#2556);
#2554=LINE('',#227,#2557);
#2555=VECTOR('',#2558,1.0);
#2556=VECTOR('',#2559,1.0);
#2557=VECTOR('',#2560,1.0);
#2558=DIRECTION('',(-0.025733360682026297,0.9979135053295501,-0.05921511655733455));
#2559=DIRECTION('',(0.19527766522448467,-0.06830107851894332,0.9783668004064853));
#2560=DIRECTION('',(0.0001307731490554118,-0.9975704828990926,-0.06966429894038083));
#2561=STYLED_ITEM('',(#25),#2562);
#2562=FACE_SURFACE('',(#2567),#2563,.T.);
#2563=PLANE('',#2564);
#2564=AXIS2_PLACEMENT_3D('',#225,#2565,#2566);
#2565=DIRECTION('',(0.9915094336744765,0.009188124867672644,-0.12970975790562092));
#2566=DIRECTION('',(-0.0001307731490554118,0.9975704828990926,0.06966429894038083));
#2567=FACE_BOUND('',#2568,.T.);
#2568=EDGE_LOOP('',(#2569,#2570,#2571));
#2569=ORIENTED_EDGE('',*,*,#2572,.T.);
#2570=ORIENTED_EDGE('',*,*,#2573,.T.);
#2571=ORIENTED_EDGE('',*,*,#2574,.T.);
#2572=EDGE_CURVE('',#226,#228,#2575,.F.);
#2573=EDGE_CURVE('',#228,#230,#2576,.T.);
#2574=EDGE_CURVE('',#230,#226,#2577,.T.);
#2575=LINE('',#225,#2578);
#2576=LINE('',#227,#2579);
#2577=LINE('',#229,#2580);
#2578=VECTOR('',#2581,1.0);
#2579=VECTOR('',#2582,1.0);
#2580=VECTOR('',#2583,1.0);
#2581=DIRECTION('',(-0.0001307731490554118,0.9975704828990926,0.06966429894038083));
#2582=DIRECTION('',(0.017178992857468923,-0.9980129530603153,0.06062200696308016));
#2583=DIRECTION('',(-0.13003470952276686,0.06905139172439692,-0.9891020572318376));
#2584=STYLED_ITEM('',(#25),#2585);
#2585=FACE_SURFACE('',(#2590),#2586,.T.);
#2586=PLANE('',#2587);
#2587=AXIS2_PLACEMENT_3D('',#229,#2588,#2589);
#2588=DIRECTION('',(0.9915094336744765,0.009188124867672644,-0.12970975790562092));
#2589=DIRECTION('',(-0.017178992857468923,0.9980129530603153,-0.06062200696308016));
#2590=FACE_BOUND('',#2591,.T.);
#2591=EDGE_LOOP('',(#2592,#2593,#2594));
#2592=ORIENTED_EDGE('',*,*,#2595,.T.);
#2593=ORIENTED_EDGE('',*,*,#2596,.T.);
#2594=ORIENTED_EDGE('',*,*,#2597,.T.);
#2595=EDGE_CURVE('',#230,#228,#2598,.F.);
#2596=EDGE_CURVE('',#228,#232,#2599,.T.);
#2597=EDGE_CURVE('',#232,#230,#2600,.T.);
#2598=LINE('',#229,#2601);
#2599=LINE('',#227,#2602);
#2600=LINE('',#231,#2603);
#2601=VECTOR('',#2604,1.0);
#2602=VECTOR('',#2605,1.0);
#2603=VECTOR('',#2606,1.0);
#2604=DIRECTION('',(-0.017178992857468923,0.9980129530603153,-0.06062200696308016));
#2605=DIRECTION('',(0.13003470952276686,-0.06905139172439692,0.9891020572318376));
#2606=DIRECTION('',(0.0001307731490554118,-0.9975704828990926,-0.06966429894038083));
#2607=STYLED_ITEM('',(#25),#2608);
#2608=FACE_SURFACE('',(#2613),#2609,.T.);
#2609=PLANE('',#2610);
#2610=AXIS2_PLACEMENT_3D('',#229,#2611,#2612);
#2611=DIRECTION('',(0.9979353706339819,0.00460444535789595,-0.06406087043244947));
#2612=DIRECTION('',(-0.0001307731490554118,0.9975704828990926,0.06966429894038083));
#2613=FACE_BOUND('',#2614,.T.);
#2614=EDGE_LOOP('',(#2615,#2616,#2617));
#2615=ORIENTED_EDGE('',*,*,#2618,.T.);
#2616=ORIENTED_EDGE('',*,*,#2619,.T.);
#2617=ORIENTED_EDGE('',*,*,#2620,.T.);
#2618=EDGE_CURVE('',#230,#232,#2621,.F.);
#2619=EDGE_CURVE('',#232,#234,#2622,.T.);
#2620=EDGE_CURVE('',#234,#230,#2623,.T.);
#2621=LINE('',#229,#2624);
#2622=LINE('',#231,#2625);
#2623=LINE('',#233,#2626);
#2624=VECTOR('',#2627,1.0);
#2625=VECTOR('',#2628,1.0);
#2626=VECTOR('',#2629,1.0);
#2627=DIRECTION('',(-0.0001307731490554118,0.9975704828990926,0.06966429894038083));
#2628=DIRECTION('',(0.008550022633840686,-0.9980732960571461,0.06145398937892596));
#2629=DIRECTION('',(-0.06422599959482901,0.06951732054390475,-0.9955111064776931));
#2630=STYLED_ITEM('',(#25),#2631);
#2631=FACE_SURFACE('',(#2636),#2632,.T.);
#2632=PLANE('',#2633);
#2633=AXIS2_PLACEMENT_3D('',#233,#2634,#2635);
#2634=DIRECTION('',(0.9979356079107179,0.00460467600756021,-0.06405715746683918));
#2635=DIRECTION('',(-0.008550022633840686,0.9980732960571461,-0.06145398937892596));
#2636=FACE_BOUND('',#2637,.T.);
#2637=EDGE_LOOP('',(#2638,#2639,#2640));
#2638=ORIENTED_EDGE('',*,*,#2641,.T.);
#2639=ORIENTED_EDGE('',*,*,#2642,.T.);
#2640=ORIENTED_EDGE('',*,*,#2643,.T.);
#2641=EDGE_CURVE('',#234,#232,#2644,.F.);
#2642=EDGE_CURVE('',#232,#236,#2645,.T.);
#2643=EDGE_CURVE('',#236,#234,#2646,.T.);
#2644=LINE('',#233,#2647);
#2645=LINE('',#231,#2648);
#2646=LINE('',#235,#2649);
#2647=VECTOR('',#2650,1.0);
#2648=VECTOR('',#2651,1.0);
#2649=VECTOR('',#2652,1.0);
#2650=DIRECTION('',(-0.008550022633840686,0.9980732960571461,-0.06145398937892596));
#2651=DIRECTION('',(0.06422231119383404,-0.06951332827043483,0.995511623205721));
#2652=DIRECTION('',(0.00013077307954590365,-0.9975699526630762,-0.06967189133495379));
#2653=STYLED_ITEM('',(#25),#2654);
#2654=FACE_SURFACE('',(#2659),#2655,.T.);
#2655=PLANE('',#2656);
#2656=AXIS2_PLACEMENT_3D('',#233,#2657,#2658);
#2657=DIRECTION('',(0.9999982390706033,2.2397592704951686E-08,0.0018766607823182883));
#2658=DIRECTION('',(-0.00013077307954590365,0.9975699526630762,0.06967189133495379));
#2659=FACE_BOUND('',#2660,.T.);
#2660=EDGE_LOOP('',(#2661,#2662,#2663));
#2661=ORIENTED_EDGE('',*,*,#2664,.T.);
#2662=ORIENTED_EDGE('',*,*,#2665,.T.);
#2663=ORIENTED_EDGE('',*,*,#2666,.T.);
#2664=EDGE_CURVE('',#234,#236,#2667,.F.);
#2665=EDGE_CURVE('',#236,#238,#2668,.T.);
#2666=EDGE_CURVE('',#238,#234,#2669,.T.);
#2667=LINE('',#233,#2670);
#2668=LINE('',#235,#2671);
#2669=LINE('',#237,#2672);
#2670=VECTOR('',#2673,1.0);
#2671=VECTOR('',#2674,1.0);
#2672=VECTOR('',#2675,1.0);
#2673=DIRECTION('',(-0.00013077307954590365,0.9975699526630762,0.06967189133495379));
#2674=DIRECTION('',(-0.00011581680111288251,-0.9980931194551569,0.06172610049843162));
#2675=DIRECTION('',(0.001872097155505905,0.0696849182891057,-0.9975672946800536));
#2676=STYLED_ITEM('',(#25),#2677);
#2677=FACE_SURFACE('',(#2682),#2678,.T.);
#2678=PLANE('',#2679);
#2679=AXIS2_PLACEMENT_3D('',#237,#2680,#2681);
#2680=DIRECTION('',(0.9999982388660473,2.9138400736518743E-08,0.0018767697788427816));
#2681=DIRECTION('',(0.00011581680111288251,0.9980931194551569,-0.06172610049843162));
#2682=FACE_BOUND('',#2683,.T.);
#2683=EDGE_LOOP('',(#2684,#2685,#2686));
#2684=ORIENTED_EDGE('',*,*,#2687,.T.);
#2685=ORIENTED_EDGE('',*,*,#2688,.T.);
#2686=ORIENTED_EDGE('',*,*,#2689,.T.);
#2687=EDGE_CURVE('',#238,#236,#2690,.F.);
#2688=EDGE_CURVE('',#236,#240,#2691,.T.);
#2689=EDGE_CURVE('',#240,#238,#2692,.T.);
#2690=LINE('',#237,#2693);
#2691=LINE('',#235,#2694);
#2692=LINE('',#239,#2695);
#2693=VECTOR('',#2696,1.0);
#2694=VECTOR('',#2697,1.0);
#2695=VECTOR('',#2698,1.0);
#2696=DIRECTION('',(0.00011581680111288251,0.9980931194551569,-0.06172610049843162));
#2697=DIRECTION('',(-0.0018722124169191015,-0.06963151891293537,0.9975710232332049));
#2698=DIRECTION('',(0.00013077215376274776,-0.997570519925284,-0.06966376873700053));
#2699=STYLED_ITEM('',(#25),#2700);
#2700=FACE_SURFACE('',(#2705),#2701,.T.);
#2701=PLANE('',#2702);
#2702=AXIS2_PLACEMENT_3D('',#237,#2703,#2704);
#2703=DIRECTION('',(0.9976882219097702,-0.0046040089169020965,0.06780129028576157));
#2704=DIRECTION('',(-0.00013077215376274776,0.997570519925284,0.06966376873700053));
#2705=FACE_BOUND('',#2706,.T.);
#2706=EDGE_LOOP('',(#2707,#2708,#2709));
#2707=ORIENTED_EDGE('',*,*,#2710,.T.);
#2708=ORIENTED_EDGE('',*,*,#2711,.T.);
#2709=ORIENTED_EDGE('',*,*,#2712,.T.);
#2710=EDGE_CURVE('',#238,#240,#2713,.F.);
#2711=EDGE_CURVE('',#240,#242,#2714,.T.);
#2712=EDGE_CURVE('',#242,#238,#2715,.T.);
#2713=LINE('',#237,#2716);
#2714=LINE('',#239,#2717);
#2715=LINE('',#241,#2718);
#2716=VECTOR('',#2719,1.0);
#2717=VECTOR('',#2720,1.0);
#2718=VECTOR('',#2721,1.0);
#2719=DIRECTION('',(-0.00013077215376274776,0.997570519925284,0.06966376873700053));
#2720=DIRECTION('',(-0.00878052168910489,-0.9980727225584257,0.061430797843417526));
#2721=DIRECTION('',(0.06795730094335936,0.0695121300981746,-0.9952637183268103));
#2722=STYLED_ITEM('',(#25),#2723);
#2723=FACE_SURFACE('',(#2728),#2724,.T.);
#2724=PLANE('',#2725);
#2725=AXIS2_PLACEMENT_3D('',#241,#2726,#2727);
#2726=DIRECTION('',(0.9976882219097702,-0.0046040089169020965,0.06780129028576157));
#2727=DIRECTION('',(0.00878052168910489,0.9980727225584257,-0.061430797843417526));
#2728=FACE_BOUND('',#2729,.T.);
#2729=EDGE_LOOP('',(#2730,#2731,#2732));
#2730=ORIENTED_EDGE('',*,*,#2733,.T.);
#2731=ORIENTED_EDGE('',*,*,#2734,.T.);
#2732=ORIENTED_EDGE('',*,*,#2735,.T.);
#2733=EDGE_CURVE('',#242,#240,#2736,.F.);
#2734=EDGE_CURVE('',#240,#244,#2737,.T.);
#2735=EDGE_CURVE('',#244,#242,#2738,.T.);
#2736=LINE('',#241,#2739);
#2737=LINE('',#239,#2740);
#2738=LINE('',#243,#2741);
#2739=VECTOR('',#2742,1.0);
#2740=VECTOR('',#2743,1.0);
#2741=VECTOR('',#2744,1.0);
#2742=DIRECTION('',(0.00878052168910489,0.9980727225584257,-0.061430797843417526));
#2743=DIRECTION('',(-0.06795730094335936,-0.0695121300981746,0.9952637183268103));
#2744=DIRECTION('',(0.00013077215376274776,-0.997570519925284,-0.06966376873700053));
#2745=STYLED_ITEM('',(#25),#2746);
#2746=FACE_SURFACE('',(#2751),#2747,.T.);
#2747=PLANE('',#2748);
#2748=AXIS2_PLACEMENT_3D('',#241,#2749,#2750);
#2749=DIRECTION('',(0.9910151366462625,-0.009188225888844699,0.13343378673711281));
#2750=DIRECTION('',(-0.00013077215376274776,0.997570519925284,0.06966376873700053));
#2751=FACE_BOUND('',#2752,.T.);
#2752=EDGE_LOOP('',(#2753,#2754,#2755));
#2753=ORIENTED_EDGE('',*,*,#2756,.T.);
#2754=ORIENTED_EDGE('',*,*,#2757,.T.);
#2755=ORIENTED_EDGE('',*,*,#2758,.T.);
#2756=EDGE_CURVE('',#242,#244,#2759,.F.);
#2757=EDGE_CURVE('',#244,#246,#2760,.T.);
#2758=EDGE_CURVE('',#246,#242,#2761,.T.);
#2759=LINE('',#241,#2762);
#2760=LINE('',#243,#2763);
#2761=LINE('',#245,#2764);
#2762=VECTOR('',#2765,1.0);
#2763=VECTOR('',#2766,1.0);
#2764=VECTOR('',#2767,1.0);
#2765=DIRECTION('',(-0.00013077215376274776,0.997570519925284,0.06966376873700053));
#2766=DIRECTION('',(-0.01740624461213225,-0.9980131750484744,0.06055348939711019));
#2767=DIRECTION('',(0.1337496987503942,0.0690530378943019,-0.9886064414324575));
#2768=STYLED_ITEM('',(#25),#2769);
#2769=FACE_SURFACE('',(#2774),#2770,.T.);
#2770=PLANE('',#2771);
#2771=AXIS2_PLACEMENT_3D('',#245,#2772,#2773);
#2772=DIRECTION('',(0.9910152075501171,-0.009188259215980932,0.13343325783693666));
#2773=DIRECTION('',(0.01740624461213225,0.9980131750484744,-0.06055348939711019));
#2774=FACE_BOUND('',#2775,.T.);
#2775=EDGE_LOOP('',(#2776,#2777,#2778));
#2776=ORIENTED_EDGE('',*,*,#2779,.T.);
#2777=ORIENTED_EDGE('',*,*,#2780,.T.);
#2778=ORIENTED_EDGE('',*,*,#2781,.T.);
#2779=EDGE_CURVE('',#246,#244,#2782,.F.);
#2780=EDGE_CURVE('',#244,#248,#2783,.T.);
#2781=EDGE_CURVE('',#248,#246,#2784,.T.);
#2782=LINE('',#245,#2785);
#2783=LINE('',#243,#2786);
#2784=LINE('',#247,#2787);
#2785=VECTOR('',#2788,1.0);
#2786=VECTOR('',#2789,1.0);
#2787=VECTOR('',#2790,1.0);
#2788=DIRECTION('',(0.01740624461213225,0.9980131750484744,-0.06055348939711019));
#2789=DIRECTION('',(-0.1337491657309934,-0.06911045089347652,0.9886025016373181));
#2790=DIRECTION('',(0.0001307731490554118,-0.9975704828990926,-0.06966429894038083));
#2791=STYLED_ITEM('',(#25),#2792);
#2792=FACE_SURFACE('',(#2797),#2793,.T.);
#2793=PLANE('',#2794);
#2794=AXIS2_PLACEMENT_3D('',#245,#2795,#2796);
#2795=DIRECTION('',(0.9800094643293791,-0.01373192276490383,0.19847640696572022));
#2796=DIRECTION('',(-0.0001307731490554118,0.9975704828990926,0.06966429894038083));
#2797=FACE_BOUND('',#2798,.T.);
#2798=EDGE_LOOP('',(#2799,#2800,#2801));
#2799=ORIENTED_EDGE('',*,*,#2802,.T.);
#2800=ORIENTED_EDGE('',*,*,#2803,.T.);
#2801=ORIENTED_EDGE('',*,*,#2804,.T.);
#2802=EDGE_CURVE('',#246,#248,#2805,.F.);
#2803=EDGE_CURVE('',#248,#250,#2806,.T.);
#2804=EDGE_CURVE('',#250,#246,#2807,.T.);
#2805=LINE('',#245,#2808);
#2806=LINE('',#247,#2809);
#2807=LINE('',#249,#2810);
#2808=VECTOR('',#2811,1.0);
#2809=VECTOR('',#2812,1.0);
#2810=VECTOR('',#2813,1.0);
#2811=DIRECTION('',(-0.0001307731490554118,0.9975704828990926,0.06966429894038083));
#2812=DIRECTION('',(-0.025955424134530943,-0.9979135836922344,0.059116794910741524));
#2813=DIRECTION('',(0.1989508293717776,0.0683017462984017,-0.9776264311815994));
#2814=STYLED_ITEM('',(#25),#2815);
#2815=FACE_SURFACE('',(#2820),#2816,.T.);
#2816=PLANE('',#2817);
#2817=AXIS2_PLACEMENT_3D('',#249,#2818,#2819);
#2818=DIRECTION('',(0.9800094824727754,-0.013731928567700705,0.19847631697825915));
#2819=DIRECTION('',(0.025955424134530943,0.9979135836922344,-0.059116794910741524));
#2820=FACE_BOUND('',#2821,.T.);
#2821=EDGE_LOOP('',(#2822,#2823,#2824));
#2822=ORIENTED_EDGE('',*,*,#2825,.T.);
#2823=ORIENTED_EDGE('',*,*,#2826,.T.);
#2824=ORIENTED_EDGE('',*,*,#2827,.T.);
#2825=EDGE_CURVE('',#250,#248,#2828,.F.);
#2826=EDGE_CURVE('',#248,#252,#2829,.T.);
#2827=EDGE_CURVE('',#252,#250,#2830,.T.);
#2828=LINE('',#249,#2831);
#2829=LINE('',#247,#2832);
#2830=LINE('',#251,#2833);
#2831=VECTOR('',#2834,1.0);
#2832=VECTOR('',#2835,1.0);
#2833=VECTOR('',#2836,1.0);
#2834=DIRECTION('',(0.025955424134530943,0.9979135836922344,-0.059116794910741524));
#2835=DIRECTION('',(-0.1989507472500306,-0.06824434003014808,0.9776304568815889));
#2836=DIRECTION('',(0.00013065294487347756,-0.9975705199408282,-0.06966376873808605));
#2837=STYLED_ITEM('',(#25),#2838);
#2838=FACE_SURFACE('',(#2843),#2839,.T.);
#2839=PLANE('',#2840);
#2840=AXIS2_PLACEMENT_3D('',#249,#2841,#2842);
#2841=DIRECTION('',(0.9647199898541461,-0.018215203219413896,0.2626471921561162));
#2842=DIRECTION('',(-0.00013065294487347756,0.9975705199408282,0.06966376873808605));
#2843=FACE_BOUND('',#2844,.T.);
#2844=EDGE_LOOP('',(#2845,#2846,#2847));
#2845=ORIENTED_EDGE('',*,*,#2848,.T.);
#2846=ORIENTED_EDGE('',*,*,#2849,.T.);
#2847=ORIENTED_EDGE('',*,*,#2850,.T.);
#2848=EDGE_CURVE('',#250,#252,#2851,.F.);
#2849=EDGE_CURVE('',#252,#254,#2852,.T.);
#2850=EDGE_CURVE('',#254,#250,#2853,.T.);
#2851=LINE('',#249,#2854);
#2852=LINE('',#251,#2855);
#2853=LINE('',#253,#2856);
#2854=VECTOR('',#2857,1.0);
#2855=VECTOR('',#2858,1.0);
#2856=VECTOR('',#2859,1.0);
#2857=DIRECTION('',(-0.00013065294487347756,0.9975705199408282,0.06966376873808605));
#2858=DIRECTION('',(-0.03439021826537066,-0.9977748659392874,0.05711943441156382));
#2859=DIRECTION('',(0.26327803289403634,0.06726165345189447,-0.9623723538061367));
#2860=STYLED_ITEM('',(#25),#2861);
#2861=FACE_SURFACE('',(#2866),#2862,.T.);
#2862=PLANE('',#2863);
#2863=AXIS2_PLACEMENT_3D('',#253,#2864,#2865);
#2864=DIRECTION('',(0.9647160003151194,-0.018214222960680673,0.2626619135275178));
#2865=DIRECTION('',(0.03439021826537066,0.9977748659392874,-0.05711943441156382));
#2866=FACE_BOUND('',#2867,.T.);
#2867=EDGE_LOOP('',(#2868,#2869,#2870));
#2868=ORIENTED_EDGE('',*,*,#2871,.T.);
#2869=ORIENTED_EDGE('',*,*,#2872,.T.);
#2870=ORIENTED_EDGE('',*,*,#2873,.T.);
#2871=EDGE_CURVE('',#254,#252,#2874,.F.);
#2872=EDGE_CURVE('',#252,#256,#2875,.T.);
#2873=EDGE_CURVE('',#256,#254,#2876,.T.);
#2874=LINE('',#253,#2877);
#2875=LINE('',#251,#2878);
#2876=LINE('',#255,#2879);
#2877=VECTOR('',#2880,1.0);
#2878=VECTOR('',#2881,1.0);
#2879=VECTOR('',#2882,1.0);
#2880=DIRECTION('',(0.03439021826537066,0.9977748659392874,-0.05711943441156382));
#2881=DIRECTION('',(-0.2632926496131401,-0.0672653876969591,0.9623680939628402));
#2882=DIRECTION('',(0.00013065301431054258,-0.9975710501115729,-0.06965617638862796));
#2883=STYLED_ITEM('',(#25),#2884);
#2884=FACE_SURFACE('',(#2889),#2885,.T.);
#2885=PLANE('',#2886);
#2886=AXIS2_PLACEMENT_3D('',#253,#2887,#2888);
#2887=DIRECTION('',(0.9452013242674138,-0.022618715368377156,0.3257036234342679));
#2888=DIRECTION('',(-0.00013065301431054258,0.9975710501115729,0.06965617638862796));
#2889=FACE_BOUND('',#2890,.T.);
#2890=EDGE_LOOP('',(#2891,#2892,#2893));
#2891=ORIENTED_EDGE('',*,*,#2894,.T.);
#2892=ORIENTED_EDGE('',*,*,#2895,.T.);
#2893=ORIENTED_EDGE('',*,*,#2896,.T.);
#2894=EDGE_CURVE('',#254,#256,#2897,.F.);
#2895=EDGE_CURVE('',#256,#258,#2898,.T.);
#2896=EDGE_CURVE('',#258,#254,#2899,.T.);
#2897=LINE('',#253,#2900);
#2898=LINE('',#255,#2901);
#2899=LINE('',#257,#2902);
#2900=VECTOR('',#2903,1.0);
#2901=VECTOR('',#2904,1.0);
#2902=VECTOR('',#2905,1.0);
#2903=DIRECTION('',(-0.00013065301431054258,0.9975710501115729,0.06965617638862796));
#2904=DIRECTION('',(-0.042674323535791175,-0.9975979931456168,0.0545632310498611));
#2905=DIRECTION('',(0.32648803868403853,0.06588317182968981,-0.9429024171492558));
#2906=STYLED_ITEM('',(#25),#2907);
#2907=FACE_SURFACE('',(#2912),#2908,.T.);
#2908=PLANE('',#2909);
#2909=AXIS2_PLACEMENT_3D('',#257,#2910,#2911);
#2910=DIRECTION('',(0.945213314298164,-0.02262114071585686,0.32566865748210033));
#2911=DIRECTION('',(0.042674323535791175,0.9975979931456168,-0.0545632310498611));
#2912=FACE_BOUND('',#2913,.T.);
#2913=EDGE_LOOP('',(#2914,#2915,#2916));
#2914=ORIENTED_EDGE('',*,*,#2917,.T.);
#2915=ORIENTED_EDGE('',*,*,#2918,.T.);
#2916=ORIENTED_EDGE('',*,*,#2919,.T.);
#2917=EDGE_CURVE('',#258,#256,#2920,.F.);
#2918=EDGE_CURVE('',#256,#260,#2921,.T.);
#2919=EDGE_CURVE('',#260,#258,#2922,.T.);
#2920=LINE('',#257,#2923);
#2921=LINE('',#255,#2924);
#2922=LINE('',#259,#2925);
#2923=VECTOR('',#2926,1.0);
#2924=VECTOR('',#2927,1.0);
#2925=VECTOR('',#2928,1.0);
#2926=DIRECTION('',(0.042674323535791175,0.9975979931456168,-0.0545632310498611));
#2927=DIRECTION('',(-0.3264533276201569,-0.06587598548039865,0.9429149375329213));
#2928=DIRECTION('',(0.00013077208425482667,-0.9975699896973189,-0.06967136107435273));
#2929=STYLED_ITEM('',(#25),#2930);
#2930=FACE_SURFACE('',(#2935),#2931,.T.);
#2931=PLANE('',#2932);
#2932=AXIS2_PLACEMENT_3D('',#257,#2933,#2934);
#2933=DIRECTION('',(0.9215628892970008,-0.026928227510488796,0.38729408933484544));
#2934=DIRECTION('',(-0.00013077208425482667,0.9975699896973189,0.06967136107435273));
#2935=FACE_BOUND('',#2936,.T.);
#2936=EDGE_LOOP('',(#2937,#2938,#2939));
#2937=ORIENTED_EDGE('',*,*,#2940,.T.);
#2938=ORIENTED_EDGE('',*,*,#2941,.T.);
#2939=ORIENTED_EDGE('',*,*,#2942,.T.);
#2940=EDGE_CURVE('',#258,#260,#2943,.F.);
#2941=EDGE_CURVE('',#260,#262,#2944,.T.);
#2942=EDGE_CURVE('',#262,#258,#2945,.T.);
#2943=LINE('',#257,#2946);
#2944=LINE('',#259,#2947);
#2945=LINE('',#261,#2948);
#2946=VECTOR('',#2949,1.0);
#2947=VECTOR('',#2950,1.0);
#2948=VECTOR('',#2951,1.0);
#2949=DIRECTION('',(-0.00013077208425482667,0.9975699896973189,0.06967136107435273));
#2950=DIRECTION('',(-0.05077105420103228,-0.9973835558017415,0.05146205079075325));
#2951=DIRECTION('',(0.3882290859772302,0.06426467454326758,-0.919319437631519));
#2952=STYLED_ITEM('',(#25),#2953);
#2953=FACE_SURFACE('',(#2958),#2954,.T.);
#2954=PLANE('',#2955);
#2955=AXIS2_PLACEMENT_3D('',#261,#2956,#2957);
#2956=DIRECTION('',(0.9215628892970008,-0.026928227510488796,0.38729408933484544));
#2957=DIRECTION('',(0.05077105420103228,0.9973835558017415,-0.05146205079075325));
#2958=FACE_BOUND('',#2959,.T.);
#2959=EDGE_LOOP('',(#2960,#2961,#2962));
#2960=ORIENTED_EDGE('',*,*,#2963,.T.);
#2961=ORIENTED_EDGE('',*,*,#2964,.T.);
#2962=ORIENTED_EDGE('',*,*,#2965,.T.);
#2963=EDGE_CURVE('',#262,#260,#2966,.F.);
#2964=EDGE_CURVE('',#260,#264,#2967,.T.);
#2965=EDGE_CURVE('',#264,#262,#2968,.T.);
#2966=LINE('',#261,#2969);
#2967=LINE('',#259,#2970);
#2968=LINE('',#263,#2971);
#2969=VECTOR('',#2972,1.0);
#2970=VECTOR('',#2973,1.0);
#2971=VECTOR('',#2974,1.0);
#2972=DIRECTION('',(0.05077105420103228,0.9973835558017415,-0.05146205079075325));
#2973=DIRECTION('',(-0.3882290859772302,-0.06426467454326758,0.919319437631519));
#2974=DIRECTION('',(0.00013077208425482667,-0.9975699896973189,-0.06967136107435273));
#2975=STYLED_ITEM('',(#25),#2976);
#2976=FACE_SURFACE('',(#2981),#2977,.T.);
#2977=PLANE('',#2978);
#2978=AXIS2_PLACEMENT_3D('',#261,#2979,#2980);
#2979=DIRECTION('',(0.8938950508585716,-0.03111540646216619,0.44719511349213764));
#2980=DIRECTION('',(-0.00013077208425482667,0.9975699896973189,0.06967136107435273));
#2981=FACE_BOUND('',#2982,.T.);
#2982=EDGE_LOOP('',(#2983,#2984,#2985));
#2983=ORIENTED_EDGE('',*,*,#2986,.T.);
#2984=ORIENTED_EDGE('',*,*,#2987,.T.);
#2985=ORIENTED_EDGE('',*,*,#2988,.T.);
#2986=EDGE_CURVE('',#262,#264,#2989,.F.);
#2987=EDGE_CURVE('',#264,#266,#2990,.T.);
#2988=EDGE_CURVE('',#266,#262,#2991,.T.);
#2989=LINE('',#261,#2992);
#2990=LINE('',#263,#2993);
#2991=LINE('',#265,#2994);
#2992=VECTOR('',#2995,1.0);
#2993=VECTOR('',#2996,1.0);
#2994=VECTOR('',#2997,1.0);
#2995=DIRECTION('',(-0.00013077208425482667,0.9975699896973189,0.06967136107435273));
#2996=DIRECTION('',(-0.05864567016937992,-0.9971315636035096,0.04784694594228956));
#2997=DIRECTION('',(0.44827628187156143,0.06230165643139111,-0.8917213010337441));
#2998=STYLED_ITEM('',(#25),#2999);
#2999=FACE_SURFACE('',(#3004),#3000,.T.);
#3000=PLANE('',#3001);
#3001=AXIS2_PLACEMENT_3D('',#265,#3002,#3003);
#3002=DIRECTION('',(0.8938962167153971,-0.031115587460349307,0.44719277046805783));
#3003=DIRECTION('',(0.05864567016937992,0.9971315636035096,-0.04784694594228956));
#3004=FACE_BOUND('',#3005,.T.);
#3005=EDGE_LOOP('',(#3006,#3007,#3008));
#3006=ORIENTED_EDGE('',*,*,#3009,.T.);
#3007=ORIENTED_EDGE('',*,*,#3010,.T.);
#3008=ORIENTED_EDGE('',*,*,#3011,.T.);
#3009=EDGE_CURVE('',#266,#264,#3012,.F.);
#3010=EDGE_CURVE('',#264,#268,#3013,.T.);
#3011=EDGE_CURVE('',#268,#266,#3014,.T.);
#3012=LINE('',#265,#3015);
#3013=LINE('',#263,#3016);
#3014=LINE('',#267,#3017);
#3015=VECTOR('',#3018,1.0);
#3016=VECTOR('',#3019,1.0);
#3017=VECTOR('',#3020,1.0);
#3018=DIRECTION('',(0.05864567016937992,0.9971315636035096,-0.04784694594228956));
#3019=DIRECTION('',(-0.44827394981383445,-0.0623591441260324,0.8917184550418212));
#3020=DIRECTION('',(0.00013065386981271081,-0.9975699526786206,-0.06967189133603943));
#3021=STYLED_ITEM('',(#25),#3022);
#3022=FACE_SURFACE('',(#3027),#3023,.T.);
#3023=PLANE('',#3024);
#3024=AXIS2_PLACEMENT_3D('',#265,#3025,#3026);
#3025=DIRECTION('',(0.8623178031186008,-0.03516718682803982,0.5051448063628008));
#3026=DIRECTION('',(-0.00013065386981271081,0.9975699526786206,0.06967189133603943));
#3027=FACE_BOUND('',#3028,.T.);
#3028=EDGE_LOOP('',(#3029,#3030,#3031));
#3029=ORIENTED_EDGE('',*,*,#3032,.T.);
#3030=ORIENTED_EDGE('',*,*,#3033,.T.);
#3031=ORIENTED_EDGE('',*,*,#3034,.T.);
#3032=EDGE_CURVE('',#266,#268,#3035,.F.);
#3033=EDGE_CURVE('',#268,#270,#3036,.T.);
#3034=EDGE_CURVE('',#270,#266,#3037,.T.);
#3035=LINE('',#265,#3038);
#3036=LINE('',#267,#3039);
#3037=LINE('',#269,#3040);
#3038=VECTOR('',#3041,1.0);
#3039=VECTOR('',#3042,1.0);
#3040=VECTOR('',#3043,1.0);
#3041=DIRECTION('',(-0.00013065386981271081,0.9975699526786206,0.06967189133603943));
#3042=DIRECTION('',(-0.06626297301790103,-0.9968440302188114,0.04371724858618418));
#3043=DIRECTION('',(0.5063674420835175,0.060166680599439214,-0.8602162426642738));
#3044=STYLED_ITEM('',(#25),#3045);
#3045=FACE_SURFACE('',(#3050),#3046,.T.);
#3046=PLANE('',#3047);
#3047=AXIS2_PLACEMENT_3D('',#269,#3048,#3049);
#3048=DIRECTION('',(0.8622868655921745,-0.035162800970959446,0.5051979204778064));
#3049=DIRECTION('',(0.06626297301790103,0.9968440302188114,-0.04371724858618418));
#3050=FACE_BOUND('',#3051,.T.);
#3051=EDGE_LOOP('',(#3052,#3053,#3054));
#3052=ORIENTED_EDGE('',*,*,#3055,.T.);
#3053=ORIENTED_EDGE('',*,*,#3056,.T.);
#3054=ORIENTED_EDGE('',*,*,#3057,.T.);
#3055=EDGE_CURVE('',#270,#268,#3058,.F.);
#3056=EDGE_CURVE('',#268,#272,#3059,.T.);
#3057=EDGE_CURVE('',#272,#270,#3060,.T.);
#3058=LINE('',#269,#3061);
#3059=LINE('',#267,#3062);
#3060=LINE('',#271,#3063);
#3061=VECTOR('',#3064,1.0);
#3062=VECTOR('',#3065,1.0);
#3063=VECTOR('',#3066,1.0);
#3064=DIRECTION('',(0.06626297301790103,0.9968440302188114,-0.04371724858618418));
#3065=DIRECTION('',(-0.5064201281551503,-0.060115141585412826,0.8601888301713102));
#3066=DIRECTION('',(0.00013077222326316777,-0.9975710500960285,-0.06965617638754257));
#3067=STYLED_ITEM('',(#25),#3068);
#3068=FACE_SURFACE('',(#3073),#3069,.T.);
#3069=PLANE('',#3070);
#3070=AXIS2_PLACEMENT_3D('',#269,#3071,#3072);
#3071=DIRECTION('',(0.8269549160380321,-0.03905757482589133,0.5609100397472409));
#3072=DIRECTION('',(-0.00013077222326316777,0.9975710500960285,0.06965617638754257));
#3073=FACE_BOUND('',#3074,.T.);
#3074=EDGE_LOOP('',(#3075,#3076,#3077));
#3075=ORIENTED_EDGE('',*,*,#3078,.T.);
#3076=ORIENTED_EDGE('',*,*,#3079,.T.);
#3077=ORIENTED_EDGE('',*,*,#3080,.T.);
#3078=EDGE_CURVE('',#270,#272,#3081,.F.);
#3079=EDGE_CURVE('',#272,#274,#3082,.T.);
#3080=EDGE_CURVE('',#274,#270,#3083,.T.);
#3081=LINE('',#269,#3084);
#3082=LINE('',#271,#3085);
#3083=LINE('',#273,#3086);
#3084=VECTOR('',#3087,1.0);
#3085=VECTOR('',#3088,1.0);
#3086=VECTOR('',#3089,1.0);
#3087=DIRECTION('',(-0.00013077222326316777,0.9975710500960285,0.06965617638754257));
#3088=DIRECTION('',(-0.07358945242805748,-0.9965217126523463,0.0391033080924498));
#3089=DIRECTION('',(0.5622682170310356,0.05768813425392325,-0.8249403198311025));
#3090=STYLED_ITEM('',(#25),#3091);
#3091=FACE_SURFACE('',(#3096),#3092,.T.);
#3092=PLANE('',#3093);
#3093=AXIS2_PLACEMENT_3D('',#273,#3094,#3095);
#3094=DIRECTION('',(0.8269912995384447,-0.039062379734589245,0.5608560608366331));
#3095=DIRECTION('',(0.07358945242805748,0.9965217126523463,-0.0391033080924498));
#3096=FACE_BOUND('',#3097,.T.);
#3097=EDGE_LOOP('',(#3098,#3099,#3100));
#3098=ORIENTED_EDGE('',*,*,#3101,.T.);
#3099=ORIENTED_EDGE('',*,*,#3102,.T.);
#3100=ORIENTED_EDGE('',*,*,#3103,.T.);
#3101=EDGE_CURVE('',#274,#272,#3104,.F.);
#3102=EDGE_CURVE('',#272,#276,#3105,.T.);
#3103=EDGE_CURVE('',#276,#274,#3106,.T.);
#3104=LINE('',#273,#3107);
#3105=LINE('',#271,#3108);
#3106=LINE('',#275,#3109);
#3107=VECTOR('',#3110,1.0);
#3108=VECTOR('',#3111,1.0);
#3109=VECTOR('',#3112,1.0);
#3110=DIRECTION('',(0.07358945242805748,0.9965217126523463,-0.0391033080924498));
#3111=DIRECTION('',(-0.562214705063218,-0.0576826439816828,0.8249771742260275));
#3112=DIRECTION('',(0.00013077208425482667,-0.9975699896973189,-0.06967136107435273));
#3113=STYLED_ITEM('',(#25),#3114);
#3114=FACE_SURFACE('',(#3119),#3115,.T.);
#3115=PLANE('',#3116);
#3116=AXIS2_PLACEMENT_3D('',#273,#3117,#3118);
#3117=DIRECTION('',(0.7879825046748136,-0.042793695987030006,0.614208655027082));
#3118=DIRECTION('',(-0.00013077208425482667,0.9975699896973189,0.06967136107435273));
#3119=FACE_BOUND('',#3120,.T.);
#3120=EDGE_LOOP('',(#3121,#3122,#3123));
#3121=ORIENTED_EDGE('',*,*,#3124,.T.);
#3122=ORIENTED_EDGE('',*,*,#3125,.T.);
#3123=ORIENTED_EDGE('',*,*,#3126,.T.);
#3124=EDGE_CURVE('',#274,#276,#3127,.F.);
#3125=EDGE_CURVE('',#276,#278,#3128,.T.);
#3126=EDGE_CURVE('',#278,#274,#3129,.T.);
#3127=LINE('',#273,#3130);
#3128=LINE('',#275,#3131);
#3129=LINE('',#277,#3132);
#3130=VECTOR('',#3133,1.0);
#3131=VECTOR('',#3134,1.0);
#3132=VECTOR('',#3135,1.0);
#3133=DIRECTION('',(-0.00013077208425482667,0.9975699896973189,0.06967136107435273));
#3134=DIRECTION('',(-0.08059428482339483,-0.9961672615069016,0.033990415643906674));
#3135=DIRECTION('',(0.6156976171126521,0.05497705774446591,-0.7860623177608524));
#3136=STYLED_ITEM('',(#25),#3137);
#3137=FACE_SURFACE('',(#3142),#3138,.T.);
#3138=PLANE('',#3139);
#3139=AXIS2_PLACEMENT_3D('',#277,#3140,#3141);
#3140=DIRECTION('',(0.7879829420002404,-0.042793750642379044,0.614208090163752));
#3141=DIRECTION('',(0.08059428482339483,0.9961672615069016,-0.033990415643906674));
#3142=FACE_BOUND('',#3143,.T.);
#3143=EDGE_LOOP('',(#3144,#3145,#3146));
#3144=ORIENTED_EDGE('',*,*,#3147,.T.);
#3145=ORIENTED_EDGE('',*,*,#3148,.T.);
#3146=ORIENTED_EDGE('',*,*,#3149,.T.);
#3147=EDGE_CURVE('',#278,#276,#3150,.F.);
#3148=EDGE_CURVE('',#276,#280,#3151,.T.);
#3149=EDGE_CURVE('',#280,#278,#3152,.T.);
#3150=LINE('',#277,#3153);
#3151=LINE('',#275,#3154);
#3152=LINE('',#279,#3155);
#3153=VECTOR('',#3156,1.0);
#3154=VECTOR('',#3157,1.0);
#3155=VECTOR('',#3158,1.0);
#3156=DIRECTION('',(0.08059428482339483,0.9961672615069016,-0.033990415643906674));
#3157=DIRECTION('',(-0.6156970574296179,-0.054977088255549304,0.7860627540085151));
#3158=DIRECTION('',(0.0001306528754289183,-0.9975699897128633,-0.06967136107543835));
#3159=STYLED_ITEM('',(#25),#3160);
#3160=FACE_SURFACE('',(#3165),#3161,.T.);
#3161=PLANE('',#3162);
#3162=AXIS2_PLACEMENT_3D('',#277,#3163,#3164);
#3163=DIRECTION('',(0.7455540259966684,-0.046334971454417125,0.6648325087873467));
#3164=DIRECTION('',(-0.0001306528754289183,0.9975699897128633,0.06967136107543835));
#3165=FACE_BOUND('',#3166,.T.);
#3166=EDGE_LOOP('',(#3167,#3168,#3169));
#3167=ORIENTED_EDGE('',*,*,#3170,.T.);
#3168=ORIENTED_EDGE('',*,*,#3171,.T.);
#3169=ORIENTED_EDGE('',*,*,#3172,.T.);
#3170=EDGE_CURVE('',#278,#280,#3173,.F.);
#3171=EDGE_CURVE('',#280,#282,#3174,.T.);
#3172=EDGE_CURVE('',#282,#278,#3175,.T.);
#3173=LINE('',#277,#3176);
#3174=LINE('',#279,#3177);
#3175=LINE('',#281,#3178);
#3176=VECTOR('',#3179,1.0);
#3177=VECTOR('',#3180,1.0);
#3178=VECTOR('',#3181,1.0);
#3179=DIRECTION('',(-0.0001306528754289183,0.9975699897128633,0.06967136107543835));
#3180=DIRECTION('',(-0.08724585595597918,-0.9957807974179175,0.028438778318431134));
#3181=DIRECTION('',(0.6664451787476011,0.05203612839878313,-0.7437358839435834));
#3182=STYLED_ITEM('',(#25),#3183);
#3183=FACE_SURFACE('',(#3188),#3184,.T.);
#3184=PLANE('',#3185);
#3185=AXIS2_PLACEMENT_3D('',#281,#3186,#3187);
#3186=DIRECTION('',(0.7455535781044704,-0.046334917760673854,0.6648330148027646));
#3187=DIRECTION('',(0.08724585595597918,0.9957807974179175,-0.028438778318431134));
#3188=FACE_BOUND('',#3189,.T.);
#3189=EDGE_LOOP('',(#3190,#3191,#3192));
#3190=ORIENTED_EDGE('',*,*,#3193,.T.);
#3191=ORIENTED_EDGE('',*,*,#3194,.T.);
#3192=ORIENTED_EDGE('',*,*,#3195,.T.);
#3193=EDGE_CURVE('',#282,#280,#3196,.F.);
#3194=EDGE_CURVE('',#280,#284,#3197,.T.);
#3195=EDGE_CURVE('',#284,#282,#3198,.T.);
#3196=LINE('',#281,#3199);
#3197=LINE('',#279,#3200);
#3198=LINE('',#283,#3201);
#3199=VECTOR('',#3202,1.0);
#3200=VECTOR('',#3203,1.0);
#3201=VECTOR('',#3204,1.0);
#3202=DIRECTION('',(0.08724585595597918,0.9957807974179175,-0.028438778318431134));
#3203=DIRECTION('',(-0.6664456797921336,-0.05203609713886945,0.7437354371555487));
#3204=DIRECTION('',(0.00013077208425482667,-0.9975699896973189,-0.06967136107435273));
#3205=STYLED_ITEM('',(#25),#3206);
#3206=FACE_SURFACE('',(#3211),#3207,.T.);
#3207=PLANE('',#3208);
#3208=AXIS2_PLACEMENT_3D('',#281,#3209,#3210);
#3209=DIRECTION('',(0.6999284624098037,-0.049668880122717696,0.7124837891882198));
#3210=DIRECTION('',(-0.00013077208425482667,0.9975699896973189,0.06967136107435273));
#3211=FACE_BOUND('',#3212,.T.);
#3212=EDGE_LOOP('',(#3213,#3214,#3215));
#3213=ORIENTED_EDGE('',*,*,#3216,.T.);
#3214=ORIENTED_EDGE('',*,*,#3217,.T.);
#3215=ORIENTED_EDGE('',*,*,#3218,.T.);
#3216=EDGE_CURVE('',#282,#284,#3219,.F.);
#3217=EDGE_CURVE('',#284,#286,#3220,.T.);
#3218=EDGE_CURVE('',#286,#282,#3221,.T.);
#3219=LINE('',#281,#3222);
#3220=LINE('',#283,#3223);
#3221=LINE('',#285,#3224);
#3222=VECTOR('',#3225,1.0);
#3223=VECTOR('',#3226,1.0);
#3224=VECTOR('',#3227,1.0);
#3225=DIRECTION('',(-0.00013077208425482667,0.9975699896973189,0.06967136107435273));
#3226=DIRECTION('',(-0.09351592640915608,-0.9953639892334689,0.022478888875394145));
#3227=DIRECTION('',(0.7142129509573308,0.04880191674423799,-0.6982250594234712));
#3228=STYLED_ITEM('',(#25),#3229);
#3229=FACE_SURFACE('',(#3234),#3230,.T.);
#3230=PLANE('',#3231);
#3231=AXIS2_PLACEMENT_3D('',#285,#3232,#3233);
#3232=DIRECTION('',(0.6999305087948015,-0.04966911815883689,0.7124817622645325));
#3233=DIRECTION('',(0.09351592640915608,0.9953639892334689,-0.022478888875394145));
#3234=FACE_BOUND('',#3235,.T.);
#3235=EDGE_LOOP('',(#3236,#3237,#3238));
#3236=ORIENTED_EDGE('',*,*,#3239,.T.);
#3237=ORIENTED_EDGE('',*,*,#3240,.T.);
#3238=ORIENTED_EDGE('',*,*,#3241,.T.);
#3239=EDGE_CURVE('',#286,#284,#3242,.F.);
#3240=EDGE_CURVE('',#284,#288,#3243,.T.);
#3241=EDGE_CURVE('',#288,#286,#3244,.T.);
#3242=LINE('',#285,#3245);
#3243=LINE('',#283,#3246);
#3244=LINE('',#287,#3247);
#3245=VECTOR('',#3248,1.0);
#3246=VECTOR('',#3249,1.0);
#3247=VECTOR('',#3250,1.0);
#3248=DIRECTION('',(0.09351592640915608,0.9953639892334689,-0.022478888875394145));
#3249=DIRECTION('',(-0.714210939152337,-0.048859464596614666,0.6982230926533931));
#3250=DIRECTION('',(0.00013077307954590365,-0.9975699526630762,-0.06967189133495379));
#3251=STYLED_ITEM('',(#25),#3252);
#3252=FACE_SURFACE('',(#3257),#3253,.T.);
#3253=PLANE('',#3254);
#3254=AXIS2_PLACEMENT_3D('',#285,#3255,#3256);
#3255=DIRECTION('',(0.6511601219946196,-0.05279186429369465,0.757102050313132));
#3256=DIRECTION('',(-0.00013077307954590365,0.9975699526630762,0.06967189133495379));
#3257=FACE_BOUND('',#3258,.T.);
#3258=EDGE_LOOP('',(#3259,#3260,#3261));
#3259=ORIENTED_EDGE('',*,*,#3262,.T.);
#3260=ORIENTED_EDGE('',*,*,#3263,.T.);
#3261=ORIENTED_EDGE('',*,*,#3264,.T.);
#3262=EDGE_CURVE('',#286,#288,#3265,.F.);
#3263=EDGE_CURVE('',#288,#290,#3266,.T.);
#3264=EDGE_CURVE('',#290,#286,#3267,.T.);
#3265=LINE('',#285,#3268);
#3266=LINE('',#287,#3269);
#3267=LINE('',#289,#3270);
#3268=VECTOR('',#3271,1.0);
#3269=VECTOR('',#3272,1.0);
#3270=VECTOR('',#3273,1.0);
#3271=DIRECTION('',(-0.00013077307954590365,0.9975699526630762,0.06967189133495379));
#3272=DIRECTION('',(-0.09937548081570054,-0.994919825751464,0.016095158878526368));
#3273=DIRECTION('',(0.7589403581340802,0.04551587012083246,-0.6495674240311451));
#3274=STYLED_ITEM('',(#25),#3275);
#3275=FACE_SURFACE('',(#3280),#3276,.T.);
#3276=PLANE('',#3277);
#3277=AXIS2_PLACEMENT_3D('',#289,#3278,#3279);
#3278=DIRECTION('',(0.6511582560761108,-0.0527916517189059,0.7571036699506271));
#3279=DIRECTION('',(0.09937548081570054,0.994919825751464,-0.016095158878526368));
#3280=FACE_BOUND('',#3281,.T.);
#3281=EDGE_LOOP('',(#3282,#3283,#3284));
#3282=ORIENTED_EDGE('',*,*,#3285,.T.);
#3283=ORIENTED_EDGE('',*,*,#3286,.T.);
#3284=ORIENTED_EDGE('',*,*,#3287,.T.);
#3285=EDGE_CURVE('',#290,#288,#3288,.F.);
#3286=EDGE_CURVE('',#288,#292,#3289,.T.);
#3287=EDGE_CURVE('',#292,#290,#3290,.T.);
#3288=LINE('',#289,#3291);
#3289=LINE('',#287,#3292);
#3290=LINE('',#291,#3293);
#3291=VECTOR('',#3294,1.0);
#3292=VECTOR('',#3295,1.0);
#3293=VECTOR('',#3296,1.0);
#3294=DIRECTION('',(0.09937548081570054,0.994919825751464,-0.016095158878526368));
#3295=DIRECTION('',(-0.7589419674546715,-0.04545833245564793,0.6495695729068474));
#3296=DIRECTION('',(0.0001306528754289183,-0.9975699897128633,-0.06967136107543835));
#3297=STYLED_ITEM('',(#25),#3298);
#3298=FACE_SURFACE('',(#3303),#3299,.T.);
#3299=PLANE('',#3300);
#3300=AXIS2_PLACEMENT_3D('',#289,#3301,#3302);
#3301=DIRECTION('',(0.5995726230285324,-0.055681263066760474,0.7983810284932723));
#3302=DIRECTION('',(-0.0001306528754289183,0.9975699897128633,0.06967136107543835));
#3303=FACE_BOUND('',#3304,.T.);
#3304=EDGE_LOOP('',(#3305,#3306,#3307));
#3305=ORIENTED_EDGE('',*,*,#3308,.T.);
#3306=ORIENTED_EDGE('',*,*,#3309,.T.);
#3307=ORIENTED_EDGE('',*,*,#3310,.T.);
#3308=EDGE_CURVE('',#290,#292,#3311,.F.);
#3309=EDGE_CURVE('',#292,#294,#3312,.T.);
#3310=EDGE_CURVE('',#294,#290,#3313,.T.);
#3311=LINE('',#289,#3314);
#3312=LINE('',#291,#3315);
#3313=LINE('',#293,#3316);
#3314=VECTOR('',#3317,1.0);
#3315=VECTOR('',#3318,1.0);
#3316=VECTOR('',#3319,1.0);
#3317=DIRECTION('',(-0.0001306528754289183,0.9975699897128633,0.06967136107543835));
#3318=DIRECTION('',(-0.104801154872624,-0.9944492558039292,0.009348559695264312));
#3319=DIRECTION('',(0.8003203496077975,0.04182400428637278,-0.5981121054360179));
#3320=STYLED_ITEM('',(#25),#3321);
#3321=FACE_SURFACE('',(#3326),#3322,.T.);
#3322=PLANE('',#3323);
#3323=AXIS2_PLACEMENT_3D('',#293,#3324,#3325);
#3324=DIRECTION('',(0.5995747612940177,-0.05568150366383384,0.7983794059023294));
#3325=DIRECTION('',(0.104801154872624,0.9944492558039292,-0.009348559695264312));
#3326=FACE_BOUND('',#3327,.T.);
#3327=EDGE_LOOP('',(#3328,#3329,#3330));
#3328=ORIENTED_EDGE('',*,*,#3331,.T.);
#3329=ORIENTED_EDGE('',*,*,#3332,.T.);
#3330=ORIENTED_EDGE('',*,*,#3333,.T.);
#3331=EDGE_CURVE('',#294,#292,#3334,.F.);
#3332=EDGE_CURVE('',#292,#296,#3335,.T.);
#3333=EDGE_CURVE('',#296,#294,#3336,.T.);
#3334=LINE('',#293,#3337);
#3335=LINE('',#291,#3338);
#3336=LINE('',#295,#3339);
#3337=VECTOR('',#3340,1.0);
#3338=VECTOR('',#3341,1.0);
#3339=VECTOR('',#3342,1.0);
#3340=DIRECTION('',(0.104801154872624,0.9944492558039292,-0.009348559695264312));
#3341=DIRECTION('',(-0.8003187413423438,-0.04188156123566753,0.5981102298779627));
#3342=DIRECTION('',(0.00013077307954590365,-0.9975699526630762,-0.06967189133495379));
#3343=STYLED_ITEM('',(#25),#3344);
#3344=FACE_SURFACE('',(#3349),#3345,.T.);
#3345=PLANE('',#3346);
#3346=AXIS2_PLACEMENT_3D('',#293,#3347,#3348);
#3347=DIRECTION('',(0.5454254317015829,-0.058324993908046595,0.8361275581744498));
#3348=DIRECTION('',(-0.00013077307954590365,0.9975699526630762,0.06967189133495379));
#3349=FACE_BOUND('',#3350,.T.);
#3350=EDGE_LOOP('',(#3351,#3352,#3353));
#3351=ORIENTED_EDGE('',*,*,#3354,.T.);
#3352=ORIENTED_EDGE('',*,*,#3355,.T.);
#3353=ORIENTED_EDGE('',*,*,#3356,.T.);
#3354=EDGE_CURVE('',#294,#296,#3357,.F.);
#3355=EDGE_CURVE('',#296,#298,#3358,.T.);
#3356=EDGE_CURVE('',#298,#294,#3359,.T.);
#3357=LINE('',#293,#3360);
#3358=LINE('',#295,#3361);
#3359=LINE('',#297,#3362);
#3360=VECTOR('',#3363,1.0);
#3361=VECTOR('',#3364,1.0);
#3362=VECTOR('',#3365,1.0);
#3363=DIRECTION('',(-0.00013077307954590365,0.9975699526630762,0.06967189133495379));
#3364=DIRECTION('',(-0.1097668486563679,-0.9939547727620791,0.0022690613772400484));
#3365=DIRECTION('',(0.8381593384689153,0.03813021070914087,-0.5440909945667423));
#3366=STYLED_ITEM('',(#25),#3367);
#3367=FACE_SURFACE('',(#3372),#3368,.T.);
#3368=PLANE('',#3369);
#3369=AXIS2_PLACEMENT_3D('',#297,#3370,#3371);
#3370=DIRECTION('',(0.5453417489629456,-0.05831562635564917,0.8361827937483428));
#3371=DIRECTION('',(0.1097668486563679,0.9939547727620791,-0.0022690613772400484));
#3372=FACE_BOUND('',#3373,.T.);
#3373=EDGE_LOOP('',(#3374,#3375,#3376));
#3374=ORIENTED_EDGE('',*,*,#3377,.T.);
#3375=ORIENTED_EDGE('',*,*,#3378,.T.);
#3376=ORIENTED_EDGE('',*,*,#3379,.T.);
#3377=EDGE_CURVE('',#298,#296,#3380,.F.);
#3378=EDGE_CURVE('',#296,#300,#3381,.T.);
#3379=EDGE_CURVE('',#300,#298,#3382,.T.);
#3380=LINE('',#297,#3383);
#3381=LINE('',#295,#3384);
#3382=LINE('',#299,#3385);
#3383=VECTOR('',#3386,1.0);
#3384=VECTOR('',#3387,1.0);
#3385=VECTOR('',#3388,1.0);
#3386=DIRECTION('',(0.1097668486563679,0.9939547727620791,-0.0022690613772400484));
#3387=DIRECTION('',(-0.8382137937286307,-0.03807499863921373,0.5440109654057356));
#3388=DIRECTION('',(0.00013077222326316777,-0.9975710500960285,-0.06965617638754257));
#3389=STYLED_ITEM('',(#25),#3390);
#3390=FACE_SURFACE('',(#3395),#3391,.T.);
#3391=PLANE('',#3392);
#3392=AXIS2_PLACEMENT_3D('',#297,#3393,#3394);
#3393=DIRECTION('',(0.4887756484970476,-0.06070494853316761,0.8702949354442298));
#3394=DIRECTION('',(-0.00013077222326316777,0.9975710500960285,0.06965617638754257));
#3395=FACE_BOUND('',#3396,.T.);
#3396=EDGE_LOOP('',(#3397,#3398,#3399));
#3397=ORIENTED_EDGE('',*,*,#3400,.T.);
#3398=ORIENTED_EDGE('',*,*,#3401,.T.);
#3399=ORIENTED_EDGE('',*,*,#3402,.T.);
#3400=EDGE_CURVE('',#298,#300,#3403,.F.);
#3401=EDGE_CURVE('',#300,#302,#3404,.T.);
#3402=EDGE_CURVE('',#302,#298,#3405,.T.);
#3403=LINE('',#297,#3406);
#3404=LINE('',#299,#3407);
#3405=LINE('',#301,#3408);
#3406=VECTOR('',#3409,1.0);
#3407=VECTOR('',#3410,1.0);
#3408=VECTOR('',#3411,1.0);
#3409=DIRECTION('',(-0.00013077222326316777,0.9975710500960285,0.06965617638754257));
#3410=DIRECTION('',(-0.11425222037906857,-0.9934385401464939,-0.005128068842746051));
#3411=DIRECTION('',(0.8724095083429836,0.03415144473441844,-0.48758109948531186));
#3412=STYLED_ITEM('',(#25),#3413);
#3413=FACE_SURFACE('',(#3418),#3414,.T.);
#3414=PLANE('',#3415);
#3415=AXIS2_PLACEMENT_3D('',#301,#3416,#3417);
#3416=DIRECTION('',(0.48886629798806297,-0.06071510735616995,0.8702433099025669));
#3417=DIRECTION('',(0.11425222037906857,0.9934385401464939,0.005128068842746051));
#3418=FACE_BOUND('',#3419,.T.);
#3419=EDGE_LOOP('',(#3420,#3421,#3422));
#3420=ORIENTED_EDGE('',*,*,#3423,.T.);
#3421=ORIENTED_EDGE('',*,*,#3424,.T.);
#3422=ORIENTED_EDGE('',*,*,#3425,.T.);
#3423=EDGE_CURVE('',#302,#300,#3426,.F.);
#3424=EDGE_CURVE('',#300,#304,#3427,.T.);
#3425=EDGE_CURVE('',#304,#302,#3428,.T.);
#3426=LINE('',#301,#3429);
#3427=LINE('',#299,#3430);
#3428=LINE('',#303,#3431);
#3429=VECTOR('',#3432,1.0);
#3430=VECTOR('',#3433,1.0);
#3431=VECTOR('',#3434,1.0);
#3432=DIRECTION('',(0.11425222037906857,0.9934385401464939,0.005128068842746051));
#3433=DIRECTION('',(-0.8723587090080954,-0.03420714102983304,0.48766807802058776));
#3434=DIRECTION('',(0.00013077307954590365,-0.9975699526630762,-0.06967189133495379));
#3435=STYLED_ITEM('',(#25),#3436);
#3436=FACE_SURFACE('',(#3441),#3437,.T.);
#3437=PLANE('',#3438);
#3438=AXIS2_PLACEMENT_3D('',#301,#3439,#3440);
#3439=DIRECTION('',(0.4300291878730238,-0.06284472837773886,0.9006250261304067));
#3440=DIRECTION('',(-0.00013077307954590365,0.9975699526630762,0.06967189133495379));
#3441=FACE_BOUND('',#3442,.T.);
#3442=EDGE_LOOP('',(#3443,#3444,#3445));
#3443=ORIENTED_EDGE('',*,*,#3446,.T.);
#3444=ORIENTED_EDGE('',*,*,#3447,.T.);
#3445=ORIENTED_EDGE('',*,*,#3448,.T.);
#3446=EDGE_CURVE('',#302,#304,#3449,.F.);
#3447=EDGE_CURVE('',#304,#306,#3450,.T.);
#3448=EDGE_CURVE('',#306,#302,#3451,.T.);
#3449=LINE('',#301,#3452);
#3450=LINE('',#303,#3453);
#3451=LINE('',#305,#3454);
#3452=VECTOR('',#3455,1.0);
#3453=VECTOR('',#3456,1.0);
#3454=VECTOR('',#3457,1.0);
#3455=DIRECTION('',(-0.00013077307954590365,0.9975699526630762,0.06967189133495379));
#3456=DIRECTION('',(-0.11823777507430099,-0.9929024511193265,-0.012827747530743689));
#3457=DIRECTION('',(0.9028149706587325,0.030113527655197276,-0.4289735472108179));
#3458=STYLED_ITEM('',(#25),#3459);
#3459=FACE_SURFACE('',(#3464),#3460,.T.);
#3460=PLANE('',#3461);
#3461=AXIS2_PLACEMENT_3D('',#305,#3462,#3463);
#3462=DIRECTION('',(0.4300259147156075,-0.06284435912452956,0.9006266147517695));
#3463=DIRECTION('',(0.11823777507430099,0.9929024511193265,0.012827747530743689));
#3464=FACE_BOUND('',#3465,.T.);
#3465=EDGE_LOOP('',(#3466,#3467,#3468));
#3466=ORIENTED_EDGE('',*,*,#3469,.T.);
#3467=ORIENTED_EDGE('',*,*,#3470,.T.);
#3468=ORIENTED_EDGE('',*,*,#3471,.T.);
#3469=EDGE_CURVE('',#306,#304,#3472,.F.);
#3470=EDGE_CURVE('',#304,#308,#3473,.T.);
#3471=EDGE_CURVE('',#308,#306,#3474,.T.);
#3472=LINE('',#305,#3475);
#3473=LINE('',#303,#3476);
#3474=LINE('',#307,#3477);
#3475=VECTOR('',#3478,1.0);
#3476=VECTOR('',#3479,1.0);
#3477=VECTOR('',#3480,1.0);
#3478=DIRECTION('',(0.11823777507430099,0.9929024511193265,0.012827747530743689));
#3479=DIRECTION('',(-0.902816537541331,-0.030055891068380292,0.42897429171684426));
#3480=DIRECTION('',(0.00013077208425482667,-0.9975699896973189,-0.06967136107435273));
#3481=STYLED_ITEM('',(#25),#3482);
#3482=FACE_SURFACE('',(#3487),#3483,.T.);
#3483=PLANE('',#3484);
#3484=AXIS2_PLACEMENT_3D('',#305,#3485,#3486);
#3485=DIRECTION('',(0.36951934760152977,-0.06469202877645372,0.9269683884366965));
#3486=DIRECTION('',(-0.00013077208425482667,0.9975699896973189,0.06967136107435273));
#3487=FACE_BOUND('',#3488,.T.);
#3488=EDGE_LOOP('',(#3489,#3490,#3491));
#3489=ORIENTED_EDGE('',*,*,#3492,.T.);
#3490=ORIENTED_EDGE('',*,*,#3493,.T.);
#3491=ORIENTED_EDGE('',*,*,#3494,.T.);
#3492=EDGE_CURVE('',#306,#308,#3495,.F.);
#3493=EDGE_CURVE('',#308,#310,#3496,.T.);
#3494=EDGE_CURVE('',#310,#306,#3497,.T.);
#3495=LINE('',#305,#3498);
#3496=LINE('',#307,#3499);
#3497=LINE('',#309,#3500);
#3498=VECTOR('',#3501,1.0);
#3499=VECTOR('',#3502,1.0);
#3500=VECTOR('',#3503,1.0);
#3501=DIRECTION('',(-0.00013077208425482667,0.9975699896973189,0.06967136107435273));
#3502=DIRECTION('',(-0.12170550273431346,-0.9923495638253591,-0.02073918464664513));
#3503=DIRECTION('',(0.9292230301375581,0.02584339810355725,-0.3686145399145777));
#3504=STYLED_ITEM('',(#25),#3505);
#3505=FACE_SURFACE('',(#3510),#3506,.T.);
#3506=PLANE('',#3507);
#3507=AXIS2_PLACEMENT_3D('',#309,#3508,#3509);
#3508=DIRECTION('',(0.3694199624310453,-0.06468068420035934,0.9270087920018981));
#3509=DIRECTION('',(0.12170550273431346,0.9923495638253591,0.02073918464664513));
#3510=FACE_BOUND('',#3511,.T.);
#3511=EDGE_LOOP('',(#3512,#3513,#3514));
#3512=ORIENTED_EDGE('',*,*,#3515,.T.);
#3513=ORIENTED_EDGE('',*,*,#3516,.T.);
#3514=ORIENTED_EDGE('',*,*,#3517,.T.);
#3515=EDGE_CURVE('',#310,#308,#3518,.F.);
#3516=EDGE_CURVE('',#308,#312,#3519,.T.);
#3517=EDGE_CURVE('',#312,#310,#3520,.T.);
#3518=LINE('',#309,#3521);
#3519=LINE('',#307,#3522);
#3520=LINE('',#311,#3523);
#3521=VECTOR('',#3524,1.0);
#3522=VECTOR('',#3525,1.0);
#3523=VECTOR('',#3526,1.0);
#3524=DIRECTION('',(0.12170550273431346,0.9923495638253591,0.02073918464664513));
#3525=DIRECTION('',(-0.9292625443888433,-0.025844497067415876,0.3685148376487782));
#3526=DIRECTION('',(0.00013077222326316777,-0.9975710500960285,-0.06965617638754257));
#3527=STYLED_ITEM('',(#25),#3528);
#3528=FACE_SURFACE('',(#3533),#3529,.T.);
#3529=PLANE('',#3530);
#3530=AXIS2_PLACEMENT_3D('',#309,#3531,#3532);
#3531=DIRECTION('',(0.30719554193072285,-0.06624797597619868,0.9493377189899002));
#3532=DIRECTION('',(-0.00013077222326316777,0.9975710500960285,0.06965617638754257));
#3533=FACE_BOUND('',#3534,.T.);
#3534=EDGE_LOOP('',(#3535,#3536,#3537));
#3535=ORIENTED_EDGE('',*,*,#3538,.T.);
#3536=ORIENTED_EDGE('',*,*,#3539,.T.);
#3537=ORIENTED_EDGE('',*,*,#3540,.T.);
#3538=EDGE_CURVE('',#310,#312,#3541,.F.);
#3539=EDGE_CURVE('',#312,#314,#3542,.T.);
#3540=EDGE_CURVE('',#314,#310,#3543,.T.);
#3541=LINE('',#309,#3544);
#3542=LINE('',#311,#3545);
#3543=LINE('',#313,#3546);
#3544=VECTOR('',#3547,1.0);
#3545=VECTOR('',#3548,1.0);
#3546=VECTOR('',#3549,1.0);
#3547=DIRECTION('',(-0.00013077222326316777,0.9975710500960285,0.06965617638754257));
#3548=DIRECTION('',(-0.12464051126580103,-0.9917816452714037,-0.0288775181438317));
#3549=DIRECTION('',(0.9516464064989654,0.021517790335142024,-0.306441024826473));
#3550=STYLED_ITEM('',(#25),#3551);
#3551=FACE_SURFACE('',(#3556),#3552,.T.);
#3552=PLANE('',#3553);
#3553=AXIS2_PLACEMENT_3D('',#313,#3554,#3555);
#3554=DIRECTION('',(0.30730347681033604,-0.06626049791885791,0.9493019116992362));
#3555=DIRECTION('',(0.12464051126580103,0.9917816452714037,0.0288775181438317));
#3556=FACE_BOUND('',#3557,.T.);
#3557=EDGE_LOOP('',(#3558,#3559,#3560));
#3558=ORIENTED_EDGE('',*,*,#3561,.T.);
#3559=ORIENTED_EDGE('',*,*,#3562,.T.);
#3560=ORIENTED_EDGE('',*,*,#3563,.T.);
#3561=EDGE_CURVE('',#314,#312,#3564,.F.);
#3562=EDGE_CURVE('',#312,#316,#3565,.T.);
#3563=EDGE_CURVE('',#316,#314,#3566,.T.);
#3564=LINE('',#313,#3567);
#3565=LINE('',#311,#3568);
#3566=LINE('',#315,#3569);
#3567=VECTOR('',#3570,1.0);
#3568=VECTOR('',#3571,1.0);
#3569=VECTOR('',#3572,1.0);
#3570=DIRECTION('',(0.12464051126580103,0.9917816452714037,0.0288775181438317));
#3571=DIRECTION('',(-0.9516115512959659,-0.0215746936618099,0.30654524630710644));
#3572=DIRECTION('',(0.00013074327711260598,-0.9975699526669637,-0.06967189133522529));
#3573=STYLED_ITEM('',(#25),#3574);
#3574=FACE_SURFACE('',(#3579),#3575,.T.);
#3575=PLANE('',#3576);
#3576=AXIS2_PLACEMENT_3D('',#313,#3577,#3578);
#3577=DIRECTION('',(0.2436971037138674,-0.06753959696972917,0.967496834352774));
#3578=DIRECTION('',(-0.00013074327711260598,0.9975699526669637,0.06967189133522529));
#3579=FACE_BOUND('',#3580,.T.);
#3580=EDGE_LOOP('',(#3581,#3582,#3583));
#3581=ORIENTED_EDGE('',*,*,#3584,.T.);
#3582=ORIENTED_EDGE('',*,*,#3585,.T.);
#3583=ORIENTED_EDGE('',*,*,#3586,.T.);
#3584=EDGE_CURVE('',#314,#316,#3587,.F.);
#3585=EDGE_CURVE('',#316,#318,#3588,.T.);
#3586=EDGE_CURVE('',#318,#314,#3589,.T.);
#3587=LINE('',#313,#3590);
#3588=LINE('',#315,#3591);
#3589=LINE('',#317,#3592);
#3590=VECTOR('',#3593,1.0);
#3591=VECTOR('',#3594,1.0);
#3592=VECTOR('',#3595,1.0);
#3593=DIRECTION('',(-0.00013074327711260598,0.9975699526669637,0.06967189133522529));
#3594=DIRECTION('',(-0.1270302322621533,-0.9912011244256723,-0.03719745997653916));
#3595=DIRECTION('',(0.9698513786937252,0.01713311787711262,-0.24309413715202888));
#3596=STYLED_ITEM('',(#25),#3597);
#3597=FACE_SURFACE('',(#3602),#3598,.T.);
#3598=PLANE('',#3599);
#3599=AXIS2_PLACEMENT_3D('',#317,#3600,#3601);
#3600=DIRECTION('',(0.2435850592504148,-0.0675263311928328,0.9675259756231912));
#3601=DIRECTION('',(0.1270302322621533,0.9912011244256723,0.03719745997653916));
#3602=FACE_BOUND('',#3603,.T.);
#3603=EDGE_LOOP('',(#3604,#3605,#3606));
#3604=ORIENTED_EDGE('',*,*,#3607,.T.);
#3605=ORIENTED_EDGE('',*,*,#3608,.T.);
#3606=ORIENTED_EDGE('',*,*,#3609,.T.);
#3607=EDGE_CURVE('',#318,#316,#3610,.F.);
#3608=EDGE_CURVE('',#316,#320,#3611,.T.);
#3609=EDGE_CURVE('',#320,#318,#3612,.T.);
#3610=LINE('',#317,#3613);
#3611=LINE('',#315,#3614);
#3612=LINE('',#319,#3615);
#3613=VECTOR('',#3616,1.0);
#3614=VECTOR('',#3617,1.0);
#3615=VECTOR('',#3618,1.0);
#3616=DIRECTION('',(0.1270302322621533,0.9912011244256723,0.03719745997653916));
#3617=DIRECTION('',(-0.969879531713319,-0.017075926280192395,0.24298581585192694));
#3618=DIRECTION('',(0.000130742421025012,-0.997571050099916,-0.069656176387814));
#3619=STYLED_ITEM('',(#25),#3620);
#3620=FACE_SURFACE('',(#3625),#3621,.T.);
#3621=PLANE('',#3622);
#3622=AXIS2_PLACEMENT_3D('',#317,#3623,#3624);
#3623=DIRECTION('',(0.1790430782428032,-0.06850726751712753,0.9814531728160433));
#3624=DIRECTION('',(-0.000130742421025012,0.997571050099916,0.069656176387814));
#3625=FACE_BOUND('',#3626,.T.);
#3626=EDGE_LOOP('',(#3627,#3628,#3629));
#3627=ORIENTED_EDGE('',*,*,#3630,.T.);
#3628=ORIENTED_EDGE('',*,*,#3631,.T.);
#3629=ORIENTED_EDGE('',*,*,#3632,.T.);
#3630=EDGE_CURVE('',#318,#320,#3633,.F.);
#3631=EDGE_CURVE('',#320,#322,#3634,.T.);
#3632=EDGE_CURVE('',#322,#318,#3635,.T.);
#3633=LINE('',#317,#3636);
#3634=LINE('',#319,#3637);
#3635=LINE('',#321,#3638);
#3636=VECTOR('',#3639,1.0);
#3637=VECTOR('',#3640,1.0);
#3638=VECTOR('',#3641,1.0);
#3639=DIRECTION('',(-0.000130742421025012,0.997571050099916,0.069656176387814));
#3640=DIRECTION('',(-0.1288637174384083,-0.9906115688750035,-0.04563838229997076));
#3641=DIRECTION('',(0.9838412293868404,0.012575903270778337,-0.17860090149692537));
#3642=STYLED_ITEM('',(#25),#3643);
#3643=FACE_SURFACE('',(#3648),#3644,.T.);
#3644=PLANE('',#3645);
#3645=AXIS2_PLACEMENT_3D('',#321,#3646,#3647);
#3646=DIRECTION('',(0.17904696648623128,-0.0685077391233762,0.9814524305702654));
#3647=DIRECTION('',(0.1288637174384083,0.9906115688750035,0.04563838229997076));
#3648=FACE_BOUND('',#3649,.T.);
#3649=EDGE_LOOP('',(#3650,#3651,#3652));
#3650=ORIENTED_EDGE('',*,*,#3653,.T.);
#3651=ORIENTED_EDGE('',*,*,#3654,.T.);
#3652=ORIENTED_EDGE('',*,*,#3655,.T.);
#3653=EDGE_CURVE('',#322,#320,#3656,.F.);
#3654=EDGE_CURVE('',#320,#324,#3657,.T.);
#3655=EDGE_CURVE('',#324,#322,#3658,.T.);
#3656=LINE('',#321,#3659);
#3657=LINE('',#319,#3660);
#3658=LINE('',#323,#3661);
#3659=VECTOR('',#3662,1.0);
#3660=VECTOR('',#3663,1.0);
#3661=VECTOR('',#3664,1.0);
#3662=DIRECTION('',(0.1288637174384083,0.9906115688750035,0.04563838229997076));
#3663=DIRECTION('',(-0.9838405139992944,-0.01263358171410703,0.1786007716295679));
#3664=DIRECTION('',(0.00013074341609244108,-0.9975710130817751,-0.06965670653397327));
#3665=STYLED_ITEM('',(#25),#3666);
#3666=FACE_SURFACE('',(#3671),#3667,.T.);
#3667=PLANE('',#3668);
#3668=AXIS2_PLACEMENT_3D('',#321,#3669,#3670);
#3669=DIRECTION('',(0.11358644046311037,-0.06919108250012836,0.99111589364987));
#3670=DIRECTION('',(-0.00013074341609244108,0.9975710130817751,0.06965670653397327));
#3671=FACE_BOUND('',#3672,.T.);
#3672=EDGE_LOOP('',(#3673,#3674,#3675));
#3673=ORIENTED_EDGE('',*,*,#3676,.T.);
#3674=ORIENTED_EDGE('',*,*,#3677,.T.);
#3675=ORIENTED_EDGE('',*,*,#3678,.T.);
#3676=EDGE_CURVE('',#322,#324,#3679,.F.);
#3677=EDGE_CURVE('',#324,#326,#3680,.T.);
#3678=EDGE_CURVE('',#326,#322,#3681,.T.);
#3679=LINE('',#321,#3682);
#3680=LINE('',#323,#3683);
#3681=LINE('',#325,#3684);
#3682=VECTOR('',#3685,1.0);
#3683=VECTOR('',#3686,1.0);
#3684=VECTOR('',#3687,1.0);
#3685=DIRECTION('',(-0.00013074341609244108,0.9975710130817751,0.06965670653397327));
#3686=DIRECTION('',(-0.13013312063575277,-0.9900139888315047,-0.05420030287308384));
#3687=DIRECTION('',(0.9935281038943804,0.008076308687180185,-0.11329907329729917));
#3688=STYLED_ITEM('',(#25),#3689);
#3689=FACE_SURFACE('',(#3694),#3690,.T.);
#3690=PLANE('',#3691);
#3691=AXIS2_PLACEMENT_3D('',#325,#3692,#3693);
#3692=DIRECTION('',(0.1136960849414504,-0.06920475426661754,0.991102367193159));
#3693=DIRECTION('',(0.13013312063575277,0.9900139888315047,0.05420030287308384));
#3694=FACE_BOUND('',#3695,.T.);
#3695=EDGE_LOOP('',(#3696,#3697,#3698));
#3696=ORIENTED_EDGE('',*,*,#3699,.T.);
#3697=ORIENTED_EDGE('',*,*,#3700,.T.);
#3698=ORIENTED_EDGE('',*,*,#3701,.T.);
#3699=EDGE_CURVE('',#326,#324,#3702,.F.);
#3700=EDGE_CURVE('',#324,#328,#3703,.T.);
#3701=EDGE_CURVE('',#328,#326,#3704,.T.);
#3702=LINE('',#325,#3705);
#3703=LINE('',#323,#3706);
#3704=LINE('',#327,#3707);
#3705=VECTOR('',#3708,1.0);
#3706=VECTOR('',#3709,1.0);
#3707=VECTOR('',#3710,1.0);
#3708=DIRECTION('',(0.13013312063575277,0.9900139888315047,0.05420030287308384));
#3709=DIRECTION('',(-0.993515571380668,-0.008018519619891352,0.11341301850867912));
#3710=DIRECTION('',(0.0001307422820483501,-0.9975699897012064,-0.06967136107462422));
#3711=STYLED_ITEM('',(#25),#3712);
#3712=FACE_SURFACE('',(#3717),#3713,.T.);
#3713=PLANE('',#3714);
#3714=AXIS2_PLACEMENT_3D('',#325,#3715,#3716);
#3715=DIRECTION('',(0.04777122288428392,-0.0695855875701074,0.9964315110767339));
#3716=DIRECTION('',(-0.0001307422820483501,0.9975699897012064,0.06967136107462422));
#3717=FACE_BOUND('',#3718,.T.);
#3718=EDGE_LOOP('',(#3719,#3720,#3721));
#3719=ORIENTED_EDGE('',*,*,#3722,.T.);
#3720=ORIENTED_EDGE('',*,*,#3723,.T.);
#3721=ORIENTED_EDGE('',*,*,#3724,.T.);
#3722=EDGE_CURVE('',#326,#328,#3725,.F.);
#3723=EDGE_CURVE('',#328,#330,#3726,.T.);
#3724=EDGE_CURVE('',#330,#326,#3727,.T.);
#3725=LINE('',#325,#3728);
#3726=LINE('',#327,#3729);
#3727=LINE('',#329,#3730);
#3728=VECTOR('',#3731,1.0);
#3729=VECTOR('',#3732,1.0);
#3730=VECTOR('',#3733,1.0);
#3731=DIRECTION('',(-0.0001307422820483501,0.9975699897012064,0.06967136107462422));
#3732=DIRECTION('',(-0.13083330011826216,-0.9894119099948486,-0.06282292527820027));
#3733=DIRECTION('',(0.9988583005300753,0.0034035629749896578,-0.04764988164985521));
#3734=STYLED_ITEM('',(#25),#3735);
#3735=FACE_SURFACE('',(#3740),#3736,.T.);
#3736=PLANE('',#3737);
#3737=AXIS2_PLACEMENT_3D('',#329,#3738,#3739);
#3738=DIRECTION('',(0.04766039751552087,-0.06957133292767953,0.9964378134852814));
#3739=DIRECTION('',(0.13083330011826216,0.9894119099948486,0.06282292527820027));
#3740=FACE_BOUND('',#3741,.T.);
#3741=EDGE_LOOP('',(#3742,#3743,#3744));
#3742=ORIENTED_EDGE('',*,*,#3745,.T.);
#3743=ORIENTED_EDGE('',*,*,#3746,.T.);
#3744=ORIENTED_EDGE('',*,*,#3747,.T.);
#3745=EDGE_CURVE('',#330,#328,#3748,.F.);
#3746=EDGE_CURVE('',#328,#332,#3749,.T.);
#3747=EDGE_CURVE('',#332,#330,#3750,.T.);
#3748=LINE('',#329,#3751);
#3749=LINE('',#327,#3752);
#3750=LINE('',#331,#3753);
#3751=VECTOR('',#3754,1.0);
#3752=VECTOR('',#3755,1.0);
#3753=VECTOR('',#3756,1.0);
#3754=DIRECTION('',(0.13083330011826216,0.9894119099948486,0.06282292527820027));
#3755=DIRECTION('',(-0.9988635874722746,-0.003461268803387902,0.047534758233193856));
#3756=DIRECTION('',(0.00013074341609244108,-0.9975710130817751,-0.06965670653397327));
#3757=STYLED_ITEM('',(#25),#3758);
#3758=FACE_SURFACE('',(#3763),#3759,.T.);
#3759=PLANE('',#3760);
#3760=AXIS2_PLACEMENT_3D('',#329,#3761,#3762);
#3761=DIRECTION('',(-0.018495551295173752,-0.06964720413603652,0.9974002113185664));
#3762=DIRECTION('',(-0.00013074341609244108,0.9975710130817751,0.06965670653397327));
#3763=FACE_BOUND('',#3764,.T.);
#3764=EDGE_LOOP('',(#3765,#3766,#3767));
#3765=ORIENTED_EDGE('',*,*,#3768,.T.);
#3766=ORIENTED_EDGE('',*,*,#3769,.T.);
#3767=ORIENTED_EDGE('',*,*,#3770,.T.);
#3768=EDGE_CURVE('',#330,#332,#3771,.F.);
#3769=EDGE_CURVE('',#332,#334,#3772,.T.);
#3770=EDGE_CURVE('',#334,#330,#3773,.T.);
#3771=LINE('',#329,#3774);
#3772=LINE('',#331,#3775);
#3773=LINE('',#333,#3776);
#3774=VECTOR('',#3777,1.0);
#3775=VECTOR('',#3778,1.0);
#3776=VECTOR('',#3779,1.0);
#3777=DIRECTION('',(-0.00013074341609244108,0.9975710130817751,0.06965670653397327));
#3778=DIRECTION('',(-0.13096051987802984,-0.9888076491331953,-0.07147569691132839));
#3779=DIRECTION('',(0.9998289335552731,-0.001153751495144878,0.018460023922318047));
#3780=STYLED_ITEM('',(#25),#3781);
#3781=FACE_SURFACE('',(#3786),#3782,.T.);
#3782=PLANE('',#3783);
#3783=AXIS2_PLACEMENT_3D('',#333,#3784,#3785);
#3784=DIRECTION('',(-0.018380491411249603,-0.06966251943371393,0.9974012687587821));
#3785=DIRECTION('',(0.13096051987802984,0.9888076491331953,0.07147569691132839));
#3786=FACE_BOUND('',#3787,.T.);
#3787=EDGE_LOOP('',(#3788,#3789,#3790));
#3788=ORIENTED_EDGE('',*,*,#3791,.T.);
#3789=ORIENTED_EDGE('',*,*,#3792,.T.);
#3790=ORIENTED_EDGE('',*,*,#3793,.T.);
#3791=EDGE_CURVE('',#334,#332,#3794,.F.);
#3792=EDGE_CURVE('',#332,#336,#3795,.T.);
#3793=EDGE_CURVE('',#336,#334,#3796,.T.);
#3794=LINE('',#333,#3797);
#3795=LINE('',#331,#3798);
#3796=LINE('',#335,#3799);
#3797=VECTOR('',#3800,1.0);
#3798=VECTOR('',#3801,1.0);
#3799=VECTOR('',#3802,1.0);
#3800=DIRECTION('',(0.13096051987802984,0.9888076491331953,0.07147569691132839));
#3801=DIRECTION('',(-0.9998310564092048,0.001153753814792942,-0.01834468565520778));
#3802=DIRECTION('',(0.00013075817832925487,-0.99756995266502,-0.06967189133508954));
#3803=STYLED_ITEM('',(#25),#3804);
#3804=FACE_SURFACE('',(#3809),#3805,.T.);
#3805=PLANE('',#3806);
#3806=AXIS2_PLACEMENT_3D('',#333,#3807,#3808);
#3807=DIRECTION('',(-0.08441742389715956,-0.06943420805754996,0.9940083446802589));
#3808=DIRECTION('',(-0.00013075817832925487,0.99756995266502,0.06967189133508954));
#3809=FACE_BOUND('',#3810,.T.);
#3810=EDGE_LOOP('',(#3811,#3812,#3813));
#3811=ORIENTED_EDGE('',*,*,#3814,.T.);
#3812=ORIENTED_EDGE('',*,*,#3815,.T.);
#3813=ORIENTED_EDGE('',*,*,#3816,.T.);
#3814=EDGE_CURVE('',#334,#336,#3817,.F.);
#3815=EDGE_CURVE('',#336,#338,#3818,.T.);
#3816=EDGE_CURVE('',#338,#334,#3819,.T.);
#3817=LINE('',#333,#3820);
#3818=LINE('',#335,#3821);
#3819=LINE('',#337,#3822);
#3820=VECTOR('',#3823,1.0);
#3821=VECTOR('',#3824,1.0);
#3822=VECTOR('',#3825,1.0);
#3823=DIRECTION('',(-0.00013075817832925487,0.99756995266502,0.06967189133508954));
#3824=DIRECTION('',(-0.13051366550292648,-0.9882044916097685,-0.0801128321760579));
#3825=DIRECTION('',(0.996430463828058,-0.005711092335047054,0.08422418999160303));
#3826=STYLED_ITEM('',(#25),#3827);
#3827=FACE_SURFACE('',(#3832),#3828,.T.);
#3828=PLANE('',#3829);
#3829=AXIS2_PLACEMENT_3D('',#337,#3830,#3831);
#3830=DIRECTION('',(-0.08442142464254329,-0.0694336552581069,0.9940080435181706));
#3831=DIRECTION('',(0.13051366550292648,0.9882044916097685,0.0801128321760579));
#3832=FACE_BOUND('',#3833,.T.);
#3833=EDGE_LOOP('',(#3834,#3835,#3836));
#3834=ORIENTED_EDGE('',*,*,#3837,.T.);
#3835=ORIENTED_EDGE('',*,*,#3838,.T.);
#3836=ORIENTED_EDGE('',*,*,#3839,.T.);
#3837=EDGE_CURVE('',#338,#336,#3840,.F.);
#3838=EDGE_CURVE('',#336,#340,#3841,.T.);
#3839=EDGE_CURVE('',#340,#338,#3842,.T.);
#3840=LINE('',#337,#3843);
#3841=LINE('',#335,#3844);
#3842=LINE('',#339,#3845);
#3843=VECTOR('',#3846,1.0);
#3844=VECTOR('',#3847,1.0);
#3845=VECTOR('',#3848,1.0);
#3846=DIRECTION('',(0.13051366550292648,0.9882044916097685,0.0801128321760579));
#3847=DIRECTION('',(-0.9964301330828725,0.005768778873885172,-0.08422417155872351));
#3848=DIRECTION('',(0.0001307422820483501,-0.9975699897012064,-0.06967136107462422));
#3849=STYLED_ITEM('',(#25),#3850);
#3850=FACE_SURFACE('',(#3855),#3851,.T.);
#3851=PLANE('',#3852);
#3852=AXIS2_PLACEMENT_3D('',#337,#3853,#3854);
#3853=DIRECTION('',(-0.15011274848484935,-0.0689014857870754,0.9862650495676393));
#3854=DIRECTION('',(-0.0001307422820483501,0.9975699897012064,0.06967136107462422));
#3855=FACE_BOUND('',#3856,.T.);
#3856=EDGE_LOOP('',(#3857,#3858,#3859));
#3857=ORIENTED_EDGE('',*,*,#3860,.T.);
#3858=ORIENTED_EDGE('',*,*,#3861,.T.);
#3859=ORIENTED_EDGE('',*,*,#3862,.T.);
#3860=EDGE_CURVE('',#338,#340,#3863,.F.);
#3861=EDGE_CURVE('',#340,#342,#3864,.T.);
#3862=EDGE_CURVE('',#342,#338,#3865,.T.);
#3863=LINE('',#337,#3866);
#3864=LINE('',#339,#3867);
#3865=LINE('',#341,#3868);
#3866=VECTOR('',#3869,1.0);
#3867=VECTOR('',#3870,1.0);
#3868=VECTOR('',#3871,1.0);
#3869=DIRECTION('',(-0.0001307422820483501,0.9975699897012064,0.06967136107462422));
#3870=DIRECTION('',(-0.12949596267166028,-0.9876043044810955,-0.0887047542251908));
#3871=DIRECTION('',(0.9886688751675373,-0.01032609538797472,0.1497572269674993));
#3872=STYLED_ITEM('',(#25),#3873);
#3873=FACE_SURFACE('',(#3878),#3874,.T.);
#3874=PLANE('',#3875);
#3875=AXIS2_PLACEMENT_3D('',#341,#3876,#3877);
#3876=DIRECTION('',(-0.15011274848484935,-0.0689014857870754,0.9862650495676393));
#3877=DIRECTION('',(0.12949596267166028,0.9876043044810955,0.0887047542251908));
#3878=FACE_BOUND('',#3879,.T.);
#3879=EDGE_LOOP('',(#3880,#3881,#3882));
#3880=ORIENTED_EDGE('',*,*,#3883,.T.);
#3881=ORIENTED_EDGE('',*,*,#3884,.T.);
#3882=ORIENTED_EDGE('',*,*,#3885,.T.);
#3883=EDGE_CURVE('',#342,#340,#3886,.F.);
#3884=EDGE_CURVE('',#340,#344,#3887,.T.);
#3885=EDGE_CURVE('',#344,#342,#3888,.T.);
#3886=LINE('',#341,#3889);
#3887=LINE('',#339,#3890);
#3888=LINE('',#343,#3891);
#3889=VECTOR('',#3892,1.0);
#3890=VECTOR('',#3893,1.0);
#3891=VECTOR('',#3894,1.0);
#3892=DIRECTION('',(0.12949596267166028,0.9876043044810955,0.0887047542251908));
#3893=DIRECTION('',(-0.9886688751675373,0.01032609538797472,-0.1497572269674993));
#3894=DIRECTION('',(0.0001307422820483501,-0.9975699897012064,-0.06967136107462422));
#3895=STYLED_ITEM('',(#25),#3896);
#3896=FACE_SURFACE('',(#3901),#3897,.T.);
#3897=PLANE('',#3898);
#3898=AXIS2_PLACEMENT_3D('',#341,#3899,#3900);
#3899=DIRECTION('',(-0.21511423999518273,-0.06806833404545787,0.9742138192673981));
#3900=DIRECTION('',(-0.0001307422820483501,0.9975699897012064,0.06967136107462422));
#3901=FACE_BOUND('',#3902,.T.);
#3902=EDGE_LOOP('',(#3903,#3904,#3905));
#3903=ORIENTED_EDGE('',*,*,#3906,.T.);
#3904=ORIENTED_EDGE('',*,*,#3907,.T.);
#3905=ORIENTED_EDGE('',*,*,#3908,.T.);
#3906=EDGE_CURVE('',#342,#344,#3909,.F.);
#3907=EDGE_CURVE('',#344,#346,#3910,.T.);
#3908=EDGE_CURVE('',#346,#342,#3911,.T.);
#3909=LINE('',#341,#3912);
#3910=LINE('',#343,#3913);
#3911=LINE('',#345,#3914);
#3912=VECTOR('',#3915,1.0);
#3913=VECTOR('',#3916,1.0);
#3914=VECTOR('',#3917,1.0);
#3915=DIRECTION('',(-0.0001307422820483501,0.9975699897012064,0.06967136107462422));
#3916=DIRECTION('',(-0.12791224982405705,-0.9870103125118009,-0.09720647787213145));
#3917=DIRECTION('',(0.976588885944773,-0.014883462805703919,0.21459876603573091));
#3918=STYLED_ITEM('',(#25),#3919);
#3919=FACE_SURFACE('',(#3924),#3920,.T.);
#3920=PLANE('',#3921);
#3921=AXIS2_PLACEMENT_3D('',#345,#3922,#3923);
#3922=DIRECTION('',(-0.21511045245866106,-0.06806890334100742,0.9742146158013555));
#3923=DIRECTION('',(0.12791224982405705,0.9870103125118009,0.09720647787213145));
#3924=FACE_BOUND('',#3925,.T.);
#3925=EDGE_LOOP('',(#3926,#3927,#3928));
#3926=ORIENTED_EDGE('',*,*,#3929,.T.);
#3927=ORIENTED_EDGE('',*,*,#3930,.T.);
#3928=ORIENTED_EDGE('',*,*,#3931,.T.);
#3929=EDGE_CURVE('',#346,#344,#3932,.F.);
#3930=EDGE_CURVE('',#344,#348,#3933,.T.);
#3931=EDGE_CURVE('',#348,#346,#3934,.T.);
#3932=LINE('',#345,#3935);
#3933=LINE('',#343,#3936);
#3934=LINE('',#347,#3937);
#3935=VECTOR('',#3938,1.0);
#3936=VECTOR('',#3939,1.0);
#3937=VECTOR('',#3940,1.0);
#3938=DIRECTION('',(0.12791224982405705,0.9870103125118009,0.09720647787213145));
#3939=DIRECTION('',(-0.9765897123878193,0.014825790932734182,-0.21459899715864264));
#3940=DIRECTION('',(0.00013071347467930793,-0.9975699526708502,-0.06967189133549673));
#3941=STYLED_ITEM('',(#25),#3942);
#3942=FACE_SURFACE('',(#3947),#3943,.T.);
#3943=PLANE('',#3944);
#3944=AXIS2_PLACEMENT_3D('',#345,#3945,#3946);
#3945=DIRECTION('',(-0.2791869509540053,-0.06693791694336743,0.9579008099444788));
#3946=DIRECTION('',(-0.00013071347467930793,0.9975699526708502,0.06967189133549673));
#3947=FACE_BOUND('',#3948,.T.);
#3948=EDGE_LOOP('',(#3949,#3950,#3951));
#3949=ORIENTED_EDGE('',*,*,#3952,.T.);
#3950=ORIENTED_EDGE('',*,*,#3953,.T.);
#3951=ORIENTED_EDGE('',*,*,#3954,.T.);
#3952=EDGE_CURVE('',#346,#348,#3955,.F.);
#3953=EDGE_CURVE('',#348,#350,#3956,.T.);
#3954=EDGE_CURVE('',#350,#346,#3957,.T.);
#3955=LINE('',#345,#3958);
#3956=LINE('',#347,#3959);
#3957=LINE('',#349,#3960);
#3958=VECTOR('',#3961,1.0);
#3959=VECTOR('',#3962,1.0);
#3960=VECTOR('',#3963,1.0);
#3961=DIRECTION('',(-0.00013071347467930793,0.9975699526708502,0.06967189133549673));
#3962=DIRECTION('',(-0.12576868207814415,-0.9864246323066037,-0.10558732588293171));
#3963=DIRECTION('',(0.9602367568079127,-0.019325456140866566,0.2785173201435934));
#3964=STYLED_ITEM('',(#25),#3965);
#3965=FACE_SURFACE('',(#3970),#3966,.T.);
#3966=PLANE('',#3967);
#3967=AXIS2_PLACEMENT_3D('',#349,#3968,#3969);
#3968=DIRECTION('',(-0.2792929510286252,-0.06692121923104852,0.9578710758355489));
#3969=DIRECTION('',(0.12576868207814415,0.9864246323066037,0.10558732588293171));
#3970=FACE_BOUND('',#3971,.T.);
#3971=EDGE_LOOP('',(#3972,#3973,#3974));
#3972=ORIENTED_EDGE('',*,*,#3975,.T.);
#3973=ORIENTED_EDGE('',*,*,#3976,.T.);
#3974=ORIENTED_EDGE('',*,*,#3977,.T.);
#3975=EDGE_CURVE('',#350,#348,#3978,.F.);
#3976=EDGE_CURVE('',#348,#352,#3979,.T.);
#3977=EDGE_CURVE('',#352,#350,#3980,.T.);
#3978=LINE('',#349,#3981);
#3979=LINE('',#347,#3982);
#3980=LINE('',#351,#3983);
#3981=VECTOR('',#3984,1.0);
#3982=VECTOR('',#3985,1.0);
#3983=VECTOR('',#3986,1.0);
#3984=DIRECTION('',(0.12576868207814415,0.9864246323066037,0.10558732588293171));
#3985=DIRECTION('',(-0.9602059306434939,0.019324826672007717,-0.27862362037551425));
#3986=DIRECTION('',(0.0001307732185574187,-0.9975710130778876,-0.06965670653370182));
#3987=STYLED_ITEM('',(#25),#3988);
#3988=FACE_SURFACE('',(#3993),#3989,.T.);
#3989=PLANE('',#3990);
#3990=AXIS2_PLACEMENT_3D('',#349,#3991,#3992);
#3991=DIRECTION('',(-0.3420969580902739,-0.06549857432869789,0.9373791164871819));
#3992=DIRECTION('',(-0.0001307732185574187,0.9975710130778876,0.06965670653370182));
#3993=FACE_BOUND('',#3994,.T.);
#3994=EDGE_LOOP('',(#3995,#3996,#3997));
#3995=ORIENTED_EDGE('',*,*,#3998,.T.);
#3996=ORIENTED_EDGE('',*,*,#3999,.T.);
#3997=ORIENTED_EDGE('',*,*,#4000,.T.);
#3998=EDGE_CURVE('',#350,#352,#4001,.F.);
#3999=EDGE_CURVE('',#352,#354,#4002,.T.);
#4000=EDGE_CURVE('',#354,#350,#4003,.T.);
#4001=LINE('',#349,#4004);
#4002=LINE('',#351,#4005);
#4003=LINE('',#353,#4006);
#4004=VECTOR('',#4007,1.0);
#4005=VECTOR('',#4008,1.0);
#4006=VECTOR('',#4009,1.0);
#4007=DIRECTION('',(-0.0001307732185574187,0.9975710130778876,0.06965670653370182));
#4008=DIRECTION('',(-0.123074180303572,-0.9858508859985479,-0.11380147942132353));
#4009=DIRECTION('',(0.939664650162501,-0.02370922573640021,0.34127440257066577));
#4010=STYLED_ITEM('',(#25),#4011);
#4011=FACE_SURFACE('',(#4016),#4012,.T.);
#4012=PLANE('',#4013);
#4013=AXIS2_PLACEMENT_3D('',#353,#4014,#4015);
#4014=DIRECTION('',(-0.3419953269272623,-0.06551540703192905,0.9374150243095933));
#4015=DIRECTION('',(0.123074180303572,0.9858508859985479,0.11380147942132353));
#4016=FACE_BOUND('',#4017,.T.);
#4017=EDGE_LOOP('',(#4018,#4019,#4020));
#4018=ORIENTED_EDGE('',*,*,#4021,.T.);
#4019=ORIENTED_EDGE('',*,*,#4022,.T.);
#4020=ORIENTED_EDGE('',*,*,#4023,.T.);
#4021=EDGE_CURVE('',#354,#352,#4024,.F.);
#4022=EDGE_CURVE('',#352,#356,#4025,.T.);
#4023=EDGE_CURVE('',#356,#354,#4026,.T.);
#4024=LINE('',#353,#4027);
#4025=LINE('',#351,#4028);
#4026=LINE('',#355,#4029);
#4027=VECTOR('',#4030,1.0);
#4028=VECTOR('',#4031,1.0);
#4029=VECTOR('',#4032,1.0);
#4030=DIRECTION('',(0.123074180303572,0.9858508859985479,0.11380147942132353));
#4031=DIRECTION('',(-0.9397016444254992,0.02371015916018307,-0.34117246051903327));
#4032=DIRECTION('',(0.00013077307954590365,-0.9975699526630762,-0.06967189133495379));
#4033=STYLED_ITEM('',(#25),#4034);
#4034=FACE_SURFACE('',(#4039),#4035,.T.);
#4035=PLANE('',#4036);
#4036=AXIS2_PLACEMENT_3D('',#353,#4037,#4038);
#4037=DIRECTION('',(-0.4034019583556872,-0.06380400060975104,0.9127956559389332));
#4038=DIRECTION('',(-0.00013077307954590365,0.9975699526630762,0.06967189133495379));
#4039=FACE_BOUND('',#4040,.T.);
#4040=EDGE_LOOP('',(#4041,#4042,#4043));
#4041=ORIENTED_EDGE('',*,*,#4044,.T.);
#4042=ORIENTED_EDGE('',*,*,#4045,.T.);
#4043=ORIENTED_EDGE('',*,*,#4046,.T.);
#4044=EDGE_CURVE('',#354,#356,#4047,.F.);
#4045=EDGE_CURVE('',#356,#358,#4048,.T.);
#4046=EDGE_CURVE('',#358,#354,#4049,.T.);
#4047=LINE('',#353,#4050);
#4048=LINE('',#355,#4051);
#4049=LINE('',#357,#4052);
#4050=VECTOR('',#4053,1.0);
#4051=VECTOR('',#4054,1.0);
#4052=VECTOR('',#4055,1.0);
#4053=DIRECTION('',(-0.00013077307954590365,0.9975699526630762,0.06967189133495379));
#4054=DIRECTION('',(-0.11984057010720478,-0.9852891842242171,-0.12183374412352756));
#4055=DIRECTION('',(0.9150228636337933,-0.027978615523020087,0.4024305605950271));
#4056=STYLED_ITEM('',(#25),#4057);
#4057=FACE_SURFACE('',(#4062),#4058,.T.);
#4058=PLANE('',#4059);
#4059=AXIS2_PLACEMENT_3D('',#357,#4060,#4061);
#4060=DIRECTION('',(-0.4034053263289178,-0.06380341199979839,0.9127942086290004));
#4061=DIRECTION('',(0.11984057010720478,0.9852891842242171,0.12183374412352756));
#4062=FACE_BOUND('',#4063,.T.);
#4063=EDGE_LOOP('',(#4064,#4065,#4066));
#4064=ORIENTED_EDGE('',*,*,#4067,.T.);
#4065=ORIENTED_EDGE('',*,*,#4068,.T.);
#4066=ORIENTED_EDGE('',*,*,#4069,.T.);
#4067=EDGE_CURVE('',#358,#356,#4070,.F.);
#4068=EDGE_CURVE('',#356,#360,#4071,.T.);
#4069=EDGE_CURVE('',#360,#358,#4072,.T.);
#4070=LINE('',#357,#4073);
#4071=LINE('',#355,#4074);
#4072=LINE('',#359,#4075);
#4073=VECTOR('',#4076,1.0);
#4074=VECTOR('',#4077,1.0);
#4075=VECTOR('',#4078,1.0);
#4076=DIRECTION('',(0.11984057010720478,0.9852891842242171,0.12183374412352756));
#4077=DIRECTION('',(-0.9150213852435386,0.028036258092195857,-0.40242991039332987));
#4078=DIRECTION('',(0.00013077208425482667,-0.9975699896973189,-0.06967136107435273));
#4079=STYLED_ITEM('',(#25),#4080);
#4080=FACE_SURFACE('',(#4085),#4081,.T.);
#4081=PLANE('',#4082);
#4082=AXIS2_PLACEMENT_3D('',#357,#4083,#4084);
#4083=DIRECTION('',(-0.4629717365560093,-0.061815213359250214,0.884214934587549));
#4084=DIRECTION('',(-0.00013077208425482667,0.9975699896973189,0.06967136107435273));
#4085=FACE_BOUND('',#4086,.T.);
#4086=EDGE_LOOP('',(#4087,#4088,#4089));
#4087=ORIENTED_EDGE('',*,*,#4090,.T.);
#4088=ORIENTED_EDGE('',*,*,#4091,.T.);
#4089=ORIENTED_EDGE('',*,*,#4092,.T.);
#4090=EDGE_CURVE('',#358,#360,#4093,.F.);
#4091=EDGE_CURVE('',#360,#362,#4094,.T.);
#4092=EDGE_CURVE('',#362,#358,#4095,.T.);
#4093=LINE('',#357,#4096);
#4094=LINE('',#359,#4097);
#4095=LINE('',#361,#4098);
#4096=VECTOR('',#4099,1.0);
#4097=VECTOR('',#4100,1.0);
#4098=VECTOR('',#4101,1.0);
#4099=DIRECTION('',(-0.00013077208425482667,0.9975699896973189,0.06967136107435273));
#4100=DIRECTION('',(-0.11608182581756418,-0.9847450522571852,-0.12962326862818377));
#4101=DIRECTION('',(0.8863730322059239,-0.03213257787021629,0.4618553293158916));
#4102=STYLED_ITEM('',(#25),#4103);
#4103=FACE_SURFACE('',(#4108),#4104,.T.);
#4104=PLANE('',#4105);
#4105=AXIS2_PLACEMENT_3D('',#361,#4106,#4107);
#4106=DIRECTION('',(-0.46297210646137166,-0.061815144890339666,0.8842147456929831));
#4107=DIRECTION('',(0.11608182581756418,0.9847450522571852,0.12962326862818377));
#4108=FACE_BOUND('',#4109,.T.);
#4109=EDGE_LOOP('',(#4110,#4111,#4112));
#4110=ORIENTED_EDGE('',*,*,#4113,.T.);
#4111=ORIENTED_EDGE('',*,*,#4114,.T.);
#4112=ORIENTED_EDGE('',*,*,#4115,.T.);
#4113=EDGE_CURVE('',#362,#360,#4116,.F.);
#4114=EDGE_CURVE('',#360,#364,#4117,.T.);
#4115=EDGE_CURVE('',#364,#362,#4118,.T.);
#4116=LINE('',#361,#4119);
#4117=LINE('',#359,#4120);
#4118=LINE('',#363,#4121);
#4119=VECTOR('',#4122,1.0);
#4120=VECTOR('',#4123,1.0);
#4121=VECTOR('',#4124,1.0);
#4122=DIRECTION('',(0.11608182581756418,0.9847450522571852,0.12962326862818377));
#4123=DIRECTION('',(-0.8863728390002322,0.03213260354299056,-0.4618556983216919));
#4124=DIRECTION('',(0.0001306528754289183,-0.9975699897128633,-0.06967136107543835));
#4125=STYLED_ITEM('',(#25),#4126);
#4126=FACE_SURFACE('',(#4131),#4127,.T.);
#4127=PLANE('',#4128);
#4128=AXIS2_PLACEMENT_3D('',#361,#4129,#4130);
#4129=DIRECTION('',(-0.5205645466363157,-0.059554811398227485,0.8517427881847011));
#4130=DIRECTION('',(-0.0001306528754289183,0.9975699897128633,0.06967136107543835));
#4131=FACE_BOUND('',#4132,.T.);
#4132=EDGE_LOOP('',(#4133,#4134,#4135));
#4133=ORIENTED_EDGE('',*,*,#4136,.T.);
#4134=ORIENTED_EDGE('',*,*,#4137,.T.);
#4135=ORIENTED_EDGE('',*,*,#4138,.T.);
#4136=EDGE_CURVE('',#362,#364,#4139,.F.);
#4137=EDGE_CURVE('',#364,#366,#4140,.T.);
#4138=EDGE_CURVE('',#366,#362,#4141,.T.);
#4139=LINE('',#361,#4142);
#4140=LINE('',#363,#4143);
#4141=LINE('',#365,#4144);
#4142=VECTOR('',#4145,1.0);
#4143=VECTOR('',#4146,1.0);
#4144=VECTOR('',#4147,1.0);
#4145=DIRECTION('',(-0.0001306528754289183,0.9975699897128633,0.06967136107543835));
#4146=DIRECTION('',(-0.11181599429758941,-0.9842180552318287,-0.13715685609884176));
#4147=DIRECTION('',(0.8538223108644974,-0.036170310236591716,0.5193064318178606));
#4148=STYLED_ITEM('',(#25),#4149);
#4149=FACE_SURFACE('',(#4154),#4150,.T.);
#4150=PLANE('',#4151);
#4151=AXIS2_PLACEMENT_3D('',#365,#4152,#4153);
#4152=DIRECTION('',(-0.5206451132704877,-0.05953895016627772,0.851694651527564));
#4153=DIRECTION('',(0.11181599429758941,0.9842180552318287,0.13715685609884176));
#4154=FACE_BOUND('',#4155,.T.);
#4155=EDGE_LOOP('',(#4156,#4157,#4158));
#4156=ORIENTED_EDGE('',*,*,#4159,.T.);
#4157=ORIENTED_EDGE('',*,*,#4160,.T.);
#4158=ORIENTED_EDGE('',*,*,#4161,.T.);
#4159=EDGE_CURVE('',#366,#364,#4162,.F.);
#4160=EDGE_CURVE('',#364,#368,#4163,.T.);
#4161=EDGE_CURVE('',#368,#366,#4164,.T.);
#4162=LINE('',#365,#4165);
#4163=LINE('',#363,#4166);
#4164=LINE('',#367,#4167);
#4165=VECTOR('',#4168,1.0);
#4166=VECTOR('',#4169,1.0);
#4167=VECTOR('',#4170,1.0);
#4168=DIRECTION('',(0.11181599429758941,0.9842180552318287,0.13715685609884176));
#4169=DIRECTION('',(-0.853773176846802,0.03611050608467514,-0.5193913686683945));
#4170=DIRECTION('',(0.0001307732185574187,-0.9975710130778876,-0.06965670653370182));
#4171=STYLED_ITEM('',(#25),#4172);
#4172=FACE_SURFACE('',(#4177),#4173,.T.);
#4173=PLANE('',#4174);
#4174=AXIS2_PLACEMENT_3D('',#365,#4175,#4176);
#4175=DIRECTION('',(-0.5758512369204644,-0.0570232768101121,0.8155634241670041));
#4176=DIRECTION('',(-0.0001307732185574187,0.9975710130778876,0.06965670653370182));
#4177=FACE_BOUND('',#4178,.T.);
#4178=EDGE_LOOP('',(#4179,#4180,#4181));
#4179=ORIENTED_EDGE('',*,*,#4182,.T.);
#4180=ORIENTED_EDGE('',*,*,#4183,.T.);
#4181=ORIENTED_EDGE('',*,*,#4184,.T.);
#4182=EDGE_CURVE('',#366,#368,#4185,.F.);
#4183=EDGE_CURVE('',#368,#370,#4186,.T.);
#4184=EDGE_CURVE('',#370,#366,#4187,.T.);
#4185=LINE('',#365,#4188);
#4186=LINE('',#367,#4189);
#4187=LINE('',#369,#4190);
#4188=VECTOR('',#4191,1.0);
#4189=VECTOR('',#4192,1.0);
#4190=VECTOR('',#4193,1.0);
#4191=DIRECTION('',(-0.0001307732185574187,0.9975710130778876,0.06965670653370182));
#4192=DIRECTION('',(-0.10706158890520509,-0.9837143692541338,-0.14437401394999888));
#4193=DIRECTION('',(0.8175544885263966,-0.0400355236093971,0.5744578445279197));
#4194=STYLED_ITEM('',(#25),#4195);
#4195=FACE_SURFACE('',(#4200),#4196,.T.);
#4196=PLANE('',#4197);
#4197=AXIS2_PLACEMENT_3D('',#369,#4198,#4199);
#4198=DIRECTION('',(-0.5758512369204644,-0.0570232768101121,0.8155634241670041));
#4199=DIRECTION('',(0.10706158890520509,0.9837143692541338,0.14437401394999888));
#4200=FACE_BOUND('',#4201,.T.);
#4201=EDGE_LOOP('',(#4202,#4203,#4204));
#4202=ORIENTED_EDGE('',*,*,#4205,.T.);
#4203=ORIENTED_EDGE('',*,*,#4206,.T.);
#4204=ORIENTED_EDGE('',*,*,#4207,.T.);
#4205=EDGE_CURVE('',#370,#368,#4208,.F.);
#4206=EDGE_CURVE('',#368,#372,#4209,.T.);
#4207=EDGE_CURVE('',#372,#370,#4210,.T.);
#4208=LINE('',#369,#4211);
#4209=LINE('',#367,#4212);
#4210=LINE('',#371,#4213);
#4211=VECTOR('',#4214,1.0);
#4212=VECTOR('',#4215,1.0);
#4213=VECTOR('',#4216,1.0);
#4214=DIRECTION('',(0.10706158890520509,0.9837143692541338,0.14437401394999888));
#4215=DIRECTION('',(-0.8175544885263966,0.0400355236093971,-0.5744578445279197));
#4216=DIRECTION('',(0.0001307732185574187,-0.9975710130778876,-0.06965670653370182));
#4217=STYLED_ITEM('',(#25),#4218);
#4218=FACE_SURFACE('',(#4223),#4219,.T.);
#4219=PLANE('',#4220);
#4220=AXIS2_PLACEMENT_3D('',#369,#4221,#4222);
#4221=DIRECTION('',(-0.6286728917304484,-0.054251934547492144,0.7757751754220618));
#4222=DIRECTION('',(-0.0001307732185574187,0.9975710130778876,0.06965670653370182));
#4223=FACE_BOUND('',#4224,.T.);
#4224=EDGE_LOOP('',(#4225,#4226,#4227));
#4225=ORIENTED_EDGE('',*,*,#4228,.T.);
#4226=ORIENTED_EDGE('',*,*,#4229,.T.);
#4227=ORIENTED_EDGE('',*,*,#4230,.T.);
#4228=EDGE_CURVE('',#370,#372,#4231,.F.);
#4229=EDGE_CURVE('',#372,#374,#4232,.T.);
#4230=EDGE_CURVE('',#374,#370,#4233,.T.);
#4231=LINE('',#369,#4234);
#4232=LINE('',#371,#4235);
#4233=LINE('',#373,#4236);
#4234=VECTOR('',#4237,1.0);
#4235=VECTOR('',#4238,1.0);
#4236=VECTOR('',#4239,1.0);
#4237=DIRECTION('',(-0.0001307732185574187,0.9975710130778876,0.06965670653370182));
#4238=DIRECTION('',(-0.10183637075020066,-0.9832303410000399,-0.1512859878818025));
#4239=DIRECTION('',(0.7776698356670777,-0.0436677656448755,0.6271544888917918));
#4240=STYLED_ITEM('',(#25),#4241);
#4241=FACE_SURFACE('',(#4246),#4242,.T.);
#4242=PLANE('',#4243);
#4243=AXIS2_PLACEMENT_3D('',#373,#4244,#4245);
#4244=DIRECTION('',(-0.6286037204204091,-0.05426755495152022,0.7758301329242142));
#4245=DIRECTION('',(0.10183637075020066,0.9832303410000399,0.1512859878818025));
#4246=FACE_BOUND('',#4247,.T.);
#4247=EDGE_LOOP('',(#4248,#4249,#4250));
#4248=ORIENTED_EDGE('',*,*,#4251,.T.);
#4249=ORIENTED_EDGE('',*,*,#4252,.T.);
#4250=ORIENTED_EDGE('',*,*,#4253,.T.);
#4251=EDGE_CURVE('',#374,#372,#4254,.F.);
#4252=EDGE_CURVE('',#372,#376,#4255,.T.);
#4253=EDGE_CURVE('',#376,#374,#4256,.T.);
#4254=LINE('',#373,#4257);
#4255=LINE('',#371,#4258);
#4256=LINE('',#375,#4259);
#4257=VECTOR('',#4260,1.0);
#4258=VECTOR('',#4261,1.0);
#4259=VECTOR('',#4262,1.0);
#4260=DIRECTION('',(0.10183637075020066,0.9832303410000399,0.1512859878818025));
#4261=DIRECTION('',(-0.777725748857633,0.043670955901263915,-0.6270849281991265));
#4262=DIRECTION('',(0.00013065386981271081,-0.9975699526786206,-0.06967189133603943));
#4263=STYLED_ITEM('',(#25),#4264);
#4264=FACE_SURFACE('',(#4269),#4265,.T.);
#4265=PLANE('',#4266);
#4266=AXIS2_PLACEMENT_3D('',#373,#4267,#4268);
#4267=DIRECTION('',(-0.6786619060544051,-0.051259032607757195,0.732659899848981));
#4268=DIRECTION('',(-0.00013065386981271081,0.9975699526786206,0.06967189133603943));
#4269=FACE_BOUND('',#4270,.T.);
#4270=EDGE_LOOP('',(#4271,#4272,#4273));
#4271=ORIENTED_EDGE('',*,*,#4274,.T.);
#4272=ORIENTED_EDGE('',*,*,#4275,.T.);
#4273=ORIENTED_EDGE('',*,*,#4276,.T.);
#4274=EDGE_CURVE('',#374,#376,#4277,.F.);
#4275=EDGE_CURVE('',#376,#378,#4278,.T.);
#4276=EDGE_CURVE('',#378,#374,#4279,.T.);
#4277=LINE('',#373,#4280);
#4278=LINE('',#375,#4281);
#4279=LINE('',#377,#4282);
#4280=VECTOR('',#4283,1.0);
#4281=VECTOR('',#4284,1.0);
#4282=VECTOR('',#4285,1.0);
#4283=DIRECTION('',(-0.00013065386981271081,0.9975699526786206,0.06967189133603943));
#4284=DIRECTION('',(-0.09616643647121949,-0.982771429950236,-0.15783641205373092));
#4285=DIRECTION('',(0.7344508154193885,-0.04718829813803763,0.6770193972469556));
#4286=STYLED_ITEM('',(#25),#4287);
#4287=FACE_SURFACE('',(#4292),#4288,.T.);
#4288=PLANE('',#4289);
#4289=AXIS2_PLACEMENT_3D('',#377,#4290,#4291);
#4290=DIRECTION('',(-0.6786614567638792,-0.05125914218010568,0.7326603083599447));
#4291=DIRECTION('',(0.09616643647121949,0.982771429950236,0.15783641205373092));
#4292=FACE_BOUND('',#4293,.T.);
#4293=EDGE_LOOP('',(#4294,#4295,#4296));
#4294=ORIENTED_EDGE('',*,*,#4297,.T.);
#4295=ORIENTED_EDGE('',*,*,#4298,.T.);
#4296=ORIENTED_EDGE('',*,*,#4299,.T.);
#4297=EDGE_CURVE('',#378,#376,#4300,.F.);
#4298=EDGE_CURVE('',#376,#380,#4301,.T.);
#4299=EDGE_CURVE('',#380,#378,#4302,.T.);
#4300=LINE('',#377,#4303);
#4301=LINE('',#375,#4304);
#4302=LINE('',#379,#4305);
#4303=VECTOR('',#4306,1.0);
#4304=VECTOR('',#4307,1.0);
#4305=VECTOR('',#4308,1.0);
#4306=DIRECTION('',(0.09616643647121949,0.982771429950236,0.15783641205373092));
#4307=DIRECTION('',(-0.7344512305718017,0.04718826689898145,-0.6770189490543354));
#4308=DIRECTION('',(0.00013077307954590365,-0.9975699526630762,-0.06967189133495379));
#4309=STYLED_ITEM('',(#25),#4310);
#4310=FACE_SURFACE('',(#4315),#4311,.T.);
#4311=PLANE('',#4312);
#4312=AXIS2_PLACEMENT_3D('',#377,#4313,#4314);
#4313=DIRECTION('',(-0.725725156189968,-0.04802787244694094,0.6863062881405552));
#4314=DIRECTION('',(-0.00013077307954590365,0.9975699526630762,0.06967189133495379));
#4315=FACE_BOUND('',#4316,.T.);
#4316=EDGE_LOOP('',(#4317,#4318,#4319));
#4317=ORIENTED_EDGE('',*,*,#4320,.T.);
#4318=ORIENTED_EDGE('',*,*,#4321,.T.);
#4319=ORIENTED_EDGE('',*,*,#4322,.T.);
#4320=EDGE_CURVE('',#378,#380,#4323,.F.);
#4321=EDGE_CURVE('',#380,#382,#4324,.T.);
#4322=EDGE_CURVE('',#382,#378,#4325,.T.);
#4323=LINE('',#377,#4326);
#4324=LINE('',#379,#4327);
#4325=LINE('',#381,#4328);
#4326=VECTOR('',#4329,1.0);
#4327=VECTOR('',#4330,1.0);
#4328=VECTOR('',#4331,1.0);
#4329=DIRECTION('',(-0.00013077307954590365,0.9975699526630762,0.06967189133495379));
#4330=DIRECTION('',(-0.09007517950721311,-0.98234042065861,-0.1639931705194104));
#4331=DIRECTION('',(0.6879847244654401,-0.05047583461626043,0.7239676850675067));
#4332=STYLED_ITEM('',(#25),#4333);
#4333=FACE_SURFACE('',(#4338),#4334,.T.);
#4334=PLANE('',#4335);
#4335=AXIS2_PLACEMENT_3D('',#381,#4336,#4337);
#4336=DIRECTION('',(-0.7257256062363969,-0.04802775312749045,0.686305820594827));
#4337=DIRECTION('',(0.09007517950721311,0.98234042065861,0.1639931705194104));
#4338=FACE_BOUND('',#4339,.T.);
#4339=EDGE_LOOP('',(#4340,#4341,#4342));
#4340=ORIENTED_EDGE('',*,*,#4343,.T.);
#4341=ORIENTED_EDGE('',*,*,#4344,.T.);
#4342=ORIENTED_EDGE('',*,*,#4345,.T.);
#4343=EDGE_CURVE('',#382,#380,#4346,.F.);
#4344=EDGE_CURVE('',#380,#384,#4347,.T.);
#4345=EDGE_CURVE('',#384,#382,#4348,.T.);
#4346=LINE('',#381,#4349);
#4347=LINE('',#379,#4350);
#4348=LINE('',#383,#4351);
#4349=VECTOR('',#4352,1.0);
#4350=VECTOR('',#4353,1.0);
#4351=VECTOR('',#4354,1.0);
#4352=DIRECTION('',(0.09007517950721311,0.98234042065861,0.1639931705194104));
#4353=DIRECTION('',(-0.6879842497424609,0.050475865917238294,-0.7239681340129607));
#4354=DIRECTION('',(0.00013065386981271081,-0.9975699526786206,-0.06967189133603943));
#4355=STYLED_ITEM('',(#25),#4356);
#4356=FACE_SURFACE('',(#4361),#4357,.T.);
#4357=PLANE('',#4358);
#4358=AXIS2_PLACEMENT_3D('',#381,#4359,#4360);
#4359=DIRECTION('',(-0.7695873583821033,-0.04458870181804181,0.6369828455214769));
#4360=DIRECTION('',(-0.00013065386981271081,0.9975699526786206,0.06967189133603943));
#4361=FACE_BOUND('',#4362,.T.);
#4362=EDGE_LOOP('',(#4363,#4364,#4365));
#4363=ORIENTED_EDGE('',*,*,#4366,.T.);
#4364=ORIENTED_EDGE('',*,*,#4367,.T.);
#4365=ORIENTED_EDGE('',*,*,#4368,.T.);
#4366=EDGE_CURVE('',#382,#384,#4369,.F.);
#4367=EDGE_CURVE('',#384,#386,#4370,.T.);
#4368=EDGE_CURVE('',#386,#382,#4371,.T.);
#4369=LINE('',#381,#4372);
#4370=LINE('',#383,#4373);
#4371=LINE('',#385,#4374);
#4372=VECTOR('',#4375,1.0);
#4373=VECTOR('',#4376,1.0);
#4374=VECTOR('',#4377,1.0);
#4375=DIRECTION('',(-0.00013065386981271081,0.9975699526786206,0.06967189133603943));
#4376=DIRECTION('',(-0.08358944482814834,-0.9819397926036105,-0.1697263928058927));
#4377=DIRECTION('',(0.6385415262334155,-0.05353524194881269,0.7677230601883613));
#4378=STYLED_ITEM('',(#25),#4379);
#4379=FACE_SURFACE('',(#4384),#4380,.T.);
#4380=PLANE('',#4381);
#4381=AXIS2_PLACEMENT_3D('',#385,#4382,#4383);
#4382=DIRECTION('',(-0.7695869154159071,-0.04458883047465275,0.6369833716962572));
#4383=DIRECTION('',(0.08358944482814834,0.9819397926036105,0.1697263928058927));
#4384=FACE_BOUND('',#4385,.T.);
#4385=EDGE_LOOP('',(#4386,#4387,#4388));
#4386=ORIENTED_EDGE('',*,*,#4389,.T.);
#4387=ORIENTED_EDGE('',*,*,#4390,.T.);
#4388=ORIENTED_EDGE('',*,*,#4391,.T.);
#4389=EDGE_CURVE('',#386,#384,#4392,.F.);
#4390=EDGE_CURVE('',#384,#388,#4393,.T.);
#4391=EDGE_CURVE('',#388,#386,#4394,.T.);
#4392=LINE('',#385,#4395);
#4393=LINE('',#383,#4396);
#4394=LINE('',#387,#4397);
#4395=VECTOR('',#4398,1.0);
#4396=VECTOR('',#4399,1.0);
#4397=VECTOR('',#4400,1.0);
#4398=DIRECTION('',(0.08358944482814834,0.9819397926036105,0.1697263928058927));
#4399=DIRECTION('',(-0.6385420600933238,0.053535211135338545,-0.767722618307204));
#4400=DIRECTION('',(0.00013077307954590365,-0.9975699526630762,-0.06967189133495379));
#4401=STYLED_ITEM('',(#25),#4402);
#4402=FACE_SURFACE('',(#4407),#4403,.T.);
#4403=PLANE('',#4404);
#4404=AXIS2_PLACEMENT_3D('',#385,#4405,#4406);
#4405=DIRECTION('',(-0.8100938565711778,-0.04095432567161557,0.5848680934658848));
#4406=DIRECTION('',(-0.00013077307954590365,0.9975699526630762,0.06967189133495379));
#4407=FACE_BOUND('',#4408,.T.);
#4408=EDGE_LOOP('',(#4409,#4410,#4411));
#4409=ORIENTED_EDGE('',*,*,#4412,.T.);
#4410=ORIENTED_EDGE('',*,*,#4413,.T.);
#4411=ORIENTED_EDGE('',*,*,#4414,.T.);
#4412=EDGE_CURVE('',#386,#388,#4415,.F.);
#4413=EDGE_CURVE('',#388,#390,#4416,.T.);
#4414=EDGE_CURVE('',#390,#386,#4417,.T.);
#4415=LINE('',#385,#4418);
#4416=LINE('',#387,#4419);
#4417=LINE('',#389,#4420);
#4418=VECTOR('',#4421,1.0);
#4419=VECTOR('',#4422,1.0);
#4420=VECTOR('',#4423,1.0);
#4421=DIRECTION('',(-0.00013077307954590365,0.9975699526630762,0.06967189133495379));
#4422=DIRECTION('',(-0.07673760200685922,-0.9815696608083151,-0.1750209742256227));
#4423=DIRECTION('',(0.5863002015729248,-0.05636376901107413,0.8081306819929646));
#4424=STYLED_ITEM('',(#25),#4425);
#4425=FACE_SURFACE('',(#4430),#4426,.T.);
#4426=PLANE('',#4427);
#4427=AXIS2_PLACEMENT_3D('',#389,#4428,#4429);
#4428=DIRECTION('',(-0.8101338455121734,-0.04094148290818632,0.5848136005027043));
#4429=DIRECTION('',(0.07673760200685922,0.9815696608083151,0.1750209742256227));
#4430=FACE_BOUND('',#4431,.T.);
#4431=EDGE_LOOP('',(#4432,#4433,#4434));
#4432=ORIENTED_EDGE('',*,*,#4435,.T.);
#4433=ORIENTED_EDGE('',*,*,#4436,.T.);
#4434=ORIENTED_EDGE('',*,*,#4437,.T.);
#4435=EDGE_CURVE('',#390,#388,#4438,.F.);
#4436=EDGE_CURVE('',#388,#392,#4439,.T.);
#4437=EDGE_CURVE('',#392,#390,#4440,.T.);
#4438=LINE('',#389,#4441);
#4439=LINE('',#387,#4442);
#4440=LINE('',#391,#4443);
#4441=VECTOR('',#4444,1.0);
#4442=VECTOR('',#4445,1.0);
#4443=VECTOR('',#4446,1.0);
#4444=DIRECTION('',(0.07673760200685922,0.9815696608083151,0.1750209742256227));
#4445=DIRECTION('',(-0.586244945264426,0.05635854361411708,-0.8081711320714231));
#4446=DIRECTION('',(0.0001306540086975062,-0.9975710130934322,-0.06965670653478724));
#4447=STYLED_ITEM('',(#25),#4448);
#4448=FACE_SURFACE('',(#4453),#4449,.T.);
#4449=PLANE('',#4450);
#4450=AXIS2_PLACEMENT_3D('',#389,#4451,#4452);
#4451=DIRECTION('',(-0.8471150112043233,-0.03712665186672883,0.5301110916717985));
#4452=DIRECTION('',(-0.0001306540086975062,0.9975710130934322,0.06965670653478724));
#4453=FACE_BOUND('',#4454,.T.);
#4454=EDGE_LOOP('',(#4455,#4456,#4457));
#4455=ORIENTED_EDGE('',*,*,#4458,.T.);
#4456=ORIENTED_EDGE('',*,*,#4459,.T.);
#4457=ORIENTED_EDGE('',*,*,#4460,.T.);
#4458=EDGE_CURVE('',#390,#392,#4461,.F.);
#4459=EDGE_CURVE('',#392,#394,#4462,.T.);
#4460=EDGE_CURVE('',#394,#390,#4463,.T.);
#4461=LINE('',#389,#4464);
#4462=LINE('',#391,#4465);
#4463=LINE('',#393,#4466);
#4464=VECTOR('',#4467,1.0);
#4465=VECTOR('',#4468,1.0);
#4466=VECTOR('',#4469,1.0);
#4467=DIRECTION('',(-0.0001306540086975062,0.9975710130934322,0.06965670653478724));
#4468=DIRECTION('',(-0.069549272404071,-0.9812304054212061,-0.1798604742154309));
#4469=DIRECTION('',(0.531409572940752,-0.058894989873185845,0.8450652317748997));
#4470=STYLED_ITEM('',(#25),#4471);
#4471=FACE_SURFACE('',(#4476),#4472,.T.);
#4472=PLANE('',#4473);
#4473=AXIS2_PLACEMENT_3D('',#393,#4474,#4475);
#4474=DIRECTION('',(-0.847083644227817,-0.03713791773628262,0.5301604235964188));
#4475=DIRECTION('',(0.069549272404071,0.9812304054212061,0.1798604742154309));
#4476=FACE_BOUND('',#4477,.T.);
#4477=EDGE_LOOP('',(#4478,#4479,#4480));
#4478=ORIENTED_EDGE('',*,*,#4481,.T.);
#4479=ORIENTED_EDGE('',*,*,#4482,.T.);
#4480=ORIENTED_EDGE('',*,*,#4483,.T.);
#4481=EDGE_CURVE('',#394,#392,#4484,.F.);
#4482=EDGE_CURVE('',#392,#396,#4485,.T.);
#4483=EDGE_CURVE('',#396,#394,#4486,.T.);
#4484=LINE('',#393,#4487);
#4485=LINE('',#391,#4488);
#4486=LINE('',#395,#4489);
#4487=VECTOR('',#4490,1.0);
#4488=VECTOR('',#4491,1.0);
#4489=VECTOR('',#4492,1.0);
#4490=DIRECTION('',(0.069549272404071,0.9812304054212061,0.1798604742154309));
#4491=DIRECTION('',(-0.5314595788746527,0.0589582209858451,-0.8450293747560265));
#4492=DIRECTION('',(0.0001306528754289183,-0.9975699897128633,-0.06967136107543835));
#4493=STYLED_ITEM('',(#25),#4494);
#4494=FACE_SURFACE('',(#4499),#4495,.T.);
#4495=PLANE('',#4496);
#4496=AXIS2_PLACEMENT_3D('',#393,#4497,#4498);
#4497=DIRECTION('',(-0.8803401354219665,-0.03316285859122846,0.4731822807072257));
#4498=DIRECTION('',(-0.0001306528754289183,0.9975699897128633,0.06967136107543835));
#4499=FACE_BOUND('',#4500,.T.);
#4500=EDGE_LOOP('',(#4501,#4502,#4503));
#4501=ORIENTED_EDGE('',*,*,#4504,.T.);
#4502=ORIENTED_EDGE('',*,*,#4505,.T.);
#4503=ORIENTED_EDGE('',*,*,#4506,.T.);
#4504=EDGE_CURVE('',#394,#396,#4507,.F.);
#4505=EDGE_CURVE('',#396,#398,#4508,.T.);
#4506=EDGE_CURVE('',#398,#394,#4509,.T.);
#4507=LINE('',#393,#4510);
#4508=LINE('',#395,#4511);
#4509=LINE('',#397,#4512);
#4510=VECTOR('',#4513,1.0);
#4511=VECTOR('',#4514,1.0);
#4512=VECTOR('',#4515,1.0);
#4513=DIRECTION('',(-0.0001306528754289183,0.9975699897128633,0.06967136107543835));
#4514=DIRECTION('',(-0.06205709552474667,-0.9809271583761564,-0.18420322161979563));
#4515=DIRECTION('',(0.4743429508630558,-0.06132755788801463,0.8782013980915886));
#4516=STYLED_ITEM('',(#25),#4517);
#4517=FACE_SURFACE('',(#4522),#4518,.T.);
#4518=PLANE('',#4519);
#4519=AXIS2_PLACEMENT_3D('',#397,#4520,#4521);
#4520=DIRECTION('',(-0.8803647471794582,-0.033152834395441554,0.4731371909871354));
#4521=DIRECTION('',(0.06205709552474667,0.9809271583761564,0.18420322161979563));
#4522=FACE_BOUND('',#4523,.T.);
#4523=EDGE_LOOP('',(#4524,#4525,#4526));
#4524=ORIENTED_EDGE('',*,*,#4527,.T.);
#4525=ORIENTED_EDGE('',*,*,#4528,.T.);
#4526=ORIENTED_EDGE('',*,*,#4529,.T.);
#4527=EDGE_CURVE('',#398,#396,#4530,.F.);
#4528=EDGE_CURVE('',#396,#400,#4531,.T.);
#4529=EDGE_CURVE('',#400,#398,#4532,.T.);
#4530=LINE('',#397,#4533);
#4531=LINE('',#395,#4534);
#4532=LINE('',#399,#4535);
#4533=VECTOR('',#4536,1.0);
#4534=VECTOR('',#4537,1.0);
#4535=VECTOR('',#4538,1.0);
#4536=DIRECTION('',(0.06205709552474667,0.9809271583761564,0.18420322161979563));
#4537=DIRECTION('',(-0.4742972645089369,0.0612638473472889,-0.8782305197882545));
#4538=DIRECTION('',(0.0001307732185574187,-0.9975710130778876,-0.06965670653370182));
#4539=STYLED_ITEM('',(#25),#4540);
#4540=FACE_SURFACE('',(#4545),#4541,.T.);
#4541=PLANE('',#4542);
#4542=AXIS2_PLACEMENT_3D('',#397,#4543,#4544);
#4543=DIRECTION('',(-0.9097984255589195,-0.02902973043191953,0.4140339353260327));
#4544=DIRECTION('',(-0.0001307732185574187,0.9975710130778876,0.06965670653370182));
#4545=FACE_BOUND('',#4546,.T.);
#4546=EDGE_LOOP('',(#4547,#4548,#4549));
#4547=ORIENTED_EDGE('',*,*,#4550,.T.);
#4548=ORIENTED_EDGE('',*,*,#4551,.T.);
#4549=ORIENTED_EDGE('',*,*,#4552,.T.);
#4550=EDGE_CURVE('',#398,#400,#4553,.F.);
#4551=EDGE_CURVE('',#400,#402,#4554,.T.);
#4552=EDGE_CURVE('',#402,#398,#4555,.T.);
#4553=LINE('',#397,#4556);
#4554=LINE('',#399,#4557);
#4555=LINE('',#401,#4558);
#4556=VECTOR('',#4559,1.0);
#4557=VECTOR('',#4560,1.0);
#4558=VECTOR('',#4561,1.0);
#4559=DIRECTION('',(-0.0001307732185574187,0.9975710130778876,0.06965670653370182));
#4560=DIRECTION('',(-0.054292019843531526,-0.9806559236686623,-0.18805939475302044));
#4561=DIRECTION('',(0.4150503620871567,-0.06327900625282866,0.9075951544047458));
#4562=STYLED_ITEM('',(#25),#4563);
#4563=FACE_SURFACE('',(#4568),#4564,.T.);
#4564=PLANE('',#4565);
#4565=AXIS2_PLACEMENT_3D('',#401,#4566,#4567);
#4566=DIRECTION('',(-0.9097792916277994,-0.029038731131392395,0.414075346548787));
#4567=DIRECTION('',(0.054292019843531526,0.9806559236686623,0.18805939475302044));
#4568=FACE_BOUND('',#4569,.T.);
#4569=EDGE_LOOP('',(#4570,#4571,#4572));
#4570=ORIENTED_EDGE('',*,*,#4573,.T.);
#4571=ORIENTED_EDGE('',*,*,#4574,.T.);
#4572=ORIENTED_EDGE('',*,*,#4575,.T.);
#4573=EDGE_CURVE('',#402,#400,#4576,.F.);
#4574=EDGE_CURVE('',#400,#404,#4577,.T.);
#4575=EDGE_CURVE('',#404,#402,#4578,.T.);
#4576=LINE('',#401,#4579);
#4577=LINE('',#399,#4580);
#4578=LINE('',#403,#4581);
#4579=VECTOR('',#4582,1.0);
#4580=VECTOR('',#4583,1.0);
#4581=VECTOR('',#4584,1.0);
#4582=DIRECTION('',(0.054292019843531526,0.9806559236686623,0.18805939475302044));
#4583=DIRECTION('',(-0.4150923086149386,0.06334309098191299,-0.9075715002982286));
#4584=DIRECTION('',(0.00013077208425482667,-0.9975699896973189,-0.06967136107435273));
#4585=STYLED_ITEM('',(#25),#4586);
#4586=FACE_SURFACE('',(#4591),#4587,.T.);
#4587=PLANE('',#4588);
#4588=AXIS2_PLACEMENT_3D('',#401,#4589,#4590);
#4589=DIRECTION('',(-0.9352247213032088,-0.024789474700861944,0.3531857904947344));
#4590=DIRECTION('',(-0.00013077208425482667,0.9975699896973189,0.06967136107435273));
#4591=FACE_BOUND('',#4592,.T.);
#4592=EDGE_LOOP('',(#4593,#4594,#4595));
#4593=ORIENTED_EDGE('',*,*,#4596,.T.);
#4594=ORIENTED_EDGE('',*,*,#4597,.T.);
#4595=ORIENTED_EDGE('',*,*,#4598,.T.);
#4596=EDGE_CURVE('',#402,#404,#4599,.F.);
#4597=EDGE_CURVE('',#404,#406,#4600,.T.);
#4598=EDGE_CURVE('',#406,#402,#4601,.T.);
#4599=LINE('',#401,#4602);
#4600=LINE('',#403,#4603);
#4601=LINE('',#405,#4604);
#4602=VECTOR('',#4605,1.0);
#4603=VECTOR('',#4606,1.0);
#4604=VECTOR('',#4607,1.0);
#4605=DIRECTION('',(-0.00013077208425482667,0.9975699896973189,0.06967136107435273));
#4606=DIRECTION('',(-0.04628962259231081,-0.9804224011157134,-0.19138752893216596));
#4607=DIRECTION('',(0.3540546642807414,-0.06513140510374468,0.9329540153567396));
#4608=STYLED_ITEM('',(#25),#4609);
#4609=FACE_SURFACE('',(#4614),#4610,.T.);
#4610=PLANE('',#4611);
#4611=AXIS2_PLACEMENT_3D('',#405,#4612,#4613);
#4612=DIRECTION('',(-0.9352244228176753,-0.024789640806990348,0.3531865692152048));
#4613=DIRECTION('',(0.04628962259231081,0.9804224011157134,0.19138752893216596));
#4614=FACE_BOUND('',#4615,.T.);
#4615=EDGE_LOOP('',(#4616,#4617,#4618));
#4616=ORIENTED_EDGE('',*,*,#4619,.T.);
#4617=ORIENTED_EDGE('',*,*,#4620,.T.);
#4618=ORIENTED_EDGE('',*,*,#4621,.T.);
#4619=EDGE_CURVE('',#406,#404,#4622,.F.);
#4620=EDGE_CURVE('',#404,#408,#4623,.T.);
#4621=EDGE_CURVE('',#408,#406,#4624,.T.);
#4622=LINE('',#405,#4625);
#4623=LINE('',#403,#4626);
#4624=LINE('',#407,#4627);
#4625=VECTOR('',#4628,1.0);
#4626=VECTOR('',#4629,1.0);
#4627=VECTOR('',#4630,1.0);
#4628=DIRECTION('',(0.04628962259231081,0.9804224011157134,0.19138752893216596));
#4629=DIRECTION('',(-0.354055452683777,0.065131384317423,-0.9329537176097119));
#4630=DIRECTION('',(0.00013089129308072953,-0.9975699896817607,-0.06967136107326613));
#4631=STYLED_ITEM('',(#25),#4632);
#4632=FACE_SURFACE('',(#4637),#4633,.T.);
#4633=PLANE('',#4634);
#4634=AXIS2_PLACEMENT_3D('',#405,#4635,#4636);
#4635=DIRECTION('',(-0.956583904412564,-0.020431114524916978,0.29074009592432287));
#4636=DIRECTION('',(-0.00013089129308072953,0.9975699896817607,0.06967136107326613));
#4637=FACE_BOUND('',#4638,.T.);
#4638=EDGE_LOOP('',(#4639,#4640,#4641));
#4639=ORIENTED_EDGE('',*,*,#4642,.T.);
#4640=ORIENTED_EDGE('',*,*,#4643,.T.);
#4641=ORIENTED_EDGE('',*,*,#4644,.T.);
#4642=EDGE_CURVE('',#406,#408,#4645,.F.);
#4643=EDGE_CURVE('',#408,#410,#4646,.T.);
#4644=EDGE_CURVE('',#410,#406,#4647,.T.);
#4645=LINE('',#405,#4648);
#4646=LINE('',#407,#4649);
#4647=LINE('',#409,#4650);
#4648=VECTOR('',#4651,1.0);
#4649=VECTOR('',#4652,1.0);
#4650=VECTOR('',#4653,1.0);
#4651=DIRECTION('',(-0.00013089129308072953,0.9975699896817607,0.06967136107326613));
#4652=DIRECTION('',(-0.038083999781948465,-0.9802251963215579,-0.19418592497133216));
#4653=DIRECTION('',(0.29145706063902443,-0.0666286459413787,0.9542606590149666));
#4654=STYLED_ITEM('',(#25),#4655);
#4655=FACE_SURFACE('',(#4660),#4656,.T.);
#4656=PLANE('',#4657);
#4657=AXIS2_PLACEMENT_3D('',#409,#4658,#4659);
#4658=DIRECTION('',(-0.9565835608735237,-0.02043134853057286,0.29074120977899215));
#4659=DIRECTION('',(0.038083999781948465,0.9802251963215579,0.19418592497133216));
#4660=FACE_BOUND('',#4661,.T.);
#4661=EDGE_LOOP('',(#4662,#4663,#4664));
#4662=ORIENTED_EDGE('',*,*,#4665,.T.);
#4663=ORIENTED_EDGE('',*,*,#4666,.T.);
#4664=ORIENTED_EDGE('',*,*,#4667,.T.);
#4665=EDGE_CURVE('',#410,#408,#4668,.F.);
#4666=EDGE_CURVE('',#408,#412,#4669,.T.);
#4667=EDGE_CURVE('',#412,#410,#4670,.T.);
#4668=LINE('',#409,#4671);
#4669=LINE('',#407,#4672);
#4670=LINE('',#411,#4673);
#4671=VECTOR('',#4674,1.0);
#4672=VECTOR('',#4675,1.0);
#4673=VECTOR('',#4676,1.0);
#4674=DIRECTION('',(0.038083999781948465,0.9802251963215579,0.19418592497133216));
#4675=DIRECTION('',(-0.2914581804095378,0.06657121456594307,-0.9542643252598184));
#4676=DIRECTION('',(0.0001308922892790909,-0.9975699526475176,-0.06967189133386714));
#4677=STYLED_ITEM('',(#25),#4678);
#4678=FACE_SURFACE('',(#4683),#4679,.T.);
#4679=PLANE('',#4680);
#4680=AXIS2_PLACEMENT_3D('',#409,#4681,#4682);
#4681=DIRECTION('',(-0.9737549333752732,-0.01598440154826973,0.22703706445085334));
#4682=DIRECTION('',(-0.0001308922892790909,0.9975699526475176,0.06967189133386714));
#4683=FACE_BOUND('',#4684,.T.);
#4684=EDGE_LOOP('',(#4685,#4686,#4687));
#4685=ORIENTED_EDGE('',*,*,#4688,.T.);
#4686=ORIENTED_EDGE('',*,*,#4689,.T.);
#4687=ORIENTED_EDGE('',*,*,#4690,.T.);
#4688=EDGE_CURVE('',#410,#412,#4691,.F.);
#4689=EDGE_CURVE('',#412,#414,#4692,.T.);
#4690=EDGE_CURVE('',#414,#410,#4693,.T.);
#4691=LINE('',#409,#4694);
#4692=LINE('',#411,#4695);
#4693=LINE('',#413,#4696);
#4694=VECTOR('',#4697,1.0);
#4695=VECTOR('',#4698,1.0);
#4696=VECTOR('',#4699,1.0);
#4697=DIRECTION('',(-0.0001308922892790909,0.9975699526475176,0.06967189133386714));
#4698=DIRECTION('',(-0.029711437114796558,-0.9800671032803687,-0.19643244022360629));
#4699=DIRECTION('',(0.22759901290258316,-0.06778233297535209,0.9713929404016628));
#4700=STYLED_ITEM('',(#25),#4701);
#4701=FACE_SURFACE('',(#4706),#4702,.T.);
#4702=PLANE('',#4703);
#4703=AXIS2_PLACEMENT_3D('',#413,#4704,#4705);
#4704=DIRECTION('',(-0.9737551432568734,-0.01598421736419507,0.22703617724063307));
#4705=DIRECTION('',(0.029711437114796558,0.9800671032803687,0.19643244022360629));
#4706=FACE_BOUND('',#4707,.T.);
#4707=EDGE_LOOP('',(#4708,#4709,#4710));
#4708=ORIENTED_EDGE('',*,*,#4711,.T.);
#4709=ORIENTED_EDGE('',*,*,#4712,.T.);
#4710=ORIENTED_EDGE('',*,*,#4713,.T.);
#4711=EDGE_CURVE('',#414,#412,#4714,.F.);
#4712=EDGE_CURVE('',#412,#416,#4715,.T.);
#4713=EDGE_CURVE('',#416,#414,#4716,.T.);
#4714=LINE('',#413,#4717);
#4715=LINE('',#411,#4718);
#4716=LINE('',#415,#4719);
#4717=VECTOR('',#4720,1.0);
#4718=VECTOR('',#4721,1.0);
#4719=VECTOR('',#4722,1.0);
#4720=DIRECTION('',(0.029711437114796558,0.9800671032803687,0.19643244022360629));
#4721=DIRECTION('',(-0.22759812257925824,0.06783975469020655,-0.9713891405003299));
#4722=DIRECTION('',(0.00013089129308072953,-0.9975699896817607,-0.06967136107326613));
#4723=STYLED_ITEM('',(#25),#4724);
#4724=FACE_SURFACE('',(#4729),#4725,.T.);
#4725=PLANE('',#4726);
#4726=AXIS2_PLACEMENT_3D('',#413,#4727,#4728);
#4727=DIRECTION('',(-0.9866675549332005,-0.011467751628359937,0.16234416132011087));
#4728=DIRECTION('',(-0.00013089129308072953,0.9975699896817607,0.06967136107326613));
#4729=FACE_BOUND('',#4730,.T.);
#4730=EDGE_LOOP('',(#4731,#4732,#4733));
#4731=ORIENTED_EDGE('',*,*,#4734,.T.);
#4732=ORIENTED_EDGE('',*,*,#4735,.T.);
#4733=ORIENTED_EDGE('',*,*,#4736,.T.);
#4734=EDGE_CURVE('',#414,#416,#4737,.F.);
#4735=EDGE_CURVE('',#416,#418,#4738,.T.);
#4736=EDGE_CURVE('',#418,#414,#4739,.T.);
#4737=LINE('',#413,#4740);
#4738=LINE('',#415,#4741);
#4739=LINE('',#417,#4742);
#4740=VECTOR('',#4743,1.0);
#4741=VECTOR('',#4744,1.0);
#4742=VECTOR('',#4745,1.0);
#4743=DIRECTION('',(-0.00013089129308072953,0.9975699896817607,0.06967136107326613));
#4744=DIRECTION('',(-0.021208267312274726,-0.9799486855862432,-0.19811810370434502));
#4745=DIRECTION('',(0.16274863523404745,-0.06870639564500783,0.9842724790051415));
#4746=STYLED_ITEM('',(#25),#4747);
#4747=FACE_SURFACE('',(#4752),#4748,.T.);
#4748=PLANE('',#4749);
#4749=AXIS2_PLACEMENT_3D('',#417,#4750,#4751);
#4750=DIRECTION('',(-0.9866690791597171,-0.011465872563757033,0.1623350300966108));
#4751=DIRECTION('',(0.021208267312274726,0.9799486855862432,0.19811810370434502));
#4752=FACE_BOUND('',#4753,.T.);
#4753=EDGE_LOOP('',(#4754,#4755,#4756));
#4754=ORIENTED_EDGE('',*,*,#4757,.T.);
#4755=ORIENTED_EDGE('',*,*,#4758,.T.);
#4756=ORIENTED_EDGE('',*,*,#4759,.T.);
#4757=EDGE_CURVE('',#418,#416,#4760,.F.);
#4758=EDGE_CURVE('',#416,#420,#4761,.T.);
#4759=EDGE_CURVE('',#420,#418,#4762,.T.);
#4760=LINE('',#417,#4763);
#4761=LINE('',#415,#4764);
#4762=LINE('',#419,#4765);
#4763=VECTOR('',#4766,1.0);
#4764=VECTOR('',#4767,1.0);
#4765=VECTOR('',#4768,1.0);
#4766=DIRECTION('',(0.021208267312274726,0.9799486855862432,0.19811810370434502));
#4767=DIRECTION('',(-0.16273939476875376,0.06870249466566322,-0.984274279160547));
#4768=DIRECTION('',(0.0001308913626520124,-0.9975705199097256,-0.06966376873591404));
#4769=STYLED_ITEM('',(#25),#4770);
#4770=FACE_SURFACE('',(#4775),#4771,.T.);
#4771=PLANE('',#4772);
#4772=AXIS2_PLACEMENT_3D('',#417,#4773,#4774);
#4773=DIRECTION('',(-0.9952667444834546,-0.0068999298799545476,0.09693553679099032));
#4774=DIRECTION('',(-0.0001308913626520124,0.9975705199097256,0.06966376873591404));
#4775=FACE_BOUND('',#4776,.T.);
#4776=EDGE_LOOP('',(#4777,#4778,#4779));
#4777=ORIENTED_EDGE('',*,*,#4780,.T.);
#4778=ORIENTED_EDGE('',*,*,#4781,.T.);
#4779=ORIENTED_EDGE('',*,*,#4782,.T.);
#4780=EDGE_CURVE('',#418,#420,#4783,.F.);
#4781=EDGE_CURVE('',#420,#42,#4784,.T.);
#4782=EDGE_CURVE('',#42,#418,#4785,.T.);
#4783=LINE('',#417,#4786);
#4784=LINE('',#419,#4787);
#4785=LINE('',#41,#4788);
#4786=VECTOR('',#4789,1.0);
#4787=VECTOR('',#4790,1.0);
#4788=VECTOR('',#4791,1.0);
#4789=DIRECTION('',(-0.0001308913626520124,0.9975705199097256,0.06966376873591404));
#4790=DIRECTION('',(-0.01261194284935543,-0.9798698896274337,-0.19923839564472845));
#4791=DIRECTION('',(0.09718071133216725,-0.06933959487794912,0.9928483922166242));
#4792=STYLED_ITEM('',(#25),#4793);
#4793=FACE_SURFACE('',(#4798),#4794,.T.);
#4794=PLANE('',#4795);
#4795=AXIS2_PLACEMENT_3D('',#41,#4796,#4797);
#4796=DIRECTION('',(-0.9952661622164815,-0.0069011354664606514,0.09694142910102968));
#4797=DIRECTION('',(0.01261194284935543,0.9798698896274337,0.19923839564472845));
#4798=FACE_BOUND('',#4799,.T.);
#4799=EDGE_LOOP('',(#4800,#4801,#4802));
#4800=ORIENTED_EDGE('',*,*,#4803,.T.);
#4801=ORIENTED_EDGE('',*,*,#4804,.T.);
#4802=ORIENTED_EDGE('',*,*,#4805,.T.);
#4803=EDGE_CURVE('',#42,#420,#4806,.F.);
#4804=EDGE_CURVE('',#420,#44,#4807,.T.);
#4805=EDGE_CURVE('',#44,#42,#4808,.T.);
#4806=LINE('',#41,#4809);
#4807=LINE('',#419,#4810);
#4808=LINE('',#43,#4811);
#4809=VECTOR('',#4812,1.0);
#4810=VECTOR('',#4813,1.0);
#4811=VECTOR('',#4814,1.0);
#4812=DIRECTION('',(0.01261194284935543,0.9798698896274337,0.19923839564472845));
#4813=DIRECTION('',(-0.09718666623420014,0.06928615338563442,-0.9928515401888162));
#4814=DIRECTION('',(0.0001308922892790909,-0.9975699526475176,-0.06967189133386714));
#4815=STYLED_ITEM('',(#25),#4816);
#4816=FACE_SURFACE('',(#4821),#4817,.T.);
#4817=PLANE('',#4818);
#4818=AXIS2_PLACEMENT_3D('',#49,#4819,#4820);
#4819=DIRECTION('',(0.00013101523966794026,-0.9975702825391706,-0.06966716751617182));
#4820=DIRECTION('',(0.9998306055243329,-0.0011515477014937367,0.018369381991157965));
#4821=FACE_BOUND('',#4822,.T.);
#4822=EDGE_LOOP('',(#4823,#4824,#4825));
#4823=ORIENTED_EDGE('',*,*,#4826,.T.);
#4824=ORIENTED_EDGE('',*,*,#4827,.T.);
#4825=ORIENTED_EDGE('',*,*,#4828,.T.);
#4826=EDGE_CURVE('',#50,#234,#4829,.F.);
#4827=EDGE_CURVE('',#234,#46,#4830,.T.);
#4828=EDGE_CURVE('',#46,#50,#4831,.T.);
#4829=LINE('',#49,#4832);
#4830=LINE('',#233,#4833);
#4831=LINE('',#45,#4834);
#4832=VECTOR('',#4835,1.0);
#4833=VECTOR('',#4836,1.0);
#4834=VECTOR('',#4837,1.0);
#4835=DIRECTION('',(0.9998306055243329,-0.0011515477014937367,0.018369381991157965));
#4836=DIRECTION('',(-0.9998924873278513,-0.0011521960476745371,0.014618010452533078));
#4837=DIRECTION('',(0.03493538755945391,0.0696292073428117,-0.996961028416298));
#4838=STYLED_ITEM('',(#25),#4839);
#4839=FACE_SURFACE('',(#4844),#4840,.T.);
#4840=PLANE('',#4841);
#4841=AXIS2_PLACEMENT_3D('',#45,#4842,#4843);
#4842=DIRECTION('',(0.00013075610548649722,-0.9975690513257919,-0.06968479561425552));
#4843=DIRECTION('',(0.9998924873278513,0.0011521960476745371,-0.014618010452533078));
#4844=FACE_BOUND('',#4845,.T.);
#4845=EDGE_LOOP('',(#4846,#4847,#4848));
#4846=ORIENTED_EDGE('',*,*,#4849,.T.);
#4847=ORIENTED_EDGE('',*,*,#4850,.T.);
#4848=ORIENTED_EDGE('',*,*,#4851,.T.);
#4849=EDGE_CURVE('',#46,#234,#4852,.F.);
#4850=EDGE_CURVE('',#234,#238,#4853,.T.);
#4851=EDGE_CURVE('',#238,#46,#4854,.T.);
#4852=LINE('',#45,#4855);
#4853=LINE('',#233,#4856);
#4854=LINE('',#237,#4857);
#4855=VECTOR('',#4858,1.0);
#4856=VECTOR('',#4859,1.0);
#4857=VECTOR('',#4860,1.0);
#4858=DIRECTION('',(0.9998924873278513,0.0011521960476745371,-0.014618010452533078));
#4859=DIRECTION('',(-0.001872097155505905,-0.0696849182891057,0.9975672946800536));
#4860=DIRECTION('',(-0.9998305883112457,0.0011521960578940536,-0.018370278207814134));
#4861=STYLED_ITEM('',(#25),#4862);
#4862=FACE_SURFACE('',(#4867),#4863,.T.);
#4863=PLANE('',#4864);
#4864=AXIS2_PLACEMENT_3D('',#45,#4865,#4866);
#4865=DIRECTION('',(0.00013044199762190636,-0.9975702402326043,-0.0696677743806211));
#4866=DIRECTION('',(0.9998305883112457,-0.0011521960578940536,0.018370278207814134));
#4867=FACE_BOUND('',#4868,.T.);
#4868=EDGE_LOOP('',(#4869,#4870,#4871));
#4869=ORIENTED_EDGE('',*,*,#4872,.T.);
#4870=ORIENTED_EDGE('',*,*,#4873,.T.);
#4871=ORIENTED_EDGE('',*,*,#4874,.T.);
#4872=EDGE_CURVE('',#46,#238,#4875,.F.);
#4873=EDGE_CURVE('',#238,#42,#4876,.T.);
#4874=EDGE_CURVE('',#42,#46,#4877,.T.);
#4875=LINE('',#45,#4878);
#4876=LINE('',#237,#4879);
#4877=LINE('',#41,#4880);
#4878=VECTOR('',#4881,1.0);
#4879=VECTOR('',#4882,1.0);
#4880=VECTOR('',#4883,1.0);
#4881=DIRECTION('',(0.9998305883112457,-0.0011521960578940536,0.018370278207814134));
#4882=DIRECTION('',(-0.9998925053929985,-0.001151547682939356,0.014616825812964893));
#4883=DIRECTION('',(-0.03119316149248213,0.06962981387537594,-0.9970850894962698));
#4884=STYLED_ITEM('',(#25),#4885);
#4885=FACE_SURFACE('',(#4890),#4886,.T.);
#4886=PLANE('',#4887);
#4887=AXIS2_PLACEMENT_3D('',#41,#4888,#4889);
#4888=DIRECTION('',(0.0001304926111922937,-0.9975704806966401,-0.06966433100484702));
#4889=DIRECTION('',(0.9998925053929985,0.001151547682939356,-0.014616825812964893));
#4890=FACE_BOUND('',#4891,.T.);
#4891=EDGE_LOOP('',(#4892,#4893,#4894));
#4892=ORIENTED_EDGE('',*,*,#4895,.T.);
#4893=ORIENTED_EDGE('',*,*,#4896,.T.);
#4894=ORIENTED_EDGE('',*,*,#4897,.T.);
#4895=EDGE_CURVE('',#42,#238,#4898,.F.);
#4896=EDGE_CURVE('',#238,#242,#4899,.T.);
#4897=EDGE_CURVE('',#242,#42,#4900,.T.);
#4898=LINE('',#41,#4901);
#4899=LINE('',#237,#4902);
#4900=LINE('',#241,#4903);
#4901=VECTOR('',#4904,1.0);
#4902=VECTOR('',#4905,1.0);
#4903=VECTOR('',#4906,1.0);
#4904=DIRECTION('',(0.9998925053929985,0.001151547682939356,-0.014616825812964893));
#4905=DIRECTION('',(-0.06795730094335936,-0.0695121300981746,0.9952637183268103));
#4906=DIRECTION('',(-0.9998305679803904,0.0011521590783494906,-0.01837138703168897));
#4907=STYLED_ITEM('',(#25),#4908);
#4908=FACE_SURFACE('',(#4913),#4909,.T.);
#4909=PLANE('',#4910);
#4910=AXIS2_PLACEMENT_3D('',#41,#4911,#4912);
#4911=DIRECTION('',(0.00013082052329598082,-0.997569239669528,-0.06968209921601477));
#4912=DIRECTION('',(0.9998305679803904,-0.0011521590783494906,0.01837138703168897));
#4913=FACE_BOUND('',#4914,.T.);
#4914=EDGE_LOOP('',(#4915,#4916,#4917));
#4915=ORIENTED_EDGE('',*,*,#4918,.T.);
#4916=ORIENTED_EDGE('',*,*,#4919,.T.);
#4917=ORIENTED_EDGE('',*,*,#4920,.T.);
#4918=EDGE_CURVE('',#42,#242,#4921,.F.);
#4919=EDGE_CURVE('',#242,#418,#4922,.T.);
#4920=EDGE_CURVE('',#418,#42,#4923,.T.);
#4921=LINE('',#41,#4924);
#4922=LINE('',#241,#4925);
#4923=LINE('',#417,#4926);
#4924=VECTOR('',#4927,1.0);
#4925=VECTOR('',#4928,1.0);
#4926=VECTOR('',#4929,1.0);
#4927=DIRECTION('',(0.9998305679803904,-0.0011521590783494906,0.01837138703168897));
#4928=DIRECTION('',(-0.9998925090113381,-0.0011521177118593527,0.014616533371122323));
#4929=DIRECTION('',(-0.09718071133216725,0.06933959487794912,-0.9928483922166242));
#4930=STYLED_ITEM('',(#25),#4931);
#4931=FACE_SURFACE('',(#4936),#4932,.T.);
#4932=PLANE('',#4933);
#4933=AXIS2_PLACEMENT_3D('',#417,#4934,#4935);
#4934=DIRECTION('',(0.00013112418411120554,-0.997570682498811,-0.0696614400174494));
#4935=DIRECTION('',(0.9998925090113381,0.0011521177118593527,-0.014616533371122323));
#4936=FACE_BOUND('',#4937,.T.);
#4937=EDGE_LOOP('',(#4938,#4939,#4940));
#4938=ORIENTED_EDGE('',*,*,#4941,.T.);
#4939=ORIENTED_EDGE('',*,*,#4942,.T.);
#4940=ORIENTED_EDGE('',*,*,#4943,.T.);
#4941=EDGE_CURVE('',#418,#242,#4944,.F.);
#4942=EDGE_CURVE('',#242,#246,#4945,.T.);
#4943=EDGE_CURVE('',#246,#418,#4946,.T.);
#4944=LINE('',#417,#4947);
#4945=LINE('',#241,#4948);
#4946=LINE('',#245,#4949);
#4947=VECTOR('',#4950,1.0);
#4948=VECTOR('',#4951,1.0);
#4949=VECTOR('',#4952,1.0);
#4950=DIRECTION('',(0.9998925090113381,0.0011521177118593527,-0.014616533371122323));
#4951=DIRECTION('',(-0.1337496987503942,-0.0690530378943019,0.9886064414324575));
#4952=DIRECTION('',(-0.9998305845994812,0.0011514127051075944,-0.018370529340284485));
#4953=STYLED_ITEM('',(#25),#4954);
#4954=FACE_SURFACE('',(#4959),#4955,.T.);
#4955=PLANE('',#4956);
#4956=AXIS2_PLACEMENT_3D('',#417,#4957,#4958);
#4957=DIRECTION('',(0.0001310303858455732,-0.9975710374354316,-0.06965635721909898));
#4958=DIRECTION('',(0.9998305845994812,-0.0011514127051075944,0.018370529340284485));
#4959=FACE_BOUND('',#4960,.T.);
#4960=EDGE_LOOP('',(#4961,#4962,#4963));
#4961=ORIENTED_EDGE('',*,*,#4964,.T.);
#4962=ORIENTED_EDGE('',*,*,#4965,.T.);
#4963=ORIENTED_EDGE('',*,*,#4966,.T.);
#4964=EDGE_CURVE('',#418,#246,#4967,.F.);
#4965=EDGE_CURVE('',#246,#414,#4968,.T.);
#4966=EDGE_CURVE('',#414,#418,#4969,.T.);
#4967=LINE('',#417,#4970);
#4968=LINE('',#245,#4971);
#4969=LINE('',#413,#4972);
#4970=VECTOR('',#4973,1.0);
#4971=VECTOR('',#4974,1.0);
#4972=VECTOR('',#4975,1.0);
#4973=DIRECTION('',(0.9998305845994812,-0.0011514127051075944,0.018370529340284485));
#4974=DIRECTION('',(-0.9998925054364988,-0.0011519667178284843,0.014616789818641897));
#4975=DIRECTION('',(-0.16274863523404745,0.06870639564500783,-0.9842724790051415));
#4976=STYLED_ITEM('',(#25),#4977);
#4977=FACE_SURFACE('',(#4982),#4978,.T.);
#4978=PLANE('',#4979);
#4979=AXIS2_PLACEMENT_3D('',#413,#4980,#4981);
#4980=DIRECTION('',(0.00013085211324243028,-0.9975701905097651,-0.06966848558735403));
#4981=DIRECTION('',(0.9998925054364988,0.0011519667178284843,-0.014616789818641897));
#4982=FACE_BOUND('',#4983,.T.);
#4983=EDGE_LOOP('',(#4984,#4985,#4986));
#4984=ORIENTED_EDGE('',*,*,#4987,.T.);
#4985=ORIENTED_EDGE('',*,*,#4988,.T.);
#4986=ORIENTED_EDGE('',*,*,#4989,.T.);
#4987=EDGE_CURVE('',#414,#246,#4990,.F.);
#4988=EDGE_CURVE('',#246,#250,#4991,.T.);
#4989=EDGE_CURVE('',#250,#414,#4992,.T.);
#4990=LINE('',#413,#4993);
#4991=LINE('',#245,#4994);
#4992=LINE('',#249,#4995);
#4993=VECTOR('',#4996,1.0);
#4994=VECTOR('',#4997,1.0);
#4995=VECTOR('',#4998,1.0);
#4996=DIRECTION('',(0.9998925054364988,0.0011519667178284843,-0.014616789818641897));
#4997=DIRECTION('',(-0.1989508293717776,-0.0683017462984017,0.9776264311815994));
#4998=DIRECTION('',(-0.9998305768544585,0.0011518432609602715,-0.018370923873959583));
#4999=STYLED_ITEM('',(#25),#5000);
#5000=FACE_SURFACE('',(#5005),#5001,.T.);
#5001=PLANE('',#5002);
#5002=AXIS2_PLACEMENT_3D('',#413,#5003,#5004);
#5003=DIRECTION('',(0.000130319352516508,-0.9975722063119585,-0.06963961667583976));
#5004=DIRECTION('',(0.9998305768544585,-0.0011518432609602715,0.018370923873959583));
#5005=FACE_BOUND('',#5006,.T.);
#5006=EDGE_LOOP('',(#5007,#5008,#5009));
#5007=ORIENTED_EDGE('',*,*,#5010,.T.);
#5008=ORIENTED_EDGE('',*,*,#5011,.T.);
#5009=ORIENTED_EDGE('',*,*,#5012,.T.);
#5010=EDGE_CURVE('',#414,#250,#5013,.F.);
#5011=EDGE_CURVE('',#250,#410,#5014,.T.);
#5012=EDGE_CURVE('',#410,#414,#5015,.T.);
#5013=LINE('',#413,#5016);
#5014=LINE('',#249,#5017);
#5015=LINE('',#409,#5018);
#5016=VECTOR('',#5019,1.0);
#5017=VECTOR('',#5020,1.0);
#5018=VECTOR('',#5021,1.0);
#5019=DIRECTION('',(0.9998305768544585,-0.0011518432609602715,0.018370923873959583));
#5020=DIRECTION('',(-0.9998925039125938,-0.0011510198765511464,0.014616968654527293));
#5021=DIRECTION('',(-0.22759901290258316,0.06778233297535209,-0.9713929404016628));
#5022=STYLED_ITEM('',(#25),#5023);
#5023=FACE_SURFACE('',(#5028),#5024,.T.);
#5024=PLANE('',#5025);
#5025=AXIS2_PLACEMENT_3D('',#409,#5026,#5027);
#5026=DIRECTION('',(0.00012963562019921944,-0.9975689580849275,-0.06968613247955621));
#5027=DIRECTION('',(0.9998925039125938,0.0011510198765511464,-0.014616968654527293));
#5028=FACE_BOUND('',#5029,.T.);
#5029=EDGE_LOOP('',(#5030,#5031,#5032));
#5030=ORIENTED_EDGE('',*,*,#5033,.T.);
#5031=ORIENTED_EDGE('',*,*,#5034,.T.);
#5032=ORIENTED_EDGE('',*,*,#5035,.T.);
#5033=EDGE_CURVE('',#410,#250,#5036,.F.);
#5034=EDGE_CURVE('',#250,#254,#5037,.T.);
#5035=EDGE_CURVE('',#254,#410,#5038,.T.);
#5036=LINE('',#409,#5039);
#5037=LINE('',#249,#5040);
#5038=LINE('',#253,#5041);
#5039=VECTOR('',#5042,1.0);
#5040=VECTOR('',#5043,1.0);
#5041=VECTOR('',#5044,1.0);
#5042=DIRECTION('',(0.9998925039125938,0.0011510198765511464,-0.014616968654527293));
#5043=DIRECTION('',(-0.26327803289403634,-0.06726165345189447,0.9623723538061367));
#5044=DIRECTION('',(-0.9998305621757405,0.001153437733992571,-0.018371622702869624));
#5045=STYLED_ITEM('',(#25),#5046);
#5046=FACE_SURFACE('',(#5051),#5047,.T.);
#5047=PLANE('',#5048);
#5048=AXIS2_PLACEMENT_3D('',#409,#5049,#5050);
#5049=DIRECTION('',(0.0001297462787134129,-0.9975685391947907,-0.0696921284986639));
#5050=DIRECTION('',(0.9998305621757405,-0.001153437733992571,0.018371622702869624));
#5051=FACE_BOUND('',#5052,.T.);
#5052=EDGE_LOOP('',(#5053,#5054,#5055));
#5053=ORIENTED_EDGE('',*,*,#5056,.T.);
#5054=ORIENTED_EDGE('',*,*,#5057,.T.);
#5055=ORIENTED_EDGE('',*,*,#5058,.T.);
#5056=EDGE_CURVE('',#410,#254,#5059,.F.);
#5057=EDGE_CURVE('',#254,#406,#5060,.T.);
#5058=EDGE_CURVE('',#406,#410,#5061,.T.);
#5059=LINE('',#409,#5062);
#5060=LINE('',#253,#5063);
#5061=LINE('',#405,#5064);
#5062=VECTOR('',#5065,1.0);
#5063=VECTOR('',#5066,1.0);
#5064=VECTOR('',#5067,1.0);
#5065=DIRECTION('',(0.9998305621757405,-0.001153437733992571,0.018371622702869624));
#5066=DIRECTION('',(-0.9998925161390583,-0.0011511599324976094,0.014616121233523655));
#5067=DIRECTION('',(-0.29145706063902443,0.0666286459413787,-0.9542606590149666));
#5068=STYLED_ITEM('',(#25),#5069);
#5069=FACE_SURFACE('',(#5074),#5070,.T.);
#5070=PLANE('',#5071);
#5071=AXIS2_PLACEMENT_3D('',#405,#5072,#5073);
#5072=DIRECTION('',(0.00013024921930962968,-0.9975709290818612,-0.0696579104330095));
#5073=DIRECTION('',(0.9998925161390583,0.0011511599324976094,-0.014616121233523655));
#5074=FACE_BOUND('',#5075,.T.);
#5075=EDGE_LOOP('',(#5076,#5077,#5078));
#5076=ORIENTED_EDGE('',*,*,#5079,.T.);
#5077=ORIENTED_EDGE('',*,*,#5080,.T.);
#5078=ORIENTED_EDGE('',*,*,#5081,.T.);
#5079=EDGE_CURVE('',#406,#254,#5082,.F.);
#5080=EDGE_CURVE('',#254,#258,#5083,.T.);
#5081=EDGE_CURVE('',#258,#406,#5084,.T.);
#5082=LINE('',#405,#5085);
#5083=LINE('',#253,#5086);
#5084=LINE('',#257,#5087);
#5085=VECTOR('',#5088,1.0);
#5086=VECTOR('',#5089,1.0);
#5087=VECTOR('',#5090,1.0);
#5088=DIRECTION('',(0.9998925161390583,0.0011511599324976094,-0.014616121233523655));
#5089=DIRECTION('',(-0.32648803868403853,-0.06588317182968981,0.9429024171492558));
#5090=DIRECTION('',(-0.9998306075185706,0.0011521341024652238,-0.018369236675924414));
#5091=STYLED_ITEM('',(#25),#5092);
#5092=FACE_SURFACE('',(#5097),#5093,.T.);
#5093=PLANE('',#5094);
#5094=AXIS2_PLACEMENT_3D('',#405,#5095,#5096);
#5095=DIRECTION('',(0.00013087723864941726,-0.99756855192315,-0.06969194419083215));
#5096=DIRECTION('',(0.9998306075185706,-0.0011521341024652238,0.018369236675924414));
#5097=FACE_BOUND('',#5098,.T.);
#5098=EDGE_LOOP('',(#5099,#5100,#5101));
#5099=ORIENTED_EDGE('',*,*,#5102,.T.);
#5100=ORIENTED_EDGE('',*,*,#5103,.T.);
#5101=ORIENTED_EDGE('',*,*,#5104,.T.);
#5102=EDGE_CURVE('',#406,#258,#5105,.F.);
#5103=EDGE_CURVE('',#258,#402,#5106,.T.);
#5104=EDGE_CURVE('',#402,#406,#5107,.T.);
#5105=LINE('',#405,#5108);
#5106=LINE('',#257,#5109);
#5107=LINE('',#401,#5110);
#5108=VECTOR('',#5111,1.0);
#5109=VECTOR('',#5112,1.0);
#5110=VECTOR('',#5113,1.0);
#5111=DIRECTION('',(0.9998306075185706,-0.0011521341024652238,0.018369236675924414));
#5112=DIRECTION('',(-0.9998925016270422,-0.0011523535936766183,0.014617019915513042));
#5113=DIRECTION('',(-0.3540546642807414,0.06513140510374468,-0.9329540153567396));
#5114=STYLED_ITEM('',(#25),#5115);
#5115=FACE_SURFACE('',(#5120),#5116,.T.);
#5116=PLANE('',#5117);
#5117=AXIS2_PLACEMENT_3D('',#401,#5118,#5119);
#5118=DIRECTION('',(0.00013106217321668336,-0.9975694307754762,-0.06967936283433626));
#5119=DIRECTION('',(0.9998925016270422,0.0011523535936766183,-0.014617019915513042));
#5120=FACE_BOUND('',#5121,.T.);
#5121=EDGE_LOOP('',(#5122,#5123,#5124));
#5122=ORIENTED_EDGE('',*,*,#5125,.T.);
#5123=ORIENTED_EDGE('',*,*,#5126,.T.);
#5124=ORIENTED_EDGE('',*,*,#5127,.T.);
#5125=EDGE_CURVE('',#402,#258,#5128,.F.);
#5126=EDGE_CURVE('',#258,#262,#5129,.T.);
#5127=EDGE_CURVE('',#262,#402,#5130,.T.);
#5128=LINE('',#401,#5131);
#5129=LINE('',#257,#5132);
#5130=LINE('',#261,#5133);
#5131=VECTOR('',#5134,1.0);
#5132=VECTOR('',#5135,1.0);
#5133=VECTOR('',#5136,1.0);
#5134=DIRECTION('',(0.9998925016270422,0.0011523535936766183,-0.014617019915513042));
#5135=DIRECTION('',(-0.3882290859772302,-0.06426467454326758,0.919319437631519));
#5136=DIRECTION('',(-0.9998305927244283,0.001151773884469502,-0.018370064486475605));
#5137=STYLED_ITEM('',(#25),#5138);
#5138=FACE_SURFACE('',(#5143),#5139,.T.);
#5139=PLANE('',#5140);
#5140=AXIS2_PLACEMENT_3D('',#401,#5141,#5142);
#5141=DIRECTION('',(0.00012981638088886452,-0.9975741441182576,-0.06961185340467022));
#5142=DIRECTION('',(0.9998305927244283,-0.001151773884469502,0.018370064486475605));
#5143=FACE_BOUND('',#5144,.T.);
#5144=EDGE_LOOP('',(#5145,#5146,#5147));
#5145=ORIENTED_EDGE('',*,*,#5148,.T.);
#5146=ORIENTED_EDGE('',*,*,#5149,.T.);
#5147=ORIENTED_EDGE('',*,*,#5150,.T.);
#5148=EDGE_CURVE('',#402,#262,#5151,.F.);
#5149=EDGE_CURVE('',#262,#398,#5152,.T.);
#5150=EDGE_CURVE('',#398,#402,#5153,.T.);
#5151=LINE('',#401,#5154);
#5152=LINE('',#261,#5155);
#5153=LINE('',#397,#5156);
#5154=VECTOR('',#5157,1.0);
#5155=VECTOR('',#5158,1.0);
#5156=VECTOR('',#5159,1.0);
#5157=DIRECTION('',(0.9998305927244283,-0.001151773884469502,0.018370064486475605));
#5158=DIRECTION('',(-0.9998924555769654,-0.0011503411223894758,0.014620328162133888));
#5159=DIRECTION('',(-0.4150503620871567,0.06327900625282866,-0.9075951544047458));
#5160=STYLED_ITEM('',(#25),#5161);
#5161=FACE_SURFACE('',(#5166),#5162,.T.);
#5162=PLANE('',#5163);
#5163=AXIS2_PLACEMENT_3D('',#397,#5164,#5165);
#5164=DIRECTION('',(0.00012951959443529431,-0.9975727353115548,-0.06963203995070978));
#5165=DIRECTION('',(0.9998924555769654,0.0011503411223894758,-0.014620328162133888));
#5166=FACE_BOUND('',#5167,.T.);
#5167=EDGE_LOOP('',(#5168,#5169,#5170));
#5168=ORIENTED_EDGE('',*,*,#5171,.T.);
#5169=ORIENTED_EDGE('',*,*,#5172,.T.);
#5170=ORIENTED_EDGE('',*,*,#5173,.T.);
#5171=EDGE_CURVE('',#398,#262,#5174,.F.);
#5172=EDGE_CURVE('',#262,#266,#5175,.T.);
#5173=EDGE_CURVE('',#266,#398,#5176,.T.);
#5174=LINE('',#397,#5177);
#5175=LINE('',#261,#5178);
#5176=LINE('',#265,#5179);
#5177=VECTOR('',#5180,1.0);
#5178=VECTOR('',#5181,1.0);
#5179=VECTOR('',#5182,1.0);
#5180=DIRECTION('',(0.9998924555769654,0.0011503411223894758,-0.014620328162133888));
#5181=DIRECTION('',(-0.44827628187156143,-0.06230165643139111,0.8917213010337441));
#5182=DIRECTION('',(-0.9998306325655989,0.0011522910609522345,-0.0183678634790595));
#5183=STYLED_ITEM('',(#25),#5184);
#5184=FACE_SURFACE('',(#5189),#5185,.T.);
#5185=PLANE('',#5186);
#5186=AXIS2_PLACEMENT_3D('',#397,#5187,#5188);
#5187=DIRECTION('',(0.00013140292882771648,-0.9975656052140631,-0.06973410949578464));
#5188=DIRECTION('',(0.9998306325655989,-0.0011522910609522345,0.0183678634790595));
#5189=FACE_BOUND('',#5190,.T.);
#5190=EDGE_LOOP('',(#5191,#5192,#5193));
#5191=ORIENTED_EDGE('',*,*,#5194,.T.);
#5192=ORIENTED_EDGE('',*,*,#5195,.T.);
#5193=ORIENTED_EDGE('',*,*,#5196,.T.);
#5194=EDGE_CURVE('',#398,#266,#5197,.F.);
#5195=EDGE_CURVE('',#266,#394,#5198,.T.);
#5196=EDGE_CURVE('',#394,#398,#5199,.T.);
#5197=LINE('',#397,#5200);
#5198=LINE('',#265,#5201);
#5199=LINE('',#393,#5202);
#5200=VECTOR('',#5203,1.0);
#5201=VECTOR('',#5204,1.0);
#5202=VECTOR('',#5205,1.0);
#5203=DIRECTION('',(0.9998306325655989,-0.0011522910609522345,0.0183678634790595));
#5204=DIRECTION('',(-0.999892521014613,-0.0011534032507176067,0.014615610831673962));
#5205=DIRECTION('',(-0.4743429508630558,0.06132755788801463,-0.8782013980915886));
#5206=STYLED_ITEM('',(#25),#5207);
#5207=FACE_SURFACE('',(#5212),#5208,.T.);
#5208=PLANE('',#5209);
#5209=AXIS2_PLACEMENT_3D('',#393,#5210,#5211);
#5210=DIRECTION('',(0.0001319644548817134,-0.9975682750829128,-0.0696959047109989));
#5211=DIRECTION('',(0.999892521014613,0.0011534032507176067,-0.014615610831673962));
#5212=FACE_BOUND('',#5213,.T.);
#5213=EDGE_LOOP('',(#5214,#5215,#5216));
#5214=ORIENTED_EDGE('',*,*,#5217,.T.);
#5215=ORIENTED_EDGE('',*,*,#5218,.T.);
#5216=ORIENTED_EDGE('',*,*,#5219,.T.);
#5217=EDGE_CURVE('',#394,#266,#5220,.F.);
#5218=EDGE_CURVE('',#266,#270,#5221,.T.);
#5219=EDGE_CURVE('',#270,#394,#5222,.T.);
#5220=LINE('',#393,#5223);
#5221=LINE('',#265,#5224);
#5222=LINE('',#269,#5225);
#5223=VECTOR('',#5226,1.0);
#5224=VECTOR('',#5227,1.0);
#5225=VECTOR('',#5228,1.0);
#5226=DIRECTION('',(0.999892521014613,0.0011534032507176067,-0.014615610831673962));
#5227=DIRECTION('',(-0.5063674420835175,-0.060166680599439214,0.8602162426642738));
#5228=DIRECTION('',(-0.9998305392105036,0.0011513807115886446,-0.018373001510118024));
#5229=STYLED_ITEM('',(#25),#5230);
#5230=FACE_SURFACE('',(#5235),#5231,.T.);
#5231=PLANE('',#5232);
#5232=AXIS2_PLACEMENT_3D('',#393,#5233,#5234);
#5233=DIRECTION('',(0.00013030024593265773,-0.9975745709466316,-0.06960573555742144));
#5234=DIRECTION('',(0.9998305392105036,-0.0011513807115886446,0.018373001510118024));
#5235=FACE_BOUND('',#5236,.T.);
#5236=EDGE_LOOP('',(#5237,#5238,#5239));
#5237=ORIENTED_EDGE('',*,*,#5240,.T.);
#5238=ORIENTED_EDGE('',*,*,#5241,.T.);
#5239=ORIENTED_EDGE('',*,*,#5242,.T.);
#5240=EDGE_CURVE('',#394,#270,#5243,.F.);
#5241=EDGE_CURVE('',#270,#390,#5244,.T.);
#5242=EDGE_CURVE('',#390,#394,#5245,.T.);
#5243=LINE('',#393,#5246);
#5244=LINE('',#269,#5247);
#5245=LINE('',#389,#5248);
#5246=VECTOR('',#5249,1.0);
#5247=VECTOR('',#5250,1.0);
#5248=VECTOR('',#5251,1.0);
#5249=DIRECTION('',(0.9998305392105036,-0.0011513807115886446,0.018373001510118024));
#5250=DIRECTION('',(-0.999892491998364,-0.001150560938877039,0.014617819769970458));
#5251=DIRECTION('',(-0.531409572940752,0.058894989873185845,-0.8450652317748997));
#5252=STYLED_ITEM('',(#25),#5253);
#5253=FACE_SURFACE('',(#5258),#5254,.T.);
#5254=PLANE('',#5255);
#5255=AXIS2_PLACEMENT_3D('',#389,#5256,#5257);
#5256=DIRECTION('',(0.00012932633918424674,-0.997569946030997,-0.0696719889942272));
#5257=DIRECTION('',(0.999892491998364,0.001150560938877039,-0.014617819769970458));
#5258=FACE_BOUND('',#5259,.T.);
#5259=EDGE_LOOP('',(#5260,#5261,#5262));
#5260=ORIENTED_EDGE('',*,*,#5263,.T.);
#5261=ORIENTED_EDGE('',*,*,#5264,.T.);
#5262=ORIENTED_EDGE('',*,*,#5265,.T.);
#5263=EDGE_CURVE('',#390,#270,#5266,.F.);
#5264=EDGE_CURVE('',#270,#274,#5267,.T.);
#5265=EDGE_CURVE('',#274,#390,#5268,.T.);
#5266=LINE('',#389,#5269);
#5267=LINE('',#269,#5270);
#5268=LINE('',#273,#5271);
#5269=VECTOR('',#5272,1.0);
#5270=VECTOR('',#5273,1.0);
#5271=VECTOR('',#5274,1.0);
#5272=DIRECTION('',(0.999892491998364,0.001150560938877039,-0.014617819769970458));
#5273=DIRECTION('',(-0.5622682170310356,-0.05768813425392325,0.8249403198311025));
#5274=DIRECTION('',(-0.9998306056228938,0.001153321454420656,-0.018369265346772627));
#5275=STYLED_ITEM('',(#25),#5276);
#5276=FACE_SURFACE('',(#5281),#5277,.T.);
#5277=PLANE('',#5278);
#5278=AXIS2_PLACEMENT_3D('',#389,#5279,#5280);
#5279=DIRECTION('',(0.0001292930394702806,-0.9975700720682535,-0.06967018441951592));
#5280=DIRECTION('',(0.9998306056228938,-0.001153321454420656,0.018369265346772627));
#5281=FACE_BOUND('',#5282,.T.);
#5282=EDGE_LOOP('',(#5283,#5284,#5285));
#5283=ORIENTED_EDGE('',*,*,#5286,.T.);
#5284=ORIENTED_EDGE('',*,*,#5287,.T.);
#5285=ORIENTED_EDGE('',*,*,#5288,.T.);
#5286=EDGE_CURVE('',#390,#274,#5289,.F.);
#5287=EDGE_CURVE('',#274,#386,#5290,.T.);
#5288=EDGE_CURVE('',#386,#390,#5291,.T.);
#5289=LINE('',#389,#5292);
#5290=LINE('',#273,#5293);
#5291=LINE('',#385,#5294);
#5292=VECTOR('',#5295,1.0);
#5293=VECTOR('',#5296,1.0);
#5294=VECTOR('',#5297,1.0);
#5295=DIRECTION('',(0.9998306056228938,-0.001153321454420656,0.018369265346772627));
#5296=DIRECTION('',(-0.9998925248598738,-0.0011503451651416672,0.014615588778687905));
#5297=DIRECTION('',(-0.5863002015729248,0.05636376901107413,-0.8081306819929646));
#5298=STYLED_ITEM('',(#25),#5299);
#5299=FACE_SURFACE('',(#5304),#5300,.T.);
#5300=PLANE('',#5301);
#5301=AXIS2_PLACEMENT_3D('',#385,#5302,#5303);
#5302=DIRECTION('',(0.0001293164658771516,-0.9975701833819917,-0.06966859051589377));
#5303=DIRECTION('',(0.9998925248598738,0.0011503451651416672,-0.014615588778687905));
#5304=FACE_BOUND('',#5305,.T.);
#5305=EDGE_LOOP('',(#5306,#5307,#5308));
#5306=ORIENTED_EDGE('',*,*,#5309,.T.);
#5307=ORIENTED_EDGE('',*,*,#5310,.T.);
#5308=ORIENTED_EDGE('',*,*,#5311,.T.);
#5309=EDGE_CURVE('',#386,#274,#5312,.F.);
#5310=EDGE_CURVE('',#274,#278,#5313,.T.);
#5311=EDGE_CURVE('',#278,#386,#5314,.T.);
#5312=LINE('',#385,#5315);
#5313=LINE('',#273,#5316);
#5314=LINE('',#277,#5317);
#5315=VECTOR('',#5318,1.0);
#5316=VECTOR('',#5319,1.0);
#5317=VECTOR('',#5320,1.0);
#5318=DIRECTION('',(0.9998925248598738,0.0011503451651416672,-0.014615588778687905));
#5319=DIRECTION('',(-0.6156976171126521,-0.05497705774446591,0.7860623177608524));
#5320=DIRECTION('',(-0.9998305695320574,0.001153405316581566,-0.018371224384277934));
#5321=STYLED_ITEM('',(#25),#5322);
#5322=FACE_SURFACE('',(#5327),#5323,.T.);
#5323=PLANE('',#5324);
#5324=AXIS2_PLACEMENT_3D('',#385,#5325,#5326);
#5325=DIRECTION('',(0.00012935415783659135,-0.9975700407385877,-0.06967063289732835));
#5326=DIRECTION('',(0.9998305695320574,-0.001153405316581566,0.018371224384277934));
#5327=FACE_BOUND('',#5328,.T.);
#5328=EDGE_LOOP('',(#5329,#5330,#5331));
#5329=ORIENTED_EDGE('',*,*,#5332,.T.);
#5330=ORIENTED_EDGE('',*,*,#5333,.T.);
#5331=ORIENTED_EDGE('',*,*,#5334,.T.);
#5332=EDGE_CURVE('',#386,#278,#5335,.F.);
#5333=EDGE_CURVE('',#278,#382,#5336,.T.);
#5334=EDGE_CURVE('',#382,#386,#5337,.T.);
#5335=LINE('',#385,#5338);
#5336=LINE('',#277,#5339);
#5337=LINE('',#381,#5340);
#5338=VECTOR('',#5341,1.0);
#5339=VECTOR('',#5342,1.0);
#5340=VECTOR('',#5343,1.0);
#5341=DIRECTION('',(0.9998305695320574,-0.001153405316581566,0.018371224384277934));
#5342=DIRECTION('',(-0.9998925322003911,-0.0011503777809490229,0.014615084017921283));
#5343=DIRECTION('',(-0.6385415262334155,0.05353524194881269,-0.7677230601883613));
#5344=STYLED_ITEM('',(#25),#5345);
#5345=FACE_SURFACE('',(#5350),#5346,.T.);
#5346=PLANE('',#5347);
#5347=AXIS2_PLACEMENT_3D('',#381,#5348,#5349);
#5348=DIRECTION('',(0.00012921615899374455,-0.99756938494013,-0.06968002248388647));
#5349=DIRECTION('',(0.9998925322003911,0.0011503777809490229,-0.014615084017921283));
#5350=FACE_BOUND('',#5351,.T.);
#5351=EDGE_LOOP('',(#5352,#5353,#5354));
#5352=ORIENTED_EDGE('',*,*,#5355,.T.);
#5353=ORIENTED_EDGE('',*,*,#5356,.T.);
#5354=ORIENTED_EDGE('',*,*,#5357,.T.);
#5355=EDGE_CURVE('',#382,#278,#5358,.F.);
#5356=EDGE_CURVE('',#278,#282,#5359,.T.);
#5357=EDGE_CURVE('',#282,#382,#5360,.T.);
#5358=LINE('',#381,#5361);
#5359=LINE('',#277,#5362);
#5360=LINE('',#281,#5363);
#5361=VECTOR('',#5364,1.0);
#5362=VECTOR('',#5365,1.0);
#5363=VECTOR('',#5366,1.0);
#5364=DIRECTION('',(0.9998925322003911,0.0011503777809490229,-0.014615084017921283));
#5365=DIRECTION('',(-0.6664451787476011,-0.05203612839878313,0.7437358839435834));
#5366=DIRECTION('',(-0.999830586149306,0.001153653044455751,-0.018370304433738095));
#5367=STYLED_ITEM('',(#25),#5368);
#5368=FACE_SURFACE('',(#5373),#5369,.T.);
#5369=PLANE('',#5370);
#5370=AXIS2_PLACEMENT_3D('',#381,#5371,#5372);
#5371=DIRECTION('',(0.00012911189557017269,-0.9975697795823076,-0.06967437257862068));
#5372=DIRECTION('',(0.999830586149306,-0.001153653044455751,0.018370304433738095));
#5373=FACE_BOUND('',#5374,.T.);
#5374=EDGE_LOOP('',(#5375,#5376,#5377));
#5375=ORIENTED_EDGE('',*,*,#5378,.T.);
#5376=ORIENTED_EDGE('',*,*,#5379,.T.);
#5377=ORIENTED_EDGE('',*,*,#5380,.T.);
#5378=EDGE_CURVE('',#382,#282,#5381,.F.);
#5379=EDGE_CURVE('',#282,#378,#5382,.T.);
#5380=EDGE_CURVE('',#378,#382,#5383,.T.);
#5381=LINE('',#381,#5384);
#5382=LINE('',#281,#5385);
#5383=LINE('',#377,#5386);
#5384=VECTOR('',#5387,1.0);
#5385=VECTOR('',#5388,1.0);
#5386=VECTOR('',#5389,1.0);
#5387=DIRECTION('',(0.999830586149306,-0.001153653044455751,0.018370304433738095));
#5388=DIRECTION('',(-0.9998924861545486,-0.0011504098637421757,0.014618231384854064));
#5389=DIRECTION('',(-0.6879847244654401,0.05047583461626043,-0.7239676850675067));
#5390=STYLED_ITEM('',(#25),#5391);
#5391=FACE_SURFACE('',(#5396),#5392,.T.);
#5392=PLANE('',#5393);
#5393=AXIS2_PLACEMENT_3D('',#377,#5394,#5395);
#5394=DIRECTION('',(0.00013033040954450582,-0.9975755654448785,-0.06959148109729595));
#5395=DIRECTION('',(0.9998924861545486,0.0011504098637421757,-0.014618231384854064));
#5396=FACE_BOUND('',#5397,.T.);
#5397=EDGE_LOOP('',(#5398,#5399,#5400));
#5398=ORIENTED_EDGE('',*,*,#5401,.T.);
#5399=ORIENTED_EDGE('',*,*,#5402,.T.);
#5400=ORIENTED_EDGE('',*,*,#5403,.T.);
#5401=EDGE_CURVE('',#378,#282,#5404,.F.);
#5402=EDGE_CURVE('',#282,#286,#5405,.T.);
#5403=EDGE_CURVE('',#286,#378,#5406,.T.);
#5404=LINE('',#377,#5407);
#5405=LINE('',#281,#5408);
#5406=LINE('',#285,#5409);
#5407=VECTOR('',#5410,1.0);
#5408=VECTOR('',#5411,1.0);
#5409=VECTOR('',#5412,1.0);
#5410=DIRECTION('',(0.9998924861545486,0.0011504098637421757,-0.014618231384854064));
#5411=DIRECTION('',(-0.7142129509573308,-0.04880191674423799,0.6982250594234712));
#5412=DIRECTION('',(-0.9998305581945475,0.0011510163181260762,-0.018371991231627756));
#5413=STYLED_ITEM('',(#25),#5414);
#5414=FACE_SURFACE('',(#5419),#5415,.T.);
#5415=PLANE('',#5416);
#5416=AXIS2_PLACEMENT_3D('',#377,#5417,#5418);
#5417=DIRECTION('',(0.00013184812188870947,-0.9975698249725121,-0.06967371757258424));
#5418=DIRECTION('',(0.9998305581945475,-0.0011510163181260762,0.018371991231627756));
#5419=FACE_BOUND('',#5420,.T.);
#5420=EDGE_LOOP('',(#5421,#5422,#5423));
#5421=ORIENTED_EDGE('',*,*,#5424,.T.);
#5422=ORIENTED_EDGE('',*,*,#5425,.T.);
#5423=ORIENTED_EDGE('',*,*,#5426,.T.);
#5424=EDGE_CURVE('',#378,#286,#5427,.F.);
#5425=EDGE_CURVE('',#286,#374,#5428,.T.);
#5426=EDGE_CURVE('',#374,#378,#5429,.T.);
#5427=LINE('',#377,#5430);
#5428=LINE('',#285,#5431);
#5429=LINE('',#373,#5432);
#5430=VECTOR('',#5433,1.0);
#5431=VECTOR('',#5434,1.0);
#5432=VECTOR('',#5435,1.0);
#5433=DIRECTION('',(0.9998305581945475,-0.0011510163181260762,0.018371991231627756));
#5434=DIRECTION('',(-0.9998925191288158,-0.0011529711776932287,0.014615773934141029));
#5435=DIRECTION('',(-0.7344508154193885,0.04718829813803763,-0.6770193972469556));
#5436=STYLED_ITEM('',(#25),#5437);
#5437=FACE_SURFACE('',(#5442),#5438,.T.);
#5438=PLANE('',#5439);
#5439=AXIS2_PLACEMENT_3D('',#373,#5440,#5441);
#5440=DIRECTION('',(0.00013076188252200455,-0.9975646606345415,-0.06974762185495662));
#5441=DIRECTION('',(0.9998925191288158,0.0011529711776932287,-0.014615773934141029));
#5442=FACE_BOUND('',#5443,.T.);
#5443=EDGE_LOOP('',(#5444,#5445,#5446));
#5444=ORIENTED_EDGE('',*,*,#5447,.T.);
#5445=ORIENTED_EDGE('',*,*,#5448,.T.);
#5446=ORIENTED_EDGE('',*,*,#5449,.T.);
#5447=EDGE_CURVE('',#374,#286,#5450,.F.);
#5448=EDGE_CURVE('',#286,#290,#5451,.T.);
#5449=EDGE_CURVE('',#290,#374,#5452,.T.);
#5450=LINE('',#373,#5453);
#5451=LINE('',#285,#5454);
#5452=LINE('',#289,#5455);
#5453=VECTOR('',#5456,1.0);
#5454=VECTOR('',#5457,1.0);
#5455=VECTOR('',#5458,1.0);
#5456=DIRECTION('',(0.9998925191288158,0.0011529711776932287,-0.014615773934141029));
#5457=DIRECTION('',(-0.7589403581340802,-0.04551587012083246,0.6495674240311451));
#5458=DIRECTION('',(-0.9998305726569077,0.0011534065526981488,-0.01837105423987439));
#5459=STYLED_ITEM('',(#25),#5460);
#5460=FACE_SURFACE('',(#5465),#5461,.T.);
#5461=PLANE('',#5462);
#5462=AXIS2_PLACEMENT_3D('',#373,#5463,#5464);
#5463=DIRECTION('',(0.00012838182823846517,-0.9975736696684895,-0.06961865484372574));
#5464=DIRECTION('',(0.9998305726569077,-0.0011534065526981488,0.01837105423987439));
#5465=FACE_BOUND('',#5466,.T.);
#5466=EDGE_LOOP('',(#5467,#5468,#5469));
#5467=ORIENTED_EDGE('',*,*,#5470,.T.);
#5468=ORIENTED_EDGE('',*,*,#5471,.T.);
#5469=ORIENTED_EDGE('',*,*,#5472,.T.);
#5470=EDGE_CURVE('',#374,#290,#5473,.F.);
#5471=EDGE_CURVE('',#290,#370,#5474,.T.);
#5472=EDGE_CURVE('',#370,#374,#5475,.T.);
#5473=LINE('',#373,#5476);
#5474=LINE('',#289,#5477);
#5475=LINE('',#369,#5478);
#5476=VECTOR('',#5479,1.0);
#5477=VECTOR('',#5480,1.0);
#5478=VECTOR('',#5481,1.0);
#5479=DIRECTION('',(0.9998305726569077,-0.0011534065526981488,0.01837105423987439));
#5480=DIRECTION('',(-0.9998924617664113,-0.0011489813846757742,0.014620011781225796));
#5481=DIRECTION('',(-0.7776698356670777,0.0436677656448755,-0.6271544888917918));
#5482=STYLED_ITEM('',(#25),#5483);
#5483=FACE_SURFACE('',(#5488),#5484,.T.);
#5484=PLANE('',#5485);
#5485=AXIS2_PLACEMENT_3D('',#369,#5486,#5487);
#5486=DIRECTION('',(0.0001288803507427113,-0.9975760354689477,-0.06958474579900344));
#5487=DIRECTION('',(0.9998924617664113,0.0011489813846757742,-0.014620011781225796));
#5488=FACE_BOUND('',#5489,.T.);
#5489=EDGE_LOOP('',(#5490,#5491,#5492));
#5490=ORIENTED_EDGE('',*,*,#5493,.T.);
#5491=ORIENTED_EDGE('',*,*,#5494,.T.);
#5492=ORIENTED_EDGE('',*,*,#5495,.T.);
#5493=EDGE_CURVE('',#370,#290,#5496,.F.);
#5494=EDGE_CURVE('',#290,#294,#5497,.T.);
#5495=EDGE_CURVE('',#294,#370,#5498,.T.);
#5496=LINE('',#369,#5499);
#5497=LINE('',#289,#5500);
#5498=LINE('',#293,#5501);
#5499=VECTOR('',#5502,1.0);
#5500=VECTOR('',#5503,1.0);
#5501=VECTOR('',#5504,1.0);
#5502=DIRECTION('',(0.9998924617664113,0.0011489813846757742,-0.014620011781225796));
#5503=DIRECTION('',(-0.8003203496077975,-0.04182400428637278,0.5981121054360179));
#5504=DIRECTION('',(-0.9998306568569637,0.0011519663152924336,-0.018366561533958235));
#5505=STYLED_ITEM('',(#25),#5506);
#5506=FACE_SURFACE('',(#5511),#5507,.T.);
#5507=PLANE('',#5508);
#5508=AXIS2_PLACEMENT_3D('',#369,#5509,#5510);
#5509=DIRECTION('',(0.00013118895866205492,-0.9975672991940326,-0.06970987281713092));
#5510=DIRECTION('',(0.9998306568569637,-0.0011519663152924336,0.018366561533958235));
#5511=FACE_BOUND('',#5512,.T.);
#5512=EDGE_LOOP('',(#5513,#5514,#5515));
#5513=ORIENTED_EDGE('',*,*,#5516,.T.);
#5514=ORIENTED_EDGE('',*,*,#5517,.T.);
#5515=ORIENTED_EDGE('',*,*,#5518,.T.);
#5516=EDGE_CURVE('',#370,#294,#5519,.F.);
#5517=EDGE_CURVE('',#294,#366,#5520,.T.);
#5518=EDGE_CURVE('',#366,#370,#5521,.T.);
#5519=LINE('',#369,#5522);
#5520=LINE('',#293,#5523);
#5521=LINE('',#365,#5524);
#5522=VECTOR('',#5525,1.0);
#5523=VECTOR('',#5526,1.0);
#5524=VECTOR('',#5527,1.0);
#5525=DIRECTION('',(0.9998306568569637,-0.0011519663152924336,0.018366561533958235));
#5526=DIRECTION('',(-0.9998924537388534,-0.0011531546592819565,0.01462023222889041));
#5527=DIRECTION('',(-0.8175544885263966,0.0400355236093971,-0.5744578445279197));
#5528=STYLED_ITEM('',(#25),#5529);
#5529=FACE_SURFACE('',(#5534),#5530,.T.);
#5530=PLANE('',#5531);
#5531=AXIS2_PLACEMENT_3D('',#365,#5532,#5533);
#5532=DIRECTION('',(0.00013121701828279437,-0.9975674325547372,-0.06970796430999661));
#5533=DIRECTION('',(0.9998924537388534,0.0011531546592819565,-0.01462023222889041));
#5534=FACE_BOUND('',#5535,.T.);
#5535=EDGE_LOOP('',(#5536,#5537,#5538));
#5536=ORIENTED_EDGE('',*,*,#5539,.T.);
#5537=ORIENTED_EDGE('',*,*,#5540,.T.);
#5538=ORIENTED_EDGE('',*,*,#5541,.T.);
#5539=EDGE_CURVE('',#366,#294,#5542,.F.);
#5540=EDGE_CURVE('',#294,#298,#5543,.T.);
#5541=EDGE_CURVE('',#298,#366,#5544,.T.);
#5542=LINE('',#365,#5545);
#5543=LINE('',#293,#5546);
#5544=LINE('',#297,#5547);
#5545=VECTOR('',#5548,1.0);
#5546=VECTOR('',#5549,1.0);
#5547=VECTOR('',#5550,1.0);
#5548=DIRECTION('',(0.9998924537388534,0.0011531546592819565,-0.01462023222889041));
#5549=DIRECTION('',(-0.8381593384689153,-0.03813021070914087,0.5440909945667423));
#5550=DIRECTION('',(-0.9998305749581589,0.0011522133320742511,-0.01837100387226461));
#5551=STYLED_ITEM('',(#25),#5552);
#5552=FACE_SURFACE('',(#5557),#5553,.T.);
#5553=PLANE('',#5554);
#5554=AXIS2_PLACEMENT_3D('',#365,#5555,#5556);
#5555=DIRECTION('',(0.00013101883678192543,-0.9975681829310205,-0.0696972254667753));
#5556=DIRECTION('',(0.9998305749581589,-0.0011522133320742511,0.01837100387226461));
#5557=FACE_BOUND('',#5558,.T.);
#5558=EDGE_LOOP('',(#5559,#5560,#5561));
#5559=ORIENTED_EDGE('',*,*,#5562,.T.);
#5560=ORIENTED_EDGE('',*,*,#5563,.T.);
#5561=ORIENTED_EDGE('',*,*,#5564,.T.);
#5562=EDGE_CURVE('',#366,#298,#5565,.F.);
#5563=EDGE_CURVE('',#298,#362,#5566,.T.);
#5564=EDGE_CURVE('',#362,#366,#5567,.T.);
#5565=LINE('',#365,#5568);
#5566=LINE('',#297,#5569);
#5567=LINE('',#361,#5570);
#5568=VECTOR('',#5571,1.0);
#5569=VECTOR('',#5572,1.0);
#5570=VECTOR('',#5573,1.0);
#5571=DIRECTION('',(0.9998305749581589,-0.0011522133320742511,0.01837100387226461));
#5572=DIRECTION('',(-0.9998925171980277,-0.0011524981169188878,0.014615943331941831));
#5573=DIRECTION('',(-0.8538223108644974,0.036170310236591716,-0.5193064318178606));
#5574=STYLED_ITEM('',(#25),#5575);
#5575=FACE_SURFACE('',(#5580),#5576,.T.);
#5576=PLANE('',#5577);
#5577=AXIS2_PLACEMENT_3D('',#361,#5578,#5579);
#5578=DIRECTION('',(0.00013191084048342985,-0.9975724211071973,-0.06963653671639916));
#5579=DIRECTION('',(0.9998925171980277,0.0011524981169188878,-0.014615943331941831));
#5580=FACE_BOUND('',#5581,.T.);
#5581=EDGE_LOOP('',(#5582,#5583,#5584));
#5582=ORIENTED_EDGE('',*,*,#5585,.T.);
#5583=ORIENTED_EDGE('',*,*,#5586,.T.);
#5584=ORIENTED_EDGE('',*,*,#5587,.T.);
#5585=EDGE_CURVE('',#362,#298,#5588,.F.);
#5586=EDGE_CURVE('',#298,#302,#5589,.T.);
#5587=EDGE_CURVE('',#302,#362,#5590,.T.);
#5588=LINE('',#361,#5591);
#5589=LINE('',#297,#5592);
#5590=LINE('',#301,#5593);
#5591=VECTOR('',#5594,1.0);
#5592=VECTOR('',#5595,1.0);
#5593=VECTOR('',#5596,1.0);
#5594=DIRECTION('',(0.9998925171980277,0.0011524981169188878,-0.014615943331941831));
#5595=DIRECTION('',(-0.8724095083429836,-0.03415144473441844,0.48758109948531186));
#5596=DIRECTION('',(-0.9998305906789876,0.0011501461013578066,-0.01837027780008427));
#5597=STYLED_ITEM('',(#25),#5598);
#5598=FACE_SURFACE('',(#5603),#5599,.T.);
#5599=PLANE('',#5600);
#5600=AXIS2_PLACEMENT_3D('',#361,#5601,#5602);
#5601=DIRECTION('',(0.0001323019761132331,-0.9975709412557597,-0.06965773222180509));
#5602=DIRECTION('',(0.9998305906789876,-0.0011501461013578066,0.01837027780008427));
#5603=FACE_BOUND('',#5604,.T.);
#5604=EDGE_LOOP('',(#5605,#5606,#5607));
#5605=ORIENTED_EDGE('',*,*,#5608,.T.);
#5606=ORIENTED_EDGE('',*,*,#5609,.T.);
#5607=ORIENTED_EDGE('',*,*,#5610,.T.);
#5608=EDGE_CURVE('',#362,#302,#5611,.F.);
#5609=EDGE_CURVE('',#302,#358,#5612,.T.);
#5610=EDGE_CURVE('',#358,#362,#5613,.T.);
#5611=LINE('',#361,#5614);
#5612=LINE('',#301,#5615);
#5613=LINE('',#357,#5616);
#5614=VECTOR('',#5617,1.0);
#5615=VECTOR('',#5618,1.0);
#5616=VECTOR('',#5619,1.0);
#5617=DIRECTION('',(0.9998305906789876,-0.0011501461013578066,0.01837027780008427));
#5618=DIRECTION('',(-0.9998925381647952,-0.0011530989500925222,0.01461446150820967));
#5619=DIRECTION('',(-0.8863730322059239,0.03213257787021629,-0.4618553293158916));
#5620=STYLED_ITEM('',(#25),#5621);
#5621=FACE_SURFACE('',(#5626),#5622,.T.);
#5622=PLANE('',#5623);
#5623=AXIS2_PLACEMENT_3D('',#357,#5624,#5625);
#5624=DIRECTION('',(0.00013090862779740036,-0.9975643167594426,-0.06975253967560961));
#5625=DIRECTION('',(0.9998925381647952,0.0011530989500925222,-0.01461446150820967));
#5626=FACE_BOUND('',#5627,.T.);
#5627=EDGE_LOOP('',(#5628,#5629,#5630));
#5628=ORIENTED_EDGE('',*,*,#5631,.T.);
#5629=ORIENTED_EDGE('',*,*,#5632,.T.);
#5630=ORIENTED_EDGE('',*,*,#5633,.T.);
#5631=EDGE_CURVE('',#358,#302,#5634,.F.);
#5632=EDGE_CURVE('',#302,#306,#5635,.T.);
#5633=EDGE_CURVE('',#306,#358,#5636,.T.);
#5634=LINE('',#357,#5637);
#5635=LINE('',#301,#5638);
#5636=LINE('',#305,#5639);
#5637=VECTOR('',#5640,1.0);
#5638=VECTOR('',#5641,1.0);
#5639=VECTOR('',#5642,1.0);
#5640=DIRECTION('',(0.9998925381647952,0.0011530989500925222,-0.01461446150820967));
#5641=DIRECTION('',(-0.9028149706587325,-0.030113527655197276,0.4289735472108179));
#5642=DIRECTION('',(-0.9998306003826323,0.0011532456261139027,-0.01836955533024288));
#5643=STYLED_ITEM('',(#25),#5644);
#5644=FACE_SURFACE('',(#5649),#5645,.T.);
#5645=PLANE('',#5646);
#5646=AXIS2_PLACEMENT_3D('',#357,#5647,#5648);
#5647=DIRECTION('',(0.00012898945319846837,-0.9975715836719262,-0.06964853775928086));
#5648=DIRECTION('',(0.9998306003826323,-0.0011532456261139027,0.01836955533024288));
#5649=FACE_BOUND('',#5650,.T.);
#5650=EDGE_LOOP('',(#5651,#5652,#5653));
#5651=ORIENTED_EDGE('',*,*,#5654,.T.);
#5652=ORIENTED_EDGE('',*,*,#5655,.T.);
#5653=ORIENTED_EDGE('',*,*,#5656,.T.);
#5654=EDGE_CURVE('',#358,#306,#5657,.F.);
#5655=EDGE_CURVE('',#306,#354,#5658,.T.);
#5656=EDGE_CURVE('',#354,#358,#5659,.T.);
#5657=LINE('',#357,#5660);
#5658=LINE('',#305,#5661);
#5659=LINE('',#353,#5662);
#5660=VECTOR('',#5663,1.0);
#5661=VECTOR('',#5664,1.0);
#5662=VECTOR('',#5665,1.0);
#5663=DIRECTION('',(0.9998306003826323,-0.0011532456261139027,0.01836955533024288));
#5664=DIRECTION('',(-0.9998925007164328,-0.001149840065490821,0.014617280145853269));
#5665=DIRECTION('',(-0.9150228636337933,0.027978615523020087,-0.4024305605950271));
#5666=STYLED_ITEM('',(#25),#5667);
#5667=FACE_SURFACE('',(#5672),#5668,.T.);
#5668=PLANE('',#5669);
#5669=AXIS2_PLACEMENT_3D('',#353,#5670,#5671);
#5670=DIRECTION('',(0.00012951206016018285,-0.9975740652538755,-0.0696129841299939));
#5671=DIRECTION('',(0.9998925007164328,0.001149840065490821,-0.014617280145853269));
#5672=FACE_BOUND('',#5673,.T.);
#5673=EDGE_LOOP('',(#5674,#5675,#5676));
#5674=ORIENTED_EDGE('',*,*,#5677,.T.);
#5675=ORIENTED_EDGE('',*,*,#5678,.T.);
#5676=ORIENTED_EDGE('',*,*,#5679,.T.);
#5677=EDGE_CURVE('',#354,#306,#5680,.F.);
#5678=EDGE_CURVE('',#306,#310,#5681,.T.);
#5679=EDGE_CURVE('',#310,#354,#5682,.T.);
#5680=LINE('',#353,#5683);
#5681=LINE('',#305,#5684);
#5682=LINE('',#309,#5685);
#5683=VECTOR('',#5686,1.0);
#5684=VECTOR('',#5687,1.0);
#5685=VECTOR('',#5688,1.0);
#5686=DIRECTION('',(0.9998925007164328,0.001149840065490821,-0.014617280145853269));
#5687=DIRECTION('',(-0.9292230301375581,-0.02584339810355725,0.3686145399145777));
#5688=DIRECTION('',(-0.999830466064843,0.0011525772774970422,-0.018376906545394704));
#5689=STYLED_ITEM('',(#25),#5690);
#5690=FACE_SURFACE('',(#5695),#5691,.T.);
#5691=PLANE('',#5692);
#5692=AXIS2_PLACEMENT_3D('',#353,#5693,#5694);
#5693=DIRECTION('',(0.0001304349655843322,-0.9975705752127725,-0.06966297765942817));
#5694=DIRECTION('',(0.999830466064843,-0.0011525772774970422,0.018376906545394704));
#5695=FACE_BOUND('',#5696,.T.);
#5696=EDGE_LOOP('',(#5697,#5698,#5699));
#5697=ORIENTED_EDGE('',*,*,#5700,.T.);
#5698=ORIENTED_EDGE('',*,*,#5701,.T.);
#5699=ORIENTED_EDGE('',*,*,#5702,.T.);
#5700=EDGE_CURVE('',#354,#310,#5703,.F.);
#5701=EDGE_CURVE('',#310,#350,#5704,.T.);
#5702=EDGE_CURVE('',#350,#354,#5705,.T.);
#5703=LINE('',#353,#5706);
#5704=LINE('',#309,#5707);
#5705=LINE('',#349,#5708);
#5706=VECTOR('',#5709,1.0);
#5707=VECTOR('',#5710,1.0);
#5708=VECTOR('',#5711,1.0);
#5709=DIRECTION('',(0.999830466064843,-0.0011525772774970422,0.018376906545394704));
#5710=DIRECTION('',(-0.9998925322807746,-0.0011513426438591783,0.014615002540416507));
#5711=DIRECTION('',(-0.939664650162501,0.02370922573640021,-0.34127440257066577));
#5712=STYLED_ITEM('',(#25),#5713);
#5713=FACE_SURFACE('',(#5718),#5714,.T.);
#5714=PLANE('',#5715);
#5715=AXIS2_PLACEMENT_3D('',#349,#5716,#5717);
#5716=DIRECTION('',(0.00013074533442831497,-0.9975720496647403,-0.06964185977805452));
#5717=DIRECTION('',(0.9998925322807746,0.0011513426438591783,-0.014615002540416507));
#5718=FACE_BOUND('',#5719,.T.);
#5719=EDGE_LOOP('',(#5720,#5721,#5722));
#5720=ORIENTED_EDGE('',*,*,#5723,.T.);
#5721=ORIENTED_EDGE('',*,*,#5724,.T.);
#5722=ORIENTED_EDGE('',*,*,#5725,.T.);
#5723=EDGE_CURVE('',#350,#310,#5726,.F.);
#5724=EDGE_CURVE('',#310,#314,#5727,.T.);
#5725=EDGE_CURVE('',#314,#350,#5728,.T.);
#5726=LINE('',#349,#5729);
#5727=LINE('',#309,#5730);
#5728=LINE('',#313,#5731);
#5729=VECTOR('',#5732,1.0);
#5730=VECTOR('',#5733,1.0);
#5731=VECTOR('',#5734,1.0);
#5732=DIRECTION('',(0.9998925322807746,0.0011513426438591783,-0.014615002540416507));
#5733=DIRECTION('',(-0.9516464064989654,-0.021517790335142024,0.306441024826473));
#5734=DIRECTION('',(-0.9998306352658184,0.001151238492244297,-0.01836778249772822));
#5735=STYLED_ITEM('',(#25),#5736);
#5736=FACE_SURFACE('',(#5741),#5737,.T.);
#5737=PLANE('',#5738);
#5738=AXIS2_PLACEMENT_3D('',#349,#5739,#5740);
#5739=DIRECTION('',(0.00013128146990760335,-0.9975700206750092,-0.06967091656952255));
#5740=DIRECTION('',(0.9998306352658184,-0.001151238492244297,0.01836778249772822));
#5741=FACE_BOUND('',#5742,.T.);
#5742=EDGE_LOOP('',(#5743,#5744,#5745));
#5743=ORIENTED_EDGE('',*,*,#5746,.T.);
#5744=ORIENTED_EDGE('',*,*,#5747,.T.);
#5745=ORIENTED_EDGE('',*,*,#5748,.T.);
#5746=EDGE_CURVE('',#350,#314,#5749,.F.);
#5747=EDGE_CURVE('',#314,#346,#5750,.T.);
#5748=EDGE_CURVE('',#346,#350,#5751,.T.);
#5749=LINE('',#349,#5752);
#5750=LINE('',#313,#5753);
#5751=LINE('',#345,#5754);
#5752=VECTOR('',#5755,1.0);
#5753=VECTOR('',#5756,1.0);
#5754=VECTOR('',#5757,1.0);
#5755=DIRECTION('',(0.9998306352658184,-0.001151238492244297,0.01836778249772822));
#5756=DIRECTION('',(-0.9998924863898393,-0.0011525208301896555,0.014618049010759936));
#5757=DIRECTION('',(-0.9602367568079127,0.019325456140866566,-0.2785173201435934));
#5758=STYLED_ITEM('',(#25),#5759);
#5759=FACE_SURFACE('',(#5764),#5760,.T.);
#5760=PLANE('',#5761);
#5761=AXIS2_PLACEMENT_3D('',#345,#5762,#5763);
#5762=DIRECTION('',(0.00012951963746997788,-0.9975616432013652,-0.06979076757032922));
#5763=DIRECTION('',(0.9998924863898393,0.0011525208301896555,-0.014618049010759936));
#5764=FACE_BOUND('',#5765,.T.);
#5765=EDGE_LOOP('',(#5766,#5767,#5768));
#5766=ORIENTED_EDGE('',*,*,#5769,.T.);
#5767=ORIENTED_EDGE('',*,*,#5770,.T.);
#5768=ORIENTED_EDGE('',*,*,#5771,.T.);
#5769=EDGE_CURVE('',#346,#314,#5772,.F.);
#5770=EDGE_CURVE('',#314,#318,#5773,.T.);
#5771=EDGE_CURVE('',#318,#346,#5774,.T.);
#5772=LINE('',#345,#5775);
#5773=LINE('',#313,#5776);
#5774=LINE('',#317,#5777);
#5775=VECTOR('',#5778,1.0);
#5776=VECTOR('',#5779,1.0);
#5777=VECTOR('',#5780,1.0);
#5778=DIRECTION('',(0.9998924863898393,0.0011525208301896555,-0.014618049010759936));
#5779=DIRECTION('',(-0.9698513786937252,-0.01713311787711262,0.24309413715202888));
#5780=DIRECTION('',(-0.9998305316107798,0.0011555963380394034,-0.018373150410554543));
#5781=STYLED_ITEM('',(#25),#5782);
#5782=FACE_SURFACE('',(#5787),#5783,.T.);
#5783=PLANE('',#5784);
#5784=AXIS2_PLACEMENT_3D('',#345,#5785,#5786);
#5785=DIRECTION('',(0.0001292064178796533,-0.9975628303498748,-0.06977379744609535));
#5786=DIRECTION('',(0.9998305316107798,-0.0011555963380394034,0.018373150410554543));
#5787=FACE_BOUND('',#5788,.T.);
#5788=EDGE_LOOP('',(#5789,#5790,#5791));
#5789=ORIENTED_EDGE('',*,*,#5792,.T.);
#5790=ORIENTED_EDGE('',*,*,#5793,.T.);
#5791=ORIENTED_EDGE('',*,*,#5794,.T.);
#5792=EDGE_CURVE('',#346,#318,#5795,.F.);
#5793=EDGE_CURVE('',#318,#342,#5796,.T.);
#5794=EDGE_CURVE('',#342,#346,#5797,.T.);
#5795=LINE('',#345,#5798);
#5796=LINE('',#317,#5799);
#5797=LINE('',#341,#5800);
#5798=VECTOR('',#5801,1.0);
#5799=VECTOR('',#5802,1.0);
#5800=VECTOR('',#5803,1.0);
#5801=DIRECTION('',(0.9998305316107798,-0.0011555963380394034,0.018373150410554543));
#5802=DIRECTION('',(-0.9998925891564711,-0.0011514708530438395,0.014611100740304181));
#5803=DIRECTION('',(-0.976588885944773,0.014883462805703919,-0.21459876603573091));
#5804=STYLED_ITEM('',(#25),#5805);
#5805=FACE_SURFACE('',(#5810),#5806,.T.);
#5806=PLANE('',#5807);
#5807=AXIS2_PLACEMENT_3D('',#341,#5808,#5809);
#5808=DIRECTION('',(0.00013308199817054035,-0.9975812439547348,-0.06951002804564134));
#5809=DIRECTION('',(0.9998925891564711,0.0011514708530438395,-0.014611100740304181));
#5810=FACE_BOUND('',#5811,.T.);
#5811=EDGE_LOOP('',(#5812,#5813,#5814));
#5812=ORIENTED_EDGE('',*,*,#5815,.T.);
#5813=ORIENTED_EDGE('',*,*,#5816,.T.);
#5814=ORIENTED_EDGE('',*,*,#5817,.T.);
#5815=EDGE_CURVE('',#342,#318,#5818,.F.);
#5816=EDGE_CURVE('',#318,#322,#5819,.T.);
#5817=EDGE_CURVE('',#322,#342,#5820,.T.);
#5818=LINE('',#341,#5821);
#5819=LINE('',#317,#5822);
#5820=LINE('',#321,#5823);
#5821=VECTOR('',#5824,1.0);
#5822=VECTOR('',#5825,1.0);
#5823=VECTOR('',#5826,1.0);
#5824=DIRECTION('',(0.9998925891564711,0.0011514708530438395,-0.014611100740304181));
#5825=DIRECTION('',(-0.9838412293868404,-0.012575903270778337,0.17860090149692537));
#5826=DIRECTION('',(-0.9998304370337414,0.0011472277721923502,-0.018378820673707753));
#5827=STYLED_ITEM('',(#25),#5828);
#5828=FACE_SURFACE('',(#5833),#5829,.T.);
#5829=PLANE('',#5830);
#5830=AXIS2_PLACEMENT_3D('',#341,#5831,#5832);
#5831=DIRECTION('',(0.00013630233474735073,-0.9975690741212501,-0.06968445865862499));
#5832=DIRECTION('',(0.9998304370337414,-0.0011472277721923502,0.018378820673707753));
#5833=FACE_BOUND('',#5834,.T.);
#5834=EDGE_LOOP('',(#5835,#5836,#5837));
#5835=ORIENTED_EDGE('',*,*,#5838,.T.);
#5836=ORIENTED_EDGE('',*,*,#5839,.T.);
#5837=ORIENTED_EDGE('',*,*,#5840,.T.);
#5838=EDGE_CURVE('',#342,#322,#5841,.F.);
#5839=EDGE_CURVE('',#322,#338,#5842,.T.);
#5840=EDGE_CURVE('',#338,#342,#5843,.T.);
#5841=LINE('',#341,#5844);
#5842=LINE('',#321,#5845);
#5843=LINE('',#337,#5846);
#5844=VECTOR('',#5847,1.0);
#5845=VECTOR('',#5848,1.0);
#5846=VECTOR('',#5849,1.0);
#5847=DIRECTION('',(0.9998304370337414,-0.0011472277721923502,0.018378820673707753));
#5848=DIRECTION('',(-0.9998926568002469,-0.0011569141195521175,0.014606040759345483));
#5849=DIRECTION('',(-0.9886688751675373,0.01032609538797472,-0.1497572269674993));
#5850=STYLED_ITEM('',(#25),#5851);
#5851=FACE_SURFACE('',(#5856),#5852,.T.);
#5852=PLANE('',#5853);
#5853=AXIS2_PLACEMENT_3D('',#337,#5854,#5855);
#5854=DIRECTION('',(0.0001324447448742176,-0.9975506944212477,-0.06994708369958227));
#5855=DIRECTION('',(0.9998926568002469,0.0011569141195521175,-0.014606040759345483));
#5856=FACE_BOUND('',#5857,.T.);
#5857=EDGE_LOOP('',(#5858,#5859,#5860));
#5858=ORIENTED_EDGE('',*,*,#5861,.T.);
#5859=ORIENTED_EDGE('',*,*,#5862,.T.);
#5860=ORIENTED_EDGE('',*,*,#5863,.T.);
#5861=EDGE_CURVE('',#338,#322,#5864,.F.);
#5862=EDGE_CURVE('',#322,#326,#5865,.T.);
#5863=EDGE_CURVE('',#326,#338,#5866,.T.);
#5864=LINE('',#337,#5867);
#5865=LINE('',#321,#5868);
#5866=LINE('',#325,#5869);
#5867=VECTOR('',#5870,1.0);
#5868=VECTOR('',#5871,1.0);
#5869=VECTOR('',#5872,1.0);
#5870=DIRECTION('',(0.9998926568002469,0.0011569141195521175,-0.014606040759345483));
#5871=DIRECTION('',(-0.9935281038943804,-0.008076308687180185,0.11329907329729917));
#5872=DIRECTION('',(-0.9998305629347047,0.0011554374677920974,-0.018371455737894348));
#5873=STYLED_ITEM('',(#25),#5874);
#5874=FACE_SURFACE('',(#5879),#5875,.T.);
#5875=PLANE('',#5876);
#5876=AXIS2_PLACEMENT_3D('',#337,#5877,#5878);
#5877=DIRECTION('',(0.00011512442246585524,-0.9976160604168288,-0.06900857008208025));
#5878=DIRECTION('',(0.9998305629347047,-0.0011554374677920974,0.018371455737894348));
#5879=FACE_BOUND('',#5880,.T.);
#5880=EDGE_LOOP('',(#5881,#5882,#5883));
#5881=ORIENTED_EDGE('',*,*,#5884,.T.);
#5882=ORIENTED_EDGE('',*,*,#5885,.T.);
#5883=ORIENTED_EDGE('',*,*,#5886,.T.);
#5884=EDGE_CURVE('',#338,#326,#5887,.F.);
#5885=EDGE_CURVE('',#326,#334,#5888,.T.);
#5886=EDGE_CURVE('',#334,#338,#5889,.T.);
#5887=LINE('',#337,#5890);
#5888=LINE('',#325,#5891);
#5889=LINE('',#333,#5892);
#5890=VECTOR('',#5893,1.0);
#5891=VECTOR('',#5894,1.0);
#5892=VECTOR('',#5895,1.0);
#5893=DIRECTION('',(0.9998305629347047,-0.0011554374677920974,0.018371455737894348));
#5894=DIRECTION('',(-0.9998927375121506,-0.0011255251729045857,0.01460296762794155));
#5895=DIRECTION('',(-0.996430463828058,0.005711092335047054,-0.08422418999160303));
#5896=STYLED_ITEM('',(#25),#5897);
#5897=FACE_SURFACE('',(#5902),#5898,.T.);
#5898=PLANE('',#5899);
#5899=AXIS2_PLACEMENT_3D('',#333,#5900,#5901);
#5900=DIRECTION('',(0.00011856924512190664,-0.9976322621015976,-0.06877394532367179));
#5901=DIRECTION('',(0.9998927375121506,0.0011255251729045857,-0.01460296762794155));
#5902=FACE_BOUND('',#5903,.T.);
#5903=EDGE_LOOP('',(#5904,#5905,#5906));
#5904=ORIENTED_EDGE('',*,*,#5907,.T.);
#5905=ORIENTED_EDGE('',*,*,#5908,.T.);
#5906=ORIENTED_EDGE('',*,*,#5909,.T.);
#5907=EDGE_CURVE('',#334,#326,#5910,.F.);
#5908=EDGE_CURVE('',#326,#330,#5911,.T.);
#5909=EDGE_CURVE('',#330,#334,#5912,.T.);
#5910=LINE('',#333,#5913);
#5911=LINE('',#325,#5914);
#5912=LINE('',#329,#5915);
#5913=VECTOR('',#5916,1.0);
#5914=VECTOR('',#5917,1.0);
#5915=VECTOR('',#5918,1.0);
#5916=DIRECTION('',(0.9998927375121506,0.0011255251729045857,-0.01460296762794155));
#5917=DIRECTION('',(-0.9988583005300753,-0.0034035629749896578,0.04764988164985521));
#5918=DIRECTION('',(-0.9998289335552731,0.001153751495144878,-0.018460023922318047));
#5919=STYLED_ITEM('',(#25),#5920);
#5920=FACE_SURFACE('',(#5925),#5921,.T.);
#5921=PLANE('',#5922);
#5922=AXIS2_PLACEMENT_3D('',#233,#5923,#5924);
#5923=DIRECTION('',(0.00013105935361059517,-0.9975701155771494,-0.06966955813580648));
#5924=DIRECTION('',(-0.9998306055243329,0.0011515477014937367,-0.018369381991157965));
#5925=FACE_BOUND('',#5926,.T.);
#5926=EDGE_LOOP('',(#5927,#5928,#5929));
#5927=ORIENTED_EDGE('',*,*,#5930,.T.);
#5928=ORIENTED_EDGE('',*,*,#5931,.T.);
#5929=ORIENTED_EDGE('',*,*,#5932,.T.);
#5930=EDGE_CURVE('',#234,#50,#5933,.F.);
#5931=EDGE_CURVE('',#50,#230,#5934,.T.);
#5932=EDGE_CURVE('',#230,#234,#5935,.T.);
#5933=LINE('',#233,#5936);
#5934=LINE('',#49,#5937);
#5935=LINE('',#229,#5938);
#5936=VECTOR('',#5939,1.0);
#5937=VECTOR('',#5940,1.0);
#5938=VECTOR('',#5941,1.0);
#5939=DIRECTION('',(-0.9998306055243329,0.0011515477014937367,-0.018369381991157965));
#5940=DIRECTION('',(0.999892511727994,0.0011521591261842924,-0.014616344263570502));
#5941=DIRECTION('',(0.06422599959482901,-0.06951732054390475,0.9955111064776931));
#5942=STYLED_ITEM('',(#25),#5943);
#5943=FACE_SURFACE('',(#5948),#5944,.T.);
#5944=PLANE('',#5945);
#5945=AXIS2_PLACEMENT_3D('',#229,#5946,#5947);
#5946=DIRECTION('',(0.00013084226677500762,-0.9975690840102102,-0.0696843275588676));
#5947=DIRECTION('',(-0.999892511727994,-0.0011521591261842924,0.014616344263570502));
#5948=FACE_BOUND('',#5949,.T.);
#5949=EDGE_LOOP('',(#5950,#5951,#5952));
#5950=ORIENTED_EDGE('',*,*,#5953,.T.);
#5951=ORIENTED_EDGE('',*,*,#5954,.T.);
#5952=ORIENTED_EDGE('',*,*,#5955,.T.);
#5953=EDGE_CURVE('',#230,#50,#5956,.F.);
#5954=EDGE_CURVE('',#50,#54,#5957,.T.);
#5955=EDGE_CURVE('',#54,#230,#5958,.T.);
#5956=LINE('',#229,#5959);
#5957=LINE('',#49,#5960);
#5958=LINE('',#53,#5961);
#5959=VECTOR('',#5962,1.0);
#5960=VECTOR('',#5963,1.0);
#5961=VECTOR('',#5964,1.0);
#5962=DIRECTION('',(-0.999892511727994,-0.0011521591261842924,0.014616344263570502));
#5963=DIRECTION('',(0.1009083439722626,0.06934181124359719,-0.992476306684564));
#5964=DIRECTION('',(0.9998305840355072,-0.0011521176442705003,0.018370515837893127));
#5965=STYLED_ITEM('',(#25),#5966);
#5966=FACE_SURFACE('',(#5971),#5967,.T.);
#5967=PLANE('',#5968);
#5968=AXIS2_PLACEMENT_3D('',#229,#5969,#5970);
#5969=DIRECTION('',(0.00013038880567308548,-0.9975708002466409,-0.06965975519649727));
#5970=DIRECTION('',(-0.9998305840355072,0.0011521176442705003,-0.018370515837893127));
#5971=FACE_BOUND('',#5972,.T.);
#5972=EDGE_LOOP('',(#5973,#5974,#5975));
#5973=ORIENTED_EDGE('',*,*,#5976,.T.);
#5974=ORIENTED_EDGE('',*,*,#5977,.T.);
#5975=ORIENTED_EDGE('',*,*,#5978,.T.);
#5976=EDGE_CURVE('',#230,#54,#5979,.F.);
#5977=EDGE_CURVE('',#54,#226,#5980,.T.);
#5978=EDGE_CURVE('',#226,#230,#5981,.T.);
#5979=LINE('',#229,#5982);
#5980=LINE('',#53,#5983);
#5981=LINE('',#225,#5984);
#5982=VECTOR('',#5985,1.0);
#5983=VECTOR('',#5986,1.0);
#5984=VECTOR('',#5987,1.0);
#5985=DIRECTION('',(-0.9998305840355072,0.0011521176442705003,-0.018370515837893127));
#5986=DIRECTION('',(0.9998924979211172,0.0011514126532592612,-0.01461734756960124));
#5987=DIRECTION('',(0.13003470952276686,-0.06905139172439692,0.9891020572318376));
#5988=STYLED_ITEM('',(#25),#5989);
#5989=FACE_SURFACE('',(#5994),#5990,.T.);
#5990=PLANE('',#5991);
#5991=AXIS2_PLACEMENT_3D('',#225,#5992,#5993);
#5992=DIRECTION('',(0.00013048127246105223,-0.9975712394796337,-0.06965346464968421));
#5993=DIRECTION('',(-0.9998924979211172,-0.0011514126532592612,0.01461734756960124));
#5994=FACE_BOUND('',#5995,.T.);
#5995=EDGE_LOOP('',(#5996,#5997,#5998));
#5996=ORIENTED_EDGE('',*,*,#5999,.T.);
#5997=ORIENTED_EDGE('',*,*,#6000,.T.);
#5998=ORIENTED_EDGE('',*,*,#6001,.T.);
#5999=EDGE_CURVE('',#226,#54,#6002,.F.);
#6000=EDGE_CURVE('',#54,#58,#6003,.T.);
#6001=EDGE_CURVE('',#58,#226,#6004,.T.);
#6002=LINE('',#225,#6005);
#6003=LINE('',#53,#6006);
#6004=LINE('',#57,#6007);
#6005=VECTOR('',#6008,1.0);
#6006=VECTOR('',#6009,1.0);
#6007=VECTOR('',#6010,1.0);
#6008=DIRECTION('',(-0.9998924979211172,-0.0011514126532592612,0.01461734756960124));
#6009=DIRECTION('',(0.1664357540969886,0.0687036236436192,-0.9836559113106588));
#6010=DIRECTION('',(0.9998305689392075,-0.0011519666492781505,0.018371346916855085));
#6011=STYLED_ITEM('',(#25),#6012);
#6012=FACE_SURFACE('',(#6017),#6013,.T.);
#6013=PLANE('',#6014);
#6014=AXIS2_PLACEMENT_3D('',#225,#6015,#6016);
#6015=DIRECTION('',(0.0001307456881712968,-0.9975702389410672,-0.06966779230481705));
#6016=DIRECTION('',(-0.9998305689392075,0.0011519666492781505,-0.018371346916855085));
#6017=FACE_BOUND('',#6018,.T.);
#6018=EDGE_LOOP('',(#6019,#6020,#6021));
#6019=ORIENTED_EDGE('',*,*,#6022,.T.);
#6020=ORIENTED_EDGE('',*,*,#6023,.T.);
#6021=ORIENTED_EDGE('',*,*,#6024,.T.);
#6022=EDGE_CURVE('',#226,#58,#6025,.F.);
#6023=EDGE_CURVE('',#58,#222,#6026,.T.);
#6024=EDGE_CURVE('',#222,#226,#6027,.T.);
#6025=LINE('',#225,#6028);
#6026=LINE('',#57,#6029);
#6027=LINE('',#221,#6030);
#6028=VECTOR('',#6031,1.0);
#6029=VECTOR('',#6032,1.0);
#6030=VECTOR('',#6033,1.0);
#6031=DIRECTION('',(-0.9998305689392075,0.0011519666492781505,-0.018371346916855085));
#6032=DIRECTION('',(0.9998925069524333,0.0011518432682418194,-0.014616695846316105));
#6033=DIRECTION('',(0.19527853220758104,-0.06830106649693819,0.978366628199385));
#6034=STYLED_ITEM('',(#25),#6035);
#6035=FACE_SURFACE('',(#6040),#6036,.T.);
#6036=PLANE('',#6037);
#6037=AXIS2_PLACEMENT_3D('',#221,#6038,#6039);
#6038=DIRECTION('',(0.0001312906597330427,-0.9975728274848031,-0.0696307161153613));
#6039=DIRECTION('',(-0.9998925069524333,-0.0011518432682418194,0.014616695846316105));
#6040=FACE_BOUND('',#6041,.T.);
#6041=EDGE_LOOP('',(#6042,#6043,#6044));
#6042=ORIENTED_EDGE('',*,*,#6045,.T.);
#6043=ORIENTED_EDGE('',*,*,#6046,.T.);
#6044=ORIENTED_EDGE('',*,*,#6047,.T.);
#6045=EDGE_CURVE('',#222,#58,#6048,.F.);
#6046=EDGE_CURVE('',#58,#218,#6049,.T.);
#6047=EDGE_CURVE('',#218,#222,#6050,.T.);
#6048=LINE('',#221,#6051);
#6049=LINE('',#57,#6052);
#6050=LINE('',#217,#6053);
#6051=VECTOR('',#6054,1.0);
#6052=VECTOR('',#6055,1.0);
#6053=VECTOR('',#6056,1.0);
#6054=DIRECTION('',(-0.9998925069524333,-0.0011518432682418194,0.014616695846316105));
#6055=DIRECTION('',(0.9988611143142578,0.00345305976725896,-0.04758729545921664));
#6056=DIRECTION('',(0.25967930590554683,-0.0672080179124205,0.9633533829352017));
#6057=STYLED_ITEM('',(#25),#6058);
#6058=FACE_SURFACE('',(#6063),#6059,.T.);
#6059=PLANE('',#6060);
#6060=AXIS2_PLACEMENT_3D('',#217,#6061,#6062);
#6061=DIRECTION('',(0.0001275242749452129,-0.9975673345091561,-0.06970937424662885));
#6062=DIRECTION('',(-0.9988611143142578,-0.00345305976725896,0.04758729545921664));
#6063=FACE_BOUND('',#6064,.T.);
#6064=EDGE_LOOP('',(#6065,#6066,#6067));
#6065=ORIENTED_EDGE('',*,*,#6068,.T.);
#6066=ORIENTED_EDGE('',*,*,#6069,.T.);
#6067=ORIENTED_EDGE('',*,*,#6070,.T.);
#6068=EDGE_CURVE('',#218,#58,#6071,.F.);
#6069=EDGE_CURVE('',#58,#214,#6072,.T.);
#6070=EDGE_CURVE('',#214,#218,#6073,.T.);
#6071=LINE('',#217,#6074);
#6072=LINE('',#57,#6075);
#6073=LINE('',#213,#6076);
#6074=VECTOR('',#6077,1.0);
#6075=VECTOR('',#6078,1.0);
#6076=VECTOR('',#6079,1.0);
#6077=DIRECTION('',(-0.9988611143142578,-0.00345305976725896,0.04758729545921664));
#6078=DIRECTION('',(0.9967373288872537,0.00575329178591954,-0.0805083650084179));
#6079=DIRECTION('',(0.3229130051429063,-0.06593387042017584,0.9441291838731567));
#6080=STYLED_ITEM('',(#25),#6081);
#6081=FACE_SURFACE('',(#6086),#6082,.T.);
#6082=PLANE('',#6083);
#6083=AXIS2_PLACEMENT_3D('',#213,#6084,#6085);
#6084=DIRECTION('',(0.00012992685916161275,-0.9975694020160188,-0.06967977669606648));
#6085=DIRECTION('',(-0.9967373288872537,-0.00575329178591954,0.0805083650084179));
#6086=FACE_BOUND('',#6087,.T.);
#6087=EDGE_LOOP('',(#6088,#6089,#6090));
#6088=ORIENTED_EDGE('',*,*,#6091,.T.);
#6089=ORIENTED_EDGE('',*,*,#6092,.T.);
#6090=ORIENTED_EDGE('',*,*,#6093,.T.);
#6091=EDGE_CURVE('',#214,#58,#6094,.F.);
#6092=EDGE_CURVE('',#58,#210,#6095,.T.);
#6093=EDGE_CURVE('',#210,#214,#6096,.T.);
#6094=LINE('',#213,#6097);
#6095=LINE('',#57,#6098);
#6096=LINE('',#209,#6099);
#6097=VECTOR('',#6100,1.0);
#6098=VECTOR('',#6101,1.0);
#6099=VECTOR('',#6102,1.0);
#6100=DIRECTION('',(-0.9967373288872537,-0.00575329178591954,0.0805083650084179));
#6101=DIRECTION('',(0.9935237815909469,0.008046086731276854,-0.11333911902576772));
#6102=DIRECTION('',(0.38477889716672575,-0.06426517423695198,0.9207688025098659));
#6103=STYLED_ITEM('',(#25),#6104);
#6104=FACE_SURFACE('',(#6109),#6105,.T.);
#6105=PLANE('',#6106);
#6106=AXIS2_PLACEMENT_3D('',#209,#6107,#6108);
#6107=DIRECTION('',(0.00013518027566932728,-0.9975726010479649,-0.06963395267174755));
#6108=DIRECTION('',(-0.9935237815909469,-0.008046086731276854,0.11333911902576772));
#6109=FACE_BOUND('',#6110,.T.);
#6110=EDGE_LOOP('',(#6111,#6112,#6113));
#6111=ORIENTED_EDGE('',*,*,#6114,.T.);
#6112=ORIENTED_EDGE('',*,*,#6115,.T.);
#6113=ORIENTED_EDGE('',*,*,#6116,.T.);
#6114=EDGE_CURVE('',#210,#58,#6117,.F.);
#6115=EDGE_CURVE('',#58,#206,#6118,.T.);
#6116=EDGE_CURVE('',#206,#210,#6119,.T.);
#6117=LINE('',#209,#6120);
#6118=LINE('',#57,#6121);
#6119=LINE('',#205,#6122);
#6120=VECTOR('',#6123,1.0);
#6121=VECTOR('',#6124,1.0);
#6122=VECTOR('',#6125,1.0);
#6123=DIRECTION('',(-0.9935237815909469,-0.008046086731276854,0.11333911902576772));
#6124=DIRECTION('',(0.989223704086792,0.010328638564392263,-0.14604719270911376));
#6125=DIRECTION('',(0.4449265976898597,-0.06230187398418029,0.8933973355490742));
#6126=STYLED_ITEM('',(#25),#6127);
#6127=FACE_SURFACE('',(#6132),#6128,.T.);
#6128=PLANE('',#6129);
#6129=AXIS2_PLACEMENT_3D('',#205,#6130,#6131);
#6130=DIRECTION('',(0.00012574322560006022,-0.9975681603253956,-0.06969755873520193));
#6131=DIRECTION('',(-0.989223704086792,-0.010328638564392263,0.14604719270911376));
#6132=FACE_BOUND('',#6133,.T.);
#6133=EDGE_LOOP('',(#6134,#6135,#6136));
#6134=ORIENTED_EDGE('',*,*,#6137,.T.);
#6135=ORIENTED_EDGE('',*,*,#6138,.T.);
#6136=ORIENTED_EDGE('',*,*,#6139,.T.);
#6137=EDGE_CURVE('',#206,#58,#6140,.F.);
#6138=EDGE_CURVE('',#58,#202,#6141,.T.);
#6139=EDGE_CURVE('',#202,#206,#6142,.T.);
#6140=LINE('',#205,#6143);
#6141=LINE('',#57,#6144);
#6142=LINE('',#201,#6145);
#6143=VECTOR('',#6146,1.0);
#6144=VECTOR('',#6147,1.0);
#6145=VECTOR('',#6148,1.0);
#6146=DIRECTION('',(-0.989223704086792,-0.010328638564392263,0.14604719270911376));
#6147=DIRECTION('',(0.9838420966453341,0.012601943298619616,-0.17859428852461));
#6148=DIRECTION('',(0.5031569418518844,-0.060169171151274146,0.8620978846449098));
#6149=STYLED_ITEM('',(#25),#6150);
#6150=FACE_SURFACE('',(#6155),#6151,.T.);
#6151=PLANE('',#6152);
#6152=AXIS2_PLACEMENT_3D('',#201,#6153,#6154);
#6153=DIRECTION('',(0.00013100909859766578,-0.9975701760546473,-0.06966869227218406));
#6154=DIRECTION('',(-0.9838420966453341,-0.012601943298619616,0.17859428852461));
#6155=FACE_BOUND('',#6156,.T.);
#6156=EDGE_LOOP('',(#6157,#6158,#6159));
#6157=ORIENTED_EDGE('',*,*,#6160,.T.);
#6158=ORIENTED_EDGE('',*,*,#6161,.T.);
#6159=ORIENTED_EDGE('',*,*,#6162,.T.);
#6160=EDGE_CURVE('',#202,#58,#6163,.F.);
#6161=EDGE_CURVE('',#58,#198,#6164,.T.);
#6162=EDGE_CURVE('',#198,#202,#6165,.T.);
#6163=LINE('',#201,#6166);
#6164=LINE('',#57,#6167);
#6165=LINE('',#197,#6168);
#6166=VECTOR('',#6169,1.0);
#6167=VECTOR('',#6170,1.0);
#6168=VECTOR('',#6171,1.0);
#6169=DIRECTION('',(-0.9838420966453341,-0.012601943298619616,0.17859428852461));
#6170=DIRECTION('',(0.9773844280340357,0.014860590497461938,-0.2109474879837337));
#6171=DIRECTION('',(0.5591544325900502,-0.057686695208283095,0.8270541492011547));
#6172=STYLED_ITEM('',(#25),#6173);
#6173=FACE_SURFACE('',(#6178),#6174,.T.);
#6174=PLANE('',#6175);
#6175=AXIS2_PLACEMENT_3D('',#197,#6176,#6177);
#6176=DIRECTION('',(0.00013123154997206888,-0.9975702476540275,-0.06966766663067331));
#6177=DIRECTION('',(-0.9773844280340357,-0.014860590497461938,0.2109474879837337));
#6178=FACE_BOUND('',#6179,.T.);
#6179=EDGE_LOOP('',(#6180,#6181,#6182));
#6180=ORIENTED_EDGE('',*,*,#6183,.T.);
#6181=ORIENTED_EDGE('',*,*,#6184,.T.);
#6182=ORIENTED_EDGE('',*,*,#6185,.T.);
#6183=EDGE_CURVE('',#198,#58,#6186,.F.);
#6184=EDGE_CURVE('',#58,#194,#6187,.T.);
#6185=EDGE_CURVE('',#194,#198,#6188,.T.);
#6186=LINE('',#197,#6189);
#6187=LINE('',#57,#6190);
#6188=LINE('',#193,#6191);
#6189=VECTOR('',#6192,1.0);
#6190=VECTOR('',#6193,1.0);
#6191=VECTOR('',#6194,1.0);
#6192=DIRECTION('',(-0.9773844280340357,-0.014860590497461938,0.2109474879837337));
#6193=DIRECTION('',(0.9698582601590209,0.01710286866027433,-0.2430688114195368));
#6194=DIRECTION('',(0.6127412988892301,-0.054976995976427585,0.7883689685350046));
#6195=STYLED_ITEM('',(#25),#6196);
#6196=FACE_SURFACE('',(#6201),#6197,.T.);
#6197=PLANE('',#6198);
#6198=AXIS2_PLACEMENT_3D('',#193,#6199,#6200);
#6199=DIRECTION('',(0.00014549856731990024,-0.9975742002118257,-0.0696110185380393));
#6200=DIRECTION('',(-0.9698582601590209,-0.01710286866027433,0.2430688114195368));
#6201=FACE_BOUND('',#6202,.T.);
#6202=EDGE_LOOP('',(#6203,#6204,#6205));
#6203=ORIENTED_EDGE('',*,*,#6206,.T.);
#6204=ORIENTED_EDGE('',*,*,#6207,.T.);
#6205=ORIENTED_EDGE('',*,*,#6208,.T.);
#6206=EDGE_CURVE('',#194,#58,#6209,.F.);
#6207=EDGE_CURVE('',#58,#190,#6210,.T.);
#6208=EDGE_CURVE('',#190,#194,#6211,.T.);
#6209=LINE('',#193,#6212);
#6210=LINE('',#57,#6213);
#6211=LINE('',#189,#6214);
#6212=VECTOR('',#6215,1.0);
#6213=VECTOR('',#6216,1.0);
#6214=VECTOR('',#6217,1.0);
#6215=DIRECTION('',(-0.9698582601590209,-0.01710286866027433,0.2430688114195368));
#6216=DIRECTION('',(0.9612715509291491,0.019324526590068548,-0.27492465885463635));
#6217=DIRECTION('',(0.6636301095687822,-0.05197695678205134,0.7462529555300956));
#6218=STYLED_ITEM('',(#25),#6219);
#6219=FACE_SURFACE('',(#6224),#6220,.T.);
#6220=PLANE('',#6221);
#6221=AXIS2_PLACEMENT_3D('',#189,#6222,#6223);
#6222=DIRECTION('',(0.00012659967801113159,-0.9975696120485595,-0.06967677582816001));
#6223=DIRECTION('',(-0.9612715509291491,-0.019324526590068548,0.27492465885463635));
#6224=FACE_BOUND('',#6225,.T.);
#6225=EDGE_LOOP('',(#6226,#6227,#6228));
#6226=ORIENTED_EDGE('',*,*,#6229,.T.);
#6227=ORIENTED_EDGE('',*,*,#6230,.T.);
#6228=ORIENTED_EDGE('',*,*,#6231,.T.);
#6229=EDGE_CURVE('',#190,#58,#6232,.F.);
#6230=EDGE_CURVE('',#58,#186,#6233,.T.);
#6231=EDGE_CURVE('',#186,#190,#6234,.T.);
#6232=LINE('',#189,#6235);
#6233=LINE('',#57,#6236);
#6234=LINE('',#185,#6237);
#6235=VECTOR('',#6238,1.0);
#6236=VECTOR('',#6239,1.0);
#6237=VECTOR('',#6240,1.0);
#6238=DIRECTION('',(-0.9612715509291491,-0.019324526590068548,0.27492465885463635));
#6239=DIRECTION('',(0.951633862342477,0.021527286436514154,-0.3064793108544517));
#6240=DIRECTION('',(0.7116251576684899,-0.04886219750303491,0.7008581315990213));
#6241=STYLED_ITEM('',(#25),#6242);
#6242=FACE_SURFACE('',(#6247),#6243,.T.);
#6243=PLANE('',#6244);
#6244=AXIS2_PLACEMENT_3D('',#185,#6245,#6246);
#6245=DIRECTION('',(0.0001328054332162116,-0.997570950376355,-0.06965760064725668));
#6246=DIRECTION('',(-0.951633862342477,-0.021527286436514154,0.3064793108544517));
#6247=FACE_BOUND('',#6248,.T.);
#6248=EDGE_LOOP('',(#6249,#6250,#6251));
#6249=ORIENTED_EDGE('',*,*,#6252,.T.);
#6250=ORIENTED_EDGE('',*,*,#6253,.T.);
#6251=ORIENTED_EDGE('',*,*,#6254,.T.);
#6252=EDGE_CURVE('',#186,#58,#6255,.F.);
#6253=EDGE_CURVE('',#58,#182,#6256,.T.);
#6254=EDGE_CURVE('',#182,#186,#6257,.T.);
#6255=LINE('',#185,#6258);
#6256=LINE('',#57,#6259);
#6257=LINE('',#181,#6260);
#6258=VECTOR('',#6261,1.0);
#6259=VECTOR('',#6262,1.0);
#6260=VECTOR('',#6263,1.0);
#6261=DIRECTION('',(-0.951633862342477,-0.021527286436514154,0.3064793108544517));
#6262=DIRECTION('',(0.9409550435133731,0.023705954080381467,-0.33770050907258775));
#6263=DIRECTION('',(0.7564789013675545,-0.04545711083546337,0.6524364512044298));
#6264=STYLED_ITEM('',(#25),#6265);
#6265=FACE_SURFACE('',(#6270),#6266,.T.);
#6266=PLANE('',#6267);
#6267=AXIS2_PLACEMENT_3D('',#181,#6268,#6269);
#6268=DIRECTION('',(0.00013994292364030071,-0.9975723311319765,-0.06963780995904727));
#6269=DIRECTION('',(-0.9409550435133731,-0.023705954080381467,0.33770050907258775));
#6270=FACE_BOUND('',#6271,.T.);
#6271=EDGE_LOOP('',(#6272,#6273,#6274));
#6272=ORIENTED_EDGE('',*,*,#6275,.T.);
#6273=ORIENTED_EDGE('',*,*,#6276,.T.);
#6274=ORIENTED_EDGE('',*,*,#6277,.T.);
#6275=EDGE_CURVE('',#182,#58,#6278,.F.);
#6276=EDGE_CURVE('',#58,#62,#6279,.T.);
#6277=EDGE_CURVE('',#62,#182,#6280,.T.);
#6278=LINE('',#181,#6281);
#6279=LINE('',#57,#6282);
#6280=LINE('',#61,#6283);
#6281=VECTOR('',#6284,1.0);
#6282=VECTOR('',#6285,1.0);
#6283=VECTOR('',#6286,1.0);
#6284=DIRECTION('',(-0.9409550435133731,-0.023705954080381467,0.33770050907258775));
#6285=DIRECTION('',(0.2312450208549915,0.06778259820033272,-0.97053143159353));
#6286=DIRECTION('',(0.9516336499258661,0.021528027628374483,-0.30647991835551985));
#6287=STYLED_ITEM('',(#25),#6288);
#6288=FACE_SURFACE('',(#6293),#6289,.T.);
#6289=PLANE('',#6290);
#6290=AXIS2_PLACEMENT_3D('',#181,#6291,#6292);
#6291=DIRECTION('',(0.00012808846835681066,-0.9975697750736898,-0.06967443902014898));
#6292=DIRECTION('',(-0.9516336499258661,-0.021528027628374483,0.30647991835551985));
#6293=FACE_BOUND('',#6294,.T.);
#6294=EDGE_LOOP('',(#6295,#6296,#6297));
#6295=ORIENTED_EDGE('',*,*,#6298,.T.);
#6296=ORIENTED_EDGE('',*,*,#6299,.T.);
#6297=ORIENTED_EDGE('',*,*,#6300,.T.);
#6298=EDGE_CURVE('',#182,#62,#6301,.F.);
#6299=EDGE_CURVE('',#62,#178,#6302,.T.);
#6300=EDGE_CURVE('',#178,#182,#6303,.T.);
#6301=LINE('',#181,#6304);
#6302=LINE('',#61,#6305);
#6303=LINE('',#177,#6306);
#6304=VECTOR('',#6307,1.0);
#6305=VECTOR('',#6308,1.0);
#6306=VECTOR('',#6309,1.0);
#6307=DIRECTION('',(-0.9516336499258661,-0.021528027628374483,0.30647991835551985));
#6308=DIRECTION('',(0.9409553036351033,0.02370717634310774,-0.3376996984760386));
#6309=DIRECTION('',(0.7980677367262422,-0.04188159451092926,0.6011104887105824));
#6310=STYLED_ITEM('',(#25),#6311);
#6311=FACE_SURFACE('',(#6316),#6312,.T.);
#6312=PLANE('',#6313);
#6313=AXIS2_PLACEMENT_3D('',#177,#6314,#6315);
#6314=DIRECTION('',(0.0001203072932011953,-0.9975682688868868,-0.06969601449275949));
#6315=DIRECTION('',(-0.9409553036351033,-0.02370717634310774,0.3376996984760386));
#6316=FACE_BOUND('',#6317,.T.);
#6317=EDGE_LOOP('',(#6318,#6319,#6320));
#6318=ORIENTED_EDGE('',*,*,#6321,.T.);
#6319=ORIENTED_EDGE('',*,*,#6322,.T.);
#6320=ORIENTED_EDGE('',*,*,#6323,.T.);
#6321=EDGE_CURVE('',#178,#62,#6324,.F.);
#6322=EDGE_CURVE('',#62,#174,#6325,.T.);
#6323=EDGE_CURVE('',#174,#178,#6326,.T.);
#6324=LINE('',#177,#6327);
#6325=LINE('',#61,#6328);
#6326=LINE('',#173,#6329);
#6327=VECTOR('',#6330,1.0);
#6328=VECTOR('',#6331,1.0);
#6329=VECTOR('',#6332,1.0);
#6330=DIRECTION('',(-0.9409553036351033,-0.02370717634310774,0.3376996984760386));
#6331=DIRECTION('',(0.9292473445988647,0.02586128748594108,-0.3685519859742018));
#6332=DIRECTION('',(0.8361238504721492,-0.038130753476450625,0.5472138085894261));
#6333=STYLED_ITEM('',(#25),#6334);
#6334=FACE_SURFACE('',(#6339),#6335,.T.);
#6335=PLANE('',#6336);
#6336=AXIS2_PLACEMENT_3D('',#173,#6337,#6338);
#6337=DIRECTION('',(0.0001385704883400928,-0.9975714669558162,-0.06965019105387044));
#6338=DIRECTION('',(-0.9292473445988647,-0.02586128748594108,0.3685519859742018));
#6339=FACE_BOUND('',#6340,.T.);
#6340=EDGE_LOOP('',(#6341,#6342,#6343));
#6341=ORIENTED_EDGE('',*,*,#6344,.T.);
#6342=ORIENTED_EDGE('',*,*,#6345,.T.);
#6343=ORIENTED_EDGE('',*,*,#6346,.T.);
#6344=EDGE_CURVE('',#174,#62,#6347,.F.);
#6345=EDGE_CURVE('',#62,#170,#6348,.T.);
#6346=EDGE_CURVE('',#170,#174,#6349,.T.);
#6347=LINE('',#173,#6350);
#6348=LINE('',#61,#6351);
#6349=LINE('',#169,#6352);
#6350=VECTOR('',#6353,1.0);
#6351=VECTOR('',#6354,1.0);
#6352=VECTOR('',#6355,1.0);
#6353=DIRECTION('',(-0.9292473445988647,-0.02586128748594108,0.3685519859742018));
#6354=DIRECTION('',(0.916523803484576,0.027985387211209842,-0.39899991948470986));
#6355=DIRECTION('',(0.8705659718390826,-0.03415115335820933,0.490865141765208));
#6356=STYLED_ITEM('',(#25),#6357);
#6357=FACE_SURFACE('',(#6362),#6358,.T.);
#6358=PLANE('',#6359);
#6359=AXIS2_PLACEMENT_3D('',#169,#6360,#6361);
#6360=DIRECTION('',(0.00014249090592562686,-0.99757209205708,-0.06964122949232314));
#6361=DIRECTION('',(-0.916523803484576,-0.027985387211209842,0.39899991948470986));
#6362=FACE_BOUND('',#6363,.T.);
#6363=EDGE_LOOP('',(#6364,#6365,#6366));
#6364=ORIENTED_EDGE('',*,*,#6367,.T.);
#6365=ORIENTED_EDGE('',*,*,#6368,.T.);
#6366=ORIENTED_EDGE('',*,*,#6369,.T.);
#6367=EDGE_CURVE('',#170,#62,#6370,.F.);
#6368=EDGE_CURVE('',#62,#166,#6371,.T.);
#6369=EDGE_CURVE('',#166,#170,#6372,.T.);
#6370=LINE('',#169,#6373);
#6371=LINE('',#61,#6374);
#6372=LINE('',#165,#6375);
#6373=VECTOR('',#6376,1.0);
#6374=VECTOR('',#6377,1.0);
#6375=VECTOR('',#6378,1.0);
#6376=DIRECTION('',(-0.916523803484576,-0.027985387211209842,0.39899991948470986));
#6377=DIRECTION('',(0.9027985158804164,0.030078496390891028,-0.4290106336432477));
#6378=DIRECTION('',(0.9011930081324727,-0.030055661296380116,0.43237462843832813));
#6379=STYLED_ITEM('',(#25),#6380);
#6380=FACE_SURFACE('',(#6385),#6381,.T.);
#6381=PLANE('',#6382);
#6382=AXIS2_PLACEMENT_3D('',#165,#6383,#6384);
#6383=DIRECTION('',(0.00010588886002364683,-0.997566742710362,-0.06971787881015774));
#6384=DIRECTION('',(-0.9027985158804164,-0.030078496390891028,0.4290106336432477));
#6385=FACE_BOUND('',#6386,.T.);
#6386=EDGE_LOOP('',(#6387,#6388,#6389));
#6387=ORIENTED_EDGE('',*,*,#6390,.T.);
#6388=ORIENTED_EDGE('',*,*,#6391,.T.);
#6389=ORIENTED_EDGE('',*,*,#6392,.T.);
#6390=EDGE_CURVE('',#166,#62,#6393,.F.);
#6391=EDGE_CURVE('',#62,#162,#6394,.T.);
#6392=EDGE_CURVE('',#162,#166,#6395,.T.);
#6393=LINE('',#165,#6396);
#6394=LINE('',#61,#6397);
#6395=LINE('',#161,#6398);
#6396=VECTOR('',#6399,1.0);
#6397=VECTOR('',#6400,1.0);
#6398=VECTOR('',#6401,1.0);
#6399=DIRECTION('',(-0.9027985158804164,-0.030078496390891028,0.4290106336432477));
#6400=DIRECTION('',(0.8880856902592984,0.03214157985057845,-0.45855286020411484));
#6401=DIRECTION('',(0.9278597666606127,-0.025901827161783204,0.37202869346623585));
#6402=STYLED_ITEM('',(#25),#6403);
#6403=FACE_SURFACE('',(#6408),#6404,.T.);
#6404=PLANE('',#6405);
#6405=AXIS2_PLACEMENT_3D('',#161,#6406,#6407);
#6406=DIRECTION('',(0.000139235832969994,-0.9975712281706146,-0.06965360966636672));
#6407=DIRECTION('',(-0.8880856902592984,-0.03214157985057845,0.45855286020411484));
#6408=FACE_BOUND('',#6409,.T.);
#6409=EDGE_LOOP('',(#6410,#6411,#6412));
#6410=ORIENTED_EDGE('',*,*,#6413,.T.);
#6411=ORIENTED_EDGE('',*,*,#6414,.T.);
#6412=ORIENTED_EDGE('',*,*,#6415,.T.);
#6413=EDGE_CURVE('',#162,#62,#6416,.F.);
#6414=EDGE_CURVE('',#62,#158,#6417,.T.);
#6415=EDGE_CURVE('',#158,#162,#6418,.T.);
#6416=LINE('',#161,#6419);
#6417=LINE('',#61,#6420);
#6418=LINE('',#157,#6421);
#6419=VECTOR('',#6422,1.0);
#6420=VECTOR('',#6423,1.0);
#6421=VECTOR('',#6424,1.0);
#6422=DIRECTION('',(-0.8880856902592984,-0.03214157985057845,0.45855286020411484));
#6423=DIRECTION('',(0.8724012526991353,0.03416718944462736,-0.48759476766515314));
#6424=DIRECTION('',(0.9504704186362375,-0.021517368952494592,0.3100693247175829));
#6425=STYLED_ITEM('',(#25),#6426);
#6426=FACE_SURFACE('',(#6431),#6427,.T.);
#6427=PLANE('',#6428);
#6428=AXIS2_PLACEMENT_3D('',#157,#6429,#6430);
#6429=DIRECTION('',(0.0001510468870137246,-0.9975726945764694,-0.06963258016388477));
#6430=DIRECTION('',(-0.8724012526991353,-0.03416718944462736,0.48759476766515314));
#6431=FACE_BOUND('',#6432,.T.);
#6432=EDGE_LOOP('',(#6433,#6434,#6435));
#6433=ORIENTED_EDGE('',*,*,#6436,.T.);
#6434=ORIENTED_EDGE('',*,*,#6437,.T.);
#6435=ORIENTED_EDGE('',*,*,#6438,.T.);
#6436=EDGE_CURVE('',#158,#62,#6439,.F.);
#6437=EDGE_CURVE('',#62,#154,#6440,.T.);
#6438=EDGE_CURVE('',#154,#158,#6441,.T.);
#6439=LINE('',#157,#6442);
#6440=LINE('',#61,#6443);
#6441=LINE('',#153,#6444);
#6442=VECTOR('',#6445,1.0);
#6443=VECTOR('',#6446,1.0);
#6444=VECTOR('',#6447,1.0);
#6445=DIRECTION('',(-0.8724012526991353,-0.03416718944462736,0.48759476766515314));
#6446=DIRECTION('',(0.855762790448311,0.036154641429784716,-0.5161035636257552));
#6447=DIRECTION('',(0.9689340906655246,-0.017075463697293417,0.2467289129504187));
#6448=STYLED_ITEM('',(#25),#6449);
#6449=FACE_SURFACE('',(#6454),#6450,.T.);
#6450=PLANE('',#6451);
#6451=AXIS2_PLACEMENT_3D('',#153,#6452,#6453);
#6452=DIRECTION('',(0.00010287163587993228,-0.9975671488265423,-0.06971207212176335));
#6453=DIRECTION('',(-0.855762790448311,-0.036154641429784716,0.5161035636257552));
#6454=FACE_BOUND('',#6455,.T.);
#6455=EDGE_LOOP('',(#6456,#6457,#6458));
#6456=ORIENTED_EDGE('',*,*,#6459,.T.);
#6457=ORIENTED_EDGE('',*,*,#6460,.T.);
#6458=ORIENTED_EDGE('',*,*,#6461,.T.);
#6459=EDGE_CURVE('',#154,#62,#6462,.F.);
#6460=EDGE_CURVE('',#62,#150,#6463,.T.);
#6461=EDGE_CURVE('',#150,#154,#6464,.T.);
#6462=LINE('',#153,#6465);
#6463=LINE('',#61,#6466);
#6464=LINE('',#149,#6467);
#6465=VECTOR('',#6468,1.0);
#6466=VECTOR('',#6469,1.0);
#6467=VECTOR('',#6470,1.0);
#6468=DIRECTION('',(-0.855762790448311,-0.036154641429784716,0.5161035636257552));
#6469=DIRECTION('',(0.8381900746210255,0.03810546148391934,-0.5440453773463176));
#6470=DIRECTION('',(0.9831734731333194,-0.012633711655999016,0.182236964024205));
#6471=STYLED_ITEM('',(#25),#6472);
#6472=FACE_SURFACE('',(#6477),#6473,.T.);
#6473=PLANE('',#6474);
#6474=AXIS2_PLACEMENT_3D('',#149,#6475,#6476);
#6475=DIRECTION('',(0.00015609804568081338,-0.9975728413054255,-0.06963046691801264));
#6476=DIRECTION('',(-0.8381900746210255,-0.03810546148391934,0.5440453773463176));
#6477=FACE_BOUND('',#6478,.T.);
#6478=EDGE_LOOP('',(#6479,#6480,#6481));
#6479=ORIENTED_EDGE('',*,*,#6482,.T.);
#6480=ORIENTED_EDGE('',*,*,#6483,.T.);
#6481=ORIENTED_EDGE('',*,*,#6484,.T.);
#6482=EDGE_CURVE('',#150,#62,#6485,.F.);
#6483=EDGE_CURVE('',#62,#146,#6486,.T.);
#6484=EDGE_CURVE('',#146,#150,#6487,.T.);
#6485=LINE('',#149,#6488);
#6486=LINE('',#61,#6489);
#6487=LINE('',#145,#6490);
#6488=VECTOR('',#6491,1.0);
#6489=VECTOR('',#6492,1.0);
#6490=VECTOR('',#6493,1.0);
#6491=DIRECTION('',(-0.8381900746210255,-0.03810546148391934,0.5440453773463176));
#6492=DIRECTION('',(0.8196989036016529,0.04001160103434833,-0.5713954665701473));
#6493=DIRECTION('',(0.9930871126115602,-0.008018551446299616,0.11710546356826058));
#6494=STYLED_ITEM('',(#25),#6495);
#6495=FACE_SURFACE('',(#6500),#6496,.T.);
#6496=PLANE('',#6497);
#6497=AXIS2_PLACEMENT_3D('',#145,#6498,#6499);
#6498=DIRECTION('',(0.00012459499844358023,-0.9975697055867621,-0.0696754402327479));
#6499=DIRECTION('',(-0.8196989036016529,-0.04001160103434833,0.5713954665701473));
#6500=FACE_BOUND('',#6501,.T.);
#6501=EDGE_LOOP('',(#6502,#6503,#6504));
#6502=ORIENTED_EDGE('',*,*,#6505,.T.);
#6503=ORIENTED_EDGE('',*,*,#6506,.T.);
#6504=ORIENTED_EDGE('',*,*,#6507,.T.);
#6505=EDGE_CURVE('',#146,#62,#6508,.F.);
#6506=EDGE_CURVE('',#62,#142,#6509,.T.);
#6507=EDGE_CURVE('',#142,#146,#6510,.T.);
#6508=LINE('',#145,#6511);
#6509=LINE('',#61,#6512);
#6510=LINE('',#141,#6513);
#6511=VECTOR('',#6514,1.0);
#6512=VECTOR('',#6515,1.0);
#6513=VECTOR('',#6516,1.0);
#6514=DIRECTION('',(-0.8196989036016529,-0.04001160103434833,0.5713954665701473));
#6515=DIRECTION('',(0.8003120965145409,0.04187572676541356,-0.5981195295928469));
#6516=DIRECTION('',(0.9986751312149778,-0.0034612590928506607,0.0513420098772848));
#6517=STYLED_ITEM('',(#25),#6518);
#6518=FACE_SURFACE('',(#6523),#6519,.T.);
#6519=PLANE('',#6520);
#6520=AXIS2_PLACEMENT_3D('',#141,#6521,#6522);
#6521=DIRECTION('',(0.00013014112712440019,-0.9975702206523036,-0.06966805531232705));
#6522=DIRECTION('',(-0.8003120965145409,-0.04187572676541356,0.5981195295928469));
#6523=FACE_BOUND('',#6524,.T.);
#6524=EDGE_LOOP('',(#6525,#6526,#6527));
#6525=ORIENTED_EDGE('',*,*,#6528,.T.);
#6526=ORIENTED_EDGE('',*,*,#6529,.T.);
#6527=ORIENTED_EDGE('',*,*,#6530,.T.);
#6528=EDGE_CURVE('',#142,#62,#6531,.F.);
#6529=EDGE_CURVE('',#62,#138,#6532,.T.);
#6530=EDGE_CURVE('',#138,#142,#6533,.T.);
#6531=LINE('',#141,#6534);
#6532=LINE('',#61,#6535);
#6533=LINE('',#137,#6536);
#6534=VECTOR('',#6537,1.0);
#6535=VECTOR('',#6538,1.0);
#6536=VECTOR('',#6539,1.0);
#6537=DIRECTION('',(-0.8003120965145409,-0.04187572676541356,0.5981195295928469));
#6538=DIRECTION('',(0.7800512531970464,0.043693660600692664,-0.6241881979091154));
#6539=DIRECTION('',(0.9998919783618934,0.0011537528014122591,-0.01465266057793569));
#6540=STYLED_ITEM('',(#25),#6541);
#6541=FACE_SURFACE('',(#6546),#6542,.T.);
#6542=PLANE('',#6543);
#6543=AXIS2_PLACEMENT_3D('',#137,#6544,#6545);
#6544=DIRECTION('',(8.662015717886188E-05,-0.9975664440059814,-0.06972217932773925));
#6545=DIRECTION('',(-0.7800512531970464,-0.043693660600692664,0.6241881979091154));
#6546=FACE_BOUND('',#6547,.T.);
#6547=EDGE_LOOP('',(#6548,#6549,#6550));
#6548=ORIENTED_EDGE('',*,*,#6551,.T.);
#6549=ORIENTED_EDGE('',*,*,#6552,.T.);
#6550=ORIENTED_EDGE('',*,*,#6553,.T.);
#6551=EDGE_CURVE('',#138,#62,#6554,.F.);
#6552=EDGE_CURVE('',#62,#134,#6555,.T.);
#6553=EDGE_CURVE('',#134,#138,#6556,.T.);
#6554=LINE('',#137,#6557);
#6555=LINE('',#61,#6558);
#6556=LINE('',#133,#6559);
#6557=VECTOR('',#6560,1.0);
#6558=VECTOR('',#6561,1.0);
#6559=VECTOR('',#6562,1.0);
#6560=DIRECTION('',(-0.7800512531970464,-0.043693660600692664,0.6241881979091154));
#6561=DIRECTION('',(0.7589354509727643,0.04546628214632566,-0.6495766301557944));
#6562=DIRECTION('',(0.9967403033334986,0.005711096167950411,-0.08047453691202852));
#6563=STYLED_ITEM('',(#25),#6564);
#6564=FACE_SURFACE('',(#6569),#6565,.T.);
#6565=PLANE('',#6566);
#6566=AXIS2_PLACEMENT_3D('',#133,#6567,#6568);
#6567=DIRECTION('',(0.00019515489050849183,-0.9975752404526086,-0.06959598803443205));
#6568=DIRECTION('',(-0.7589354509727643,-0.04546628214632566,0.6495766301557944));
#6569=FACE_BOUND('',#6570,.T.);
#6570=EDGE_LOOP('',(#6571,#6572,#6573));
#6571=ORIENTED_EDGE('',*,*,#6574,.T.);
#6572=ORIENTED_EDGE('',*,*,#6575,.T.);
#6573=ORIENTED_EDGE('',*,*,#6576,.T.);
#6574=EDGE_CURVE('',#134,#62,#6577,.F.);
#6575=EDGE_CURVE('',#62,#130,#6578,.T.);
#6576=EDGE_CURVE('',#130,#134,#6579,.T.);
#6577=LINE('',#133,#6580);
#6578=LINE('',#61,#6581);
#6579=LINE('',#129,#6582);
#6580=VECTOR('',#6583,1.0);
#6581=VECTOR('',#6584,1.0);
#6582=VECTOR('',#6585,1.0);
#6583=DIRECTION('',(-0.7589354509727643,-0.04546628214632566,0.6495766301557944));
#6584=DIRECTION('',(0.7369914432784667,0.04718355117133254,-0.6742531609367396));
#6585=DIRECTION('',(0.9892205441361261,0.010383745545434885,-0.14606468733911737));
#6586=STYLED_ITEM('',(#25),#6587);
#6587=FACE_SURFACE('',(#6592),#6588,.T.);
#6588=PLANE('',#6589);
#6589=AXIS2_PLACEMENT_3D('',#129,#6590,#6591);
#6590=DIRECTION('',(8.37524921335268E-05,-0.9975667946842447,-0.06971716523871206));
#6591=DIRECTION('',(-0.7369914432784667,-0.04718355117133254,0.6742531609367396));
#6592=FACE_BOUND('',#6593,.T.);
#6593=EDGE_LOOP('',(#6594,#6595,#6596));
#6594=ORIENTED_EDGE('',*,*,#6597,.T.);
#6595=ORIENTED_EDGE('',*,*,#6598,.T.);
#6596=ORIENTED_EDGE('',*,*,#6599,.T.);
#6597=EDGE_CURVE('',#130,#62,#6600,.F.);
#6598=EDGE_CURVE('',#62,#126,#6601,.T.);
#6599=EDGE_CURVE('',#126,#130,#6602,.T.);
#6600=LINE('',#129,#6603);
#6601=LINE('',#61,#6604);
#6602=LINE('',#125,#6605);
#6603=VECTOR('',#6606,1.0);
#6604=VECTOR('',#6607,1.0);
#6605=VECTOR('',#6608,1.0);
#6606=DIRECTION('',(-0.7369914432784667,-0.04718355117133254,0.6742531609367396));
#6607=DIRECTION('',(0.7142413691657441,0.04885468085894727,-0.6981922992488628));
#6608=DIRECTION('',(0.9773815769941832,0.014825685090505289,-0.21096315321392156));
#6609=STYLED_ITEM('',(#25),#6610);
#6610=FACE_SURFACE('',(#6615),#6611,.T.);
#6611=PLANE('',#6612);
#6612=AXIS2_PLACEMENT_3D('',#125,#6613,#6614);
#6613=DIRECTION('',(0.0001335445041094601,-0.9975703304906537,-0.06966647608881511));
#6614=DIRECTION('',(-0.7142413691657441,-0.04885468085894727,0.6981922992488628));
#6615=FACE_BOUND('',#6616,.T.);
#6616=EDGE_LOOP('',(#6617,#6618,#6619));
#6617=ORIENTED_EDGE('',*,*,#6620,.T.);
#6618=ORIENTED_EDGE('',*,*,#6621,.T.);
#6619=ORIENTED_EDGE('',*,*,#6622,.T.);
#6620=EDGE_CURVE('',#126,#62,#6623,.F.);
#6621=EDGE_CURVE('',#62,#122,#6624,.T.);
#6622=EDGE_CURVE('',#122,#126,#6625,.T.);
#6623=LINE('',#125,#6626);
#6624=LINE('',#61,#6627);
#6625=LINE('',#121,#6628);
#6626=VECTOR('',#6629,1.0);
#6627=VECTOR('',#6630,1.0);
#6628=VECTOR('',#6631,1.0);
#6629=DIRECTION('',(-0.7142413691657441,-0.04885468085894727,0.6981922992488628));
#6630=DIRECTION('',(0.6907083549578935,0.0504701745630431,-0.7213700367155103));
#6631=DIRECTION('',(0.9612828543498891,0.019325602178863095,-0.2748850578575602));
#6632=STYLED_ITEM('',(#25),#6633);
#6633=FACE_SURFACE('',(#6638),#6634,.T.);
#6634=PLANE('',#6635);
#6635=AXIS2_PLACEMENT_3D('',#121,#6636,#6637);
#6636=DIRECTION('',(0.0001331320519077214,-0.9975703030997738,-0.06966686909343804));
#6637=DIRECTION('',(-0.6907083549578935,-0.0504701745630431,0.7213700367155103));
#6638=FACE_BOUND('',#6639,.T.);
#6639=EDGE_LOOP('',(#6640,#6641,#6642));
#6640=ORIENTED_EDGE('',*,*,#6643,.T.);
#6641=ORIENTED_EDGE('',*,*,#6644,.T.);
#6642=ORIENTED_EDGE('',*,*,#6645,.T.);
#6643=EDGE_CURVE('',#122,#62,#6646,.F.);
#6644=EDGE_CURVE('',#62,#118,#6647,.T.);
#6645=EDGE_CURVE('',#118,#122,#6648,.T.);
#6646=LINE('',#121,#6649);
#6647=LINE('',#61,#6650);
#6648=LINE('',#117,#6651);
#6649=VECTOR('',#6652,1.0);
#6650=VECTOR('',#6653,1.0);
#6651=VECTOR('',#6654,1.0);
#6652=DIRECTION('',(-0.6907083549578935,-0.0504701745630431,0.7213700367155103));
#6653=DIRECTION('',(0.6664215835937845,0.05203039150765439,-0.7437574277141121));
#6654=DIRECTION('',(0.9409539509749032,0.02370960965407085,-0.33770329663000187));
#6655=STYLED_ITEM('',(#25),#6656);
#6656=FACE_SURFACE('',(#6661),#6657,.T.);
#6657=PLANE('',#6658);
#6658=AXIS2_PLACEMENT_3D('',#117,#6659,#6660);
#6659=DIRECTION('',(0.00011462846311373488,-0.9975691530180337,-0.06968336822512507));
#6660=DIRECTION('',(-0.6664215835937845,-0.05203039150765439,0.7437574277141121));
#6661=FACE_BOUND('',#6662,.T.);
#6662=EDGE_LOOP('',(#6663,#6664,#6665));
#6663=ORIENTED_EDGE('',*,*,#6666,.T.);
#6664=ORIENTED_EDGE('',*,*,#6667,.T.);
#6665=ORIENTED_EDGE('',*,*,#6668,.T.);
#6666=EDGE_CURVE('',#118,#62,#6669,.F.);
#6667=EDGE_CURVE('',#62,#114,#6670,.T.);
#6668=EDGE_CURVE('',#114,#118,#6671,.T.);
#6669=LINE('',#117,#6672);
#6670=LINE('',#61,#6673);
#6671=LINE('',#113,#6674);
#6672=VECTOR('',#6675,1.0);
#6673=VECTOR('',#6676,1.0);
#6674=VECTOR('',#6677,1.0);
#6675=DIRECTION('',(-0.6664215835937845,-0.05203039150765439,0.7437574277141121));
#6676=DIRECTION('',(0.6414069773043175,0.053534481723978324,-0.7653307446665683));
#6677=DIRECTION('',(0.9165145625731156,0.027978241820778578,-0.39902164675118645));
#6678=STYLED_ITEM('',(#25),#6679);
#6679=FACE_SURFACE('',(#6684),#6680,.T.);
#6680=PLANE('',#6681);
#6681=AXIS2_PLACEMENT_3D('',#113,#6682,#6683);
#6682=DIRECTION('',(0.00011099288034927736,-0.9975689416216591,-0.06968640034055033));
#6683=DIRECTION('',(-0.6414069773043175,-0.053534481723978324,0.7653307446665683));
#6684=FACE_BOUND('',#6685,.T.);
#6685=EDGE_LOOP('',(#6686,#6687,#6688));
#6686=ORIENTED_EDGE('',*,*,#6689,.T.);
#6687=ORIENTED_EDGE('',*,*,#6690,.T.);
#6688=ORIENTED_EDGE('',*,*,#6691,.T.);
#6689=EDGE_CURVE('',#114,#62,#6692,.F.);
#6690=EDGE_CURVE('',#62,#110,#6693,.T.);
#6691=EDGE_CURVE('',#110,#114,#6694,.T.);
#6692=LINE('',#113,#6695);
#6693=LINE('',#61,#6696);
#6694=LINE('',#109,#6697);
#6695=VECTOR('',#6698,1.0);
#6696=VECTOR('',#6699,1.0);
#6697=VECTOR('',#6700,1.0);
#6698=DIRECTION('',(-0.6414069773043175,-0.053534481723978324,0.7653307446665683));
#6699=DIRECTION('',(0.6156902379854414,0.05498023804076477,-0.7860678751064767));
#6700=DIRECTION('',(0.8880832950726376,0.03213195404141171,-0.4585581735640605));
#6701=STYLED_ITEM('',(#25),#6702);
#6702=FACE_SURFACE('',(#6707),#6703,.T.);
#6703=PLANE('',#6704);
#6704=AXIS2_PLACEMENT_3D('',#109,#6705,#6706);
#6705=DIRECTION('',(0.00016397062313909316,-0.9975718180906465,-0.06964510653992001));
#6706=DIRECTION('',(-0.6156902379854414,-0.05498023804076477,0.7860678751064767));
#6707=FACE_BOUND('',#6708,.T.);
#6708=EDGE_LOOP('',(#6709,#6710,#6711));
#6709=ORIENTED_EDGE('',*,*,#6712,.T.);
#6710=ORIENTED_EDGE('',*,*,#6713,.T.);
#6711=ORIENTED_EDGE('',*,*,#6714,.T.);
#6712=EDGE_CURVE('',#110,#62,#6715,.F.);
#6713=EDGE_CURVE('',#62,#106,#6716,.T.);
#6714=EDGE_CURVE('',#106,#110,#6717,.T.);
#6715=LINE('',#109,#6718);
#6716=LINE('',#61,#6719);
#6717=LINE('',#105,#6720);
#6718=VECTOR('',#6721,1.0);
#6719=VECTOR('',#6722,1.0);
#6720=VECTOR('',#6723,1.0);
#6721=DIRECTION('',(-0.6156902379854414,-0.05498023804076477,0.7860678751064767));
#6722=DIRECTION('',(0.5892988806097725,0.05636372753006168,-0.8059466232518044));
#6723=DIRECTION('',(0.8557752903753879,0.03617071677980831,-0.5160817102267387));
#6724=STYLED_ITEM('',(#25),#6725);
#6725=FACE_SURFACE('',(#6730),#6726,.T.);
#6726=PLANE('',#6727);
#6727=AXIS2_PLACEMENT_3D('',#105,#6728,#6729);
#6728=DIRECTION('',(0.00018552466609658035,-0.9975729091473049,-0.06962942277501229));
#6729=DIRECTION('',(-0.5892988806097725,-0.05636372753006168,0.8059466232518044));
#6730=FACE_BOUND('',#6731,.T.);
#6731=EDGE_LOOP('',(#6732,#6733,#6734));
#6732=ORIENTED_EDGE('',*,*,#6735,.T.);
#6733=ORIENTED_EDGE('',*,*,#6736,.T.);
#6734=ORIENTED_EDGE('',*,*,#6737,.T.);
#6735=EDGE_CURVE('',#106,#62,#6738,.F.);
#6736=EDGE_CURVE('',#62,#102,#6739,.T.);
#6737=EDGE_CURVE('',#102,#106,#6740,.T.);
#6738=LINE('',#105,#6741);
#6739=LINE('',#61,#6742);
#6740=LINE('',#101,#6743);
#6741=VECTOR('',#6744,1.0);
#6742=VECTOR('',#6745,1.0);
#6743=VECTOR('',#6746,1.0);
#6744=DIRECTION('',(-0.5892988806097725,-0.05636372753006168,0.8059466232518044));
#6745=DIRECTION('',(0.5622643980596659,0.057684636334697184,-0.8249431673791445));
#6746=DIRECTION('',(0.8196975799705415,0.04003519682597997,-0.571395712624397));
#6747=STYLED_ITEM('',(#25),#6748);
#6748=FACE_SURFACE('',(#6753),#6749,.T.);
#6749=PLANE('',#6750);
#6750=AXIS2_PLACEMENT_3D('',#101,#6751,#6752);
#6751=DIRECTION('',(5.440306000701322E-05,-0.9975667132641264,-0.06971835933034584));
#6752=DIRECTION('',(-0.5622643980596659,-0.057684636334697184,0.8249431673791445));
#6753=FACE_BOUND('',#6754,.T.);
#6754=EDGE_LOOP('',(#6755,#6756,#6757));
#6755=ORIENTED_EDGE('',*,*,#6758,.T.);
#6756=ORIENTED_EDGE('',*,*,#6759,.T.);
#6757=ORIENTED_EDGE('',*,*,#6760,.T.);
#6758=EDGE_CURVE('',#102,#62,#6761,.F.);
#6759=EDGE_CURVE('',#62,#98,#6762,.T.);
#6760=EDGE_CURVE('',#98,#102,#6763,.T.);
#6761=LINE('',#101,#6764);
#6762=LINE('',#61,#6765);
#6763=LINE('',#97,#6766);
#6764=VECTOR('',#6767,1.0);
#6765=VECTOR('',#6768,1.0);
#6766=VECTOR('',#6769,1.0);
#6767=DIRECTION('',(-0.5622643980596659,-0.057684636334697184,0.8249431673791445));
#6768=DIRECTION('',(0.5346173838130956,0.058947597105435616,-0.8430358436747138));
#6769=DIRECTION('',(0.7800271882195706,0.043668290817434334,-0.624220046149877));
#6770=STYLED_ITEM('',(#25),#6771);
#6771=FACE_SURFACE('',(#6776),#6772,.T.);
#6772=PLANE('',#6773);
#6773=AXIS2_PLACEMENT_3D('',#97,#6774,#6775);
#6774=DIRECTION('',(0.00013762526738085563,-0.9975703744029957,-0.06966583935296344));
#6775=DIRECTION('',(-0.5346173838130956,-0.058947597105435616,0.8430358436747138));
#6776=FACE_BOUND('',#6777,.T.);
#6777=EDGE_LOOP('',(#6778,#6779,#6780));
#6778=ORIENTED_EDGE('',*,*,#6781,.T.);
#6779=ORIENTED_EDGE('',*,*,#6782,.T.);
#6780=ORIENTED_EDGE('',*,*,#6783,.T.);
#6781=EDGE_CURVE('',#98,#62,#6784,.F.);
#6782=EDGE_CURVE('',#62,#94,#6785,.T.);
#6783=EDGE_CURVE('',#94,#98,#6786,.T.);
#6784=LINE('',#97,#6787);
#6785=LINE('',#61,#6788);
#6786=LINE('',#93,#6789);
#6787=VECTOR('',#6790,1.0);
#6788=VECTOR('',#6791,1.0);
#6789=VECTOR('',#6792,1.0);
#6790=DIRECTION('',(-0.5346173838130956,-0.058947597105435616,0.8430358436747138));
#6791=DIRECTION('',(0.5063835684726284,0.06014295684894143,-0.8602084086559451));
#6792=DIRECTION('',(0.736990737518741,0.04718852089147605,-0.674253584571604));
#6793=STYLED_ITEM('',(#25),#6794);
#6794=FACE_SURFACE('',(#6799),#6795,.T.);
#6795=PLANE('',#6796);
#6796=AXIS2_PLACEMENT_3D('',#93,#6797,#6798);
#6797=DIRECTION('',(0.0001646394092110707,-0.9975714753721172,-0.06965001376713581));
#6798=DIRECTION('',(-0.5063835684726284,-0.06014295684894143,0.8602084086559451));
#6799=FACE_BOUND('',#6800,.T.);
#6800=EDGE_LOOP('',(#6801,#6802,#6803));
#6801=ORIENTED_EDGE('',*,*,#6804,.T.);
#6802=ORIENTED_EDGE('',*,*,#6805,.T.);
#6803=ORIENTED_EDGE('',*,*,#6806,.T.);
#6804=EDGE_CURVE('',#94,#62,#6807,.F.);
#6805=EDGE_CURVE('',#62,#90,#6808,.T.);
#6806=EDGE_CURVE('',#90,#94,#6809,.T.);
#6807=LINE('',#93,#6810);
#6808=LINE('',#61,#6811);
#6809=LINE('',#89,#6812);
#6810=VECTOR('',#6813,1.0);
#6811=VECTOR('',#6814,1.0);
#6812=VECTOR('',#6815,1.0);
#6813=DIRECTION('',(-0.5063835684726284,-0.06014295684894143,0.8602084086559451));
#6814=DIRECTION('',(0.4775934602460955,0.06127161563870497,-0.8764418268471581));
#6815=DIRECTION('',(0.6907300395417306,0.05047825649669173,-0.7213487076967239));
#6816=STYLED_ITEM('',(#25),#6817);
#6817=FACE_SURFACE('',(#6822),#6818,.T.);
#6818=PLANE('',#6819);
#6819=AXIS2_PLACEMENT_3D('',#89,#6820,#6821);
#6820=DIRECTION('',(0.00013096505668247816,-0.9975702052085503,-0.0696682749056182));
#6821=DIRECTION('',(-0.4775934602460955,-0.06127161563870497,0.8764418268471581));
#6822=FACE_BOUND('',#6823,.T.);
#6823=EDGE_LOOP('',(#6824,#6825,#6826));
#6824=ORIENTED_EDGE('',*,*,#6827,.T.);
#6825=ORIENTED_EDGE('',*,*,#6828,.T.);
#6826=ORIENTED_EDGE('',*,*,#6829,.T.);
#6827=EDGE_CURVE('',#90,#62,#6830,.F.);
#6828=EDGE_CURVE('',#62,#86,#6831,.T.);
#6829=EDGE_CURVE('',#86,#90,#6832,.T.);
#6830=LINE('',#89,#6833);
#6831=LINE('',#61,#6834);
#6832=LINE('',#85,#6835);
#6833=VECTOR('',#6836,1.0);
#6834=VECTOR('',#6837,1.0);
#6835=VECTOR('',#6838,1.0);
#6836=DIRECTION('',(-0.4775934602460955,-0.06127161563870497,0.8764418268471581));
#6837=DIRECTION('',(0.44828427137109156,0.06233441483861092,-0.8917149952580238));
#6838=DIRECTION('',(0.6414005949807404,0.05353372607413839,-0.7653361463637866));
#6839=STYLED_ITEM('',(#25),#6840);
#6840=FACE_SURFACE('',(#6845),#6841,.T.);
#6841=PLANE('',#6842);
#6842=AXIS2_PLACEMENT_3D('',#85,#6843,#6844);
#6843=DIRECTION('',(0.00011616740174348197,-0.9975696899975902,-0.06967567798914119));
#6844=DIRECTION('',(-0.44828427137109156,-0.06233441483861092,0.8917149952580238));
#6845=FACE_BOUND('',#6846,.T.);
#6846=EDGE_LOOP('',(#6847,#6848,#6849));
#6847=ORIENTED_EDGE('',*,*,#6850,.T.);
#6848=ORIENTED_EDGE('',*,*,#6851,.T.);
#6849=ORIENTED_EDGE('',*,*,#6852,.T.);
#6850=EDGE_CURVE('',#86,#62,#6853,.F.);
#6851=EDGE_CURVE('',#62,#82,#6854,.T.);
#6852=EDGE_CURVE('',#82,#86,#6855,.T.);
#6853=LINE('',#85,#6856);
#6854=LINE('',#61,#6857);
#6855=LINE('',#81,#6858);
#6856=VECTOR('',#6859,1.0);
#6857=VECTOR('',#6860,1.0);
#6858=VECTOR('',#6861,1.0);
#6859=DIRECTION('',(-0.44828427137109156,-0.06233441483861092,0.8917149952580238));
#6860=DIRECTION('',(0.4184847463845013,0.06332960727623406,-0.9060131775453035));
#6861=DIRECTION('',(0.5892955901560245,0.05636049120544141,-0.8059492555079038));
#6862=STYLED_ITEM('',(#25),#6863);
#6863=FACE_SURFACE('',(#6868),#6864,.T.);
#6864=PLANE('',#6865);
#6865=AXIS2_PLACEMENT_3D('',#81,#6866,#6867);
#6866=DIRECTION('',(0.00019534083496731478,-0.9975722188676249,-0.0696392847858257));
#6867=DIRECTION('',(-0.4184847463845013,-0.06332960727623406,0.9060131775453035));
#6868=FACE_BOUND('',#6869,.T.);
#6869=EDGE_LOOP('',(#6870,#6871,#6872));
#6870=ORIENTED_EDGE('',*,*,#6873,.T.);
#6871=ORIENTED_EDGE('',*,*,#6874,.T.);
#6872=ORIENTED_EDGE('',*,*,#6875,.T.);
#6873=EDGE_CURVE('',#82,#62,#6876,.F.);
#6874=EDGE_CURVE('',#62,#78,#6877,.T.);
#6875=EDGE_CURVE('',#78,#82,#6878,.T.);
#6876=LINE('',#81,#6879);
#6877=LINE('',#61,#6880);
#6878=LINE('',#77,#6881);
#6879=VECTOR('',#6882,1.0);
#6880=VECTOR('',#6883,1.0);
#6881=VECTOR('',#6884,1.0);
#6882=DIRECTION('',(-0.4184847463845013,-0.06332960727623406,0.9060131775453035));
#6883=DIRECTION('',(0.3882283781335155,0.06425265568740493,-0.9193205766482853));
#6884=DIRECTION('',(0.5346094973044775,0.05895628320352322,-0.8430402375110453));
#6885=STYLED_ITEM('',(#25),#6886);
#6886=FACE_SURFACE('',(#6891),#6887,.T.);
#6887=PLANE('',#6888);
#6888=AXIS2_PLACEMENT_3D('',#77,#6889,#6890);
#6889=DIRECTION('',(7.447118552329626E-05,-0.9975686878816127,-0.06969008116080841));
#6890=DIRECTION('',(-0.3882283781335155,-0.06425265568740493,0.9193205766482853));
#6891=FACE_BOUND('',#6892,.T.);
#6892=EDGE_LOOP('',(#6893,#6894,#6895));
#6893=ORIENTED_EDGE('',*,*,#6896,.T.);
#6894=ORIENTED_EDGE('',*,*,#6897,.T.);
#6895=ORIENTED_EDGE('',*,*,#6898,.T.);
#6896=EDGE_CURVE('',#78,#62,#6899,.F.);
#6897=EDGE_CURVE('',#62,#74,#6900,.T.);
#6898=EDGE_CURVE('',#74,#78,#6901,.T.);
#6899=LINE('',#77,#6902);
#6900=LINE('',#61,#6903);
#6901=LINE('',#73,#6904);
#6902=VECTOR('',#6905,1.0);
#6903=VECTOR('',#6906,1.0);
#6904=VECTOR('',#6907,1.0);
#6905=DIRECTION('',(-0.3882283781335155,-0.06425265568740493,0.9193205766482853));
#6906=DIRECTION('',(0.35754742482751734,0.06510977954701738,-0.931622539232789));
#6907=DIRECTION('',(0.47759081064274683,0.061263958527678845,-0.8764438059425844));
#6908=STYLED_ITEM('',(#25),#6909);
#6909=FACE_SURFACE('',(#6914),#6910,.T.);
#6910=PLANE('',#6911);
#6911=AXIS2_PLACEMENT_3D('',#73,#6912,#6913);
#6912=DIRECTION('',(0.0003250805541124808,-0.9975753199235408,-0.0695943632924298));
#6913=DIRECTION('',(-0.35754742482751734,-0.06510977954701738,0.931622539232789));
#6914=FACE_BOUND('',#6915,.T.);
#6915=EDGE_LOOP('',(#6916,#6917,#6918));
#6916=ORIENTED_EDGE('',*,*,#6919,.T.);
#6917=ORIENTED_EDGE('',*,*,#6920,.T.);
#6918=ORIENTED_EDGE('',*,*,#6921,.T.);
#6919=EDGE_CURVE('',#74,#62,#6922,.F.);
#6920=EDGE_CURVE('',#62,#70,#6923,.T.);
#6921=EDGE_CURVE('',#70,#74,#6924,.T.);
#6922=LINE('',#73,#6925);
#6923=LINE('',#61,#6926);
#6924=LINE('',#69,#6927);
#6925=VECTOR('',#6928,1.0);
#6926=VECTOR('',#6929,1.0);
#6927=VECTOR('',#6930,1.0);
#6928=DIRECTION('',(-0.35754742482751734,-0.06510977954701738,0.931622539232789));
#6929=DIRECTION('',(0.3264716769776135,0.06588695362298745,-0.9429078181210013));
#6930=DIRECTION('',(0.4184933960138964,0.06334269833048702,-0.9060082671040971));
#6931=STYLED_ITEM('',(#25),#6932);
#6932=FACE_SURFACE('',(#6937),#6933,.T.);
#6933=PLANE('',#6934);
#6934=AXIS2_PLACEMENT_3D('',#69,#6935,#6936);
#6935=DIRECTION('',(-0.0008277800788085814,-0.9975472396671615,-0.06999156672462509));
#6936=DIRECTION('',(-0.3264716769776135,-0.06588695362298745,0.9429078181210013));
#6937=FACE_BOUND('',#6938,.T.);
#6938=EDGE_LOOP('',(#6939,#6940,#6941));
#6939=ORIENTED_EDGE('',*,*,#6942,.T.);
#6940=ORIENTED_EDGE('',*,*,#6943,.T.);
#6941=ORIENTED_EDGE('',*,*,#6944,.T.);
#6942=EDGE_CURVE('',#70,#62,#6945,.F.);
#6943=EDGE_CURVE('',#62,#66,#6946,.T.);
#6944=EDGE_CURVE('',#66,#70,#6947,.T.);
#6945=LINE('',#69,#6948);
#6946=LINE('',#61,#6949);
#6947=LINE('',#65,#6950);
#6948=VECTOR('',#6951,1.0);
#6949=VECTOR('',#6952,1.0);
#6950=VECTOR('',#6953,1.0);
#6951=DIRECTION('',(-0.3264716769776135,-0.06588695362298745,0.9429078181210013));
#6952=DIRECTION('',(0.29505049973544323,0.06663204104962075,-0.9531554824431463));
#6953=DIRECTION('',(0.3575339356940556,0.0650699198209714,-0.9316305009828795));
#6954=STYLED_ITEM('',(#25),#6955);
#6955=FACE_SURFACE('',(#6960),#6956,.T.);
#6956=PLANE('',#6957);
#6957=AXIS2_PLACEMENT_3D('',#421,#6958,#6959);
#6958=DIRECTION('',(-0.05225313080892783,0.5308020542507709,-0.8458834373149924));
#6959=DIRECTION('',(0.9982490798214709,0.004251429829721172,-0.05899745740275135));
#6960=FACE_BOUND('',#6961,.T.);
#6961=EDGE_LOOP('',(#6962,#6963,#6964));
#6962=ORIENTED_EDGE('',*,*,#6965,.T.);
#6963=ORIENTED_EDGE('',*,*,#6966,.T.);
#6964=ORIENTED_EDGE('',*,*,#6967,.T.);
#6965=EDGE_CURVE('',#422,#424,#6968,.F.);
#6966=EDGE_CURVE('',#424,#426,#6969,.T.);
#6967=EDGE_CURVE('',#426,#422,#6970,.T.);
#6968=LINE('',#421,#6971);
#6969=LINE('',#423,#6972);
#6970=LINE('',#425,#6973);
#6971=VECTOR('',#6974,1.0);
#6972=VECTOR('',#6975,1.0);
#6973=VECTOR('',#6976,1.0);
#6974=DIRECTION('',(0.9982490798214709,0.004251429829721172,-0.05899745740275135));
#6975=DIRECTION('',(-0.9909378734720452,-0.1325166852653593,-0.02194217502852988));
#6976=DIRECTION('',(-0.0221578016603211,0.8462158203076794,0.5323793922444624));
#6977=STYLED_ITEM('',(#25),#6978);
#6978=FACE_SURFACE('',(#6983),#6979,.T.);
#6979=PLANE('',#6980);
#6980=AXIS2_PLACEMENT_3D('',#425,#6981,#6982);
#6981=DIRECTION('',(-0.05225307537569699,0.5308016792601387,-0.8458836760503174));
#6982=DIRECTION('',(0.9909378734720452,0.1325166852653593,0.02194217502852988));
#6983=FACE_BOUND('',#6984,.T.);
#6984=EDGE_LOOP('',(#6985,#6986,#6987));
#6985=ORIENTED_EDGE('',*,*,#6988,.T.);
#6986=ORIENTED_EDGE('',*,*,#6989,.T.);
#6987=ORIENTED_EDGE('',*,*,#6990,.T.);
#6988=EDGE_CURVE('',#426,#424,#6991,.F.);
#6989=EDGE_CURVE('',#424,#428,#6992,.T.);
#6990=EDGE_CURVE('',#428,#426,#6993,.T.);
#6991=LINE('',#425,#6994);
#6992=LINE('',#423,#6995);
#6993=LINE('',#427,#6996);
#6994=VECTOR('',#6997,1.0);
#6995=VECTOR('',#6998,1.0);
#6996=VECTOR('',#6999,1.0);
#6997=DIRECTION('',(0.9909378734720452,0.1325166852653593,0.02194217502852988));
#6998=DIRECTION('',(0.8221215944491744,-0.4579870831247651,-0.3381773434622974));
#6999=DIRECTION('',(-0.9982490576317176,-0.004250607068278735,0.05899789213979657));
#7000=STYLED_ITEM('',(#25),#7001);
#7001=FACE_SURFACE('',(#7006),#7002,.T.);
#7002=PLANE('',#7003);
#7003=AXIS2_PLACEMENT_3D('',#429,#7004,#7005);
#7004=DIRECTION('',(0.5355593163063135,0.4206620751800253,0.7322701941378938));
#7005=DIRECTION('',(0.325101894206481,-0.9029789532642928,0.2809586594947378));
#7006=FACE_BOUND('',#7007,.T.);
#7007=EDGE_LOOP('',(#7008,#7009,#7010));
#7008=ORIENTED_EDGE('',*,*,#7011,.T.);
#7009=ORIENTED_EDGE('',*,*,#7012,.T.);
#7010=ORIENTED_EDGE('',*,*,#7013,.T.);
#7011=EDGE_CURVE('',#430,#432,#7014,.F.);
#7012=EDGE_CURVE('',#432,#424,#7015,.T.);
#7013=EDGE_CURVE('',#424,#430,#7016,.T.);
#7014=LINE('',#429,#7017);
#7015=LINE('',#431,#7018);
#7016=LINE('',#423,#7019);
#7017=VECTOR('',#7020,1.0);
#7018=VECTOR('',#7021,1.0);
#7019=VECTOR('',#7022,1.0);
#7020=DIRECTION('',(0.325101894206481,-0.9029789532642928,0.2809586594947378));
#7021=DIRECTION('',(0.7422447035339259,0.17911361752553634,-0.6457484898106619));
#7022=DIRECTION('',(-0.7946744211035889,-0.042394223983350604,0.6055537087794324));
#7023=STYLED_ITEM('',(#25),#7024);
#7024=FACE_SURFACE('',(#7029),#7025,.T.);
#7025=PLANE('',#7026);
#7026=AXIS2_PLACEMENT_3D('',#423,#7027,#7028);
#7027=DIRECTION('',(0.5355593809050172,0.4206619325501304,0.7322702288280086));
#7028=DIRECTION('',(-0.7422447035339259,-0.17911361752553634,0.6457484898106619));
#7029=FACE_BOUND('',#7030,.T.);
#7030=EDGE_LOOP('',(#7031,#7032,#7033));
#7031=ORIENTED_EDGE('',*,*,#7034,.T.);
#7032=ORIENTED_EDGE('',*,*,#7035,.T.);
#7033=ORIENTED_EDGE('',*,*,#7036,.T.);
#7034=EDGE_CURVE('',#424,#432,#7037,.F.);
#7035=EDGE_CURVE('',#432,#428,#7038,.T.);
#7036=EDGE_CURVE('',#428,#424,#7039,.T.);
#7037=LINE('',#423,#7040);
#7038=LINE('',#431,#7041);
#7039=LINE('',#427,#7042);
#7040=VECTOR('',#7043,1.0);
#7041=VECTOR('',#7044,1.0);
#7042=VECTOR('',#7045,1.0);
#7043=DIRECTION('',(-0.7422447035339259,-0.17911361752553634,0.6457484898106619));
#7044=DIRECTION('',(0.7946745651046897,0.04239371589045832,-0.6055535553761298));
#7045=DIRECTION('',(-0.8221215944491744,0.4579870831247651,0.3381773434622974));
#7046=STYLED_ITEM('',(#25),#7047);
#7047=FACE_SURFACE('',(#7052),#7048,.T.);
#7048=PLANE('',#7049);
#7049=AXIS2_PLACEMENT_3D('',#429,#7050,#7051);
#7050=DIRECTION('',(0.6709215160763715,0.42961048026210974,0.6043998300088632));
#7051=DIRECTION('',(-0.6494006814177361,-0.053063134335545624,0.7585928148543644));
#7052=FACE_BOUND('',#7053,.T.);
#7053=EDGE_LOOP('',(#7054,#7055,#7056));
#7054=ORIENTED_EDGE('',*,*,#7057,.T.);
#7055=ORIENTED_EDGE('',*,*,#7058,.T.);
#7056=ORIENTED_EDGE('',*,*,#7059,.T.);
#7057=EDGE_CURVE('',#430,#434,#7060,.F.);
#7058=EDGE_CURVE('',#434,#432,#7061,.T.);
#7059=EDGE_CURVE('',#432,#430,#7062,.T.);
#7060=LINE('',#429,#7063);
#7061=LINE('',#433,#7064);
#7062=LINE('',#431,#7065);
#7063=VECTOR('',#7066,1.0);
#7064=VECTOR('',#7067,1.0);
#7065=VECTOR('',#7068,1.0);
#7066=DIRECTION('',(-0.6494006814177361,-0.053063134335545624,0.7585928148543644));
#7067=DIRECTION('',(0.7201034310250268,-0.571985547533141,-0.3927894881984463));
#7068=DIRECTION('',(-0.325101894206481,0.9029789532642928,-0.2809586594947378));
#7069=STYLED_ITEM('',(#25),#7070);
#7070=FACE_SURFACE('',(#7075),#7071,.T.);
#7071=PLANE('',#7072);
#7072=AXIS2_PLACEMENT_3D('',#431,#7073,#7074);
#7073=DIRECTION('',(0.6709217186340635,0.42961128009566646,0.6043990366303353));
#7074=DIRECTION('',(-0.7201034310250268,0.571985547533141,0.3927894881984463));
#7075=FACE_BOUND('',#7076,.T.);
#7076=EDGE_LOOP('',(#7077,#7078,#7079));
#7077=ORIENTED_EDGE('',*,*,#7080,.T.);
#7078=ORIENTED_EDGE('',*,*,#7081,.T.);
#7079=ORIENTED_EDGE('',*,*,#7082,.T.);
#7080=EDGE_CURVE('',#432,#434,#7083,.F.);
#7081=EDGE_CURVE('',#434,#436,#7084,.T.);
#7082=EDGE_CURVE('',#436,#432,#7085,.T.);
#7083=LINE('',#431,#7086);
#7084=LINE('',#433,#7087);
#7085=LINE('',#435,#7088);
#7086=VECTOR('',#7089,1.0);
#7087=VECTOR('',#7090,1.0);
#7088=VECTOR('',#7091,1.0);
#7089=DIRECTION('',(-0.7201034310250268,0.571985547533141,0.3927894881984463));
#7090=DIRECTION('',(0.11984032651377638,-0.867177123515582,0.48336542345549766));
#7091=DIRECTION('',(0.6493999237030289,0.053063398329227456,-0.7585934450364399));
#7092=STYLED_ITEM('',(#25),#7093);
#7093=FACE_SURFACE('',(#7098),#7094,.T.);
#7094=PLANE('',#7095);
#7095=AXIS2_PLACEMENT_3D('',#433,#7096,#7097);
#7096=DIRECTION('',(-0.36760427271464924,0.41350960746632043,0.832992738992954));
#7097=DIRECTION('',(-0.9091139770482455,0.02890058322477788,-0.4155436595892058));
#7098=FACE_BOUND('',#7099,.T.);
#7099=EDGE_LOOP('',(#7100,#7101,#7102));
#7100=ORIENTED_EDGE('',*,*,#7103,.T.);
#7101=ORIENTED_EDGE('',*,*,#7104,.T.);
#7102=ORIENTED_EDGE('',*,*,#7105,.T.);
#7103=EDGE_CURVE('',#434,#438,#7106,.F.);
#7104=EDGE_CURVE('',#438,#436,#7107,.T.);
#7105=EDGE_CURVE('',#436,#434,#7108,.T.);
#7106=LINE('',#433,#7109);
#7107=LINE('',#437,#7110);
#7108=LINE('',#435,#7111);
#7109=VECTOR('',#7112,1.0);
#7110=VECTOR('',#7113,1.0);
#7111=VECTOR('',#7114,1.0);
#7112=DIRECTION('',(-0.9091139770482455,0.02890058322477788,-0.4155436595892058));
#7113=DIRECTION('',(0.8308047112930078,-0.25646604063334194,0.49395212490199786));
#7114=DIRECTION('',(-0.11984032651377638,0.867177123515582,-0.48336542345549766));
#7115=STYLED_ITEM('',(#25),#7116);
#7116=FACE_SURFACE('',(#7121),#7117,.T.);
#7117=PLANE('',#7118);
#7118=AXIS2_PLACEMENT_3D('',#435,#7119,#7120);
#7119=DIRECTION('',(-0.3676017013267813,0.4135149831623508,0.8329912051647944));
#7120=DIRECTION('',(-0.8308047112930078,0.25646604063334194,-0.49395212490199786));
#7121=FACE_BOUND('',#7122,.T.);
#7122=EDGE_LOOP('',(#7123,#7124,#7125));
#7123=ORIENTED_EDGE('',*,*,#7126,.T.);
#7124=ORIENTED_EDGE('',*,*,#7127,.T.);
#7125=ORIENTED_EDGE('',*,*,#7128,.T.);
#7126=EDGE_CURVE('',#436,#438,#7129,.F.);
#7127=EDGE_CURVE('',#438,#440,#7130,.T.);
#7128=EDGE_CURVE('',#440,#436,#7131,.T.);
#7129=LINE('',#435,#7132);
#7130=LINE('',#437,#7133);
#7131=LINE('',#439,#7134);
#7132=VECTOR('',#7135,1.0);
#7133=VECTOR('',#7136,1.0);
#7134=VECTOR('',#7137,1.0);
#7135=DIRECTION('',(-0.8308047112930078,0.25646604063334194,-0.49395212490199786));
#7136=DIRECTION('',(-0.564359155688039,-0.8111137235665454,0.15360101182315614));
#7137=DIRECTION('',(0.909114466615989,-0.028901586086908224,0.4155425187765829));
#7138=STYLED_ITEM('',(#25),#7139);
#7139=FACE_SURFACE('',(#7144),#7140,.T.);
#7140=PLANE('',#7141);
#7141=AXIS2_PLACEMENT_3D('',#439,#7142,#7143);
#7142=DIRECTION('',(-0.8022208577868535,0.4949463406457789,-0.33387095592919974));
#7143=DIRECTION('',(0.564359155688039,0.8111137235665454,-0.15360101182315614));
#7144=FACE_BOUND('',#7145,.T.);
#7145=EDGE_LOOP('',(#7146,#7147,#7148));
#7146=ORIENTED_EDGE('',*,*,#7149,.T.);
#7147=ORIENTED_EDGE('',*,*,#7150,.T.);
#7148=ORIENTED_EDGE('',*,*,#7151,.T.);
#7149=EDGE_CURVE('',#440,#438,#7152,.F.);
#7150=EDGE_CURVE('',#438,#442,#7153,.T.);
#7151=EDGE_CURVE('',#442,#440,#7154,.T.);
#7152=LINE('',#439,#7155);
#7153=LINE('',#437,#7156);
#7154=LINE('',#441,#7157);
#7155=VECTOR('',#7158,1.0);
#7156=VECTOR('',#7159,1.0);
#7157=VECTOR('',#7160,1.0);
#7158=DIRECTION('',(0.564359155688039,0.8111137235665454,-0.15360101182315614));
#7159=DIRECTION('',(0.29581635091082875,-0.1562275463964307,-0.9423829583989476));
#7160=DIRECTION('',(-0.4165464678179437,-0.06338887327836655,0.9069018088486173));
#7161=STYLED_ITEM('',(#25),#7162);
#7162=FACE_SURFACE('',(#7167),#7163,.T.);
#7163=PLANE('',#7164);
#7164=AXIS2_PLACEMENT_3D('',#441,#7165,#7166);
#7165=DIRECTION('',(-0.8022204605414114,0.4949469954048177,-0.33387093977833576));
#7166=DIRECTION('',(-0.29581635091082875,0.1562275463964307,0.9423829583989476));
#7167=FACE_BOUND('',#7168,.T.);
#7168=EDGE_LOOP('',(#7169,#7170,#7171));
#7169=ORIENTED_EDGE('',*,*,#7172,.T.);
#7170=ORIENTED_EDGE('',*,*,#7173,.T.);
#7171=ORIENTED_EDGE('',*,*,#7174,.T.);
#7172=EDGE_CURVE('',#442,#438,#7175,.F.);
#7173=EDGE_CURVE('',#438,#444,#7176,.T.);
#7174=EDGE_CURVE('',#444,#442,#7177,.T.);
#7175=LINE('',#441,#7178);
#7176=LINE('',#437,#7179);
#7177=LINE('',#443,#7180);
#7178=VECTOR('',#7181,1.0);
#7179=VECTOR('',#7182,1.0);
#7180=VECTOR('',#7183,1.0);
#7181=DIRECTION('',(-0.29581635091082875,0.1562275463964307,0.9423829583989476));
#7182=DIRECTION('',(0.4165470149768684,0.0633895741112589,-0.9069015085486702));
#7183=DIRECTION('',(-0.263519825900457,-0.7953454444925077,-0.545878123102958));
#7184=STYLED_ITEM('',(#25),#7185);
#7185=FACE_SURFACE('',(#7190),#7186,.T.);
#7186=PLANE('',#7187);
#7187=AXIS2_PLACEMENT_3D('',#441,#7188,#7189);
#7188=DIRECTION('',(0.13396926240524956,0.5302221777286954,-0.8372076677714037));
#7189=DIRECTION('',(0.263519825900457,0.7953454444925077,0.545878123102958));
#7190=FACE_BOUND('',#7191,.T.);
#7191=EDGE_LOOP('',(#7192,#7193,#7194));
#7192=ORIENTED_EDGE('',*,*,#7195,.T.);
#7193=ORIENTED_EDGE('',*,*,#7196,.T.);
#7194=ORIENTED_EDGE('',*,*,#7197,.T.);
#7195=EDGE_CURVE('',#442,#444,#7198,.F.);
#7196=EDGE_CURVE('',#444,#426,#7199,.T.);
#7197=EDGE_CURVE('',#426,#442,#7200,.T.);
#7198=LINE('',#441,#7201);
#7199=LINE('',#443,#7202);
#7200=LINE('',#425,#7203);
#7201=VECTOR('',#7204,1.0);
#7202=VECTOR('',#7205,1.0);
#7203=VECTOR('',#7206,1.0);
#7204=DIRECTION('',(0.263519825900457,0.7953454444925077,0.545878123102958));
#7205=DIRECTION('',(0.7752483593070031,-0.5823165807551611,-0.2447394148260915));
#7206=DIRECTION('',(-0.9883954363080159,0.01045187223932988,-0.15154279874735002));
#7207=STYLED_ITEM('',(#25),#7208);
#7208=FACE_SURFACE('',(#7213),#7209,.T.);
#7209=PLANE('',#7210);
#7210=AXIS2_PLACEMENT_3D('',#425,#7211,#7212);
#7211=DIRECTION('',(0.13396779879619186,0.5302207165603606,-0.8372088273638308));
#7212=DIRECTION('',(-0.7752483593070031,0.5823165807551611,0.2447394148260915));
#7213=FACE_BOUND('',#7214,.T.);
#7214=EDGE_LOOP('',(#7215,#7216,#7217));
#7215=ORIENTED_EDGE('',*,*,#7218,.T.);
#7216=ORIENTED_EDGE('',*,*,#7219,.T.);
#7217=ORIENTED_EDGE('',*,*,#7220,.T.);
#7218=EDGE_CURVE('',#426,#444,#7221,.F.);
#7219=EDGE_CURVE('',#444,#422,#7222,.T.);
#7220=EDGE_CURVE('',#422,#426,#7223,.T.);
#7221=LINE('',#425,#7224);
#7222=LINE('',#443,#7225);
#7223=LINE('',#421,#7226);
#7224=VECTOR('',#7227,1.0);
#7225=VECTOR('',#7228,1.0);
#7226=VECTOR('',#7229,1.0);
#7227=DIRECTION('',(-0.7752483593070031,0.5823165807551611,0.2447394148260915));
#7228=DIRECTION('',(0.9883958044760953,-0.010452830227658425,0.151540331378429));
#7229=DIRECTION('',(0.0221578016603211,-0.8462158203076794,-0.5323793922444624));
#7230=STYLED_ITEM('',(#25),#7231);
#7231=FACE_SURFACE('',(#7236),#7232,.T.);
#7232=PLANE('',#7233);
#7233=AXIS2_PLACEMENT_3D('',#423,#7234,#7235);
#7234=DIRECTION('',(-0.00013116619572667345,0.9975703086967294,0.06966679267872858));
#7235=DIRECTION('',(-0.9982490798214709,-0.004251429829721172,0.05899745740275135));
#7236=FACE_BOUND('',#7237,.T.);
#7237=EDGE_LOOP('',(#7238,#7239,#7240));
#7238=ORIENTED_EDGE('',*,*,#7241,.T.);
#7239=ORIENTED_EDGE('',*,*,#7242,.T.);
#7240=ORIENTED_EDGE('',*,*,#7243,.T.);
#7241=EDGE_CURVE('',#424,#422,#7244,.F.);
#7242=EDGE_CURVE('',#422,#430,#7245,.T.);
#7243=EDGE_CURVE('',#430,#424,#7246,.T.);
#7244=LINE('',#423,#7247);
#7245=LINE('',#421,#7248);
#7246=LINE('',#429,#7249);
#7247=VECTOR('',#7250,1.0);
#7248=VECTOR('',#7251,1.0);
#7249=VECTOR('',#7252,1.0);
#7250=DIRECTION('',(-0.9982490798214709,-0.004251429829721172,0.05899745740275135));
#7251=DIRECTION('',(0.3482979384060949,-0.06525895527954502,0.9351095202477014));
#7252=DIRECTION('',(0.7946744211035889,0.042394223983350604,-0.6055537087794324));
#7253=STYLED_ITEM('',(#25),#7254);
#7254=FACE_SURFACE('',(#7259),#7255,.T.);
#7255=PLANE('',#7256);
#7256=AXIS2_PLACEMENT_3D('',#429,#7257,#7258);
#7257=DIRECTION('',(-0.00013124413642986367,0.997570306668981,0.06966682156759872));
#7258=DIRECTION('',(-0.3482979384060949,0.06525895527954502,-0.9351095202477014));
#7259=FACE_BOUND('',#7260,.T.);
#7260=EDGE_LOOP('',(#7261,#7262,#7263));
#7261=ORIENTED_EDGE('',*,*,#7264,.T.);
#7262=ORIENTED_EDGE('',*,*,#7265,.T.);
#7263=ORIENTED_EDGE('',*,*,#7266,.T.);
#7264=EDGE_CURVE('',#430,#422,#7267,.F.);
#7265=EDGE_CURVE('',#422,#438,#7268,.T.);
#7266=EDGE_CURVE('',#438,#430,#7269,.T.);
#7267=LINE('',#429,#7270);
#7268=LINE('',#421,#7271);
#7269=LINE('',#437,#7272);
#7270=VECTOR('',#7273,1.0);
#7271=VECTOR('',#7274,1.0);
#7272=VECTOR('',#7275,1.0);
#7273=DIRECTION('',(-0.3482979384060949,0.06525895527954502,-0.9351095202477014));
#7274=DIRECTION('',(-0.6507865383700587,-0.05298048747828961,0.7574100272790681));
#7275=DIRECTION('',(0.9886708945695741,-0.010327509817852916,0.1497437971067918));
#7276=STYLED_ITEM('',(#25),#7277);
#7277=FACE_SURFACE('',(#7282),#7278,.T.);
#7278=PLANE('',#7279);
#7279=AXIS2_PLACEMENT_3D('',#429,#7280,#7281);
#7280=DIRECTION('',(-0.00013128423431347985,0.9975702882635992,0.0696670850411413));
#7281=DIRECTION('',(-0.9886708945695741,0.010327509817852916,-0.1497437971067918));
#7282=FACE_BOUND('',#7283,.T.);
#7283=EDGE_LOOP('',(#7284,#7285,#7286));
#7284=ORIENTED_EDGE('',*,*,#7287,.T.);
#7285=ORIENTED_EDGE('',*,*,#7288,.T.);
#7286=ORIENTED_EDGE('',*,*,#7289,.T.);
#7287=EDGE_CURVE('',#430,#438,#7290,.F.);
#7288=EDGE_CURVE('',#438,#434,#7291,.T.);
#7289=EDGE_CURVE('',#434,#430,#7292,.T.);
#7290=LINE('',#429,#7293);
#7291=LINE('',#437,#7294);
#7292=LINE('',#433,#7295);
#7293=VECTOR('',#7296,1.0);
#7294=VECTOR('',#7297,1.0);
#7295=VECTOR('',#7298,1.0);
#7296=DIRECTION('',(-0.9886708945695741,0.010327509817852916,-0.1497437971067918));
#7297=DIRECTION('',(0.9091139770482455,-0.02890058322477788,0.4155436595892058));
#7298=DIRECTION('',(0.6494006814177361,0.053063134335545624,-0.7585928148543644));
#7299=STYLED_ITEM('',(#25),#7300);
#7300=FACE_SURFACE('',(#7305),#7301,.T.);
#7301=PLANE('',#7302);
#7302=AXIS2_PLACEMENT_3D('',#421,#7303,#7304);
#7303=DIRECTION('',(-0.00013140417375415178,0.997570316204419,0.06966668472633653));
#7304=DIRECTION('',(-0.9883958044760953,0.010452830227658425,-0.151540331378429));
#7305=FACE_BOUND('',#7306,.T.);
#7306=EDGE_LOOP('',(#7307,#7308,#7309));
#7307=ORIENTED_EDGE('',*,*,#7310,.T.);
#7308=ORIENTED_EDGE('',*,*,#7311,.T.);
#7309=ORIENTED_EDGE('',*,*,#7312,.T.);
#7310=EDGE_CURVE('',#422,#444,#7313,.F.);
#7311=EDGE_CURVE('',#444,#438,#7314,.T.);
#7312=EDGE_CURVE('',#438,#422,#7315,.T.);
#7313=LINE('',#421,#7316);
#7314=LINE('',#443,#7317);
#7315=LINE('',#437,#7318);
#7316=VECTOR('',#7319,1.0);
#7317=VECTOR('',#7320,1.0);
#7318=VECTOR('',#7321,1.0);
#7319=DIRECTION('',(-0.9883958044760953,0.010452830227658425,-0.151540331378429));
#7320=DIRECTION('',(-0.4165470149768684,-0.0633895741112589,0.9069015085486702));
#7321=DIRECTION('',(0.6507865383700587,0.05298048747828961,-0.7574100272790681));
#7322=STYLED_ITEM('',(#25),#7323);
#7323=FACE_SURFACE('',(#7328),#7324,.T.);
#7324=PLANE('',#7325);
#7325=AXIS2_PLACEMENT_3D('',#51,#7326,#7327);
#7326=DIRECTION('',(0.00012854485190210192,-0.9975702768266161,-0.06966725391666738));
#7327=DIRECTION('',(-0.034933587014902165,-0.06962921172791728,0.996961091202872));
#7328=FACE_BOUND('',#7329,.T.);
#7329=EDGE_LOOP('',(#7330,#7331,#7332));
#7330=ORIENTED_EDGE('',*,*,#7333,.T.);
#7331=ORIENTED_EDGE('',*,*,#7334,.T.);
#7332=ORIENTED_EDGE('',*,*,#7335,.T.);
#7333=EDGE_CURVE('',#52,#48,#7336,.F.);
#7334=EDGE_CURVE('',#48,#440,#7337,.T.);
#7335=EDGE_CURVE('',#440,#52,#7338,.T.);
#7336=LINE('',#51,#7339);
#7337=LINE('',#47,#7340);
#7338=LINE('',#439,#7341);
#7339=VECTOR('',#7342,1.0);
#7340=VECTOR('',#7343,1.0);
#7341=VECTOR('',#7344,1.0);
#7342=DIRECTION('',(-0.034933587014902165,-0.06962921172791728,0.996961091202872));
#7343=DIRECTION('',(-0.8771013774295768,-0.03357402302830326,0.47913041928981503));
#7344=DIRECTION('',(0.8613969646904185,0.0354967103571955,-0.506690490117933));
#7345=STYLED_ITEM('',(#25),#7346);
#7346=FACE_SURFACE('',(#7351),#7347,.T.);
#7347=PLANE('',#7348);
#7348=AXIS2_PLACEMENT_3D('',#439,#7349,#7350);
#7349=DIRECTION('',(0.00013046072793933023,-0.9975705203139762,-0.06966376375492085));
#7350=DIRECTION('',(0.8771013774295768,0.03357402302830326,-0.47913041928981503));
#7351=FACE_BOUND('',#7352,.T.);
#7352=EDGE_LOOP('',(#7353,#7354,#7355));
#7353=ORIENTED_EDGE('',*,*,#7356,.T.);
#7354=ORIENTED_EDGE('',*,*,#7357,.T.);
#7355=ORIENTED_EDGE('',*,*,#7358,.T.);
#7356=EDGE_CURVE('',#440,#48,#7359,.F.);
#7357=EDGE_CURVE('',#48,#44,#7360,.T.);
#7358=EDGE_CURVE('',#44,#440,#7361,.T.);
#7359=LINE('',#439,#7362);
#7360=LINE('',#47,#7363);
#7361=LINE('',#43,#7364);
#7362=VECTOR('',#7365,1.0);
#7363=VECTOR('',#7366,1.0);
#7364=VECTOR('',#7367,1.0);
#7365=DIRECTION('',(0.8771013774295768,0.03357402302830326,-0.47913041928981503));
#7366=DIRECTION('',(0.031189566456366502,-0.06962581290086116,0.9970854813516032));
#7367=DIRECTION('',(-0.8930005368125975,-0.03146878453305165,0.4489540698695413));
#7368=STYLED_ITEM('',(#25),#7369);
#7369=FACE_SURFACE('',(#7374),#7370,.T.);
#7370=PLANE('',#7371);
#7371=AXIS2_PLACEMENT_3D('',#439,#7372,#7373);
#7372=DIRECTION('',(0.00014748394607696057,-0.9975728704512744,-0.0696300681321697));
#7373=DIRECTION('',(0.8930005368125975,0.03146878453305165,-0.4489540698695413));
#7374=FACE_BOUND('',#7375,.T.);
#7375=EDGE_LOOP('',(#7376,#7377,#7378));
#7376=ORIENTED_EDGE('',*,*,#7379,.T.);
#7377=ORIENTED_EDGE('',*,*,#7380,.T.);
#7378=ORIENTED_EDGE('',*,*,#7381,.T.);
#7379=EDGE_CURVE('',#440,#44,#7382,.F.);
#7380=EDGE_CURVE('',#44,#420,#7383,.T.);
#7381=EDGE_CURVE('',#420,#440,#7384,.T.);
#7382=LINE('',#439,#7385);
#7383=LINE('',#43,#7386);
#7384=LINE('',#419,#7387);
#7385=VECTOR('',#7388,1.0);
#7386=VECTOR('',#7389,1.0);
#7387=VECTOR('',#7390,1.0);
#7388=DIRECTION('',(0.8930005368125975,0.03146878453305165,-0.4489540698695413));
#7389=DIRECTION('',(0.09718666623420014,-0.06928615338563442,0.9928515401888162));
#7390=DIRECTION('',(-0.9087107753250743,-0.02919911640373349,0.41640381651630365));
#7391=STYLED_ITEM('',(#25),#7392);
#7392=FACE_SURFACE('',(#7397),#7393,.T.);
#7393=PLANE('',#7394);
#7394=AXIS2_PLACEMENT_3D('',#419,#7395,#7396);
#7395=DIRECTION('',(0.00013681115851433504,-0.9975712539113005,-0.0696532458148403));
#7396=DIRECTION('',(0.16273939476875376,-0.06870249466566322,0.984274279160547));
#7397=FACE_BOUND('',#7398,.T.);
#7398=EDGE_LOOP('',(#7399,#7400,#7401));
#7399=ORIENTED_EDGE('',*,*,#7402,.T.);
#7400=ORIENTED_EDGE('',*,*,#7403,.T.);
#7401=ORIENTED_EDGE('',*,*,#7404,.T.);
#7402=EDGE_CURVE('',#420,#416,#7405,.F.);
#7403=EDGE_CURVE('',#416,#440,#7406,.T.);
#7404=EDGE_CURVE('',#440,#420,#7407,.T.);
#7405=LINE('',#419,#7408);
#7406=LINE('',#415,#7409);
#7407=LINE('',#439,#7410);
#7408=VECTOR('',#7411,1.0);
#7409=VECTOR('',#7412,1.0);
#7410=VECTOR('',#7413,1.0);
#7411=DIRECTION('',(0.16273939476875376,-0.06870249466566322,0.984274279160547));
#7412=DIRECTION('',(-0.9238462379678396,-0.026786825529820042,0.3818253456368565));
#7413=DIRECTION('',(0.9087107753250743,0.02919911640373349,-0.41640381651630365));
#7414=STYLED_ITEM('',(#25),#7415);
#7415=FACE_SURFACE('',(#7420),#7416,.T.);
#7416=PLANE('',#7417);
#7417=AXIS2_PLACEMENT_3D('',#439,#7418,#7419);
#7418=DIRECTION('',(0.00011907540049606378,-0.9975682735881716,-0.06969594931819159));
#7419=DIRECTION('',(0.9238462379678396,0.026786825529820042,-0.3818253456368565));
#7420=FACE_BOUND('',#7421,.T.);
#7421=EDGE_LOOP('',(#7422,#7423,#7424));
#7422=ORIENTED_EDGE('',*,*,#7425,.T.);
#7423=ORIENTED_EDGE('',*,*,#7426,.T.);
#7424=ORIENTED_EDGE('',*,*,#7427,.T.);
#7425=EDGE_CURVE('',#440,#416,#7428,.F.);
#7426=EDGE_CURVE('',#416,#412,#7429,.T.);
#7427=EDGE_CURVE('',#412,#440,#7430,.T.);
#7428=LINE('',#439,#7431);
#7429=LINE('',#415,#7432);
#7430=LINE('',#411,#7433);
#7431=VECTOR('',#7434,1.0);
#7432=VECTOR('',#7435,1.0);
#7433=VECTOR('',#7436,1.0);
#7434=DIRECTION('',(0.9238462379678396,0.026786825529820042,-0.3818253456368565));
#7435=DIRECTION('',(0.22759812257925824,-0.06783975469020655,0.9713891405003299));
#7436=DIRECTION('',(-0.9380375731302762,-0.024263410256404282,0.3456830894310437));
#7437=STYLED_ITEM('',(#25),#7438);
#7438=FACE_SURFACE('',(#7443),#7439,.T.);
#7439=PLANE('',#7440);
#7440=AXIS2_PLACEMENT_3D('',#439,#7441,#7442);
#7441=DIRECTION('',(0.00014140247414438882,-0.9975724811171203,-0.06963565841702708));
#7442=DIRECTION('',(0.9380375731302762,0.024263410256404282,-0.3456830894310437));
#7443=FACE_BOUND('',#7444,.T.);
#7444=EDGE_LOOP('',(#7445,#7446,#7447));
#7445=ORIENTED_EDGE('',*,*,#7448,.T.);
#7446=ORIENTED_EDGE('',*,*,#7449,.T.);
#7447=ORIENTED_EDGE('',*,*,#7450,.T.);
#7448=EDGE_CURVE('',#440,#412,#7451,.F.);
#7449=EDGE_CURVE('',#412,#408,#7452,.T.);
#7450=EDGE_CURVE('',#408,#440,#7453,.T.);
#7451=LINE('',#439,#7454);
#7452=LINE('',#411,#7455);
#7453=LINE('',#407,#7456);
#7454=VECTOR('',#7457,1.0);
#7455=VECTOR('',#7458,1.0);
#7456=VECTOR('',#7459,1.0);
#7457=DIRECTION('',(0.9380375731302762,0.024263410256404282,-0.3456830894310437));
#7458=DIRECTION('',(0.2914581804095378,-0.06657121456594307,0.9542643252598184));
#7459=DIRECTION('',(-0.9509686946077869,-0.021671555493174205,0.3085269608291437));
#7460=STYLED_ITEM('',(#25),#7461);
#7461=FACE_SURFACE('',(#7466),#7462,.T.);
#7462=PLANE('',#7463);
#7463=AXIS2_PLACEMENT_3D('',#407,#7464,#7465);
#7464=DIRECTION('',(0.0001239097333290878,-0.9975687366259041,-0.0696893130470943));
#7465=DIRECTION('',(0.354055452683777,-0.065131384317423,0.9329537176097119));
#7466=FACE_BOUND('',#7467,.T.);
#7467=EDGE_LOOP('',(#7468,#7469,#7470));
#7468=ORIENTED_EDGE('',*,*,#7471,.T.);
#7469=ORIENTED_EDGE('',*,*,#7472,.T.);
#7470=ORIENTED_EDGE('',*,*,#7473,.T.);
#7471=EDGE_CURVE('',#408,#404,#7474,.F.);
#7472=EDGE_CURVE('',#404,#440,#7475,.T.);
#7473=EDGE_CURVE('',#440,#408,#7476,.T.);
#7474=LINE('',#407,#7477);
#7475=LINE('',#403,#7478);
#7476=LINE('',#439,#7479);
#7477=VECTOR('',#7480,1.0);
#7478=VECTOR('',#7481,1.0);
#7479=VECTOR('',#7482,1.0);
#7480=DIRECTION('',(0.354055452683777,-0.065131384317423,0.9329537176097119));
#7481=DIRECTION('',(-0.9623988509412549,-0.01904938476877976,0.2709715347538983));
#7482=DIRECTION('',(0.9509686946077869,0.021671555493174205,-0.3085269608291437));
#7483=STYLED_ITEM('',(#25),#7484);
#7484=FACE_SURFACE('',(#7489),#7485,.T.);
#7485=PLANE('',#7486);
#7486=AXIS2_PLACEMENT_3D('',#439,#7487,#7488);
#7487=DIRECTION('',(0.00012597472010501424,-0.9975692461941592,-0.06968201473828708));
#7488=DIRECTION('',(0.9623988509412549,0.01904938476877976,-0.2709715347538983));
#7489=FACE_BOUND('',#7490,.T.);
#7490=EDGE_LOOP('',(#7491,#7492,#7493));
#7491=ORIENTED_EDGE('',*,*,#7494,.T.);
#7492=ORIENTED_EDGE('',*,*,#7495,.T.);
#7493=ORIENTED_EDGE('',*,*,#7496,.T.);
#7494=EDGE_CURVE('',#440,#404,#7497,.F.);
#7495=EDGE_CURVE('',#404,#400,#7498,.T.);
#7496=EDGE_CURVE('',#400,#440,#7499,.T.);
#7497=LINE('',#439,#7500);
#7498=LINE('',#403,#7501);
#7499=LINE('',#399,#7502);
#7500=VECTOR('',#7503,1.0);
#7501=VECTOR('',#7504,1.0);
#7502=VECTOR('',#7505,1.0);
#7503=DIRECTION('',(0.9623988509412549,0.01904938476877976,-0.2709715347538983));
#7504=DIRECTION('',(0.4150923086149386,-0.06334309098191299,0.9075715002982286));
#7505=DIRECTION('',(-0.9721809309596963,-0.01644386974246045,0.23365324013638536));
#7506=STYLED_ITEM('',(#25),#7507);
#7507=FACE_SURFACE('',(#7512),#7508,.T.);
#7508=PLANE('',#7509);
#7509=AXIS2_PLACEMENT_3D('',#439,#7510,#7511);
#7510=DIRECTION('',(0.00013135047034599153,-0.9975708000120056,-0.06965975674994258));
#7511=DIRECTION('',(0.9721809309596963,0.01644386974246045,-0.23365324013638536));
#7512=FACE_BOUND('',#7513,.T.);
#7513=EDGE_LOOP('',(#7514,#7515,#7516));
#7514=ORIENTED_EDGE('',*,*,#7517,.T.);
#7515=ORIENTED_EDGE('',*,*,#7518,.T.);
#7516=ORIENTED_EDGE('',*,*,#7519,.T.);
#7517=EDGE_CURVE('',#440,#400,#7520,.F.);
#7518=EDGE_CURVE('',#400,#396,#7521,.T.);
#7519=EDGE_CURVE('',#396,#440,#7522,.T.);
#7520=LINE('',#439,#7523);
#7521=LINE('',#399,#7524);
#7522=LINE('',#395,#7525);
#7523=VECTOR('',#7526,1.0);
#7524=VECTOR('',#7527,1.0);
#7525=VECTOR('',#7528,1.0);
#7526=DIRECTION('',(0.9721809309596963,0.01644386974246045,-0.23365324013638536));
#7527=DIRECTION('',(0.4742972645089369,-0.0612638473472889,0.8782305197882545));
#7528=DIRECTION('',(-0.9802661809837886,-0.013898930153698698,0.19719288567298981));
#7529=STYLED_ITEM('',(#25),#7530);
#7530=FACE_SURFACE('',(#7535),#7531,.T.);
#7531=PLANE('',#7532);
#7532=AXIS2_PLACEMENT_3D('',#395,#7533,#7534);
#7533=DIRECTION('',(0.00012706760115605568,-0.9975693209121128,-0.0696809430818131));
#7534=DIRECTION('',(0.5314595788746527,-0.0589582209858451,0.8450293747560265));
#7535=FACE_BOUND('',#7536,.T.);
#7536=EDGE_LOOP('',(#7537,#7538,#7539));
#7537=ORIENTED_EDGE('',*,*,#7540,.T.);
#7538=ORIENTED_EDGE('',*,*,#7541,.T.);
#7539=ORIENTED_EDGE('',*,*,#7542,.T.);
#7540=EDGE_CURVE('',#396,#392,#7543,.F.);
#7541=EDGE_CURVE('',#392,#440,#7544,.T.);
#7542=EDGE_CURVE('',#440,#396,#7545,.T.);
#7543=LINE('',#395,#7546);
#7544=LINE('',#391,#7547);
#7545=LINE('',#439,#7548);
#7546=VECTOR('',#7549,1.0);
#7547=VECTOR('',#7550,1.0);
#7548=VECTOR('',#7551,1.0);
#7549=DIRECTION('',(0.5314595788746527,-0.0589582209858451,0.8450293747560265));
#7550=DIRECTION('',(-0.9866973818690918,-0.011452944078105645,0.1621638266834601));
#7551=DIRECTION('',(0.9802661809837886,0.013898930153698698,-0.19719288567298981));
#7552=STYLED_ITEM('',(#25),#7553);
#7553=FACE_SURFACE('',(#7558),#7554,.T.);
#7554=PLANE('',#7555);
#7555=AXIS2_PLACEMENT_3D('',#439,#7556,#7557);
#7556=DIRECTION('',(0.0001303528631675196,-0.9975707097125649,-0.06966105175563066));
#7557=DIRECTION('',(0.9866973818690918,0.011452944078105645,-0.1621638266834601));
#7558=FACE_BOUND('',#7559,.T.);
#7559=EDGE_LOOP('',(#7560,#7561,#7562));
#7560=ORIENTED_EDGE('',*,*,#7563,.T.);
#7561=ORIENTED_EDGE('',*,*,#7564,.T.);
#7562=ORIENTED_EDGE('',*,*,#7565,.T.);
#7563=EDGE_CURVE('',#440,#392,#7566,.F.);
#7564=EDGE_CURVE('',#392,#388,#7567,.T.);
#7565=EDGE_CURVE('',#388,#440,#7568,.T.);
#7566=LINE('',#439,#7569);
#7567=LINE('',#391,#7570);
#7568=LINE('',#387,#7571);
#7569=VECTOR('',#7572,1.0);
#7570=VECTOR('',#7573,1.0);
#7571=VECTOR('',#7574,1.0);
#7572=DIRECTION('',(0.9866973818690918,0.011452944078105645,-0.1621638266834601));
#7573=DIRECTION('',(0.586244945264426,-0.05635854361411708,0.8081711320714231));
#7574=DIRECTION('',(-0.9915958435966991,-0.009141281597706327,0.12905084243236145));
#7575=STYLED_ITEM('',(#25),#7576);
#7576=FACE_SURFACE('',(#7581),#7577,.T.);
#7577=PLANE('',#7578);
#7578=AXIS2_PLACEMENT_3D('',#439,#7579,#7580);
#7579=DIRECTION('',(0.0001291245937302578,-0.9975700540280584,-0.06967044303932358));
#7580=DIRECTION('',(0.9915958435966991,0.009141281597706327,-0.12905084243236145));
#7581=FACE_BOUND('',#7582,.T.);
#7582=EDGE_LOOP('',(#7583,#7584,#7585));
#7583=ORIENTED_EDGE('',*,*,#7586,.T.);
#7584=ORIENTED_EDGE('',*,*,#7587,.T.);
#7585=ORIENTED_EDGE('',*,*,#7588,.T.);
#7586=EDGE_CURVE('',#440,#388,#7589,.F.);
#7587=EDGE_CURVE('',#388,#384,#7590,.T.);
#7588=EDGE_CURVE('',#384,#440,#7591,.T.);
#7589=LINE('',#439,#7592);
#7590=LINE('',#387,#7593);
#7591=LINE('',#383,#7594);
#7592=VECTOR('',#7595,1.0);
#7593=VECTOR('',#7596,1.0);
#7594=VECTOR('',#7597,1.0);
#7595=DIRECTION('',(0.9915958435966991,0.009141281597706327,-0.12905084243236145));
#7596=DIRECTION('',(0.6385420600933238,-0.053535211135338545,0.767722618307204));
#7597=DIRECTION('',(-0.9951372108683401,-0.0069906046825752135,0.09825000250052343));
#7598=STYLED_ITEM('',(#25),#7599);
#7599=FACE_SURFACE('',(#7604),#7600,.T.);
#7600=PLANE('',#7601);
#7601=AXIS2_PLACEMENT_3D('',#383,#7602,#7603);
#7602=DIRECTION('',(0.00012876707328697085,-0.9975698024136226,-0.06967404632635359));
#7603=DIRECTION('',(0.6879842497424609,-0.050475865917238294,0.7239681340129607));
#7604=FACE_BOUND('',#7605,.T.);
#7605=EDGE_LOOP('',(#7606,#7607,#7608));
#7606=ORIENTED_EDGE('',*,*,#7609,.T.);
#7607=ORIENTED_EDGE('',*,*,#7610,.T.);
#7608=ORIENTED_EDGE('',*,*,#7611,.T.);
#7609=EDGE_CURVE('',#384,#380,#7612,.F.);
#7610=EDGE_CURVE('',#380,#440,#7613,.T.);
#7611=EDGE_CURVE('',#440,#384,#7614,.T.);
#7612=LINE('',#383,#7615);
#7613=LINE('',#379,#7616);
#7614=LINE('',#439,#7617);
#7615=VECTOR('',#7618,1.0);
#7616=VECTOR('',#7619,1.0);
#7617=VECTOR('',#7620,1.0);
#7618=DIRECTION('',(0.6879842497424609,-0.050475865917238294,0.7239681340129607));
#7619=DIRECTION('',(-0.997531442016235,-0.005020726655904454,0.07004151977832536));
#7620=DIRECTION('',(0.9951372108683401,0.0069906046825752135,-0.09825000250052343));
#7621=STYLED_ITEM('',(#25),#7622);
#7622=FACE_SURFACE('',(#7627),#7623,.T.);
#7623=PLANE('',#7624);
#7624=AXIS2_PLACEMENT_3D('',#439,#7625,#7626);
#7625=DIRECTION('',(0.00012900672084687536,-0.9975700395705922,-0.06967065026532519));
#7626=DIRECTION('',(0.997531442016235,0.005020726655904454,-0.07004151977832536));
#7627=FACE_BOUND('',#7628,.T.);
#7628=EDGE_LOOP('',(#7629,#7630,#7631));
#7629=ORIENTED_EDGE('',*,*,#7632,.T.);
#7630=ORIENTED_EDGE('',*,*,#7633,.T.);
#7631=ORIENTED_EDGE('',*,*,#7634,.T.);
#7632=EDGE_CURVE('',#440,#380,#7635,.F.);
#7633=EDGE_CURVE('',#380,#376,#7636,.T.);
#7634=EDGE_CURVE('',#376,#440,#7637,.T.);
#7635=LINE('',#439,#7638);
#7636=LINE('',#379,#7639);
#7637=LINE('',#375,#7640);
#7638=VECTOR('',#7641,1.0);
#7639=VECTOR('',#7642,1.0);
#7640=VECTOR('',#7643,1.0);
#7641=DIRECTION('',(0.997531442016235,0.005020726655904454,-0.07004151977832536));
#7642=DIRECTION('',(0.7344512305718017,-0.04718826689898145,0.6770189490543354));
#7643=DIRECTION('',(-0.9989991777381257,-0.003244818458078446,0.04461069414078442));
#7644=STYLED_ITEM('',(#25),#7645);
#7645=FACE_SURFACE('',(#7650),#7646,.T.);
#7646=PLANE('',#7647);
#7647=AXIS2_PLACEMENT_3D('',#439,#7648,#7649);
#7648=DIRECTION('',(0.00013064301014905852,-0.997572584890273,-0.06963419280599922));
#7649=DIRECTION('',(0.9989991777381257,0.003244818458078446,-0.04461069414078442));
#7650=FACE_BOUND('',#7651,.T.);
#7651=EDGE_LOOP('',(#7652,#7653,#7654));
#7652=ORIENTED_EDGE('',*,*,#7655,.T.);
#7653=ORIENTED_EDGE('',*,*,#7656,.T.);
#7654=ORIENTED_EDGE('',*,*,#7657,.T.);
#7655=EDGE_CURVE('',#440,#376,#7658,.F.);
#7656=EDGE_CURVE('',#376,#372,#7659,.T.);
#7657=EDGE_CURVE('',#372,#440,#7660,.T.);
#7658=LINE('',#439,#7661);
#7659=LINE('',#375,#7662);
#7660=LINE('',#371,#7663);
#7661=VECTOR('',#7664,1.0);
#7662=VECTOR('',#7665,1.0);
#7663=VECTOR('',#7666,1.0);
#7664=DIRECTION('',(0.9989991777381257,0.003244818458078446,-0.04461069414078442));
#7665=DIRECTION('',(0.777725748857633,-0.043670955901263915,0.6270849281991265));
#7666=DIRECTION('',(-0.9997554646216363,-0.001670129313575402,0.022050433720271462));
#7667=STYLED_ITEM('',(#25),#7668);
#7668=FACE_SURFACE('',(#7673),#7669,.T.);
#7669=PLANE('',#7670);
#7670=AXIS2_PLACEMENT_3D('',#371,#7671,#7672);
#7671=DIRECTION('',(0.00012903270673497947,-0.9975675128720726,-0.06970681898342342));
#7672=DIRECTION('',(0.8175544885263966,-0.0400355236093971,0.5744578445279197));
#7673=FACE_BOUND('',#7674,.T.);
#7674=EDGE_LOOP('',(#7675,#7676,#7677));
#7675=ORIENTED_EDGE('',*,*,#7678,.T.);
#7676=ORIENTED_EDGE('',*,*,#7679,.T.);
#7677=ORIENTED_EDGE('',*,*,#7680,.T.);
#7678=EDGE_CURVE('',#372,#368,#7681,.F.);
#7679=EDGE_CURVE('',#368,#440,#7682,.T.);
#7680=EDGE_CURVE('',#440,#372,#7683,.T.);
#7681=LINE('',#371,#7684);
#7682=LINE('',#367,#7685);
#7683=LINE('',#439,#7686);
#7684=VECTOR('',#7687,1.0);
#7685=VECTOR('',#7688,1.0);
#7686=VECTOR('',#7689,1.0);
#7687=DIRECTION('',(0.8175544885263966,-0.0400355236093971,0.5744578445279197));
#7688=DIRECTION('',(-0.9999971418711107,-0.000295135385668479,0.0023725818666076428));
#7689=DIRECTION('',(0.9997554646216363,0.001670129313575402,-0.022050433720271462));
#7690=STYLED_ITEM('',(#25),#7691);
#7691=FACE_SURFACE('',(#7696),#7692,.T.);
#7692=PLANE('',#7693);
#7693=AXIS2_PLACEMENT_3D('',#439,#7694,#7695);
#7694=DIRECTION('',(0.00012936288430425572,-0.9975771438217046,-0.06956885358962218));
#7695=DIRECTION('',(0.9999971418711107,0.000295135385668479,-0.0023725818666076428));
#7696=FACE_BOUND('',#7697,.T.);
#7697=EDGE_LOOP('',(#7698,#7699,#7700));
#7698=ORIENTED_EDGE('',*,*,#7701,.T.);
#7699=ORIENTED_EDGE('',*,*,#7702,.T.);
#7700=ORIENTED_EDGE('',*,*,#7703,.T.);
#7701=EDGE_CURVE('',#440,#368,#7704,.F.);
#7702=EDGE_CURVE('',#368,#364,#7705,.T.);
#7703=EDGE_CURVE('',#364,#440,#7706,.T.);
#7704=LINE('',#439,#7707);
#7705=LINE('',#367,#7708);
#7706=LINE('',#363,#7709);
#7707=VECTOR('',#7710,1.0);
#7708=VECTOR('',#7711,1.0);
#7709=VECTOR('',#7712,1.0);
#7710=DIRECTION('',(0.9999971418711107,0.000295135385668479,-0.0023725818666076428));
#7711=DIRECTION('',(0.853773176846802,-0.03611050608467514,0.5193913686683945));
#7712=DIRECTION('',(-0.999894899081398,0.0008795302984422096,-0.014471254868013135));
#7713=STYLED_ITEM('',(#25),#7714);
#7714=FACE_SURFACE('',(#7719),#7715,.T.);
#7715=PLANE('',#7716);
#7716=AXIS2_PLACEMENT_3D('',#439,#7717,#7718);
#7717=DIRECTION('',(0.00013060762433246865,-0.9975711674521872,-0.06965449597641801));
#7718=DIRECTION('',(0.999894899081398,-0.0008795302984422096,0.014471254868013135));
#7719=FACE_BOUND('',#7720,.T.);
#7720=EDGE_LOOP('',(#7721,#7722,#7723));
#7721=ORIENTED_EDGE('',*,*,#7724,.T.);
#7722=ORIENTED_EDGE('',*,*,#7725,.T.);
#7723=ORIENTED_EDGE('',*,*,#7726,.T.);
#7724=EDGE_CURVE('',#440,#364,#7727,.F.);
#7725=EDGE_CURVE('',#364,#360,#7728,.T.);
#7726=EDGE_CURVE('',#360,#440,#7729,.T.);
#7727=LINE('',#439,#7730);
#7728=LINE('',#363,#7731);
#7729=LINE('',#359,#7732);
#7730=VECTOR('',#7733,1.0);
#7731=VECTOR('',#7734,1.0);
#7732=VECTOR('',#7735,1.0);
#7733=DIRECTION('',(0.999894899081398,-0.0008795302984422096,0.014471254868013135));
#7734=DIRECTION('',(0.8863728390002322,-0.03213260354299056,0.4618556983216919));
#7735=DIRECTION('',(-0.9995902598845818,0.0018635069637464921,-0.028562907514295115));
#7736=STYLED_ITEM('',(#25),#7737);
#7737=FACE_SURFACE('',(#7742),#7738,.T.);
#7738=PLANE('',#7739);
#7739=AXIS2_PLACEMENT_3D('',#359,#7740,#7741);
#7740=DIRECTION('',(0.00013490579546035335,-0.9975607003859465,-0.06980423229236486));
#7741=DIRECTION('',(0.9150213852435386,-0.028036258092195857,0.40242991039332987));
#7742=FACE_BOUND('',#7743,.T.);
#7743=EDGE_LOOP('',(#7744,#7745,#7746));
#7744=ORIENTED_EDGE('',*,*,#7747,.T.);
#7745=ORIENTED_EDGE('',*,*,#7748,.T.);
#7746=ORIENTED_EDGE('',*,*,#7749,.T.);
#7747=EDGE_CURVE('',#360,#356,#7750,.F.);
#7748=EDGE_CURVE('',#356,#440,#7751,.T.);
#7749=EDGE_CURVE('',#440,#360,#7752,.T.);
#7750=LINE('',#359,#7753);
#7751=LINE('',#355,#7754);
#7752=LINE('',#439,#7755);
#7753=VECTOR('',#7756,1.0);
#7754=VECTOR('',#7757,1.0);
#7755=VECTOR('',#7758,1.0);
#7756=DIRECTION('',(0.9150213852435386,-0.028036258092195857,0.40242991039332987));
#7757=DIRECTION('',(-0.9991949324216476,0.002665950825353723,-0.0400297355611528));
#7758=DIRECTION('',(0.9995902598845818,-0.0018635069637464921,0.028562907514295115));
#7759=STYLED_ITEM('',(#25),#7760);
#7760=FACE_SURFACE('',(#7765),#7761,.T.);
#7761=PLANE('',#7762);
#7762=AXIS2_PLACEMENT_3D('',#439,#7763,#7764);
#7763=DIRECTION('',(0.00013013053916188517,-0.997568996049223,-0.06968558808956143));
#7764=DIRECTION('',(0.9991949324216476,-0.002665950825353723,0.0400297355611528));
#7765=FACE_BOUND('',#7766,.T.);
#7766=EDGE_LOOP('',(#7767,#7768,#7769));
#7767=ORIENTED_EDGE('',*,*,#7770,.T.);
#7768=ORIENTED_EDGE('',*,*,#7771,.T.);
#7769=ORIENTED_EDGE('',*,*,#7772,.T.);
#7770=EDGE_CURVE('',#440,#356,#7773,.F.);
#7771=EDGE_CURVE('',#356,#352,#7774,.T.);
#7772=EDGE_CURVE('',#352,#440,#7775,.T.);
#7773=LINE('',#439,#7776);
#7774=LINE('',#355,#7777);
#7775=LINE('',#351,#7778);
#7776=VECTOR('',#7779,1.0);
#7777=VECTOR('',#7780,1.0);
#7778=VECTOR('',#7781,1.0);
#7779=DIRECTION('',(0.9991949324216476,-0.002665950825353723,0.0400297355611528));
#7780=DIRECTION('',(0.9397016444254992,-0.02371015916018307,0.34117246051903327));
#7781=DIRECTION('',(-0.9987928405862273,0.00329334849554342,-0.04901036063305581));
#7782=STYLED_ITEM('',(#25),#7783);
#7783=FACE_SURFACE('',(#7788),#7784,.T.);
#7784=PLANE('',#7785);
#7785=AXIS2_PLACEMENT_3D('',#439,#7786,#7787);
#7786=DIRECTION('',(0.00012911277348384462,-0.9975704380875628,-0.06966494372121247));
#7787=DIRECTION('',(0.9987928405862273,-0.00329334849554342,0.04901036063305581));
#7788=FACE_BOUND('',#7789,.T.);
#7789=EDGE_LOOP('',(#7790,#7791,#7792));
#7790=ORIENTED_EDGE('',*,*,#7793,.T.);
#7791=ORIENTED_EDGE('',*,*,#7794,.T.);
#7792=ORIENTED_EDGE('',*,*,#7795,.T.);
#7793=EDGE_CURVE('',#440,#352,#7796,.F.);
#7794=EDGE_CURVE('',#352,#436,#7797,.T.);
#7795=EDGE_CURVE('',#436,#440,#7798,.T.);
#7796=LINE('',#439,#7799);
#7797=LINE('',#351,#7800);
#7798=LINE('',#435,#7801);
#7799=VECTOR('',#7802,1.0);
#7800=VECTOR('',#7803,1.0);
#7801=VECTOR('',#7804,1.0);
#7802=DIRECTION('',(0.9987928405862273,-0.00329334849554342,0.04901036063305581));
#7803=DIRECTION('',(0.6168824257355029,-0.05475071068205065,0.7851486690420434));
#7804=DIRECTION('',(-0.909114466615989,0.028901586086908224,-0.4155425187765829));
#7805=STYLED_ITEM('',(#25),#7806);
#7806=FACE_SURFACE('',(#7811),#7807,.T.);
#7807=PLANE('',#7808);
#7808=AXIS2_PLACEMENT_3D('',#435,#7809,#7810);
#7809=DIRECTION('',(0.00014050919918145286,-0.9975698142433531,-0.06967385426145926));
#7810=DIRECTION('',(-0.6168824257355029,0.05475071068205065,-0.7851486690420434));
#7811=FACE_BOUND('',#7812,.T.);
#7812=EDGE_LOOP('',(#7813,#7814,#7815));
#7813=ORIENTED_EDGE('',*,*,#7816,.T.);
#7814=ORIENTED_EDGE('',*,*,#7817,.T.);
#7815=ORIENTED_EDGE('',*,*,#7818,.T.);
#7816=EDGE_CURVE('',#436,#352,#7819,.F.);
#7817=EDGE_CURVE('',#352,#348,#7820,.T.);
#7818=EDGE_CURVE('',#348,#436,#7821,.T.);
#7819=LINE('',#435,#7822);
#7820=LINE('',#351,#7823);
#7821=LINE('',#347,#7824);
#7822=VECTOR('',#7825,1.0);
#7823=VECTOR('',#7826,1.0);
#7824=VECTOR('',#7827,1.0);
#7825=DIRECTION('',(-0.6168824257355029,0.05475071068205065,-0.7851486690420434));
#7826=DIRECTION('',(0.9602059306434939,-0.019324826672007717,0.27862362037551425));
#7827=DIRECTION('',(0.5994154871212976,-0.05568558565276014,0.7984987096731256));
#7828=STYLED_ITEM('',(#25),#7829);
#7829=FACE_SURFACE('',(#7834),#7830,.T.);
#7830=PLANE('',#7831);
#7831=AXIS2_PLACEMENT_3D('',#435,#7832,#7833);
#7832=DIRECTION('',(0.00017111353771297452,-0.9975682124150395,-0.0696967165598199));
#7833=DIRECTION('',(-0.5994154871212976,0.05568558565276014,-0.7984987096731256));
#7834=FACE_BOUND('',#7835,.T.);
#7835=EDGE_LOOP('',(#7836,#7837,#7838));
#7836=ORIENTED_EDGE('',*,*,#7839,.T.);
#7837=ORIENTED_EDGE('',*,*,#7840,.T.);
#7838=ORIENTED_EDGE('',*,*,#7841,.T.);
#7839=EDGE_CURVE('',#436,#348,#7842,.F.);
#7840=EDGE_CURVE('',#348,#344,#7843,.T.);
#7841=EDGE_CURVE('',#344,#436,#7844,.T.);
#7842=LINE('',#435,#7845);
#7843=LINE('',#347,#7846);
#7844=LINE('',#343,#7847);
#7845=VECTOR('',#7848,1.0);
#7846=VECTOR('',#7849,1.0);
#7847=VECTOR('',#7850,1.0);
#7848=DIRECTION('',(-0.5994154871212976,0.05568558565276014,-0.7984987096731256));
#7849=DIRECTION('',(0.9765897123878193,-0.014825790932734182,0.21459899715864264));
#7850=DIRECTION('',(0.578946393272428,-0.05672948138152438,0.8133897218793894));
#7851=STYLED_ITEM('',(#25),#7852);
#7852=FACE_SURFACE('',(#7857),#7853,.T.);
#7853=PLANE('',#7854);
#7854=AXIS2_PLACEMENT_3D('',#343,#7855,#7856);
#7855=DIRECTION('',(0.00013418710325712528,-0.997570045103928,-0.06967056125199861));
#7856=DIRECTION('',(0.9886688751675373,-0.01032609538797472,0.1497572269674993));
#7857=FACE_BOUND('',#7858,.T.);
#7858=EDGE_LOOP('',(#7859,#7860,#7861));
#7859=ORIENTED_EDGE('',*,*,#7862,.T.);
#7860=ORIENTED_EDGE('',*,*,#7863,.T.);
#7861=ORIENTED_EDGE('',*,*,#7864,.T.);
#7862=EDGE_CURVE('',#344,#340,#7865,.F.);
#7863=EDGE_CURVE('',#340,#436,#7866,.T.);
#7864=EDGE_CURVE('',#436,#344,#7867,.T.);
#7865=LINE('',#343,#7868);
#7866=LINE('',#339,#7869);
#7867=LINE('',#435,#7870);
#7868=VECTOR('',#7871,1.0);
#7869=VECTOR('',#7872,1.0);
#7870=VECTOR('',#7873,1.0);
#7871=DIRECTION('',(0.9886688751675373,-0.01032609538797472,0.1497572269674993));
#7872=DIRECTION('',(0.5553294123978322,-0.05786582513050422,0.8296148443752946));
#7873=DIRECTION('',(-0.578946393272428,0.05672948138152438,-0.8133897218793894));
#7874=STYLED_ITEM('',(#25),#7875);
#7875=FACE_SURFACE('',(#7880),#7876,.T.);
#7876=PLANE('',#7877);
#7877=AXIS2_PLACEMENT_3D('',#435,#7878,#7879);
#7878=DIRECTION('',(0.00011235462601179823,-0.9975710633994448,-0.06965601800662236));
#7879=DIRECTION('',(-0.5553294123978322,0.05786582513050422,-0.8296148443752946));
#7880=FACE_BOUND('',#7881,.T.);
#7881=EDGE_LOOP('',(#7882,#7883,#7884));
#7882=ORIENTED_EDGE('',*,*,#7885,.T.);
#7883=ORIENTED_EDGE('',*,*,#7886,.T.);
#7884=ORIENTED_EDGE('',*,*,#7887,.T.);
#7885=EDGE_CURVE('',#436,#340,#7888,.F.);
#7886=EDGE_CURVE('',#340,#336,#7889,.T.);
#7887=EDGE_CURVE('',#336,#436,#7890,.T.);
#7888=LINE('',#435,#7891);
#7889=LINE('',#339,#7892);
#7890=LINE('',#335,#7893);
#7891=VECTOR('',#7894,1.0);
#7892=VECTOR('',#7895,1.0);
#7893=VECTOR('',#7896,1.0);
#7894=DIRECTION('',(-0.5553294123978322,0.05786582513050422,-0.8296148443752946));
#7895=DIRECTION('',(0.9964301330828725,-0.005768778873885172,0.08422417155872351));
#7896=DIRECTION('',(0.5284793713821698,-0.05907497518507953,0.8468882460693318));
#7897=STYLED_ITEM('',(#25),#7898);
#7898=FACE_SURFACE('',(#7903),#7899,.T.);
#7899=PLANE('',#7900);
#7900=AXIS2_PLACEMENT_3D('',#435,#7901,#7902);
#7901=DIRECTION('',(0.00012705601396612422,-0.9975704241245632,-0.06966514744625346));
#7902=DIRECTION('',(-0.5284793713821698,0.05907497518507953,-0.8468882460693318));
#7903=FACE_BOUND('',#7904,.T.);
#7904=EDGE_LOOP('',(#7905,#7906,#7907));
#7905=ORIENTED_EDGE('',*,*,#7908,.T.);
#7906=ORIENTED_EDGE('',*,*,#7909,.T.);
#7907=ORIENTED_EDGE('',*,*,#7910,.T.);
#7908=EDGE_CURVE('',#436,#336,#7911,.F.);
#7909=EDGE_CURVE('',#336,#332,#7912,.T.);
#7910=EDGE_CURVE('',#332,#436,#7913,.T.);
#7911=LINE('',#435,#7914);
#7912=LINE('',#335,#7915);
#7913=LINE('',#331,#7916);
#7914=VECTOR('',#7917,1.0);
#7915=VECTOR('',#7918,1.0);
#7916=VECTOR('',#7919,1.0);
#7917=DIRECTION('',(-0.5284793713821698,0.05907497518507953,-0.8468882460693318));
#7918=DIRECTION('',(0.9998310564092048,-0.001153753814792942,0.01834468565520778));
#7919=DIRECTION('',(0.4984034365443225,-0.06033269560214159,0.8648433270148927));
#7920=STYLED_ITEM('',(#25),#7921);
#7921=FACE_SURFACE('',(#7926),#7922,.T.);
#7922=PLANE('',#7923);
#7923=AXIS2_PLACEMENT_3D('',#331,#7924,#7925);
#7924=DIRECTION('',(0.00014111850645255847,-0.9975698590049756,-0.06967321214326352));
#7925=DIRECTION('',(0.9988635874722746,0.003461268803387902,-0.047534758233193856));
#7926=FACE_BOUND('',#7927,.T.);
#7927=EDGE_LOOP('',(#7928,#7929,#7930));
#7928=ORIENTED_EDGE('',*,*,#7931,.T.);
#7929=ORIENTED_EDGE('',*,*,#7932,.T.);
#7930=ORIENTED_EDGE('',*,*,#7933,.T.);
#7931=EDGE_CURVE('',#332,#328,#7934,.F.);
#7932=EDGE_CURVE('',#328,#436,#7935,.T.);
#7933=EDGE_CURVE('',#436,#332,#7936,.T.);
#7934=LINE('',#331,#7937);
#7935=LINE('',#327,#7938);
#7936=LINE('',#435,#7939);
#7937=VECTOR('',#7940,1.0);
#7938=VECTOR('',#7941,1.0);
#7939=VECTOR('',#7942,1.0);
#7940=DIRECTION('',(0.9988635874722746,0.003461268803387902,-0.047534758233193856));
#7941=DIRECTION('',(0.46522850521136244,-0.061608581655714534,0.8830440649283435));
#7942=DIRECTION('',(-0.4984034365443225,0.06033269560214159,-0.8648433270148927));
#7943=STYLED_ITEM('',(#25),#7944);
#7944=FACE_SURFACE('',(#7949),#7945,.T.);
#7945=PLANE('',#7946);
#7946=AXIS2_PLACEMENT_3D('',#435,#7947,#7948);
#7947=DIRECTION('',(0.00010027502179158836,-0.9975713593020985,-0.06965179857752016));
#7948=DIRECTION('',(-0.46522850521136244,0.061608581655714534,-0.8830440649283435));
#7949=FACE_BOUND('',#7950,.T.);
#7950=EDGE_LOOP('',(#7951,#7952,#7953));
#7951=ORIENTED_EDGE('',*,*,#7954,.T.);
#7952=ORIENTED_EDGE('',*,*,#7955,.T.);
#7953=ORIENTED_EDGE('',*,*,#7956,.T.);
#7954=EDGE_CURVE('',#436,#328,#7957,.F.);
#7955=EDGE_CURVE('',#328,#324,#7958,.T.);
#7956=EDGE_CURVE('',#324,#436,#7959,.T.);
#7957=LINE('',#435,#7960);
#7958=LINE('',#327,#7961);
#7959=LINE('',#323,#7962);
#7960=VECTOR('',#7963,1.0);
#7961=VECTOR('',#7964,1.0);
#7962=VECTOR('',#7965,1.0);
#7963=DIRECTION('',(-0.46522850521136244,0.061608581655714534,-0.8830440649283435));
#7964=DIRECTION('',(0.993515571380668,0.008018519619891352,-0.11341301850867912));
#7965=DIRECTION('',(0.429217342013767,-0.06286665558233472,0.9010106863575643));
#7966=STYLED_ITEM('',(#25),#7967);
#7967=FACE_SURFACE('',(#7972),#7968,.T.);
#7968=PLANE('',#7969);
#7969=AXIS2_PLACEMENT_3D('',#435,#7970,#7971);
#7970=DIRECTION('',(0.0001605033554981694,-0.9975693575149673,-0.06968035006978861));
#7971=DIRECTION('',(-0.429217342013767,0.06286665558233472,-0.9010106863575643));
#7972=FACE_BOUND('',#7973,.T.);
#7973=EDGE_LOOP('',(#7974,#7975,#7976));
#7974=ORIENTED_EDGE('',*,*,#7977,.T.);
#7975=ORIENTED_EDGE('',*,*,#7978,.T.);
#7976=ORIENTED_EDGE('',*,*,#7979,.T.);
#7977=EDGE_CURVE('',#436,#324,#7980,.F.);
#7978=EDGE_CURVE('',#324,#320,#7981,.T.);
#7979=EDGE_CURVE('',#320,#436,#7982,.T.);
#7980=LINE('',#435,#7983);
#7981=LINE('',#323,#7984);
#7982=LINE('',#319,#7985);
#7983=VECTOR('',#7986,1.0);
#7984=VECTOR('',#7987,1.0);
#7985=VECTOR('',#7988,1.0);
#7986=DIRECTION('',(-0.429217342013767,0.06286665558233472,-0.9010106863575643));
#7987=DIRECTION('',(0.9838405139992944,0.01263358171410703,-0.1786007716295679));
#7988=DIRECTION('',(0.39079174180214943,-0.0640767372197685,0.9182461468944538));
#7989=STYLED_ITEM('',(#25),#7990);
#7990=FACE_SURFACE('',(#7995),#7991,.T.);
#7991=PLANE('',#7992);
#7992=AXIS2_PLACEMENT_3D('',#435,#7993,#7994);
#7993=DIRECTION('',(0.0001308119092516798,-0.9975702401111524,-0.06966777542610454));
#7994=DIRECTION('',(-0.39079174180214943,0.0640767372197685,-0.9182461468944538));
#7995=FACE_BOUND('',#7996,.T.);
#7996=EDGE_LOOP('',(#7997,#7998,#7999));
#7997=ORIENTED_EDGE('',*,*,#8000,.T.);
#7998=ORIENTED_EDGE('',*,*,#8001,.T.);
#7999=ORIENTED_EDGE('',*,*,#8002,.T.);
#8000=EDGE_CURVE('',#436,#320,#8003,.F.);
#8001=EDGE_CURVE('',#320,#432,#8004,.T.);
#8002=EDGE_CURVE('',#432,#436,#8005,.T.);
#8003=LINE('',#435,#8006);
#8004=LINE('',#319,#8007);
#8005=LINE('',#431,#8008);
#8006=VECTOR('',#8009,1.0);
#8007=VECTOR('',#8010,1.0);
#8008=VECTOR('',#8011,1.0);
#8009=DIRECTION('',(-0.39079174180214943,0.0640767372197685,-0.9182461468944538));
#8010=DIRECTION('',(0.9483087675924223,-0.021985258956834106,0.3165866859107344));
#8011=DIRECTION('',(-0.6493999237030289,-0.053063398329227456,0.7585934450364399));
#8012=STYLED_ITEM('',(#25),#8013);
#8013=FACE_SURFACE('',(#8018),#8014,.T.);
#8014=PLANE('',#8015);
#8015=AXIS2_PLACEMENT_3D('',#431,#8016,#8017);
#8016=DIRECTION('',(0.00011860930005508947,-0.9975727813368783,-0.06963140001205372));
#8017=DIRECTION('',(-0.9483087675924223,0.021985258956834106,-0.3165866859107344));
#8018=FACE_BOUND('',#8019,.T.);
#8019=EDGE_LOOP('',(#8020,#8021,#8022));
#8020=ORIENTED_EDGE('',*,*,#8023,.T.);
#8021=ORIENTED_EDGE('',*,*,#8024,.T.);
#8022=ORIENTED_EDGE('',*,*,#8025,.T.);
#8023=EDGE_CURVE('',#432,#320,#8026,.F.);
#8024=EDGE_CURVE('',#320,#316,#8027,.T.);
#8025=EDGE_CURVE('',#316,#432,#8028,.T.);
#8026=LINE('',#431,#8029);
#8027=LINE('',#319,#8030);
#8028=LINE('',#315,#8031);
#8029=VECTOR('',#8032,1.0);
#8030=VECTOR('',#8033,1.0);
#8031=VECTOR('',#8034,1.0);
#8032=DIRECTION('',(-0.9483087675924223,0.021985258956834106,-0.3165866859107344));
#8033=DIRECTION('',(0.969879531713319,0.017075926280192395,-0.24298581585192694));
#8034=DIRECTION('',(0.9399727766149055,-0.023650456144350452,0.34042889881299593));
#8035=STYLED_ITEM('',(#25),#8036);
#8036=FACE_SURFACE('',(#8041),#8037,.T.);
#8037=PLANE('',#8038);
#8038=AXIS2_PLACEMENT_3D('',#431,#8039,#8040);
#8039=DIRECTION('',(0.00015435993926817186,-0.9975659146614443,-0.06972963558405502));
#8040=DIRECTION('',(-0.9399727766149055,0.023650456144350452,-0.34042889881299593));
#8041=FACE_BOUND('',#8042,.T.);
#8042=EDGE_LOOP('',(#8043,#8044,#8045));
#8043=ORIENTED_EDGE('',*,*,#8046,.T.);
#8044=ORIENTED_EDGE('',*,*,#8047,.T.);
#8045=ORIENTED_EDGE('',*,*,#8048,.T.);
#8046=EDGE_CURVE('',#432,#316,#8049,.F.);
#8047=EDGE_CURVE('',#316,#312,#8050,.T.);
#8048=EDGE_CURVE('',#312,#432,#8051,.T.);
#8049=LINE('',#431,#8052);
#8050=LINE('',#315,#8053);
#8051=LINE('',#311,#8054);
#8052=VECTOR('',#8055,1.0);
#8053=VECTOR('',#8056,1.0);
#8054=VECTOR('',#8057,1.0);
#8055=DIRECTION('',(-0.9399727766149055,0.023650456144350452,-0.34042889881299593));
#8056=DIRECTION('',(0.9516115512959659,0.0215746936618099,-0.30654524630710644));
#8057=DIRECTION('',(0.9293406678809064,-0.025602708068628702,0.3683346635360612));
#8058=STYLED_ITEM('',(#25),#8059);
#8059=FACE_SURFACE('',(#8064),#8060,.T.);
#8060=PLANE('',#8061);
#8061=AXIS2_PLACEMENT_3D('',#311,#8062,#8063);
#8062=DIRECTION('',(0.00012302383501628666,-0.9975714157099685,-0.06965095421848229));
#8063=DIRECTION('',(0.9292625443888433,0.025844497067415876,-0.3685148376487782));
#8064=FACE_BOUND('',#8065,.T.);
#8065=EDGE_LOOP('',(#8066,#8067,#8068));
#8066=ORIENTED_EDGE('',*,*,#8069,.T.);
#8067=ORIENTED_EDGE('',*,*,#8070,.T.);
#8068=ORIENTED_EDGE('',*,*,#8071,.T.);
#8069=EDGE_CURVE('',#312,#308,#8072,.F.);
#8070=EDGE_CURVE('',#308,#432,#8073,.T.);
#8071=EDGE_CURVE('',#432,#312,#8074,.T.);
#8072=LINE('',#311,#8075);
#8073=LINE('',#307,#8076);
#8074=LINE('',#431,#8077);
#8075=VECTOR('',#8078,1.0);
#8076=VECTOR('',#8079,1.0);
#8077=VECTOR('',#8080,1.0);
#8078=DIRECTION('',(0.9292625443888433,0.025844497067415876,-0.3685148376487782));
#8079=DIRECTION('',(0.915975742175447,-0.027833892329326683,0.40026705358290293));
#8080=DIRECTION('',(-0.9293406678809064,0.025602708068628702,-0.3683346635360612));
#8081=STYLED_ITEM('',(#25),#8082);
#8082=FACE_SURFACE('',(#8087),#8083,.T.);
#8083=PLANE('',#8084);
#8084=AXIS2_PLACEMENT_3D('',#431,#8085,#8086);
#8085=DIRECTION('',(0.00011950097780598752,-0.9975719762595664,-0.06964293145107765));
#8086=DIRECTION('',(-0.915975742175447,0.027833892329326683,-0.40026705358290293));
#8087=FACE_BOUND('',#8088,.T.);
#8088=EDGE_LOOP('',(#8089,#8090,#8091));
#8089=ORIENTED_EDGE('',*,*,#8092,.T.);
#8090=ORIENTED_EDGE('',*,*,#8093,.T.);
#8091=ORIENTED_EDGE('',*,*,#8094,.T.);
#8092=EDGE_CURVE('',#432,#308,#8095,.F.);
#8093=EDGE_CURVE('',#308,#304,#8096,.T.);
#8094=EDGE_CURVE('',#304,#432,#8097,.T.);
#8095=LINE('',#431,#8098);
#8096=LINE('',#307,#8099);
#8097=LINE('',#303,#8100);
#8098=VECTOR('',#8101,1.0);
#8099=VECTOR('',#8102,1.0);
#8100=VECTOR('',#8103,1.0);
#8101=DIRECTION('',(-0.915975742175447,0.027833892329326683,-0.40026705358290293));
#8102=DIRECTION('',(0.902816537541331,0.030055891068380292,-0.42897429171684426));
#8103=DIRECTION('',(0.8994205130428875,-0.03033261499037485,0.43603058744257217));
#8104=STYLED_ITEM('',(#25),#8105);
#8105=FACE_SURFACE('',(#8110),#8106,.T.);
#8106=PLANE('',#8107);
#8107=AXIS2_PLACEMENT_3D('',#431,#8108,#8109);
#8108=DIRECTION('',(0.00014995509733260057,-0.9975676058469554,-0.0697054465464651));
#8109=DIRECTION('',(-0.8994205130428875,0.03033261499037485,-0.43603058744257217));
#8110=FACE_BOUND('',#8111,.T.);
#8111=EDGE_LOOP('',(#8112,#8113,#8114));
#8112=ORIENTED_EDGE('',*,*,#8115,.T.);
#8113=ORIENTED_EDGE('',*,*,#8116,.T.);
#8114=ORIENTED_EDGE('',*,*,#8117,.T.);
#8115=EDGE_CURVE('',#432,#304,#8118,.F.);
#8116=EDGE_CURVE('',#304,#300,#8119,.T.);
#8117=EDGE_CURVE('',#300,#432,#8120,.T.);
#8118=LINE('',#431,#8121);
#8119=LINE('',#303,#8122);
#8120=LINE('',#299,#8123);
#8121=VECTOR('',#8124,1.0);
#8122=VECTOR('',#8125,1.0);
#8123=VECTOR('',#8126,1.0);
#8124=DIRECTION('',(-0.8994205130428875,0.03033261499037485,-0.43603058744257217));
#8125=DIRECTION('',(0.8723587090080954,0.03420714102983304,-0.48766807802058776));
#8126=DIRECTION('',(0.8792487983509987,-0.033073556099219574,0.47521331050937177));
#8127=STYLED_ITEM('',(#25),#8128);
#8128=FACE_SURFACE('',(#8133),#8129,.T.);
#8129=PLANE('',#8130);
#8130=AXIS2_PLACEMENT_3D('',#299,#8131,#8132);
#8131=DIRECTION('',(0.00011535127566629985,-0.9975720604893794,-0.06964173192172136));
#8132=DIRECTION('',(0.8382137937286307,0.03807499863921373,-0.5440109654057356));
#8133=FACE_BOUND('',#8134,.T.);
#8134=EDGE_LOOP('',(#8135,#8136,#8137));
#8135=ORIENTED_EDGE('',*,*,#8138,.T.);
#8136=ORIENTED_EDGE('',*,*,#8139,.T.);
#8137=ORIENTED_EDGE('',*,*,#8140,.T.);
#8138=EDGE_CURVE('',#300,#296,#8141,.F.);
#8139=EDGE_CURVE('',#296,#432,#8142,.T.);
#8140=EDGE_CURVE('',#432,#300,#8143,.T.);
#8141=LINE('',#299,#8144);
#8142=LINE('',#295,#8145);
#8143=LINE('',#431,#8146);
#8144=VECTOR('',#8147,1.0);
#8145=VECTOR('',#8148,1.0);
#8146=VECTOR('',#8149,1.0);
#8147=DIRECTION('',(0.8382137937286307,0.03807499863921373,-0.5440109654057356));
#8148=DIRECTION('',(0.8551437962432283,-0.03600323472663705,0.5171391058853881));
#8149=DIRECTION('',(-0.8792487983509987,0.033073556099219574,-0.47521331050937177));
#8150=STYLED_ITEM('',(#25),#8151);
#8151=FACE_SURFACE('',(#8156),#8152,.T.);
#8152=PLANE('',#8153);
#8153=AXIS2_PLACEMENT_3D('',#431,#8154,#8155);
#8154=DIRECTION('',(0.00013442222509752743,-0.9975698667139925,-0.06967311500781886));
#8155=DIRECTION('',(-0.8551437962432283,0.03600323472663705,-0.5171391058853881));
#8156=FACE_BOUND('',#8157,.T.);
#8157=EDGE_LOOP('',(#8158,#8159,#8160));
#8158=ORIENTED_EDGE('',*,*,#8161,.T.);
#8159=ORIENTED_EDGE('',*,*,#8162,.T.);
#8160=ORIENTED_EDGE('',*,*,#8163,.T.);
#8161=EDGE_CURVE('',#432,#296,#8164,.F.);
#8162=EDGE_CURVE('',#296,#292,#8165,.T.);
#8163=EDGE_CURVE('',#292,#432,#8166,.T.);
#8164=LINE('',#431,#8167);
#8165=LINE('',#295,#8168);
#8166=LINE('',#291,#8169);
#8167=VECTOR('',#8170,1.0);
#8168=VECTOR('',#8171,1.0);
#8169=VECTOR('',#8172,1.0);
#8170=DIRECTION('',(-0.8551437962432283,0.03600323472663705,-0.5171391058853881));
#8171=DIRECTION('',(0.8003187413423438,0.04188156123566753,-0.5981102298779627));
#8172=DIRECTION('',(0.8269565469099552,-0.03906392059051369,0.560907193420499));
#8173=STYLED_ITEM('',(#25),#8174);
#8174=FACE_SURFACE('',(#8179),#8175,.T.);
#8175=PLANE('',#8176);
#8176=AXIS2_PLACEMENT_3D('',#431,#8177,#8178);
#8177=DIRECTION('',(0.00012761148243975817,-0.9975705654661738,-0.06966312245950396));
#8178=DIRECTION('',(-0.8269565469099552,0.03906392059051369,-0.560907193420499));
#8179=FACE_BOUND('',#8180,.T.);
#8180=EDGE_LOOP('',(#8181,#8182,#8183));
#8181=ORIENTED_EDGE('',*,*,#8184,.T.);
#8182=ORIENTED_EDGE('',*,*,#8185,.T.);
#8183=ORIENTED_EDGE('',*,*,#8186,.T.);
#8184=EDGE_CURVE('',#432,#292,#8187,.F.);
#8185=EDGE_CURVE('',#292,#288,#8188,.T.);
#8186=EDGE_CURVE('',#288,#432,#8189,.T.);
#8187=LINE('',#431,#8190);
#8188=LINE('',#291,#8191);
#8189=LINE('',#287,#8192);
#8190=VECTOR('',#8193,1.0);
#8191=VECTOR('',#8194,1.0);
#8192=VECTOR('',#8195,1.0);
#8193=DIRECTION('',(-0.8269565469099552,0.03906392059051369,-0.560907193420499));
#8194=DIRECTION('',(0.7589419674546715,0.04545833245564793,-0.6495695729068474));
#8195=DIRECTION('',(0.7947980886909326,-0.04217555549560729,0.6054066573237177));
#8196=STYLED_ITEM('',(#25),#8197);
#8197=FACE_SURFACE('',(#8202),#8198,.T.);
#8198=PLANE('',#8199);
#8199=AXIS2_PLACEMENT_3D('',#287,#8200,#8201);
#8200=DIRECTION('',(0.0001332657264813209,-0.9975700488383752,-0.06967050954922081));
#8201=DIRECTION('',(0.714210939152337,0.048859464596614666,-0.6982230926533931));
#8202=FACE_BOUND('',#8203,.T.);
#8203=EDGE_LOOP('',(#8204,#8205,#8206));
#8204=ORIENTED_EDGE('',*,*,#8207,.T.);
#8205=ORIENTED_EDGE('',*,*,#8208,.T.);
#8206=ORIENTED_EDGE('',*,*,#8209,.T.);
#8207=EDGE_CURVE('',#288,#284,#8210,.F.);
#8208=EDGE_CURVE('',#284,#432,#8211,.T.);
#8209=EDGE_CURVE('',#432,#288,#8212,.T.);
#8210=LINE('',#287,#8213);
#8211=LINE('',#283,#8214);
#8212=LINE('',#431,#8215);
#8213=VECTOR('',#8216,1.0);
#8214=VECTOR('',#8217,1.0);
#8215=VECTOR('',#8218,1.0);
#8216=DIRECTION('',(0.714210939152337,0.048859464596614666,-0.6982230926533931));
#8217=DIRECTION('',(0.75908261006711,-0.04525419123244191,0.6494194709658786));
#8218=DIRECTION('',(-0.7947980886909326,0.04217555549560729,-0.6054066573237177));
#8219=STYLED_ITEM('',(#25),#8220);
#8220=FACE_SURFACE('',(#8225),#8221,.T.);
#8221=PLANE('',#8222);
#8222=AXIS2_PLACEMENT_3D('',#431,#8223,#8224);
#8223=DIRECTION('',(0.00013613768574949098,-0.9975698151337605,-0.06967385019162678));
#8224=DIRECTION('',(-0.75908261006711,0.04525419123244191,-0.6494194709658786));
#8225=FACE_BOUND('',#8226,.T.);
#8226=EDGE_LOOP('',(#8227,#8228,#8229));
#8227=ORIENTED_EDGE('',*,*,#8230,.T.);
#8228=ORIENTED_EDGE('',*,*,#8231,.T.);
#8229=ORIENTED_EDGE('',*,*,#8232,.T.);
#8230=EDGE_CURVE('',#432,#284,#8233,.F.);
#8231=EDGE_CURVE('',#284,#280,#8234,.T.);
#8232=EDGE_CURVE('',#280,#432,#8235,.T.);
#8233=LINE('',#431,#8236);
#8234=LINE('',#283,#8237);
#8235=LINE('',#279,#8238);
#8236=VECTOR('',#8239,1.0);
#8237=VECTOR('',#8240,1.0);
#8238=VECTOR('',#8241,1.0);
#8239=DIRECTION('',(-0.75908261006711,0.04525419123244191,-0.6494194709658786));
#8240=DIRECTION('',(0.6664456797921336,0.05203609713886945,-0.7437354371555487));
#8241=DIRECTION('',(0.7205427117271322,-0.04821472859998088,0.6917322751780063));
#8242=STYLED_ITEM('',(#25),#8243);
#8243=FACE_SURFACE('',(#8248),#8244,.T.);
#8244=PLANE('',#8245);
#8245=AXIS2_PLACEMENT_3D('',#431,#8246,#8247);
#8246=DIRECTION('',(0.00013031384815365775,-0.9975702375358597,-0.0696678132350162));
#8247=DIRECTION('',(-0.7205427117271322,0.04821472859998088,-0.6917322751780063));
#8248=FACE_BOUND('',#8249,.T.);
#8249=EDGE_LOOP('',(#8250,#8251,#8252));
#8250=ORIENTED_EDGE('',*,*,#8253,.T.);
#8251=ORIENTED_EDGE('',*,*,#8254,.T.);
#8252=ORIENTED_EDGE('',*,*,#8255,.T.);
#8253=EDGE_CURVE('',#432,#280,#8256,.F.);
#8254=EDGE_CURVE('',#280,#276,#8257,.T.);
#8255=EDGE_CURVE('',#276,#432,#8258,.T.);
#8256=LINE('',#431,#8259);
#8257=LINE('',#279,#8260);
#8258=LINE('',#275,#8261);
#8259=VECTOR('',#8262,1.0);
#8260=VECTOR('',#8263,1.0);
#8261=VECTOR('',#8264,1.0);
#8262=DIRECTION('',(-0.7205427117271322,0.04821472859998088,-0.6917322751780063));
#8263=DIRECTION('',(0.6156970574296179,0.054977088255549304,-0.7860627540085151));
#8264=DIRECTION('',(0.6801609446723712,-0.050982464248023364,0.7312878213682944));
#8265=STYLED_ITEM('',(#25),#8266);
#8266=FACE_SURFACE('',(#8271),#8267,.T.);
#8267=PLANE('',#8268);
#8268=AXIS2_PLACEMENT_3D('',#275,#8269,#8270);
#8269=DIRECTION('',(0.0001264544266584186,-0.9975704874975275,-0.06966424106543814));
#8270=DIRECTION('',(0.562214705063218,0.0576826439816828,-0.8249771742260275));
#8271=FACE_BOUND('',#8272,.T.);
#8272=EDGE_LOOP('',(#8273,#8274,#8275));
#8273=ORIENTED_EDGE('',*,*,#8276,.T.);
#8274=ORIENTED_EDGE('',*,*,#8277,.T.);
#8275=ORIENTED_EDGE('',*,*,#8278,.T.);
#8276=EDGE_CURVE('',#276,#272,#8279,.F.);
#8277=EDGE_CURVE('',#272,#432,#8280,.T.);
#8278=EDGE_CURVE('',#432,#276,#8281,.T.);
#8279=LINE('',#275,#8282);
#8280=LINE('',#271,#8283);
#8281=LINE('',#431,#8284);
#8282=VECTOR('',#8285,1.0);
#8283=VECTOR('',#8286,1.0);
#8284=VECTOR('',#8287,1.0);
#8285=DIRECTION('',(0.562214705063218,0.0576826439816828,-0.8249771742260275));
#8286=DIRECTION('',(0.6390771589578992,-0.053501119907166036,0.7672796198694314));
#8287=DIRECTION('',(-0.6801609446723712,0.050982464248023364,-0.7312878213682944));
#8288=STYLED_ITEM('',(#25),#8289);
#8289=FACE_SURFACE('',(#8294),#8290,.T.);
#8290=PLANE('',#8291);
#8291=AXIS2_PLACEMENT_3D('',#431,#8292,#8293);
#8292=DIRECTION('',(0.00011063126227221221,-0.9975714051858847,-0.06965112573521662));
#8293=DIRECTION('',(-0.6390771589578992,0.053501119907166036,-0.7672796198694314));
#8294=FACE_BOUND('',#8295,.T.);
#8295=EDGE_LOOP('',(#8296,#8297,#8298));
#8296=ORIENTED_EDGE('',*,*,#8299,.T.);
#8297=ORIENTED_EDGE('',*,*,#8300,.T.);
#8298=ORIENTED_EDGE('',*,*,#8301,.T.);
#8299=EDGE_CURVE('',#432,#272,#8302,.F.);
#8300=EDGE_CURVE('',#272,#268,#8303,.T.);
#8301=EDGE_CURVE('',#268,#432,#8304,.T.);
#8302=LINE('',#431,#8305);
#8303=LINE('',#271,#8306);
#8304=LINE('',#267,#8307);
#8305=VECTOR('',#8308,1.0);
#8306=VECTOR('',#8309,1.0);
#8307=VECTOR('',#8310,1.0);
#8308=DIRECTION('',(-0.6390771589578992,0.053501119907166036,-0.7672796198694314));
#8309=DIRECTION('',(0.5064201281551503,0.060115141585412826,-0.8601888301713102));
#8310=DIRECTION('',(0.5984703262822659,-0.05573460069977963,0.7992039306988138));
#8311=STYLED_ITEM('',(#25),#8312);
#8312=FACE_SURFACE('',(#8317),#8313,.T.);
#8313=PLANE('',#8314);
#8314=AXIS2_PLACEMENT_3D('',#431,#8315,#8316);
#8315=DIRECTION('',(0.0001544577121032205,-0.9975691185355913,-0.06968378496421501));
#8316=DIRECTION('',(-0.5984703262822659,0.05573460069977963,-0.7992039306988138));
#8317=FACE_BOUND('',#8318,.T.);
#8318=EDGE_LOOP('',(#8319,#8320,#8321));
#8319=ORIENTED_EDGE('',*,*,#8322,.T.);
#8320=ORIENTED_EDGE('',*,*,#8323,.T.);
#8321=ORIENTED_EDGE('',*,*,#8324,.T.);
#8322=EDGE_CURVE('',#432,#268,#8325,.F.);
#8323=EDGE_CURVE('',#268,#264,#8326,.T.);
#8324=EDGE_CURVE('',#264,#432,#8327,.T.);
#8325=LINE('',#431,#8328);
#8326=LINE('',#267,#8329);
#8327=LINE('',#263,#8330);
#8328=VECTOR('',#8331,1.0);
#8329=VECTOR('',#8332,1.0);
#8330=VECTOR('',#8333,1.0);
#8331=DIRECTION('',(-0.5984703262822659,0.05573460069977963,-0.7992039306988138));
#8332=DIRECTION('',(0.44827394981383445,0.0623591441260324,-0.8917184550418212));
#8333=DIRECTION('',(0.5594084768209713,-0.05767414610623394,0.8268832135989687));
#8334=STYLED_ITEM('',(#25),#8335);
#8335=FACE_SURFACE('',(#8340),#8336,.T.);
#8336=PLANE('',#8337);
#8337=AXIS2_PLACEMENT_3D('',#263,#8338,#8339);
#8338=DIRECTION('',(0.0001414221677730754,-0.9975697334652044,-0.06967500896255172));
#8339=DIRECTION('',(0.3882290859772302,0.06426467454326758,-0.919319437631519));
#8340=FACE_BOUND('',#8341,.T.);
#8341=EDGE_LOOP('',(#8342,#8343,#8344));
#8342=ORIENTED_EDGE('',*,*,#8345,.T.);
#8343=ORIENTED_EDGE('',*,*,#8346,.T.);
#8344=ORIENTED_EDGE('',*,*,#8347,.T.);
#8345=EDGE_CURVE('',#264,#260,#8348,.F.);
#8346=EDGE_CURVE('',#260,#432,#8349,.T.);
#8347=EDGE_CURVE('',#432,#264,#8350,.T.);
#8348=LINE('',#263,#8351);
#8349=LINE('',#259,#8352);
#8350=LINE('',#431,#8353);
#8351=VECTOR('',#8354,1.0);
#8352=VECTOR('',#8355,1.0);
#8353=VECTOR('',#8356,1.0);
#8354=DIRECTION('',(0.3882290859772302,0.06426467454326758,-0.919319437631519));
#8355=DIRECTION('',(0.5227884111362208,-0.059321577004638214,0.8503959240749855));
#8356=DIRECTION('',(-0.5594084768209713,0.05767414610623394,-0.8268832135989687));
#8357=STYLED_ITEM('',(#25),#8358);
#8358=FACE_SURFACE('',(#8363),#8359,.T.);
#8359=PLANE('',#8360);
#8360=AXIS2_PLACEMENT_3D('',#431,#8361,#8362);
#8361=DIRECTION('',(0.00011064799515193593,-0.9975710521214965,-0.06965618225420962));
#8362=DIRECTION('',(-0.5227884111362208,0.059321577004638214,-0.8503959240749855));
#8363=FACE_BOUND('',#8364,.T.);
#8364=EDGE_LOOP('',(#8365,#8366,#8367));
#8365=ORIENTED_EDGE('',*,*,#8368,.T.);
#8366=ORIENTED_EDGE('',*,*,#8369,.T.);
#8367=ORIENTED_EDGE('',*,*,#8370,.T.);
#8368=EDGE_CURVE('',#432,#260,#8371,.F.);
#8369=EDGE_CURVE('',#260,#256,#8372,.T.);
#8370=EDGE_CURVE('',#256,#432,#8373,.T.);
#8371=LINE('',#431,#8374);
#8372=LINE('',#259,#8375);
#8373=LINE('',#255,#8376);
#8374=VECTOR('',#8377,1.0);
#8375=VECTOR('',#8378,1.0);
#8376=VECTOR('',#8379,1.0);
#8377=DIRECTION('',(-0.5227884111362208,0.059321577004638214,-0.8503959240749855));
#8378=DIRECTION('',(0.3264533276201569,0.06587598548039865,-0.9429149375329213));
#8379=DIRECTION('',(0.4892720190750902,-0.06069532704828625,0.870016648475583));
#8380=STYLED_ITEM('',(#25),#8381);
#8381=FACE_SURFACE('',(#8386),#8382,.T.);
#8382=PLANE('',#8383);
#8383=AXIS2_PLACEMENT_3D('',#431,#8384,#8385);
#8384=DIRECTION('',(0.00015786137934804684,-0.9975692004611845,-0.06968260450799645));
#8385=DIRECTION('',(-0.4892720190750902,0.06069532704828625,-0.870016648475583));
#8386=FACE_BOUND('',#8387,.T.);
#8387=EDGE_LOOP('',(#8388,#8389,#8390));
#8388=ORIENTED_EDGE('',*,*,#8391,.T.);
#8389=ORIENTED_EDGE('',*,*,#8392,.T.);
#8390=ORIENTED_EDGE('',*,*,#8393,.T.);
#8391=EDGE_CURVE('',#432,#256,#8394,.F.);
#8392=EDGE_CURVE('',#256,#252,#8395,.T.);
#8393=EDGE_CURVE('',#252,#432,#8396,.T.);
#8394=LINE('',#431,#8397);
#8395=LINE('',#255,#8398);
#8396=LINE('',#251,#8399);
#8397=VECTOR('',#8400,1.0);
#8398=VECTOR('',#8401,1.0);
#8399=VECTOR('',#8402,1.0);
#8400=DIRECTION('',(-0.4892720190750902,0.06069532704828625,-0.870016648475583));
#8401=DIRECTION('',(0.2632926496131401,0.0672653876969591,-0.9623680939628402));
#8402=DIRECTION('',(0.45929281154493806,-0.06182567953696924,0.8861307457779231));
#8403=STYLED_ITEM('',(#25),#8404);
#8404=FACE_SURFACE('',(#8409),#8405,.T.);
#8405=PLANE('',#8406);
#8406=AXIS2_PLACEMENT_3D('',#431,#8407,#8408);
#8407=DIRECTION('',(0.00012959726671337977,-0.9975702227572437,-0.06966802618569942));
#8408=DIRECTION('',(-0.45929281154493806,0.06182567953696924,-0.8861307457779231));
#8409=FACE_BOUND('',#8410,.T.);
#8410=EDGE_LOOP('',(#8411,#8412,#8413));
#8411=ORIENTED_EDGE('',*,*,#8414,.T.);
#8412=ORIENTED_EDGE('',*,*,#8415,.T.);
#8413=ORIENTED_EDGE('',*,*,#8416,.T.);
#8414=EDGE_CURVE('',#432,#252,#8417,.F.);
#8415=EDGE_CURVE('',#252,#428,#8418,.T.);
#8416=EDGE_CURVE('',#428,#432,#8419,.T.);
#8417=LINE('',#431,#8420);
#8418=LINE('',#251,#8421);
#8419=LINE('',#427,#8422);
#8420=VECTOR('',#8423,1.0);
#8421=VECTOR('',#8424,1.0);
#8422=VECTOR('',#8425,1.0);
#8423=DIRECTION('',(-0.45929281154493806,0.06182567953696924,-0.8861307457779231));
#8424=DIRECTION('',(0.8994105377966897,0.03056851199826466,-0.43603468964576814));
#8425=DIRECTION('',(-0.7946745651046897,-0.04239371589045832,0.6055535553761298));
#8426=STYLED_ITEM('',(#25),#8427);
#8427=FACE_SURFACE('',(#8432),#8428,.T.);
#8428=PLANE('',#8429);
#8429=AXIS2_PLACEMENT_3D('',#427,#8430,#8431);
#8430=DIRECTION('',(0.0001608732387820024,-0.9975746996548498,-0.06960382696617652));
#8431=DIRECTION('',(-0.8994105377966897,-0.03056851199826466,0.43603468964576814));
#8432=FACE_BOUND('',#8433,.T.);
#8433=EDGE_LOOP('',(#8434,#8435,#8436));
#8434=ORIENTED_EDGE('',*,*,#8437,.T.);
#8435=ORIENTED_EDGE('',*,*,#8438,.T.);
#8436=ORIENTED_EDGE('',*,*,#8439,.T.);
#8437=EDGE_CURVE('',#428,#252,#8440,.F.);
#8438=EDGE_CURVE('',#252,#248,#8441,.T.);
#8439=EDGE_CURVE('',#248,#428,#8442,.T.);
#8440=LINE('',#427,#8443);
#8441=LINE('',#251,#8444);
#8442=LINE('',#247,#8445);
#8443=VECTOR('',#8446,1.0);
#8444=VECTOR('',#8447,1.0);
#8445=VECTOR('',#8448,1.0);
#8446=DIRECTION('',(-0.8994105377966897,-0.03056851199826466,0.43603468964576814));
#8447=DIRECTION('',(0.1989507472500306,0.06824434003014808,-0.9776304568815889));
#8448=DIRECTION('',(0.9028025011203759,0.030078384600401388,-0.42900225494818117));
#8449=STYLED_ITEM('',(#25),#8450);
#8450=FACE_SURFACE('',(#8455),#8451,.T.);
#8451=PLANE('',#8452);
#8452=AXIS2_PLACEMENT_3D('',#427,#8453,#8454);
#8453=DIRECTION('',(0.00010395359885857746,-0.997566383110435,-0.06972302691087252));
#8454=DIRECTION('',(-0.9028025011203759,-0.030078384600401388,0.42900225494818117));
#8455=FACE_BOUND('',#8456,.T.);
#8456=EDGE_LOOP('',(#8457,#8458,#8459));
#8457=ORIENTED_EDGE('',*,*,#8460,.T.);
#8458=ORIENTED_EDGE('',*,*,#8461,.T.);
#8459=ORIENTED_EDGE('',*,*,#8462,.T.);
#8460=EDGE_CURVE('',#428,#248,#8463,.F.);
#8461=EDGE_CURVE('',#248,#244,#8464,.T.);
#8462=EDGE_CURVE('',#244,#428,#8465,.T.);
#8463=LINE('',#427,#8466);
#8464=LINE('',#247,#8467);
#8465=LINE('',#243,#8468);
#8466=VECTOR('',#8469,1.0);
#8467=VECTOR('',#8470,1.0);
#8468=VECTOR('',#8471,1.0);
#8469=DIRECTION('',(-0.9028025011203759,-0.030078384600401388,0.42900225494818117));
#8470=DIRECTION('',(0.1337491657309934,0.06911045089347652,-0.9886025016373181));
#8471=DIRECTION('',(0.9063356992914369,0.029556037591746378,-0.4215234760150109));
#8472=STYLED_ITEM('',(#25),#8473);
#8473=FACE_SURFACE('',(#8478),#8474,.T.);
#8474=PLANE('',#8475);
#8475=AXIS2_PLACEMENT_3D('',#243,#8476,#8477);
#8476=DIRECTION('',(0.00013141512665983221,-0.997570484953617,-0.06966426831216711));
#8477=DIRECTION('',(0.06795730094335936,0.0695121300981746,-0.9952637183268103));
#8478=FACE_BOUND('',#8479,.T.);
#8479=EDGE_LOOP('',(#8480,#8481,#8482));
#8480=ORIENTED_EDGE('',*,*,#8483,.T.);
#8481=ORIENTED_EDGE('',*,*,#8484,.T.);
#8482=ORIENTED_EDGE('',*,*,#8485,.T.);
#8483=EDGE_CURVE('',#244,#240,#8486,.F.);
#8484=EDGE_CURVE('',#240,#428,#8487,.T.);
#8485=EDGE_CURVE('',#428,#244,#8488,.T.);
#8486=LINE('',#243,#8489);
#8487=LINE('',#239,#8490);
#8488=LINE('',#427,#8491);
#8489=VECTOR('',#8492,1.0);
#8490=VECTOR('',#8493,1.0);
#8491=VECTOR('',#8494,1.0);
#8492=DIRECTION('',(0.06795730094335936,0.0695121300981746,-0.9952637183268103));
#8493=DIRECTION('',(0.9099814140457376,0.02900551579291228,-0.4136332991248494));
#8494=DIRECTION('',(-0.9063356992914369,-0.029556037591746378,0.4215234760150109));
#8495=STYLED_ITEM('',(#25),#8496);
#8496=FACE_SURFACE('',(#8501),#8497,.T.);
#8497=PLANE('',#8498);
#8498=AXIS2_PLACEMENT_3D('',#427,#8499,#8500);
#8499=DIRECTION('',(0.00014644375575435358,-0.9975727799647773,-0.06963136669326714));
#8500=DIRECTION('',(-0.9099814140457376,-0.02900551579291228,0.4136332991248494));
#8501=FACE_BOUND('',#8502,.T.);
#8502=EDGE_LOOP('',(#8503,#8504,#8505));
#8503=ORIENTED_EDGE('',*,*,#8506,.T.);
#8504=ORIENTED_EDGE('',*,*,#8507,.T.);
#8505=ORIENTED_EDGE('',*,*,#8508,.T.);
#8506=EDGE_CURVE('',#428,#240,#8509,.F.);
#8507=EDGE_CURVE('',#240,#236,#8510,.T.);
#8508=EDGE_CURVE('',#236,#428,#8511,.T.);
#8509=LINE('',#427,#8512);
#8510=LINE('',#239,#8513);
#8511=LINE('',#235,#8514);
#8512=VECTOR('',#8515,1.0);
#8513=VECTOR('',#8516,1.0);
#8514=VECTOR('',#8517,1.0);
#8515=DIRECTION('',(-0.9099814140457376,-0.02900551579291228,0.4136332991248494));
#8516=DIRECTION('',(0.0018722124169191015,0.06963151891293537,-0.9975710232332049));
#8517=DIRECTION('',(0.9137092339267081,0.0284294817277401,-0.40537291523455327));
#8518=STYLED_ITEM('',(#25),#8519);
#8519=FACE_SURFACE('',(#8524),#8520,.T.);
#8520=PLANE('',#8521);
#8521=AXIS2_PLACEMENT_3D('',#427,#8522,#8523);
#8522=DIRECTION('',(0.00013120399572439322,-0.9975703954867743,-0.06966554983542493));
#8523=DIRECTION('',(-0.9137092339267081,-0.0284294817277401,0.40537291523455327));
#8524=FACE_BOUND('',#8525,.T.);
#8525=EDGE_LOOP('',(#8526,#8527,#8528));
#8526=ORIENTED_EDGE('',*,*,#8529,.T.);
#8527=ORIENTED_EDGE('',*,*,#8530,.T.);
#8528=ORIENTED_EDGE('',*,*,#8531,.T.);
#8529=EDGE_CURVE('',#428,#236,#8532,.F.);
#8530=EDGE_CURVE('',#236,#232,#8533,.T.);
#8531=EDGE_CURVE('',#232,#428,#8534,.T.);
#8532=LINE('',#427,#8535);
#8533=LINE('',#235,#8536);
#8534=LINE('',#231,#8537);
#8535=VECTOR('',#8538,1.0);
#8536=VECTOR('',#8539,1.0);
#8537=VECTOR('',#8540,1.0);
#8538=DIRECTION('',(-0.9137092339267081,-0.0284294817277401,0.40537291523455327));
#8539=DIRECTION('',(-0.06422231119383404,0.06951332827043483,-0.995511623205721));
#8540=DIRECTION('',(0.9174887841939976,0.027830368803842515,-0.3967868463677473));
#8541=STYLED_ITEM('',(#25),#8542);
#8542=FACE_SURFACE('',(#8547),#8543,.T.);
#8543=PLANE('',#8544);
#8544=AXIS2_PLACEMENT_3D('',#231,#8545,#8546);
#8545=DIRECTION('',(0.00013354294845143298,-0.9975707710158551,-0.06966016782288961));
#8546=DIRECTION('',(-0.13003470952276686,0.06905139172439692,-0.9891020572318376));
#8547=FACE_BOUND('',#8548,.T.);
#8548=EDGE_LOOP('',(#8549,#8550,#8551));
#8549=ORIENTED_EDGE('',*,*,#8552,.T.);
#8550=ORIENTED_EDGE('',*,*,#8553,.T.);
#8551=ORIENTED_EDGE('',*,*,#8554,.T.);
#8552=EDGE_CURVE('',#232,#228,#8555,.F.);
#8553=EDGE_CURVE('',#228,#428,#8556,.T.);
#8554=EDGE_CURVE('',#428,#232,#8557,.T.);
#8555=LINE('',#231,#8558);
#8556=LINE('',#227,#8559);
#8557=LINE('',#427,#8560);
#8558=VECTOR('',#8561,1.0);
#8559=VECTOR('',#8562,1.0);
#8560=VECTOR('',#8563,1.0);
#8561=DIRECTION('',(-0.13003470952276686,0.06905139172439692,-0.9891020572318376));
#8562=DIRECTION('',(0.9212890977422099,0.027212065245684633,-0.38792512407217117));
#8563=DIRECTION('',(-0.9174887841939976,-0.027830368803842515,0.3967868463677473));
#8564=STYLED_ITEM('',(#25),#8565);
#8565=FACE_SURFACE('',(#8570),#8566,.T.);
#8566=PLANE('',#8567);
#8567=AXIS2_PLACEMENT_3D('',#427,#8568,#8569);
#8568=DIRECTION('',(0.0001303501066297396,-0.9975702444883094,-0.06966771361530565));
#8569=DIRECTION('',(-0.9212890977422099,-0.027212065245684633,0.38792512407217117));
#8570=FACE_BOUND('',#8571,.T.);
#8571=EDGE_LOOP('',(#8572,#8573,#8574));
#8572=ORIENTED_EDGE('',*,*,#8575,.T.);
#8573=ORIENTED_EDGE('',*,*,#8576,.T.);
#8574=ORIENTED_EDGE('',*,*,#8577,.T.);
#8575=EDGE_CURVE('',#428,#228,#8578,.F.);
#8576=EDGE_CURVE('',#228,#224,#8579,.T.);
#8577=EDGE_CURVE('',#224,#428,#8580,.T.);
#8578=LINE('',#427,#8581);
#8579=LINE('',#227,#8582);
#8580=LINE('',#223,#8583);
#8581=VECTOR('',#8584,1.0);
#8582=VECTOR('',#8585,1.0);
#8583=VECTOR('',#8586,1.0);
#8584=DIRECTION('',(-0.9212890977422099,-0.027212065245684633,0.38792512407217117));
#8585=DIRECTION('',(-0.19527766522448467,0.06830107851894332,-0.9783668004064853));
#8586=DIRECTION('',(0.925079816210495,0.026578188607422754,-0.3788415678490222));
#8587=STYLED_ITEM('',(#25),#8588);
#8588=FACE_SURFACE('',(#8593),#8589,.T.);
#8589=PLANE('',#8590);
#8590=AXIS2_PLACEMENT_3D('',#427,#8591,#8592);
#8591=DIRECTION('',(0.00012212281399631407,-0.9975688491358794,-0.06968770565699257));
#8592=DIRECTION('',(-0.925079816210495,-0.026578188607422754,0.3788415678490222));
#8593=FACE_BOUND('',#8594,.T.);
#8594=EDGE_LOOP('',(#8595,#8596,#8597));
#8595=ORIENTED_EDGE('',*,*,#8598,.T.);
#8596=ORIENTED_EDGE('',*,*,#8599,.T.);
#8597=ORIENTED_EDGE('',*,*,#8600,.T.);
#8598=EDGE_CURVE('',#428,#224,#8601,.F.);
#8599=EDGE_CURVE('',#224,#220,#8602,.T.);
#8600=EDGE_CURVE('',#220,#428,#8603,.T.);
#8601=LINE('',#427,#8604);
#8602=LINE('',#223,#8605);
#8603=LINE('',#219,#8606);
#8604=VECTOR('',#8607,1.0);
#8605=VECTOR('',#8608,1.0);
#8606=VECTOR('',#8609,1.0);
#8607=DIRECTION('',(-0.925079816210495,-0.026578188607422754,0.3788415678490222));
#8608=DIRECTION('',(-0.2596791392631428,0.06726543054137385,-0.963349420763638));
#8609=DIRECTION('',(0.9288314695581583,0.025932623766270434,-0.36959383136495844));
#8610=STYLED_ITEM('',(#25),#8611);
#8611=FACE_SURFACE('',(#8616),#8612,.T.);
#8612=PLANE('',#8613);
#8613=AXIS2_PLACEMENT_3D('',#219,#8614,#8615);
#8614=DIRECTION('',(0.00013500069168985768,-0.997571096776676,-0.06965549978711703));
#8615=DIRECTION('',(-0.32293182037219514,0.06588002391354698,-0.9441265073284676));
#8616=FACE_BOUND('',#8617,.T.);
#8617=EDGE_LOOP('',(#8618,#8619,#8620));
#8618=ORIENTED_EDGE('',*,*,#8621,.T.);
#8619=ORIENTED_EDGE('',*,*,#8622,.T.);
#8620=ORIENTED_EDGE('',*,*,#8623,.T.);
#8621=EDGE_CURVE('',#220,#216,#8624,.F.);
#8622=EDGE_CURVE('',#216,#428,#8625,.T.);
#8623=EDGE_CURVE('',#428,#220,#8626,.T.);
#8624=LINE('',#219,#8627);
#8625=LINE('',#215,#8628);
#8626=LINE('',#427,#8629);
#8627=VECTOR('',#8630,1.0);
#8628=VECTOR('',#8631,1.0);
#8629=VECTOR('',#8632,1.0);
#8630=DIRECTION('',(-0.32293182037219514,0.06588002391354698,-0.9441265073284676));
#8631=DIRECTION('',(0.9325165292296724,0.025280085477629794,-0.3602413635213054));
#8632=DIRECTION('',(-0.9288314695581583,-0.025932623766270434,0.36959383136495844));
#8633=STYLED_ITEM('',(#25),#8634);
#8634=FACE_SURFACE('',(#8639),#8635,.T.);
#8635=PLANE('',#8636);
#8636=AXIS2_PLACEMENT_3D('',#427,#8637,#8638);
#8637=DIRECTION('',(0.0001276330728408445,-0.997569772369227,-0.06967447857721881));
#8638=DIRECTION('',(-0.9325165292296724,-0.025280085477629794,0.3602413635213054));
#8639=FACE_BOUND('',#8640,.T.);
#8640=EDGE_LOOP('',(#8641,#8642,#8643));
#8641=ORIENTED_EDGE('',*,*,#8644,.T.);
#8642=ORIENTED_EDGE('',*,*,#8645,.T.);
#8643=ORIENTED_EDGE('',*,*,#8646,.T.);
#8644=EDGE_CURVE('',#428,#216,#8647,.F.);
#8645=EDGE_CURVE('',#216,#212,#8648,.T.);
#8646=EDGE_CURVE('',#212,#428,#8649,.T.);
#8647=LINE('',#427,#8650);
#8648=LINE('',#215,#8651);
#8649=LINE('',#211,#8652);
#8650=VECTOR('',#8653,1.0);
#8651=VECTOR('',#8654,1.0);
#8652=VECTOR('',#8655,1.0);
#8653=DIRECTION('',(-0.9325165292296724,-0.025280085477629794,0.3602413635213054));
#8654=DIRECTION('',(-0.384757691593861,0.06426178305513082,-0.9207779004721707));
#8655=DIRECTION('',(0.9361094479612395,0.024624316327620174,-0.3508457559713398));
#8656=STYLED_ITEM('',(#25),#8657);
#8657=FACE_SURFACE('',(#8662),#8658,.T.);
#8658=PLANE('',#8659);
#8659=AXIS2_PLACEMENT_3D('',#427,#8660,#8661);
#8660=DIRECTION('',(0.0001199163418349446,-0.9975683420758965,-0.06969496759464097));
#8661=DIRECTION('',(-0.9361094479612395,-0.024624316327620174,0.3508457559713398));
#8662=FACE_BOUND('',#8663,.T.);
#8663=EDGE_LOOP('',(#8664,#8665,#8666));
#8664=ORIENTED_EDGE('',*,*,#8667,.T.);
#8665=ORIENTED_EDGE('',*,*,#8668,.T.);
#8666=ORIENTED_EDGE('',*,*,#8669,.T.);
#8667=EDGE_CURVE('',#428,#212,#8670,.F.);
#8668=EDGE_CURVE('',#212,#208,#8671,.T.);
#8669=EDGE_CURVE('',#208,#428,#8672,.T.);
#8670=LINE('',#427,#8673);
#8671=LINE('',#211,#8674);
#8672=LINE('',#207,#8675);
#8673=VECTOR('',#8676,1.0);
#8674=VECTOR('',#8677,1.0);
#8675=VECTOR('',#8678,1.0);
#8676=DIRECTION('',(-0.9361094479612395,-0.024624316327620174,0.3508457559713398));
#8677=DIRECTION('',(-0.44494865195199373,0.06236252562532385,-0.8933821201052407));
#8678=DIRECTION('',(0.9395865953540563,0.02396977202871788,-0.3414710527407324));
#8679=STYLED_ITEM('',(#25),#8680);
#8680=FACE_SURFACE('',(#8685),#8681,.T.);
#8681=PLANE('',#8682);
#8682=AXIS2_PLACEMENT_3D('',#207,#8683,#8684);
#8683=DIRECTION('',(0.0001415678262502322,-0.9975724794389649,-0.06963568212164381));
#8684=DIRECTION('',(-0.5031329915147581,0.06010872895596625,-0.8621160789317808));
#8685=FACE_BOUND('',#8686,.T.);
#8686=EDGE_LOOP('',(#8687,#8688,#8689));
#8687=ORIENTED_EDGE('',*,*,#8690,.T.);
#8688=ORIENTED_EDGE('',*,*,#8691,.T.);
#8689=ORIENTED_EDGE('',*,*,#8692,.T.);
#8690=EDGE_CURVE('',#208,#204,#8693,.F.);
#8691=EDGE_CURVE('',#204,#428,#8694,.T.);
#8692=EDGE_CURVE('',#428,#208,#8695,.T.);
#8693=LINE('',#207,#8696);
#8694=LINE('',#203,#8697);
#8695=LINE('',#427,#8698);
#8696=VECTOR('',#8699,1.0);
#8697=VECTOR('',#8700,1.0);
#8698=VECTOR('',#8701,1.0);
#8699=DIRECTION('',(-0.5031329915147581,0.06010872895596625,-0.8621160789317808));
#8700=DIRECTION('',(0.9429280258883423,0.023321608231621827,-0.332178928566826));
#8701=DIRECTION('',(-0.9395865953540563,-0.02396977202871788,0.3414710527407324));
#8702=STYLED_ITEM('',(#25),#8703);
#8703=FACE_SURFACE('',(#8708),#8704,.T.);
#8704=PLANE('',#8705);
#8705=AXIS2_PLACEMENT_3D('',#427,#8706,#8707);
#8706=DIRECTION('',(0.00012871599896902401,-0.9975699463424321,-0.06967198566532254));
#8707=DIRECTION('',(-0.9429280258883423,-0.023321608231621827,0.332178928566826));
#8708=FACE_BOUND('',#8709,.T.);
#8709=EDGE_LOOP('',(#8710,#8711,#8712));
#8710=ORIENTED_EDGE('',*,*,#8713,.T.);
#8711=ORIENTED_EDGE('',*,*,#8714,.T.);
#8712=ORIENTED_EDGE('',*,*,#8715,.T.);
#8713=EDGE_CURVE('',#428,#204,#8716,.F.);
#8714=EDGE_CURVE('',#204,#200,#8717,.T.);
#8715=EDGE_CURVE('',#200,#428,#8718,.T.);
#8716=LINE('',#427,#8719);
#8717=LINE('',#203,#8720);
#8718=LINE('',#199,#8721);
#8719=VECTOR('',#8722,1.0);
#8720=VECTOR('',#8723,1.0);
#8721=VECTOR('',#8724,1.0);
#8722=DIRECTION('',(-0.9429280258883423,-0.023321608231621827,0.332178928566826));
#8723=DIRECTION('',(-0.5591817303833498,0.05768941846463189,-0.8270355031089628));
#8724=DIRECTION('',(0.9461158085773388,0.02268325529079576,-0.32303304272080424));
#8725=STYLED_ITEM('',(#25),#8726);
#8726=FACE_SURFACE('',(#8731),#8727,.T.);
#8727=PLANE('',#8728);
#8728=AXIS2_PLACEMENT_3D('',#427,#8729,#8730);
#8729=DIRECTION('',(0.00013179015060702645,-0.997570571669943,-0.06966302584197218));
#8730=DIRECTION('',(-0.9461158085773388,-0.02268325529079576,0.32303304272080424));
#8731=FACE_BOUND('',#8732,.T.);
#8732=EDGE_LOOP('',(#8733,#8734,#8735));
#8733=ORIENTED_EDGE('',*,*,#8736,.T.);
#8734=ORIENTED_EDGE('',*,*,#8737,.T.);
#8735=ORIENTED_EDGE('',*,*,#8738,.T.);
#8736=EDGE_CURVE('',#428,#200,#8739,.F.);
#8737=EDGE_CURVE('',#200,#196,#8740,.T.);
#8738=EDGE_CURVE('',#196,#428,#8741,.T.);
#8739=LINE('',#427,#8742);
#8740=LINE('',#199,#8743);
#8741=LINE('',#195,#8744);
#8742=VECTOR('',#8745,1.0);
#8743=VECTOR('',#8746,1.0);
#8744=VECTOR('',#8747,1.0);
#8745=DIRECTION('',(-0.9461158085773388,-0.02268325529079576,0.32303304272080424));
#8746=DIRECTION('',(-0.612713432478026,0.05497449571803237,-0.7883908006068713));
#8747=DIRECTION('',(0.94913602943909,0.02205932173496663,-0.31409263592958053));
#8748=STYLED_ITEM('',(#25),#8749);
#8749=FACE_SURFACE('',(#8754),#8750,.T.);
#8750=PLANE('',#8751);
#8751=AXIS2_PLACEMENT_3D('',#195,#8752,#8753);
#8752=DIRECTION('',(0.00012855182038169362,-0.997569892016535,-0.06967276380730154));
#8753=DIRECTION('',(-0.663628118611356,0.05203448874919538,-0.7462507166957777));
#8754=FACE_BOUND('',#8755,.T.);
#8755=EDGE_LOOP('',(#8756,#8757,#8758));
#8756=ORIENTED_EDGE('',*,*,#8759,.T.);
#8757=ORIENTED_EDGE('',*,*,#8760,.T.);
#8758=ORIENTED_EDGE('',*,*,#8761,.T.);
#8759=EDGE_CURVE('',#196,#192,#8762,.F.);
#8760=EDGE_CURVE('',#192,#428,#8763,.T.);
#8761=EDGE_CURVE('',#428,#196,#8764,.T.);
#8762=LINE('',#195,#8765);
#8763=LINE('',#191,#8766);
#8764=LINE('',#427,#8767);
#8765=VECTOR('',#8768,1.0);
#8766=VECTOR('',#8769,1.0);
#8767=VECTOR('',#8770,1.0);
#8768=DIRECTION('',(-0.663628118611356,0.05203448874919538,-0.7462507166957777));
#8769=DIRECTION('',(0.9519769934785588,0.021453759398469663,-0.3054169937891416));
#8770=DIRECTION('',(-0.94913602943909,-0.02205932173496663,0.31409263592958053));
#8771=STYLED_ITEM('',(#25),#8772);
#8772=FACE_SURFACE('',(#8777),#8773,.T.);
#8773=PLANE('',#8774);
#8774=AXIS2_PLACEMENT_3D('',#427,#8775,#8776);
#8775=DIRECTION('',(0.00012709650886338285,-0.997569576921287,-0.0696772778426505));
#8776=DIRECTION('',(-0.9519769934785588,-0.021453759398469663,0.3054169937891416));
#8777=FACE_BOUND('',#8778,.T.);
#8778=EDGE_LOOP('',(#8779,#8780,#8781));
#8779=ORIENTED_EDGE('',*,*,#8782,.T.);
#8780=ORIENTED_EDGE('',*,*,#8783,.T.);
#8781=ORIENTED_EDGE('',*,*,#8784,.T.);
#8782=EDGE_CURVE('',#428,#192,#8785,.F.);
#8783=EDGE_CURVE('',#192,#188,#8786,.T.);
#8784=EDGE_CURVE('',#188,#428,#8787,.T.);
#8785=LINE('',#427,#8788);
#8786=LINE('',#191,#8789);
#8787=LINE('',#187,#8790);
#8788=VECTOR('',#8791,1.0);
#8789=VECTOR('',#8792,1.0);
#8790=VECTOR('',#8793,1.0);
#8791=DIRECTION('',(-0.9519769934785588,-0.021453759398469663,0.3054169937891416));
#8792=DIRECTION('',(-0.7116251576684899,0.04886219750303491,-0.7008581315990213));
#8793=DIRECTION('',(0.9546304872175853,0.0208704349238006,-0.29706069719975947));
#8794=STYLED_ITEM('',(#25),#8795);
#8795=FACE_SURFACE('',(#8800),#8796,.T.);
#8796=PLANE('',#8797);
#8797=AXIS2_PLACEMENT_3D('',#427,#8798,#8799);
#8798=DIRECTION('',(0.0001331318748681915,-0.9975709240314447,-0.06965797731023785));
#8799=DIRECTION('',(-0.9546304872175853,-0.0208704349238006,0.29706069719975947));
#8800=FACE_BOUND('',#8801,.T.);
#8801=EDGE_LOOP('',(#8802,#8803,#8804));
#8802=ORIENTED_EDGE('',*,*,#8805,.T.);
#8803=ORIENTED_EDGE('',*,*,#8806,.T.);
#8804=ORIENTED_EDGE('',*,*,#8807,.T.);
#8805=EDGE_CURVE('',#428,#188,#8808,.F.);
#8806=EDGE_CURVE('',#188,#184,#8809,.T.);
#8807=EDGE_CURVE('',#184,#428,#8810,.T.);
#8808=LINE('',#427,#8811);
#8809=LINE('',#187,#8812);
#8810=LINE('',#183,#8813);
#8811=VECTOR('',#8814,1.0);
#8812=VECTOR('',#8815,1.0);
#8813=VECTOR('',#8816,1.0);
#8814=DIRECTION('',(-0.9546304872175853,-0.0208704349238006,0.29706069719975947));
#8815=DIRECTION('',(-0.7564789013675545,0.04545711083546337,-0.6524364512044298));
#8816=DIRECTION('',(0.9570911820762037,0.020313079984775568,-0.2890741219367576));
#8817=STYLED_ITEM('',(#25),#8818);
#8818=FACE_SURFACE('',(#8823),#8819,.T.);
#8819=PLANE('',#8820);
#8820=AXIS2_PLACEMENT_3D('',#183,#8821,#8822);
#8821=DIRECTION('',(0.00012812203294649646,-0.9975697719720606,-0.06967448336626413));
#8822=DIRECTION('',(-0.7980677367262422,0.04188159451092926,-0.6011104887105824));
#8823=FACE_BOUND('',#8824,.T.);
#8824=EDGE_LOOP('',(#8825,#8826,#8827));
#8825=ORIENTED_EDGE('',*,*,#8828,.T.);
#8826=ORIENTED_EDGE('',*,*,#8829,.T.);
#8827=ORIENTED_EDGE('',*,*,#8830,.T.);
#8828=EDGE_CURVE('',#184,#180,#8831,.F.);
#8829=EDGE_CURVE('',#180,#428,#8832,.T.);
#8830=EDGE_CURVE('',#428,#184,#8833,.T.);
#8831=LINE('',#183,#8834);
#8832=LINE('',#179,#8835);
#8833=LINE('',#427,#8836);
#8834=VECTOR('',#8837,1.0);
#8835=VECTOR('',#8838,1.0);
#8836=VECTOR('',#8839,1.0);
#8837=DIRECTION('',(-0.7980677367262422,0.04188159451092926,-0.6011104887105824));
#8838=DIRECTION('',(0.9593558923645202,0.019784683275449903,-0.2815045969307877));
#8839=DIRECTION('',(-0.9570911820762037,-0.020313079984775568,0.2890741219367576));
#8840=STYLED_ITEM('',(#25),#8841);
#8841=FACE_SURFACE('',(#8846),#8842,.T.);
#8842=PLANE('',#8843);
#8843=AXIS2_PLACEMENT_3D('',#427,#8844,#8845);
#8844=DIRECTION('',(0.00013029445276062173,-0.99757028623175,-0.06966711599355724));
#8845=DIRECTION('',(-0.9593558923645202,-0.019784683275449903,0.2815045969307877));
#8846=FACE_BOUND('',#8847,.T.);
#8847=EDGE_LOOP('',(#8848,#8849,#8850));
#8848=ORIENTED_EDGE('',*,*,#8851,.T.);
#8849=ORIENTED_EDGE('',*,*,#8852,.T.);
#8850=ORIENTED_EDGE('',*,*,#8853,.T.);
#8851=EDGE_CURVE('',#428,#180,#8854,.F.);
#8852=EDGE_CURVE('',#180,#426,#8855,.T.);
#8853=EDGE_CURVE('',#426,#428,#8856,.T.);
#8854=LINE('',#427,#8857);
#8855=LINE('',#179,#8858);
#8856=LINE('',#425,#8859);
#8857=VECTOR('',#8860,1.0);
#8858=VECTOR('',#8861,1.0);
#8859=VECTOR('',#8862,1.0);
#8860=DIRECTION('',(-0.9593558923645202,-0.019784683275449903,0.2815045969307877));
#8861=DIRECTION('',(-0.2417490368544835,0.06756928483286928,-0.9679833650053622));
#8862=DIRECTION('',(0.9982490576317176,0.004250607068278735,-0.05899789213979657));
#8863=STYLED_ITEM('',(#25),#8864);
#8864=FACE_SURFACE('',(#8869),#8865,.T.);
#8865=PLANE('',#8866);
#8866=AXIS2_PLACEMENT_3D('',#425,#8867,#8868);
#8867=DIRECTION('',(0.0001721635519906426,-0.9975695531482325,-0.06967752142080728));
#8868=DIRECTION('',(0.2417490368544835,-0.06756928483286928,0.9679833650053622));
#8869=FACE_BOUND('',#8870,.T.);
#8870=EDGE_LOOP('',(#8871,#8872,#8873));
#8871=ORIENTED_EDGE('',*,*,#8874,.T.);
#8872=ORIENTED_EDGE('',*,*,#8875,.T.);
#8873=ORIENTED_EDGE('',*,*,#8876,.T.);
#8874=EDGE_CURVE('',#426,#180,#8877,.F.);
#8875=EDGE_CURVE('',#180,#176,#8878,.T.);
#8876=EDGE_CURVE('',#176,#426,#8879,.T.);
#8877=LINE('',#425,#8880);
#8878=LINE('',#179,#8881);
#8879=LINE('',#175,#8882);
#8880=VECTOR('',#8883,1.0);
#8881=VECTOR('',#8884,1.0);
#8882=VECTOR('',#8885,1.0);
#8883=DIRECTION('',(0.2417490368544835,-0.06756928483286928,0.9679833650053622));
#8884=DIRECTION('',(-0.8361519464707579,0.03807436689050667,-0.5471748029643269));
#8885=DIRECTION('',(-0.2125339381805794,0.06804914614811207,-0.9747813287245333));
#8886=STYLED_ITEM('',(#25),#8887);
#8887=FACE_SURFACE('',(#8892),#8888,.T.);
#8888=PLANE('',#8889);
#8889=AXIS2_PLACEMENT_3D('',#425,#8890,#8891);
#8890=DIRECTION('',(7.614838337101403E-05,-0.9975710199397811,-0.06965668939684361));
#8891=DIRECTION('',(0.2125339381805794,-0.06804914614811207,0.9747813287245333));
#8892=FACE_BOUND('',#8893,.T.);
#8893=EDGE_LOOP('',(#8894,#8895,#8896));
#8894=ORIENTED_EDGE('',*,*,#8897,.T.);
#8895=ORIENTED_EDGE('',*,*,#8898,.T.);
#8896=ORIENTED_EDGE('',*,*,#8899,.T.);
#8897=EDGE_CURVE('',#426,#176,#8900,.F.);
#8898=EDGE_CURVE('',#176,#172,#8901,.T.);
#8899=EDGE_CURVE('',#172,#426,#8902,.T.);
#8900=LINE('',#425,#8903);
#8901=LINE('',#175,#8904);
#8902=LINE('',#171,#8905);
#8903=VECTOR('',#8906,1.0);
#8904=VECTOR('',#8907,1.0);
#8905=VECTOR('',#8908,1.0);
#8906=DIRECTION('',(0.2125339381805794,-0.06804914614811207,0.9747813287245333));
#8907=DIRECTION('',(-0.8705642552905174,0.0342087736655806,-0.49086417389616416));
#8908=DIRECTION('',(-0.1792343686706645,0.06851508206532402,-0.9814177115870746));
#8909=STYLED_ITEM('',(#25),#8910);
#8910=FACE_SURFACE('',(#8915),#8911,.T.);
#8911=PLANE('',#8912);
#8912=AXIS2_PLACEMENT_3D('',#171,#8913,#8914);
#8913=DIRECTION('',(0.0001619191687038799,-0.9975699211696774,-0.06967227683739524));
#8914=DIRECTION('',(-0.9011705290126786,0.0300549115959223,-0.4324215303705059));
#8915=FACE_BOUND('',#8916,.T.);
#8916=EDGE_LOOP('',(#8917,#8918,#8919));
#8917=ORIENTED_EDGE('',*,*,#8920,.T.);
#8918=ORIENTED_EDGE('',*,*,#8921,.T.);
#8919=ORIENTED_EDGE('',*,*,#8922,.T.);
#8920=EDGE_CURVE('',#172,#168,#8923,.F.);
#8921=EDGE_CURVE('',#168,#426,#8924,.T.);
#8922=EDGE_CURVE('',#426,#172,#8925,.T.);
#8923=LINE('',#171,#8926);
#8924=LINE('',#167,#8927);
#8925=LINE('',#425,#8928);
#8926=VECTOR('',#8929,1.0);
#8927=VECTOR('',#8930,1.0);
#8928=VECTOR('',#8931,1.0);
#8929=DIRECTION('',(-0.9011705290126786,0.0300549115959223,-0.4324215303705059));
#8930=DIRECTION('',(-0.14192286257382983,0.06894411125779486,-0.9874738531230701));
#8931=DIRECTION('',(0.1792343686706645,-0.06851508206532402,0.9814177115870746));
#8932=STYLED_ITEM('',(#25),#8933);
#8933=FACE_SURFACE('',(#8938),#8934,.T.);
#8934=PLANE('',#8935);
#8935=AXIS2_PLACEMENT_3D('',#425,#8936,#8937);
#8936=DIRECTION('',(0.0001487806508294283,-0.9975700544473354,-0.06967039783335766));
#8937=DIRECTION('',(0.14192286257382983,-0.06894411125779486,0.9874738531230701));
#8938=FACE_BOUND('',#8939,.T.);
#8939=EDGE_LOOP('',(#8940,#8941,#8942));
#8940=ORIENTED_EDGE('',*,*,#8943,.T.);
#8941=ORIENTED_EDGE('',*,*,#8944,.T.);
#8942=ORIENTED_EDGE('',*,*,#8945,.T.);
#8943=EDGE_CURVE('',#426,#168,#8946,.F.);
#8944=EDGE_CURVE('',#168,#164,#8947,.T.);
#8945=EDGE_CURVE('',#164,#426,#8948,.T.);
#8946=LINE('',#425,#8949);
#8947=LINE('',#167,#8950);
#8948=LINE('',#163,#8951);
#8949=VECTOR('',#8952,1.0);
#8950=VECTOR('',#8953,1.0);
#8951=VECTOR('',#8954,1.0);
#8952=DIRECTION('',(0.14192286257382983,-0.06894411125779486,0.9874738531230701));
#8953=DIRECTION('',(-0.9278611515461611,0.025844177924638116,-0.3720292487410518));
#8954=DIRECTION('',(-0.10084437904555399,0.06930026643212456,-0.9924857098655643));
#8955=STYLED_ITEM('',(#25),#8956);
#8956=FACE_SURFACE('',(#8961),#8957,.T.);
#8957=PLANE('',#8958);
#8958=AXIS2_PLACEMENT_3D('',#425,#8959,#8960);
#8959=DIRECTION('',(0.00014460057339836773,-0.9975700845780897,-0.0696699752083874));
#8960=DIRECTION('',(0.10084437904555399,-0.06930026643212456,0.9924857098655643));
#8961=FACE_BOUND('',#8962,.T.);
#8962=EDGE_LOOP('',(#8963,#8964,#8965));
#8963=ORIENTED_EDGE('',*,*,#8966,.T.);
#8964=ORIENTED_EDGE('',*,*,#8967,.T.);
#8965=ORIENTED_EDGE('',*,*,#8968,.T.);
#8966=EDGE_CURVE('',#426,#164,#8969,.F.);
#8967=EDGE_CURVE('',#164,#160,#8970,.T.);
#8968=EDGE_CURVE('',#160,#426,#8971,.T.);
#8969=LINE('',#425,#8972);
#8970=LINE('',#163,#8973);
#8971=LINE('',#159,#8974);
#8972=VECTOR('',#8975,1.0);
#8973=VECTOR('',#8976,1.0);
#8974=VECTOR('',#8977,1.0);
#8975=DIRECTION('',(0.10084437904555399,-0.06930026643212456,0.9924857098655643));
#8976=DIRECTION('',(-0.9504704404055269,0.021517364343904805,-0.3100692583069392));
#8977=DIRECTION('',(-0.056446404360553794,0.06955075391522283,-0.9959801685096893));
#8978=STYLED_ITEM('',(#25),#8979);
#8979=FACE_SURFACE('',(#8984),#8980,.T.);
#8980=PLANE('',#8981);
#8981=AXIS2_PLACEMENT_3D('',#159,#8982,#8983);
#8982=DIRECTION('',(9.637919917493434E-05,-0.9975702803096117,-0.06966725596758427));
#8983=DIRECTION('',(-0.9689469242367941,0.017133378003928956,-0.2466744927434351));
#8984=FACE_BOUND('',#8985,.T.);
#8985=EDGE_LOOP('',(#8986,#8987,#8988));
#8986=ORIENTED_EDGE('',*,*,#8989,.T.);
#8987=ORIENTED_EDGE('',*,*,#8990,.T.);
#8988=ORIENTED_EDGE('',*,*,#8991,.T.);
#8989=EDGE_CURVE('',#160,#156,#8992,.F.);
#8990=EDGE_CURVE('',#156,#426,#8993,.T.);
#8991=EDGE_CURVE('',#426,#160,#8994,.T.);
#8992=LINE('',#159,#8995);
#8993=LINE('',#155,#8996);
#8994=LINE('',#425,#8997);
#8995=VECTOR('',#8998,1.0);
#8996=VECTOR('',#8999,1.0);
#8997=VECTOR('',#9000,1.0);
#8998=DIRECTION('',(-0.9689469242367941,0.017133378003928956,-0.2466744927434351));
#8999=DIRECTION('',(-0.009387559607779976,0.06966328389842316,-0.9975263909296326));
#9000=DIRECTION('',(0.056446404360553794,-0.06955075391522283,0.9959801685096893));
#9001=STYLED_ITEM('',(#25),#9002);
#9002=FACE_SURFACE('',(#9007),#9003,.T.);
#9003=PLANE('',#9004);
#9004=AXIS2_PLACEMENT_3D('',#425,#9005,#9006);
#9005=DIRECTION('',(0.00015725134929583907,-0.9975702327962095,-0.06966782550740122));
#9006=DIRECTION('',(0.009387559607779976,-0.06966328389842316,0.9975263909296326));
#9007=FACE_BOUND('',#9008,.T.);
#9008=EDGE_LOOP('',(#9009,#9010,#9011));
#9009=ORIENTED_EDGE('',*,*,#9012,.T.);
#9010=ORIENTED_EDGE('',*,*,#9013,.T.);
#9011=ORIENTED_EDGE('',*,*,#9014,.T.);
#9012=EDGE_CURVE('',#426,#156,#9015,.F.);
#9013=EDGE_CURVE('',#156,#152,#9016,.T.);
#9014=EDGE_CURVE('',#152,#426,#9017,.T.);
#9015=LINE('',#425,#9018);
#9016=LINE('',#155,#9019);
#9017=LINE('',#151,#9020);
#9018=VECTOR('',#9021,1.0);
#9019=VECTOR('',#9022,1.0);
#9020=VECTOR('',#9023,1.0);
#9021=DIRECTION('',(0.009387559607779976,-0.06966328389842316,0.9975263909296326));
#9022=DIRECTION('',(-0.9831638505320015,0.012575900389765651,-0.18229286803513514));
#9023=DIRECTION('',(0.03947880182912847,0.06961970691354409,-0.9967921150447613));
#9024=STYLED_ITEM('',(#25),#9025);
#9025=FACE_SURFACE('',(#9030),#9026,.T.);
#9026=PLANE('',#9027);
#9027=AXIS2_PLACEMENT_3D('',#425,#9028,#9029);
#9028=DIRECTION('',(9.880250949327922E-05,-0.9975700793751426,-0.0696701297080458));
#9029=DIRECTION('',(-0.03947880182912847,-0.06961970691354409,0.9967921150447613));
#9030=FACE_BOUND('',#9031,.T.);
#9031=EDGE_LOOP('',(#9032,#9033,#9034));
#9032=ORIENTED_EDGE('',*,*,#9035,.T.);
#9033=ORIENTED_EDGE('',*,*,#9036,.T.);
#9034=ORIENTED_EDGE('',*,*,#9037,.T.);
#9035=EDGE_CURVE('',#426,#152,#9038,.F.);
#9036=EDGE_CURVE('',#152,#148,#9039,.T.);
#9037=EDGE_CURVE('',#148,#426,#9040,.T.);
#9038=LINE('',#425,#9041);
#9039=LINE('',#151,#9042);
#9040=LINE('',#147,#9043);
#9041=VECTOR('',#9044,1.0);
#9042=VECTOR('',#9045,1.0);
#9043=VECTOR('',#9046,1.0);
#9044=DIRECTION('',(-0.03947880182912847,-0.06961970691354409,0.9967921150447613));
#9045=DIRECTION('',(-0.9930933588058208,0.008076289663686769,-0.1170485123401461));
#9046=DIRECTION('',(0.08915399128073712,0.06940148066187271,-0.9935970009619864));
#9047=STYLED_ITEM('',(#25),#9048);
#9048=FACE_SURFACE('',(#9053),#9049,.T.);
#9049=PLANE('',#9050);
#9050=AXIS2_PLACEMENT_3D('',#147,#9051,#9052);
#9051=DIRECTION('',(0.00012420353392405647,-0.997570234953118,-0.06966786137856555));
#9052=DIRECTION('',(-0.9986751312149778,0.0034612590928506607,-0.0513420098772848));
#9053=FACE_BOUND('',#9054,.T.);
#9054=EDGE_LOOP('',(#9055,#9056,#9057));
#9055=ORIENTED_EDGE('',*,*,#9058,.T.);
#9056=ORIENTED_EDGE('',*,*,#9059,.T.);
#9057=ORIENTED_EDGE('',*,*,#9060,.T.);
#9058=EDGE_CURVE('',#148,#144,#9061,.F.);
#9059=EDGE_CURVE('',#144,#426,#9062,.T.);
#9060=EDGE_CURVE('',#426,#148,#9063,.T.);
#9061=LINE('',#147,#9064);
#9062=LINE('',#143,#9065);
#9063=LINE('',#425,#9066);
#9064=VECTOR('',#9067,1.0);
#9065=VECTOR('',#9068,1.0);
#9066=VECTOR('',#9069,1.0);
#9067=DIRECTION('',(-0.9986751312149778,0.0034612590928506607,-0.0513420098772848));
#9068=DIRECTION('',(0.13856977911959145,0.06901292227718182,-0.987945156814644));
#9069=DIRECTION('',(-0.08915399128073712,-0.06940148066187271,0.9935970009619864));
#9070=STYLED_ITEM('',(#25),#9071);
#9071=FACE_SURFACE('',(#9076),#9072,.T.);
#9072=PLANE('',#9073);
#9073=AXIS2_PLACEMENT_3D('',#425,#9074,#9075);
#9074=DIRECTION('',(0.00013418382489668965,-0.9975703309527821,-0.06966646824303695));
#9075=DIRECTION('',(-0.13856977911959145,-0.06901292227718182,0.987945156814644));
#9076=FACE_BOUND('',#9077,.T.);
#9077=EDGE_LOOP('',(#9078,#9079,#9080));
#9078=ORIENTED_EDGE('',*,*,#9081,.T.);
#9079=ORIENTED_EDGE('',*,*,#9082,.T.);
#9080=ORIENTED_EDGE('',*,*,#9083,.T.);
#9081=EDGE_CURVE('',#426,#144,#9084,.F.);
#9082=EDGE_CURVE('',#144,#140,#9085,.T.);
#9083=EDGE_CURVE('',#140,#426,#9086,.T.);
#9084=LINE('',#425,#9087);
#9085=LINE('',#143,#9088);
#9086=LINE('',#139,#9089);
#9087=VECTOR('',#9090,1.0);
#9088=VECTOR('',#9091,1.0);
#9089=VECTOR('',#9092,1.0);
#9090=DIRECTION('',(-0.13856977911959145,-0.06901292227718182,0.987945156814644));
#9091=DIRECTION('',(-0.9998928219094603,-0.0011537536447539512,0.014594983606137483));
#9092=DIRECTION('',(0.18667845146049072,0.06846679512904683,-0.9800323738147991));
#9093=STYLED_ITEM('',(#25),#9094);
#9094=FACE_SURFACE('',(#9099),#9095,.T.);
#9095=PLANE('',#9096);
#9096=AXIS2_PLACEMENT_3D('',#425,#9097,#9098);
#9097=DIRECTION('',(0.00014501090874008402,-0.9975704727711707,-0.06966441578696621));
#9098=DIRECTION('',(-0.18667845146049072,-0.06846679512904683,0.9800323738147991));
#9099=FACE_BOUND('',#9100,.T.);
#9100=EDGE_LOOP('',(#9101,#9102,#9103));
#9101=ORIENTED_EDGE('',*,*,#9104,.T.);
#9102=ORIENTED_EDGE('',*,*,#9105,.T.);
#9103=ORIENTED_EDGE('',*,*,#9106,.T.);
#9104=EDGE_CURVE('',#426,#140,#9107,.F.);
#9105=EDGE_CURVE('',#140,#136,#9108,.T.);
#9106=EDGE_CURVE('',#136,#426,#9109,.T.);
#9107=LINE('',#425,#9110);
#9108=LINE('',#139,#9111);
#9109=LINE('',#135,#9112);
#9110=VECTOR('',#9113,1.0);
#9111=VECTOR('',#9114,1.0);
#9112=VECTOR('',#9115,1.0);
#9113=DIRECTION('',(-0.18667845146049072,-0.06846679512904683,0.9800323738147991));
#9114=DIRECTION('',(-0.9967353436627509,-0.005768755955292755,0.08053183313588687));
#9115=DIRECTION('',(0.23253891134995044,0.06778835110603337,-0.970221827296472));
#9116=STYLED_ITEM('',(#25),#9117);
#9117=FACE_SURFACE('',(#9122),#9118,.T.);
#9118=PLANE('',#9119);
#9119=AXIS2_PLACEMENT_3D('',#135,#9120,#9121);
#9120=DIRECTION('',(0.00013037128127574892,-0.9975702309341,-0.0696679076577957));
#9121=DIRECTION('',(-0.9892294687941989,-0.010326151230942285,0.1460083171257817));
#9122=FACE_BOUND('',#9123,.T.);
#9123=EDGE_LOOP('',(#9124,#9125,#9126));
#9124=ORIENTED_EDGE('',*,*,#9127,.T.);
#9125=ORIENTED_EDGE('',*,*,#9128,.T.);
#9126=ORIENTED_EDGE('',*,*,#9129,.T.);
#9127=EDGE_CURVE('',#136,#132,#9130,.F.);
#9128=EDGE_CURVE('',#132,#426,#9131,.T.);
#9129=EDGE_CURVE('',#426,#136,#9132,.T.);
#9130=LINE('',#135,#9133);
#9131=LINE('',#131,#9134);
#9132=LINE('',#425,#9135);
#9133=VECTOR('',#9136,1.0);
#9134=VECTOR('',#9137,1.0);
#9135=VECTOR('',#9138,1.0);
#9136=DIRECTION('',(-0.9892294687941989,-0.010326151230942285,0.1460083171257817));
#9137=DIRECTION('',(0.27538586158976747,0.06700992837132387,-0.9589954623125865));
#9138=DIRECTION('',(-0.23253891134995044,-0.06778835110603337,0.970221827296472));
#9139=STYLED_ITEM('',(#25),#9140);
#9140=FACE_SURFACE('',(#9145),#9141,.T.);
#9141=PLANE('',#9142);
#9142=AXIS2_PLACEMENT_3D('',#425,#9143,#9144);
#9143=DIRECTION('',(0.0001548319385660824,-0.9975707155968706,-0.0696609173828373));
#9144=DIRECTION('',(-0.27538586158976747,-0.06700992837132387,0.9589954623125865));
#9145=FACE_BOUND('',#9146,.T.);
#9146=EDGE_LOOP('',(#9147,#9148,#9149));
#9147=ORIENTED_EDGE('',*,*,#9150,.T.);
#9148=ORIENTED_EDGE('',*,*,#9151,.T.);
#9149=ORIENTED_EDGE('',*,*,#9152,.T.);
#9150=EDGE_CURVE('',#426,#132,#9153,.F.);
#9151=EDGE_CURVE('',#132,#128,#9154,.T.);
#9152=EDGE_CURVE('',#128,#426,#9155,.T.);
#9153=LINE('',#425,#9156);
#9154=LINE('',#131,#9157);
#9155=LINE('',#127,#9158);
#9156=VECTOR('',#9159,1.0);
#9157=VECTOR('',#9160,1.0);
#9158=VECTOR('',#9161,1.0);
#9159=DIRECTION('',(-0.27538586158976747,-0.06700992837132387,0.9589954623125865));
#9160=DIRECTION('',(-0.9773807293781261,-0.014883363105258209,0.21096301889895064));
#9161=DIRECTION('',(0.31466172476372595,0.0661710148507282,-0.9468946064701932));
#9162=STYLED_ITEM('',(#25),#9163);
#9163=FACE_SURFACE('',(#9168),#9164,.T.);
#9164=PLANE('',#9165);
#9165=AXIS2_PLACEMENT_3D('',#425,#9166,#9167);
#9166=DIRECTION('',(0.00012845414181565507,-0.9975701101528737,-0.06966964065586136));
#9167=DIRECTION('',(-0.31466172476372595,-0.0661710148507282,0.9468946064701932));
#9168=FACE_BOUND('',#9169,.T.);
#9169=EDGE_LOOP('',(#9170,#9171,#9172));
#9170=ORIENTED_EDGE('',*,*,#9173,.T.);
#9171=ORIENTED_EDGE('',*,*,#9174,.T.);
#9172=ORIENTED_EDGE('',*,*,#9175,.T.);
#9173=EDGE_CURVE('',#426,#128,#9176,.F.);
#9174=EDGE_CURVE('',#128,#124,#9177,.T.);
#9175=EDGE_CURVE('',#124,#426,#9178,.T.);
#9176=LINE('',#425,#9179);
#9177=LINE('',#127,#9180);
#9178=LINE('',#123,#9181);
#9179=VECTOR('',#9182,1.0);
#9180=VECTOR('',#9183,1.0);
#9181=VECTOR('',#9184,1.0);
#9182=DIRECTION('',(-0.31466172476372595,-0.0661710148507282,0.9468946064701932));
#9183=DIRECTION('',(-0.9612676094072274,-0.01932529569498503,0.27493838591730946));
#9184=DIRECTION('',(0.3500262770096926,0.06530718446057773,-0.9344605807954479));
#9185=STYLED_ITEM('',(#25),#9186);
#9186=FACE_SURFACE('',(#9191),#9187,.T.);
#9187=PLANE('',#9188);
#9188=AXIS2_PLACEMENT_3D('',#123,#9189,#9190);
#9189=DIRECTION('',(0.00013270379912215532,-0.9975702202296322,-0.06966805653026761));
#9190=DIRECTION('',(-0.9409539509749032,-0.02370960965407085,0.33770329663000187));
#9191=FACE_BOUND('',#9192,.T.);
#9192=EDGE_LOOP('',(#9193,#9194,#9195));
#9193=ORIENTED_EDGE('',*,*,#9196,.T.);
#9194=ORIENTED_EDGE('',*,*,#9197,.T.);
#9195=ORIENTED_EDGE('',*,*,#9198,.T.);
#9196=EDGE_CURVE('',#124,#120,#9199,.F.);
#9197=EDGE_CURVE('',#120,#426,#9200,.T.);
#9198=EDGE_CURVE('',#426,#124,#9201,.T.);
#9199=LINE('',#123,#9202);
#9200=LINE('',#119,#9203);
#9201=LINE('',#425,#9204);
#9202=VECTOR('',#9205,1.0);
#9203=VECTOR('',#9206,1.0);
#9204=VECTOR('',#9207,1.0);
#9205=DIRECTION('',(-0.9409539509749032,-0.02370960965407085,0.33770329663000187));
#9206=DIRECTION('',(0.3813334455208041,0.06445425013692205,-0.9221878620793699));
#9207=DIRECTION('',(-0.3500262770096926,-0.06530718446057773,0.9344605807954479));
#9208=STYLED_ITEM('',(#25),#9209);
#9209=FACE_SURFACE('',(#9214),#9210,.T.);
#9210=PLANE('',#9211);
#9211=AXIS2_PLACEMENT_3D('',#425,#9212,#9213);
#9212=DIRECTION('',(0.00012417745294639445,-0.9975699762832655,-0.0696715652053628));
#9213=DIRECTION('',(-0.3813334455208041,-0.06445425013692205,0.9221878620793699));
#9214=FACE_BOUND('',#9215,.T.);
#9215=EDGE_LOOP('',(#9216,#9217,#9218));
#9216=ORIENTED_EDGE('',*,*,#9219,.T.);
#9217=ORIENTED_EDGE('',*,*,#9220,.T.);
#9218=ORIENTED_EDGE('',*,*,#9221,.T.);
#9219=EDGE_CURVE('',#426,#120,#9222,.F.);
#9220=EDGE_CURVE('',#120,#116,#9223,.T.);
#9221=EDGE_CURVE('',#116,#426,#9224,.T.);
#9222=LINE('',#425,#9225);
#9223=LINE('',#119,#9226);
#9224=LINE('',#115,#9227);
#9225=VECTOR('',#9228,1.0);
#9226=VECTOR('',#9229,1.0);
#9227=VECTOR('',#9230,1.0);
#9228=DIRECTION('',(-0.3813334455208041,-0.06445425013692205,0.9221878620793699));
#9229=DIRECTION('',(-0.9165357305690438,-0.027978874253476546,0.3989729780145233));
#9230=DIRECTION('',(0.4085963497241033,0.06364091161353162,-0.9104937437243251));
#9231=STYLED_ITEM('',(#25),#9232);
#9232=FACE_SURFACE('',(#9237),#9233,.T.);
#9233=PLANE('',#9234);
#9234=AXIS2_PLACEMENT_3D('',#425,#9235,#9236);
#9235=DIRECTION('',(0.00011703558137580199,-0.9975697543827606,-0.06967475470635998));
#9236=DIRECTION('',(-0.4085963497241033,-0.06364091161353162,0.9104937437243251));
#9237=FACE_BOUND('',#9238,.T.);
#9238=EDGE_LOOP('',(#9239,#9240,#9241));
#9239=ORIENTED_EDGE('',*,*,#9242,.T.);
#9240=ORIENTED_EDGE('',*,*,#9243,.T.);
#9241=ORIENTED_EDGE('',*,*,#9244,.T.);
#9242=EDGE_CURVE('',#426,#116,#9245,.F.);
#9243=EDGE_CURVE('',#116,#112,#9246,.T.);
#9244=EDGE_CURVE('',#112,#426,#9247,.T.);
#9245=LINE('',#425,#9248);
#9246=LINE('',#115,#9249);
#9247=LINE('',#111,#9250);
#9248=VECTOR('',#9251,1.0);
#9249=VECTOR('',#9252,1.0);
#9250=VECTOR('',#9253,1.0);
#9251=DIRECTION('',(-0.4085963497241033,-0.06364091161353162,0.9104937437243251));
#9252=DIRECTION('',(-0.8880831046061581,-0.032131979762723105,0.4585585406353428));
#9253=DIRECTION('',(0.4319440932074883,0.06289011823993175,-0.8997050257561798));
#9254=STYLED_ITEM('',(#25),#9255);
#9255=FACE_SURFACE('',(#9260),#9256,.T.);
#9256=PLANE('',#9257);
#9257=AXIS2_PLACEMENT_3D('',#425,#9258,#9259);
#9258=DIRECTION('',(0.00013263972768826036,-0.9975702731078916,-0.06966729948942511));
#9259=DIRECTION('',(-0.4319440932074883,-0.06289011823993175,0.8997050257561798));
#9260=FACE_BOUND('',#9261,.T.);
#9261=EDGE_LOOP('',(#9262,#9263,#9264));
#9262=ORIENTED_EDGE('',*,*,#9265,.T.);
#9263=ORIENTED_EDGE('',*,*,#9266,.T.);
#9264=ORIENTED_EDGE('',*,*,#9267,.T.);
#9265=EDGE_CURVE('',#426,#112,#9268,.F.);
#9266=EDGE_CURVE('',#112,#442,#9269,.T.);
#9267=EDGE_CURVE('',#442,#426,#9270,.T.);
#9268=LINE('',#425,#9271);
#9269=LINE('',#111,#9272);
#9270=LINE('',#441,#9273);
#9271=VECTOR('',#9274,1.0);
#9272=VECTOR('',#9275,1.0);
#9273=VECTOR('',#9276,1.0);
#9274=DIRECTION('',(-0.4319440932074883,-0.06289011823993175,0.8997050257561798));
#9275=DIRECTION('',(-0.3032630738695941,0.06634632201319463,-0.9505943791031413));
#9276=DIRECTION('',(0.9883954363080159,-0.01045187223932988,0.15154279874735002));
#9277=STYLED_ITEM('',(#25),#9278);
#9278=FACE_SURFACE('',(#9283),#9279,.T.);
#9279=PLANE('',#9280);
#9280=AXIS2_PLACEMENT_3D('',#441,#9281,#9282);
#9281=DIRECTION('',(0.0001436975219287352,-0.9975700264080158,-0.06967080998045636));
#9282=DIRECTION('',(0.3032630738695941,-0.06634632201319463,0.9505943791031413));
#9283=FACE_BOUND('',#9284,.T.);
#9284=EDGE_LOOP('',(#9285,#9286,#9287));
#9285=ORIENTED_EDGE('',*,*,#9288,.T.);
#9286=ORIENTED_EDGE('',*,*,#9289,.T.);
#9287=ORIENTED_EDGE('',*,*,#9290,.T.);
#9288=EDGE_CURVE('',#442,#112,#9291,.F.);
#9289=EDGE_CURVE('',#112,#108,#9292,.T.);
#9290=EDGE_CURVE('',#108,#442,#9293,.T.);
#9291=LINE('',#441,#9294);
#9292=LINE('',#111,#9295);
#9293=LINE('',#107,#9296);
#9294=VECTOR('',#9297,1.0);
#9295=VECTOR('',#9298,1.0);
#9296=VECTOR('',#9299,1.0);
#9297=DIRECTION('',(0.3032630738695941,-0.06634632201319463,0.9505943791031413));
#9298=DIRECTION('',(-0.8557500532313629,-0.0361696119941354,0.5161236339896801));
#9299=DIRECTION('',(-0.267566888542596,0.06709220803528892,-0.9612006012152633));
#9300=STYLED_ITEM('',(#25),#9301);
#9301=FACE_SURFACE('',(#9306),#9302,.T.);
#9302=PLANE('',#9303);
#9303=AXIS2_PLACEMENT_3D('',#441,#9304,#9305);
#9304=DIRECTION('',(9.565119158493929E-05,-0.9975709616079085,-0.06965750072693107));
#9305=DIRECTION('',(0.267566888542596,-0.06709220803528892,0.9612006012152633));
#9306=FACE_BOUND('',#9307,.T.);
#9307=EDGE_LOOP('',(#9308,#9309,#9310));
#9308=ORIENTED_EDGE('',*,*,#9311,.T.);
#9309=ORIENTED_EDGE('',*,*,#9312,.T.);
#9310=ORIENTED_EDGE('',*,*,#9313,.T.);
#9311=EDGE_CURVE('',#442,#108,#9314,.F.);
#9312=EDGE_CURVE('',#108,#104,#9315,.T.);
#9313=EDGE_CURVE('',#104,#442,#9316,.T.);
#9314=LINE('',#441,#9317);
#9315=LINE('',#107,#9318);
#9316=LINE('',#103,#9319);
#9317=VECTOR('',#9320,1.0);
#9318=VECTOR('',#9321,1.0);
#9319=VECTOR('',#9322,1.0);
#9320=DIRECTION('',(0.267566888542596,-0.06709220803528892,0.9612006012152633));
#9321=DIRECTION('',(-0.8196994717330613,-0.03997760148572314,0.5713970313363459));
#9322=DIRECTION('',(-0.23305577279384243,0.06771713030825029,-0.9701027765295182));
#9323=STYLED_ITEM('',(#25),#9324);
#9324=FACE_SURFACE('',(#9329),#9325,.T.);
#9325=PLANE('',#9326);
#9326=AXIS2_PLACEMENT_3D('',#103,#9327,#9328);
#9327=DIRECTION('',(0.00016830256240963858,-0.9975697390661826,-0.06967486902517984));
#9328=DIRECTION('',(-0.78005330981249,-0.04372744110055236,0.6241832621477263));
#9329=FACE_BOUND('',#9330,.T.);
#9330=EDGE_LOOP('',(#9331,#9332,#9333));
#9331=ORIENTED_EDGE('',*,*,#9334,.T.);
#9332=ORIENTED_EDGE('',*,*,#9335,.T.);
#9333=ORIENTED_EDGE('',*,*,#9336,.T.);
#9334=EDGE_CURVE('',#104,#100,#9337,.F.);
#9335=EDGE_CURVE('',#100,#442,#9338,.T.);
#9336=EDGE_CURVE('',#442,#104,#9339,.T.);
#9337=LINE('',#103,#9340);
#9338=LINE('',#99,#9341);
#9339=LINE('',#441,#9342);
#9340=VECTOR('',#9343,1.0);
#9341=VECTOR('',#9344,1.0);
#9342=VECTOR('',#9345,1.0);
#9343=DIRECTION('',(-0.78005330981249,-0.04372744110055236,0.6241832621477263));
#9344=DIRECTION('',(-0.2002322366644851,0.06823022908602888,-0.9773697801954006));
#9345=DIRECTION('',(0.23305577279384243,-0.06771713030825029,0.9701027765295182));
#9346=STYLED_ITEM('',(#25),#9347);
#9347=FACE_SURFACE('',(#9352),#9348,.T.);
#9348=PLANE('',#9349);
#9349=AXIS2_PLACEMENT_3D('',#441,#9350,#9351);
#9350=DIRECTION('',(6.971705370874106E-05,-0.997571154378912,-0.06965477076739024));
#9351=DIRECTION('',(0.2002322366644851,-0.06823022908602888,0.9773697801954006));
#9352=FACE_BOUND('',#9353,.T.);
#9353=EDGE_LOOP('',(#9354,#9355,#9356));
#9354=ORIENTED_EDGE('',*,*,#9357,.T.);
#9355=ORIENTED_EDGE('',*,*,#9358,.T.);
#9356=ORIENTED_EDGE('',*,*,#9359,.T.);
#9357=EDGE_CURVE('',#442,#100,#9360,.F.);
#9358=EDGE_CURVE('',#100,#96,#9361,.T.);
#9359=EDGE_CURVE('',#96,#442,#9362,.T.);
#9360=LINE('',#441,#9363);
#9361=LINE('',#99,#9364);
#9362=LINE('',#95,#9365);
#9363=VECTOR('',#9366,1.0);
#9364=VECTOR('',#9367,1.0);
#9365=VECTOR('',#9368,1.0);
#9366=DIRECTION('',(0.2002322366644851,-0.06823022908602888,0.9773697801954006));
#9367=DIRECTION('',(-0.7369927425340151,-0.047130961434601035,0.6742554189077319));
#9368=DIRECTION('',(-0.16951020365145755,0.0686349681494774,-0.9831355613572126));
#9369=STYLED_ITEM('',(#25),#9370);
#9370=FACE_SURFACE('',(#9375),#9371,.T.);
#9371=PLANE('',#9372);
#9372=AXIS2_PLACEMENT_3D('',#441,#9373,#9374);
#9373=DIRECTION('',(0.00014099500912629912,-0.9975702928619324,-0.06966700022080523));
#9374=DIRECTION('',(0.16951020365145755,-0.0686349681494774,0.9831355613572126));
#9375=FACE_BOUND('',#9376,.T.);
#9376=EDGE_LOOP('',(#9377,#9378,#9379));
#9377=ORIENTED_EDGE('',*,*,#9380,.T.);
#9378=ORIENTED_EDGE('',*,*,#9381,.T.);
#9379=ORIENTED_EDGE('',*,*,#9382,.T.);
#9380=EDGE_CURVE('',#442,#96,#9383,.F.);
#9381=EDGE_CURVE('',#96,#92,#9384,.T.);
#9382=EDGE_CURVE('',#92,#442,#9385,.T.);
#9383=LINE('',#441,#9386);
#9384=LINE('',#95,#9387);
#9385=LINE('',#91,#9388);
#9386=VECTOR('',#9389,1.0);
#9387=VECTOR('',#9390,1.0);
#9388=VECTOR('',#9391,1.0);
#9389=DIRECTION('',(0.16951020365145755,-0.0686349681494774,0.9831355613572126));
#9390=DIRECTION('',(-0.6907012960085163,-0.050476155931551726,0.7213763770560621));
#9391=DIRECTION('',(-0.14120468982829903,0.06894910615303387,-0.9875764559421166));
#9392=STYLED_ITEM('',(#25),#9393);
#9393=FACE_SURFACE('',(#9398),#9394,.T.);
#9394=PLANE('',#9395);
#9395=AXIS2_PLACEMENT_3D('',#91,#9396,#9397);
#9396=DIRECTION('',(0.00013373243093526505,-0.9975703660238885,-0.06966596691787137));
#9397=DIRECTION('',(-0.6414005949807404,-0.05353372607413839,0.7653361463637866));
#9398=FACE_BOUND('',#9399,.T.);
#9399=EDGE_LOOP('',(#9400,#9401,#9402));
#9400=ORIENTED_EDGE('',*,*,#9403,.T.);
#9401=ORIENTED_EDGE('',*,*,#9404,.T.);
#9402=ORIENTED_EDGE('',*,*,#9405,.T.);
#9403=EDGE_CURVE('',#92,#88,#9406,.F.);
#9404=EDGE_CURVE('',#88,#442,#9407,.T.);
#9405=EDGE_CURVE('',#442,#92,#9408,.T.);
#9406=LINE('',#91,#9409);
#9407=LINE('',#87,#9410);
#9408=LINE('',#441,#9411);
#9409=VECTOR('',#9412,1.0);
#9410=VECTOR('',#9413,1.0);
#9411=VECTOR('',#9414,1.0);
#9412=DIRECTION('',(-0.6414005949807404,-0.05353372607413839,0.7653361463637866));
#9413=DIRECTION('',(-0.11553196270722803,0.06918405487133054,-0.9908914835362025));
#9414=DIRECTION('',(0.14120468982829903,-0.06894910615303387,0.9875764559421166));
#9415=STYLED_ITEM('',(#25),#9416);
#9416=FACE_SURFACE('',(#9421),#9417,.T.);
#9417=PLANE('',#9418);
#9418=AXIS2_PLACEMENT_3D('',#441,#9419,#9420);
#9419=DIRECTION('',(0.00013597565475511822,-0.9975703475454522,-0.06966622717405666));
#9420=DIRECTION('',(0.11553196270722803,-0.06918405487133054,0.9908914835362025));
#9421=FACE_BOUND('',#9422,.T.);
#9422=EDGE_LOOP('',(#9423,#9424,#9425));
#9423=ORIENTED_EDGE('',*,*,#9426,.T.);
#9424=ORIENTED_EDGE('',*,*,#9427,.T.);
#9425=ORIENTED_EDGE('',*,*,#9428,.T.);
#9426=EDGE_CURVE('',#442,#88,#9429,.F.);
#9427=EDGE_CURVE('',#88,#84,#9430,.T.);
#9428=EDGE_CURVE('',#84,#442,#9431,.T.);
#9429=LINE('',#441,#9432);
#9430=LINE('',#87,#9433);
#9431=LINE('',#83,#9434);
#9432=VECTOR('',#9435,1.0);
#9433=VECTOR('',#9436,1.0);
#9434=VECTOR('',#9437,1.0);
#9435=DIRECTION('',(0.11553196270722803,-0.06918405487133054,0.9908914835362025));
#9436=DIRECTION('',(-0.5893224008804662,-0.05636314160591053,0.8059294659514534));
#9437=DIRECTION('',(-0.09261677694260405,0.06935422743589469,-0.9932835062385432));
#9438=STYLED_ITEM('',(#25),#9439);
#9439=FACE_SURFACE('',(#9444),#9440,.T.);
#9440=PLANE('',#9441);
#9441=AXIS2_PLACEMENT_3D('',#441,#9442,#9443);
#9442=DIRECTION('',(0.00013157088282200104,-0.9975703766766028,-0.06966581849374674));
#9443=DIRECTION('',(0.09261677694260405,-0.06935422743589469,0.9932835062385432));
#9444=FACE_BOUND('',#9445,.T.);
#9445=EDGE_LOOP('',(#9446,#9447,#9448));
#9446=ORIENTED_EDGE('',*,*,#9449,.T.);
#9447=ORIENTED_EDGE('',*,*,#9450,.T.);
#9448=ORIENTED_EDGE('',*,*,#9451,.T.);
#9449=EDGE_CURVE('',#442,#84,#9452,.F.);
#9450=EDGE_CURVE('',#84,#440,#9453,.T.);
#9451=EDGE_CURVE('',#440,#442,#9454,.T.);
#9452=LINE('',#441,#9455);
#9453=LINE('',#83,#9456);
#9454=LINE('',#439,#9457);
#9455=VECTOR('',#9458,1.0);
#9456=VECTOR('',#9459,1.0);
#9457=VECTOR('',#9460,1.0);
#9458=DIRECTION('',(0.09261677694260405,-0.06935422743589469,0.9932835062385432));
#9459=DIRECTION('',(-0.7734264521328387,-0.04426170341330522,0.6323388527934706));
#9460=DIRECTION('',(0.4165464678179437,0.06338887327836655,-0.9069018088486173));
#9461=STYLED_ITEM('',(#25),#9462);
#9462=FACE_SURFACE('',(#9467),#9463,.T.);
#9463=PLANE('',#9464);
#9464=AXIS2_PLACEMENT_3D('',#439,#9465,#9466);
#9465=DIRECTION('',(0.00010817967311866654,-0.9975683907750521,-0.06969428974909815));
#9466=DIRECTION('',(0.7734264521328387,0.04426170341330522,-0.6323388527934706));
#9467=FACE_BOUND('',#9468,.T.);
#9468=EDGE_LOOP('',(#9469,#9470,#9471));
#9469=ORIENTED_EDGE('',*,*,#9472,.T.);
#9470=ORIENTED_EDGE('',*,*,#9473,.T.);
#9471=ORIENTED_EDGE('',*,*,#9474,.T.);
#9472=EDGE_CURVE('',#440,#84,#9475,.F.);
#9473=EDGE_CURVE('',#84,#80,#9476,.T.);
#9474=EDGE_CURVE('',#80,#440,#9477,.T.);
#9475=LINE('',#439,#9478);
#9476=LINE('',#83,#9479);
#9477=LINE('',#79,#9480);
#9478=VECTOR('',#9481,1.0);
#9479=VECTOR('',#9482,1.0);
#9480=VECTOR('',#9483,1.0);
#9481=DIRECTION('',(0.7734264521328387,0.04426170341330522,-0.6323388527934706));
#9482=DIRECTION('',(-0.5346101410501324,-0.058956254793862656,0.8430398312695782));
#9483=DIRECTION('',(-0.7795239295948826,-0.04373870630852743,0.6248434754075687));
#9484=STYLED_ITEM('',(#25),#9485);
#9485=FACE_SURFACE('',(#9490),#9486,.T.);
#9486=PLANE('',#9487);
#9487=AXIS2_PLACEMENT_3D('',#439,#9488,#9489);
#9488=DIRECTION('',(0.00014034143920616736,-0.997571175537681,-0.06965436124644042));
#9489=DIRECTION('',(0.7795239295948826,0.04373870630852743,-0.6248434754075687));
#9490=FACE_BOUND('',#9491,.T.);
#9491=EDGE_LOOP('',(#9492,#9493,#9494));
#9492=ORIENTED_EDGE('',*,*,#9495,.T.);
#9493=ORIENTED_EDGE('',*,*,#9496,.T.);
#9494=ORIENTED_EDGE('',*,*,#9497,.T.);
#9495=EDGE_CURVE('',#440,#80,#9498,.F.);
#9496=EDGE_CURVE('',#80,#76,#9499,.T.);
#9497=EDGE_CURVE('',#76,#440,#9500,.T.);
#9498=LINE('',#439,#9501);
#9499=LINE('',#79,#9502);
#9500=LINE('',#75,#9503);
#9501=VECTOR('',#9504,1.0);
#9502=VECTOR('',#9505,1.0);
#9503=VECTOR('',#9506,1.0);
#9504=DIRECTION('',(0.7795239295948826,0.04373870630852743,-0.6248434754075687));
#9505=DIRECTION('',(-0.4775901148725308,-0.061263984900795265,0.8764441832370833));
#9506=DIRECTION('',(-0.7871101105609563,-0.04307387707361633,0.6153066836680436));
#9507=STYLED_ITEM('',(#25),#9508);
#9508=FACE_SURFACE('',(#9513),#9509,.T.);
#9509=PLANE('',#9510);
#9510=AXIS2_PLACEMENT_3D('',#75,#9511,#9512);
#9511=DIRECTION('',(0.00011512712673743809,-0.997568937048835,-0.06968645909358855));
#9512=DIRECTION('',(-0.41847226720142366,-0.06333936387007365,0.906018259511272));
#9513=FACE_BOUND('',#9514,.T.);
#9514=EDGE_LOOP('',(#9515,#9516,#9517));
#9515=ORIENTED_EDGE('',*,*,#9518,.T.);
#9516=ORIENTED_EDGE('',*,*,#9519,.T.);
#9517=ORIENTED_EDGE('',*,*,#9520,.T.);
#9518=EDGE_CURVE('',#76,#72,#9521,.F.);
#9519=EDGE_CURVE('',#72,#440,#9522,.T.);
#9520=EDGE_CURVE('',#440,#76,#9523,.T.);
#9521=LINE('',#75,#9524);
#9522=LINE('',#71,#9525);
#9523=LINE('',#439,#9526);
#9524=VECTOR('',#9527,1.0);
#9525=VECTOR('',#9528,1.0);
#9526=VECTOR('',#9529,1.0);
#9527=DIRECTION('',(-0.41847226720142366,-0.06333936387007365,0.906018259511272));
#9528=DIRECTION('',(-0.7961941879685454,-0.042254617113910035,0.6035638842555655));
#9529=DIRECTION('',(0.7871101105609563,0.04307387707361633,-0.6153066836680436));
#9530=STYLED_ITEM('',(#25),#9531);
#9531=FACE_SURFACE('',(#9536),#9532,.T.);
#9532=PLANE('',#9533);
#9533=AXIS2_PLACEMENT_3D('',#439,#9534,#9535);
#9534=DIRECTION('',(0.00010353129027251389,-0.9975678748269693,-0.0697016814322));
#9535=DIRECTION('',(0.7961941879685454,0.042254617113910035,-0.6035638842555655));
#9536=FACE_BOUND('',#9537,.T.);
#9537=EDGE_LOOP('',(#9538,#9539,#9540));
#9538=ORIENTED_EDGE('',*,*,#9541,.T.);
#9539=ORIENTED_EDGE('',*,*,#9542,.T.);
#9540=ORIENTED_EDGE('',*,*,#9543,.T.);
#9541=EDGE_CURVE('',#440,#72,#9544,.F.);
#9542=EDGE_CURVE('',#72,#68,#9545,.T.);
#9543=EDGE_CURVE('',#68,#440,#9546,.T.);
#9544=LINE('',#439,#9547);
#9545=LINE('',#71,#9548);
#9546=LINE('',#67,#9549);
#9547=VECTOR('',#9550,1.0);
#9548=VECTOR('',#9551,1.0);
#9549=VECTOR('',#9552,1.0);
#9550=DIRECTION('',(0.7961941879685454,0.042254617113910035,-0.6035638842555655));
#9551=DIRECTION('',(-0.35755102227533875,-0.06513088257003846,0.9316196834575298));
#9552=DIRECTION('',(-0.8067473913364641,-0.041269798270345937,0.589453518373192));
#9553=STYLED_ITEM('',(#25),#9554);
#9554=FACE_SURFACE('',(#9559),#9555,.T.);
#9555=PLANE('',#9556);
#9556=AXIS2_PLACEMENT_3D('',#439,#9557,#9558);
#9557=DIRECTION('',(0.000161651381660264,-0.9975733948978515,-0.06962252265471346));
#9558=DIRECTION('',(0.8067473913364641,0.041269798270345937,-0.589453518373192));
#9559=FACE_BOUND('',#9560,.T.);
#9560=EDGE_LOOP('',(#9561,#9562,#9563));
#9561=ORIENTED_EDGE('',*,*,#9564,.T.);
#9562=ORIENTED_EDGE('',*,*,#9565,.T.);
#9563=ORIENTED_EDGE('',*,*,#9566,.T.);
#9564=EDGE_CURVE('',#440,#68,#9567,.F.);
#9565=EDGE_CURVE('',#68,#64,#9568,.T.);
#9566=EDGE_CURVE('',#64,#440,#9569,.T.);
#9567=LINE('',#439,#9570);
#9568=LINE('',#67,#9571);
#9569=LINE('',#63,#9572);
#9570=VECTOR('',#9573,1.0);
#9571=VECTOR('',#9574,1.0);
#9572=VECTOR('',#9575,1.0);
#9573=DIRECTION('',(0.8067473913364641,0.041269798270345937,-0.589453518373192));
#9574=DIRECTION('',(-0.29503705576612355,-0.06657091075100763,0.9531639153716629));
#9575=DIRECTION('',(-0.8186988267737555,-0.040110886689848586,0.5728205197164559));
#9576=STYLED_ITEM('',(#25),#9577);
#9577=FACE_SURFACE('',(#9582),#9578,.T.);
#9578=PLANE('',#9579);
#9579=AXIS2_PLACEMENT_3D('',#63,#9580,#9581);
#9580=DIRECTION('',(0.00010330862285371004,-0.9975676078018447,-0.06970550331095289));
#9581=DIRECTION('',(-0.23124240993786896,-0.06784004841808851,0.9705280396138785));
#9582=FACE_BOUND('',#9583,.T.);
#9583=EDGE_LOOP('',(#9584,#9585,#9586));
#9584=ORIENTED_EDGE('',*,*,#9587,.T.);
#9585=ORIENTED_EDGE('',*,*,#9588,.T.);
#9586=ORIENTED_EDGE('',*,*,#9589,.T.);
#9587=EDGE_CURVE('',#64,#60,#9590,.F.);
#9588=EDGE_CURVE('',#60,#440,#9591,.T.);
#9589=EDGE_CURVE('',#440,#64,#9592,.T.);
#9590=LINE('',#63,#9593);
#9591=LINE('',#59,#9594);
#9592=LINE('',#439,#9595);
#9593=VECTOR('',#9596,1.0);
#9594=VECTOR('',#9597,1.0);
#9595=VECTOR('',#9598,1.0);
#9596=DIRECTION('',(-0.23124240993786896,-0.06784004841808851,0.9705280396138785));
#9597=DIRECTION('',(-0.8319232542877562,-0.03876467169349489,0.5535350026906746));
#9598=DIRECTION('',(0.8186988267737555,0.040110886689848586,-0.5728205197164559));
#9599=STYLED_ITEM('',(#25),#9600);
#9600=FACE_SURFACE('',(#9605),#9601,.T.);
#9601=PLANE('',#9602);
#9602=AXIS2_PLACEMENT_3D('',#439,#9603,#9604);
#9603=DIRECTION('',(0.0001360067391782221,-0.997571019862549,-0.06965659934680034));
#9604=DIRECTION('',(0.8319232542877562,0.03876467169349489,-0.5535350026906746));
#9605=FACE_BOUND('',#9606,.T.);
#9606=EDGE_LOOP('',(#9607,#9608,#9609));
#9607=ORIENTED_EDGE('',*,*,#9610,.T.);
#9608=ORIENTED_EDGE('',*,*,#9611,.T.);
#9609=ORIENTED_EDGE('',*,*,#9612,.T.);
#9610=EDGE_CURVE('',#440,#60,#9613,.F.);
#9611=EDGE_CURVE('',#60,#56,#9614,.T.);
#9612=EDGE_CURVE('',#56,#440,#9615,.T.);
#9613=LINE('',#439,#9616);
#9614=LINE('',#59,#9617);
#9615=LINE('',#55,#9618);
#9616=VECTOR('',#9619,1.0);
#9617=VECTOR('',#9620,1.0);
#9618=VECTOR('',#9621,1.0);
#9619=DIRECTION('',(0.8319232542877562,0.03876467169349489,-0.5535350026906746));
#9620=DIRECTION('',(-0.16644519866171723,-0.06870752230003538,0.9836540409218332));
#9621=DIRECTION('',(-0.846237038273472,-0.037228309858309154,0.5315044007336496));
#9622=STYLED_ITEM('',(#25),#9623);
#9623=FACE_SURFACE('',(#9628),#9624,.T.);
#9624=PLANE('',#9625);
#9625=AXIS2_PLACEMENT_3D('',#439,#9626,#9627);
#9626=DIRECTION('',(0.00011766466154343741,-0.9975689925207986,-0.0696856607636489));
#9627=DIRECTION('',(0.846237038273472,0.037228309858309154,-0.5315044007336496));
#9628=FACE_BOUND('',#9629,.T.);
#9629=EDGE_LOOP('',(#9630,#9631,#9632));
#9630=ORIENTED_EDGE('',*,*,#9633,.T.);
#9631=ORIENTED_EDGE('',*,*,#9634,.T.);
#9632=ORIENTED_EDGE('',*,*,#9635,.T.);
#9633=EDGE_CURVE('',#440,#56,#9636,.F.);
#9634=EDGE_CURVE('',#56,#52,#9637,.T.);
#9635=EDGE_CURVE('',#52,#440,#9638,.T.);
#9636=LINE('',#439,#9639);
#9637=LINE('',#55,#9640);
#9638=LINE('',#51,#9641);
#9639=VECTOR('',#9642,1.0);
#9640=VECTOR('',#9643,1.0);
#9641=VECTOR('',#9644,1.0);
#9642=DIRECTION('',(0.846237038273472,0.037228309858309154,-0.5315044007336496));
#9643=DIRECTION('',(-0.10091012838677867,-0.06934179862919258,0.9924761261369628));
#9644=DIRECTION('',(-0.8613969646904185,-0.0354967103571955,0.506690490117933));
ENDSEC;
END-ISO-10303-21;
