ISO-10303-21;
HEADER;
FILE_DESCRIPTION((''),'2;1');
FILE_NAME('Little Finger K2 Inner', '2025-03-27T08:00:52', (''), (''), 'ImageToStl.com STEP Converter','', '');
FILE_SCHEMA(('AUTOMOTIVE_DESIGN_CC2'));
ENDSEC;
DATA;
#1=PRODUCT_DEFINITION_CONTEXT('',#4,'design');
#2=APPLICATION_PROTOCOL_DEFINITION('INTERNATIONAL STANDARD','automotive_design',1994,#4);
#3=(GEOMETRIC_REPRESENTATION_CONTEXT(3)GLOBAL_UNCERTAINTY_ASSIGNED_CONTEXT((#5))GLOBAL_UNIT_ASSIGNED_CONTEXT((#6,#7,#8))REPRESENTATION_CONTEXT('NONE','WORKSPACE'));
#4=APPLICATION_CONTEXT(' ');
#5=UNCERTAINTY_MEASURE_WITH_UNIT(LENGTH_MEASURE(1.0E-006),#6,'','');
#6=(CONVERSION_BASED_UNIT('METRE',#10)LENGTH_UNIT()NAMED_UNIT(#11));
#7=(NAMED_UNIT(#12)PLANE_ANGLE_UNIT()SI_UNIT($,.RADIAN.));
#8=(NAMED_UNIT(#12)SOLID_ANGLE_UNIT()SI_UNIT($,.STERADIAN.));
#9=AXIS2_PLACEMENT_3D('',#14,#15,#16);
#10=LENGTH_MEASURE_WITH_UNIT(LENGTH_MEASURE(1.0),#17);
#11=DIMENSIONAL_EXPONENTS(1.0,0.0,0.0,0.0,0.0,0.0,0.0);
#12=DIMENSIONAL_EXPONENTS(0.0,0.0,0.0,0.0,0.0,0.0,0.0);
#13=PRODUCT_CONTEXT('',#4,'mechanical');
#14=CARTESIAN_POINT('',(0.0,0.0,0.0));
#15=DIRECTION('',(0.0,0.0,1.0));
#16=DIRECTION('',(1.0,0.0,0.0));
#17=(NAMED_UNIT(#11)LENGTH_UNIT()SI_UNIT(.MILLI.,.METRE.));
#18=PRESENTATION_STYLE_ASSIGNMENT((#19));
#19=SURFACE_STYLE_USAGE(.BOTH.,#20);
#20=SURFACE_SIDE_STYLE('',(#21));
#21=SURFACE_STYLE_FILL_AREA(#22);
#22=FILL_AREA_STYLE('',(#23));
#23=FILL_AREA_STYLE_COLOUR('',#24);
#24=COLOUR_RGB('',0.70196,0.70196,0.70196);
#25=PRESENTATION_STYLE_ASSIGNMENT((#26));
#26=SURFACE_STYLE_USAGE(.BOTH.,#27);
#27=SURFACE_SIDE_STYLE('',(#28));
#28=SURFACE_STYLE_FILL_AREA(#29);
#29=FILL_AREA_STYLE('',(#30));
#30=FILL_AREA_STYLE_COLOUR('',#31);
#31=COLOUR_RGB('',0.65882,0.65882,0.65882);
#32=SHAPE_DEFINITION_REPRESENTATION(#33,#34);
#33=PRODUCT_DEFINITION_SHAPE('productshape0','',#37);
#34=MANIFOLD_SURFACE_SHAPE_REPRESENTATION('',(#35,#9),#3);
#35=SHELL_BASED_SURFACE_MODEL('shell0',(#40));
#36=PRODUCT('product0','','',(#13));
#37=PRODUCT_DEFINITION('mesh0','',#38,#2);
#38=PRODUCT_DEFINITION_FORMATION_WITH_SPECIFIED_SOURCE('prodsource0','',#36,.NOT_KNOWN.);
#39=STYLED_ITEM('',(#18),#40);
#40=CLOSED_SHELL('',(#780,#803,#826,#849,#872,#895,#918,#941,#964,#987,#1010,#1033,#1056,#1079,#1102,#1125,#1148,#1171,#1194,#1217,#1240,#1263,#1286,#1309,#1332,#1355,#1378,#1401,#1424,#1447,#1470,#1493,#1516,#1539,#1562,#1585,#1608,#1631,#1654,#1677,#1700,#1723,#1746,#1769,#1792,#1815,#1838,#1861,#1884,#1907,#1930,#1953,#1976,#1999,#2022,#2045,#2068,#2091,#2114,#2137,#2160,#2183,#2206,#2229,#2252,#2275,#2298,#2321,#2344,#2367,#2390,#2413,#2436,#2459,#2482,#2505,#2528,#2551,#2574,#2597,#2620,#2643,#2666,#2689,#2712,#2735,#2758,#2781,#2804,#2827,#2850,#2873,#2896,#2919,#2942,#2965,#2988,#3011,#3034,#3057,#3080,#3103,#3126,#3149,#3172,#3195,#3218,#3241,#3264,#3287,#3310,#3333,#3356,#3379,#3402,#3425,#3448,#3471,#3494,#3517,#3540,#3563,#3586,#3609,#3632,#3655,#3678,#3701,#3724,#3747,#3770,#3793,#3816,#3839,#3862,#3885,#3908,#3931,#3954,#3977,#4000,#4023,#4046,#4069,#4092,#4115,#4138,#4161,#4184,#4207,#4230,#4253,#4276,#4299,#4322,#4345,#4368,#4391,#4414,#4437,#4460,#4483,#4506,#4529,#4552,#4575,#4598,#4621,#4644,#4667,#4690,#4713,#4736,#4759,#4782,#4805,#4828,#4851,#4874,#4897,#4920,#4943,#4966,#4989,#5012,#5035,#5058,#5081,#5104,#5127,#5150,#5173,#5196,#5219,#5242,#5265,#5288,#5311,#5334,#5357,#5380,#5403,#5426,#5449,#5472,#5495,#5518,#5541,#5564,#5587,#5610,#5633,#5656,#5679,#5702,#5725,#5748,#5771,#5794,#5817,#5840,#5863,#5886,#5909,#5932,#5955,#5978,#6001,#6024,#6047,#6070,#6093,#6116,#6139,#6162,#6185,#6208,#6231,#6254,#6277,#6300,#6323,#6346,#6369,#6392,#6415,#6438,#6461,#6484,#6507,#6530,#6553,#6576,#6599,#6622,#6645,#6668,#6691,#6714,#6737,#6760,#6783,#6806,#6829,#6852,#6875,#6898,#6921,#6944,#6967,#6990,#7013,#7036,#7059,#7082,#7105,#7128,#7151,#7174,#7197,#7220,#7243,#7266,#7289,#7312,#7335,#7358,#7381,#7404,#7427,#7450,#7473,#7496,#7519,#7542,#7565,#7588,#7611,#7634,#7657,#7680,#7703,#7726,#7749,#7772,#7795,#7818,#7841,#7864,#7887,#7910,#7933,#7956,#7979,#8002,#8025,#8048,#8071,#8094,#8117,#8140,#8163,#8186,#8209,#8232,#8255,#8278,#8301,#8324,#8347,#8370,#8393,#8416,#8439,#8462,#8485,#8508,#8531,#8554,#8577,#8600,#8623,#8646,#8669,#8692,#8715,#8738,#8761,#8784,#8807,#8830,#8853,#8876,#8899,#8922,#8945,#8968,#8991,#9014,#9037,#9060,#9083,#9106,#9129,#9152,#9175,#9198,#9221,#9244,#9267,#9290,#9313,#9336,#9359,#9382,#9405,#9428,#9451,#9474,#9497,#9520,#9543,#9566,#9589,#9612,#9635,#9658,#9681,#9704,#9727,#9750,#9773,#9796,#9819,#9842,#9865,#9888,#9911,#9934,#9957,#9980,#10003,#10026,#10049,#10072,#10095,#10118,#10141,#10164,#10187,#10210,#10233,#10256,#10279,#10302,#10325,#10348,#10371,#10394,#10417,#10440,#10463,#10486,#10509,#10532,#10555,#10578,#10601,#10624,#10647,#10670,#10693,#10716,#10739,#10762,#10785,#10808,#10831,#10854,#10877,#10900,#10923,#10946,#10969,#10992,#11015,#11038,#11061,#11084,#11107,#11130,#11153,#11176,#11199,#11222,#11245,#11268,#11291,#11314,#11337,#11360,#11383,#11406,#11429,#11452,#11475,#11498,#11521,#11544,#11567,#11590,#11613,#11636,#11659,#11682,#11705,#11728,#11751,#11774,#11797,#11820,#11843,#11866,#11889,#11912,#11935,#11958,#11981,#12004,#12027,#12050,#12073,#12096,#12119,#12142,#12165,#12188,#12211,#12234,#12257,#12280,#12303,#12326,#12349,#12372,#12395,#12418,#12441,#12464,#12487,#12510,#12533,#12556,#12579,#12602,#12625,#12648,#12671,#12694,#12717,#12740,#12763,#12786,#12809,#12832,#12855,#12878,#12901,#12924,#12947,#12970,#12993,#13016,#13039,#13062,#13085,#13108,#13131,#13154,#13177,#13200,#13223,#13246,#13269,#13292,#13315,#13338,#13361,#13384,#13407,#13430,#13453,#13476,#13499,#13522,#13545,#13568,#13591,#13614,#13637,#13660,#13683,#13706,#13729,#13752,#13775,#13798,#13821,#13844,#13867,#13890,#13913,#13936,#13959,#13982,#14005,#14028,#14051,#14074,#14097,#14120,#14143,#14166,#14189,#14212,#14235,#14258,#14281,#14304,#14327,#14350,#14373,#14396,#14419,#14442,#14465,#14488,#14511,#14534,#14557,#14580,#14603,#14626,#14649,#14672,#14695,#14718,#14741,#14764,#14787,#14810,#14833,#14856,#14879,#14902,#14925,#14948,#14971,#14994,#15017,#15040,#15063,#15086,#15109,#15132,#15155,#15178,#15201,#15224,#15247,#15270,#15293,#15316,#15339,#15362,#15385,#15408,#15431,#15454,#15477,#15500,#15523,#15546,#15569,#15592,#15615,#15638,#15661,#15684,#15707,#15730,#15753,#15776,#15799,#15822,#15845,#15868,#15891,#15914,#15937,#15960,#15983,#16006,#16029,#16052,#16075,#16098,#16121,#16144,#16167,#16190,#16213,#16236,#16259,#16282,#16305,#16328,#16351,#16374,#16397,#16420,#16443,#16466,#16489,#16512,#16535,#16558,#16581,#16604,#16627,#16650,#16673,#16696,#16719,#16742,#16765,#16788,#16811,#16834,#16857,#16880,#16903,#16926,#16949,#16972,#16995,#17018,#17041,#17064,#17087,#17110,#17133,#17156,#17179,#17202,#17225,#17248,#17271,#17294,#17317,#17340,#17363,#17386,#17409,#17432,#17455,#17478,#17501,#17524,#17547,#17570,#17593,#17616,#17639));
#41=CARTESIAN_POINT('',(-54.85920333862305,-89.14856719970703,381.03070068359375));
#42=VERTEX_POINT('',#41);
#43=CARTESIAN_POINT('',(-67.35919952392578,-89.14856719970703,381.03070068359375));
#44=VERTEX_POINT('',#43);
#45=CARTESIAN_POINT('',(-54.85920333862305,-89.40103912353516,377.0386657714844));
#46=VERTEX_POINT('',#45);
#47=CARTESIAN_POINT('',(-67.35919952392578,-89.40103912353516,377.0386657714844));
#48=VERTEX_POINT('',#47);
#49=CARTESIAN_POINT('',(-54.85920333862305,-85.78096008300781,380.8177185058594));
#50=VERTEX_POINT('',#49);
#51=CARTESIAN_POINT('',(-54.85920333862305,-86.03343200683594,376.82568359375));
#52=VERTEX_POINT('',#51);
#53=CARTESIAN_POINT('',(-67.35919952392578,-85.78096008300781,380.8177185058594));
#54=VERTEX_POINT('',#53);
#55=CARTESIAN_POINT('',(-67.35919952392578,-86.03343200683594,376.82568359375));
#56=VERTEX_POINT('',#55);
#57=CARTESIAN_POINT('',(-53.85920333862305,-90.05937957763672,386.6023254394531));
#58=VERTEX_POINT('',#57);
#59=CARTESIAN_POINT('',(-55.470314025878906,-90.05937957763672,386.6023254394531));
#60=VERTEX_POINT('',#59);
#61=CARTESIAN_POINT('',(-53.85920333862305,-89.99345397949219,386.55426025390625));
#62=VERTEX_POINT('',#61);
#63=CARTESIAN_POINT('',(-57.081424713134766,-90.05937957763672,386.6023254394531));
#64=VERTEX_POINT('',#63);
#65=CARTESIAN_POINT('',(-58.692535400390625,-90.05937957763672,386.6023254394531));
#66=VERTEX_POINT('',#65);
#67=CARTESIAN_POINT('',(-58.692535400390625,-90.11661529541016,386.66046142578125));
#68=VERTEX_POINT('',#67);
#69=CARTESIAN_POINT('',(-60.303646087646484,-90.11661529541016,386.66046142578125));
#70=VERTEX_POINT('',#69);
#71=CARTESIAN_POINT('',(-60.303646087646484,-90.16362762451172,386.7271423339844));
#72=VERTEX_POINT('',#71);
#73=CARTESIAN_POINT('',(-61.914756774902344,-90.16362762451172,386.7271423339844));
#74=VERTEX_POINT('',#73);
#75=CARTESIAN_POINT('',(-61.914756774902344,-90.19916534423828,386.80059814453125));
#76=VERTEX_POINT('',#75);
#77=CARTESIAN_POINT('',(-63.52587127685547,-90.19916534423828,386.80059814453125));
#78=VERTEX_POINT('',#77);
#79=CARTESIAN_POINT('',(-63.52587127685547,-90.2222900390625,386.87884521484375));
#80=VERTEX_POINT('',#79);
#81=CARTESIAN_POINT('',(-65.13697814941406,-90.2222900390625,386.87884521484375));
#82=VERTEX_POINT('',#81);
#83=CARTESIAN_POINT('',(-65.13697814941406,-90.23238372802734,386.9598083496094));
#84=VERTEX_POINT('',#83);
#85=CARTESIAN_POINT('',(-66.74809265136719,-90.23238372802734,386.9598083496094));
#86=VERTEX_POINT('',#85);
#87=CARTESIAN_POINT('',(-68.35919952392578,-90.22917175292969,387.04132080078125));
#88=VERTEX_POINT('',#87);
#89=CARTESIAN_POINT('',(-68.35919952392578,-90.23238372802734,386.9598083496094));
#90=VERTEX_POINT('',#89);
#91=CARTESIAN_POINT('',(-55.470314025878906,-90.11661529541016,386.66046142578125));
#92=VERTEX_POINT('',#91);
#93=CARTESIAN_POINT('',(-53.85920333862305,-90.11661529541016,386.66046142578125));
#94=VERTEX_POINT('',#93);
#95=CARTESIAN_POINT('',(-55.470314025878906,-90.16362762451172,386.7271423339844));
#96=VERTEX_POINT('',#95);
#97=CARTESIAN_POINT('',(-53.85920333862305,-90.16362762451172,386.7271423339844));
#98=VERTEX_POINT('',#97);
#99=CARTESIAN_POINT('',(-55.470314025878906,-90.19916534423828,386.80059814453125));
#100=VERTEX_POINT('',#99);
#101=CARTESIAN_POINT('',(-53.85920333862305,-90.19916534423828,386.80059814453125));
#102=VERTEX_POINT('',#101);
#103=CARTESIAN_POINT('',(-55.470314025878906,-90.2222900390625,386.87884521484375));
#104=VERTEX_POINT('',#103);
#105=CARTESIAN_POINT('',(-53.85920333862305,-90.2222900390625,386.87884521484375));
#106=VERTEX_POINT('',#105);
#107=CARTESIAN_POINT('',(-55.470314025878906,-90.23238372802734,386.9598083496094));
#108=VERTEX_POINT('',#107);
#109=CARTESIAN_POINT('',(-53.85920333862305,-90.23238372802734,386.9598083496094));
#110=VERTEX_POINT('',#109);
#111=CARTESIAN_POINT('',(-53.85920333862305,-90.22917175292969,387.04132080078125));
#112=VERTEX_POINT('',#111);
#113=CARTESIAN_POINT('',(-60.303646087646484,-90.23238372802734,386.9598083496094));
#114=VERTEX_POINT('',#113);
#115=CARTESIAN_POINT('',(-58.692535400390625,-90.23238372802734,386.9598083496094));
#116=VERTEX_POINT('',#115);
#117=CARTESIAN_POINT('',(-57.081424713134766,-90.23238372802734,386.9598083496094));
#118=VERTEX_POINT('',#117);
#119=CARTESIAN_POINT('',(-57.081424713134766,-90.2222900390625,386.87884521484375));
#120=VERTEX_POINT('',#119);
#121=CARTESIAN_POINT('',(-66.74809265136719,-90.2222900390625,386.87884521484375));
#122=VERTEX_POINT('',#121);
#123=CARTESIAN_POINT('',(-68.35919952392578,-90.2222900390625,386.87884521484375));
#124=VERTEX_POINT('',#123);
#125=CARTESIAN_POINT('',(-66.74809265136719,-90.19916534423828,386.80059814453125));
#126=VERTEX_POINT('',#125);
#127=CARTESIAN_POINT('',(-68.35919952392578,-90.19916534423828,386.80059814453125));
#128=VERTEX_POINT('',#127);
#129=CARTESIAN_POINT('',(-66.74809265136719,-90.16362762451172,386.7271423339844));
#130=VERTEX_POINT('',#129);
#131=CARTESIAN_POINT('',(-68.35919952392578,-90.16362762451172,386.7271423339844));
#132=VERTEX_POINT('',#131);
#133=CARTESIAN_POINT('',(-66.74809265136719,-90.11661529541016,386.66046142578125));
#134=VERTEX_POINT('',#133);
#135=CARTESIAN_POINT('',(-68.35919952392578,-90.11661529541016,386.66046142578125));
#136=VERTEX_POINT('',#135);
#137=CARTESIAN_POINT('',(-66.74809265136719,-90.05937957763672,386.6023254394531));
#138=VERTEX_POINT('',#137);
#139=CARTESIAN_POINT('',(-68.35919952392578,-90.05937957763672,386.6023254394531));
#140=VERTEX_POINT('',#139);
#141=CARTESIAN_POINT('',(-68.35919952392578,-89.99345397949219,386.55426025390625));
#142=VERTEX_POINT('',#141);
#143=CARTESIAN_POINT('',(-61.914756774902344,-90.05937957763672,386.6023254394531));
#144=VERTEX_POINT('',#143);
#145=CARTESIAN_POINT('',(-63.52587127685547,-90.05937957763672,386.6023254394531));
#146=VERTEX_POINT('',#145);
#147=CARTESIAN_POINT('',(-65.13697814941406,-90.05937957763672,386.6023254394531));
#148=VERTEX_POINT('',#147);
#149=CARTESIAN_POINT('',(-65.13697814941406,-90.11661529541016,386.66046142578125));
#150=VERTEX_POINT('',#149);
#151=CARTESIAN_POINT('',(-57.081424713134766,-90.11661529541016,386.66046142578125));
#152=VERTEX_POINT('',#151);
#153=CARTESIAN_POINT('',(-57.081424713134766,-90.16362762451172,386.7271423339844));
#154=VERTEX_POINT('',#153);
#155=CARTESIAN_POINT('',(-57.081424713134766,-90.19916534423828,386.80059814453125));
#156=VERTEX_POINT('',#155);
#157=CARTESIAN_POINT('',(-60.303646087646484,-90.05937957763672,386.6023254394531));
#158=VERTEX_POINT('',#157);
#159=CARTESIAN_POINT('',(-61.914756774902344,-90.11661529541016,386.66046142578125));
#160=VERTEX_POINT('',#159);
#161=CARTESIAN_POINT('',(-63.52587127685547,-90.11661529541016,386.66046142578125));
#162=VERTEX_POINT('',#161);
#163=CARTESIAN_POINT('',(-63.52587127685547,-90.16362762451172,386.7271423339844));
#164=VERTEX_POINT('',#163);
#165=CARTESIAN_POINT('',(-58.692535400390625,-90.16362762451172,386.7271423339844));
#166=VERTEX_POINT('',#165);
#167=CARTESIAN_POINT('',(-60.303646087646484,-90.19916534423828,386.80059814453125));
#168=VERTEX_POINT('',#167);
#169=CARTESIAN_POINT('',(-61.914756774902344,-90.2222900390625,386.87884521484375));
#170=VERTEX_POINT('',#169);
#171=CARTESIAN_POINT('',(-63.52587127685547,-90.23238372802734,386.9598083496094));
#172=VERTEX_POINT('',#171);
#173=CARTESIAN_POINT('',(-65.13697814941406,-90.16362762451172,386.7271423339844));
#174=VERTEX_POINT('',#173);
#175=CARTESIAN_POINT('',(-58.692535400390625,-90.19916534423828,386.80059814453125));
#176=VERTEX_POINT('',#175);
#177=CARTESIAN_POINT('',(-58.692535400390625,-90.2222900390625,386.87884521484375));
#178=VERTEX_POINT('',#177);
#179=CARTESIAN_POINT('',(-65.13697814941406,-90.19916534423828,386.80059814453125));
#180=VERTEX_POINT('',#179);
#181=CARTESIAN_POINT('',(-60.303646087646484,-90.2222900390625,386.87884521484375));
#182=VERTEX_POINT('',#181);
#183=CARTESIAN_POINT('',(-61.914756774902344,-90.23238372802734,386.9598083496094));
#184=VERTEX_POINT('',#183);
#185=CARTESIAN_POINT('',(-53.85920333862305,-89.65506744384766,391.7620849609375));
#186=VERTEX_POINT('',#185);
#187=CARTESIAN_POINT('',(-68.35919952392578,-89.65506744384766,391.7620849609375));
#188=VERTEX_POINT('',#187);
#189=CARTESIAN_POINT('',(-53.85920333862305,-89.5178451538086,386.2637634277344));
#190=VERTEX_POINT('',#189);
#191=CARTESIAN_POINT('',(-53.85920333862305,-82.937255859375,395.9313659667969));
#192=VERTEX_POINT('',#191);
#193=CARTESIAN_POINT('',(-53.85920333862305,-89.71770477294922,397.2322082519531));
#194=VERTEX_POINT('',#193);
#195=CARTESIAN_POINT('',(-53.85920333862305,-90.14657592773438,381.09381103515625));
#196=VERTEX_POINT('',#195);
#197=CARTESIAN_POINT('',(-53.85920333862305,-84.782958984375,380.7546081542969));
#198=VERTEX_POINT('',#197);
#199=CARTESIAN_POINT('',(-53.85920333862305,-90.29377746582031,392.4952697753906));
#200=VERTEX_POINT('',#199);
#201=CARTESIAN_POINT('',(-53.85920333862305,-90.05805969238281,392.0082092285156));
#202=VERTEX_POINT('',#201);
#203=CARTESIAN_POINT('',(-53.85920333862305,-90.12398529052734,392.0562744140625));
#204=VERTEX_POINT('',#203);
#205=CARTESIAN_POINT('',(-53.85920333862305,-90.18121337890625,392.11444091796875));
#206=VERTEX_POINT('',#205);
#207=CARTESIAN_POINT('',(-53.85920333862305,-90.22822570800781,392.1811218261719));
#208=VERTEX_POINT('',#207);
#209=CARTESIAN_POINT('',(-53.85920333862305,-90.2637710571289,392.2545471191406));
#210=VERTEX_POINT('',#209);
#211=CARTESIAN_POINT('',(-53.85920333862305,-90.28689575195312,392.3327941894531));
#212=VERTEX_POINT('',#211);
#213=CARTESIAN_POINT('',(-53.85920333862305,-90.29698181152344,392.41375732421875));
#214=VERTEX_POINT('',#213);
#215=CARTESIAN_POINT('',(-55.470314025878906,-90.12398529052734,392.0562744140625));
#216=VERTEX_POINT('',#215);
#217=CARTESIAN_POINT('',(-57.081424713134766,-90.12398529052734,392.0562744140625));
#218=VERTEX_POINT('',#217);
#219=CARTESIAN_POINT('',(-58.692535400390625,-90.12398529052734,392.0562744140625));
#220=VERTEX_POINT('',#219);
#221=CARTESIAN_POINT('',(-58.692535400390625,-90.18121337890625,392.11444091796875));
#222=VERTEX_POINT('',#221);
#223=CARTESIAN_POINT('',(-60.303646087646484,-90.18121337890625,392.11444091796875));
#224=VERTEX_POINT('',#223);
#225=CARTESIAN_POINT('',(-60.303646087646484,-90.22822570800781,392.1811218261719));
#226=VERTEX_POINT('',#225);
#227=CARTESIAN_POINT('',(-61.914756774902344,-90.22822570800781,392.1811218261719));
#228=VERTEX_POINT('',#227);
#229=CARTESIAN_POINT('',(-61.914756774902344,-90.2637710571289,392.2545471191406));
#230=VERTEX_POINT('',#229);
#231=CARTESIAN_POINT('',(-63.52587127685547,-90.2637710571289,392.2545471191406));
#232=VERTEX_POINT('',#231);
#233=CARTESIAN_POINT('',(-63.52587127685547,-90.28689575195312,392.3327941894531));
#234=VERTEX_POINT('',#233);
#235=CARTESIAN_POINT('',(-65.13697814941406,-90.28689575195312,392.3327941894531));
#236=VERTEX_POINT('',#235);
#237=CARTESIAN_POINT('',(-65.13697814941406,-90.29698181152344,392.41375732421875));
#238=VERTEX_POINT('',#237);
#239=CARTESIAN_POINT('',(-66.74809265136719,-90.29698181152344,392.41375732421875));
#240=VERTEX_POINT('',#239);
#241=CARTESIAN_POINT('',(-68.35919952392578,-90.29377746582031,392.4952697753906));
#242=VERTEX_POINT('',#241);
#243=CARTESIAN_POINT('',(-68.35919952392578,-90.29698181152344,392.41375732421875));
#244=VERTEX_POINT('',#243);
#245=CARTESIAN_POINT('',(-55.470314025878906,-90.18121337890625,392.11444091796875));
#246=VERTEX_POINT('',#245);
#247=CARTESIAN_POINT('',(-55.470314025878906,-90.22822570800781,392.1811218261719));
#248=VERTEX_POINT('',#247);
#249=CARTESIAN_POINT('',(-55.470314025878906,-90.2637710571289,392.2545471191406));
#250=VERTEX_POINT('',#249);
#251=CARTESIAN_POINT('',(-55.470314025878906,-90.28689575195312,392.3327941894531));
#252=VERTEX_POINT('',#251);
#253=CARTESIAN_POINT('',(-55.470314025878906,-90.29698181152344,392.41375732421875));
#254=VERTEX_POINT('',#253);
#255=CARTESIAN_POINT('',(-60.303646087646484,-90.29698181152344,392.41375732421875));
#256=VERTEX_POINT('',#255);
#257=CARTESIAN_POINT('',(-58.692535400390625,-90.29698181152344,392.41375732421875));
#258=VERTEX_POINT('',#257);
#259=CARTESIAN_POINT('',(-57.081424713134766,-90.29698181152344,392.41375732421875));
#260=VERTEX_POINT('',#259);
#261=CARTESIAN_POINT('',(-57.081424713134766,-90.28689575195312,392.3327941894531));
#262=VERTEX_POINT('',#261);
#263=CARTESIAN_POINT('',(-66.74809265136719,-90.28689575195312,392.3327941894531));
#264=VERTEX_POINT('',#263);
#265=CARTESIAN_POINT('',(-68.35919952392578,-90.28689575195312,392.3327941894531));
#266=VERTEX_POINT('',#265);
#267=CARTESIAN_POINT('',(-66.74809265136719,-90.2637710571289,392.2545471191406));
#268=VERTEX_POINT('',#267);
#269=CARTESIAN_POINT('',(-68.35919952392578,-90.2637710571289,392.2545471191406));
#270=VERTEX_POINT('',#269);
#271=CARTESIAN_POINT('',(-66.74809265136719,-90.22822570800781,392.1811218261719));
#272=VERTEX_POINT('',#271);
#273=CARTESIAN_POINT('',(-68.35919952392578,-90.22822570800781,392.1811218261719));
#274=VERTEX_POINT('',#273);
#275=CARTESIAN_POINT('',(-66.74809265136719,-90.18121337890625,392.11444091796875));
#276=VERTEX_POINT('',#275);
#277=CARTESIAN_POINT('',(-68.35919952392578,-90.18121337890625,392.11444091796875));
#278=VERTEX_POINT('',#277);
#279=CARTESIAN_POINT('',(-66.74809265136719,-90.12398529052734,392.0562744140625));
#280=VERTEX_POINT('',#279);
#281=CARTESIAN_POINT('',(-68.35919952392578,-90.12398529052734,392.0562744140625));
#282=VERTEX_POINT('',#281);
#283=CARTESIAN_POINT('',(-68.35919952392578,-90.05805969238281,392.0082092285156));
#284=VERTEX_POINT('',#283);
#285=CARTESIAN_POINT('',(-61.914756774902344,-90.12398529052734,392.0562744140625));
#286=VERTEX_POINT('',#285);
#287=CARTESIAN_POINT('',(-63.52587127685547,-90.12398529052734,392.0562744140625));
#288=VERTEX_POINT('',#287);
#289=CARTESIAN_POINT('',(-65.13697814941406,-90.12398529052734,392.0562744140625));
#290=VERTEX_POINT('',#289);
#291=CARTESIAN_POINT('',(-65.13697814941406,-90.18121337890625,392.11444091796875));
#292=VERTEX_POINT('',#291);
#293=CARTESIAN_POINT('',(-57.081424713134766,-90.18121337890625,392.11444091796875));
#294=VERTEX_POINT('',#293);
#295=CARTESIAN_POINT('',(-57.081424713134766,-90.22822570800781,392.1811218261719));
#296=VERTEX_POINT('',#295);
#297=CARTESIAN_POINT('',(-57.081424713134766,-90.2637710571289,392.2545471191406));
#298=VERTEX_POINT('',#297);
#299=CARTESIAN_POINT('',(-60.303646087646484,-90.12398529052734,392.0562744140625));
#300=VERTEX_POINT('',#299);
#301=CARTESIAN_POINT('',(-61.914756774902344,-90.18121337890625,392.11444091796875));
#302=VERTEX_POINT('',#301);
#303=CARTESIAN_POINT('',(-63.52587127685547,-90.18121337890625,392.11444091796875));
#304=VERTEX_POINT('',#303);
#305=CARTESIAN_POINT('',(-63.52587127685547,-90.22822570800781,392.1811218261719));
#306=VERTEX_POINT('',#305);
#307=CARTESIAN_POINT('',(-58.692535400390625,-90.22822570800781,392.1811218261719));
#308=VERTEX_POINT('',#307);
#309=CARTESIAN_POINT('',(-60.303646087646484,-90.2637710571289,392.2545471191406));
#310=VERTEX_POINT('',#309);
#311=CARTESIAN_POINT('',(-61.914756774902344,-90.28689575195312,392.3327941894531));
#312=VERTEX_POINT('',#311);
#313=CARTESIAN_POINT('',(-63.52587127685547,-90.29698181152344,392.41375732421875));
#314=VERTEX_POINT('',#313);
#315=CARTESIAN_POINT('',(-65.13697814941406,-90.22822570800781,392.1811218261719));
#316=VERTEX_POINT('',#315);
#317=CARTESIAN_POINT('',(-58.692535400390625,-90.2637710571289,392.2545471191406));
#318=VERTEX_POINT('',#317);
#319=CARTESIAN_POINT('',(-58.692535400390625,-90.28689575195312,392.3327941894531));
#320=VERTEX_POINT('',#319);
#321=CARTESIAN_POINT('',(-65.13697814941406,-90.2637710571289,392.2545471191406));
#322=VERTEX_POINT('',#321);
#323=CARTESIAN_POINT('',(-60.303646087646484,-90.28689575195312,392.3327941894531));
#324=VERTEX_POINT('',#323);
#325=CARTESIAN_POINT('',(-61.914756774902344,-90.29698181152344,392.41375732421875));
#326=VERTEX_POINT('',#325);
#327=CARTESIAN_POINT('',(-68.35919952392578,-89.5178451538086,386.2637634277344));
#328=VERTEX_POINT('',#327);
#329=CARTESIAN_POINT('',(-68.35919952392578,-82.937255859375,395.9313659667969));
#330=VERTEX_POINT('',#329);
#331=CARTESIAN_POINT('',(-68.35919952392578,-84.782958984375,380.7546081542969));
#332=VERTEX_POINT('',#331);
#333=CARTESIAN_POINT('',(-68.35919952392578,-89.71770477294922,397.2322082519531));
#334=VERTEX_POINT('',#333);
#335=CARTESIAN_POINT('',(-68.35919952392578,-90.14657592773438,381.09381103515625));
#336=VERTEX_POINT('',#335);
#337=CARTESIAN_POINT('',(-52.85940170288086,-90.2507095336914,397.3404541015625));
#338=VERTEX_POINT('',#337);
#339=CARTESIAN_POINT('',(-54.50938034057617,-90.2507095336914,397.3404541015625));
#340=VERTEX_POINT('',#339);
#341=CARTESIAN_POINT('',(-52.85940170288086,-90.17664337158203,397.32025146484375));
#342=VERTEX_POINT('',#341);
#343=CARTESIAN_POINT('',(-56.15936279296875,-90.2507095336914,397.3404541015625));
#344=VERTEX_POINT('',#343);
#345=CARTESIAN_POINT('',(-57.80934143066406,-90.2507095336914,397.3404541015625));
#346=VERTEX_POINT('',#345);
#347=CARTESIAN_POINT('',(-57.80934143066406,-90.32080078125,397.37176513671875));
#348=VERTEX_POINT('',#347);
#349=CARTESIAN_POINT('',(-59.45932388305664,-90.32080078125,397.37176513671875));
#350=VERTEX_POINT('',#349);
#351=CARTESIAN_POINT('',(-59.45932388305664,-90.3852767944336,397.4134521484375));
#352=VERTEX_POINT('',#351);
#353=CARTESIAN_POINT('',(-61.10930252075195,-90.3852767944336,397.4134521484375));
#354=VERTEX_POINT('',#353);
#355=CARTESIAN_POINT('',(-61.10930252075195,-90.44261932373047,397.4645080566406));
#356=VERTEX_POINT('',#355);
#357=CARTESIAN_POINT('',(-62.759281158447266,-90.44261932373047,397.4645080566406));
#358=VERTEX_POINT('',#357);
#359=CARTESIAN_POINT('',(-62.759281158447266,-90.49146270751953,397.5237121582031));
#360=VERTEX_POINT('',#359);
#361=CARTESIAN_POINT('',(-64.40926361083984,-90.49146270751953,397.5237121582031));
#362=VERTEX_POINT('',#361);
#363=CARTESIAN_POINT('',(-64.40926361083984,-90.5306625366211,397.5897216796875));
#364=VERTEX_POINT('',#363);
#365=CARTESIAN_POINT('',(-66.05924224853516,-90.5306625366211,397.5897216796875));
#366=VERTEX_POINT('',#365);
#367=CARTESIAN_POINT('',(-66.05924224853516,-90.5593032836914,397.6609802246094));
#368=VERTEX_POINT('',#367);
#369=CARTESIAN_POINT('',(-67.70922088623047,-90.5593032836914,397.6609802246094));
#370=VERTEX_POINT('',#369);
#371=CARTESIAN_POINT('',(-67.70922088623047,-90.57669067382812,397.7357482910156));
#372=VERTEX_POINT('',#371);
#373=CARTESIAN_POINT('',(-69.35919952392578,-90.57669067382812,397.7357482910156));
#374=VERTEX_POINT('',#373);
#375=CARTESIAN_POINT('',(-69.35919952392578,-90.58243560791016,397.8122863769531));
#376=VERTEX_POINT('',#375);
#377=CARTESIAN_POINT('',(-67.70922088623047,-90.58243560791016,397.8122863769531));
#378=VERTEX_POINT('',#377);
#379=CARTESIAN_POINT('',(-69.35919952392578,-90.57638549804688,397.8888244628906));
#380=VERTEX_POINT('',#379);
#381=CARTESIAN_POINT('',(-67.70922088623047,-90.57638549804688,397.8888244628906));
#382=VERTEX_POINT('',#381);
#383=CARTESIAN_POINT('',(-69.35919952392578,-90.5586929321289,397.9635314941406));
#384=VERTEX_POINT('',#383);
#385=CARTESIAN_POINT('',(-67.70922088623047,-90.5586929321289,397.9635314941406));
#386=VERTEX_POINT('',#385);
#387=CARTESIAN_POINT('',(-69.35919952392578,-90.52976989746094,398.03466796875));
#388=VERTEX_POINT('',#387);
#389=CARTESIAN_POINT('',(-66.05924224853516,-90.5586929321289,397.9635314941406));
#390=VERTEX_POINT('',#389);
#391=CARTESIAN_POINT('',(-64.40926361083984,-90.5586929321289,397.9635314941406));
#392=VERTEX_POINT('',#391);
#393=CARTESIAN_POINT('',(-64.40926361083984,-90.57638549804688,397.8888244628906));
#394=VERTEX_POINT('',#393);
#395=CARTESIAN_POINT('',(-62.759281158447266,-90.57638549804688,397.8888244628906));
#396=VERTEX_POINT('',#395);
#397=CARTESIAN_POINT('',(-62.759281158447266,-90.58243560791016,397.8122863769531));
#398=VERTEX_POINT('',#397);
#399=CARTESIAN_POINT('',(-61.10930252075195,-90.58243560791016,397.8122863769531));
#400=VERTEX_POINT('',#399);
#401=CARTESIAN_POINT('',(-61.10930252075195,-90.57669067382812,397.7357482910156));
#402=VERTEX_POINT('',#401);
#403=CARTESIAN_POINT('',(-59.45932388305664,-90.57669067382812,397.7357482910156));
#404=VERTEX_POINT('',#403);
#405=CARTESIAN_POINT('',(-59.45932388305664,-90.5593032836914,397.6609802246094));
#406=VERTEX_POINT('',#405);
#407=CARTESIAN_POINT('',(-57.80934143066406,-90.5593032836914,397.6609802246094));
#408=VERTEX_POINT('',#407);
#409=CARTESIAN_POINT('',(-57.80934143066406,-90.5306625366211,397.5897216796875));
#410=VERTEX_POINT('',#409);
#411=CARTESIAN_POINT('',(-56.15936279296875,-90.5306625366211,397.5897216796875));
#412=VERTEX_POINT('',#411);
#413=CARTESIAN_POINT('',(-56.15936279296875,-90.49146270751953,397.5237121582031));
#414=VERTEX_POINT('',#413);
#415=CARTESIAN_POINT('',(-54.50938034057617,-90.49146270751953,397.5237121582031));
#416=VERTEX_POINT('',#415);
#417=CARTESIAN_POINT('',(-54.50938034057617,-90.44261932373047,397.4645080566406));
#418=VERTEX_POINT('',#417);
#419=CARTESIAN_POINT('',(-52.85940170288086,-90.44261932373047,397.4645080566406));
#420=VERTEX_POINT('',#419);
#421=CARTESIAN_POINT('',(-52.85940170288086,-90.3852767944336,397.4134521484375));
#422=VERTEX_POINT('',#421);
#423=CARTESIAN_POINT('',(-54.50938034057617,-90.3852767944336,397.4134521484375));
#424=VERTEX_POINT('',#423);
#425=CARTESIAN_POINT('',(-52.85940170288086,-90.32080078125,397.37176513671875));
#426=VERTEX_POINT('',#425);
#427=CARTESIAN_POINT('',(-54.50938034057617,-90.32080078125,397.37176513671875));
#428=VERTEX_POINT('',#427);
#429=CARTESIAN_POINT('',(-52.85940170288086,-90.49146270751953,397.5237121582031));
#430=VERTEX_POINT('',#429);
#431=CARTESIAN_POINT('',(-54.50938034057617,-90.5306625366211,397.5897216796875));
#432=VERTEX_POINT('',#431);
#433=CARTESIAN_POINT('',(-56.15936279296875,-90.5593032836914,397.6609802246094));
#434=VERTEX_POINT('',#433);
#435=CARTESIAN_POINT('',(-57.80934143066406,-90.57669067382812,397.7357482910156));
#436=VERTEX_POINT('',#435);
#437=CARTESIAN_POINT('',(-59.45932388305664,-90.58243560791016,397.8122863769531));
#438=VERTEX_POINT('',#437);
#439=CARTESIAN_POINT('',(-61.10930252075195,-90.57638549804688,397.8888244628906));
#440=VERTEX_POINT('',#439);
#441=CARTESIAN_POINT('',(-62.759281158447266,-90.5586929321289,397.9635314941406));
#442=VERTEX_POINT('',#441);
#443=CARTESIAN_POINT('',(-52.85940170288086,-90.5306625366211,397.5897216796875));
#444=VERTEX_POINT('',#443);
#445=CARTESIAN_POINT('',(-54.50938034057617,-90.5593032836914,397.6609802246094));
#446=VERTEX_POINT('',#445);
#447=CARTESIAN_POINT('',(-56.15936279296875,-90.57669067382812,397.7357482910156));
#448=VERTEX_POINT('',#447);
#449=CARTESIAN_POINT('',(-57.80934143066406,-90.58243560791016,397.8122863769531));
#450=VERTEX_POINT('',#449);
#451=CARTESIAN_POINT('',(-59.45932388305664,-90.57638549804688,397.8888244628906));
#452=VERTEX_POINT('',#451);
#453=CARTESIAN_POINT('',(-61.10930252075195,-90.5586929321289,397.9635314941406));
#454=VERTEX_POINT('',#453);
#455=CARTESIAN_POINT('',(-52.85940170288086,-90.5593032836914,397.6609802246094));
#456=VERTEX_POINT('',#455);
#457=CARTESIAN_POINT('',(-54.50938034057617,-90.57669067382812,397.7357482910156));
#458=VERTEX_POINT('',#457);
#459=CARTESIAN_POINT('',(-56.15936279296875,-90.58243560791016,397.8122863769531));
#460=VERTEX_POINT('',#459);
#461=CARTESIAN_POINT('',(-57.80934143066406,-90.57638549804688,397.8888244628906));
#462=VERTEX_POINT('',#461);
#463=CARTESIAN_POINT('',(-59.45932388305664,-90.5586929321289,397.9635314941406));
#464=VERTEX_POINT('',#463);
#465=CARTESIAN_POINT('',(-52.85940170288086,-90.52976989746094,398.03466796875));
#466=VERTEX_POINT('',#465);
#467=CARTESIAN_POINT('',(-52.85940170288086,-90.57669067382812,397.7357482910156));
#468=VERTEX_POINT('',#467);
#469=CARTESIAN_POINT('',(-54.50938034057617,-90.58243560791016,397.8122863769531));
#470=VERTEX_POINT('',#469);
#471=CARTESIAN_POINT('',(-56.15936279296875,-90.57638549804688,397.8888244628906));
#472=VERTEX_POINT('',#471);
#473=CARTESIAN_POINT('',(-57.80934143066406,-90.5586929321289,397.9635314941406));
#474=VERTEX_POINT('',#473);
#475=CARTESIAN_POINT('',(-52.85940170288086,-90.58243560791016,397.8122863769531));
#476=VERTEX_POINT('',#475);
#477=CARTESIAN_POINT('',(-54.50938034057617,-90.57638549804688,397.8888244628906));
#478=VERTEX_POINT('',#477);
#479=CARTESIAN_POINT('',(-56.15936279296875,-90.5586929321289,397.9635314941406));
#480=VERTEX_POINT('',#479);
#481=CARTESIAN_POINT('',(-52.85940170288086,-90.57638549804688,397.8888244628906));
#482=VERTEX_POINT('',#481);
#483=CARTESIAN_POINT('',(-54.50938034057617,-90.5586929321289,397.9635314941406));
#484=VERTEX_POINT('',#483);
#485=CARTESIAN_POINT('',(-52.85940170288086,-90.5586929321289,397.9635314941406));
#486=VERTEX_POINT('',#485);
#487=CARTESIAN_POINT('',(-69.35919952392578,-90.5593032836914,397.6609802246094));
#488=VERTEX_POINT('',#487);
#489=CARTESIAN_POINT('',(-67.70922088623047,-90.5306625366211,397.5897216796875));
#490=VERTEX_POINT('',#489);
#491=CARTESIAN_POINT('',(-66.05924224853516,-90.49146270751953,397.5237121582031));
#492=VERTEX_POINT('',#491);
#493=CARTESIAN_POINT('',(-64.40926361083984,-90.44261932373047,397.4645080566406));
#494=VERTEX_POINT('',#493);
#495=CARTESIAN_POINT('',(-62.759281158447266,-90.3852767944336,397.4134521484375));
#496=VERTEX_POINT('',#495);
#497=CARTESIAN_POINT('',(-61.10930252075195,-90.32080078125,397.37176513671875));
#498=VERTEX_POINT('',#497);
#499=CARTESIAN_POINT('',(-59.45932388305664,-90.2507095336914,397.3404541015625));
#500=VERTEX_POINT('',#499);
#501=CARTESIAN_POINT('',(-69.35919952392578,-90.5306625366211,397.5897216796875));
#502=VERTEX_POINT('',#501);
#503=CARTESIAN_POINT('',(-67.70922088623047,-90.49146270751953,397.5237121582031));
#504=VERTEX_POINT('',#503);
#505=CARTESIAN_POINT('',(-66.05924224853516,-90.44261932373047,397.4645080566406));
#506=VERTEX_POINT('',#505);
#507=CARTESIAN_POINT('',(-64.40926361083984,-90.3852767944336,397.4134521484375));
#508=VERTEX_POINT('',#507);
#509=CARTESIAN_POINT('',(-62.759281158447266,-90.32080078125,397.37176513671875));
#510=VERTEX_POINT('',#509);
#511=CARTESIAN_POINT('',(-61.10930252075195,-90.2507095336914,397.3404541015625));
#512=VERTEX_POINT('',#511);
#513=CARTESIAN_POINT('',(-69.35919952392578,-90.49146270751953,397.5237121582031));
#514=VERTEX_POINT('',#513);
#515=CARTESIAN_POINT('',(-67.70922088623047,-90.44261932373047,397.4645080566406));
#516=VERTEX_POINT('',#515);
#517=CARTESIAN_POINT('',(-66.05924224853516,-90.3852767944336,397.4134521484375));
#518=VERTEX_POINT('',#517);
#519=CARTESIAN_POINT('',(-64.40926361083984,-90.32080078125,397.37176513671875));
#520=VERTEX_POINT('',#519);
#521=CARTESIAN_POINT('',(-62.759281158447266,-90.2507095336914,397.3404541015625));
#522=VERTEX_POINT('',#521);
#523=CARTESIAN_POINT('',(-69.35919952392578,-90.17664337158203,397.32025146484375));
#524=VERTEX_POINT('',#523);
#525=CARTESIAN_POINT('',(-69.35919952392578,-90.44261932373047,397.4645080566406));
#526=VERTEX_POINT('',#525);
#527=CARTESIAN_POINT('',(-67.70922088623047,-90.3852767944336,397.4134521484375));
#528=VERTEX_POINT('',#527);
#529=CARTESIAN_POINT('',(-66.05924224853516,-90.32080078125,397.37176513671875));
#530=VERTEX_POINT('',#529);
#531=CARTESIAN_POINT('',(-64.40926361083984,-90.2507095336914,397.3404541015625));
#532=VERTEX_POINT('',#531);
#533=CARTESIAN_POINT('',(-69.35919952392578,-90.3852767944336,397.4134521484375));
#534=VERTEX_POINT('',#533);
#535=CARTESIAN_POINT('',(-67.70922088623047,-90.32080078125,397.37176513671875));
#536=VERTEX_POINT('',#535);
#537=CARTESIAN_POINT('',(-66.05924224853516,-90.2507095336914,397.3404541015625));
#538=VERTEX_POINT('',#537);
#539=CARTESIAN_POINT('',(-69.35919952392578,-90.32080078125,397.37176513671875));
#540=VERTEX_POINT('',#539);
#541=CARTESIAN_POINT('',(-67.70922088623047,-90.2507095336914,397.3404541015625));
#542=VERTEX_POINT('',#541);
#543=CARTESIAN_POINT('',(-69.35919952392578,-90.2507095336914,397.3404541015625));
#544=VERTEX_POINT('',#543);
#545=CARTESIAN_POINT('',(-56.15936279296875,-90.32080078125,397.37176513671875));
#546=VERTEX_POINT('',#545);
#547=CARTESIAN_POINT('',(-56.15936279296875,-90.3852767944336,397.4134521484375));
#548=VERTEX_POINT('',#547);
#549=CARTESIAN_POINT('',(-56.15936279296875,-90.44261932373047,397.4645080566406));
#550=VERTEX_POINT('',#549);
#551=CARTESIAN_POINT('',(-57.80934143066406,-90.3852767944336,397.4134521484375));
#552=VERTEX_POINT('',#551);
#553=CARTESIAN_POINT('',(-59.45932388305664,-90.44261932373047,397.4645080566406));
#554=VERTEX_POINT('',#553);
#555=CARTESIAN_POINT('',(-61.10930252075195,-90.49146270751953,397.5237121582031));
#556=VERTEX_POINT('',#555);
#557=CARTESIAN_POINT('',(-62.759281158447266,-90.5306625366211,397.5897216796875));
#558=VERTEX_POINT('',#557);
#559=CARTESIAN_POINT('',(-64.40926361083984,-90.5593032836914,397.6609802246094));
#560=VERTEX_POINT('',#559);
#561=CARTESIAN_POINT('',(-66.05924224853516,-90.57669067382812,397.7357482910156));
#562=VERTEX_POINT('',#561);
#563=CARTESIAN_POINT('',(-57.80934143066406,-90.44261932373047,397.4645080566406));
#564=VERTEX_POINT('',#563);
#565=CARTESIAN_POINT('',(-57.80934143066406,-90.49146270751953,397.5237121582031));
#566=VERTEX_POINT('',#565);
#567=CARTESIAN_POINT('',(-59.45932388305664,-90.49146270751953,397.5237121582031));
#568=VERTEX_POINT('',#567);
#569=CARTESIAN_POINT('',(-61.10930252075195,-90.5306625366211,397.5897216796875));
#570=VERTEX_POINT('',#569);
#571=CARTESIAN_POINT('',(-62.759281158447266,-90.5593032836914,397.6609802246094));
#572=VERTEX_POINT('',#571);
#573=CARTESIAN_POINT('',(-64.40926361083984,-90.57669067382812,397.7357482910156));
#574=VERTEX_POINT('',#573);
#575=CARTESIAN_POINT('',(-66.05924224853516,-90.58243560791016,397.8122863769531));
#576=VERTEX_POINT('',#575);
#577=CARTESIAN_POINT('',(-59.45932388305664,-90.5306625366211,397.5897216796875));
#578=VERTEX_POINT('',#577);
#579=CARTESIAN_POINT('',(-61.10930252075195,-90.5593032836914,397.6609802246094));
#580=VERTEX_POINT('',#579);
#581=CARTESIAN_POINT('',(-62.759281158447266,-90.57669067382812,397.7357482910156));
#582=VERTEX_POINT('',#581);
#583=CARTESIAN_POINT('',(-64.40926361083984,-90.58243560791016,397.8122863769531));
#584=VERTEX_POINT('',#583);
#585=CARTESIAN_POINT('',(-66.05924224853516,-90.57638549804688,397.8888244628906));
#586=VERTEX_POINT('',#585);
#587=CARTESIAN_POINT('',(-52.85940170288086,-87.71263122558594,403.6767883300781));
#588=VERTEX_POINT('',#587);
#589=CARTESIAN_POINT('',(-69.35919952392578,-87.71263122558594,403.6767883300781));
#590=VERTEX_POINT('',#589);
#591=CARTESIAN_POINT('',(-52.85940170288086,-81.3958740234375,395.6356506347656));
#592=VERTEX_POINT('',#591);
#593=CARTESIAN_POINT('',(-52.85940170288086,-79.99466705322266,402.9392395019531));
#594=VERTEX_POINT('',#593);
#595=CARTESIAN_POINT('',(-52.85940170288086,-86.6295394897461,404.212158203125));
#596=VERTEX_POINT('',#595);
#597=CARTESIAN_POINT('',(-52.85940170288086,-86.73660278320312,404.22674560546875));
#598=VERTEX_POINT('',#597);
#599=CARTESIAN_POINT('',(-52.85940170288086,-86.95230865478516,404.22100830078125));
#600=VERTEX_POINT('',#599);
#601=CARTESIAN_POINT('',(-52.85940170288086,-87.05844116210938,404.2007141113281));
#602=VERTEX_POINT('',#601);
#603=CARTESIAN_POINT('',(-52.85940170288086,-87.1617660522461,404.16912841796875));
#604=VERTEX_POINT('',#603);
#605=CARTESIAN_POINT('',(-52.85940170288086,-86.84461212158203,404.2297058105469));
#606=VERTEX_POINT('',#605);
#607=CARTESIAN_POINT('',(-52.85940170288086,-87.26107788085938,404.12652587890625));
#608=VERTEX_POINT('',#607);
#609=CARTESIAN_POINT('',(-52.85940170288086,-87.35520935058594,404.073486328125));
#610=VERTEX_POINT('',#609);
#611=CARTESIAN_POINT('',(-52.85940170288086,-87.44307708740234,404.0105895996094));
#612=VERTEX_POINT('',#611);
#613=CARTESIAN_POINT('',(-52.85940170288086,-87.52364349365234,403.9385986328125));
#614=VERTEX_POINT('',#613);
#615=CARTESIAN_POINT('',(-52.85940170288086,-87.5959701538086,403.85833740234375));
#616=VERTEX_POINT('',#615);
#617=CARTESIAN_POINT('',(-52.85940170288086,-87.65921020507812,403.7707214355469));
#618=VERTEX_POINT('',#617);
#619=CARTESIAN_POINT('',(-55.216514587402344,-87.65921020507812,403.7707214355469));
#620=VERTEX_POINT('',#619);
#621=CARTESIAN_POINT('',(-57.573631286621094,-87.65921020507812,403.7707214355469));
#622=VERTEX_POINT('',#621);
#623=CARTESIAN_POINT('',(-59.93074417114258,-87.65921020507812,403.7707214355469));
#624=VERTEX_POINT('',#623);
#625=CARTESIAN_POINT('',(-59.93074417114258,-87.5959701538086,403.85833740234375));
#626=VERTEX_POINT('',#625);
#627=CARTESIAN_POINT('',(-62.28786087036133,-87.5959701538086,403.85833740234375));
#628=VERTEX_POINT('',#627);
#629=CARTESIAN_POINT('',(-62.28786087036133,-87.52364349365234,403.9385986328125));
#630=VERTEX_POINT('',#629);
#631=CARTESIAN_POINT('',(-64.64497375488281,-87.52364349365234,403.9385986328125));
#632=VERTEX_POINT('',#631);
#633=CARTESIAN_POINT('',(-64.64497375488281,-87.44307708740234,404.0105895996094));
#634=VERTEX_POINT('',#633);
#635=CARTESIAN_POINT('',(-67.00209045410156,-87.44307708740234,404.0105895996094));
#636=VERTEX_POINT('',#635);
#637=CARTESIAN_POINT('',(-67.00209045410156,-87.35520935058594,404.073486328125));
#638=VERTEX_POINT('',#637);
#639=CARTESIAN_POINT('',(-69.35919952392578,-87.35520935058594,404.073486328125));
#640=VERTEX_POINT('',#639);
#641=CARTESIAN_POINT('',(-69.35919952392578,-87.26107788085938,404.12652587890625));
#642=VERTEX_POINT('',#641);
#643=CARTESIAN_POINT('',(-67.00209045410156,-87.26107788085938,404.12652587890625));
#644=VERTEX_POINT('',#643);
#645=CARTESIAN_POINT('',(-69.35919952392578,-87.1617660522461,404.16912841796875));
#646=VERTEX_POINT('',#645);
#647=CARTESIAN_POINT('',(-67.00209045410156,-87.1617660522461,404.16912841796875));
#648=VERTEX_POINT('',#647);
#649=CARTESIAN_POINT('',(-69.35919952392578,-87.05844116210938,404.2007141113281));
#650=VERTEX_POINT('',#649);
#651=CARTESIAN_POINT('',(-67.00209045410156,-87.05844116210938,404.2007141113281));
#652=VERTEX_POINT('',#651);
#653=CARTESIAN_POINT('',(-69.35919952392578,-86.95230865478516,404.22100830078125));
#654=VERTEX_POINT('',#653);
#655=CARTESIAN_POINT('',(-67.00209045410156,-86.95230865478516,404.22100830078125));
#656=VERTEX_POINT('',#655);
#657=CARTESIAN_POINT('',(-69.35919952392578,-86.84461212158203,404.2297058105469));
#658=VERTEX_POINT('',#657);
#659=CARTESIAN_POINT('',(-67.00209045410156,-86.84461212158203,404.2297058105469));
#660=VERTEX_POINT('',#659);
#661=CARTESIAN_POINT('',(-69.35919952392578,-86.73660278320312,404.22674560546875));
#662=VERTEX_POINT('',#661);
#663=CARTESIAN_POINT('',(-67.00209045410156,-86.73660278320312,404.22674560546875));
#664=VERTEX_POINT('',#663);
#665=CARTESIAN_POINT('',(-69.35919952392578,-86.6295394897461,404.212158203125));
#666=VERTEX_POINT('',#665);
#667=CARTESIAN_POINT('',(-64.64497375488281,-86.73660278320312,404.22674560546875));
#668=VERTEX_POINT('',#667);
#669=CARTESIAN_POINT('',(-62.28786087036133,-86.73660278320312,404.22674560546875));
#670=VERTEX_POINT('',#669);
#671=CARTESIAN_POINT('',(-62.28786087036133,-86.84461212158203,404.2297058105469));
#672=VERTEX_POINT('',#671);
#673=CARTESIAN_POINT('',(-59.93074417114258,-86.84461212158203,404.2297058105469));
#674=VERTEX_POINT('',#673);
#675=CARTESIAN_POINT('',(-59.93074417114258,-86.95230865478516,404.22100830078125));
#676=VERTEX_POINT('',#675);
#677=CARTESIAN_POINT('',(-57.573631286621094,-86.95230865478516,404.22100830078125));
#678=VERTEX_POINT('',#677);
#679=CARTESIAN_POINT('',(-57.573631286621094,-87.05844116210938,404.2007141113281));
#680=VERTEX_POINT('',#679);
#681=CARTESIAN_POINT('',(-55.216514587402344,-87.05844116210938,404.2007141113281));
#682=VERTEX_POINT('',#681);
#683=CARTESIAN_POINT('',(-55.216514587402344,-87.1617660522461,404.16912841796875));
#684=VERTEX_POINT('',#683);
#685=CARTESIAN_POINT('',(-55.216514587402344,-87.26107788085938,404.12652587890625));
#686=VERTEX_POINT('',#685);
#687=CARTESIAN_POINT('',(-55.216514587402344,-87.35520935058594,404.073486328125));
#688=VERTEX_POINT('',#687);
#689=CARTESIAN_POINT('',(-55.216514587402344,-87.44307708740234,404.0105895996094));
#690=VERTEX_POINT('',#689);
#691=CARTESIAN_POINT('',(-55.216514587402344,-87.52364349365234,403.9385986328125));
#692=VERTEX_POINT('',#691);
#693=CARTESIAN_POINT('',(-55.216514587402344,-87.5959701538086,403.85833740234375));
#694=VERTEX_POINT('',#693);
#695=CARTESIAN_POINT('',(-55.216514587402344,-86.95230865478516,404.22100830078125));
#696=VERTEX_POINT('',#695);
#697=CARTESIAN_POINT('',(-57.573631286621094,-86.84461212158203,404.2297058105469));
#698=VERTEX_POINT('',#697);
#699=CARTESIAN_POINT('',(-59.93074417114258,-86.73660278320312,404.22674560546875));
#700=VERTEX_POINT('',#699);
#701=CARTESIAN_POINT('',(-55.216514587402344,-86.84461212158203,404.2297058105469));
#702=VERTEX_POINT('',#701);
#703=CARTESIAN_POINT('',(-57.573631286621094,-86.73660278320312,404.22674560546875));
#704=VERTEX_POINT('',#703);
#705=CARTESIAN_POINT('',(-55.216514587402344,-86.73660278320312,404.22674560546875));
#706=VERTEX_POINT('',#705);
#707=CARTESIAN_POINT('',(-69.35919952392578,-87.44307708740234,404.0105895996094));
#708=VERTEX_POINT('',#707);
#709=CARTESIAN_POINT('',(-67.00209045410156,-87.52364349365234,403.9385986328125));
#710=VERTEX_POINT('',#709);
#711=CARTESIAN_POINT('',(-64.64497375488281,-87.5959701538086,403.85833740234375));
#712=VERTEX_POINT('',#711);
#713=CARTESIAN_POINT('',(-62.28786087036133,-87.65921020507812,403.7707214355469));
#714=VERTEX_POINT('',#713);
#715=CARTESIAN_POINT('',(-69.35919952392578,-87.52364349365234,403.9385986328125));
#716=VERTEX_POINT('',#715);
#717=CARTESIAN_POINT('',(-67.00209045410156,-87.5959701538086,403.85833740234375));
#718=VERTEX_POINT('',#717);
#719=CARTESIAN_POINT('',(-64.64497375488281,-87.65921020507812,403.7707214355469));
#720=VERTEX_POINT('',#719);
#721=CARTESIAN_POINT('',(-69.35919952392578,-87.5959701538086,403.85833740234375));
#722=VERTEX_POINT('',#721);
#723=CARTESIAN_POINT('',(-67.00209045410156,-87.65921020507812,403.7707214355469));
#724=VERTEX_POINT('',#723);
#725=CARTESIAN_POINT('',(-69.35919952392578,-87.65921020507812,403.7707214355469));
#726=VERTEX_POINT('',#725);
#727=CARTESIAN_POINT('',(-57.573631286621094,-87.5959701538086,403.85833740234375));
#728=VERTEX_POINT('',#727);
#729=CARTESIAN_POINT('',(-57.573631286621094,-87.52364349365234,403.9385986328125));
#730=VERTEX_POINT('',#729);
#731=CARTESIAN_POINT('',(-57.573631286621094,-87.44307708740234,404.0105895996094));
#732=VERTEX_POINT('',#731);
#733=CARTESIAN_POINT('',(-57.573631286621094,-87.35520935058594,404.073486328125));
#734=VERTEX_POINT('',#733);
#735=CARTESIAN_POINT('',(-57.573631286621094,-87.26107788085938,404.12652587890625));
#736=VERTEX_POINT('',#735);
#737=CARTESIAN_POINT('',(-57.573631286621094,-87.1617660522461,404.16912841796875));
#738=VERTEX_POINT('',#737);
#739=CARTESIAN_POINT('',(-59.93074417114258,-87.52364349365234,403.9385986328125));
#740=VERTEX_POINT('',#739);
#741=CARTESIAN_POINT('',(-62.28786087036133,-87.44307708740234,404.0105895996094));
#742=VERTEX_POINT('',#741);
#743=CARTESIAN_POINT('',(-64.64497375488281,-87.35520935058594,404.073486328125));
#744=VERTEX_POINT('',#743);
#745=CARTESIAN_POINT('',(-59.93074417114258,-87.44307708740234,404.0105895996094));
#746=VERTEX_POINT('',#745);
#747=CARTESIAN_POINT('',(-59.93074417114258,-87.35520935058594,404.073486328125));
#748=VERTEX_POINT('',#747);
#749=CARTESIAN_POINT('',(-59.93074417114258,-87.26107788085938,404.12652587890625));
#750=VERTEX_POINT('',#749);
#751=CARTESIAN_POINT('',(-59.93074417114258,-87.1617660522461,404.16912841796875));
#752=VERTEX_POINT('',#751);
#753=CARTESIAN_POINT('',(-59.93074417114258,-87.05844116210938,404.2007141113281));
#754=VERTEX_POINT('',#753);
#755=CARTESIAN_POINT('',(-62.28786087036133,-87.35520935058594,404.073486328125));
#756=VERTEX_POINT('',#755);
#757=CARTESIAN_POINT('',(-64.64497375488281,-87.26107788085938,404.12652587890625));
#758=VERTEX_POINT('',#757);
#759=CARTESIAN_POINT('',(-62.28786087036133,-87.26107788085938,404.12652587890625));
#760=VERTEX_POINT('',#759);
#761=CARTESIAN_POINT('',(-62.28786087036133,-87.1617660522461,404.16912841796875));
#762=VERTEX_POINT('',#761);
#763=CARTESIAN_POINT('',(-62.28786087036133,-87.05844116210938,404.2007141113281));
#764=VERTEX_POINT('',#763);
#765=CARTESIAN_POINT('',(-62.28786087036133,-86.95230865478516,404.22100830078125));
#766=VERTEX_POINT('',#765);
#767=CARTESIAN_POINT('',(-64.64497375488281,-87.1617660522461,404.16912841796875));
#768=VERTEX_POINT('',#767);
#769=CARTESIAN_POINT('',(-64.64497375488281,-87.05844116210938,404.2007141113281));
#770=VERTEX_POINT('',#769);
#771=CARTESIAN_POINT('',(-64.64497375488281,-86.95230865478516,404.22100830078125));
#772=VERTEX_POINT('',#771);
#773=CARTESIAN_POINT('',(-64.64497375488281,-86.84461212158203,404.2297058105469));
#774=VERTEX_POINT('',#773);
#775=CARTESIAN_POINT('',(-69.35919952392578,-79.99466705322266,402.9392395019531));
#776=VERTEX_POINT('',#775);
#777=CARTESIAN_POINT('',(-69.35919952392578,-81.3958740234375,395.6356506347656));
#778=VERTEX_POINT('',#777);
#779=STYLED_ITEM('',(#25),#780);
#780=FACE_SURFACE('',(#785),#781,.T.);
#781=PLANE('',#782);
#782=AXIS2_PLACEMENT_3D('',#41,#783,#784);
#783=DIRECTION('',(0,-0.9980060829460413,0.06311781367172944));
#784=DIRECTION('',(-1,0,0));
#785=FACE_BOUND('',#786,.T.);
#786=EDGE_LOOP('',(#787,#788,#789));
#787=ORIENTED_EDGE('',*,*,#790,.T.);
#788=ORIENTED_EDGE('',*,*,#791,.T.);
#789=ORIENTED_EDGE('',*,*,#792,.T.);
#790=EDGE_CURVE('',#42,#44,#793,.F.);
#791=EDGE_CURVE('',#44,#46,#794,.T.);
#792=EDGE_CURVE('',#46,#42,#795,.T.);
#793=LINE('',#41,#796);
#794=LINE('',#43,#797);
#795=LINE('',#45,#798);
#796=VECTOR('',#799,1.0);
#797=VECTOR('',#800,1.0);
#798=VECTOR('',#801,1.0);
#799=DIRECTION('',(-1,0,0));
#800=DIRECTION('',(0.9524238857251287,-0.019236829128924878,-0.3041688450602916));
#801=DIRECTION('',(0,0.06311781367172944,0.9980060829460414));
#802=STYLED_ITEM('',(#25),#803);
#803=FACE_SURFACE('',(#808),#804,.T.);
#804=PLANE('',#805);
#805=AXIS2_PLACEMENT_3D('',#45,#806,#807);
#806=DIRECTION('',(0,-0.9980060829460413,0.06311781367172944));
#807=DIRECTION('',(-0.9524238857251287,0.019236829128924878,0.3041688450602916));
#808=FACE_BOUND('',#809,.T.);
#809=EDGE_LOOP('',(#810,#811,#812));
#810=ORIENTED_EDGE('',*,*,#813,.T.);
#811=ORIENTED_EDGE('',*,*,#814,.T.);
#812=ORIENTED_EDGE('',*,*,#815,.T.);
#813=EDGE_CURVE('',#46,#44,#816,.F.);
#814=EDGE_CURVE('',#44,#48,#817,.T.);
#815=EDGE_CURVE('',#48,#46,#818,.T.);
#816=LINE('',#45,#819);
#817=LINE('',#43,#820);
#818=LINE('',#47,#821);
#819=VECTOR('',#822,1.0);
#820=VECTOR('',#823,1.0);
#821=VECTOR('',#824,1.0);
#822=DIRECTION('',(-0.9524238857251287,0.019236829128924878,0.3041688450602916));
#823=DIRECTION('',(0,-0.06311781367172944,-0.9980060829460414));
#824=DIRECTION('',(1,0,0));
#825=STYLED_ITEM('',(#25),#826);
#826=FACE_SURFACE('',(#831),#827,.T.);
#827=PLANE('',#828);
#828=AXIS2_PLACEMENT_3D('',#49,#829,#830);
#829=DIRECTION('',(1,0,0));
#830=DIRECTION('',(0,-0.9980060546930223,0.06311826040115726));
#831=FACE_BOUND('',#832,.T.);
#832=EDGE_LOOP('',(#833,#834,#835));
#833=ORIENTED_EDGE('',*,*,#836,.T.);
#834=ORIENTED_EDGE('',*,*,#837,.T.);
#835=ORIENTED_EDGE('',*,*,#838,.T.);
#836=EDGE_CURVE('',#50,#42,#839,.F.);
#837=EDGE_CURVE('',#42,#52,#840,.T.);
#838=EDGE_CURVE('',#52,#50,#841,.T.);
#839=LINE('',#49,#842);
#840=LINE('',#41,#843);
#841=LINE('',#51,#844);
#842=VECTOR('',#845,1.0);
#843=VECTOR('',#846,1.0);
#844=VECTOR('',#847,1.0);
#845=DIRECTION('',(0,-0.9980060546930223,0.06311826040115726));
#846=DIRECTION('',(0,0.5952655183006431,-0.8035290677519182));
#847=DIRECTION('',(0,0.06311781367172944,0.9980060829460414));
#848=STYLED_ITEM('',(#25),#849);
#849=FACE_SURFACE('',(#854),#850,.T.);
#850=PLANE('',#851);
#851=AXIS2_PLACEMENT_3D('',#51,#852,#853);
#852=DIRECTION('',(1,0,0));
#853=DIRECTION('',(0,-0.5952655183006431,0.8035290677519182));
#854=FACE_BOUND('',#855,.T.);
#855=EDGE_LOOP('',(#856,#857,#858));
#856=ORIENTED_EDGE('',*,*,#859,.T.);
#857=ORIENTED_EDGE('',*,*,#860,.T.);
#858=ORIENTED_EDGE('',*,*,#861,.T.);
#859=EDGE_CURVE('',#52,#42,#862,.F.);
#860=EDGE_CURVE('',#42,#46,#863,.T.);
#861=EDGE_CURVE('',#46,#52,#864,.T.);
#862=LINE('',#51,#865);
#863=LINE('',#41,#866);
#864=LINE('',#45,#867);
#865=VECTOR('',#868,1.0);
#866=VECTOR('',#869,1.0);
#867=VECTOR('',#870,1.0);
#868=DIRECTION('',(0,-0.5952655183006431,0.8035290677519182));
#869=DIRECTION('',(0,-0.06311781367172944,-0.9980060829460414));
#870=DIRECTION('',(0,0.9980060546930223,-0.06311826040115726));
#871=STYLED_ITEM('',(#25),#872);
#872=FACE_SURFACE('',(#877),#873,.T.);
#873=PLANE('',#874);
#874=AXIS2_PLACEMENT_3D('',#53,#875,#876);
#875=DIRECTION('',(0,0.9980060829460413,-0.06311781367172944));
#876=DIRECTION('',(1,0,0));
#877=FACE_BOUND('',#878,.T.);
#878=EDGE_LOOP('',(#879,#880,#881));
#879=ORIENTED_EDGE('',*,*,#882,.T.);
#880=ORIENTED_EDGE('',*,*,#883,.T.);
#881=ORIENTED_EDGE('',*,*,#884,.T.);
#882=EDGE_CURVE('',#54,#50,#885,.F.);
#883=EDGE_CURVE('',#50,#56,#886,.T.);
#884=EDGE_CURVE('',#56,#54,#887,.T.);
#885=LINE('',#53,#888);
#886=LINE('',#49,#889);
#887=LINE('',#55,#890);
#888=VECTOR('',#891,1.0);
#889=VECTOR('',#892,1.0);
#890=VECTOR('',#893,1.0);
#891=DIRECTION('',(1,0,0));
#892=DIRECTION('',(-0.9524238857251287,-0.019236829128924878,-0.3041688450602916));
#893=DIRECTION('',(0,0.06311781367172944,0.9980060829460414));
#894=STYLED_ITEM('',(#25),#895);
#895=FACE_SURFACE('',(#900),#896,.T.);
#896=PLANE('',#897);
#897=AXIS2_PLACEMENT_3D('',#55,#898,#899);
#898=DIRECTION('',(0,0.9980060829460413,-0.06311781367172944));
#899=DIRECTION('',(0.9524238857251287,0.019236829128924878,0.3041688450602916));
#900=FACE_BOUND('',#901,.T.);
#901=EDGE_LOOP('',(#902,#903,#904));
#902=ORIENTED_EDGE('',*,*,#905,.T.);
#903=ORIENTED_EDGE('',*,*,#906,.T.);
#904=ORIENTED_EDGE('',*,*,#907,.T.);
#905=EDGE_CURVE('',#56,#50,#908,.F.);
#906=EDGE_CURVE('',#50,#52,#909,.T.);
#907=EDGE_CURVE('',#52,#56,#910,.T.);
#908=LINE('',#55,#911);
#909=LINE('',#49,#912);
#910=LINE('',#51,#913);
#911=VECTOR('',#914,1.0);
#912=VECTOR('',#915,1.0);
#913=VECTOR('',#916,1.0);
#914=DIRECTION('',(0.9524238857251287,0.019236829128924878,0.3041688450602916));
#915=DIRECTION('',(0,-0.06311781367172944,-0.9980060829460414));
#916=DIRECTION('',(-1,0,0));
#917=STYLED_ITEM('',(#25),#918);
#918=FACE_SURFACE('',(#923),#919,.T.);
#919=PLANE('',#920);
#920=AXIS2_PLACEMENT_3D('',#43,#921,#922);
#921=DIRECTION('',(-1,0,-0));
#922=DIRECTION('',(0,0.9980060546930223,-0.06311826040115726));
#923=FACE_BOUND('',#924,.T.);
#924=EDGE_LOOP('',(#925,#926,#927));
#925=ORIENTED_EDGE('',*,*,#928,.T.);
#926=ORIENTED_EDGE('',*,*,#929,.T.);
#927=ORIENTED_EDGE('',*,*,#930,.T.);
#928=EDGE_CURVE('',#44,#54,#931,.F.);
#929=EDGE_CURVE('',#54,#48,#932,.T.);
#930=EDGE_CURVE('',#48,#44,#933,.T.);
#931=LINE('',#43,#934);
#932=LINE('',#53,#935);
#933=LINE('',#47,#936);
#934=VECTOR('',#937,1.0);
#935=VECTOR('',#938,1.0);
#936=VECTOR('',#939,1.0);
#937=DIRECTION('',(0,0.9980060546930223,-0.06311826040115726));
#938=DIRECTION('',(0,-0.6917546249923768,-0.7221326324171038));
#939=DIRECTION('',(0,0.06311781367172944,0.9980060829460414));
#940=STYLED_ITEM('',(#25),#941);
#941=FACE_SURFACE('',(#946),#942,.T.);
#942=PLANE('',#943);
#943=AXIS2_PLACEMENT_3D('',#47,#944,#945);
#944=DIRECTION('',(-1,0,0));
#945=DIRECTION('',(0,0.6917546249923768,0.7221326324171038));
#946=FACE_BOUND('',#947,.T.);
#947=EDGE_LOOP('',(#948,#949,#950));
#948=ORIENTED_EDGE('',*,*,#951,.T.);
#949=ORIENTED_EDGE('',*,*,#952,.T.);
#950=ORIENTED_EDGE('',*,*,#953,.T.);
#951=EDGE_CURVE('',#48,#54,#954,.F.);
#952=EDGE_CURVE('',#54,#56,#955,.T.);
#953=EDGE_CURVE('',#56,#48,#956,.T.);
#954=LINE('',#47,#957);
#955=LINE('',#53,#958);
#956=LINE('',#55,#959);
#957=VECTOR('',#960,1.0);
#958=VECTOR('',#961,1.0);
#959=VECTOR('',#962,1.0);
#960=DIRECTION('',(0,0.6917546249923768,0.7221326324171038));
#961=DIRECTION('',(0,-0.06311781367172944,-0.9980060829460414));
#962=DIRECTION('',(0,-0.9980060546930223,0.06311826040115726));
#963=STYLED_ITEM('',(#25),#964);
#964=FACE_SURFACE('',(#969),#965,.T.);
#965=PLANE('',#966);
#966=AXIS2_PLACEMENT_3D('',#55,#967,#968);
#967=DIRECTION('',(0,-0.06311826040115724,-0.9980060546930222));
#968=DIRECTION('',(1,0,0));
#969=FACE_BOUND('',#970,.T.);
#970=EDGE_LOOP('',(#971,#972,#973));
#971=ORIENTED_EDGE('',*,*,#974,.T.);
#972=ORIENTED_EDGE('',*,*,#975,.T.);
#973=ORIENTED_EDGE('',*,*,#976,.T.);
#974=EDGE_CURVE('',#56,#52,#977,.F.);
#975=EDGE_CURVE('',#52,#48,#978,.T.);
#976=EDGE_CURVE('',#48,#56,#979,.T.);
#977=LINE('',#55,#980);
#978=LINE('',#51,#981);
#979=LINE('',#47,#982);
#980=VECTOR('',#983,1.0);
#981=VECTOR('',#984,1.0);
#982=VECTOR('',#985,1.0);
#983=DIRECTION('',(1,0,0));
#984=DIRECTION('',(-0.9654419797759106,-0.2600984219240223,0.0164497598463771));
#985=DIRECTION('',(0,0.9980060546930223,-0.06311826040115726));
#986=STYLED_ITEM('',(#25),#987);
#987=FACE_SURFACE('',(#992),#988,.T.);
#988=PLANE('',#989);
#989=AXIS2_PLACEMENT_3D('',#47,#990,#991);
#990=DIRECTION('',(0,-0.06311826040115724,-0.9980060546930222));
#991=DIRECTION('',(0.9654419797759106,0.2600984219240223,-0.0164497598463771));
#992=FACE_BOUND('',#993,.T.);
#993=EDGE_LOOP('',(#994,#995,#996));
#994=ORIENTED_EDGE('',*,*,#997,.T.);
#995=ORIENTED_EDGE('',*,*,#998,.T.);
#996=ORIENTED_EDGE('',*,*,#999,.T.);
#997=EDGE_CURVE('',#48,#52,#1000,.F.);
#998=EDGE_CURVE('',#52,#46,#1001,.T.);
#999=EDGE_CURVE('',#46,#48,#1002,.T.);
#1000=LINE('',#47,#1003);
#1001=LINE('',#51,#1004);
#1002=LINE('',#45,#1005);
#1003=VECTOR('',#1006,1.0);
#1004=VECTOR('',#1007,1.0);
#1005=VECTOR('',#1008,1.0);
#1006=DIRECTION('',(0.9654419797759106,0.2600984219240223,-0.0164497598463771));
#1007=DIRECTION('',(0,-0.9980060546930223,0.06311826040115726));
#1008=DIRECTION('',(-1,0,0));
#1009=STYLED_ITEM('',(#25),#1010);
#1010=FACE_SURFACE('',(#1015),#1011,.T.);
#1011=PLANE('',#1012);
#1012=AXIS2_PLACEMENT_3D('',#57,#1013,#1014);
#1013=DIRECTION('',(-0,-0.5891276394954903,-0.8080399893461161));
#1014=DIRECTION('',(-1,0,0));
#1015=FACE_BOUND('',#1016,.T.);
#1016=EDGE_LOOP('',(#1017,#1018,#1019));
#1017=ORIENTED_EDGE('',*,*,#1020,.T.);
#1018=ORIENTED_EDGE('',*,*,#1021,.T.);
#1019=ORIENTED_EDGE('',*,*,#1022,.T.);
#1020=EDGE_CURVE('',#58,#60,#1023,.F.);
#1021=EDGE_CURVE('',#60,#62,#1024,.T.);
#1022=EDGE_CURVE('',#62,#58,#1025,.T.);
#1023=LINE('',#57,#1026);
#1024=LINE('',#59,#1027);
#1025=LINE('',#61,#1028);
#1026=VECTOR('',#1029,1.0);
#1027=VECTOR('',#1030,1.0);
#1028=VECTOR('',#1031,1.0);
#1029=DIRECTION('',(-1,0,0));
#1030=DIRECTION('',(0.9987202433744191,0.04086698073839678,-0.029795391581055403));
#1031=DIRECTION('',(0,-0.8080399893461162,0.5891276394954903));
#1032=STYLED_ITEM('',(#25),#1033);
#1033=FACE_SURFACE('',(#1038),#1034,.T.);
#1034=PLANE('',#1035);
#1035=AXIS2_PLACEMENT_3D('',#61,#1036,#1037);
#1036=DIRECTION('',(0,-0.5891276394954903,-0.8080399893461161));
#1037=DIRECTION('',(-0.9987202433744191,-0.04086698073839678,0.029795391581055403));
#1038=FACE_BOUND('',#1039,.T.);
#1039=EDGE_LOOP('',(#1040,#1041,#1042));
#1040=ORIENTED_EDGE('',*,*,#1043,.T.);
#1041=ORIENTED_EDGE('',*,*,#1044,.T.);
#1042=ORIENTED_EDGE('',*,*,#1045,.T.);
#1043=EDGE_CURVE('',#62,#60,#1046,.F.);
#1044=EDGE_CURVE('',#60,#64,#1047,.T.);
#1045=EDGE_CURVE('',#64,#62,#1048,.T.);
#1046=LINE('',#61,#1049);
#1047=LINE('',#59,#1050);
#1048=LINE('',#63,#1051);
#1049=VECTOR('',#1052,1.0);
#1050=VECTOR('',#1053,1.0);
#1051=VECTOR('',#1054,1.0);
#1052=DIRECTION('',(-0.9987202433744191,-0.04086698073839678,0.029795391581055403));
#1053=DIRECTION('',(-1,0,0));
#1054=DIRECTION('',(0.9996795996779232,0.020453118486199448,-0.014912006302865008));
#1055=STYLED_ITEM('',(#25),#1056);
#1056=FACE_SURFACE('',(#1061),#1057,.T.);
#1057=PLANE('',#1058);
#1058=AXIS2_PLACEMENT_3D('',#61,#1059,#1060);
#1059=DIRECTION('',(0,-0.5891276394954903,-0.8080399893461161));
#1060=DIRECTION('',(-0.9996795996779232,-0.020453118486199448,0.014912006302865008));
#1061=FACE_BOUND('',#1062,.T.);
#1062=EDGE_LOOP('',(#1063,#1064,#1065));
#1063=ORIENTED_EDGE('',*,*,#1066,.T.);
#1064=ORIENTED_EDGE('',*,*,#1067,.T.);
#1065=ORIENTED_EDGE('',*,*,#1068,.T.);
#1066=EDGE_CURVE('',#62,#64,#1069,.F.);
#1067=EDGE_CURVE('',#64,#66,#1070,.T.);
#1068=EDGE_CURVE('',#66,#62,#1071,.T.);
#1069=LINE('',#61,#1072);
#1070=LINE('',#63,#1073);
#1071=LINE('',#65,#1074);
#1072=VECTOR('',#1075,1.0);
#1073=VECTOR('',#1076,1.0);
#1074=VECTOR('',#1077,1.0);
#1075=DIRECTION('',(-0.9996795996779232,-0.020453118486199448,0.014912006302865008));
#1076=DIRECTION('',(-1,0,0));
#1077=DIRECTION('',(0.9998575618287586,0.013637839689166235,-0.00994310728408139));
#1078=STYLED_ITEM('',(#25),#1079);
#1079=FACE_SURFACE('',(#1084),#1080,.T.);
#1080=PLANE('',#1081);
#1081=AXIS2_PLACEMENT_3D('',#65,#1082,#1083);
#1082=DIRECTION('',(0,-0.7126027824302584,-0.7015677262193961));
#1083=DIRECTION('',(1,0,0));
#1084=FACE_BOUND('',#1085,.T.);
#1085=EDGE_LOOP('',(#1086,#1087,#1088));
#1086=ORIENTED_EDGE('',*,*,#1089,.T.);
#1087=ORIENTED_EDGE('',*,*,#1090,.T.);
#1088=ORIENTED_EDGE('',*,*,#1091,.T.);
#1089=EDGE_CURVE('',#66,#64,#1092,.F.);
#1090=EDGE_CURVE('',#64,#68,#1093,.T.);
#1091=EDGE_CURVE('',#68,#66,#1094,.T.);
#1092=LINE('',#65,#1095);
#1093=LINE('',#63,#1096);
#1094=LINE('',#67,#1097);
#1095=VECTOR('',#1098,1.0);
#1096=VECTOR('',#1099,1.0);
#1097=VECTOR('',#1100,1.0);
#1098=DIRECTION('',(1,0,0));
#1099=DIRECTION('',(-0.998720382735408,-0.03548016806851791,0.036038240560131496));
#1100=DIRECTION('',(0,0.7015677262193961,-0.7126027824302584));
#1101=STYLED_ITEM('',(#25),#1102);
#1102=FACE_SURFACE('',(#1107),#1103,.T.);
#1103=PLANE('',#1104);
#1104=AXIS2_PLACEMENT_3D('',#65,#1105,#1106);
#1105=DIRECTION('',(0,-0.7126027824302584,-0.7015677262193961));
#1106=DIRECTION('',(0,-0.7015677262193961,0.7126027824302584));
#1107=FACE_BOUND('',#1108,.T.);
#1108=EDGE_LOOP('',(#1109,#1110,#1111));
#1109=ORIENTED_EDGE('',*,*,#1112,.T.);
#1110=ORIENTED_EDGE('',*,*,#1113,.T.);
#1111=ORIENTED_EDGE('',*,*,#1114,.T.);
#1112=EDGE_CURVE('',#66,#68,#1115,.F.);
#1113=EDGE_CURVE('',#68,#70,#1116,.T.);
#1114=EDGE_CURVE('',#70,#66,#1117,.T.);
#1115=LINE('',#65,#1118);
#1116=LINE('',#67,#1119);
#1117=LINE('',#69,#1120);
#1118=VECTOR('',#1121,1.0);
#1119=VECTOR('',#1122,1.0);
#1120=VECTOR('',#1123,1.0);
#1121=DIRECTION('',(0,-0.7015677262193961,0.7126027824302584));
#1122=DIRECTION('',(-1,0,0));
#1123=DIRECTION('',(0.998720382735408,0.03548016806851791,-0.036038240560131496));
#1124=STYLED_ITEM('',(#25),#1125);
#1125=FACE_SURFACE('',(#1130),#1126,.T.);
#1126=PLANE('',#1127);
#1127=AXIS2_PLACEMENT_3D('',#69,#1128,#1129);
#1128=DIRECTION('',(0,-0.8172942681825399,-0.57622051264769));
#1129=DIRECTION('',(1,0,0));
#1130=FACE_BOUND('',#1131,.T.);
#1131=EDGE_LOOP('',(#1132,#1133,#1134));
#1132=ORIENTED_EDGE('',*,*,#1135,.T.);
#1133=ORIENTED_EDGE('',*,*,#1136,.T.);
#1134=ORIENTED_EDGE('',*,*,#1137,.T.);
#1135=EDGE_CURVE('',#70,#68,#1138,.F.);
#1136=EDGE_CURVE('',#68,#72,#1139,.T.);
#1137=EDGE_CURVE('',#72,#70,#1140,.T.);
#1138=LINE('',#69,#1141);
#1139=LINE('',#67,#1142);
#1140=LINE('',#71,#1143);
#1141=VECTOR('',#1144,1.0);
#1142=VECTOR('',#1145,1.0);
#1143=VECTOR('',#1146,1.0);
#1144=DIRECTION('',(1,0,0));
#1145=DIRECTION('',(-0.9987202326182597,-0.029142730308747707,0.04133519358949285));
#1146=DIRECTION('',(0,0.5762205126476899,-0.8172942681825398));
#1147=STYLED_ITEM('',(#25),#1148);
#1148=FACE_SURFACE('',(#1153),#1149,.T.);
#1149=PLANE('',#1150);
#1150=AXIS2_PLACEMENT_3D('',#69,#1151,#1152);
#1151=DIRECTION('',(0,-0.8172942681825399,-0.57622051264769));
#1152=DIRECTION('',(0,-0.5762205126476899,0.8172942681825398));
#1153=FACE_BOUND('',#1154,.T.);
#1154=EDGE_LOOP('',(#1155,#1156,#1157));
#1155=ORIENTED_EDGE('',*,*,#1158,.T.);
#1156=ORIENTED_EDGE('',*,*,#1159,.T.);
#1157=ORIENTED_EDGE('',*,*,#1160,.T.);
#1158=EDGE_CURVE('',#70,#72,#1161,.F.);
#1159=EDGE_CURVE('',#72,#74,#1162,.T.);
#1160=EDGE_CURVE('',#74,#70,#1163,.T.);
#1161=LINE('',#69,#1164);
#1162=LINE('',#71,#1165);
#1163=LINE('',#73,#1166);
#1164=VECTOR('',#1167,1.0);
#1165=VECTOR('',#1168,1.0);
#1166=VECTOR('',#1169,1.0);
#1167=DIRECTION('',(0,-0.5762205126476899,0.8172942681825398));
#1168=DIRECTION('',(-1,0,0));
#1169=DIRECTION('',(0.9987202326182597,0.029142730308747707,-0.04133519358949285));
#1170=STYLED_ITEM('',(#25),#1171);
#1171=FACE_SURFACE('',(#1176),#1172,.T.);
#1172=PLANE('',#1173);
#1173=AXIS2_PLACEMENT_3D('',#73,#1174,#1175);
#1174=DIRECTION('',(0,-0.9001852648840989,-0.43550716284068686));
#1175=DIRECTION('',(1,0,0));
#1176=FACE_BOUND('',#1177,.T.);
#1177=EDGE_LOOP('',(#1178,#1179,#1180));
#1178=ORIENTED_EDGE('',*,*,#1181,.T.);
#1179=ORIENTED_EDGE('',*,*,#1182,.T.);
#1180=ORIENTED_EDGE('',*,*,#1183,.T.);
#1181=EDGE_CURVE('',#74,#72,#1184,.F.);
#1182=EDGE_CURVE('',#72,#76,#1185,.T.);
#1183=EDGE_CURVE('',#76,#74,#1186,.T.);
#1184=LINE('',#73,#1187);
#1185=LINE('',#71,#1188);
#1186=LINE('',#75,#1189);
#1187=VECTOR('',#1190,1.0);
#1188=VECTOR('',#1191,1.0);
#1189=VECTOR('',#1192,1.0);
#1190=DIRECTION('',(1,0,0));
#1191=DIRECTION('',(-0.9987198137202896,-0.022029662583772473,0.04553490583009046));
#1192=DIRECTION('',(0,0.43550716284068686,-0.900185264884099));
#1193=STYLED_ITEM('',(#25),#1194);
#1194=FACE_SURFACE('',(#1199),#1195,.T.);
#1195=PLANE('',#1196);
#1196=AXIS2_PLACEMENT_3D('',#73,#1197,#1198);
#1197=DIRECTION('',(0,-0.900185264884099,-0.43550716284068686));
#1198=DIRECTION('',(0,-0.43550716284068686,0.900185264884099));
#1199=FACE_BOUND('',#1200,.T.);
#1200=EDGE_LOOP('',(#1201,#1202,#1203));
#1201=ORIENTED_EDGE('',*,*,#1204,.T.);
#1202=ORIENTED_EDGE('',*,*,#1205,.T.);
#1203=ORIENTED_EDGE('',*,*,#1206,.T.);
#1204=EDGE_CURVE('',#74,#76,#1207,.F.);
#1205=EDGE_CURVE('',#76,#78,#1208,.T.);
#1206=EDGE_CURVE('',#78,#74,#1209,.T.);
#1207=LINE('',#73,#1210);
#1208=LINE('',#75,#1211);
#1209=LINE('',#77,#1212);
#1210=VECTOR('',#1213,1.0);
#1211=VECTOR('',#1214,1.0);
#1212=VECTOR('',#1215,1.0);
#1213=DIRECTION('',(0,-0.43550716284068686,0.900185264884099));
#1214=DIRECTION('',(-1,0,0));
#1215=DIRECTION('',(0.9987198197709379,0.022029610556764292,-0.04553479829122512));
#1216=STYLED_ITEM('',(#25),#1217);
#1217=FACE_SURFACE('',(#1222),#1218,.T.);
#1218=PLANE('',#1219);
#1219=AXIS2_PLACEMENT_3D('',#77,#1220,#1221);
#1220=DIRECTION('',(0,-0.9589969165086696,-0.2834165029190501));
#1221=DIRECTION('',(1,0,0));
#1222=FACE_BOUND('',#1223,.T.);
#1223=EDGE_LOOP('',(#1224,#1225,#1226));
#1224=ORIENTED_EDGE('',*,*,#1227,.T.);
#1225=ORIENTED_EDGE('',*,*,#1228,.T.);
#1226=ORIENTED_EDGE('',*,*,#1229,.T.);
#1227=EDGE_CURVE('',#78,#76,#1230,.F.);
#1228=EDGE_CURVE('',#76,#80,#1231,.T.);
#1229=EDGE_CURVE('',#80,#78,#1232,.T.);
#1230=LINE('',#77,#1233);
#1231=LINE('',#75,#1234);
#1232=LINE('',#79,#1235);
#1233=VECTOR('',#1236,1.0);
#1234=VECTOR('',#1237,1.0);
#1235=VECTOR('',#1238,1.0);
#1236=DIRECTION('',(1,0,0));
#1237=DIRECTION('',(-0.9987200750021135,-0.014334857591590769,0.048504882698566454));
#1238=DIRECTION('',(0,0.2834165029190501,-0.9589969165086695));
#1239=STYLED_ITEM('',(#25),#1240);
#1240=FACE_SURFACE('',(#1245),#1241,.T.);
#1241=PLANE('',#1242);
#1242=AXIS2_PLACEMENT_3D('',#77,#1243,#1244);
#1243=DIRECTION('',(0,-0.9589969165086695,-0.28341650291905));
#1244=DIRECTION('',(0,-0.2834165029190501,0.9589969165086695));
#1245=FACE_BOUND('',#1246,.T.);
#1246=EDGE_LOOP('',(#1247,#1248,#1249));
#1247=ORIENTED_EDGE('',*,*,#1250,.T.);
#1248=ORIENTED_EDGE('',*,*,#1251,.T.);
#1249=ORIENTED_EDGE('',*,*,#1252,.T.);
#1250=EDGE_CURVE('',#78,#80,#1253,.F.);
#1251=EDGE_CURVE('',#80,#82,#1254,.T.);
#1252=EDGE_CURVE('',#82,#78,#1255,.T.);
#1253=LINE('',#77,#1256);
#1254=LINE('',#79,#1257);
#1255=LINE('',#81,#1258);
#1256=VECTOR('',#1259,1.0);
#1257=VECTOR('',#1260,1.0);
#1258=VECTOR('',#1261,1.0);
#1259=DIRECTION('',(0,-0.2834165029190501,0.9589969165086695));
#1260=DIRECTION('',(-1,0,0));
#1261=DIRECTION('',(0.9987200629031819,0.014334925300630979,-0.04850511180576421));
#1262=STYLED_ITEM('',(#25),#1263);
#1263=FACE_SURFACE('',(#1268),#1264,.T.);
#1264=PLANE('',#1265);
#1265=AXIS2_PLACEMENT_3D('',#81,#1266,#1267);
#1266=DIRECTION('',(0,-0.992318105212411,-0.12371248145458158));
#1267=DIRECTION('',(1,0,0));
#1268=FACE_BOUND('',#1269,.T.);
#1269=EDGE_LOOP('',(#1270,#1271,#1272));
#1270=ORIENTED_EDGE('',*,*,#1273,.T.);
#1271=ORIENTED_EDGE('',*,*,#1274,.T.);
#1272=ORIENTED_EDGE('',*,*,#1275,.T.);
#1273=EDGE_CURVE('',#82,#80,#1276,.F.);
#1274=EDGE_CURVE('',#80,#84,#1277,.T.);
#1275=EDGE_CURVE('',#84,#82,#1278,.T.);
#1276=LINE('',#81,#1279);
#1277=LINE('',#79,#1280);
#1278=LINE('',#83,#1281);
#1279=VECTOR('',#1282,1.0);
#1280=VECTOR('',#1283,1.0);
#1281=VECTOR('',#1284,1.0);
#1282=DIRECTION('',(1,0,0));
#1283=DIRECTION('',(-0.9987201480592729,-0.006257046449950126,0.050188795863092016));
#1284=DIRECTION('',(0,0.1237124814545816,-0.9923181052124112));
#1285=STYLED_ITEM('',(#25),#1286);
#1286=FACE_SURFACE('',(#1291),#1287,.T.);
#1287=PLANE('',#1288);
#1288=AXIS2_PLACEMENT_3D('',#81,#1289,#1290);
#1289=DIRECTION('',(0,-0.9923181052124112,-0.1237124814545816));
#1290=DIRECTION('',(0,-0.1237124814545816,0.9923181052124112));
#1291=FACE_BOUND('',#1292,.T.);
#1292=EDGE_LOOP('',(#1293,#1294,#1295));
#1293=ORIENTED_EDGE('',*,*,#1296,.T.);
#1294=ORIENTED_EDGE('',*,*,#1297,.T.);
#1295=ORIENTED_EDGE('',*,*,#1298,.T.);
#1296=EDGE_CURVE('',#82,#84,#1299,.F.);
#1297=EDGE_CURVE('',#84,#86,#1300,.T.);
#1298=EDGE_CURVE('',#86,#82,#1301,.T.);
#1299=LINE('',#81,#1302);
#1300=LINE('',#83,#1303);
#1301=LINE('',#85,#1304);
#1302=VECTOR('',#1305,1.0);
#1303=VECTOR('',#1306,1.0);
#1304=VECTOR('',#1307,1.0);
#1305=DIRECTION('',(0,-0.1237124814545816,0.9923181052124112));
#1306=DIRECTION('',(-1,0,0));
#1307=DIRECTION('',(0.9987201601574011,0.006257016895650188,-0.050188558803204684));
#1308=STYLED_ITEM('',(#25),#1309);
#1309=FACE_SURFACE('',(#1314),#1310,.T.);
#1310=PLANE('',#1311);
#1311=AXIS2_PLACEMENT_3D('',#85,#1312,#1313);
#1312=DIRECTION('',(0,-0.9992245370735691,0.03937416043691245));
#1313=DIRECTION('',(1,0,0));
#1314=FACE_BOUND('',#1315,.T.);
#1315=EDGE_LOOP('',(#1316,#1317,#1318));
#1316=ORIENTED_EDGE('',*,*,#1319,.T.);
#1317=ORIENTED_EDGE('',*,*,#1320,.T.);
#1318=ORIENTED_EDGE('',*,*,#1321,.T.);
#1319=EDGE_CURVE('',#86,#84,#1322,.F.);
#1320=EDGE_CURVE('',#84,#88,#1323,.T.);
#1321=EDGE_CURVE('',#88,#86,#1324,.T.);
#1322=LINE('',#85,#1325);
#1323=LINE('',#83,#1326);
#1324=LINE('',#87,#1327);
#1325=VECTOR('',#1328,1.0);
#1326=VECTOR('',#1329,1.0);
#1327=VECTOR('',#1330,1.0);
#1328=DIRECTION('',(1,0,0));
#1329=DIRECTION('',(-0.9996796886862224,0.0009965008273770362,0.025288871353197757));
#1330=DIRECTION('',(0.9987205923367348,-0.001991094276078464,-0.050529337875587436));
#1331=STYLED_ITEM('',(#25),#1332);
#1332=FACE_SURFACE('',(#1337),#1333,.T.);
#1333=PLANE('',#1334);
#1334=AXIS2_PLACEMENT_3D('',#85,#1335,#1336);
#1335=DIRECTION('',(0,-0.999224537073569,0.03937416043691244));
#1336=DIRECTION('',(-0.9987205923367348,0.001991094276078464,0.050529337875587436));
#1337=FACE_BOUND('',#1338,.T.);
#1338=EDGE_LOOP('',(#1339,#1340,#1341));
#1339=ORIENTED_EDGE('',*,*,#1342,.T.);
#1340=ORIENTED_EDGE('',*,*,#1343,.T.);
#1341=ORIENTED_EDGE('',*,*,#1344,.T.);
#1342=EDGE_CURVE('',#86,#88,#1345,.F.);
#1343=EDGE_CURVE('',#88,#90,#1346,.T.);
#1344=EDGE_CURVE('',#90,#86,#1347,.T.);
#1345=LINE('',#85,#1348);
#1346=LINE('',#87,#1349);
#1347=LINE('',#89,#1350);
#1348=VECTOR('',#1351,1.0);
#1349=VECTOR('',#1352,1.0);
#1350=VECTOR('',#1353,1.0);
#1351=DIRECTION('',(-0.9987205923367348,0.001991094276078464,0.050529337875587436));
#1352=DIRECTION('',(0,-0.03937416043691245,-0.9992245370735691));
#1353=DIRECTION('',(1,0,0));
#1354=STYLED_ITEM('',(#25),#1355);
#1355=FACE_SURFACE('',(#1360),#1356,.T.);
#1356=PLANE('',#1357);
#1357=AXIS2_PLACEMENT_3D('',#59,#1358,#1359);
#1358=DIRECTION('',(0,-0.7126027824302584,-0.7015677262193961));
#1359=DIRECTION('',(1,0,0));
#1360=FACE_BOUND('',#1361,.T.);
#1361=EDGE_LOOP('',(#1362,#1363,#1364));
#1362=ORIENTED_EDGE('',*,*,#1365,.T.);
#1363=ORIENTED_EDGE('',*,*,#1366,.T.);
#1364=ORIENTED_EDGE('',*,*,#1367,.T.);
#1365=EDGE_CURVE('',#60,#58,#1368,.F.);
#1366=EDGE_CURVE('',#58,#92,#1369,.T.);
#1367=EDGE_CURVE('',#92,#60,#1370,.T.);
#1368=LINE('',#59,#1371);
#1369=LINE('',#57,#1372);
#1370=LINE('',#91,#1373);
#1371=VECTOR('',#1374,1.0);
#1372=VECTOR('',#1375,1.0);
#1373=VECTOR('',#1376,1.0);
#1374=DIRECTION('',(1,0,0));
#1375=DIRECTION('',(-0.998720382735408,-0.03548016806851791,0.036038240560131496));
#1376=DIRECTION('',(0,0.7015677262193961,-0.7126027824302584));
#1377=STYLED_ITEM('',(#25),#1378);
#1378=FACE_SURFACE('',(#1383),#1379,.T.);
#1379=PLANE('',#1380);
#1380=AXIS2_PLACEMENT_3D('',#91,#1381,#1382);
#1381=DIRECTION('',(0,-0.7126027824302584,-0.7015677262193961));
#1382=DIRECTION('',(0.998720382735408,0.03548016806851791,-0.036038240560131496));
#1383=FACE_BOUND('',#1384,.T.);
#1384=EDGE_LOOP('',(#1385,#1386,#1387));
#1385=ORIENTED_EDGE('',*,*,#1388,.T.);
#1386=ORIENTED_EDGE('',*,*,#1389,.T.);
#1387=ORIENTED_EDGE('',*,*,#1390,.T.);
#1388=EDGE_CURVE('',#92,#58,#1391,.F.);
#1389=EDGE_CURVE('',#58,#94,#1392,.T.);
#1390=EDGE_CURVE('',#94,#92,#1393,.T.);
#1391=LINE('',#91,#1394);
#1392=LINE('',#57,#1395);
#1393=LINE('',#93,#1396);
#1394=VECTOR('',#1397,1.0);
#1395=VECTOR('',#1398,1.0);
#1396=VECTOR('',#1399,1.0);
#1397=DIRECTION('',(0.998720382735408,0.03548016806851791,-0.036038240560131496));
#1398=DIRECTION('',(0,-0.7015677262193961,0.7126027824302584));
#1399=DIRECTION('',(-1,0,0));
#1400=STYLED_ITEM('',(#25),#1401);
#1401=FACE_SURFACE('',(#1406),#1402,.T.);
#1402=PLANE('',#1403);
#1403=AXIS2_PLACEMENT_3D('',#91,#1404,#1405);
#1404=DIRECTION('',(0,-0.8172942681825399,-0.57622051264769));
#1405=DIRECTION('',(1,0,0));
#1406=FACE_BOUND('',#1407,.T.);
#1407=EDGE_LOOP('',(#1408,#1409,#1410));
#1408=ORIENTED_EDGE('',*,*,#1411,.T.);
#1409=ORIENTED_EDGE('',*,*,#1412,.T.);
#1410=ORIENTED_EDGE('',*,*,#1413,.T.);
#1411=EDGE_CURVE('',#92,#94,#1414,.F.);
#1412=EDGE_CURVE('',#94,#96,#1415,.T.);
#1413=EDGE_CURVE('',#96,#92,#1416,.T.);
#1414=LINE('',#91,#1417);
#1415=LINE('',#93,#1418);
#1416=LINE('',#95,#1419);
#1417=VECTOR('',#1420,1.0);
#1418=VECTOR('',#1421,1.0);
#1419=VECTOR('',#1422,1.0);
#1420=DIRECTION('',(1,0,0));
#1421=DIRECTION('',(-0.9987202326182597,-0.029142730308747707,0.04133519358949285));
#1422=DIRECTION('',(0,0.5762205126476899,-0.8172942681825398));
#1423=STYLED_ITEM('',(#25),#1424);
#1424=FACE_SURFACE('',(#1429),#1425,.T.);
#1425=PLANE('',#1426);
#1426=AXIS2_PLACEMENT_3D('',#95,#1427,#1428);
#1427=DIRECTION('',(0,-0.8172942681825399,-0.57622051264769));
#1428=DIRECTION('',(0.9987202326182597,0.029142730308747707,-0.04133519358949285));
#1429=FACE_BOUND('',#1430,.T.);
#1430=EDGE_LOOP('',(#1431,#1432,#1433));
#1431=ORIENTED_EDGE('',*,*,#1434,.T.);
#1432=ORIENTED_EDGE('',*,*,#1435,.T.);
#1433=ORIENTED_EDGE('',*,*,#1436,.T.);
#1434=EDGE_CURVE('',#96,#94,#1437,.F.);
#1435=EDGE_CURVE('',#94,#98,#1438,.T.);
#1436=EDGE_CURVE('',#98,#96,#1439,.T.);
#1437=LINE('',#95,#1440);
#1438=LINE('',#93,#1441);
#1439=LINE('',#97,#1442);
#1440=VECTOR('',#1443,1.0);
#1441=VECTOR('',#1444,1.0);
#1442=VECTOR('',#1445,1.0);
#1443=DIRECTION('',(0.9987202326182597,0.029142730308747707,-0.04133519358949285));
#1444=DIRECTION('',(0,-0.5762205126476899,0.8172942681825398));
#1445=DIRECTION('',(-1,0,0));
#1446=STYLED_ITEM('',(#25),#1447);
#1447=FACE_SURFACE('',(#1452),#1448,.T.);
#1448=PLANE('',#1449);
#1449=AXIS2_PLACEMENT_3D('',#95,#1450,#1451);
#1450=DIRECTION('',(0,-0.9001852648840989,-0.43550716284068686));
#1451=DIRECTION('',(1,0,0));
#1452=FACE_BOUND('',#1453,.T.);
#1453=EDGE_LOOP('',(#1454,#1455,#1456));
#1454=ORIENTED_EDGE('',*,*,#1457,.T.);
#1455=ORIENTED_EDGE('',*,*,#1458,.T.);
#1456=ORIENTED_EDGE('',*,*,#1459,.T.);
#1457=EDGE_CURVE('',#96,#98,#1460,.F.);
#1458=EDGE_CURVE('',#98,#100,#1461,.T.);
#1459=EDGE_CURVE('',#100,#96,#1462,.T.);
#1460=LINE('',#95,#1463);
#1461=LINE('',#97,#1464);
#1462=LINE('',#99,#1465);
#1463=VECTOR('',#1466,1.0);
#1464=VECTOR('',#1467,1.0);
#1465=VECTOR('',#1468,1.0);
#1466=DIRECTION('',(1,0,0));
#1467=DIRECTION('',(-0.9987198137202896,-0.022029662583772473,0.04553490583009046));
#1468=DIRECTION('',(0,0.43550716284068686,-0.900185264884099));
#1469=STYLED_ITEM('',(#25),#1470);
#1470=FACE_SURFACE('',(#1475),#1471,.T.);
#1471=PLANE('',#1472);
#1472=AXIS2_PLACEMENT_3D('',#99,#1473,#1474);
#1473=DIRECTION('',(0,-0.9001852648840989,-0.43550716284068686));
#1474=DIRECTION('',(0.9987198137202896,0.022029662583772473,-0.04553490583009046));
#1475=FACE_BOUND('',#1476,.T.);
#1476=EDGE_LOOP('',(#1477,#1478,#1479));
#1477=ORIENTED_EDGE('',*,*,#1480,.T.);
#1478=ORIENTED_EDGE('',*,*,#1481,.T.);
#1479=ORIENTED_EDGE('',*,*,#1482,.T.);
#1480=EDGE_CURVE('',#100,#98,#1483,.F.);
#1481=EDGE_CURVE('',#98,#102,#1484,.T.);
#1482=EDGE_CURVE('',#102,#100,#1485,.T.);
#1483=LINE('',#99,#1486);
#1484=LINE('',#97,#1487);
#1485=LINE('',#101,#1488);
#1486=VECTOR('',#1489,1.0);
#1487=VECTOR('',#1490,1.0);
#1488=VECTOR('',#1491,1.0);
#1489=DIRECTION('',(0.9987198137202896,0.022029662583772473,-0.04553490583009046));
#1490=DIRECTION('',(0,-0.43550716284068686,0.900185264884099));
#1491=DIRECTION('',(-1,0,0));
#1492=STYLED_ITEM('',(#25),#1493);
#1493=FACE_SURFACE('',(#1498),#1494,.T.);
#1494=PLANE('',#1495);
#1495=AXIS2_PLACEMENT_3D('',#99,#1496,#1497);
#1496=DIRECTION('',(0,-0.9589969165086695,-0.28341650291905));
#1497=DIRECTION('',(1,0,0));
#1498=FACE_BOUND('',#1499,.T.);
#1499=EDGE_LOOP('',(#1500,#1501,#1502));
#1500=ORIENTED_EDGE('',*,*,#1503,.T.);
#1501=ORIENTED_EDGE('',*,*,#1504,.T.);
#1502=ORIENTED_EDGE('',*,*,#1505,.T.);
#1503=EDGE_CURVE('',#100,#102,#1506,.F.);
#1504=EDGE_CURVE('',#102,#104,#1507,.T.);
#1505=EDGE_CURVE('',#104,#100,#1508,.T.);
#1506=LINE('',#99,#1509);
#1507=LINE('',#101,#1510);
#1508=LINE('',#103,#1511);
#1509=VECTOR('',#1512,1.0);
#1510=VECTOR('',#1513,1.0);
#1511=VECTOR('',#1514,1.0);
#1512=DIRECTION('',(1,0,0));
#1513=DIRECTION('',(-0.9987200689526691,-0.014334891446031024,0.04850499725189514));
#1514=DIRECTION('',(0,0.2834165029190501,-0.9589969165086695));
#1515=STYLED_ITEM('',(#25),#1516);
#1516=FACE_SURFACE('',(#1521),#1517,.T.);
#1517=PLANE('',#1518);
#1518=AXIS2_PLACEMENT_3D('',#103,#1519,#1520);
#1519=DIRECTION('',(0,-0.9589969165086695,-0.28341650291905));
#1520=DIRECTION('',(0.9987200689526691,0.014334891446031024,-0.04850499725189514));
#1521=FACE_BOUND('',#1522,.T.);
#1522=EDGE_LOOP('',(#1523,#1524,#1525));
#1523=ORIENTED_EDGE('',*,*,#1526,.T.);
#1524=ORIENTED_EDGE('',*,*,#1527,.T.);
#1525=ORIENTED_EDGE('',*,*,#1528,.T.);
#1526=EDGE_CURVE('',#104,#102,#1529,.F.);
#1527=EDGE_CURVE('',#102,#106,#1530,.T.);
#1528=EDGE_CURVE('',#106,#104,#1531,.T.);
#1529=LINE('',#103,#1532);
#1530=LINE('',#101,#1533);
#1531=LINE('',#105,#1534);
#1532=VECTOR('',#1535,1.0);
#1533=VECTOR('',#1536,1.0);
#1534=VECTOR('',#1537,1.0);
#1535=DIRECTION('',(0.9987200689526691,0.014334891446031024,-0.04850499725189514));
#1536=DIRECTION('',(0,-0.2834165029190501,0.9589969165086695));
#1537=DIRECTION('',(-1,0,0));
#1538=STYLED_ITEM('',(#25),#1539);
#1539=FACE_SURFACE('',(#1544),#1540,.T.);
#1540=PLANE('',#1541);
#1541=AXIS2_PLACEMENT_3D('',#103,#1542,#1543);
#1542=DIRECTION('',(0,-0.992318105212411,-0.1237124814545816));
#1543=DIRECTION('',(1,0,0));
#1544=FACE_BOUND('',#1545,.T.);
#1545=EDGE_LOOP('',(#1546,#1547,#1548));
#1546=ORIENTED_EDGE('',*,*,#1549,.T.);
#1547=ORIENTED_EDGE('',*,*,#1550,.T.);
#1548=ORIENTED_EDGE('',*,*,#1551,.T.);
#1549=EDGE_CURVE('',#104,#106,#1552,.F.);
#1550=EDGE_CURVE('',#106,#108,#1553,.T.);
#1551=EDGE_CURVE('',#108,#104,#1554,.T.);
#1552=LINE('',#103,#1555);
#1553=LINE('',#105,#1556);
#1554=LINE('',#107,#1557);
#1555=VECTOR('',#1558,1.0);
#1556=VECTOR('',#1559,1.0);
#1557=VECTOR('',#1560,1.0);
#1558=DIRECTION('',(1,0,0));
#1559=DIRECTION('',(-0.9987201541083585,-0.006257031672765303,0.05018867733286878));
#1560=DIRECTION('',(0,0.1237124814545816,-0.9923181052124112));
#1561=STYLED_ITEM('',(#25),#1562);
#1562=FACE_SURFACE('',(#1567),#1563,.T.);
#1563=PLANE('',#1564);
#1564=AXIS2_PLACEMENT_3D('',#107,#1565,#1566);
#1565=DIRECTION('',(0,-0.992318105212411,-0.1237124814545816));
#1566=DIRECTION('',(0.9987201541083585,0.006257031672765303,-0.05018867733286878));
#1567=FACE_BOUND('',#1568,.T.);
#1568=EDGE_LOOP('',(#1569,#1570,#1571));
#1569=ORIENTED_EDGE('',*,*,#1572,.T.);
#1570=ORIENTED_EDGE('',*,*,#1573,.T.);
#1571=ORIENTED_EDGE('',*,*,#1574,.T.);
#1572=EDGE_CURVE('',#108,#106,#1575,.F.);
#1573=EDGE_CURVE('',#106,#110,#1576,.T.);
#1574=EDGE_CURVE('',#110,#108,#1577,.T.);
#1575=LINE('',#107,#1578);
#1576=LINE('',#105,#1579);
#1577=LINE('',#109,#1580);
#1578=VECTOR('',#1581,1.0);
#1579=VECTOR('',#1582,1.0);
#1580=VECTOR('',#1583,1.0);
#1581=DIRECTION('',(0.9987201541083585,0.006257031672765303,-0.05018867733286878));
#1582=DIRECTION('',(0,-0.1237124814545816,0.9923181052124112));
#1583=DIRECTION('',(-1,0,0));
#1584=STYLED_ITEM('',(#25),#1585);
#1585=FACE_SURFACE('',(#1590),#1586,.T.);
#1586=PLANE('',#1587);
#1587=AXIS2_PLACEMENT_3D('',#107,#1588,#1589);
#1588=DIRECTION('',(0,-0.9992245370735691,0.03937416043691244));
#1589=DIRECTION('',(1,0,0));
#1590=FACE_BOUND('',#1591,.T.);
#1591=EDGE_LOOP('',(#1592,#1593,#1594));
#1592=ORIENTED_EDGE('',*,*,#1595,.T.);
#1593=ORIENTED_EDGE('',*,*,#1596,.T.);
#1594=ORIENTED_EDGE('',*,*,#1597,.T.);
#1595=EDGE_CURVE('',#108,#110,#1598,.F.);
#1596=EDGE_CURVE('',#110,#112,#1599,.T.);
#1597=EDGE_CURVE('',#112,#108,#1600,.T.);
#1598=LINE('',#107,#1601);
#1599=LINE('',#109,#1602);
#1600=LINE('',#111,#1603);
#1601=VECTOR('',#1604,1.0);
#1602=VECTOR('',#1605,1.0);
#1603=VECTOR('',#1606,1.0);
#1604=DIRECTION('',(1,0,0));
#1605=DIRECTION('',(0,0.03937416043691245,0.9992245370735691));
#1606=DIRECTION('',(-0.9987205983837246,-0.001991089573732952,-0.050529218541004416));
#1607=STYLED_ITEM('',(#25),#1608);
#1608=FACE_SURFACE('',(#1613),#1609,.T.);
#1609=PLANE('',#1610);
#1610=AXIS2_PLACEMENT_3D('',#87,#1611,#1612);
#1611=DIRECTION('',(0,-0.9992245370735691,0.03937416043691244));
#1612=DIRECTION('',(0.9999487294986998,-0.000398707605068821,-0.010118270908682383));
#1613=FACE_BOUND('',#1614,.T.);
#1614=EDGE_LOOP('',(#1615,#1616,#1617));
#1615=ORIENTED_EDGE('',*,*,#1618,.T.);
#1616=ORIENTED_EDGE('',*,*,#1619,.T.);
#1617=ORIENTED_EDGE('',*,*,#1620,.T.);
#1618=EDGE_CURVE('',#88,#114,#1621,.F.);
#1619=EDGE_CURVE('',#114,#112,#1622,.T.);
#1620=EDGE_CURVE('',#112,#88,#1623,.T.);
#1621=LINE('',#87,#1624);
#1622=LINE('',#113,#1625);
#1623=LINE('',#111,#1626);
#1624=VECTOR('',#1627,1.0);
#1625=VECTOR('',#1628,1.0);
#1626=VECTOR('',#1629,1.0);
#1627=DIRECTION('',(0.9999487294986998,-0.000398707605068821,-0.010118270908682383));
#1628=DIRECTION('',(0.9999198933070171,0.0004983701340879975,0.012647473901653598));
#1629=DIRECTION('',(-1,0,0));
#1630=STYLED_ITEM('',(#25),#1631);
#1631=FACE_SURFACE('',(#1636),#1632,.T.);
#1632=PLANE('',#1633);
#1633=AXIS2_PLACEMENT_3D('',#111,#1634,#1635);
#1634=DIRECTION('',(0,-0.9992245370735691,0.03937416043691244));
#1635=DIRECTION('',(-0.9999198933070171,-0.0004983701340879975,-0.012647473901653598));
#1636=FACE_BOUND('',#1637,.T.);
#1637=EDGE_LOOP('',(#1638,#1639,#1640));
#1638=ORIENTED_EDGE('',*,*,#1641,.T.);
#1639=ORIENTED_EDGE('',*,*,#1642,.T.);
#1640=ORIENTED_EDGE('',*,*,#1643,.T.);
#1641=EDGE_CURVE('',#112,#114,#1644,.F.);
#1642=EDGE_CURVE('',#114,#116,#1645,.T.);
#1643=EDGE_CURVE('',#116,#112,#1646,.T.);
#1644=LINE('',#111,#1647);
#1645=LINE('',#113,#1648);
#1646=LINE('',#115,#1649);
#1647=VECTOR('',#1650,1.0);
#1648=VECTOR('',#1651,1.0);
#1649=VECTOR('',#1652,1.0);
#1650=DIRECTION('',(-0.9999198933070171,-0.0004983701340879975,-0.012647473901653598));
#1651=DIRECTION('',(1,0,0));
#1652=DIRECTION('',(0.9998576014091304,0.0006644521162392399,0.016862248004513157));
#1653=STYLED_ITEM('',(#25),#1654);
#1654=FACE_SURFACE('',(#1659),#1655,.T.);
#1655=PLANE('',#1656);
#1656=AXIS2_PLACEMENT_3D('',#111,#1657,#1658);
#1657=DIRECTION('',(0,-0.9992245370735691,0.03937416043691244));
#1658=DIRECTION('',(-0.9998576014091304,-0.0006644521162392399,-0.016862248004513157));
#1659=FACE_BOUND('',#1660,.T.);
#1660=EDGE_LOOP('',(#1661,#1662,#1663));
#1661=ORIENTED_EDGE('',*,*,#1664,.T.);
#1662=ORIENTED_EDGE('',*,*,#1665,.T.);
#1663=ORIENTED_EDGE('',*,*,#1666,.T.);
#1664=EDGE_CURVE('',#112,#116,#1667,.F.);
#1665=EDGE_CURVE('',#116,#118,#1668,.T.);
#1666=EDGE_CURVE('',#118,#112,#1669,.T.);
#1667=LINE('',#111,#1670);
#1668=LINE('',#115,#1671);
#1669=LINE('',#117,#1672);
#1670=VECTOR('',#1673,1.0);
#1671=VECTOR('',#1674,1.0);
#1672=VECTOR('',#1675,1.0);
#1673=DIRECTION('',(-0.9998576014091304,-0.0006644521162392399,-0.016862248004513157));
#1674=DIRECTION('',(1,0,0));
#1675=DIRECTION('',(0.9996796886862224,0.0009965008273770362,0.025288871353197757));
#1676=STYLED_ITEM('',(#25),#1677);
#1677=FACE_SURFACE('',(#1682),#1678,.T.);
#1678=PLANE('',#1679);
#1679=AXIS2_PLACEMENT_3D('',#117,#1680,#1681);
#1680=DIRECTION('',(-0,-0.992318105212411,-0.1237124814545816));
#1681=DIRECTION('',(-1,0,0));
#1682=FACE_BOUND('',#1683,.T.);
#1683=EDGE_LOOP('',(#1684,#1685,#1686));
#1684=ORIENTED_EDGE('',*,*,#1687,.T.);
#1685=ORIENTED_EDGE('',*,*,#1688,.T.);
#1686=ORIENTED_EDGE('',*,*,#1689,.T.);
#1687=EDGE_CURVE('',#118,#116,#1690,.F.);
#1688=EDGE_CURVE('',#116,#120,#1691,.T.);
#1689=EDGE_CURVE('',#120,#118,#1692,.T.);
#1690=LINE('',#117,#1693);
#1691=LINE('',#115,#1694);
#1692=LINE('',#119,#1695);
#1693=VECTOR('',#1696,1.0);
#1694=VECTOR('',#1697,1.0);
#1695=VECTOR('',#1698,1.0);
#1696=DIRECTION('',(-1,0,0));
#1697=DIRECTION('',(0.9987201541083585,0.006257031672765303,-0.05018867733286878));
#1698=DIRECTION('',(0,-0.1237124814545816,0.9923181052124112));
#1699=STYLED_ITEM('',(#25),#1700);
#1700=FACE_SURFACE('',(#1705),#1701,.T.);
#1701=PLANE('',#1702);
#1702=AXIS2_PLACEMENT_3D('',#117,#1703,#1704);
#1703=DIRECTION('',(0,-0.992318105212411,-0.1237124814545816));
#1704=DIRECTION('',(0,0.1237124814545816,-0.9923181052124112));
#1705=FACE_BOUND('',#1706,.T.);
#1706=EDGE_LOOP('',(#1707,#1708,#1709));
#1707=ORIENTED_EDGE('',*,*,#1710,.T.);
#1708=ORIENTED_EDGE('',*,*,#1711,.T.);
#1709=ORIENTED_EDGE('',*,*,#1712,.T.);
#1710=EDGE_CURVE('',#118,#120,#1713,.F.);
#1711=EDGE_CURVE('',#120,#104,#1714,.T.);
#1712=EDGE_CURVE('',#104,#118,#1715,.T.);
#1713=LINE('',#117,#1716);
#1714=LINE('',#119,#1717);
#1715=LINE('',#103,#1718);
#1716=VECTOR('',#1719,1.0);
#1717=VECTOR('',#1720,1.0);
#1718=VECTOR('',#1721,1.0);
#1719=DIRECTION('',(0,0.1237124814545816,-0.9923181052124112));
#1720=DIRECTION('',(1,0,0));
#1721=DIRECTION('',(-0.9987201541083585,-0.006257031672765303,0.05018867733286878));
#1722=STYLED_ITEM('',(#25),#1723);
#1723=FACE_SURFACE('',(#1728),#1724,.T.);
#1724=PLANE('',#1725);
#1725=AXIS2_PLACEMENT_3D('',#103,#1726,#1727);
#1726=DIRECTION('',(-0,-0.9589969165086695,-0.28341650291905));
#1727=DIRECTION('',(-1,0,0));
#1728=FACE_BOUND('',#1729,.T.);
#1729=EDGE_LOOP('',(#1730,#1731,#1732));
#1730=ORIENTED_EDGE('',*,*,#1733,.T.);
#1731=ORIENTED_EDGE('',*,*,#1734,.T.);
#1732=ORIENTED_EDGE('',*,*,#1735,.T.);
#1733=EDGE_CURVE('',#104,#120,#1736,.F.);
#1734=EDGE_CURVE('',#120,#100,#1737,.T.);
#1735=EDGE_CURVE('',#100,#104,#1738,.T.);
#1736=LINE('',#103,#1739);
#1737=LINE('',#119,#1740);
#1738=LINE('',#99,#1741);
#1739=VECTOR('',#1742,1.0);
#1740=VECTOR('',#1743,1.0);
#1741=VECTOR('',#1744,1.0);
#1742=DIRECTION('',(-1,0,0));
#1743=DIRECTION('',(0.9987200689526691,0.014334891446031024,-0.04850499725189514));
#1744=DIRECTION('',(0,-0.2834165029190501,0.9589969165086695));
#1745=STYLED_ITEM('',(#25),#1746);
#1746=FACE_SURFACE('',(#1751),#1747,.T.);
#1747=PLANE('',#1748);
#1748=AXIS2_PLACEMENT_3D('',#85,#1749,#1750);
#1749=DIRECTION('',(-0,-0.992318105212411,-0.12371248145458158));
#1750=DIRECTION('',(-1,0,0));
#1751=FACE_BOUND('',#1752,.T.);
#1752=EDGE_LOOP('',(#1753,#1754,#1755));
#1753=ORIENTED_EDGE('',*,*,#1756,.T.);
#1754=ORIENTED_EDGE('',*,*,#1757,.T.);
#1755=ORIENTED_EDGE('',*,*,#1758,.T.);
#1756=EDGE_CURVE('',#86,#90,#1759,.F.);
#1757=EDGE_CURVE('',#90,#122,#1760,.T.);
#1758=EDGE_CURVE('',#122,#86,#1761,.T.);
#1759=LINE('',#85,#1762);
#1760=LINE('',#89,#1763);
#1761=LINE('',#121,#1764);
#1762=VECTOR('',#1765,1.0);
#1763=VECTOR('',#1766,1.0);
#1764=VECTOR('',#1767,1.0);
#1765=DIRECTION('',(-1,0,0));
#1766=DIRECTION('',(0.9987201480592729,0.006257046449950126,-0.050188795863092016));
#1767=DIRECTION('',(0,-0.1237124814545816,0.9923181052124112));
#1768=STYLED_ITEM('',(#25),#1769);
#1769=FACE_SURFACE('',(#1774),#1770,.T.);
#1770=PLANE('',#1771);
#1771=AXIS2_PLACEMENT_3D('',#121,#1772,#1773);
#1772=DIRECTION('',(-0,-0.992318105212411,-0.12371248145458158));
#1773=DIRECTION('',(-0.9987201480592729,-0.006257046449950126,0.050188795863092016));
#1774=FACE_BOUND('',#1775,.T.);
#1775=EDGE_LOOP('',(#1776,#1777,#1778));
#1776=ORIENTED_EDGE('',*,*,#1779,.T.);
#1777=ORIENTED_EDGE('',*,*,#1780,.T.);
#1778=ORIENTED_EDGE('',*,*,#1781,.T.);
#1779=EDGE_CURVE('',#122,#90,#1782,.F.);
#1780=EDGE_CURVE('',#90,#124,#1783,.T.);
#1781=EDGE_CURVE('',#124,#122,#1784,.T.);
#1782=LINE('',#121,#1785);
#1783=LINE('',#89,#1786);
#1784=LINE('',#123,#1787);
#1785=VECTOR('',#1788,1.0);
#1786=VECTOR('',#1789,1.0);
#1787=VECTOR('',#1790,1.0);
#1788=DIRECTION('',(-0.9987201480592729,-0.006257046449950126,0.050188795863092016));
#1789=DIRECTION('',(0,0.1237124814545816,-0.9923181052124112));
#1790=DIRECTION('',(1,0,0));
#1791=STYLED_ITEM('',(#25),#1792);
#1792=FACE_SURFACE('',(#1797),#1793,.T.);
#1793=PLANE('',#1794);
#1794=AXIS2_PLACEMENT_3D('',#121,#1795,#1796);
#1795=DIRECTION('',(-0,-0.9589969165086695,-0.28341650291905));
#1796=DIRECTION('',(-1,0,0));
#1797=FACE_BOUND('',#1798,.T.);
#1798=EDGE_LOOP('',(#1799,#1800,#1801));
#1799=ORIENTED_EDGE('',*,*,#1802,.T.);
#1800=ORIENTED_EDGE('',*,*,#1803,.T.);
#1801=ORIENTED_EDGE('',*,*,#1804,.T.);
#1802=EDGE_CURVE('',#122,#124,#1805,.F.);
#1803=EDGE_CURVE('',#124,#126,#1806,.T.);
#1804=EDGE_CURVE('',#126,#122,#1807,.T.);
#1805=LINE('',#121,#1808);
#1806=LINE('',#123,#1809);
#1807=LINE('',#125,#1810);
#1808=VECTOR('',#1811,1.0);
#1809=VECTOR('',#1812,1.0);
#1810=VECTOR('',#1813,1.0);
#1811=DIRECTION('',(-1,0,0));
#1812=DIRECTION('',(0.9987200629031819,0.014334925300630979,-0.04850511180576421));
#1813=DIRECTION('',(0,-0.2834165029190501,0.9589969165086695));
#1814=STYLED_ITEM('',(#25),#1815);
#1815=FACE_SURFACE('',(#1820),#1816,.T.);
#1816=PLANE('',#1817);
#1817=AXIS2_PLACEMENT_3D('',#125,#1818,#1819);
#1818=DIRECTION('',(-0,-0.9589969165086695,-0.28341650291905));
#1819=DIRECTION('',(-0.9987200629031819,-0.014334925300630979,0.04850511180576421));
#1820=FACE_BOUND('',#1821,.T.);
#1821=EDGE_LOOP('',(#1822,#1823,#1824));
#1822=ORIENTED_EDGE('',*,*,#1825,.T.);
#1823=ORIENTED_EDGE('',*,*,#1826,.T.);
#1824=ORIENTED_EDGE('',*,*,#1827,.T.);
#1825=EDGE_CURVE('',#126,#124,#1828,.F.);
#1826=EDGE_CURVE('',#124,#128,#1829,.T.);
#1827=EDGE_CURVE('',#128,#126,#1830,.T.);
#1828=LINE('',#125,#1831);
#1829=LINE('',#123,#1832);
#1830=LINE('',#127,#1833);
#1831=VECTOR('',#1834,1.0);
#1832=VECTOR('',#1835,1.0);
#1833=VECTOR('',#1836,1.0);
#1834=DIRECTION('',(-0.9987200629031819,-0.014334925300630979,0.04850511180576421));
#1835=DIRECTION('',(0,0.2834165029190501,-0.9589969165086695));
#1836=DIRECTION('',(1,0,0));
#1837=STYLED_ITEM('',(#25),#1838);
#1838=FACE_SURFACE('',(#1843),#1839,.T.);
#1839=PLANE('',#1840);
#1840=AXIS2_PLACEMENT_3D('',#125,#1841,#1842);
#1841=DIRECTION('',(-0,-0.9001852648840991,-0.4355071628406869));
#1842=DIRECTION('',(-1,0,0));
#1843=FACE_BOUND('',#1844,.T.);
#1844=EDGE_LOOP('',(#1845,#1846,#1847));
#1845=ORIENTED_EDGE('',*,*,#1848,.T.);
#1846=ORIENTED_EDGE('',*,*,#1849,.T.);
#1847=ORIENTED_EDGE('',*,*,#1850,.T.);
#1848=EDGE_CURVE('',#126,#128,#1851,.F.);
#1849=EDGE_CURVE('',#128,#130,#1852,.T.);
#1850=EDGE_CURVE('',#130,#126,#1853,.T.);
#1851=LINE('',#125,#1854);
#1852=LINE('',#127,#1855);
#1853=LINE('',#129,#1856);
#1854=VECTOR('',#1857,1.0);
#1855=VECTOR('',#1858,1.0);
#1856=VECTOR('',#1859,1.0);
#1857=DIRECTION('',(-1,0,0));
#1858=DIRECTION('',(0.9987198076695983,0.022029714611026083,-0.045535013369463105));
#1859=DIRECTION('',(0,-0.43550716284068686,0.900185264884099));
#1860=STYLED_ITEM('',(#25),#1861);
#1861=FACE_SURFACE('',(#1866),#1862,.T.);
#1862=PLANE('',#1863);
#1863=AXIS2_PLACEMENT_3D('',#129,#1864,#1865);
#1864=DIRECTION('',(-0,-0.9001852648840991,-0.4355071628406869));
#1865=DIRECTION('',(-0.9987198076695983,-0.022029714611026083,0.045535013369463105));
#1866=FACE_BOUND('',#1867,.T.);
#1867=EDGE_LOOP('',(#1868,#1869,#1870));
#1868=ORIENTED_EDGE('',*,*,#1871,.T.);
#1869=ORIENTED_EDGE('',*,*,#1872,.T.);
#1870=ORIENTED_EDGE('',*,*,#1873,.T.);
#1871=EDGE_CURVE('',#130,#128,#1874,.F.);
#1872=EDGE_CURVE('',#128,#132,#1875,.T.);
#1873=EDGE_CURVE('',#132,#130,#1876,.T.);
#1874=LINE('',#129,#1877);
#1875=LINE('',#127,#1878);
#1876=LINE('',#131,#1879);
#1877=VECTOR('',#1880,1.0);
#1878=VECTOR('',#1881,1.0);
#1879=VECTOR('',#1882,1.0);
#1880=DIRECTION('',(-0.9987198076695983,-0.022029714611026083,0.045535013369463105));
#1881=DIRECTION('',(0,0.43550716284068686,-0.900185264884099));
#1882=DIRECTION('',(1,0,0));
#1883=STYLED_ITEM('',(#25),#1884);
#1884=FACE_SURFACE('',(#1889),#1885,.T.);
#1885=PLANE('',#1886);
#1886=AXIS2_PLACEMENT_3D('',#129,#1887,#1888);
#1887=DIRECTION('',(-0,-0.8172942681825398,-0.5762205126476899));
#1888=DIRECTION('',(-1,0,0));
#1889=FACE_BOUND('',#1890,.T.);
#1890=EDGE_LOOP('',(#1891,#1892,#1893));
#1891=ORIENTED_EDGE('',*,*,#1894,.T.);
#1892=ORIENTED_EDGE('',*,*,#1895,.T.);
#1893=ORIENTED_EDGE('',*,*,#1896,.T.);
#1894=EDGE_CURVE('',#130,#132,#1897,.F.);
#1895=EDGE_CURVE('',#132,#134,#1898,.T.);
#1896=EDGE_CURVE('',#134,#130,#1899,.T.);
#1897=LINE('',#129,#1900);
#1898=LINE('',#131,#1901);
#1899=LINE('',#133,#1902);
#1900=VECTOR('',#1903,1.0);
#1901=VECTOR('',#1904,1.0);
#1902=VECTOR('',#1905,1.0);
#1903=DIRECTION('',(-1,0,0));
#1904=DIRECTION('',(0.9987202265695445,0.029142799134926355,-0.04133529121052521));
#1905=DIRECTION('',(0,-0.5762205126476899,0.8172942681825398));
#1906=STYLED_ITEM('',(#25),#1907);
#1907=FACE_SURFACE('',(#1912),#1908,.T.);
#1908=PLANE('',#1909);
#1909=AXIS2_PLACEMENT_3D('',#133,#1910,#1911);
#1910=DIRECTION('',(-0,-0.8172942681825398,-0.5762205126476899));
#1911=DIRECTION('',(-0.9987202265695445,-0.029142799134926355,0.04133529121052521));
#1912=FACE_BOUND('',#1913,.T.);
#1913=EDGE_LOOP('',(#1914,#1915,#1916));
#1914=ORIENTED_EDGE('',*,*,#1917,.T.);
#1915=ORIENTED_EDGE('',*,*,#1918,.T.);
#1916=ORIENTED_EDGE('',*,*,#1919,.T.);
#1917=EDGE_CURVE('',#134,#132,#1920,.F.);
#1918=EDGE_CURVE('',#132,#136,#1921,.T.);
#1919=EDGE_CURVE('',#136,#134,#1922,.T.);
#1920=LINE('',#133,#1923);
#1921=LINE('',#131,#1924);
#1922=LINE('',#135,#1925);
#1923=VECTOR('',#1926,1.0);
#1924=VECTOR('',#1927,1.0);
#1925=VECTOR('',#1928,1.0);
#1926=DIRECTION('',(-0.9987202265695445,-0.029142799134926355,0.04133529121052521));
#1927=DIRECTION('',(0,0.5762205126476899,-0.8172942681825398));
#1928=DIRECTION('',(1,0,0));
#1929=STYLED_ITEM('',(#25),#1930);
#1930=FACE_SURFACE('',(#1935),#1931,.T.);
#1931=PLANE('',#1932);
#1932=AXIS2_PLACEMENT_3D('',#133,#1933,#1934);
#1933=DIRECTION('',(-0,-0.7126027824302584,-0.7015677262193962));
#1934=DIRECTION('',(-1,0,0));
#1935=FACE_BOUND('',#1936,.T.);
#1936=EDGE_LOOP('',(#1937,#1938,#1939));
#1937=ORIENTED_EDGE('',*,*,#1940,.T.);
#1938=ORIENTED_EDGE('',*,*,#1941,.T.);
#1939=ORIENTED_EDGE('',*,*,#1942,.T.);
#1940=EDGE_CURVE('',#134,#136,#1943,.F.);
#1941=EDGE_CURVE('',#136,#138,#1944,.T.);
#1942=EDGE_CURVE('',#138,#134,#1945,.T.);
#1943=LINE('',#133,#1946);
#1944=LINE('',#135,#1947);
#1945=LINE('',#137,#1948);
#1946=VECTOR('',#1949,1.0);
#1947=VECTOR('',#1950,1.0);
#1948=VECTOR('',#1951,1.0);
#1949=DIRECTION('',(-1,0,0));
#1950=DIRECTION('',(0.998720376687401,0.03548025186180338,-0.03603832567141319));
#1951=DIRECTION('',(0,-0.7015677262193961,0.7126027824302584));
#1952=STYLED_ITEM('',(#25),#1953);
#1953=FACE_SURFACE('',(#1958),#1954,.T.);
#1954=PLANE('',#1955);
#1955=AXIS2_PLACEMENT_3D('',#137,#1956,#1957);
#1956=DIRECTION('',(-0,-0.7126027824302584,-0.7015677262193962));
#1957=DIRECTION('',(-0.998720376687401,-0.03548025186180338,0.03603832567141319));
#1958=FACE_BOUND('',#1959,.T.);
#1959=EDGE_LOOP('',(#1960,#1961,#1962));
#1960=ORIENTED_EDGE('',*,*,#1963,.T.);
#1961=ORIENTED_EDGE('',*,*,#1964,.T.);
#1962=ORIENTED_EDGE('',*,*,#1965,.T.);
#1963=EDGE_CURVE('',#138,#136,#1966,.F.);
#1964=EDGE_CURVE('',#136,#140,#1967,.T.);
#1965=EDGE_CURVE('',#140,#138,#1968,.T.);
#1966=LINE('',#137,#1969);
#1967=LINE('',#135,#1970);
#1968=LINE('',#139,#1971);
#1969=VECTOR('',#1972,1.0);
#1970=VECTOR('',#1973,1.0);
#1971=VECTOR('',#1974,1.0);
#1972=DIRECTION('',(-0.998720376687401,-0.03548025186180338,0.03603832567141319));
#1973=DIRECTION('',(0,0.7015677262193961,-0.7126027824302584));
#1974=DIRECTION('',(1,0,0));
#1975=STYLED_ITEM('',(#25),#1976);
#1976=FACE_SURFACE('',(#1981),#1977,.T.);
#1977=PLANE('',#1978);
#1978=AXIS2_PLACEMENT_3D('',#137,#1979,#1980);
#1979=DIRECTION('',(-0,-0.5891276394954904,-0.8080399893461163));
#1980=DIRECTION('',(-1,0,0));
#1981=FACE_BOUND('',#1982,.T.);
#1982=EDGE_LOOP('',(#1983,#1984,#1985));
#1983=ORIENTED_EDGE('',*,*,#1986,.T.);
#1984=ORIENTED_EDGE('',*,*,#1987,.T.);
#1985=ORIENTED_EDGE('',*,*,#1988,.T.);
#1986=EDGE_CURVE('',#138,#140,#1989,.F.);
#1987=EDGE_CURVE('',#140,#142,#1990,.T.);
#1988=EDGE_CURVE('',#142,#138,#1991,.T.);
#1989=LINE('',#137,#1992);
#1990=LINE('',#139,#1993);
#1991=LINE('',#141,#1994);
#1992=VECTOR('',#1995,1.0);
#1993=VECTOR('',#1996,1.0);
#1994=VECTOR('',#1997,1.0);
#1995=DIRECTION('',(-1,0,0));
#1996=DIRECTION('',(0,0.8080399893461162,-0.5891276394954903));
#1997=DIRECTION('',(0.9987202373257548,-0.040867077253656264,0.02979546194862105));
#1998=STYLED_ITEM('',(#25),#1999);
#1999=FACE_SURFACE('',(#2004),#2000,.T.);
#2000=PLANE('',#2001);
#2001=AXIS2_PLACEMENT_3D('',#61,#2002,#2003);
#2002=DIRECTION('',(-0,-0.5891276394954903,-0.8080399893461161));
#2003=DIRECTION('',(-0.9999487152458693,-0.008183449801170665,0.005966408256842402));
#2004=FACE_BOUND('',#2005,.T.);
#2005=EDGE_LOOP('',(#2006,#2007,#2008));
#2006=ORIENTED_EDGE('',*,*,#2009,.T.);
#2007=ORIENTED_EDGE('',*,*,#2010,.T.);
#2008=ORIENTED_EDGE('',*,*,#2011,.T.);
#2009=EDGE_CURVE('',#62,#144,#2012,.F.);
#2010=EDGE_CURVE('',#144,#142,#2013,.T.);
#2011=EDGE_CURVE('',#142,#62,#2014,.T.);
#2012=LINE('',#61,#2015);
#2013=LINE('',#143,#2016);
#2014=LINE('',#141,#2017);
#2015=VECTOR('',#2018,1.0);
#2016=VECTOR('',#2019,1.0);
#2017=VECTOR('',#2020,1.0);
#2018=DIRECTION('',(-0.9999487152458693,-0.008183449801170665,0.005966408256842402));
#2019=DIRECTION('',(-0.9999198710388959,0.010229017179930884,-0.007457795189626731));
#2020=DIRECTION('',(1,0,0));
#2021=STYLED_ITEM('',(#25),#2022);
#2022=FACE_SURFACE('',(#2027),#2023,.T.);
#2023=PLANE('',#2024);
#2024=AXIS2_PLACEMENT_3D('',#141,#2025,#2026);
#2025=DIRECTION('',(0,-0.5891276394954903,-0.8080399893461162));
#2026=DIRECTION('',(0.9999198710388959,-0.010229017179930884,0.007457795189626731));
#2027=FACE_BOUND('',#2028,.T.);
#2028=EDGE_LOOP('',(#2029,#2030,#2031));
#2029=ORIENTED_EDGE('',*,*,#2032,.T.);
#2030=ORIENTED_EDGE('',*,*,#2033,.T.);
#2031=ORIENTED_EDGE('',*,*,#2034,.T.);
#2032=EDGE_CURVE('',#142,#144,#2035,.F.);
#2033=EDGE_CURVE('',#144,#146,#2036,.T.);
#2034=EDGE_CURVE('',#146,#142,#2037,.T.);
#2035=LINE('',#141,#2038);
#2036=LINE('',#143,#2039);
#2037=LINE('',#145,#2040);
#2038=VECTOR('',#2041,1.0);
#2039=VECTOR('',#2042,1.0);
#2040=VECTOR('',#2043,1.0);
#2041=DIRECTION('',(0.9999198710388959,-0.010229017179930884,0.007457795189626731));
#2042=DIRECTION('',(-1,0,0));
#2043=DIRECTION('',(-0.9998575616039683,0.013637850449745215,-0.00994311512942887));
#2044=STYLED_ITEM('',(#25),#2045);
#2045=FACE_SURFACE('',(#2050),#2046,.T.);
#2046=PLANE('',#2047);
#2047=AXIS2_PLACEMENT_3D('',#141,#2048,#2049);
#2048=DIRECTION('',(0,-0.5891276394954904,-0.8080399893461163));
#2049=DIRECTION('',(0.9998575616039683,-0.013637850449745215,0.00994311512942887));
#2050=FACE_BOUND('',#2051,.T.);
#2051=EDGE_LOOP('',(#2052,#2053,#2054));
#2052=ORIENTED_EDGE('',*,*,#2055,.T.);
#2053=ORIENTED_EDGE('',*,*,#2056,.T.);
#2054=ORIENTED_EDGE('',*,*,#2057,.T.);
#2055=EDGE_CURVE('',#142,#146,#2058,.F.);
#2056=EDGE_CURVE('',#146,#148,#2059,.T.);
#2057=EDGE_CURVE('',#148,#142,#2060,.T.);
#2058=LINE('',#141,#2061);
#2059=LINE('',#145,#2062);
#2060=LINE('',#147,#2063);
#2061=VECTOR('',#2064,1.0);
#2062=VECTOR('',#2065,1.0);
#2063=VECTOR('',#2066,1.0);
#2064=DIRECTION('',(0.9998575616039683,-0.013637850449745215,0.00994311512942887));
#2065=DIRECTION('',(-1,0,0));
#2066=DIRECTION('',(-0.9996795996779232,0.020453118486199448,-0.014912006302865008));
#2067=STYLED_ITEM('',(#25),#2068);
#2068=FACE_SURFACE('',(#2073),#2069,.T.);
#2069=PLANE('',#2070);
#2070=AXIS2_PLACEMENT_3D('',#147,#2071,#2072);
#2071=DIRECTION('',(0,-0.7126027824302584,-0.7015677262193962));
#2072=DIRECTION('',(1,0,0));
#2073=FACE_BOUND('',#2074,.T.);
#2074=EDGE_LOOP('',(#2075,#2076,#2077));
#2075=ORIENTED_EDGE('',*,*,#2078,.T.);
#2076=ORIENTED_EDGE('',*,*,#2079,.T.);
#2077=ORIENTED_EDGE('',*,*,#2080,.T.);
#2078=EDGE_CURVE('',#148,#146,#2081,.F.);
#2079=EDGE_CURVE('',#146,#150,#2082,.T.);
#2080=EDGE_CURVE('',#150,#148,#2083,.T.);
#2081=LINE('',#147,#2084);
#2082=LINE('',#145,#2085);
#2083=LINE('',#149,#2086);
#2084=VECTOR('',#2087,1.0);
#2085=VECTOR('',#2088,1.0);
#2086=VECTOR('',#2089,1.0);
#2087=DIRECTION('',(1,0,0));
#2088=DIRECTION('',(-0.998720376687401,-0.03548025186180338,0.03603832567141319));
#2089=DIRECTION('',(0,0.7015677262193961,-0.7126027824302584));
#2090=STYLED_ITEM('',(#25),#2091);
#2091=FACE_SURFACE('',(#2096),#2092,.T.);
#2092=PLANE('',#2093);
#2093=AXIS2_PLACEMENT_3D('',#147,#2094,#2095);
#2094=DIRECTION('',(0,-0.7126027824302585,-0.7015677262193962));
#2095=DIRECTION('',(0,-0.7015677262193961,0.7126027824302584));
#2096=FACE_BOUND('',#2097,.T.);
#2097=EDGE_LOOP('',(#2098,#2099,#2100));
#2098=ORIENTED_EDGE('',*,*,#2101,.T.);
#2099=ORIENTED_EDGE('',*,*,#2102,.T.);
#2100=ORIENTED_EDGE('',*,*,#2103,.T.);
#2101=EDGE_CURVE('',#148,#150,#2104,.F.);
#2102=EDGE_CURVE('',#150,#134,#2105,.T.);
#2103=EDGE_CURVE('',#134,#148,#2106,.T.);
#2104=LINE('',#147,#2107);
#2105=LINE('',#149,#2108);
#2106=LINE('',#133,#2109);
#2107=VECTOR('',#2110,1.0);
#2108=VECTOR('',#2111,1.0);
#2109=VECTOR('',#2112,1.0);
#2110=DIRECTION('',(0,-0.7015677262193961,0.7126027824302584));
#2111=DIRECTION('',(-1,0,0));
#2112=DIRECTION('',(0.9987203887833722,0.035480084275627724,-0.036038155449251305));
#2113=STYLED_ITEM('',(#25),#2114);
#2114=FACE_SURFACE('',(#2119),#2115,.T.);
#2115=PLANE('',#2116);
#2116=AXIS2_PLACEMENT_3D('',#133,#2117,#2118);
#2117=DIRECTION('',(0,-0.8172942681825398,-0.5762205126476899));
#2118=DIRECTION('',(1,0,0));
#2119=FACE_BOUND('',#2120,.T.);
#2120=EDGE_LOOP('',(#2121,#2122,#2123));
#2121=ORIENTED_EDGE('',*,*,#2124,.T.);
#2122=ORIENTED_EDGE('',*,*,#2125,.T.);
#2123=ORIENTED_EDGE('',*,*,#2126,.T.);
#2124=EDGE_CURVE('',#134,#150,#2127,.F.);
#2125=EDGE_CURVE('',#150,#130,#2128,.T.);
#2126=EDGE_CURVE('',#130,#134,#2129,.T.);
#2127=LINE('',#133,#2130);
#2128=LINE('',#149,#2131);
#2129=LINE('',#129,#2132);
#2130=VECTOR('',#2133,1.0);
#2131=VECTOR('',#2134,1.0);
#2132=VECTOR('',#2135,1.0);
#2133=DIRECTION('',(1,0,0));
#2134=DIRECTION('',(-0.9987202386669319,-0.02914266148289373,0.041335095968920994));
#2135=DIRECTION('',(0,0.5762205126476899,-0.8172942681825398));
#2136=STYLED_ITEM('',(#25),#2137);
#2137=FACE_SURFACE('',(#2142),#2138,.T.);
#2138=PLANE('',#2139);
#2139=AXIS2_PLACEMENT_3D('',#63,#2140,#2141);
#2140=DIRECTION('',(0,-0.7126027824302584,-0.7015677262193961));
#2141=DIRECTION('',(1,0,0));
#2142=FACE_BOUND('',#2143,.T.);
#2143=EDGE_LOOP('',(#2144,#2145,#2146));
#2144=ORIENTED_EDGE('',*,*,#2147,.T.);
#2145=ORIENTED_EDGE('',*,*,#2148,.T.);
#2146=ORIENTED_EDGE('',*,*,#2149,.T.);
#2147=EDGE_CURVE('',#64,#60,#2150,.F.);
#2148=EDGE_CURVE('',#60,#152,#2151,.T.);
#2149=EDGE_CURVE('',#152,#64,#2152,.T.);
#2150=LINE('',#63,#2153);
#2151=LINE('',#59,#2154);
#2152=LINE('',#151,#2155);
#2153=VECTOR('',#2156,1.0);
#2154=VECTOR('',#2157,1.0);
#2155=VECTOR('',#2158,1.0);
#2156=DIRECTION('',(1,0,0));
#2157=DIRECTION('',(-0.998720382735408,-0.03548016806851791,0.036038240560131496));
#2158=DIRECTION('',(0,0.7015677262193961,-0.7126027824302584));
#2159=STYLED_ITEM('',(#25),#2160);
#2160=FACE_SURFACE('',(#2165),#2161,.T.);
#2161=PLANE('',#2162);
#2162=AXIS2_PLACEMENT_3D('',#151,#2163,#2164);
#2163=DIRECTION('',(0,-0.7126027824302584,-0.7015677262193961));
#2164=DIRECTION('',(0.998720382735408,0.03548016806851791,-0.036038240560131496));
#2165=FACE_BOUND('',#2166,.T.);
#2166=EDGE_LOOP('',(#2167,#2168,#2169));
#2167=ORIENTED_EDGE('',*,*,#2170,.T.);
#2168=ORIENTED_EDGE('',*,*,#2171,.T.);
#2169=ORIENTED_EDGE('',*,*,#2172,.T.);
#2170=EDGE_CURVE('',#152,#60,#2173,.F.);
#2171=EDGE_CURVE('',#60,#92,#2174,.T.);
#2172=EDGE_CURVE('',#92,#152,#2175,.T.);
#2173=LINE('',#151,#2176);
#2174=LINE('',#59,#2177);
#2175=LINE('',#91,#2178);
#2176=VECTOR('',#2179,1.0);
#2177=VECTOR('',#2180,1.0);
#2178=VECTOR('',#2181,1.0);
#2179=DIRECTION('',(0.998720382735408,0.03548016806851791,-0.036038240560131496));
#2180=DIRECTION('',(0,-0.7015677262193961,0.7126027824302584));
#2181=DIRECTION('',(-1,0,0));
#2182=STYLED_ITEM('',(#25),#2183);
#2183=FACE_SURFACE('',(#2188),#2184,.T.);
#2184=PLANE('',#2185);
#2185=AXIS2_PLACEMENT_3D('',#151,#2186,#2187);
#2186=DIRECTION('',(0,-0.8172942681825399,-0.57622051264769));
#2187=DIRECTION('',(1,0,0));
#2188=FACE_BOUND('',#2189,.T.);
#2189=EDGE_LOOP('',(#2190,#2191,#2192));
#2190=ORIENTED_EDGE('',*,*,#2193,.T.);
#2191=ORIENTED_EDGE('',*,*,#2194,.T.);
#2192=ORIENTED_EDGE('',*,*,#2195,.T.);
#2193=EDGE_CURVE('',#152,#92,#2196,.F.);
#2194=EDGE_CURVE('',#92,#154,#2197,.T.);
#2195=EDGE_CURVE('',#154,#152,#2198,.T.);
#2196=LINE('',#151,#2199);
#2197=LINE('',#91,#2200);
#2198=LINE('',#153,#2201);
#2199=VECTOR('',#2202,1.0);
#2200=VECTOR('',#2203,1.0);
#2201=VECTOR('',#2204,1.0);
#2202=DIRECTION('',(1,0,0));
#2203=DIRECTION('',(-0.9987202326182597,-0.029142730308747707,0.04133519358949285));
#2204=DIRECTION('',(0,0.5762205126476899,-0.8172942681825398));
#2205=STYLED_ITEM('',(#25),#2206);
#2206=FACE_SURFACE('',(#2211),#2207,.T.);
#2207=PLANE('',#2208);
#2208=AXIS2_PLACEMENT_3D('',#153,#2209,#2210);
#2209=DIRECTION('',(0,-0.8172942681825399,-0.57622051264769));
#2210=DIRECTION('',(0.9987202326182597,0.029142730308747707,-0.04133519358949285));
#2211=FACE_BOUND('',#2212,.T.);
#2212=EDGE_LOOP('',(#2213,#2214,#2215));
#2213=ORIENTED_EDGE('',*,*,#2216,.T.);
#2214=ORIENTED_EDGE('',*,*,#2217,.T.);
#2215=ORIENTED_EDGE('',*,*,#2218,.T.);
#2216=EDGE_CURVE('',#154,#92,#2219,.F.);
#2217=EDGE_CURVE('',#92,#96,#2220,.T.);
#2218=EDGE_CURVE('',#96,#154,#2221,.T.);
#2219=LINE('',#153,#2222);
#2220=LINE('',#91,#2223);
#2221=LINE('',#95,#2224);
#2222=VECTOR('',#2225,1.0);
#2223=VECTOR('',#2226,1.0);
#2224=VECTOR('',#2227,1.0);
#2225=DIRECTION('',(0.9987202326182597,0.029142730308747707,-0.04133519358949285));
#2226=DIRECTION('',(0,-0.5762205126476899,0.8172942681825398));
#2227=DIRECTION('',(-1,0,0));
#2228=STYLED_ITEM('',(#25),#2229);
#2229=FACE_SURFACE('',(#2234),#2230,.T.);
#2230=PLANE('',#2231);
#2231=AXIS2_PLACEMENT_3D('',#153,#2232,#2233);
#2232=DIRECTION('',(0,-0.9001852648840989,-0.43550716284068686));
#2233=DIRECTION('',(1,0,0));
#2234=FACE_BOUND('',#2235,.T.);
#2235=EDGE_LOOP('',(#2236,#2237,#2238));
#2236=ORIENTED_EDGE('',*,*,#2239,.T.);
#2237=ORIENTED_EDGE('',*,*,#2240,.T.);
#2238=ORIENTED_EDGE('',*,*,#2241,.T.);
#2239=EDGE_CURVE('',#154,#96,#2242,.F.);
#2240=EDGE_CURVE('',#96,#156,#2243,.T.);
#2241=EDGE_CURVE('',#156,#154,#2244,.T.);
#2242=LINE('',#153,#2245);
#2243=LINE('',#95,#2246);
#2244=LINE('',#155,#2247);
#2245=VECTOR('',#2248,1.0);
#2246=VECTOR('',#2249,1.0);
#2247=VECTOR('',#2250,1.0);
#2248=DIRECTION('',(1,0,0));
#2249=DIRECTION('',(-0.9987198137202896,-0.022029662583772473,0.04553490583009046));
#2250=DIRECTION('',(0,0.43550716284068686,-0.900185264884099));
#2251=STYLED_ITEM('',(#25),#2252);
#2252=FACE_SURFACE('',(#2257),#2253,.T.);
#2253=PLANE('',#2254);
#2254=AXIS2_PLACEMENT_3D('',#155,#2255,#2256);
#2255=DIRECTION('',(0,-0.9001852648840989,-0.43550716284068686));
#2256=DIRECTION('',(0.9987198137202896,0.022029662583772473,-0.04553490583009046));
#2257=FACE_BOUND('',#2258,.T.);
#2258=EDGE_LOOP('',(#2259,#2260,#2261));
#2259=ORIENTED_EDGE('',*,*,#2262,.T.);
#2260=ORIENTED_EDGE('',*,*,#2263,.T.);
#2261=ORIENTED_EDGE('',*,*,#2264,.T.);
#2262=EDGE_CURVE('',#156,#96,#2265,.F.);
#2263=EDGE_CURVE('',#96,#100,#2266,.T.);
#2264=EDGE_CURVE('',#100,#156,#2267,.T.);
#2265=LINE('',#155,#2268);
#2266=LINE('',#95,#2269);
#2267=LINE('',#99,#2270);
#2268=VECTOR('',#2271,1.0);
#2269=VECTOR('',#2272,1.0);
#2270=VECTOR('',#2273,1.0);
#2271=DIRECTION('',(0.9987198137202896,0.022029662583772473,-0.04553490583009046));
#2272=DIRECTION('',(0,-0.43550716284068686,0.900185264884099));
#2273=DIRECTION('',(-1,0,0));
#2274=STYLED_ITEM('',(#25),#2275);
#2275=FACE_SURFACE('',(#2280),#2276,.T.);
#2276=PLANE('',#2277);
#2277=AXIS2_PLACEMENT_3D('',#155,#2278,#2279);
#2278=DIRECTION('',(0,-0.9589969165086695,-0.28341650291905));
#2279=DIRECTION('',(1,0,0));
#2280=FACE_BOUND('',#2281,.T.);
#2281=EDGE_LOOP('',(#2282,#2283,#2284));
#2282=ORIENTED_EDGE('',*,*,#2285,.T.);
#2283=ORIENTED_EDGE('',*,*,#2286,.T.);
#2284=ORIENTED_EDGE('',*,*,#2287,.T.);
#2285=EDGE_CURVE('',#156,#100,#2288,.F.);
#2286=EDGE_CURVE('',#100,#120,#2289,.T.);
#2287=EDGE_CURVE('',#120,#156,#2290,.T.);
#2288=LINE('',#155,#2291);
#2289=LINE('',#99,#2292);
#2290=LINE('',#119,#2293);
#2291=VECTOR('',#2294,1.0);
#2292=VECTOR('',#2295,1.0);
#2293=VECTOR('',#2296,1.0);
#2294=DIRECTION('',(1,0,0));
#2295=DIRECTION('',(-0.9987200689526691,-0.014334891446031024,0.04850499725189514));
#2296=DIRECTION('',(0,0.2834165029190501,-0.9589969165086695));
#2297=STYLED_ITEM('',(#25),#2298);
#2298=FACE_SURFACE('',(#2303),#2299,.T.);
#2299=PLANE('',#2300);
#2300=AXIS2_PLACEMENT_3D('',#143,#2301,#2302);
#2301=DIRECTION('',(0,-0.5891276394954903,-0.8080399893461161));
#2302=DIRECTION('',(0.9999487152458693,0.008183449801170665,-0.005966408256842402));
#2303=FACE_BOUND('',#2304,.T.);
#2304=EDGE_LOOP('',(#2305,#2306,#2307));
#2305=ORIENTED_EDGE('',*,*,#2308,.T.);
#2306=ORIENTED_EDGE('',*,*,#2309,.T.);
#2307=ORIENTED_EDGE('',*,*,#2310,.T.);
#2308=EDGE_CURVE('',#144,#62,#2311,.F.);
#2309=EDGE_CURVE('',#62,#158,#2312,.T.);
#2310=EDGE_CURVE('',#158,#144,#2313,.T.);
#2311=LINE('',#143,#2314);
#2312=LINE('',#61,#2315);
#2313=LINE('',#157,#2316);
#2314=VECTOR('',#2317,1.0);
#2315=VECTOR('',#2318,1.0);
#2316=VECTOR('',#2319,1.0);
#2317=DIRECTION('',(0.9999487152458693,0.008183449801170665,-0.005966408256842402));
#2318=DIRECTION('',(-0.9999198710388959,-0.010229017179930884,0.007457795189626731));
#2319=DIRECTION('',(-1,0,0));
#2320=STYLED_ITEM('',(#25),#2321);
#2321=FACE_SURFACE('',(#2326),#2322,.T.);
#2322=PLANE('',#2323);
#2323=AXIS2_PLACEMENT_3D('',#157,#2324,#2325);
#2324=DIRECTION('',(0,-0.5891276394954903,-0.8080399893461161));
#2325=DIRECTION('',(0.9999198710388959,0.010229017179930884,-0.007457795189626731));
#2326=FACE_BOUND('',#2327,.T.);
#2327=EDGE_LOOP('',(#2328,#2329,#2330));
#2328=ORIENTED_EDGE('',*,*,#2331,.T.);
#2329=ORIENTED_EDGE('',*,*,#2332,.T.);
#2330=ORIENTED_EDGE('',*,*,#2333,.T.);
#2331=EDGE_CURVE('',#158,#62,#2334,.F.);
#2332=EDGE_CURVE('',#62,#66,#2335,.T.);
#2333=EDGE_CURVE('',#66,#158,#2336,.T.);
#2334=LINE('',#157,#2337);
#2335=LINE('',#61,#2338);
#2336=LINE('',#65,#2339);
#2337=VECTOR('',#2340,1.0);
#2338=VECTOR('',#2341,1.0);
#2339=VECTOR('',#2342,1.0);
#2340=DIRECTION('',(0.9999198710388959,0.010229017179930884,-0.007457795189626731));
#2341=DIRECTION('',(-0.9998575618287586,-0.013637839689166235,0.00994310728408139));
#2342=DIRECTION('',(-1,0,0));
#2343=STYLED_ITEM('',(#25),#2344);
#2344=FACE_SURFACE('',(#2349),#2345,.T.);
#2345=PLANE('',#2346);
#2346=AXIS2_PLACEMENT_3D('',#157,#2347,#2348);
#2347=DIRECTION('',(0,-0.7126027824302584,-0.7015677262193961));
#2348=DIRECTION('',(1,0,0));
#2349=FACE_BOUND('',#2350,.T.);
#2350=EDGE_LOOP('',(#2351,#2352,#2353));
#2351=ORIENTED_EDGE('',*,*,#2354,.T.);
#2352=ORIENTED_EDGE('',*,*,#2355,.T.);
#2353=ORIENTED_EDGE('',*,*,#2356,.T.);
#2354=EDGE_CURVE('',#158,#66,#2357,.F.);
#2355=EDGE_CURVE('',#66,#70,#2358,.T.);
#2356=EDGE_CURVE('',#70,#158,#2359,.T.);
#2357=LINE('',#157,#2360);
#2358=LINE('',#65,#2361);
#2359=LINE('',#69,#2362);
#2360=VECTOR('',#2363,1.0);
#2361=VECTOR('',#2364,1.0);
#2362=VECTOR('',#2365,1.0);
#2363=DIRECTION('',(1,0,0));
#2364=DIRECTION('',(-0.998720382735408,-0.03548016806851791,0.036038240560131496));
#2365=DIRECTION('',(0,0.7015677262193961,-0.7126027824302584));
#2366=STYLED_ITEM('',(#25),#2367);
#2367=FACE_SURFACE('',(#2372),#2368,.T.);
#2368=PLANE('',#2369);
#2369=AXIS2_PLACEMENT_3D('',#143,#2370,#2371);
#2370=DIRECTION('',(0,-0.7126027824302584,-0.7015677262193961));
#2371=DIRECTION('',(1,0,0));
#2372=FACE_BOUND('',#2373,.T.);
#2373=EDGE_LOOP('',(#2374,#2375,#2376));
#2374=ORIENTED_EDGE('',*,*,#2377,.T.);
#2375=ORIENTED_EDGE('',*,*,#2378,.T.);
#2376=ORIENTED_EDGE('',*,*,#2379,.T.);
#2377=EDGE_CURVE('',#144,#158,#2380,.F.);
#2378=EDGE_CURVE('',#158,#160,#2381,.T.);
#2379=EDGE_CURVE('',#160,#144,#2382,.T.);
#2380=LINE('',#143,#2383);
#2381=LINE('',#157,#2384);
#2382=LINE('',#159,#2385);
#2383=VECTOR('',#2386,1.0);
#2384=VECTOR('',#2387,1.0);
#2385=VECTOR('',#2388,1.0);
#2386=DIRECTION('',(1,0,0));
#2387=DIRECTION('',(-0.998720382735408,-0.03548016806851791,0.036038240560131496));
#2388=DIRECTION('',(0,0.7015677262193961,-0.7126027824302584));
#2389=STYLED_ITEM('',(#25),#2390);
#2390=FACE_SURFACE('',(#2395),#2391,.T.);
#2391=PLANE('',#2392);
#2392=AXIS2_PLACEMENT_3D('',#159,#2393,#2394);
#2393=DIRECTION('',(0,-0.7126027824302584,-0.7015677262193961));
#2394=DIRECTION('',(0.998720382735408,0.03548016806851791,-0.036038240560131496));
#2395=FACE_BOUND('',#2396,.T.);
#2396=EDGE_LOOP('',(#2397,#2398,#2399));
#2397=ORIENTED_EDGE('',*,*,#2400,.T.);
#2398=ORIENTED_EDGE('',*,*,#2401,.T.);
#2399=ORIENTED_EDGE('',*,*,#2402,.T.);
#2400=EDGE_CURVE('',#160,#158,#2403,.F.);
#2401=EDGE_CURVE('',#158,#70,#2404,.T.);
#2402=EDGE_CURVE('',#70,#160,#2405,.T.);
#2403=LINE('',#159,#2406);
#2404=LINE('',#157,#2407);
#2405=LINE('',#69,#2408);
#2406=VECTOR('',#2409,1.0);
#2407=VECTOR('',#2410,1.0);
#2408=VECTOR('',#2411,1.0);
#2409=DIRECTION('',(0.998720382735408,0.03548016806851791,-0.036038240560131496));
#2410=DIRECTION('',(0,-0.7015677262193961,0.7126027824302584));
#2411=DIRECTION('',(-1,0,0));
#2412=STYLED_ITEM('',(#25),#2413);
#2413=FACE_SURFACE('',(#2418),#2414,.T.);
#2414=PLANE('',#2415);
#2415=AXIS2_PLACEMENT_3D('',#159,#2416,#2417);
#2416=DIRECTION('',(0,-0.8172942681825399,-0.57622051264769));
#2417=DIRECTION('',(1,0,0));
#2418=FACE_BOUND('',#2419,.T.);
#2419=EDGE_LOOP('',(#2420,#2421,#2422));
#2420=ORIENTED_EDGE('',*,*,#2423,.T.);
#2421=ORIENTED_EDGE('',*,*,#2424,.T.);
#2422=ORIENTED_EDGE('',*,*,#2425,.T.);
#2423=EDGE_CURVE('',#160,#70,#2426,.F.);
#2424=EDGE_CURVE('',#70,#74,#2427,.T.);
#2425=EDGE_CURVE('',#74,#160,#2428,.T.);
#2426=LINE('',#159,#2429);
#2427=LINE('',#69,#2430);
#2428=LINE('',#73,#2431);
#2429=VECTOR('',#2432,1.0);
#2430=VECTOR('',#2433,1.0);
#2431=VECTOR('',#2434,1.0);
#2432=DIRECTION('',(1,0,0));
#2433=DIRECTION('',(-0.9987202326182597,-0.029142730308747707,0.04133519358949285));
#2434=DIRECTION('',(0,0.5762205126476899,-0.8172942681825398));
#2435=STYLED_ITEM('',(#25),#2436);
#2436=FACE_SURFACE('',(#2441),#2437,.T.);
#2437=PLANE('',#2438);
#2438=AXIS2_PLACEMENT_3D('',#137,#2439,#2440);
#2439=DIRECTION('',(0,-0.5891276394954903,-0.8080399893461162));
#2440=DIRECTION('',(-0.9987202373257548,0.040867077253656264,-0.02979546194862105));
#2441=FACE_BOUND('',#2442,.T.);
#2442=EDGE_LOOP('',(#2443,#2444,#2445));
#2443=ORIENTED_EDGE('',*,*,#2446,.T.);
#2444=ORIENTED_EDGE('',*,*,#2447,.T.);
#2445=ORIENTED_EDGE('',*,*,#2448,.T.);
#2446=EDGE_CURVE('',#138,#142,#2449,.F.);
#2447=EDGE_CURVE('',#142,#148,#2450,.T.);
#2448=EDGE_CURVE('',#148,#138,#2451,.T.);
#2449=LINE('',#137,#2452);
#2450=LINE('',#141,#2453);
#2451=LINE('',#147,#2454);
#2452=VECTOR('',#2455,1.0);
#2453=VECTOR('',#2456,1.0);
#2454=VECTOR('',#2457,1.0);
#2455=DIRECTION('',(-0.9987202373257548,0.040867077253656264,-0.02979546194862105));
#2456=DIRECTION('',(0.9996795996779232,-0.020453118486199448,0.014912006302865008));
#2457=DIRECTION('',(-1,0,0));
#2458=STYLED_ITEM('',(#25),#2459);
#2459=FACE_SURFACE('',(#2464),#2460,.T.);
#2460=PLANE('',#2461);
#2461=AXIS2_PLACEMENT_3D('',#145,#2462,#2463);
#2462=DIRECTION('',(0,-0.7126027824302585,-0.7015677262193962));
#2463=DIRECTION('',(1,0,0));
#2464=FACE_BOUND('',#2465,.T.);
#2465=EDGE_LOOP('',(#2466,#2467,#2468));
#2466=ORIENTED_EDGE('',*,*,#2469,.T.);
#2467=ORIENTED_EDGE('',*,*,#2470,.T.);
#2468=ORIENTED_EDGE('',*,*,#2471,.T.);
#2469=EDGE_CURVE('',#146,#144,#2472,.F.);
#2470=EDGE_CURVE('',#144,#162,#2473,.T.);
#2471=EDGE_CURVE('',#162,#146,#2474,.T.);
#2472=LINE('',#145,#2475);
#2473=LINE('',#143,#2476);
#2474=LINE('',#161,#2477);
#2475=VECTOR('',#2478,1.0);
#2476=VECTOR('',#2479,1.0);
#2477=VECTOR('',#2480,1.0);
#2478=DIRECTION('',(1,0,0));
#2479=DIRECTION('',(-0.9987203887833722,-0.035480084275627724,0.036038155449251305));
#2480=DIRECTION('',(0,0.7015677262193961,-0.7126027824302584));
#2481=STYLED_ITEM('',(#25),#2482);
#2482=FACE_SURFACE('',(#2487),#2483,.T.);
#2483=PLANE('',#2484);
#2484=AXIS2_PLACEMENT_3D('',#161,#2485,#2486);
#2485=DIRECTION('',(0,-0.7126027824302585,-0.7015677262193962));
#2486=DIRECTION('',(0.9987203887833722,0.035480084275627724,-0.036038155449251305));
#2487=FACE_BOUND('',#2488,.T.);
#2488=EDGE_LOOP('',(#2489,#2490,#2491));
#2489=ORIENTED_EDGE('',*,*,#2492,.T.);
#2490=ORIENTED_EDGE('',*,*,#2493,.T.);
#2491=ORIENTED_EDGE('',*,*,#2494,.T.);
#2492=EDGE_CURVE('',#162,#144,#2495,.F.);
#2493=EDGE_CURVE('',#144,#160,#2496,.T.);
#2494=EDGE_CURVE('',#160,#162,#2497,.T.);
#2495=LINE('',#161,#2498);
#2496=LINE('',#143,#2499);
#2497=LINE('',#159,#2500);
#2498=VECTOR('',#2501,1.0);
#2499=VECTOR('',#2502,1.0);
#2500=VECTOR('',#2503,1.0);
#2501=DIRECTION('',(0.9987203887833722,0.035480084275627724,-0.036038155449251305));
#2502=DIRECTION('',(0,-0.7015677262193961,0.7126027824302584));
#2503=DIRECTION('',(-1,0,0));
#2504=STYLED_ITEM('',(#25),#2505);
#2505=FACE_SURFACE('',(#2510),#2506,.T.);
#2506=PLANE('',#2507);
#2507=AXIS2_PLACEMENT_3D('',#161,#2508,#2509);
#2508=DIRECTION('',(0,-0.8172942681825398,-0.5762205126476899));
#2509=DIRECTION('',(1,0,0));
#2510=FACE_BOUND('',#2511,.T.);
#2511=EDGE_LOOP('',(#2512,#2513,#2514));
#2512=ORIENTED_EDGE('',*,*,#2515,.T.);
#2513=ORIENTED_EDGE('',*,*,#2516,.T.);
#2514=ORIENTED_EDGE('',*,*,#2517,.T.);
#2515=EDGE_CURVE('',#162,#160,#2518,.F.);
#2516=EDGE_CURVE('',#160,#164,#2519,.T.);
#2517=EDGE_CURVE('',#164,#162,#2520,.T.);
#2518=LINE('',#161,#2521);
#2519=LINE('',#159,#2522);
#2520=LINE('',#163,#2523);
#2521=VECTOR('',#2524,1.0);
#2522=VECTOR('',#2525,1.0);
#2523=VECTOR('',#2526,1.0);
#2524=DIRECTION('',(1,0,0));
#2525=DIRECTION('',(-0.9987202386669319,-0.02914266148289373,0.041335095968920994));
#2526=DIRECTION('',(0,0.5762205126476899,-0.8172942681825398));
#2527=STYLED_ITEM('',(#25),#2528);
#2528=FACE_SURFACE('',(#2533),#2529,.T.);
#2529=PLANE('',#2530);
#2530=AXIS2_PLACEMENT_3D('',#163,#2531,#2532);
#2531=DIRECTION('',(0,-0.8172942681825398,-0.5762205126476899));
#2532=DIRECTION('',(0.9987202386669319,0.02914266148289373,-0.041335095968920994));
#2533=FACE_BOUND('',#2534,.T.);
#2534=EDGE_LOOP('',(#2535,#2536,#2537));
#2535=ORIENTED_EDGE('',*,*,#2538,.T.);
#2536=ORIENTED_EDGE('',*,*,#2539,.T.);
#2537=ORIENTED_EDGE('',*,*,#2540,.T.);
#2538=EDGE_CURVE('',#164,#160,#2541,.F.);
#2539=EDGE_CURVE('',#160,#74,#2542,.T.);
#2540=EDGE_CURVE('',#74,#164,#2543,.T.);
#2541=LINE('',#163,#2544);
#2542=LINE('',#159,#2545);
#2543=LINE('',#73,#2546);
#2544=VECTOR('',#2547,1.0);
#2545=VECTOR('',#2548,1.0);
#2546=VECTOR('',#2549,1.0);
#2547=DIRECTION('',(0.9987202386669319,0.02914266148289373,-0.041335095968920994));
#2548=DIRECTION('',(0,-0.5762205126476899,0.8172942681825398));
#2549=DIRECTION('',(-1,0,0));
#2550=STYLED_ITEM('',(#25),#2551);
#2551=FACE_SURFACE('',(#2556),#2552,.T.);
#2552=PLANE('',#2553);
#2553=AXIS2_PLACEMENT_3D('',#163,#2554,#2555);
#2554=DIRECTION('',(0,-0.900185264884099,-0.43550716284068686));
#2555=DIRECTION('',(1,0,0));
#2556=FACE_BOUND('',#2557,.T.);
#2557=EDGE_LOOP('',(#2558,#2559,#2560));
#2558=ORIENTED_EDGE('',*,*,#2561,.T.);
#2559=ORIENTED_EDGE('',*,*,#2562,.T.);
#2560=ORIENTED_EDGE('',*,*,#2563,.T.);
#2561=EDGE_CURVE('',#164,#74,#2564,.F.);
#2562=EDGE_CURVE('',#74,#78,#2565,.T.);
#2563=EDGE_CURVE('',#78,#164,#2566,.T.);
#2564=LINE('',#163,#2567);
#2565=LINE('',#73,#2568);
#2566=LINE('',#77,#2569);
#2567=VECTOR('',#2570,1.0);
#2568=VECTOR('',#2571,1.0);
#2569=VECTOR('',#2572,1.0);
#2570=DIRECTION('',(1,0,0));
#2571=DIRECTION('',(-0.9987198197709379,-0.022029610556764292,0.04553479829122512));
#2572=DIRECTION('',(0,0.43550716284068686,-0.900185264884099));
#2573=STYLED_ITEM('',(#25),#2574);
#2574=FACE_SURFACE('',(#2579),#2575,.T.);
#2575=PLANE('',#2576);
#2576=AXIS2_PLACEMENT_3D('',#133,#2577,#2578);
#2577=DIRECTION('',(0,-0.7126027824302585,-0.7015677262193962));
#2578=DIRECTION('',(0,0.7015677262193961,-0.7126027824302584));
#2579=FACE_BOUND('',#2580,.T.);
#2580=EDGE_LOOP('',(#2581,#2582,#2583));
#2581=ORIENTED_EDGE('',*,*,#2584,.T.);
#2582=ORIENTED_EDGE('',*,*,#2585,.T.);
#2583=ORIENTED_EDGE('',*,*,#2586,.T.);
#2584=EDGE_CURVE('',#134,#138,#2587,.F.);
#2585=EDGE_CURVE('',#138,#148,#2588,.T.);
#2586=EDGE_CURVE('',#148,#134,#2589,.T.);
#2587=LINE('',#133,#2590);
#2588=LINE('',#137,#2591);
#2589=LINE('',#147,#2592);
#2590=VECTOR('',#2593,1.0);
#2591=VECTOR('',#2594,1.0);
#2592=VECTOR('',#2595,1.0);
#2593=DIRECTION('',(0,0.7015677262193961,-0.7126027824302584));
#2594=DIRECTION('',(1,0,0));
#2595=DIRECTION('',(-0.9987203887833722,-0.035480084275627724,0.036038155449251305));
#2596=STYLED_ITEM('',(#25),#2597);
#2597=FACE_SURFACE('',(#2602),#2598,.T.);
#2598=PLANE('',#2599);
#2599=AXIS2_PLACEMENT_3D('',#63,#2600,#2601);
#2600=DIRECTION('',(0,-0.7126027824302584,-0.7015677262193961));
#2601=DIRECTION('',(0,-0.7015677262193961,0.7126027824302584));
#2602=FACE_BOUND('',#2603,.T.);
#2603=EDGE_LOOP('',(#2604,#2605,#2606));
#2604=ORIENTED_EDGE('',*,*,#2607,.T.);
#2605=ORIENTED_EDGE('',*,*,#2608,.T.);
#2606=ORIENTED_EDGE('',*,*,#2609,.T.);
#2607=EDGE_CURVE('',#64,#152,#2610,.F.);
#2608=EDGE_CURVE('',#152,#68,#2611,.T.);
#2609=EDGE_CURVE('',#68,#64,#2612,.T.);
#2610=LINE('',#63,#2613);
#2611=LINE('',#151,#2614);
#2612=LINE('',#67,#2615);
#2613=VECTOR('',#2616,1.0);
#2614=VECTOR('',#2617,1.0);
#2615=VECTOR('',#2618,1.0);
#2616=DIRECTION('',(0,-0.7015677262193961,0.7126027824302584));
#2617=DIRECTION('',(-1,0,0));
#2618=DIRECTION('',(0.998720382735408,0.03548016806851791,-0.036038240560131496));
#2619=STYLED_ITEM('',(#25),#2620);
#2620=FACE_SURFACE('',(#2625),#2621,.T.);
#2621=PLANE('',#2622);
#2622=AXIS2_PLACEMENT_3D('',#67,#2623,#2624);
#2623=DIRECTION('',(0,-0.8172942681825399,-0.57622051264769));
#2624=DIRECTION('',(1,0,0));
#2625=FACE_BOUND('',#2626,.T.);
#2626=EDGE_LOOP('',(#2627,#2628,#2629));
#2627=ORIENTED_EDGE('',*,*,#2630,.T.);
#2628=ORIENTED_EDGE('',*,*,#2631,.T.);
#2629=ORIENTED_EDGE('',*,*,#2632,.T.);
#2630=EDGE_CURVE('',#68,#152,#2633,.F.);
#2631=EDGE_CURVE('',#152,#166,#2634,.T.);
#2632=EDGE_CURVE('',#166,#68,#2635,.T.);
#2633=LINE('',#67,#2636);
#2634=LINE('',#151,#2637);
#2635=LINE('',#165,#2638);
#2636=VECTOR('',#2639,1.0);
#2637=VECTOR('',#2640,1.0);
#2638=VECTOR('',#2641,1.0);
#2639=DIRECTION('',(1,0,0));
#2640=DIRECTION('',(-0.9987202326182597,-0.029142730308747707,0.04133519358949285));
#2641=DIRECTION('',(0,0.5762205126476899,-0.8172942681825398));
#2642=STYLED_ITEM('',(#25),#2643);
#2643=FACE_SURFACE('',(#2648),#2644,.T.);
#2644=PLANE('',#2645);
#2645=AXIS2_PLACEMENT_3D('',#67,#2646,#2647);
#2646=DIRECTION('',(0,-0.8172942681825399,-0.57622051264769));
#2647=DIRECTION('',(0,-0.5762205126476899,0.8172942681825398));
#2648=FACE_BOUND('',#2649,.T.);
#2649=EDGE_LOOP('',(#2650,#2651,#2652));
#2650=ORIENTED_EDGE('',*,*,#2653,.T.);
#2651=ORIENTED_EDGE('',*,*,#2654,.T.);
#2652=ORIENTED_EDGE('',*,*,#2655,.T.);
#2653=EDGE_CURVE('',#68,#166,#2656,.F.);
#2654=EDGE_CURVE('',#166,#72,#2657,.T.);
#2655=EDGE_CURVE('',#72,#68,#2658,.T.);
#2656=LINE('',#67,#2659);
#2657=LINE('',#165,#2660);
#2658=LINE('',#71,#2661);
#2659=VECTOR('',#2662,1.0);
#2660=VECTOR('',#2663,1.0);
#2661=VECTOR('',#2664,1.0);
#2662=DIRECTION('',(0,-0.5762205126476899,0.8172942681825398));
#2663=DIRECTION('',(-1,0,0));
#2664=DIRECTION('',(0.9987202326182597,0.029142730308747707,-0.04133519358949285));
#2665=STYLED_ITEM('',(#25),#2666);
#2666=FACE_SURFACE('',(#2671),#2667,.T.);
#2667=PLANE('',#2668);
#2668=AXIS2_PLACEMENT_3D('',#71,#2669,#2670);
#2669=DIRECTION('',(0,-0.9001852648840989,-0.43550716284068686));
#2670=DIRECTION('',(1,0,0));
#2671=FACE_BOUND('',#2672,.T.);
#2672=EDGE_LOOP('',(#2673,#2674,#2675));
#2673=ORIENTED_EDGE('',*,*,#2676,.T.);
#2674=ORIENTED_EDGE('',*,*,#2677,.T.);
#2675=ORIENTED_EDGE('',*,*,#2678,.T.);
#2676=EDGE_CURVE('',#72,#166,#2679,.F.);
#2677=EDGE_CURVE('',#166,#168,#2680,.T.);
#2678=EDGE_CURVE('',#168,#72,#2681,.T.);
#2679=LINE('',#71,#2682);
#2680=LINE('',#165,#2683);
#2681=LINE('',#167,#2684);
#2682=VECTOR('',#2685,1.0);
#2683=VECTOR('',#2686,1.0);
#2684=VECTOR('',#2687,1.0);
#2685=DIRECTION('',(1,0,0));
#2686=DIRECTION('',(-0.9987198137202896,-0.022029662583772473,0.04553490583009046));
#2687=DIRECTION('',(0,0.43550716284068686,-0.900185264884099));
#2688=STYLED_ITEM('',(#25),#2689);
#2689=FACE_SURFACE('',(#2694),#2690,.T.);
#2690=PLANE('',#2691);
#2691=AXIS2_PLACEMENT_3D('',#71,#2692,#2693);
#2692=DIRECTION('',(0,-0.9001852648840989,-0.43550716284068686));
#2693=DIRECTION('',(0,-0.43550716284068686,0.900185264884099));
#2694=FACE_BOUND('',#2695,.T.);
#2695=EDGE_LOOP('',(#2696,#2697,#2698));
#2696=ORIENTED_EDGE('',*,*,#2699,.T.);
#2697=ORIENTED_EDGE('',*,*,#2700,.T.);
#2698=ORIENTED_EDGE('',*,*,#2701,.T.);
#2699=EDGE_CURVE('',#72,#168,#2702,.F.);
#2700=EDGE_CURVE('',#168,#76,#2703,.T.);
#2701=EDGE_CURVE('',#76,#72,#2704,.T.);
#2702=LINE('',#71,#2705);
#2703=LINE('',#167,#2706);
#2704=LINE('',#75,#2707);
#2705=VECTOR('',#2708,1.0);
#2706=VECTOR('',#2709,1.0);
#2707=VECTOR('',#2710,1.0);
#2708=DIRECTION('',(0,-0.43550716284068686,0.900185264884099));
#2709=DIRECTION('',(-1,0,0));
#2710=DIRECTION('',(0.9987198137202896,0.022029662583772473,-0.04553490583009046));
#2711=STYLED_ITEM('',(#25),#2712);
#2712=FACE_SURFACE('',(#2717),#2713,.T.);
#2713=PLANE('',#2714);
#2714=AXIS2_PLACEMENT_3D('',#75,#2715,#2716);
#2715=DIRECTION('',(0,-0.9589969165086695,-0.28341650291905));
#2716=DIRECTION('',(1,0,0));
#2717=FACE_BOUND('',#2718,.T.);
#2718=EDGE_LOOP('',(#2719,#2720,#2721));
#2719=ORIENTED_EDGE('',*,*,#2722,.T.);
#2720=ORIENTED_EDGE('',*,*,#2723,.T.);
#2721=ORIENTED_EDGE('',*,*,#2724,.T.);
#2722=EDGE_CURVE('',#76,#168,#2725,.F.);
#2723=EDGE_CURVE('',#168,#170,#2726,.T.);
#2724=EDGE_CURVE('',#170,#76,#2727,.T.);
#2725=LINE('',#75,#2728);
#2726=LINE('',#167,#2729);
#2727=LINE('',#169,#2730);
#2728=VECTOR('',#2731,1.0);
#2729=VECTOR('',#2732,1.0);
#2730=VECTOR('',#2733,1.0);
#2731=DIRECTION('',(1,0,0));
#2732=DIRECTION('',(-0.9987200689526691,-0.014334891446031024,0.04850499725189514));
#2733=DIRECTION('',(0,0.2834165029190501,-0.9589969165086695));
#2734=STYLED_ITEM('',(#25),#2735);
#2735=FACE_SURFACE('',(#2740),#2736,.T.);
#2736=PLANE('',#2737);
#2737=AXIS2_PLACEMENT_3D('',#75,#2738,#2739);
#2738=DIRECTION('',(0,-0.9589969165086696,-0.2834165029190501));
#2739=DIRECTION('',(0,-0.2834165029190501,0.9589969165086695));
#2740=FACE_BOUND('',#2741,.T.);
#2741=EDGE_LOOP('',(#2742,#2743,#2744));
#2742=ORIENTED_EDGE('',*,*,#2745,.T.);
#2743=ORIENTED_EDGE('',*,*,#2746,.T.);
#2744=ORIENTED_EDGE('',*,*,#2747,.T.);
#2745=EDGE_CURVE('',#76,#170,#2748,.F.);
#2746=EDGE_CURVE('',#170,#80,#2749,.T.);
#2747=EDGE_CURVE('',#80,#76,#2750,.T.);
#2748=LINE('',#75,#2751);
#2749=LINE('',#169,#2752);
#2750=LINE('',#79,#2753);
#2751=VECTOR('',#2754,1.0);
#2752=VECTOR('',#2755,1.0);
#2753=VECTOR('',#2756,1.0);
#2754=DIRECTION('',(0,-0.2834165029190501,0.9589969165086695));
#2755=DIRECTION('',(-1,0,0));
#2756=DIRECTION('',(0.9987200750021135,0.014334857591590769,-0.048504882698566454));
#2757=STYLED_ITEM('',(#25),#2758);
#2758=FACE_SURFACE('',(#2763),#2759,.T.);
#2759=PLANE('',#2760);
#2760=AXIS2_PLACEMENT_3D('',#79,#2761,#2762);
#2761=DIRECTION('',(0,-0.9923181052124112,-0.1237124814545816));
#2762=DIRECTION('',(1,0,0));
#2763=FACE_BOUND('',#2764,.T.);
#2764=EDGE_LOOP('',(#2765,#2766,#2767));
#2765=ORIENTED_EDGE('',*,*,#2768,.T.);
#2766=ORIENTED_EDGE('',*,*,#2769,.T.);
#2767=ORIENTED_EDGE('',*,*,#2770,.T.);
#2768=EDGE_CURVE('',#80,#170,#2771,.F.);
#2769=EDGE_CURVE('',#170,#172,#2772,.T.);
#2770=EDGE_CURVE('',#172,#80,#2773,.T.);
#2771=LINE('',#79,#2774);
#2772=LINE('',#169,#2775);
#2773=LINE('',#171,#2776);
#2774=VECTOR('',#2777,1.0);
#2775=VECTOR('',#2778,1.0);
#2776=VECTOR('',#2779,1.0);
#2777=DIRECTION('',(1,0,0));
#2778=DIRECTION('',(-0.9987201601574011,-0.006257016895650188,0.050188558803204684));
#2779=DIRECTION('',(0,0.1237124814545816,-0.9923181052124112));
#2780=STYLED_ITEM('',(#25),#2781);
#2781=FACE_SURFACE('',(#2786),#2782,.T.);
#2782=PLANE('',#2783);
#2783=AXIS2_PLACEMENT_3D('',#79,#2784,#2785);
#2784=DIRECTION('',(0,-0.992318105212411,-0.12371248145458158));
#2785=DIRECTION('',(0,-0.1237124814545816,0.9923181052124112));
#2786=FACE_BOUND('',#2787,.T.);
#2787=EDGE_LOOP('',(#2788,#2789,#2790));
#2788=ORIENTED_EDGE('',*,*,#2791,.T.);
#2789=ORIENTED_EDGE('',*,*,#2792,.T.);
#2790=ORIENTED_EDGE('',*,*,#2793,.T.);
#2791=EDGE_CURVE('',#80,#172,#2794,.F.);
#2792=EDGE_CURVE('',#172,#84,#2795,.T.);
#2793=EDGE_CURVE('',#84,#80,#2796,.T.);
#2794=LINE('',#79,#2797);
#2795=LINE('',#171,#2798);
#2796=LINE('',#83,#2799);
#2797=VECTOR('',#2800,1.0);
#2798=VECTOR('',#2801,1.0);
#2799=VECTOR('',#2802,1.0);
#2800=DIRECTION('',(0,-0.1237124814545816,0.9923181052124112));
#2801=DIRECTION('',(-1,0,0));
#2802=DIRECTION('',(0.9987201480592729,0.006257046449950126,-0.050188795863092016));
#2803=STYLED_ITEM('',(#25),#2804);
#2804=FACE_SURFACE('',(#2809),#2805,.T.);
#2805=PLANE('',#2806);
#2806=AXIS2_PLACEMENT_3D('',#83,#2807,#2808);
#2807=DIRECTION('',(0,-0.999224537073569,0.03937416043691244));
#2808=DIRECTION('',(1,0,0));
#2809=FACE_BOUND('',#2810,.T.);
#2810=EDGE_LOOP('',(#2811,#2812,#2813));
#2811=ORIENTED_EDGE('',*,*,#2814,.T.);
#2812=ORIENTED_EDGE('',*,*,#2815,.T.);
#2813=ORIENTED_EDGE('',*,*,#2816,.T.);
#2814=EDGE_CURVE('',#84,#172,#2817,.F.);
#2815=EDGE_CURVE('',#172,#88,#2818,.T.);
#2816=EDGE_CURVE('',#88,#84,#2819,.T.);
#2817=LINE('',#83,#2820);
#2818=LINE('',#171,#2821);
#2819=LINE('',#87,#2822);
#2820=VECTOR('',#2823,1.0);
#2821=VECTOR('',#2824,1.0);
#2822=VECTOR('',#2825,1.0);
#2823=DIRECTION('',(1,0,0));
#2824=DIRECTION('',(-0.9998576011844025,0.0006644526405077606,0.016862261309227824));
#2825=DIRECTION('',(0.9996796886862224,-0.0009965008273770362,-0.025288871353197757));
#2826=STYLED_ITEM('',(#25),#2827);
#2827=FACE_SURFACE('',(#2832),#2828,.T.);
#2828=PLANE('',#2829);
#2829=AXIS2_PLACEMENT_3D('',#165,#2830,#2831);
#2830=DIRECTION('',(0,-0.8172942681825399,-0.57622051264769));
#2831=DIRECTION('',(0.9987202326182597,0.029142730308747707,-0.04133519358949285));
#2832=FACE_BOUND('',#2833,.T.);
#2833=EDGE_LOOP('',(#2834,#2835,#2836));
#2834=ORIENTED_EDGE('',*,*,#2837,.T.);
#2835=ORIENTED_EDGE('',*,*,#2838,.T.);
#2836=ORIENTED_EDGE('',*,*,#2839,.T.);
#2837=EDGE_CURVE('',#166,#152,#2840,.F.);
#2838=EDGE_CURVE('',#152,#154,#2841,.T.);
#2839=EDGE_CURVE('',#154,#166,#2842,.T.);
#2840=LINE('',#165,#2843);
#2841=LINE('',#151,#2844);
#2842=LINE('',#153,#2845);
#2843=VECTOR('',#2846,1.0);
#2844=VECTOR('',#2847,1.0);
#2845=VECTOR('',#2848,1.0);
#2846=DIRECTION('',(0.9987202326182597,0.029142730308747707,-0.04133519358949285));
#2847=DIRECTION('',(0,-0.5762205126476899,0.8172942681825398));
#2848=DIRECTION('',(-1,0,0));
#2849=STYLED_ITEM('',(#25),#2850);
#2850=FACE_SURFACE('',(#2855),#2851,.T.);
#2851=PLANE('',#2852);
#2852=AXIS2_PLACEMENT_3D('',#145,#2853,#2854);
#2853=DIRECTION('',(0,-0.7126027824302584,-0.7015677262193962));
#2854=DIRECTION('',(0,-0.7015677262193961,0.7126027824302584));
#2855=FACE_BOUND('',#2856,.T.);
#2856=EDGE_LOOP('',(#2857,#2858,#2859));
#2857=ORIENTED_EDGE('',*,*,#2860,.T.);
#2858=ORIENTED_EDGE('',*,*,#2861,.T.);
#2859=ORIENTED_EDGE('',*,*,#2862,.T.);
#2860=EDGE_CURVE('',#146,#162,#2863,.F.);
#2861=EDGE_CURVE('',#162,#150,#2864,.T.);
#2862=EDGE_CURVE('',#150,#146,#2865,.T.);
#2863=LINE('',#145,#2866);
#2864=LINE('',#161,#2867);
#2865=LINE('',#149,#2868);
#2866=VECTOR('',#2869,1.0);
#2867=VECTOR('',#2870,1.0);
#2868=VECTOR('',#2871,1.0);
#2869=DIRECTION('',(0,-0.7015677262193961,0.7126027824302584));
#2870=DIRECTION('',(-1,0,0));
#2871=DIRECTION('',(0.998720376687401,0.03548025186180338,-0.03603832567141319));
#2872=STYLED_ITEM('',(#25),#2873);
#2873=FACE_SURFACE('',(#2878),#2874,.T.);
#2874=PLANE('',#2875);
#2875=AXIS2_PLACEMENT_3D('',#149,#2876,#2877);
#2876=DIRECTION('',(0,-0.8172942681825398,-0.5762205126476899));
#2877=DIRECTION('',(1,0,0));
#2878=FACE_BOUND('',#2879,.T.);
#2879=EDGE_LOOP('',(#2880,#2881,#2882));
#2880=ORIENTED_EDGE('',*,*,#2883,.T.);
#2881=ORIENTED_EDGE('',*,*,#2884,.T.);
#2882=ORIENTED_EDGE('',*,*,#2885,.T.);
#2883=EDGE_CURVE('',#150,#162,#2886,.F.);
#2884=EDGE_CURVE('',#162,#174,#2887,.T.);
#2885=EDGE_CURVE('',#174,#150,#2888,.T.);
#2886=LINE('',#149,#2889);
#2887=LINE('',#161,#2890);
#2888=LINE('',#173,#2891);
#2889=VECTOR('',#2892,1.0);
#2890=VECTOR('',#2893,1.0);
#2891=VECTOR('',#2894,1.0);
#2892=DIRECTION('',(1,0,0));
#2893=DIRECTION('',(-0.9987202265695445,-0.029142799134926355,0.04133529121052521));
#2894=DIRECTION('',(0,0.5762205126476899,-0.8172942681825398));
#2895=STYLED_ITEM('',(#25),#2896);
#2896=FACE_SURFACE('',(#2901),#2897,.T.);
#2897=PLANE('',#2898);
#2898=AXIS2_PLACEMENT_3D('',#149,#2899,#2900);
#2899=DIRECTION('',(0,-0.8172942681825398,-0.5762205126476899));
#2900=DIRECTION('',(0,-0.5762205126476899,0.8172942681825398));
#2901=FACE_BOUND('',#2902,.T.);
#2902=EDGE_LOOP('',(#2903,#2904,#2905));
#2903=ORIENTED_EDGE('',*,*,#2906,.T.);
#2904=ORIENTED_EDGE('',*,*,#2907,.T.);
#2905=ORIENTED_EDGE('',*,*,#2908,.T.);
#2906=EDGE_CURVE('',#150,#174,#2909,.F.);
#2907=EDGE_CURVE('',#174,#130,#2910,.T.);
#2908=EDGE_CURVE('',#130,#150,#2911,.T.);
#2909=LINE('',#149,#2912);
#2910=LINE('',#173,#2913);
#2911=LINE('',#129,#2914);
#2912=VECTOR('',#2915,1.0);
#2913=VECTOR('',#2916,1.0);
#2914=VECTOR('',#2917,1.0);
#2915=DIRECTION('',(0,-0.5762205126476899,0.8172942681825398));
#2916=DIRECTION('',(-1,0,0));
#2917=DIRECTION('',(0.9987202386669319,0.02914266148289373,-0.041335095968920994));
#2918=STYLED_ITEM('',(#25),#2919);
#2919=FACE_SURFACE('',(#2924),#2920,.T.);
#2920=PLANE('',#2921);
#2921=AXIS2_PLACEMENT_3D('',#129,#2922,#2923);
#2922=DIRECTION('',(0,-0.900185264884099,-0.43550716284068686));
#2923=DIRECTION('',(1,0,0));
#2924=FACE_BOUND('',#2925,.T.);
#2925=EDGE_LOOP('',(#2926,#2927,#2928));
#2926=ORIENTED_EDGE('',*,*,#2929,.T.);
#2927=ORIENTED_EDGE('',*,*,#2930,.T.);
#2928=ORIENTED_EDGE('',*,*,#2931,.T.);
#2929=EDGE_CURVE('',#130,#174,#2932,.F.);
#2930=EDGE_CURVE('',#174,#126,#2933,.T.);
#2931=EDGE_CURVE('',#126,#130,#2934,.T.);
#2932=LINE('',#129,#2935);
#2933=LINE('',#173,#2936);
#2934=LINE('',#125,#2937);
#2935=VECTOR('',#2938,1.0);
#2936=VECTOR('',#2939,1.0);
#2937=VECTOR('',#2940,1.0);
#2938=DIRECTION('',(1,0,0));
#2939=DIRECTION('',(-0.9987198197709379,-0.022029610556764292,0.04553479829122512));
#2940=DIRECTION('',(0,0.43550716284068686,-0.900185264884099));
#2941=STYLED_ITEM('',(#25),#2942);
#2942=FACE_SURFACE('',(#2947),#2943,.T.);
#2943=PLANE('',#2944);
#2944=AXIS2_PLACEMENT_3D('',#173,#2945,#2946);
#2945=DIRECTION('',(0,-0.8172942681825398,-0.5762205126476899));
#2946=DIRECTION('',(0.9987202265695445,0.029142799134926355,-0.04133529121052521));
#2947=FACE_BOUND('',#2948,.T.);
#2948=EDGE_LOOP('',(#2949,#2950,#2951));
#2949=ORIENTED_EDGE('',*,*,#2952,.T.);
#2950=ORIENTED_EDGE('',*,*,#2953,.T.);
#2951=ORIENTED_EDGE('',*,*,#2954,.T.);
#2952=EDGE_CURVE('',#174,#162,#2955,.F.);
#2953=EDGE_CURVE('',#162,#164,#2956,.T.);
#2954=EDGE_CURVE('',#164,#174,#2957,.T.);
#2955=LINE('',#173,#2958);
#2956=LINE('',#161,#2959);
#2957=LINE('',#163,#2960);
#2958=VECTOR('',#2961,1.0);
#2959=VECTOR('',#2962,1.0);
#2960=VECTOR('',#2963,1.0);
#2961=DIRECTION('',(0.9987202265695445,0.029142799134926355,-0.04133529121052521));
#2962=DIRECTION('',(0,-0.5762205126476899,0.8172942681825398));
#2963=DIRECTION('',(-1,0,0));
#2964=STYLED_ITEM('',(#25),#2965);
#2965=FACE_SURFACE('',(#2970),#2966,.T.);
#2966=PLANE('',#2967);
#2967=AXIS2_PLACEMENT_3D('',#165,#2968,#2969);
#2968=DIRECTION('',(0,-0.9001852648840989,-0.43550716284068686));
#2969=DIRECTION('',(1,0,0));
#2970=FACE_BOUND('',#2971,.T.);
#2971=EDGE_LOOP('',(#2972,#2973,#2974));
#2972=ORIENTED_EDGE('',*,*,#2975,.T.);
#2973=ORIENTED_EDGE('',*,*,#2976,.T.);
#2974=ORIENTED_EDGE('',*,*,#2977,.T.);
#2975=EDGE_CURVE('',#166,#154,#2978,.F.);
#2976=EDGE_CURVE('',#154,#176,#2979,.T.);
#2977=EDGE_CURVE('',#176,#166,#2980,.T.);
#2978=LINE('',#165,#2981);
#2979=LINE('',#153,#2982);
#2980=LINE('',#175,#2983);
#2981=VECTOR('',#2984,1.0);
#2982=VECTOR('',#2985,1.0);
#2983=VECTOR('',#2986,1.0);
#2984=DIRECTION('',(1,0,0));
#2985=DIRECTION('',(-0.9987198137202896,-0.022029662583772473,0.04553490583009046));
#2986=DIRECTION('',(0,0.43550716284068686,-0.900185264884099));
#2987=STYLED_ITEM('',(#25),#2988);
#2988=FACE_SURFACE('',(#2993),#2989,.T.);
#2989=PLANE('',#2990);
#2990=AXIS2_PLACEMENT_3D('',#175,#2991,#2992);
#2991=DIRECTION('',(0,-0.9001852648840989,-0.43550716284068686));
#2992=DIRECTION('',(0.9987198137202896,0.022029662583772473,-0.04553490583009046));
#2993=FACE_BOUND('',#2994,.T.);
#2994=EDGE_LOOP('',(#2995,#2996,#2997));
#2995=ORIENTED_EDGE('',*,*,#2998,.T.);
#2996=ORIENTED_EDGE('',*,*,#2999,.T.);
#2997=ORIENTED_EDGE('',*,*,#3000,.T.);
#2998=EDGE_CURVE('',#176,#154,#3001,.F.);
#2999=EDGE_CURVE('',#154,#156,#3002,.T.);
#3000=EDGE_CURVE('',#156,#176,#3003,.T.);
#3001=LINE('',#175,#3004);
#3002=LINE('',#153,#3005);
#3003=LINE('',#155,#3006);
#3004=VECTOR('',#3007,1.0);
#3005=VECTOR('',#3008,1.0);
#3006=VECTOR('',#3009,1.0);
#3007=DIRECTION('',(0.9987198137202896,0.022029662583772473,-0.04553490583009046));
#3008=DIRECTION('',(0,-0.43550716284068686,0.900185264884099));
#3009=DIRECTION('',(-1,0,0));
#3010=STYLED_ITEM('',(#25),#3011);
#3011=FACE_SURFACE('',(#3016),#3012,.T.);
#3012=PLANE('',#3013);
#3013=AXIS2_PLACEMENT_3D('',#175,#3014,#3015);
#3014=DIRECTION('',(0,-0.9589969165086695,-0.28341650291905));
#3015=DIRECTION('',(1,0,0));
#3016=FACE_BOUND('',#3017,.T.);
#3017=EDGE_LOOP('',(#3018,#3019,#3020));
#3018=ORIENTED_EDGE('',*,*,#3021,.T.);
#3019=ORIENTED_EDGE('',*,*,#3022,.T.);
#3020=ORIENTED_EDGE('',*,*,#3023,.T.);
#3021=EDGE_CURVE('',#176,#156,#3024,.F.);
#3022=EDGE_CURVE('',#156,#178,#3025,.T.);
#3023=EDGE_CURVE('',#178,#176,#3026,.T.);
#3024=LINE('',#175,#3027);
#3025=LINE('',#155,#3028);
#3026=LINE('',#177,#3029);
#3027=VECTOR('',#3030,1.0);
#3028=VECTOR('',#3031,1.0);
#3029=VECTOR('',#3032,1.0);
#3030=DIRECTION('',(1,0,0));
#3031=DIRECTION('',(-0.9987200689526691,-0.014334891446031024,0.04850499725189514));
#3032=DIRECTION('',(0,0.2834165029190501,-0.9589969165086695));
#3033=STYLED_ITEM('',(#25),#3034);
#3034=FACE_SURFACE('',(#3039),#3035,.T.);
#3035=PLANE('',#3036);
#3036=AXIS2_PLACEMENT_3D('',#177,#3037,#3038);
#3037=DIRECTION('',(0,-0.9589969165086695,-0.28341650291905));
#3038=DIRECTION('',(0.9987200689526691,0.014334891446031024,-0.04850499725189514));
#3039=FACE_BOUND('',#3040,.T.);
#3040=EDGE_LOOP('',(#3041,#3042,#3043));
#3041=ORIENTED_EDGE('',*,*,#3044,.T.);
#3042=ORIENTED_EDGE('',*,*,#3045,.T.);
#3043=ORIENTED_EDGE('',*,*,#3046,.T.);
#3044=EDGE_CURVE('',#178,#156,#3047,.F.);
#3045=EDGE_CURVE('',#156,#120,#3048,.T.);
#3046=EDGE_CURVE('',#120,#178,#3049,.T.);
#3047=LINE('',#177,#3050);
#3048=LINE('',#155,#3051);
#3049=LINE('',#119,#3052);
#3050=VECTOR('',#3053,1.0);
#3051=VECTOR('',#3054,1.0);
#3052=VECTOR('',#3055,1.0);
#3053=DIRECTION('',(0.9987200689526691,0.014334891446031024,-0.04850499725189514));
#3054=DIRECTION('',(0,-0.2834165029190501,0.9589969165086695));
#3055=DIRECTION('',(-1,0,0));
#3056=STYLED_ITEM('',(#25),#3057);
#3057=FACE_SURFACE('',(#3062),#3058,.T.);
#3058=PLANE('',#3059);
#3059=AXIS2_PLACEMENT_3D('',#177,#3060,#3061);
#3060=DIRECTION('',(0,-0.992318105212411,-0.1237124814545816));
#3061=DIRECTION('',(1,0,0));
#3062=FACE_BOUND('',#3063,.T.);
#3063=EDGE_LOOP('',(#3064,#3065,#3066));
#3064=ORIENTED_EDGE('',*,*,#3067,.T.);
#3065=ORIENTED_EDGE('',*,*,#3068,.T.);
#3066=ORIENTED_EDGE('',*,*,#3069,.T.);
#3067=EDGE_CURVE('',#178,#120,#3070,.F.);
#3068=EDGE_CURVE('',#120,#116,#3071,.T.);
#3069=EDGE_CURVE('',#116,#178,#3072,.T.);
#3070=LINE('',#177,#3073);
#3071=LINE('',#119,#3074);
#3072=LINE('',#115,#3075);
#3073=VECTOR('',#3076,1.0);
#3074=VECTOR('',#3077,1.0);
#3075=VECTOR('',#3078,1.0);
#3076=DIRECTION('',(1,0,0));
#3077=DIRECTION('',(-0.9987201541083585,-0.006257031672765303,0.05018867733286878));
#3078=DIRECTION('',(0,0.1237124814545816,-0.9923181052124112));
#3079=STYLED_ITEM('',(#25),#3080);
#3080=FACE_SURFACE('',(#3085),#3081,.T.);
#3081=PLANE('',#3082);
#3082=AXIS2_PLACEMENT_3D('',#173,#3083,#3084);
#3083=DIRECTION('',(0,-0.9001852648840991,-0.4355071628406869));
#3084=DIRECTION('',(1,0,0));
#3085=FACE_BOUND('',#3086,.T.);
#3086=EDGE_LOOP('',(#3087,#3088,#3089));
#3087=ORIENTED_EDGE('',*,*,#3090,.T.);
#3088=ORIENTED_EDGE('',*,*,#3091,.T.);
#3089=ORIENTED_EDGE('',*,*,#3092,.T.);
#3090=EDGE_CURVE('',#174,#164,#3093,.F.);
#3091=EDGE_CURVE('',#164,#180,#3094,.T.);
#3092=EDGE_CURVE('',#180,#174,#3095,.T.);
#3093=LINE('',#173,#3096);
#3094=LINE('',#163,#3097);
#3095=LINE('',#179,#3098);
#3096=VECTOR('',#3099,1.0);
#3097=VECTOR('',#3100,1.0);
#3098=VECTOR('',#3101,1.0);
#3099=DIRECTION('',(1,0,0));
#3100=DIRECTION('',(-0.9987198076695983,-0.022029714611026083,0.045535013369463105));
#3101=DIRECTION('',(0,0.43550716284068686,-0.900185264884099));
#3102=STYLED_ITEM('',(#25),#3103);
#3103=FACE_SURFACE('',(#3108),#3104,.T.);
#3104=PLANE('',#3105);
#3105=AXIS2_PLACEMENT_3D('',#179,#3106,#3107);
#3106=DIRECTION('',(0,-0.9001852648840991,-0.4355071628406869));
#3107=DIRECTION('',(0.9987198076695983,0.022029714611026083,-0.045535013369463105));
#3108=FACE_BOUND('',#3109,.T.);
#3109=EDGE_LOOP('',(#3110,#3111,#3112));
#3110=ORIENTED_EDGE('',*,*,#3113,.T.);
#3111=ORIENTED_EDGE('',*,*,#3114,.T.);
#3112=ORIENTED_EDGE('',*,*,#3115,.T.);
#3113=EDGE_CURVE('',#180,#164,#3116,.F.);
#3114=EDGE_CURVE('',#164,#78,#3117,.T.);
#3115=EDGE_CURVE('',#78,#180,#3118,.T.);
#3116=LINE('',#179,#3119);
#3117=LINE('',#163,#3120);
#3118=LINE('',#77,#3121);
#3119=VECTOR('',#3122,1.0);
#3120=VECTOR('',#3123,1.0);
#3121=VECTOR('',#3124,1.0);
#3122=DIRECTION('',(0.9987198076695983,0.022029714611026083,-0.045535013369463105));
#3123=DIRECTION('',(0,-0.43550716284068686,0.900185264884099));
#3124=DIRECTION('',(-1,0,0));
#3125=STYLED_ITEM('',(#25),#3126);
#3126=FACE_SURFACE('',(#3131),#3127,.T.);
#3127=PLANE('',#3128);
#3128=AXIS2_PLACEMENT_3D('',#179,#3129,#3130);
#3129=DIRECTION('',(0,-0.9589969165086695,-0.28341650291905));
#3130=DIRECTION('',(1,0,0));
#3131=FACE_BOUND('',#3132,.T.);
#3132=EDGE_LOOP('',(#3133,#3134,#3135));
#3133=ORIENTED_EDGE('',*,*,#3136,.T.);
#3134=ORIENTED_EDGE('',*,*,#3137,.T.);
#3135=ORIENTED_EDGE('',*,*,#3138,.T.);
#3136=EDGE_CURVE('',#180,#78,#3139,.F.);
#3137=EDGE_CURVE('',#78,#82,#3140,.T.);
#3138=EDGE_CURVE('',#82,#180,#3141,.T.);
#3139=LINE('',#179,#3142);
#3140=LINE('',#77,#3143);
#3141=LINE('',#81,#3144);
#3142=VECTOR('',#3145,1.0);
#3143=VECTOR('',#3146,1.0);
#3144=VECTOR('',#3147,1.0);
#3145=DIRECTION('',(1,0,0));
#3146=DIRECTION('',(-0.9987200629031819,-0.014334925300630979,0.04850511180576421));
#3147=DIRECTION('',(0,0.2834165029190501,-0.9589969165086695));
#3148=STYLED_ITEM('',(#25),#3149);
#3149=FACE_SURFACE('',(#3154),#3150,.T.);
#3150=PLANE('',#3151);
#3151=AXIS2_PLACEMENT_3D('',#165,#3152,#3153);
#3152=DIRECTION('',(0,-0.9001852648840989,-0.43550716284068686));
#3153=DIRECTION('',(0,-0.43550716284068686,0.900185264884099));
#3154=FACE_BOUND('',#3155,.T.);
#3155=EDGE_LOOP('',(#3156,#3157,#3158));
#3156=ORIENTED_EDGE('',*,*,#3159,.T.);
#3157=ORIENTED_EDGE('',*,*,#3160,.T.);
#3158=ORIENTED_EDGE('',*,*,#3161,.T.);
#3159=EDGE_CURVE('',#166,#176,#3162,.F.);
#3160=EDGE_CURVE('',#176,#168,#3163,.T.);
#3161=EDGE_CURVE('',#168,#166,#3164,.T.);
#3162=LINE('',#165,#3165);
#3163=LINE('',#175,#3166);
#3164=LINE('',#167,#3167);
#3165=VECTOR('',#3168,1.0);
#3166=VECTOR('',#3169,1.0);
#3167=VECTOR('',#3170,1.0);
#3168=DIRECTION('',(0,-0.43550716284068686,0.900185264884099));
#3169=DIRECTION('',(-1,0,0));
#3170=DIRECTION('',(0.9987198137202896,0.022029662583772473,-0.04553490583009046));
#3171=STYLED_ITEM('',(#25),#3172);
#3172=FACE_SURFACE('',(#3177),#3173,.T.);
#3173=PLANE('',#3174);
#3174=AXIS2_PLACEMENT_3D('',#167,#3175,#3176);
#3175=DIRECTION('',(0,-0.9589969165086695,-0.28341650291905));
#3176=DIRECTION('',(1,0,0));
#3177=FACE_BOUND('',#3178,.T.);
#3178=EDGE_LOOP('',(#3179,#3180,#3181));
#3179=ORIENTED_EDGE('',*,*,#3182,.T.);
#3180=ORIENTED_EDGE('',*,*,#3183,.T.);
#3181=ORIENTED_EDGE('',*,*,#3184,.T.);
#3182=EDGE_CURVE('',#168,#176,#3185,.F.);
#3183=EDGE_CURVE('',#176,#182,#3186,.T.);
#3184=EDGE_CURVE('',#182,#168,#3187,.T.);
#3185=LINE('',#167,#3188);
#3186=LINE('',#175,#3189);
#3187=LINE('',#181,#3190);
#3188=VECTOR('',#3191,1.0);
#3189=VECTOR('',#3192,1.0);
#3190=VECTOR('',#3193,1.0);
#3191=DIRECTION('',(1,0,0));
#3192=DIRECTION('',(-0.9987200689526691,-0.014334891446031024,0.04850499725189514));
#3193=DIRECTION('',(0,0.2834165029190501,-0.9589969165086695));
#3194=STYLED_ITEM('',(#25),#3195);
#3195=FACE_SURFACE('',(#3200),#3196,.T.);
#3196=PLANE('',#3197);
#3197=AXIS2_PLACEMENT_3D('',#167,#3198,#3199);
#3198=DIRECTION('',(0,-0.9589969165086695,-0.28341650291905));
#3199=DIRECTION('',(0,-0.2834165029190501,0.9589969165086695));
#3200=FACE_BOUND('',#3201,.T.);
#3201=EDGE_LOOP('',(#3202,#3203,#3204));
#3202=ORIENTED_EDGE('',*,*,#3205,.T.);
#3203=ORIENTED_EDGE('',*,*,#3206,.T.);
#3204=ORIENTED_EDGE('',*,*,#3207,.T.);
#3205=EDGE_CURVE('',#168,#182,#3208,.F.);
#3206=EDGE_CURVE('',#182,#170,#3209,.T.);
#3207=EDGE_CURVE('',#170,#168,#3210,.T.);
#3208=LINE('',#167,#3211);
#3209=LINE('',#181,#3212);
#3210=LINE('',#169,#3213);
#3211=VECTOR('',#3214,1.0);
#3212=VECTOR('',#3215,1.0);
#3213=VECTOR('',#3216,1.0);
#3214=DIRECTION('',(0,-0.2834165029190501,0.9589969165086695));
#3215=DIRECTION('',(-1,0,0));
#3216=DIRECTION('',(0.9987200689526691,0.014334891446031024,-0.04850499725189514));
#3217=STYLED_ITEM('',(#25),#3218);
#3218=FACE_SURFACE('',(#3223),#3219,.T.);
#3219=PLANE('',#3220);
#3220=AXIS2_PLACEMENT_3D('',#169,#3221,#3222);
#3221=DIRECTION('',(0,-0.992318105212411,-0.1237124814545816));
#3222=DIRECTION('',(1,0,0));
#3223=FACE_BOUND('',#3224,.T.);
#3224=EDGE_LOOP('',(#3225,#3226,#3227));
#3225=ORIENTED_EDGE('',*,*,#3228,.T.);
#3226=ORIENTED_EDGE('',*,*,#3229,.T.);
#3227=ORIENTED_EDGE('',*,*,#3230,.T.);
#3228=EDGE_CURVE('',#170,#182,#3231,.F.);
#3229=EDGE_CURVE('',#182,#184,#3232,.T.);
#3230=EDGE_CURVE('',#184,#170,#3233,.T.);
#3231=LINE('',#169,#3234);
#3232=LINE('',#181,#3235);
#3233=LINE('',#183,#3236);
#3234=VECTOR('',#3237,1.0);
#3235=VECTOR('',#3238,1.0);
#3236=VECTOR('',#3239,1.0);
#3237=DIRECTION('',(1,0,0));
#3238=DIRECTION('',(-0.9987201541083585,-0.006257031672765303,0.05018867733286878));
#3239=DIRECTION('',(0,0.1237124814545816,-0.9923181052124112));
#3240=STYLED_ITEM('',(#25),#3241);
#3241=FACE_SURFACE('',(#3246),#3242,.T.);
#3242=PLANE('',#3243);
#3243=AXIS2_PLACEMENT_3D('',#169,#3244,#3245);
#3244=DIRECTION('',(0,-0.9923181052124112,-0.1237124814545816));
#3245=DIRECTION('',(0,-0.1237124814545816,0.9923181052124112));
#3246=FACE_BOUND('',#3247,.T.);
#3247=EDGE_LOOP('',(#3248,#3249,#3250));
#3248=ORIENTED_EDGE('',*,*,#3251,.T.);
#3249=ORIENTED_EDGE('',*,*,#3252,.T.);
#3250=ORIENTED_EDGE('',*,*,#3253,.T.);
#3251=EDGE_CURVE('',#170,#184,#3254,.F.);
#3252=EDGE_CURVE('',#184,#172,#3255,.T.);
#3253=EDGE_CURVE('',#172,#170,#3256,.T.);
#3254=LINE('',#169,#3257);
#3255=LINE('',#183,#3258);
#3256=LINE('',#171,#3259);
#3257=VECTOR('',#3260,1.0);
#3258=VECTOR('',#3261,1.0);
#3259=VECTOR('',#3262,1.0);
#3260=DIRECTION('',(0,-0.1237124814545816,0.9923181052124112));
#3261=DIRECTION('',(-1,0,0));
#3262=DIRECTION('',(0.9987201601574011,0.006257016895650188,-0.050188558803204684));
#3263=STYLED_ITEM('',(#25),#3264);
#3264=FACE_SURFACE('',(#3269),#3265,.T.);
#3265=PLANE('',#3266);
#3266=AXIS2_PLACEMENT_3D('',#171,#3267,#3268);
#3267=DIRECTION('',(0,-0.9992245370735691,0.03937416043691245));
#3268=DIRECTION('',(1,0,0));
#3269=FACE_BOUND('',#3270,.T.);
#3270=EDGE_LOOP('',(#3271,#3272,#3273));
#3271=ORIENTED_EDGE('',*,*,#3274,.T.);
#3272=ORIENTED_EDGE('',*,*,#3275,.T.);
#3273=ORIENTED_EDGE('',*,*,#3276,.T.);
#3274=EDGE_CURVE('',#172,#184,#3277,.F.);
#3275=EDGE_CURVE('',#184,#88,#3278,.T.);
#3276=EDGE_CURVE('',#88,#172,#3279,.T.);
#3277=LINE('',#171,#3280);
#3278=LINE('',#183,#3281);
#3279=LINE('',#87,#3282);
#3280=VECTOR('',#3283,1.0);
#3281=VECTOR('',#3284,1.0);
#3282=VECTOR('',#3285,1.0);
#3283=DIRECTION('',(1,0,0));
#3284=DIRECTION('',(-0.9999198933070171,0.0004983701340879975,0.012647473901653598));
#3285=DIRECTION('',(0.9998576011844025,-0.0006644526405077606,-0.016862261309227824));
#3286=STYLED_ITEM('',(#25),#3287);
#3287=FACE_SURFACE('',(#3292),#3288,.T.);
#3288=PLANE('',#3289);
#3289=AXIS2_PLACEMENT_3D('',#181,#3290,#3291);
#3290=DIRECTION('',(0,-0.9589969165086695,-0.28341650291905));
#3291=DIRECTION('',(0.9987200689526691,0.014334891446031024,-0.04850499725189514));
#3292=FACE_BOUND('',#3293,.T.);
#3293=EDGE_LOOP('',(#3294,#3295,#3296));
#3294=ORIENTED_EDGE('',*,*,#3297,.T.);
#3295=ORIENTED_EDGE('',*,*,#3298,.T.);
#3296=ORIENTED_EDGE('',*,*,#3299,.T.);
#3297=EDGE_CURVE('',#182,#176,#3300,.F.);
#3298=EDGE_CURVE('',#176,#178,#3301,.T.);
#3299=EDGE_CURVE('',#178,#182,#3302,.T.);
#3300=LINE('',#181,#3303);
#3301=LINE('',#175,#3304);
#3302=LINE('',#177,#3305);
#3303=VECTOR('',#3306,1.0);
#3304=VECTOR('',#3307,1.0);
#3305=VECTOR('',#3308,1.0);
#3306=DIRECTION('',(0.9987200689526691,0.014334891446031024,-0.04850499725189514));
#3307=DIRECTION('',(0,-0.2834165029190501,0.9589969165086695));
#3308=DIRECTION('',(-1,0,0));
#3309=STYLED_ITEM('',(#25),#3310);
#3310=FACE_SURFACE('',(#3315),#3311,.T.);
#3311=PLANE('',#3312);
#3312=AXIS2_PLACEMENT_3D('',#121,#3313,#3314);
#3313=DIRECTION('',(0,-0.9589969165086696,-0.2834165029190501));
#3314=DIRECTION('',(0,0.2834165029190501,-0.9589969165086695));
#3315=FACE_BOUND('',#3316,.T.);
#3316=EDGE_LOOP('',(#3317,#3318,#3319));
#3317=ORIENTED_EDGE('',*,*,#3320,.T.);
#3318=ORIENTED_EDGE('',*,*,#3321,.T.);
#3319=ORIENTED_EDGE('',*,*,#3322,.T.);
#3320=EDGE_CURVE('',#122,#126,#3323,.F.);
#3321=EDGE_CURVE('',#126,#180,#3324,.T.);
#3322=EDGE_CURVE('',#180,#122,#3325,.T.);
#3323=LINE('',#121,#3326);
#3324=LINE('',#125,#3327);
#3325=LINE('',#179,#3328);
#3326=VECTOR('',#3329,1.0);
#3327=VECTOR('',#3330,1.0);
#3328=VECTOR('',#3331,1.0);
#3329=DIRECTION('',(0,0.2834165029190501,-0.9589969165086695));
#3330=DIRECTION('',(1,0,0));
#3331=DIRECTION('',(-0.9987200750021135,-0.014334857591590769,0.048504882698566454));
#3332=STYLED_ITEM('',(#25),#3333);
#3333=FACE_SURFACE('',(#3338),#3334,.T.);
#3334=PLANE('',#3335);
#3335=AXIS2_PLACEMENT_3D('',#179,#3336,#3337);
#3336=DIRECTION('',(-0,-0.900185264884099,-0.43550716284068686));
#3337=DIRECTION('',(-1,0,0));
#3338=FACE_BOUND('',#3339,.T.);
#3339=EDGE_LOOP('',(#3340,#3341,#3342));
#3340=ORIENTED_EDGE('',*,*,#3343,.T.);
#3341=ORIENTED_EDGE('',*,*,#3344,.T.);
#3342=ORIENTED_EDGE('',*,*,#3345,.T.);
#3343=EDGE_CURVE('',#180,#126,#3346,.F.);
#3344=EDGE_CURVE('',#126,#174,#3347,.T.);
#3345=EDGE_CURVE('',#174,#180,#3348,.T.);
#3346=LINE('',#179,#3349);
#3347=LINE('',#125,#3350);
#3348=LINE('',#173,#3351);
#3349=VECTOR('',#3352,1.0);
#3350=VECTOR('',#3353,1.0);
#3351=VECTOR('',#3354,1.0);
#3352=DIRECTION('',(-1,0,0));
#3353=DIRECTION('',(0.9987198197709379,0.022029610556764292,-0.04553479829122512));
#3354=DIRECTION('',(0,-0.43550716284068686,0.900185264884099));
#3355=STYLED_ITEM('',(#25),#3356);
#3356=FACE_SURFACE('',(#3361),#3357,.T.);
#3357=PLANE('',#3358);
#3358=AXIS2_PLACEMENT_3D('',#121,#3359,#3360);
#3359=DIRECTION('',(0,-0.9589969165086696,-0.2834165029190501));
#3360=DIRECTION('',(0.9987200750021135,0.014334857591590769,-0.048504882698566454));
#3361=FACE_BOUND('',#3362,.T.);
#3362=EDGE_LOOP('',(#3363,#3364,#3365));
#3363=ORIENTED_EDGE('',*,*,#3366,.T.);
#3364=ORIENTED_EDGE('',*,*,#3367,.T.);
#3365=ORIENTED_EDGE('',*,*,#3368,.T.);
#3366=EDGE_CURVE('',#122,#180,#3369,.F.);
#3367=EDGE_CURVE('',#180,#82,#3370,.T.);
#3368=EDGE_CURVE('',#82,#122,#3371,.T.);
#3369=LINE('',#121,#3372);
#3370=LINE('',#179,#3373);
#3371=LINE('',#81,#3374);
#3372=VECTOR('',#3375,1.0);
#3373=VECTOR('',#3376,1.0);
#3374=VECTOR('',#3377,1.0);
#3375=DIRECTION('',(0.9987200750021135,0.014334857591590769,-0.048504882698566454));
#3376=DIRECTION('',(0,-0.2834165029190501,0.9589969165086695));
#3377=DIRECTION('',(-1,0,0));
#3378=STYLED_ITEM('',(#25),#3379);
#3379=FACE_SURFACE('',(#3384),#3380,.T.);
#3380=PLANE('',#3381);
#3381=AXIS2_PLACEMENT_3D('',#117,#3382,#3383);
#3382=DIRECTION('',(0,-0.992318105212411,-0.1237124814545816));
#3383=DIRECTION('',(0.9987201541083585,0.006257031672765303,-0.05018867733286878));
#3384=FACE_BOUND('',#3385,.T.);
#3385=EDGE_LOOP('',(#3386,#3387,#3388));
#3386=ORIENTED_EDGE('',*,*,#3389,.T.);
#3387=ORIENTED_EDGE('',*,*,#3390,.T.);
#3388=ORIENTED_EDGE('',*,*,#3391,.T.);
#3389=EDGE_CURVE('',#118,#104,#3392,.F.);
#3390=EDGE_CURVE('',#104,#108,#3393,.T.);
#3391=EDGE_CURVE('',#108,#118,#3394,.T.);
#3392=LINE('',#117,#3395);
#3393=LINE('',#103,#3396);
#3394=LINE('',#107,#3397);
#3395=VECTOR('',#3398,1.0);
#3396=VECTOR('',#3399,1.0);
#3397=VECTOR('',#3400,1.0);
#3398=DIRECTION('',(0.9987201541083585,0.006257031672765303,-0.05018867733286878));
#3399=DIRECTION('',(0,-0.1237124814545816,0.9923181052124112));
#3400=DIRECTION('',(-1,0,0));
#3401=STYLED_ITEM('',(#25),#3402);
#3402=FACE_SURFACE('',(#3407),#3403,.T.);
#3403=PLANE('',#3404);
#3404=AXIS2_PLACEMENT_3D('',#115,#3405,#3406);
#3405=DIRECTION('',(-0,-0.992318105212411,-0.1237124814545816));
#3406=DIRECTION('',(-1,0,0));
#3407=FACE_BOUND('',#3408,.T.);
#3408=EDGE_LOOP('',(#3409,#3410,#3411));
#3409=ORIENTED_EDGE('',*,*,#3412,.T.);
#3410=ORIENTED_EDGE('',*,*,#3413,.T.);
#3411=ORIENTED_EDGE('',*,*,#3414,.T.);
#3412=EDGE_CURVE('',#116,#114,#3415,.F.);
#3413=EDGE_CURVE('',#114,#178,#3416,.T.);
#3414=EDGE_CURVE('',#178,#116,#3417,.T.);
#3415=LINE('',#115,#3418);
#3416=LINE('',#113,#3419);
#3417=LINE('',#177,#3420);
#3418=VECTOR('',#3421,1.0);
#3419=VECTOR('',#3422,1.0);
#3420=VECTOR('',#3423,1.0);
#3421=DIRECTION('',(-1,0,0));
#3422=DIRECTION('',(0.9987201541083585,0.006257031672765303,-0.05018867733286878));
#3423=DIRECTION('',(0,-0.1237124814545816,0.9923181052124112));
#3424=STYLED_ITEM('',(#25),#3425);
#3425=FACE_SURFACE('',(#3430),#3426,.T.);
#3426=PLANE('',#3427);
#3427=AXIS2_PLACEMENT_3D('',#177,#3428,#3429);
#3428=DIRECTION('',(-0,-0.992318105212411,-0.1237124814545816));
#3429=DIRECTION('',(-0.9987201541083585,-0.006257031672765303,0.05018867733286878));
#3430=FACE_BOUND('',#3431,.T.);
#3431=EDGE_LOOP('',(#3432,#3433,#3434));
#3432=ORIENTED_EDGE('',*,*,#3435,.T.);
#3433=ORIENTED_EDGE('',*,*,#3436,.T.);
#3434=ORIENTED_EDGE('',*,*,#3437,.T.);
#3435=EDGE_CURVE('',#178,#114,#3438,.F.);
#3436=EDGE_CURVE('',#114,#182,#3439,.T.);
#3437=EDGE_CURVE('',#182,#178,#3440,.T.);
#3438=LINE('',#177,#3441);
#3439=LINE('',#113,#3442);
#3440=LINE('',#181,#3443);
#3441=VECTOR('',#3444,1.0);
#3442=VECTOR('',#3445,1.0);
#3443=VECTOR('',#3446,1.0);
#3444=DIRECTION('',(-0.9987201541083585,-0.006257031672765303,0.05018867733286878));
#3445=DIRECTION('',(0,0.1237124814545816,-0.9923181052124112));
#3446=DIRECTION('',(1,0,0));
#3447=STYLED_ITEM('',(#25),#3448);
#3448=FACE_SURFACE('',(#3453),#3449,.T.);
#3449=PLANE('',#3450);
#3450=AXIS2_PLACEMENT_3D('',#85,#3451,#3452);
#3451=DIRECTION('',(0,-0.9923181052124112,-0.1237124814545816));
#3452=DIRECTION('',(0,0.1237124814545816,-0.9923181052124112));
#3453=FACE_BOUND('',#3454,.T.);
#3454=EDGE_LOOP('',(#3455,#3456,#3457));
#3455=ORIENTED_EDGE('',*,*,#3458,.T.);
#3456=ORIENTED_EDGE('',*,*,#3459,.T.);
#3457=ORIENTED_EDGE('',*,*,#3460,.T.);
#3458=EDGE_CURVE('',#86,#122,#3461,.F.);
#3459=EDGE_CURVE('',#122,#82,#3462,.T.);
#3460=EDGE_CURVE('',#82,#86,#3463,.T.);
#3461=LINE('',#85,#3464);
#3462=LINE('',#121,#3465);
#3463=LINE('',#81,#3466);
#3464=VECTOR('',#3467,1.0);
#3465=VECTOR('',#3468,1.0);
#3466=VECTOR('',#3469,1.0);
#3467=DIRECTION('',(0,0.1237124814545816,-0.9923181052124112));
#3468=DIRECTION('',(1,0,0));
#3469=DIRECTION('',(-0.9987201601574011,-0.006257016895650188,0.050188558803204684));
#3470=STYLED_ITEM('',(#25),#3471);
#3471=FACE_SURFACE('',(#3476),#3472,.T.);
#3472=PLANE('',#3473);
#3473=AXIS2_PLACEMENT_3D('',#111,#3474,#3475);
#3474=DIRECTION('',(0,-0.9992245370735691,0.03937416043691244));
#3475=DIRECTION('',(-0.9996796886862224,-0.0009965008273770362,-0.025288871353197757));
#3476=FACE_BOUND('',#3477,.T.);
#3477=EDGE_LOOP('',(#3478,#3479,#3480));
#3478=ORIENTED_EDGE('',*,*,#3481,.T.);
#3479=ORIENTED_EDGE('',*,*,#3482,.T.);
#3480=ORIENTED_EDGE('',*,*,#3483,.T.);
#3481=EDGE_CURVE('',#112,#118,#3484,.F.);
#3482=EDGE_CURVE('',#118,#108,#3485,.T.);
#3483=EDGE_CURVE('',#108,#112,#3486,.T.);
#3484=LINE('',#111,#3487);
#3485=LINE('',#117,#3488);
#3486=LINE('',#107,#3489);
#3487=VECTOR('',#3490,1.0);
#3488=VECTOR('',#3491,1.0);
#3489=VECTOR('',#3492,1.0);
#3490=DIRECTION('',(-0.9996796886862224,-0.0009965008273770362,-0.025288871353197757));
#3491=DIRECTION('',(1,0,0));
#3492=DIRECTION('',(0.9987205983837246,0.001991089573732952,0.050529218541004416));
#3493=STYLED_ITEM('',(#25),#3494);
#3494=FACE_SURFACE('',(#3499),#3495,.T.);
#3495=PLANE('',#3496);
#3496=AXIS2_PLACEMENT_3D('',#87,#3497,#3498);
#3497=DIRECTION('',(0,-0.9992245370735691,0.03937416043691244));
#3498=DIRECTION('',(0.9999198933070171,-0.0004983701340879975,-0.012647473901653598));
#3499=FACE_BOUND('',#3500,.T.);
#3500=EDGE_LOOP('',(#3501,#3502,#3503));
#3501=ORIENTED_EDGE('',*,*,#3504,.T.);
#3502=ORIENTED_EDGE('',*,*,#3505,.T.);
#3503=ORIENTED_EDGE('',*,*,#3506,.T.);
#3504=EDGE_CURVE('',#88,#184,#3507,.F.);
#3505=EDGE_CURVE('',#184,#114,#3508,.T.);
#3506=EDGE_CURVE('',#114,#88,#3509,.T.);
#3507=LINE('',#87,#3510);
#3508=LINE('',#183,#3511);
#3509=LINE('',#113,#3512);
#3510=VECTOR('',#3513,1.0);
#3511=VECTOR('',#3514,1.0);
#3512=VECTOR('',#3515,1.0);
#3513=DIRECTION('',(0.9999198933070171,-0.0004983701340879975,-0.012647473901653598));
#3514=DIRECTION('',(1,0,0));
#3515=DIRECTION('',(-0.9999487294986998,0.000398707605068821,0.010118270908682383));
#3516=STYLED_ITEM('',(#25),#3517);
#3517=FACE_SURFACE('',(#3522),#3518,.T.);
#3518=PLANE('',#3519);
#3519=AXIS2_PLACEMENT_3D('',#113,#3520,#3521);
#3520=DIRECTION('',(-0,-0.992318105212411,-0.1237124814545816));
#3521=DIRECTION('',(-1,0,0));
#3522=FACE_BOUND('',#3523,.T.);
#3523=EDGE_LOOP('',(#3524,#3525,#3526));
#3524=ORIENTED_EDGE('',*,*,#3527,.T.);
#3525=ORIENTED_EDGE('',*,*,#3528,.T.);
#3526=ORIENTED_EDGE('',*,*,#3529,.T.);
#3527=EDGE_CURVE('',#114,#184,#3530,.F.);
#3528=EDGE_CURVE('',#184,#182,#3531,.T.);
#3529=EDGE_CURVE('',#182,#114,#3532,.T.);
#3530=LINE('',#113,#3533);
#3531=LINE('',#183,#3534);
#3532=LINE('',#181,#3535);
#3533=VECTOR('',#3536,1.0);
#3534=VECTOR('',#3537,1.0);
#3535=VECTOR('',#3538,1.0);
#3536=DIRECTION('',(-1,0,0));
#3537=DIRECTION('',(0.9987201541083585,0.006257031672765303,-0.05018867733286878));
#3538=DIRECTION('',(0,-0.1237124814545816,0.9923181052124112));
#3539=STYLED_ITEM('',(#25),#3540);
#3540=FACE_SURFACE('',(#3545),#3541,.T.);
#3541=PLANE('',#3542);
#3542=AXIS2_PLACEMENT_3D('',#111,#3543,#3544);
#3543=DIRECTION('',(0,-0.9926862169918224,0.1207231319775319));
#3544=DIRECTION('',(0,0.12072313197753191,0.9926862169918225));
#3545=FACE_BOUND('',#3546,.T.);
#3546=EDGE_LOOP('',(#3547,#3548,#3549));
#3547=ORIENTED_EDGE('',*,*,#3550,.T.);
#3548=ORIENTED_EDGE('',*,*,#3551,.T.);
#3549=ORIENTED_EDGE('',*,*,#3552,.T.);
#3550=EDGE_CURVE('',#112,#186,#3553,.F.);
#3551=EDGE_CURVE('',#186,#88,#3554,.T.);
#3552=EDGE_CURVE('',#88,#112,#3555,.T.);
#3553=LINE('',#111,#3556);
#3554=LINE('',#185,#3557);
#3555=LINE('',#87,#3558);
#3556=VECTOR('',#3559,1.0);
#3557=VECTOR('',#3560,1.0);
#3558=VECTOR('',#3561,1.0);
#3559=DIRECTION('',(0,0.12072313197753191,0.9926862169918225));
#3560=DIRECTION('',(-0.9502014442275395,-0.0376217163546523,-0.30935711054771037));
#3561=DIRECTION('',(1,0,0));
#3562=STYLED_ITEM('',(#25),#3563);
#3563=FACE_SURFACE('',(#3568),#3564,.T.);
#3564=PLANE('',#3565);
#3565=AXIS2_PLACEMENT_3D('',#87,#3566,#3567);
#3566=DIRECTION('',(0,-0.9926862169918224,0.1207231319775319));
#3567=DIRECTION('',(0.9502014442275395,0.0376217163546523,0.30935711054771037));
#3568=FACE_BOUND('',#3569,.T.);
#3569=EDGE_LOOP('',(#3570,#3571,#3572));
#3570=ORIENTED_EDGE('',*,*,#3573,.T.);
#3571=ORIENTED_EDGE('',*,*,#3574,.T.);
#3572=ORIENTED_EDGE('',*,*,#3575,.T.);
#3573=EDGE_CURVE('',#88,#186,#3576,.F.);
#3574=EDGE_CURVE('',#186,#188,#3577,.T.);
#3575=EDGE_CURVE('',#188,#88,#3578,.T.);
#3576=LINE('',#87,#3579);
#3577=LINE('',#185,#3580);
#3578=LINE('',#187,#3581);
#3579=VECTOR('',#3582,1.0);
#3580=VECTOR('',#3583,1.0);
#3581=VECTOR('',#3584,1.0);
#3582=DIRECTION('',(0.9502014442275395,0.0376217163546523,0.30935711054771037));
#3583=DIRECTION('',(-1,0,0));
#3584=DIRECTION('',(0,-0.12072313197753191,-0.9926862169918225));
#3585=STYLED_ITEM('',(#25),#3586);
#3586=FACE_SURFACE('',(#3591),#3587,.T.);
#3587=PLANE('',#3588);
#3588=AXIS2_PLACEMENT_3D('',#109,#3589,#3590);
#3589=DIRECTION('',(1,-0,0));
#3590=DIRECTION('',(0,0.1237124814545816,-0.9923181052124112));
#3591=FACE_BOUND('',#3592,.T.);
#3592=EDGE_LOOP('',(#3593,#3594,#3595));
#3593=ORIENTED_EDGE('',*,*,#3596,.T.);
#3594=ORIENTED_EDGE('',*,*,#3597,.T.);
#3595=ORIENTED_EDGE('',*,*,#3598,.T.);
#3596=EDGE_CURVE('',#110,#106,#3599,.F.);
#3597=EDGE_CURVE('',#106,#112,#3600,.T.);
#3598=EDGE_CURVE('',#112,#110,#3601,.T.);
#3599=LINE('',#109,#3602);
#3600=LINE('',#105,#3603);
#3601=LINE('',#111,#3604);
#3602=VECTOR('',#3605,1.0);
#3603=VECTOR('',#3606,1.0);
#3604=VECTOR('',#3607,1.0);
#3605=DIRECTION('',(0,0.1237124814545816,-0.9923181052124112));
#3606=DIRECTION('',(0,-0.04231743064980708,0.9991042163173963));
#3607=DIRECTION('',(0,-0.03937416043691245,-0.9992245370735691));
#3608=STYLED_ITEM('',(#25),#3609);
#3609=FACE_SURFACE('',(#3614),#3610,.T.);
#3610=PLANE('',#3611);
#3611=AXIS2_PLACEMENT_3D('',#111,#3612,#3613);
#3612=DIRECTION('',(1,0,0));
#3613=DIRECTION('',(0,0.04231743064980708,-0.9991042163173963));
#3614=FACE_BOUND('',#3615,.T.);
#3615=EDGE_LOOP('',(#3616,#3617,#3618));
#3616=ORIENTED_EDGE('',*,*,#3619,.T.);
#3617=ORIENTED_EDGE('',*,*,#3620,.T.);
#3618=ORIENTED_EDGE('',*,*,#3621,.T.);
#3619=EDGE_CURVE('',#112,#106,#3622,.F.);
#3620=EDGE_CURVE('',#106,#102,#3623,.T.);
#3621=EDGE_CURVE('',#102,#112,#3624,.T.);
#3622=LINE('',#111,#3625);
#3623=LINE('',#105,#3626);
#3624=LINE('',#101,#3627);
#3625=VECTOR('',#3628,1.0);
#3626=VECTOR('',#3629,1.0);
#3627=VECTOR('',#3630,1.0);
#3628=DIRECTION('',(0,0.04231743064980708,-0.9991042163173963));
#3629=DIRECTION('',(0,0.2834165029190501,-0.9589969165086695));
#3630=DIRECTION('',(0,-0.12369409615692709,0.9923203971379007));
#3631=STYLED_ITEM('',(#25),#3632);
#3632=FACE_SURFACE('',(#3637),#3633,.T.);
#3633=PLANE('',#3634);
#3634=AXIS2_PLACEMENT_3D('',#111,#3635,#3636);
#3635=DIRECTION('',(1,0,0));
#3636=DIRECTION('',(0,0.12369409615692709,-0.9923203971379007));
#3637=FACE_BOUND('',#3638,.T.);
#3638=EDGE_LOOP('',(#3639,#3640,#3641));
#3639=ORIENTED_EDGE('',*,*,#3642,.T.);
#3640=ORIENTED_EDGE('',*,*,#3643,.T.);
#3641=ORIENTED_EDGE('',*,*,#3644,.T.);
#3642=EDGE_CURVE('',#112,#102,#3645,.F.);
#3643=EDGE_CURVE('',#102,#98,#3646,.T.);
#3644=EDGE_CURVE('',#98,#112,#3647,.T.);
#3645=LINE('',#111,#3648);
#3646=LINE('',#101,#3649);
#3647=LINE('',#97,#3650);
#3648=VECTOR('',#3651,1.0);
#3649=VECTOR('',#3652,1.0);
#3650=VECTOR('',#3653,1.0);
#3651=DIRECTION('',(0,0.12369409615692709,-0.9923203971379007));
#3652=DIRECTION('',(0,0.43550716284068686,-0.900185264884099));
#3653=DIRECTION('',(0,-0.2042238451066765,0.9789242162138212));
#3654=STYLED_ITEM('',(#25),#3655);
#3655=FACE_SURFACE('',(#3660),#3656,.T.);
#3656=PLANE('',#3657);
#3657=AXIS2_PLACEMENT_3D('',#97,#3658,#3659);
#3658=DIRECTION('',(1,-0,-0));
#3659=DIRECTION('',(0,0.5762205126476899,-0.8172942681825398));
#3660=FACE_BOUND('',#3661,.T.);
#3661=EDGE_LOOP('',(#3662,#3663,#3664));
#3662=ORIENTED_EDGE('',*,*,#3665,.T.);
#3663=ORIENTED_EDGE('',*,*,#3666,.T.);
#3664=ORIENTED_EDGE('',*,*,#3667,.T.);
#3665=EDGE_CURVE('',#98,#94,#3668,.F.);
#3666=EDGE_CURVE('',#94,#112,#3669,.T.);
#3667=EDGE_CURVE('',#112,#98,#3670,.T.);
#3668=LINE('',#97,#3671);
#3669=LINE('',#93,#3672);
#3670=LINE('',#111,#3673);
#3671=VECTOR('',#3674,1.0);
#3672=VECTOR('',#3675,1.0);
#3673=VECTOR('',#3676,1.0);
#3674=DIRECTION('',(0,0.5762205126476899,-0.8172942681825398));
#3675=DIRECTION('',(0,-0.2834152074795236,0.9589972993545595));
#3676=DIRECTION('',(0,0.2042238451066765,-0.9789242162138212));
#3677=STYLED_ITEM('',(#25),#3678);
#3678=FACE_SURFACE('',(#3683),#3679,.T.);
#3679=PLANE('',#3680);
#3680=AXIS2_PLACEMENT_3D('',#111,#3681,#3682);
#3681=DIRECTION('',(1,0,0));
#3682=DIRECTION('',(0,0.2834152074795236,-0.9589972993545595));
#3683=FACE_BOUND('',#3684,.T.);
#3684=EDGE_LOOP('',(#3685,#3686,#3687));
#3685=ORIENTED_EDGE('',*,*,#3688,.T.);
#3686=ORIENTED_EDGE('',*,*,#3689,.T.);
#3687=ORIENTED_EDGE('',*,*,#3690,.T.);
#3688=EDGE_CURVE('',#112,#94,#3691,.F.);
#3689=EDGE_CURVE('',#94,#58,#3692,.T.);
#3690=EDGE_CURVE('',#58,#112,#3693,.T.);
#3691=LINE('',#111,#3694);
#3692=LINE('',#93,#3695);
#3693=LINE('',#57,#3696);
#3694=VECTOR('',#3697,1.0);
#3695=VECTOR('',#3698,1.0);
#3696=VECTOR('',#3699,1.0);
#3697=DIRECTION('',(0,0.2834152074795236,-0.9589972993545595));
#3698=DIRECTION('',(0,0.7015677262193961,-0.7126027824302584));
#3699=DIRECTION('',(0,-0.3607326164377952,0.9326692765594579));
#3700=STYLED_ITEM('',(#25),#3701);
#3701=FACE_SURFACE('',(#3706),#3702,.T.);
#3702=PLANE('',#3703);
#3703=AXIS2_PLACEMENT_3D('',#111,#3704,#3705);
#3704=DIRECTION('',(1,0,0));
#3705=DIRECTION('',(0,0.3607326164377952,-0.9326692765594579));
#3706=FACE_BOUND('',#3707,.T.);
#3707=EDGE_LOOP('',(#3708,#3709,#3710));
#3708=ORIENTED_EDGE('',*,*,#3711,.T.);
#3709=ORIENTED_EDGE('',*,*,#3712,.T.);
#3710=ORIENTED_EDGE('',*,*,#3713,.T.);
#3711=EDGE_CURVE('',#112,#58,#3714,.F.);
#3712=EDGE_CURVE('',#58,#62,#3715,.T.);
#3713=EDGE_CURVE('',#62,#112,#3716,.T.);
#3714=LINE('',#111,#3717);
#3715=LINE('',#57,#3718);
#3716=LINE('',#61,#3719);
#3717=VECTOR('',#3720,1.0);
#3718=VECTOR('',#3721,1.0);
#3719=VECTOR('',#3722,1.0);
#3720=DIRECTION('',(0,0.3607326164377952,-0.9326692765594579));
#3721=DIRECTION('',(0,0.8080399893461162,-0.5891276394954903));
#3722=DIRECTION('',(0,-0.4356257905661654,0.9001278634691869));
#3723=STYLED_ITEM('',(#25),#3724);
#3724=FACE_SURFACE('',(#3729),#3725,.T.);
#3725=PLANE('',#3726);
#3726=AXIS2_PLACEMENT_3D('',#61,#3727,#3728);
#3727=DIRECTION('',(1,-0,-0));
#3728=DIRECTION('',(0,0.8534039718341272,-0.5212500943479399));
#3729=FACE_BOUND('',#3730,.T.);
#3730=EDGE_LOOP('',(#3731,#3732,#3733));
#3731=ORIENTED_EDGE('',*,*,#3734,.T.);
#3732=ORIENTED_EDGE('',*,*,#3735,.T.);
#3733=ORIENTED_EDGE('',*,*,#3736,.T.);
#3734=EDGE_CURVE('',#62,#190,#3737,.F.);
#3735=EDGE_CURVE('',#190,#112,#3738,.T.);
#3736=EDGE_CURVE('',#112,#62,#3739,.T.);
#3737=LINE('',#61,#3740);
#3738=LINE('',#189,#3741);
#3739=LINE('',#111,#3742);
#3740=VECTOR('',#3743,1.0);
#3741=VECTOR('',#3744,1.0);
#3742=VECTOR('',#3745,1.0);
#3743=DIRECTION('',(0,0.8534039718341272,-0.5212500943479399));
#3744=DIRECTION('',(0,-0.6749847011604804,0.7378317241751651));
#3745=DIRECTION('',(0,0.4356257905661654,-0.9001278634691869));
#3746=STYLED_ITEM('',(#25),#3747);
#3747=FACE_SURFACE('',(#3752),#3748,.T.);
#3748=PLANE('',#3749);
#3749=AXIS2_PLACEMENT_3D('',#111,#3750,#3751);
#3750=DIRECTION('',(1,-0,0));
#3751=DIRECTION('',(0,0.6749847011604804,-0.7378317241751651));
#3752=FACE_BOUND('',#3753,.T.);
#3753=EDGE_LOOP('',(#3754,#3755,#3756));
#3754=ORIENTED_EDGE('',*,*,#3757,.T.);
#3755=ORIENTED_EDGE('',*,*,#3758,.T.);
#3756=ORIENTED_EDGE('',*,*,#3759,.T.);
#3757=EDGE_CURVE('',#112,#190,#3760,.F.);
#3758=EDGE_CURVE('',#190,#186,#3761,.T.);
#3759=EDGE_CURVE('',#186,#112,#3762,.T.);
#3760=LINE('',#111,#3763);
#3761=LINE('',#189,#3764);
#3762=LINE('',#185,#3765);
#3763=VECTOR('',#3766,1.0);
#3764=VECTOR('',#3767,1.0);
#3765=VECTOR('',#3768,1.0);
#3766=DIRECTION('',(0,0.6749847011604804,-0.7378317241751651));
#3767=DIRECTION('',(0,-0.024949354846183217,0.999688716397639));
#3768=DIRECTION('',(0,-0.12072313197753191,-0.9926862169918225));
#3769=STYLED_ITEM('',(#25),#3770);
#3770=FACE_SURFACE('',(#3775),#3771,.T.);
#3771=PLANE('',#3772);
#3772=AXIS2_PLACEMENT_3D('',#185,#3773,#3774);
#3773=DIRECTION('',(1,-0,0));
#3774=DIRECTION('',(0,0.024949354846183217,-0.999688716397639));
#3775=FACE_BOUND('',#3776,.T.);
#3776=EDGE_LOOP('',(#3777,#3778,#3779));
#3777=ORIENTED_EDGE('',*,*,#3780,.T.);
#3778=ORIENTED_EDGE('',*,*,#3781,.T.);
#3779=ORIENTED_EDGE('',*,*,#3782,.T.);
#3780=EDGE_CURVE('',#186,#190,#3783,.F.);
#3781=EDGE_CURVE('',#190,#192,#3784,.T.);
#3782=EDGE_CURVE('',#192,#186,#3785,.T.);
#3783=LINE('',#185,#3786);
#3784=LINE('',#189,#3787);
#3785=LINE('',#191,#3788);
#3786=VECTOR('',#3789,1.0);
#3787=VECTOR('',#3790,1.0);
#3788=VECTOR('',#3791,1.0);
#3789=DIRECTION('',(0,0.024949354846183217,-0.999688716397639));
#3790=DIRECTION('',(0,0.5626970153486343,0.8266632137199157));
#3791=DIRECTION('',(0,-0.8496625591007841,-0.5273267826142597));
#3792=STYLED_ITEM('',(#25),#3793);
#3793=FACE_SURFACE('',(#3798),#3794,.T.);
#3794=PLANE('',#3795);
#3795=AXIS2_PLACEMENT_3D('',#185,#3796,#3797);
#3796=DIRECTION('',(1,0,-0));
#3797=DIRECTION('',(0,0.8496625591007841,0.5273267826142597));
#3798=FACE_BOUND('',#3799,.T.);
#3799=EDGE_LOOP('',(#3800,#3801,#3802));
#3800=ORIENTED_EDGE('',*,*,#3803,.T.);
#3801=ORIENTED_EDGE('',*,*,#3804,.T.);
#3802=ORIENTED_EDGE('',*,*,#3805,.T.);
#3803=EDGE_CURVE('',#186,#192,#3806,.F.);
#3804=EDGE_CURVE('',#192,#194,#3807,.T.);
#3805=EDGE_CURVE('',#194,#186,#3808,.T.);
#3806=LINE('',#185,#3809);
#3807=LINE('',#191,#3810);
#3808=LINE('',#193,#3811);
#3809=VECTOR('',#3812,1.0);
#3810=VECTOR('',#3813,1.0);
#3811=VECTOR('',#3814,1.0);
#3812=DIRECTION('',(0,0.8496625591007841,0.5273267826142597));
#3813=DIRECTION('',(0,-0.9820893571186282,0.18841574943278935));
#3814=DIRECTION('',(0,0.01145005690709282,-0.9999344459497455));
#3815=STYLED_ITEM('',(#25),#3816);
#3816=FACE_SURFACE('',(#3821),#3817,.T.);
#3817=PLANE('',#3818);
#3818=AXIS2_PLACEMENT_3D('',#195,#3819,#3820);
#3819=DIRECTION('',(1,-0,0));
#3820=DIRECTION('',(0,0.9980062383952263,-0.06311535569265705));
#3821=FACE_BOUND('',#3822,.T.);
#3822=EDGE_LOOP('',(#3823,#3824,#3825));
#3823=ORIENTED_EDGE('',*,*,#3826,.T.);
#3824=ORIENTED_EDGE('',*,*,#3827,.T.);
#3825=ORIENTED_EDGE('',*,*,#3828,.T.);
#3826=EDGE_CURVE('',#196,#198,#3829,.F.);
#3827=EDGE_CURVE('',#198,#190,#3830,.T.);
#3828=EDGE_CURVE('',#190,#196,#3831,.T.);
#3829=LINE('',#195,#3832);
#3830=LINE('',#197,#3833);
#3831=LINE('',#189,#3834);
#3832=VECTOR('',#3835,1.0);
#3833=VECTOR('',#3836,1.0);
#3834=VECTOR('',#3837,1.0);
#3835=DIRECTION('',(0,0.9980062383952263,-0.06311535569265705));
#3836=DIRECTION('',(0,-0.6518028380986898,0.7583884626274936));
#3837=DIRECTION('',(0,-0.1207230421005136,-0.9926862279219943));
#3838=STYLED_ITEM('',(#25),#3839);
#3839=FACE_SURFACE('',(#3844),#3840,.T.);
#3840=PLANE('',#3841);
#3841=AXIS2_PLACEMENT_3D('',#189,#3842,#3843);
#3842=DIRECTION('',(1,-0,0));
#3843=DIRECTION('',(0,0.6518028380986898,-0.7583884626274936));
#3844=FACE_BOUND('',#3845,.T.);
#3845=EDGE_LOOP('',(#3846,#3847,#3848));
#3846=ORIENTED_EDGE('',*,*,#3849,.T.);
#3847=ORIENTED_EDGE('',*,*,#3850,.T.);
#3848=ORIENTED_EDGE('',*,*,#3851,.T.);
#3849=EDGE_CURVE('',#190,#198,#3852,.F.);
#3850=EDGE_CURVE('',#198,#192,#3853,.T.);
#3851=EDGE_CURVE('',#192,#190,#3854,.T.);
#3852=LINE('',#189,#3855);
#3853=LINE('',#197,#3856);
#3854=LINE('',#191,#3857);
#3855=VECTOR('',#3858,1.0);
#3856=VECTOR('',#3859,1.0);
#3857=VECTOR('',#3860,1.0);
#3858=DIRECTION('',(0,0.6518028380986898,-0.7583884626274936));
#3859=DIRECTION('',(0,0.1207243212636515,0.992686072358946));
#3860=DIRECTION('',(0,-0.5626970153486343,-0.8266632137199157));
#3861=STYLED_ITEM('',(#25),#3862);
#3862=FACE_SURFACE('',(#3867),#3863,.T.);
#3863=PLANE('',#3864);
#3864=AXIS2_PLACEMENT_3D('',#193,#3865,#3866);
#3865=DIRECTION('',(1,0,0));
#3866=DIRECTION('',(0,-0.12072341767007747,-0.992686182247973));
#3867=FACE_BOUND('',#3868,.T.);
#3868=EDGE_LOOP('',(#3869,#3870,#3871));
#3869=ORIENTED_EDGE('',*,*,#3872,.T.);
#3870=ORIENTED_EDGE('',*,*,#3873,.T.);
#3871=ORIENTED_EDGE('',*,*,#3874,.T.);
#3872=EDGE_CURVE('',#194,#200,#3875,.F.);
#3873=EDGE_CURVE('',#200,#186,#3876,.T.);
#3874=EDGE_CURVE('',#186,#194,#3877,.T.);
#3875=LINE('',#193,#3878);
#3876=LINE('',#199,#3879);
#3877=LINE('',#185,#3880);
#3878=VECTOR('',#3881,1.0);
#3879=VECTOR('',#3882,1.0);
#3880=VECTOR('',#3883,1.0);
#3881=DIRECTION('',(0,-0.12072341767007747,-0.992686182247973));
#3882=DIRECTION('',(0,0.6568565891980546,-0.7540155311577462));
#3883=DIRECTION('',(0,-0.01145005690709282,0.9999344459497455));
#3884=STYLED_ITEM('',(#25),#3885);
#3885=FACE_SURFACE('',(#3890),#3886,.T.);
#3886=PLANE('',#3887);
#3887=AXIS2_PLACEMENT_3D('',#185,#3888,#3889);
#3888=DIRECTION('',(1,0,0));
#3889=DIRECTION('',(0,-0.6568565891980546,0.7540155311577462));
#3890=FACE_BOUND('',#3891,.T.);
#3891=EDGE_LOOP('',(#3892,#3893,#3894));
#3892=ORIENTED_EDGE('',*,*,#3895,.T.);
#3893=ORIENTED_EDGE('',*,*,#3896,.T.);
#3894=ORIENTED_EDGE('',*,*,#3897,.T.);
#3895=EDGE_CURVE('',#186,#200,#3898,.F.);
#3896=EDGE_CURVE('',#200,#202,#3899,.T.);
#3897=EDGE_CURVE('',#202,#186,#3900,.T.);
#3898=LINE('',#185,#3901);
#3899=LINE('',#199,#3902);
#3900=LINE('',#201,#3903);
#3901=VECTOR('',#3904,1.0);
#3902=VECTOR('',#3905,1.0);
#3903=VECTOR('',#3906,1.0);
#3904=DIRECTION('',(0,-0.6568565891980546,0.7540155311577462));
#3905=DIRECTION('',(0,0.4356257905661654,-0.9001278634691869));
#3906=DIRECTION('',(0,0.8534219863501369,-0.5212205993762976));
#3907=STYLED_ITEM('',(#25),#3908);
#3908=FACE_SURFACE('',(#3913),#3909,.T.);
#3909=PLANE('',#3910);
#3910=AXIS2_PLACEMENT_3D('',#201,#3911,#3912);
#3911=DIRECTION('',(1,0,0));
#3912=DIRECTION('',(0,-0.4356257905661654,0.9001278634691869));
#3913=FACE_BOUND('',#3914,.T.);
#3914=EDGE_LOOP('',(#3915,#3916,#3917));
#3915=ORIENTED_EDGE('',*,*,#3918,.T.);
#3916=ORIENTED_EDGE('',*,*,#3919,.T.);
#3917=ORIENTED_EDGE('',*,*,#3920,.T.);
#3918=EDGE_CURVE('',#202,#200,#3921,.F.);
#3919=EDGE_CURVE('',#200,#204,#3922,.T.);
#3920=EDGE_CURVE('',#204,#202,#3923,.T.);
#3921=LINE('',#201,#3924);
#3922=LINE('',#199,#3925);
#3923=LINE('',#203,#3926);
#3924=VECTOR('',#3927,1.0);
#3925=VECTOR('',#3928,1.0);
#3926=VECTOR('',#3929,1.0);
#3927=DIRECTION('',(0,-0.4356257905661654,0.9001278634691869));
#3928=DIRECTION('',(0,0.3607326164377952,-0.9326692765594579));
#3929=DIRECTION('',(0,0.8080399893461162,-0.5891276394954903));
#3930=STYLED_ITEM('',(#25),#3931);
#3931=FACE_SURFACE('',(#3936),#3932,.T.);
#3932=PLANE('',#3933);
#3933=AXIS2_PLACEMENT_3D('',#203,#3934,#3935);
#3934=DIRECTION('',(1,0,0));
#3935=DIRECTION('',(0,-0.3607326164377952,0.9326692765594579));
#3936=FACE_BOUND('',#3937,.T.);
#3937=EDGE_LOOP('',(#3938,#3939,#3940));
#3938=ORIENTED_EDGE('',*,*,#3941,.T.);
#3939=ORIENTED_EDGE('',*,*,#3942,.T.);
#3940=ORIENTED_EDGE('',*,*,#3943,.T.);
#3941=EDGE_CURVE('',#204,#200,#3944,.F.);
#3942=EDGE_CURVE('',#200,#206,#3945,.T.);
#3943=EDGE_CURVE('',#206,#204,#3946,.T.);
#3944=LINE('',#203,#3947);
#3945=LINE('',#199,#3948);
#3946=LINE('',#205,#3949);
#3947=VECTOR('',#3950,1.0);
#3948=VECTOR('',#3951,1.0);
#3949=VECTOR('',#3952,1.0);
#3950=DIRECTION('',(0,-0.3607326164377952,0.9326692765594579));
#3951=DIRECTION('',(0,0.28345376290823227,-0.9589859041159904));
#3952=DIRECTION('',(0,0.701333234896124,-0.7128335665708637));
#3953=STYLED_ITEM('',(#25),#3954);
#3954=FACE_SURFACE('',(#3959),#3955,.T.);
#3955=PLANE('',#3956);
#3956=AXIS2_PLACEMENT_3D('',#205,#3957,#3958);
#3957=DIRECTION('',(1,0,0));
#3958=DIRECTION('',(0,-0.28345376290823227,0.9589859041159904));
#3959=FACE_BOUND('',#3960,.T.);
#3960=EDGE_LOOP('',(#3961,#3962,#3963));
#3961=ORIENTED_EDGE('',*,*,#3964,.T.);
#3962=ORIENTED_EDGE('',*,*,#3965,.T.);
#3963=ORIENTED_EDGE('',*,*,#3966,.T.);
#3964=EDGE_CURVE('',#206,#200,#3967,.F.);
#3965=EDGE_CURVE('',#200,#208,#3968,.T.);
#3966=EDGE_CURVE('',#208,#206,#3969,.T.);
#3967=LINE('',#205,#3970);
#3968=LINE('',#199,#3971);
#3969=LINE('',#207,#3972);
#3970=VECTOR('',#3973,1.0);
#3971=VECTOR('',#3974,1.0);
#3972=VECTOR('',#3975,1.0);
#3973=DIRECTION('',(0,-0.28345376290823227,0.9589859041159904));
#3974=DIRECTION('',(0,0.20426563881356777,-0.978915496250869));
#3975=DIRECTION('',(0,0.5762205126476899,-0.8172942681825398));
#3976=STYLED_ITEM('',(#25),#3977);
#3977=FACE_SURFACE('',(#3982),#3978,.T.);
#3978=PLANE('',#3979);
#3979=AXIS2_PLACEMENT_3D('',#207,#3980,#3981);
#3980=DIRECTION('',(1,0,0));
#3981=DIRECTION('',(0,-0.20426563881356777,0.978915496250869));
#3982=FACE_BOUND('',#3983,.T.);
#3983=EDGE_LOOP('',(#3984,#3985,#3986));
#3984=ORIENTED_EDGE('',*,*,#3987,.T.);
#3985=ORIENTED_EDGE('',*,*,#3988,.T.);
#3986=ORIENTED_EDGE('',*,*,#3989,.T.);
#3987=EDGE_CURVE('',#208,#200,#3990,.F.);
#3988=EDGE_CURVE('',#200,#210,#3991,.T.);
#3989=EDGE_CURVE('',#210,#208,#3992,.T.);
#3990=LINE('',#207,#3993);
#3991=LINE('',#199,#3994);
#3992=LINE('',#209,#3995);
#3993=VECTOR('',#3996,1.0);
#3994=VECTOR('',#3997,1.0);
#3995=VECTOR('',#3998,1.0);
#3996=DIRECTION('',(0,-0.20426563881356777,0.978915496250869));
#3997=DIRECTION('',(0,0.12369409615692709,-0.9923203971379007));
#3998=DIRECTION('',(0,0.4357295953506811,-0.9000776187282583));
#3999=STYLED_ITEM('',(#25),#4000);
#4000=FACE_SURFACE('',(#4005),#4001,.T.);
#4001=PLANE('',#4002);
#4002=AXIS2_PLACEMENT_3D('',#209,#4003,#4004);
#4003=DIRECTION('',(1,0,0));
#4004=DIRECTION('',(0,-0.12369409615692709,0.9923203971379007));
#4005=FACE_BOUND('',#4006,.T.);
#4006=EDGE_LOOP('',(#4007,#4008,#4009));
#4007=ORIENTED_EDGE('',*,*,#4010,.T.);
#4008=ORIENTED_EDGE('',*,*,#4011,.T.);
#4009=ORIENTED_EDGE('',*,*,#4012,.T.);
#4010=EDGE_CURVE('',#210,#200,#4013,.F.);
#4011=EDGE_CURVE('',#200,#212,#4014,.T.);
#4012=EDGE_CURVE('',#212,#210,#4015,.T.);
#4013=LINE('',#209,#4016);
#4014=LINE('',#199,#4017);
#4015=LINE('',#211,#4018);
#4016=VECTOR('',#4019,1.0);
#4017=VECTOR('',#4020,1.0);
#4018=VECTOR('',#4021,1.0);
#4019=DIRECTION('',(0,-0.12369409615692709,0.9923203971379007));
#4020=DIRECTION('',(0,0.04231743064980708,-0.9991042163173963));
#4021=DIRECTION('',(0,0.2834165029190501,-0.9589969165086695));
#4022=STYLED_ITEM('',(#25),#4023);
#4023=FACE_SURFACE('',(#4028),#4024,.T.);
#4024=PLANE('',#4025);
#4025=AXIS2_PLACEMENT_3D('',#211,#4026,#4027);
#4026=DIRECTION('',(1,0,0));
#4027=DIRECTION('',(0,-0.04231743064980708,0.9991042163173963));
#4028=FACE_BOUND('',#4029,.T.);
#4029=EDGE_LOOP('',(#4030,#4031,#4032));
#4030=ORIENTED_EDGE('',*,*,#4033,.T.);
#4031=ORIENTED_EDGE('',*,*,#4034,.T.);
#4032=ORIENTED_EDGE('',*,*,#4035,.T.);
#4033=EDGE_CURVE('',#212,#200,#4036,.F.);
#4034=EDGE_CURVE('',#200,#214,#4037,.T.);
#4035=EDGE_CURVE('',#214,#212,#4038,.T.);
#4036=LINE('',#211,#4039);
#4037=LINE('',#199,#4040);
#4038=LINE('',#213,#4041);
#4039=VECTOR('',#4042,1.0);
#4040=VECTOR('',#4043,1.0);
#4041=VECTOR('',#4044,1.0);
#4042=DIRECTION('',(0,-0.04231743064980708,0.9991042163173963));
#4043=DIRECTION('',(0,-0.03928077959440643,-0.9992282123491387));
#4044=DIRECTION('',(0,0.12362040193626105,-0.9923295804444797));
#4045=STYLED_ITEM('',(#25),#4046);
#4046=FACE_SURFACE('',(#4051),#4047,.T.);
#4047=PLANE('',#4048);
#4048=AXIS2_PLACEMENT_3D('',#203,#4049,#4050);
#4049=DIRECTION('',(-0,-0.5891276394954903,-0.8080399893461161));
#4050=DIRECTION('',(-1,0,0));
#4051=FACE_BOUND('',#4052,.T.);
#4052=EDGE_LOOP('',(#4053,#4054,#4055));
#4053=ORIENTED_EDGE('',*,*,#4056,.T.);
#4054=ORIENTED_EDGE('',*,*,#4057,.T.);
#4055=ORIENTED_EDGE('',*,*,#4058,.T.);
#4056=EDGE_CURVE('',#204,#216,#4059,.F.);
#4057=EDGE_CURVE('',#216,#202,#4060,.T.);
#4058=EDGE_CURVE('',#202,#204,#4061,.T.);
#4059=LINE('',#203,#4062);
#4060=LINE('',#215,#4063);
#4061=LINE('',#201,#4064);
#4062=VECTOR('',#4065,1.0);
#4063=VECTOR('',#4066,1.0);
#4064=VECTOR('',#4067,1.0);
#4065=DIRECTION('',(-1,0,0));
#4066=DIRECTION('',(0.9987202433744191,0.04086698073839678,-0.029795391581055403));
#4067=DIRECTION('',(0,-0.8080399893461162,0.5891276394954903));
#4068=STYLED_ITEM('',(#25),#4069);
#4069=FACE_SURFACE('',(#4074),#4070,.T.);
#4070=PLANE('',#4071);
#4071=AXIS2_PLACEMENT_3D('',#201,#4072,#4073);
#4072=DIRECTION('',(0,-0.5891276394954903,-0.8080399893461161));
#4073=DIRECTION('',(-0.9987202433744191,-0.04086698073839678,0.029795391581055403));
#4074=FACE_BOUND('',#4075,.T.);
#4075=EDGE_LOOP('',(#4076,#4077,#4078));
#4076=ORIENTED_EDGE('',*,*,#4079,.T.);
#4077=ORIENTED_EDGE('',*,*,#4080,.T.);
#4078=ORIENTED_EDGE('',*,*,#4081,.T.);
#4079=EDGE_CURVE('',#202,#216,#4082,.F.);
#4080=EDGE_CURVE('',#216,#218,#4083,.T.);
#4081=EDGE_CURVE('',#218,#202,#4084,.T.);
#4082=LINE('',#201,#4085);
#4083=LINE('',#215,#4086);
#4084=LINE('',#217,#4087);
#4085=VECTOR('',#4088,1.0);
#4086=VECTOR('',#4089,1.0);
#4087=VECTOR('',#4090,1.0);
#4088=DIRECTION('',(-0.9987202433744191,-0.04086698073839678,0.029795391581055403));
#4089=DIRECTION('',(-1,0,0));
#4090=DIRECTION('',(0.9996795996779232,0.020453118486199448,-0.014912006302865008));
#4091=STYLED_ITEM('',(#25),#4092);
#4092=FACE_SURFACE('',(#4097),#4093,.T.);
#4093=PLANE('',#4094);
#4094=AXIS2_PLACEMENT_3D('',#201,#4095,#4096);
#4095=DIRECTION('',(0,-0.5891276394954903,-0.8080399893461161));
#4096=DIRECTION('',(-0.9996795996779232,-0.020453118486199448,0.014912006302865008));
#4097=FACE_BOUND('',#4098,.T.);
#4098=EDGE_LOOP('',(#4099,#4100,#4101));
#4099=ORIENTED_EDGE('',*,*,#4102,.T.);
#4100=ORIENTED_EDGE('',*,*,#4103,.T.);
#4101=ORIENTED_EDGE('',*,*,#4104,.T.);
#4102=EDGE_CURVE('',#202,#218,#4105,.F.);
#4103=EDGE_CURVE('',#218,#220,#4106,.T.);
#4104=EDGE_CURVE('',#220,#202,#4107,.T.);
#4105=LINE('',#201,#4108);
#4106=LINE('',#217,#4109);
#4107=LINE('',#219,#4110);
#4108=VECTOR('',#4111,1.0);
#4109=VECTOR('',#4112,1.0);
#4110=VECTOR('',#4113,1.0);
#4111=DIRECTION('',(-0.9996795996779232,-0.020453118486199448,0.014912006302865008));
#4112=DIRECTION('',(-1,0,0));
#4113=DIRECTION('',(0.9998575618287586,0.013637839689166235,-0.00994310728408139));
#4114=STYLED_ITEM('',(#25),#4115);
#4115=FACE_SURFACE('',(#4120),#4116,.T.);
#4116=PLANE('',#4117);
#4117=AXIS2_PLACEMENT_3D('',#219,#4118,#4119);
#4118=DIRECTION('',(0,-0.7128335665708638,-0.701333234896124));
#4119=DIRECTION('',(1,0,0));
#4120=FACE_BOUND('',#4121,.T.);
#4121=EDGE_LOOP('',(#4122,#4123,#4124));
#4122=ORIENTED_EDGE('',*,*,#4125,.T.);
#4123=ORIENTED_EDGE('',*,*,#4126,.T.);
#4124=ORIENTED_EDGE('',*,*,#4127,.T.);
#4125=EDGE_CURVE('',#220,#218,#4128,.F.);
#4126=EDGE_CURVE('',#218,#222,#4129,.T.);
#4127=EDGE_CURVE('',#222,#220,#4130,.T.);
#4128=LINE('',#219,#4131);
#4129=LINE('',#217,#4132);
#4130=LINE('',#221,#4133);
#4131=VECTOR('',#4134,1.0);
#4132=VECTOR('',#4135,1.0);
#4133=VECTOR('',#4136,1.0);
#4134=DIRECTION('',(1,0,0));
#4135=DIRECTION('',(-0.9987198692434517,-0.03547542040093067,0.03605713973292834));
#4136=DIRECTION('',(0,0.701333234896124,-0.7128335665708637));
#4137=STYLED_ITEM('',(#25),#4138);
#4138=FACE_SURFACE('',(#4143),#4139,.T.);
#4139=PLANE('',#4140);
#4140=AXIS2_PLACEMENT_3D('',#219,#4141,#4142);
#4141=DIRECTION('',(0,-0.7128335665708638,-0.701333234896124));
#4142=DIRECTION('',(0,-0.701333234896124,0.7128335665708637));
#4143=FACE_BOUND('',#4144,.T.);
#4144=EDGE_LOOP('',(#4145,#4146,#4147));
#4145=ORIENTED_EDGE('',*,*,#4148,.T.);
#4146=ORIENTED_EDGE('',*,*,#4149,.T.);
#4147=ORIENTED_EDGE('',*,*,#4150,.T.);
#4148=EDGE_CURVE('',#220,#222,#4151,.F.);
#4149=EDGE_CURVE('',#222,#224,#4152,.T.);
#4150=EDGE_CURVE('',#224,#220,#4153,.T.);
#4151=LINE('',#219,#4154);
#4152=LINE('',#221,#4155);
#4153=LINE('',#223,#4156);
#4154=VECTOR('',#4157,1.0);
#4155=VECTOR('',#4158,1.0);
#4156=VECTOR('',#4159,1.0);
#4157=DIRECTION('',(0,-0.701333234896124,0.7128335665708637));
#4158=DIRECTION('',(-1,0,0));
#4159=DIRECTION('',(0.9987198692434517,0.03547542040093067,-0.03605713973292834));
#4160=STYLED_ITEM('',(#25),#4161);
#4161=FACE_SURFACE('',(#4166),#4162,.T.);
#4162=PLANE('',#4163);
#4163=AXIS2_PLACEMENT_3D('',#223,#4164,#4165);
#4164=DIRECTION('',(0,-0.8172942681825399,-0.57622051264769));
#4165=DIRECTION('',(1,0,0));
#4166=FACE_BOUND('',#4167,.T.);
#4167=EDGE_LOOP('',(#4168,#4169,#4170));
#4168=ORIENTED_EDGE('',*,*,#4171,.T.);
#4169=ORIENTED_EDGE('',*,*,#4172,.T.);
#4170=ORIENTED_EDGE('',*,*,#4173,.T.);
#4171=EDGE_CURVE('',#224,#222,#4174,.F.);
#4172=EDGE_CURVE('',#222,#226,#4175,.T.);
#4173=EDGE_CURVE('',#226,#224,#4176,.T.);
#4174=LINE('',#223,#4177);
#4175=LINE('',#221,#4178);
#4176=LINE('',#225,#4179);
#4177=VECTOR('',#4180,1.0);
#4178=VECTOR('',#4181,1.0);
#4179=VECTOR('',#4182,1.0);
#4180=DIRECTION('',(1,0,0));
#4181=DIRECTION('',(-0.9987202326182597,-0.029142730308747707,0.04133519358949285));
#4182=DIRECTION('',(0,0.5762205126476899,-0.8172942681825398));
#4183=STYLED_ITEM('',(#25),#4184);
#4184=FACE_SURFACE('',(#4189),#4185,.T.);
#4185=PLANE('',#4186);
#4186=AXIS2_PLACEMENT_3D('',#223,#4187,#4188);
#4187=DIRECTION('',(0,-0.8172942681825399,-0.57622051264769));
#4188=DIRECTION('',(0,-0.5762205126476899,0.8172942681825398));
#4189=FACE_BOUND('',#4190,.T.);
#4190=EDGE_LOOP('',(#4191,#4192,#4193));
#4191=ORIENTED_EDGE('',*,*,#4194,.T.);
#4192=ORIENTED_EDGE('',*,*,#4195,.T.);
#4193=ORIENTED_EDGE('',*,*,#4196,.T.);
#4194=EDGE_CURVE('',#224,#226,#4197,.F.);
#4195=EDGE_CURVE('',#226,#228,#4198,.T.);
#4196=EDGE_CURVE('',#228,#224,#4199,.T.);
#4197=LINE('',#223,#4200);
#4198=LINE('',#225,#4201);
#4199=LINE('',#227,#4202);
#4200=VECTOR('',#4203,1.0);
#4201=VECTOR('',#4204,1.0);
#4202=VECTOR('',#4205,1.0);
#4203=DIRECTION('',(0,-0.5762205126476899,0.8172942681825398));
#4204=DIRECTION('',(-1,0,0));
#4205=DIRECTION('',(0.9987202326182597,0.029142730308747707,-0.04133519358949285));
#4206=STYLED_ITEM('',(#25),#4207);
#4207=FACE_SURFACE('',(#4212),#4208,.T.);
#4208=PLANE('',#4209);
#4209=AXIS2_PLACEMENT_3D('',#227,#4210,#4211);
#4210=DIRECTION('',(0,-0.9000776187282582,-0.4357295953506811));
#4211=DIRECTION('',(1,0,0));
#4212=FACE_BOUND('',#4213,.T.);
#4213=EDGE_LOOP('',(#4214,#4215,#4216));
#4214=ORIENTED_EDGE('',*,*,#4217,.T.);
#4215=ORIENTED_EDGE('',*,*,#4218,.T.);
#4216=ORIENTED_EDGE('',*,*,#4219,.T.);
#4217=EDGE_CURVE('',#228,#226,#4220,.F.);
#4218=EDGE_CURVE('',#226,#230,#4221,.T.);
#4219=EDGE_CURVE('',#230,#228,#4222,.T.);
#4220=LINE('',#227,#4223);
#4221=LINE('',#225,#4224);
#4222=LINE('',#229,#4225);
#4223=VECTOR('',#4226,1.0);
#4224=VECTOR('',#4227,1.0);
#4225=VECTOR('',#4228,1.0);
#4226=DIRECTION('',(1,0,0));
#4227=DIRECTION('',(-0.9987205697899583,-0.02203440868986305,0.04551602258665851));
#4228=DIRECTION('',(0,0.4357295953506811,-0.9000776187282583));
#4229=STYLED_ITEM('',(#25),#4230);
#4230=FACE_SURFACE('',(#4235),#4231,.T.);
#4231=PLANE('',#4232);
#4232=AXIS2_PLACEMENT_3D('',#227,#4233,#4234);
#4233=DIRECTION('',(0,-0.9000776187282582,-0.4357295953506811));
#4234=DIRECTION('',(0,-0.4357295953506811,0.9000776187282583));
#4235=FACE_BOUND('',#4236,.T.);
#4236=EDGE_LOOP('',(#4237,#4238,#4239));
#4237=ORIENTED_EDGE('',*,*,#4240,.T.);
#4238=ORIENTED_EDGE('',*,*,#4241,.T.);
#4239=ORIENTED_EDGE('',*,*,#4242,.T.);
#4240=EDGE_CURVE('',#228,#230,#4243,.F.);
#4241=EDGE_CURVE('',#230,#232,#4244,.T.);
#4242=EDGE_CURVE('',#232,#228,#4245,.T.);
#4243=LINE('',#227,#4246);
#4244=LINE('',#229,#4247);
#4245=LINE('',#231,#4248);
#4246=VECTOR('',#4249,1.0);
#4247=VECTOR('',#4250,1.0);
#4248=VECTOR('',#4251,1.0);
#4249=DIRECTION('',(0,-0.4357295953506811,0.9000776187282583));
#4250=DIRECTION('',(-1,0,0));
#4251=DIRECTION('',(0.99872057583704,0.022034356651567298,-0.045515915092226585));
#4252=STYLED_ITEM('',(#25),#4253);
#4253=FACE_SURFACE('',(#4258),#4254,.T.);
#4254=PLANE('',#4255);
#4255=AXIS2_PLACEMENT_3D('',#231,#4256,#4257);
#4256=DIRECTION('',(0,-0.9589969165086696,-0.2834165029190501));
#4257=DIRECTION('',(1,0,0));
#4258=FACE_BOUND('',#4259,.T.);
#4259=EDGE_LOOP('',(#4260,#4261,#4262));
#4260=ORIENTED_EDGE('',*,*,#4263,.T.);
#4261=ORIENTED_EDGE('',*,*,#4264,.T.);
#4262=ORIENTED_EDGE('',*,*,#4265,.T.);
#4263=EDGE_CURVE('',#232,#230,#4266,.F.);
#4264=EDGE_CURVE('',#230,#234,#4267,.T.);
#4265=EDGE_CURVE('',#234,#232,#4268,.T.);
#4266=LINE('',#231,#4269);
#4267=LINE('',#229,#4270);
#4268=LINE('',#233,#4271);
#4269=VECTOR('',#4272,1.0);
#4270=VECTOR('',#4273,1.0);
#4271=VECTOR('',#4274,1.0);
#4272=DIRECTION('',(1,0,0));
#4273=DIRECTION('',(-0.9987200750021135,-0.014334857591590769,0.048504882698566454));
#4274=DIRECTION('',(0,0.2834165029190501,-0.9589969165086695));
#4275=STYLED_ITEM('',(#25),#4276);
#4276=FACE_SURFACE('',(#4281),#4277,.T.);
#4277=PLANE('',#4278);
#4278=AXIS2_PLACEMENT_3D('',#231,#4279,#4280);
#4279=DIRECTION('',(0,-0.9589969165086695,-0.28341650291905));
#4280=DIRECTION('',(0,-0.2834165029190501,0.9589969165086695));
#4281=FACE_BOUND('',#4282,.T.);
#4282=EDGE_LOOP('',(#4283,#4284,#4285));
#4283=ORIENTED_EDGE('',*,*,#4286,.T.);
#4284=ORIENTED_EDGE('',*,*,#4287,.T.);
#4285=ORIENTED_EDGE('',*,*,#4288,.T.);
#4286=EDGE_CURVE('',#232,#234,#4289,.F.);
#4287=EDGE_CURVE('',#234,#236,#4290,.T.);
#4288=EDGE_CURVE('',#236,#232,#4291,.T.);
#4289=LINE('',#231,#4292);
#4290=LINE('',#233,#4293);
#4291=LINE('',#235,#4294);
#4292=VECTOR('',#4295,1.0);
#4293=VECTOR('',#4296,1.0);
#4294=VECTOR('',#4297,1.0);
#4295=DIRECTION('',(0,-0.2834165029190501,0.9589969165086695));
#4296=DIRECTION('',(-1,0,0));
#4297=DIRECTION('',(0.9987200629031819,0.014334925300630979,-0.04850511180576421));
#4298=STYLED_ITEM('',(#25),#4299);
#4299=FACE_SURFACE('',(#4304),#4300,.T.);
#4300=PLANE('',#4301);
#4301=AXIS2_PLACEMENT_3D('',#235,#4302,#4303);
#4302=DIRECTION('',(0,-0.9923295804444798,-0.12362040193626106));
#4303=DIRECTION('',(1,0,0));
#4304=FACE_BOUND('',#4305,.T.);
#4305=EDGE_LOOP('',(#4306,#4307,#4308));
#4306=ORIENTED_EDGE('',*,*,#4309,.T.);
#4307=ORIENTED_EDGE('',*,*,#4310,.T.);
#4308=ORIENTED_EDGE('',*,*,#4311,.T.);
#4309=EDGE_CURVE('',#236,#234,#4312,.F.);
#4310=EDGE_CURVE('',#234,#238,#4313,.T.);
#4311=EDGE_CURVE('',#238,#236,#4314,.T.);
#4312=LINE('',#235,#4315);
#4313=LINE('',#233,#4316);
#4314=LINE('',#237,#4317);
#4315=VECTOR('',#4318,1.0);
#4316=VECTOR('',#4319,1.0);
#4317=VECTOR('',#4320,1.0);
#4318=DIRECTION('',(1,0,0));
#4319=DIRECTION('',(-0.9987201776025441,-0.006252317196918911,0.05018879734773334));
#4320=DIRECTION('',(0,0.12362040193626105,-0.9923295804444797));
#4321=STYLED_ITEM('',(#25),#4322);
#4322=FACE_SURFACE('',(#4327),#4323,.T.);
#4323=PLANE('',#4324);
#4324=AXIS2_PLACEMENT_3D('',#235,#4325,#4326);
#4325=DIRECTION('',(0,-0.9923295804444798,-0.12362040193626106));
#4326=DIRECTION('',(0,-0.12362040193626105,0.9923295804444797));
#4327=FACE_BOUND('',#4328,.T.);
#4328=EDGE_LOOP('',(#4329,#4330,#4331));
#4329=ORIENTED_EDGE('',*,*,#4332,.T.);
#4330=ORIENTED_EDGE('',*,*,#4333,.T.);
#4331=ORIENTED_EDGE('',*,*,#4334,.T.);
#4332=EDGE_CURVE('',#236,#238,#4335,.F.);
#4333=EDGE_CURVE('',#238,#240,#4336,.T.);
#4334=EDGE_CURVE('',#240,#236,#4337,.T.);
#4335=LINE('',#235,#4338);
#4336=LINE('',#237,#4339);
#4337=LINE('',#239,#4340);
#4338=VECTOR('',#4341,1.0);
#4339=VECTOR('',#4342,1.0);
#4340=VECTOR('',#4343,1.0);
#4341=DIRECTION('',(0,-0.12362040193626105,0.9923295804444797));
#4342=DIRECTION('',(-1,0,0));
#4343=DIRECTION('',(0.9987201897003936,0.006252287664955203,-0.05018856028782498));
#4344=STYLED_ITEM('',(#25),#4345);
#4345=FACE_SURFACE('',(#4350),#4346,.T.);
#4346=PLANE('',#4347);
#4347=AXIS2_PLACEMENT_3D('',#239,#4348,#4349);
#4348=DIRECTION('',(0,-0.9992282123491388,0.03928077959440643));
#4349=DIRECTION('',(1,0,0));
#4350=FACE_BOUND('',#4351,.T.);
#4351=EDGE_LOOP('',(#4352,#4353,#4354));
#4352=ORIENTED_EDGE('',*,*,#4355,.T.);
#4353=ORIENTED_EDGE('',*,*,#4356,.T.);
#4354=ORIENTED_EDGE('',*,*,#4357,.T.);
#4355=EDGE_CURVE('',#240,#238,#4358,.F.);
#4356=EDGE_CURVE('',#238,#242,#4359,.T.);
#4357=EDGE_CURVE('',#242,#240,#4360,.T.);
#4358=LINE('',#239,#4361);
#4359=LINE('',#237,#4362);
#4360=LINE('',#241,#4363);
#4361=VECTOR('',#4364,1.0);
#4362=VECTOR('',#4365,1.0);
#4363=VECTOR('',#4366,1.0);
#4364=DIRECTION('',(1,0,0));
#4365=DIRECTION('',(-0.9996796910413693,0.0009941338443809299,0.02528887141277585));
#4366=DIRECTION('',(0.9987206017302787,-0.0019863648546756753,-0.05052933835084504));
#4367=STYLED_ITEM('',(#25),#4368);
#4368=FACE_SURFACE('',(#4373),#4369,.T.);
#4369=PLANE('',#4370);
#4370=AXIS2_PLACEMENT_3D('',#239,#4371,#4372);
#4371=DIRECTION('',(0,-0.9992282123491388,0.03928077959440643));
#4372=DIRECTION('',(-0.9987206017302787,0.0019863648546756753,0.05052933835084504));
#4373=FACE_BOUND('',#4374,.T.);
#4374=EDGE_LOOP('',(#4375,#4376,#4377));
#4375=ORIENTED_EDGE('',*,*,#4378,.T.);
#4376=ORIENTED_EDGE('',*,*,#4379,.T.);
#4377=ORIENTED_EDGE('',*,*,#4380,.T.);
#4378=EDGE_CURVE('',#240,#242,#4381,.F.);
#4379=EDGE_CURVE('',#242,#244,#4382,.T.);
#4380=EDGE_CURVE('',#244,#240,#4383,.T.);
#4381=LINE('',#239,#4384);
#4382=LINE('',#241,#4385);
#4383=LINE('',#243,#4386);
#4384=VECTOR('',#4387,1.0);
#4385=VECTOR('',#4388,1.0);
#4386=VECTOR('',#4389,1.0);
#4387=DIRECTION('',(-0.9987206017302787,0.0019863648546756753,0.05052933835084504));
#4388=DIRECTION('',(0,-0.03928077959440643,-0.9992282123491387));
#4389=DIRECTION('',(1,0,0));
#4390=STYLED_ITEM('',(#25),#4391);
#4391=FACE_SURFACE('',(#4396),#4392,.T.);
#4392=PLANE('',#4393);
#4393=AXIS2_PLACEMENT_3D('',#215,#4394,#4395);
#4394=DIRECTION('',(0,-0.7128335665708638,-0.701333234896124));
#4395=DIRECTION('',(1,0,0));
#4396=FACE_BOUND('',#4397,.T.);
#4397=EDGE_LOOP('',(#4398,#4399,#4400));
#4398=ORIENTED_EDGE('',*,*,#4401,.T.);
#4399=ORIENTED_EDGE('',*,*,#4402,.T.);
#4400=ORIENTED_EDGE('',*,*,#4403,.T.);
#4401=EDGE_CURVE('',#216,#204,#4404,.F.);
#4402=EDGE_CURVE('',#204,#246,#4405,.T.);
#4403=EDGE_CURVE('',#246,#216,#4406,.T.);
#4404=LINE('',#215,#4407);
#4405=LINE('',#203,#4408);
#4406=LINE('',#245,#4409);
#4407=VECTOR('',#4410,1.0);
#4408=VECTOR('',#4411,1.0);
#4409=VECTOR('',#4412,1.0);
#4410=DIRECTION('',(1,0,0));
#4411=DIRECTION('',(-0.9987198692434517,-0.03547542040093067,0.03605713973292834));
#4412=DIRECTION('',(0,0.701333234896124,-0.7128335665708637));
#4413=STYLED_ITEM('',(#25),#4414);
#4414=FACE_SURFACE('',(#4419),#4415,.T.);
#4415=PLANE('',#4416);
#4416=AXIS2_PLACEMENT_3D('',#245,#4417,#4418);
#4417=DIRECTION('',(0,-0.7128335665708638,-0.701333234896124));
#4418=DIRECTION('',(0.9987198692434517,0.03547542040093067,-0.03605713973292834));
#4419=FACE_BOUND('',#4420,.T.);
#4420=EDGE_LOOP('',(#4421,#4422,#4423));
#4421=ORIENTED_EDGE('',*,*,#4424,.T.);
#4422=ORIENTED_EDGE('',*,*,#4425,.T.);
#4423=ORIENTED_EDGE('',*,*,#4426,.T.);
#4424=EDGE_CURVE('',#246,#204,#4427,.F.);
#4425=EDGE_CURVE('',#204,#206,#4428,.T.);
#4426=EDGE_CURVE('',#206,#246,#4429,.T.);
#4427=LINE('',#245,#4430);
#4428=LINE('',#203,#4431);
#4429=LINE('',#205,#4432);
#4430=VECTOR('',#4433,1.0);
#4431=VECTOR('',#4434,1.0);
#4432=VECTOR('',#4435,1.0);
#4433=DIRECTION('',(0.9987198692434517,0.03547542040093067,-0.03605713973292834));
#4434=DIRECTION('',(0,-0.701333234896124,0.7128335665708637));
#4435=DIRECTION('',(-1,0,0));
#4436=STYLED_ITEM('',(#25),#4437);
#4437=FACE_SURFACE('',(#4442),#4438,.T.);
#4438=PLANE('',#4439);
#4439=AXIS2_PLACEMENT_3D('',#245,#4440,#4441);
#4440=DIRECTION('',(0,-0.8172942681825399,-0.57622051264769));
#4441=DIRECTION('',(1,0,0));
#4442=FACE_BOUND('',#4443,.T.);
#4443=EDGE_LOOP('',(#4444,#4445,#4446));
#4444=ORIENTED_EDGE('',*,*,#4447,.T.);
#4445=ORIENTED_EDGE('',*,*,#4448,.T.);
#4446=ORIENTED_EDGE('',*,*,#4449,.T.);
#4447=EDGE_CURVE('',#246,#206,#4450,.F.);
#4448=EDGE_CURVE('',#206,#248,#4451,.T.);
#4449=EDGE_CURVE('',#248,#246,#4452,.T.);
#4450=LINE('',#245,#4453);
#4451=LINE('',#205,#4454);
#4452=LINE('',#247,#4455);
#4453=VECTOR('',#4456,1.0);
#4454=VECTOR('',#4457,1.0);
#4455=VECTOR('',#4458,1.0);
#4456=DIRECTION('',(1,0,0));
#4457=DIRECTION('',(-0.9987202326182597,-0.029142730308747707,0.04133519358949285));
#4458=DIRECTION('',(0,0.5762205126476899,-0.8172942681825398));
#4459=STYLED_ITEM('',(#25),#4460);
#4460=FACE_SURFACE('',(#4465),#4461,.T.);
#4461=PLANE('',#4462);
#4462=AXIS2_PLACEMENT_3D('',#247,#4463,#4464);
#4463=DIRECTION('',(0,-0.8172942681825399,-0.57622051264769));
#4464=DIRECTION('',(0.9987202326182597,0.029142730308747707,-0.04133519358949285));
#4465=FACE_BOUND('',#4466,.T.);
#4466=EDGE_LOOP('',(#4467,#4468,#4469));
#4467=ORIENTED_EDGE('',*,*,#4470,.T.);
#4468=ORIENTED_EDGE('',*,*,#4471,.T.);
#4469=ORIENTED_EDGE('',*,*,#4472,.T.);
#4470=EDGE_CURVE('',#248,#206,#4473,.F.);
#4471=EDGE_CURVE('',#206,#208,#4474,.T.);
#4472=EDGE_CURVE('',#208,#248,#4475,.T.);
#4473=LINE('',#247,#4476);
#4474=LINE('',#205,#4477);
#4475=LINE('',#207,#4478);
#4476=VECTOR('',#4479,1.0);
#4477=VECTOR('',#4480,1.0);
#4478=VECTOR('',#4481,1.0);
#4479=DIRECTION('',(0.9987202326182597,0.029142730308747707,-0.04133519358949285));
#4480=DIRECTION('',(0,-0.5762205126476899,0.8172942681825398));
#4481=DIRECTION('',(-1,0,0));
#4482=STYLED_ITEM('',(#25),#4483);
#4483=FACE_SURFACE('',(#4488),#4484,.T.);
#4484=PLANE('',#4485);
#4485=AXIS2_PLACEMENT_3D('',#247,#4486,#4487);
#4486=DIRECTION('',(0,-0.9000776187282582,-0.4357295953506811));
#4487=DIRECTION('',(1,0,0));
#4488=FACE_BOUND('',#4489,.T.);
#4489=EDGE_LOOP('',(#4490,#4491,#4492));
#4490=ORIENTED_EDGE('',*,*,#4493,.T.);
#4491=ORIENTED_EDGE('',*,*,#4494,.T.);
#4492=ORIENTED_EDGE('',*,*,#4495,.T.);
#4493=EDGE_CURVE('',#248,#208,#4496,.F.);
#4494=EDGE_CURVE('',#208,#250,#4497,.T.);
#4495=EDGE_CURVE('',#250,#248,#4498,.T.);
#4496=LINE('',#247,#4499);
#4497=LINE('',#207,#4500);
#4498=LINE('',#249,#4501);
#4499=VECTOR('',#4502,1.0);
#4500=VECTOR('',#4503,1.0);
#4501=VECTOR('',#4504,1.0);
#4502=DIRECTION('',(1,0,0));
#4503=DIRECTION('',(-0.9987205697899583,-0.02203440868986305,0.04551602258665851));
#4504=DIRECTION('',(0,0.4357295953506811,-0.9000776187282583));
#4505=STYLED_ITEM('',(#25),#4506);
#4506=FACE_SURFACE('',(#4511),#4507,.T.);
#4507=PLANE('',#4508);
#4508=AXIS2_PLACEMENT_3D('',#249,#4509,#4510);
#4509=DIRECTION('',(0,-0.9000776187282582,-0.4357295953506811));
#4510=DIRECTION('',(0.9987205697899583,0.02203440868986305,-0.04551602258665851));
#4511=FACE_BOUND('',#4512,.T.);
#4512=EDGE_LOOP('',(#4513,#4514,#4515));
#4513=ORIENTED_EDGE('',*,*,#4516,.T.);
#4514=ORIENTED_EDGE('',*,*,#4517,.T.);
#4515=ORIENTED_EDGE('',*,*,#4518,.T.);
#4516=EDGE_CURVE('',#250,#208,#4519,.F.);
#4517=EDGE_CURVE('',#208,#210,#4520,.T.);
#4518=EDGE_CURVE('',#210,#250,#4521,.T.);
#4519=LINE('',#249,#4522);
#4520=LINE('',#207,#4523);
#4521=LINE('',#209,#4524);
#4522=VECTOR('',#4525,1.0);
#4523=VECTOR('',#4526,1.0);
#4524=VECTOR('',#4527,1.0);
#4525=DIRECTION('',(0.9987205697899583,0.02203440868986305,-0.04551602258665851));
#4526=DIRECTION('',(0,-0.4357295953506811,0.9000776187282583));
#4527=DIRECTION('',(-1,0,0));
#4528=STYLED_ITEM('',(#25),#4529);
#4529=FACE_SURFACE('',(#4534),#4530,.T.);
#4530=PLANE('',#4531);
#4531=AXIS2_PLACEMENT_3D('',#249,#4532,#4533);
#4532=DIRECTION('',(0,-0.9589969165086695,-0.28341650291905));
#4533=DIRECTION('',(1,0,0));
#4534=FACE_BOUND('',#4535,.T.);
#4535=EDGE_LOOP('',(#4536,#4537,#4538));
#4536=ORIENTED_EDGE('',*,*,#4539,.T.);
#4537=ORIENTED_EDGE('',*,*,#4540,.T.);
#4538=ORIENTED_EDGE('',*,*,#4541,.T.);
#4539=EDGE_CURVE('',#250,#210,#4542,.F.);
#4540=EDGE_CURVE('',#210,#252,#4543,.T.);
#4541=EDGE_CURVE('',#252,#250,#4544,.T.);
#4542=LINE('',#249,#4545);
#4543=LINE('',#209,#4546);
#4544=LINE('',#251,#4547);
#4545=VECTOR('',#4548,1.0);
#4546=VECTOR('',#4549,1.0);
#4547=VECTOR('',#4550,1.0);
#4548=DIRECTION('',(1,0,0));
#4549=DIRECTION('',(-0.9987200689526691,-0.014334891446031024,0.04850499725189514));
#4550=DIRECTION('',(0,0.2834165029190501,-0.9589969165086695));
#4551=STYLED_ITEM('',(#25),#4552);
#4552=FACE_SURFACE('',(#4557),#4553,.T.);
#4553=PLANE('',#4554);
#4554=AXIS2_PLACEMENT_3D('',#251,#4555,#4556);
#4555=DIRECTION('',(0,-0.9589969165086695,-0.28341650291905));
#4556=DIRECTION('',(0.9987200689526691,0.014334891446031024,-0.04850499725189514));
#4557=FACE_BOUND('',#4558,.T.);
#4558=EDGE_LOOP('',(#4559,#4560,#4561));
#4559=ORIENTED_EDGE('',*,*,#4562,.T.);
#4560=ORIENTED_EDGE('',*,*,#4563,.T.);
#4561=ORIENTED_EDGE('',*,*,#4564,.T.);
#4562=EDGE_CURVE('',#252,#210,#4565,.F.);
#4563=EDGE_CURVE('',#210,#212,#4566,.T.);
#4564=EDGE_CURVE('',#212,#252,#4567,.T.);
#4565=LINE('',#251,#4568);
#4566=LINE('',#209,#4569);
#4567=LINE('',#211,#4570);
#4568=VECTOR('',#4571,1.0);
#4569=VECTOR('',#4572,1.0);
#4570=VECTOR('',#4573,1.0);
#4571=DIRECTION('',(0.9987200689526691,0.014334891446031024,-0.04850499725189514));
#4572=DIRECTION('',(0,-0.2834165029190501,0.9589969165086695));
#4573=DIRECTION('',(-1,0,0));
#4574=STYLED_ITEM('',(#25),#4575);
#4575=FACE_SURFACE('',(#4580),#4576,.T.);
#4576=PLANE('',#4577);
#4577=AXIS2_PLACEMENT_3D('',#251,#4578,#4579);
#4578=DIRECTION('',(0,-0.9923295804444797,-0.12362040193626105));
#4579=DIRECTION('',(1,0,0));
#4580=FACE_BOUND('',#4581,.T.);
#4581=EDGE_LOOP('',(#4582,#4583,#4584));
#4582=ORIENTED_EDGE('',*,*,#4585,.T.);
#4583=ORIENTED_EDGE('',*,*,#4586,.T.);
#4584=ORIENTED_EDGE('',*,*,#4587,.T.);
#4585=EDGE_CURVE('',#252,#212,#4588,.F.);
#4586=EDGE_CURVE('',#212,#254,#4589,.T.);
#4587=EDGE_CURVE('',#254,#252,#4590,.T.);
#4588=LINE('',#251,#4591);
#4589=LINE('',#211,#4592);
#4590=LINE('',#253,#4593);
#4591=VECTOR('',#4594,1.0);
#4592=VECTOR('',#4595,1.0);
#4593=VECTOR('',#4596,1.0);
#4594=DIRECTION('',(1,0,0));
#4595=DIRECTION('',(-0.9987201836514902,-0.006252302430902229,0.05018867881749959));
#4596=DIRECTION('',(0,0.12362040193626105,-0.9923295804444797));
#4597=STYLED_ITEM('',(#25),#4598);
#4598=FACE_SURFACE('',(#4603),#4599,.T.);
#4599=PLANE('',#4600);
#4600=AXIS2_PLACEMENT_3D('',#253,#4601,#4602);
#4601=DIRECTION('',(0,-0.9923295804444797,-0.12362040193626105));
#4602=DIRECTION('',(0.9987201836514902,0.006252302430902229,-0.05018867881749959));
#4603=FACE_BOUND('',#4604,.T.);
#4604=EDGE_LOOP('',(#4605,#4606,#4607));
#4605=ORIENTED_EDGE('',*,*,#4608,.T.);
#4606=ORIENTED_EDGE('',*,*,#4609,.T.);
#4607=ORIENTED_EDGE('',*,*,#4610,.T.);
#4608=EDGE_CURVE('',#254,#212,#4611,.F.);
#4609=EDGE_CURVE('',#212,#214,#4612,.T.);
#4610=EDGE_CURVE('',#214,#254,#4613,.T.);
#4611=LINE('',#253,#4614);
#4612=LINE('',#211,#4615);
#4613=LINE('',#213,#4616);
#4614=VECTOR('',#4617,1.0);
#4615=VECTOR('',#4618,1.0);
#4616=VECTOR('',#4619,1.0);
#4617=DIRECTION('',(0.9987201836514902,0.006252302430902229,-0.05018867881749959));
#4618=DIRECTION('',(0,-0.12362040193626105,0.9923295804444797));
#4619=DIRECTION('',(-1,0,0));
#4620=STYLED_ITEM('',(#25),#4621);
#4621=FACE_SURFACE('',(#4626),#4622,.T.);
#4622=PLANE('',#4623);
#4623=AXIS2_PLACEMENT_3D('',#253,#4624,#4625);
#4624=DIRECTION('',(0,-0.9992282123491387,0.03928077959440643));
#4625=DIRECTION('',(1,0,0));
#4626=FACE_BOUND('',#4627,.T.);
#4627=EDGE_LOOP('',(#4628,#4629,#4630));
#4628=ORIENTED_EDGE('',*,*,#4631,.T.);
#4629=ORIENTED_EDGE('',*,*,#4632,.T.);
#4630=ORIENTED_EDGE('',*,*,#4633,.T.);
#4631=EDGE_CURVE('',#254,#214,#4634,.F.);
#4632=EDGE_CURVE('',#214,#200,#4635,.T.);
#4633=EDGE_CURVE('',#200,#254,#4636,.T.);
#4634=LINE('',#253,#4637);
#4635=LINE('',#213,#4638);
#4636=LINE('',#199,#4639);
#4637=VECTOR('',#4640,1.0);
#4638=VECTOR('',#4641,1.0);
#4639=VECTOR('',#4642,1.0);
#4640=DIRECTION('',(1,0,0));
#4641=DIRECTION('',(0,0.03928077959440643,0.9992282123491387));
#4642=DIRECTION('',(-0.998720607777224,-0.0019863601634994973,-0.05052921901625864));
#4643=STYLED_ITEM('',(#25),#4644);
#4644=FACE_SURFACE('',(#4649),#4645,.T.);
#4645=PLANE('',#4646);
#4646=AXIS2_PLACEMENT_3D('',#241,#4647,#4648);
#4647=DIRECTION('',(0,-0.9992282123491388,0.03928077959440643));
#4648=DIRECTION('',(0.9999487298758278,-0.00039776055627567894,-0.01011827091249846));
#4649=FACE_BOUND('',#4650,.T.);
#4650=EDGE_LOOP('',(#4651,#4652,#4653));
#4651=ORIENTED_EDGE('',*,*,#4654,.T.);
#4652=ORIENTED_EDGE('',*,*,#4655,.T.);
#4653=ORIENTED_EDGE('',*,*,#4656,.T.);
#4654=EDGE_CURVE('',#242,#256,#4657,.F.);
#4655=EDGE_CURVE('',#256,#200,#4658,.T.);
#4656=EDGE_CURVE('',#200,#242,#4659,.T.);
#4657=LINE('',#241,#4660);
#4658=LINE('',#255,#4661);
#4659=LINE('',#199,#4662);
#4660=VECTOR('',#4663,1.0);
#4661=VECTOR('',#4664,1.0);
#4662=VECTOR('',#4665,1.0);
#4663=DIRECTION('',(0.9999487298758278,-0.00039776055627567894,-0.01011827091249846));
#4664=DIRECTION('',(0.9999198938962284,0.0004971863573403797,0.012647473909106229));
#4665=DIRECTION('',(-1,0,0));
#4666=STYLED_ITEM('',(#25),#4667);
#4667=FACE_SURFACE('',(#4672),#4668,.T.);
#4668=PLANE('',#4669);
#4669=AXIS2_PLACEMENT_3D('',#199,#4670,#4671);
#4670=DIRECTION('',(0,-0.9992282123491387,0.03928077959440643));
#4671=DIRECTION('',(-0.9999198938962284,-0.0004971863573403797,-0.012647473909106229));
#4672=FACE_BOUND('',#4673,.T.);
#4673=EDGE_LOOP('',(#4674,#4675,#4676));
#4674=ORIENTED_EDGE('',*,*,#4677,.T.);
#4675=ORIENTED_EDGE('',*,*,#4678,.T.);
#4676=ORIENTED_EDGE('',*,*,#4679,.T.);
#4677=EDGE_CURVE('',#200,#256,#4680,.F.);
#4678=EDGE_CURVE('',#256,#258,#4681,.T.);
#4679=EDGE_CURVE('',#258,#200,#4682,.T.);
#4680=LINE('',#199,#4683);
#4681=LINE('',#255,#4684);
#4682=LINE('',#257,#4685);
#4683=VECTOR('',#4686,1.0);
#4684=VECTOR('',#4687,1.0);
#4685=VECTOR('',#4688,1.0);
#4686=DIRECTION('',(-0.9999198938962284,-0.0004971863573403797,-0.012647473909106229));
#4687=DIRECTION('',(1,0,0));
#4688=DIRECTION('',(0.9998576024564214,0.0006628738458736098,0.01686224802217535));
#4689=STYLED_ITEM('',(#25),#4690);
#4690=FACE_SURFACE('',(#4695),#4691,.T.);
#4691=PLANE('',#4692);
#4692=AXIS2_PLACEMENT_3D('',#199,#4693,#4694);
#4693=DIRECTION('',(0,-0.9992282123491387,0.03928077959440643));
#4694=DIRECTION('',(-0.9998576024564214,-0.0006628738458736098,-0.01686224802217535));
#4695=FACE_BOUND('',#4696,.T.);
#4696=EDGE_LOOP('',(#4697,#4698,#4699));
#4697=ORIENTED_EDGE('',*,*,#4700,.T.);
#4698=ORIENTED_EDGE('',*,*,#4701,.T.);
#4699=ORIENTED_EDGE('',*,*,#4702,.T.);
#4700=EDGE_CURVE('',#200,#258,#4703,.F.);
#4701=EDGE_CURVE('',#258,#260,#4704,.T.);
#4702=EDGE_CURVE('',#260,#200,#4705,.T.);
#4703=LINE('',#199,#4706);
#4704=LINE('',#257,#4707);
#4705=LINE('',#259,#4708);
#4706=VECTOR('',#4709,1.0);
#4707=VECTOR('',#4710,1.0);
#4708=VECTOR('',#4711,1.0);
#4709=DIRECTION('',(-0.9998576024564214,-0.0006628738458736098,-0.01686224802217535));
#4710=DIRECTION('',(1,0,0));
#4711=DIRECTION('',(0.9996796910413693,0.0009941338443809299,0.02528887141277585));
#4712=STYLED_ITEM('',(#25),#4713);
#4713=FACE_SURFACE('',(#4718),#4714,.T.);
#4714=PLANE('',#4715);
#4715=AXIS2_PLACEMENT_3D('',#259,#4716,#4717);
#4716=DIRECTION('',(-0,-0.9923295804444797,-0.12362040193626105));
#4717=DIRECTION('',(-1,0,0));
#4718=FACE_BOUND('',#4719,.T.);
#4719=EDGE_LOOP('',(#4720,#4721,#4722));
#4720=ORIENTED_EDGE('',*,*,#4723,.T.);
#4721=ORIENTED_EDGE('',*,*,#4724,.T.);
#4722=ORIENTED_EDGE('',*,*,#4725,.T.);
#4723=EDGE_CURVE('',#260,#258,#4726,.F.);
#4724=EDGE_CURVE('',#258,#262,#4727,.T.);
#4725=EDGE_CURVE('',#262,#260,#4728,.T.);
#4726=LINE('',#259,#4729);
#4727=LINE('',#257,#4730);
#4728=LINE('',#261,#4731);
#4729=VECTOR('',#4732,1.0);
#4730=VECTOR('',#4733,1.0);
#4731=VECTOR('',#4734,1.0);
#4732=DIRECTION('',(-1,0,0));
#4733=DIRECTION('',(0.9987201836514902,0.006252302430902229,-0.05018867881749959));
#4734=DIRECTION('',(0,-0.12362040193626105,0.9923295804444797));
#4735=STYLED_ITEM('',(#25),#4736);
#4736=FACE_SURFACE('',(#4741),#4737,.T.);
#4737=PLANE('',#4738);
#4738=AXIS2_PLACEMENT_3D('',#259,#4739,#4740);
#4739=DIRECTION('',(0,-0.9923295804444797,-0.12362040193626105));
#4740=DIRECTION('',(0,0.12362040193626105,-0.9923295804444797));
#4741=FACE_BOUND('',#4742,.T.);
#4742=EDGE_LOOP('',(#4743,#4744,#4745));
#4743=ORIENTED_EDGE('',*,*,#4746,.T.);
#4744=ORIENTED_EDGE('',*,*,#4747,.T.);
#4745=ORIENTED_EDGE('',*,*,#4748,.T.);
#4746=EDGE_CURVE('',#260,#262,#4749,.F.);
#4747=EDGE_CURVE('',#262,#252,#4750,.T.);
#4748=EDGE_CURVE('',#252,#260,#4751,.T.);
#4749=LINE('',#259,#4752);
#4750=LINE('',#261,#4753);
#4751=LINE('',#251,#4754);
#4752=VECTOR('',#4755,1.0);
#4753=VECTOR('',#4756,1.0);
#4754=VECTOR('',#4757,1.0);
#4755=DIRECTION('',(0,0.12362040193626105,-0.9923295804444797));
#4756=DIRECTION('',(1,0,0));
#4757=DIRECTION('',(-0.9987201836514902,-0.006252302430902229,0.05018867881749959));
#4758=STYLED_ITEM('',(#25),#4759);
#4759=FACE_SURFACE('',(#4764),#4760,.T.);
#4760=PLANE('',#4761);
#4761=AXIS2_PLACEMENT_3D('',#251,#4762,#4763);
#4762=DIRECTION('',(-0,-0.9589969165086695,-0.28341650291905));
#4763=DIRECTION('',(-1,0,0));
#4764=FACE_BOUND('',#4765,.T.);
#4765=EDGE_LOOP('',(#4766,#4767,#4768));
#4766=ORIENTED_EDGE('',*,*,#4769,.T.);
#4767=ORIENTED_EDGE('',*,*,#4770,.T.);
#4768=ORIENTED_EDGE('',*,*,#4771,.T.);
#4769=EDGE_CURVE('',#252,#262,#4772,.F.);
#4770=EDGE_CURVE('',#262,#250,#4773,.T.);
#4771=EDGE_CURVE('',#250,#252,#4774,.T.);
#4772=LINE('',#251,#4775);
#4773=LINE('',#261,#4776);
#4774=LINE('',#249,#4777);
#4775=VECTOR('',#4778,1.0);
#4776=VECTOR('',#4779,1.0);
#4777=VECTOR('',#4780,1.0);
#4778=DIRECTION('',(-1,0,0));
#4779=DIRECTION('',(0.9987200689526691,0.014334891446031024,-0.04850499725189514));
#4780=DIRECTION('',(0,-0.2834165029190501,0.9589969165086695));
#4781=STYLED_ITEM('',(#25),#4782);
#4782=FACE_SURFACE('',(#4787),#4783,.T.);
#4783=PLANE('',#4784);
#4784=AXIS2_PLACEMENT_3D('',#239,#4785,#4786);
#4785=DIRECTION('',(-0,-0.9923295804444798,-0.12362040193626106));
#4786=DIRECTION('',(-1,0,0));
#4787=FACE_BOUND('',#4788,.T.);
#4788=EDGE_LOOP('',(#4789,#4790,#4791));
#4789=ORIENTED_EDGE('',*,*,#4792,.T.);
#4790=ORIENTED_EDGE('',*,*,#4793,.T.);
#4791=ORIENTED_EDGE('',*,*,#4794,.T.);
#4792=EDGE_CURVE('',#240,#244,#4795,.F.);
#4793=EDGE_CURVE('',#244,#264,#4796,.T.);
#4794=EDGE_CURVE('',#264,#240,#4797,.T.);
#4795=LINE('',#239,#4798);
#4796=LINE('',#243,#4799);
#4797=LINE('',#263,#4800);
#4798=VECTOR('',#4801,1.0);
#4799=VECTOR('',#4802,1.0);
#4800=VECTOR('',#4803,1.0);
#4801=DIRECTION('',(-1,0,0));
#4802=DIRECTION('',(0.9987201776025441,0.006252317196918911,-0.05018879734773334));
#4803=DIRECTION('',(0,-0.12362040193626105,0.9923295804444797));
#4804=STYLED_ITEM('',(#25),#4805);
#4805=FACE_SURFACE('',(#4810),#4806,.T.);
#4806=PLANE('',#4807);
#4807=AXIS2_PLACEMENT_3D('',#263,#4808,#4809);
#4808=DIRECTION('',(-0,-0.9923295804444798,-0.12362040193626106));
#4809=DIRECTION('',(-0.9987201776025441,-0.006252317196918911,0.05018879734773334));
#4810=FACE_BOUND('',#4811,.T.);
#4811=EDGE_LOOP('',(#4812,#4813,#4814));
#4812=ORIENTED_EDGE('',*,*,#4815,.T.);
#4813=ORIENTED_EDGE('',*,*,#4816,.T.);
#4814=ORIENTED_EDGE('',*,*,#4817,.T.);
#4815=EDGE_CURVE('',#264,#244,#4818,.F.);
#4816=EDGE_CURVE('',#244,#266,#4819,.T.);
#4817=EDGE_CURVE('',#266,#264,#4820,.T.);
#4818=LINE('',#263,#4821);
#4819=LINE('',#243,#4822);
#4820=LINE('',#265,#4823);
#4821=VECTOR('',#4824,1.0);
#4822=VECTOR('',#4825,1.0);
#4823=VECTOR('',#4826,1.0);
#4824=DIRECTION('',(-0.9987201776025441,-0.006252317196918911,0.05018879734773334));
#4825=DIRECTION('',(0,0.12362040193626105,-0.9923295804444797));
#4826=DIRECTION('',(1,0,0));
#4827=STYLED_ITEM('',(#25),#4828);
#4828=FACE_SURFACE('',(#4833),#4829,.T.);
#4829=PLANE('',#4830);
#4830=AXIS2_PLACEMENT_3D('',#263,#4831,#4832);
#4831=DIRECTION('',(-0,-0.9589969165086695,-0.28341650291905));
#4832=DIRECTION('',(-1,0,0));
#4833=FACE_BOUND('',#4834,.T.);
#4834=EDGE_LOOP('',(#4835,#4836,#4837));
#4835=ORIENTED_EDGE('',*,*,#4838,.T.);
#4836=ORIENTED_EDGE('',*,*,#4839,.T.);
#4837=ORIENTED_EDGE('',*,*,#4840,.T.);
#4838=EDGE_CURVE('',#264,#266,#4841,.F.);
#4839=EDGE_CURVE('',#266,#268,#4842,.T.);
#4840=EDGE_CURVE('',#268,#264,#4843,.T.);
#4841=LINE('',#263,#4844);
#4842=LINE('',#265,#4845);
#4843=LINE('',#267,#4846);
#4844=VECTOR('',#4847,1.0);
#4845=VECTOR('',#4848,1.0);
#4846=VECTOR('',#4849,1.0);
#4847=DIRECTION('',(-1,0,0));
#4848=DIRECTION('',(0.9987200629031819,0.014334925300630979,-0.04850511180576421));
#4849=DIRECTION('',(0,-0.2834165029190501,0.9589969165086695));
#4850=STYLED_ITEM('',(#25),#4851);
#4851=FACE_SURFACE('',(#4856),#4852,.T.);
#4852=PLANE('',#4853);
#4853=AXIS2_PLACEMENT_3D('',#267,#4854,#4855);
#4854=DIRECTION('',(-0,-0.9589969165086695,-0.28341650291905));
#4855=DIRECTION('',(-0.9987200629031819,-0.014334925300630979,0.04850511180576421));
#4856=FACE_BOUND('',#4857,.T.);
#4857=EDGE_LOOP('',(#4858,#4859,#4860));
#4858=ORIENTED_EDGE('',*,*,#4861,.T.);
#4859=ORIENTED_EDGE('',*,*,#4862,.T.);
#4860=ORIENTED_EDGE('',*,*,#4863,.T.);
#4861=EDGE_CURVE('',#268,#266,#4864,.F.);
#4862=EDGE_CURVE('',#266,#270,#4865,.T.);
#4863=EDGE_CURVE('',#270,#268,#4866,.T.);
#4864=LINE('',#267,#4867);
#4865=LINE('',#265,#4868);
#4866=LINE('',#269,#4869);
#4867=VECTOR('',#4870,1.0);
#4868=VECTOR('',#4871,1.0);
#4869=VECTOR('',#4872,1.0);
#4870=DIRECTION('',(-0.9987200629031819,-0.014334925300630979,0.04850511180576421));
#4871=DIRECTION('',(0,0.2834165029190501,-0.9589969165086695));
#4872=DIRECTION('',(1,0,0));
#4873=STYLED_ITEM('',(#25),#4874);
#4874=FACE_SURFACE('',(#4879),#4875,.T.);
#4875=PLANE('',#4876);
#4876=AXIS2_PLACEMENT_3D('',#267,#4877,#4878);
#4877=DIRECTION('',(-0,-0.9000776187282581,-0.43572959535068106));
#4878=DIRECTION('',(-1,0,0));
#4879=FACE_BOUND('',#4880,.T.);
#4880=EDGE_LOOP('',(#4881,#4882,#4883));
#4881=ORIENTED_EDGE('',*,*,#4884,.T.);
#4882=ORIENTED_EDGE('',*,*,#4885,.T.);
#4883=ORIENTED_EDGE('',*,*,#4886,.T.);
#4884=EDGE_CURVE('',#268,#270,#4887,.F.);
#4885=EDGE_CURVE('',#270,#272,#4888,.T.);
#4886=EDGE_CURVE('',#272,#268,#4889,.T.);
#4887=LINE('',#267,#4890);
#4888=LINE('',#269,#4891);
#4889=LINE('',#271,#4892);
#4890=VECTOR('',#4893,1.0);
#4891=VECTOR('',#4894,1.0);
#4892=VECTOR('',#4895,1.0);
#4893=DIRECTION('',(-1,0,0));
#4894=DIRECTION('',(0.9987205637428337,0.02203446072840429,-0.04551613008159753));
#4895=DIRECTION('',(0,-0.4357295953506811,0.9000776187282583));
#4896=STYLED_ITEM('',(#25),#4897);
#4897=FACE_SURFACE('',(#4902),#4898,.T.);
#4898=PLANE('',#4899);
#4899=AXIS2_PLACEMENT_3D('',#271,#4900,#4901);
#4900=DIRECTION('',(-0,-0.9000776187282581,-0.43572959535068106));
#4901=DIRECTION('',(-0.9987205637428337,-0.02203446072840429,0.04551613008159753));
#4902=FACE_BOUND('',#4903,.T.);
#4903=EDGE_LOOP('',(#4904,#4905,#4906));
#4904=ORIENTED_EDGE('',*,*,#4907,.T.);
#4905=ORIENTED_EDGE('',*,*,#4908,.T.);
#4906=ORIENTED_EDGE('',*,*,#4909,.T.);
#4907=EDGE_CURVE('',#272,#270,#4910,.F.);
#4908=EDGE_CURVE('',#270,#274,#4911,.T.);
#4909=EDGE_CURVE('',#274,#272,#4912,.T.);
#4910=LINE('',#271,#4913);
#4911=LINE('',#269,#4914);
#4912=LINE('',#273,#4915);
#4913=VECTOR('',#4916,1.0);
#4914=VECTOR('',#4917,1.0);
#4915=VECTOR('',#4918,1.0);
#4916=DIRECTION('',(-0.9987205637428337,-0.02203446072840429,0.04551613008159753));
#4917=DIRECTION('',(0,0.4357295953506811,-0.9000776187282583));
#4918=DIRECTION('',(1,0,0));
#4919=STYLED_ITEM('',(#25),#4920);
#4920=FACE_SURFACE('',(#4925),#4921,.T.);
#4921=PLANE('',#4922);
#4922=AXIS2_PLACEMENT_3D('',#271,#4923,#4924);
#4923=DIRECTION('',(-0,-0.8172942681825398,-0.5762205126476899));
#4924=DIRECTION('',(-1,0,0));
#4925=FACE_BOUND('',#4926,.T.);
#4926=EDGE_LOOP('',(#4927,#4928,#4929));
#4927=ORIENTED_EDGE('',*,*,#4930,.T.);
#4928=ORIENTED_EDGE('',*,*,#4931,.T.);
#4929=ORIENTED_EDGE('',*,*,#4932,.T.);
#4930=EDGE_CURVE('',#272,#274,#4933,.F.);
#4931=EDGE_CURVE('',#274,#276,#4934,.T.);
#4932=EDGE_CURVE('',#276,#272,#4935,.T.);
#4933=LINE('',#271,#4936);
#4934=LINE('',#273,#4937);
#4935=LINE('',#275,#4938);
#4936=VECTOR('',#4939,1.0);
#4937=VECTOR('',#4940,1.0);
#4938=VECTOR('',#4941,1.0);
#4939=DIRECTION('',(-1,0,0));
#4940=DIRECTION('',(0.9987202265695445,0.029142799134926355,-0.04133529121052521));
#4941=DIRECTION('',(0,-0.5762205126476899,0.8172942681825398));
#4942=STYLED_ITEM('',(#25),#4943);
#4943=FACE_SURFACE('',(#4948),#4944,.T.);
#4944=PLANE('',#4945);
#4945=AXIS2_PLACEMENT_3D('',#275,#4946,#4947);
#4946=DIRECTION('',(-0,-0.8172942681825398,-0.5762205126476899));
#4947=DIRECTION('',(-0.9987202265695445,-0.029142799134926355,0.04133529121052521));
#4948=FACE_BOUND('',#4949,.T.);
#4949=EDGE_LOOP('',(#4950,#4951,#4952));
#4950=ORIENTED_EDGE('',*,*,#4953,.T.);
#4951=ORIENTED_EDGE('',*,*,#4954,.T.);
#4952=ORIENTED_EDGE('',*,*,#4955,.T.);
#4953=EDGE_CURVE('',#276,#274,#4956,.F.);
#4954=EDGE_CURVE('',#274,#278,#4957,.T.);
#4955=EDGE_CURVE('',#278,#276,#4958,.T.);
#4956=LINE('',#275,#4959);
#4957=LINE('',#273,#4960);
#4958=LINE('',#277,#4961);
#4959=VECTOR('',#4962,1.0);
#4960=VECTOR('',#4963,1.0);
#4961=VECTOR('',#4964,1.0);
#4962=DIRECTION('',(-0.9987202265695445,-0.029142799134926355,0.04133529121052521));
#4963=DIRECTION('',(0,0.5762205126476899,-0.8172942681825398));
#4964=DIRECTION('',(1,0,0));
#4965=STYLED_ITEM('',(#25),#4966);
#4966=FACE_SURFACE('',(#4971),#4967,.T.);
#4967=PLANE('',#4968);
#4968=AXIS2_PLACEMENT_3D('',#275,#4969,#4970);
#4969=DIRECTION('',(-0,-0.7128335665708637,-0.701333234896124));
#4970=DIRECTION('',(-1,0,0));
#4971=FACE_BOUND('',#4972,.T.);
#4972=EDGE_LOOP('',(#4973,#4974,#4975));
#4973=ORIENTED_EDGE('',*,*,#4976,.T.);
#4974=ORIENTED_EDGE('',*,*,#4977,.T.);
#4975=ORIENTED_EDGE('',*,*,#4978,.T.);
#4976=EDGE_CURVE('',#276,#278,#4979,.F.);
#4977=EDGE_CURVE('',#278,#280,#4980,.T.);
#4978=EDGE_CURVE('',#280,#276,#4981,.T.);
#4979=LINE('',#275,#4982);
#4980=LINE('',#277,#4983);
#4981=LINE('',#279,#4984);
#4982=VECTOR('',#4985,1.0);
#4983=VECTOR('',#4986,1.0);
#4984=VECTOR('',#4987,1.0);
#4985=DIRECTION('',(-1,0,0));
#4986=DIRECTION('',(0.9987198631930224,0.03547550418291745,-0.03605722488875652));
#4987=DIRECTION('',(0,-0.701333234896124,0.7128335665708637));
#4988=STYLED_ITEM('',(#25),#4989);
#4989=FACE_SURFACE('',(#4994),#4990,.T.);
#4990=PLANE('',#4991);
#4991=AXIS2_PLACEMENT_3D('',#279,#4992,#4993);
#4992=DIRECTION('',(-0,-0.7128335665708637,-0.701333234896124));
#4993=DIRECTION('',(-0.9987198631930224,-0.03547550418291745,0.03605722488875652));
#4994=FACE_BOUND('',#4995,.T.);
#4995=EDGE_LOOP('',(#4996,#4997,#4998));
#4996=ORIENTED_EDGE('',*,*,#4999,.T.);
#4997=ORIENTED_EDGE('',*,*,#5000,.T.);
#4998=ORIENTED_EDGE('',*,*,#5001,.T.);
#4999=EDGE_CURVE('',#280,#278,#5002,.F.);
#5000=EDGE_CURVE('',#278,#282,#5003,.T.);
#5001=EDGE_CURVE('',#282,#280,#5004,.T.);
#5002=LINE('',#279,#5005);
#5003=LINE('',#277,#5006);
#5004=LINE('',#281,#5007);
#5005=VECTOR('',#5008,1.0);
#5006=VECTOR('',#5009,1.0);
#5007=VECTOR('',#5010,1.0);
#5008=DIRECTION('',(-0.9987198631930224,-0.03547550418291745,0.03605722488875652));
#5009=DIRECTION('',(0,0.701333234896124,-0.7128335665708637));
#5010=DIRECTION('',(1,0,0));
#5011=STYLED_ITEM('',(#25),#5012);
#5012=FACE_SURFACE('',(#5017),#5013,.T.);
#5013=PLANE('',#5014);
#5014=AXIS2_PLACEMENT_3D('',#279,#5015,#5016);
#5015=DIRECTION('',(-0,-0.5891276394954904,-0.8080399893461163));
#5016=DIRECTION('',(-1,0,0));
#5017=FACE_BOUND('',#5018,.T.);
#5018=EDGE_LOOP('',(#5019,#5020,#5021));
#5019=ORIENTED_EDGE('',*,*,#5022,.T.);
#5020=ORIENTED_EDGE('',*,*,#5023,.T.);
#5021=ORIENTED_EDGE('',*,*,#5024,.T.);
#5022=EDGE_CURVE('',#280,#282,#5025,.F.);
#5023=EDGE_CURVE('',#282,#284,#5026,.T.);
#5024=EDGE_CURVE('',#284,#280,#5027,.T.);
#5025=LINE('',#279,#5028);
#5026=LINE('',#281,#5029);
#5027=LINE('',#283,#5030);
#5028=VECTOR('',#5031,1.0);
#5029=VECTOR('',#5032,1.0);
#5030=VECTOR('',#5033,1.0);
#5031=DIRECTION('',(-1,0,0));
#5032=DIRECTION('',(0,0.8080399893461162,-0.5891276394954903));
#5033=DIRECTION('',(0.9987202373257548,-0.040867077253656264,0.02979546194862105));
#5034=STYLED_ITEM('',(#25),#5035);
#5035=FACE_SURFACE('',(#5040),#5036,.T.);
#5036=PLANE('',#5037);
#5037=AXIS2_PLACEMENT_3D('',#201,#5038,#5039);
#5038=DIRECTION('',(-0,-0.5891276394954903,-0.8080399893461161));
#5039=DIRECTION('',(-0.9999487152458693,-0.008183449801170665,0.005966408256842402));
#5040=FACE_BOUND('',#5041,.T.);
#5041=EDGE_LOOP('',(#5042,#5043,#5044));
#5042=ORIENTED_EDGE('',*,*,#5045,.T.);
#5043=ORIENTED_EDGE('',*,*,#5046,.T.);
#5044=ORIENTED_EDGE('',*,*,#5047,.T.);
#5045=EDGE_CURVE('',#202,#286,#5048,.F.);
#5046=EDGE_CURVE('',#286,#284,#5049,.T.);
#5047=EDGE_CURVE('',#284,#202,#5050,.T.);
#5048=LINE('',#201,#5051);
#5049=LINE('',#285,#5052);
#5050=LINE('',#283,#5053);
#5051=VECTOR('',#5054,1.0);
#5052=VECTOR('',#5055,1.0);
#5053=VECTOR('',#5056,1.0);
#5054=DIRECTION('',(-0.9999487152458693,-0.008183449801170665,0.005966408256842402));
#5055=DIRECTION('',(-0.9999198710388959,0.010229017179930884,-0.007457795189626731));
#5056=DIRECTION('',(1,0,0));
#5057=STYLED_ITEM('',(#25),#5058);
#5058=FACE_SURFACE('',(#5063),#5059,.T.);
#5059=PLANE('',#5060);
#5060=AXIS2_PLACEMENT_3D('',#283,#5061,#5062);
#5061=DIRECTION('',(0,-0.5891276394954903,-0.8080399893461162));
#5062=DIRECTION('',(0.9999198710388959,-0.010229017179930884,0.007457795189626731));
#5063=FACE_BOUND('',#5064,.T.);
#5064=EDGE_LOOP('',(#5065,#5066,#5067));
#5065=ORIENTED_EDGE('',*,*,#5068,.T.);
#5066=ORIENTED_EDGE('',*,*,#5069,.T.);
#5067=ORIENTED_EDGE('',*,*,#5070,.T.);
#5068=EDGE_CURVE('',#284,#286,#5071,.F.);
#5069=EDGE_CURVE('',#286,#288,#5072,.T.);
#5070=EDGE_CURVE('',#288,#284,#5073,.T.);
#5071=LINE('',#283,#5074);
#5072=LINE('',#285,#5075);
#5073=LINE('',#287,#5076);
#5074=VECTOR('',#5077,1.0);
#5075=VECTOR('',#5078,1.0);
#5076=VECTOR('',#5079,1.0);
#5077=DIRECTION('',(0.9999198710388959,-0.010229017179930884,0.007457795189626731));
#5078=DIRECTION('',(-1,0,0));
#5079=DIRECTION('',(-0.9998575616039683,0.013637850449745215,-0.00994311512942887));
#5080=STYLED_ITEM('',(#25),#5081);
#5081=FACE_SURFACE('',(#5086),#5082,.T.);
#5082=PLANE('',#5083);
#5083=AXIS2_PLACEMENT_3D('',#283,#5084,#5085);
#5084=DIRECTION('',(0,-0.5891276394954904,-0.8080399893461163));
#5085=DIRECTION('',(0.9998575616039683,-0.013637850449745215,0.00994311512942887));
#5086=FACE_BOUND('',#5087,.T.);
#5087=EDGE_LOOP('',(#5088,#5089,#5090));
#5088=ORIENTED_EDGE('',*,*,#5091,.T.);
#5089=ORIENTED_EDGE('',*,*,#5092,.T.);
#5090=ORIENTED_EDGE('',*,*,#5093,.T.);
#5091=EDGE_CURVE('',#284,#288,#5094,.F.);
#5092=EDGE_CURVE('',#288,#290,#5095,.T.);
#5093=EDGE_CURVE('',#290,#284,#5096,.T.);
#5094=LINE('',#283,#5097);
#5095=LINE('',#287,#5098);
#5096=LINE('',#289,#5099);
#5097=VECTOR('',#5100,1.0);
#5098=VECTOR('',#5101,1.0);
#5099=VECTOR('',#5102,1.0);
#5100=DIRECTION('',(0.9998575616039683,-0.013637850449745215,0.00994311512942887));
#5101=DIRECTION('',(-1,0,0));
#5102=DIRECTION('',(-0.9996795996779232,0.020453118486199448,-0.014912006302865008));
#5103=STYLED_ITEM('',(#25),#5104);
#5104=FACE_SURFACE('',(#5109),#5105,.T.);
#5105=PLANE('',#5106);
#5106=AXIS2_PLACEMENT_3D('',#289,#5107,#5108);
#5107=DIRECTION('',(0,-0.7128335665708637,-0.701333234896124));
#5108=DIRECTION('',(1,0,0));
#5109=FACE_BOUND('',#5110,.T.);
#5110=EDGE_LOOP('',(#5111,#5112,#5113));
#5111=ORIENTED_EDGE('',*,*,#5114,.T.);
#5112=ORIENTED_EDGE('',*,*,#5115,.T.);
#5113=ORIENTED_EDGE('',*,*,#5116,.T.);
#5114=EDGE_CURVE('',#290,#288,#5117,.F.);
#5115=EDGE_CURVE('',#288,#292,#5118,.T.);
#5116=EDGE_CURVE('',#292,#290,#5119,.T.);
#5117=LINE('',#289,#5120);
#5118=LINE('',#287,#5121);
#5119=LINE('',#291,#5122);
#5120=VECTOR('',#5123,1.0);
#5121=VECTOR('',#5124,1.0);
#5122=VECTOR('',#5125,1.0);
#5123=DIRECTION('',(1,0,0));
#5124=DIRECTION('',(-0.9987198631930224,-0.03547550418291745,0.03605722488875652));
#5125=DIRECTION('',(0,0.701333234896124,-0.7128335665708637));
#5126=STYLED_ITEM('',(#25),#5127);
#5127=FACE_SURFACE('',(#5132),#5128,.T.);
#5128=PLANE('',#5129);
#5129=AXIS2_PLACEMENT_3D('',#289,#5130,#5131);
#5130=DIRECTION('',(0,-0.7128335665708638,-0.7013332348961241));
#5131=DIRECTION('',(0,-0.701333234896124,0.7128335665708637));
#5132=FACE_BOUND('',#5133,.T.);
#5133=EDGE_LOOP('',(#5134,#5135,#5136));
#5134=ORIENTED_EDGE('',*,*,#5137,.T.);
#5135=ORIENTED_EDGE('',*,*,#5138,.T.);
#5136=ORIENTED_EDGE('',*,*,#5139,.T.);
#5137=EDGE_CURVE('',#290,#292,#5140,.F.);
#5138=EDGE_CURVE('',#292,#276,#5141,.T.);
#5139=EDGE_CURVE('',#276,#290,#5142,.T.);
#5140=LINE('',#289,#5143);
#5141=LINE('',#291,#5144);
#5142=LINE('',#275,#5145);
#5143=VECTOR('',#5146,1.0);
#5144=VECTOR('',#5147,1.0);
#5145=VECTOR('',#5148,1.0);
#5146=DIRECTION('',(0,-0.701333234896124,0.7128335665708637));
#5147=DIRECTION('',(-1,0,0));
#5148=DIRECTION('',(0.9987198752938382,0.03547533661933912,-0.03605705457750186));
#5149=STYLED_ITEM('',(#25),#5150);
#5150=FACE_SURFACE('',(#5155),#5151,.T.);
#5151=PLANE('',#5152);
#5152=AXIS2_PLACEMENT_3D('',#275,#5153,#5154);
#5153=DIRECTION('',(0,-0.8172942681825398,-0.5762205126476899));
#5154=DIRECTION('',(1,0,0));
#5155=FACE_BOUND('',#5156,.T.);
#5156=EDGE_LOOP('',(#5157,#5158,#5159));
#5157=ORIENTED_EDGE('',*,*,#5160,.T.);
#5158=ORIENTED_EDGE('',*,*,#5161,.T.);
#5159=ORIENTED_EDGE('',*,*,#5162,.T.);
#5160=EDGE_CURVE('',#276,#292,#5163,.F.);
#5161=EDGE_CURVE('',#292,#272,#5164,.T.);
#5162=EDGE_CURVE('',#272,#276,#5165,.T.);
#5163=LINE('',#275,#5166);
#5164=LINE('',#291,#5167);
#5165=LINE('',#271,#5168);
#5166=VECTOR('',#5169,1.0);
#5167=VECTOR('',#5170,1.0);
#5168=VECTOR('',#5171,1.0);
#5169=DIRECTION('',(1,0,0));
#5170=DIRECTION('',(-0.9987202386669319,-0.02914266148289373,0.041335095968920994));
#5171=DIRECTION('',(0,0.5762205126476899,-0.8172942681825398));
#5172=STYLED_ITEM('',(#25),#5173);
#5173=FACE_SURFACE('',(#5178),#5174,.T.);
#5174=PLANE('',#5175);
#5175=AXIS2_PLACEMENT_3D('',#217,#5176,#5177);
#5176=DIRECTION('',(0,-0.7128335665708638,-0.701333234896124));
#5177=DIRECTION('',(1,0,0));
#5178=FACE_BOUND('',#5179,.T.);
#5179=EDGE_LOOP('',(#5180,#5181,#5182));
#5180=ORIENTED_EDGE('',*,*,#5183,.T.);
#5181=ORIENTED_EDGE('',*,*,#5184,.T.);
#5182=ORIENTED_EDGE('',*,*,#5185,.T.);
#5183=EDGE_CURVE('',#218,#216,#5186,.F.);
#5184=EDGE_CURVE('',#216,#294,#5187,.T.);
#5185=EDGE_CURVE('',#294,#218,#5188,.T.);
#5186=LINE('',#217,#5189);
#5187=LINE('',#215,#5190);
#5188=LINE('',#293,#5191);
#5189=VECTOR('',#5192,1.0);
#5190=VECTOR('',#5193,1.0);
#5191=VECTOR('',#5194,1.0);
#5192=DIRECTION('',(1,0,0));
#5193=DIRECTION('',(-0.9987198692434517,-0.03547542040093067,0.03605713973292834));
#5194=DIRECTION('',(0,0.701333234896124,-0.7128335665708637));
#5195=STYLED_ITEM('',(#25),#5196);
#5196=FACE_SURFACE('',(#5201),#5197,.T.);
#5197=PLANE('',#5198);
#5198=AXIS2_PLACEMENT_3D('',#293,#5199,#5200);
#5199=DIRECTION('',(0,-0.7128335665708638,-0.701333234896124));
#5200=DIRECTION('',(0.9987198692434517,0.03547542040093067,-0.03605713973292834));
#5201=FACE_BOUND('',#5202,.T.);
#5202=EDGE_LOOP('',(#5203,#5204,#5205));
#5203=ORIENTED_EDGE('',*,*,#5206,.T.);
#5204=ORIENTED_EDGE('',*,*,#5207,.T.);
#5205=ORIENTED_EDGE('',*,*,#5208,.T.);
#5206=EDGE_CURVE('',#294,#216,#5209,.F.);
#5207=EDGE_CURVE('',#216,#246,#5210,.T.);
#5208=EDGE_CURVE('',#246,#294,#5211,.T.);
#5209=LINE('',#293,#5212);
#5210=LINE('',#215,#5213);
#5211=LINE('',#245,#5214);
#5212=VECTOR('',#5215,1.0);
#5213=VECTOR('',#5216,1.0);
#5214=VECTOR('',#5217,1.0);
#5215=DIRECTION('',(0.9987198692434517,0.03547542040093067,-0.03605713973292834));
#5216=DIRECTION('',(0,-0.701333234896124,0.7128335665708637));
#5217=DIRECTION('',(-1,0,0));
#5218=STYLED_ITEM('',(#25),#5219);
#5219=FACE_SURFACE('',(#5224),#5220,.T.);
#5220=PLANE('',#5221);
#5221=AXIS2_PLACEMENT_3D('',#293,#5222,#5223);
#5222=DIRECTION('',(0,-0.8172942681825399,-0.57622051264769));
#5223=DIRECTION('',(1,0,0));
#5224=FACE_BOUND('',#5225,.T.);
#5225=EDGE_LOOP('',(#5226,#5227,#5228));
#5226=ORIENTED_EDGE('',*,*,#5229,.T.);
#5227=ORIENTED_EDGE('',*,*,#5230,.T.);
#5228=ORIENTED_EDGE('',*,*,#5231,.T.);
#5229=EDGE_CURVE('',#294,#246,#5232,.F.);
#5230=EDGE_CURVE('',#246,#296,#5233,.T.);
#5231=EDGE_CURVE('',#296,#294,#5234,.T.);
#5232=LINE('',#293,#5235);
#5233=LINE('',#245,#5236);
#5234=LINE('',#295,#5237);
#5235=VECTOR('',#5238,1.0);
#5236=VECTOR('',#5239,1.0);
#5237=VECTOR('',#5240,1.0);
#5238=DIRECTION('',(1,0,0));
#5239=DIRECTION('',(-0.9987202326182597,-0.029142730308747707,0.04133519358949285));
#5240=DIRECTION('',(0,0.5762205126476899,-0.8172942681825398));
#5241=STYLED_ITEM('',(#25),#5242);
#5242=FACE_SURFACE('',(#5247),#5243,.T.);
#5243=PLANE('',#5244);
#5244=AXIS2_PLACEMENT_3D('',#295,#5245,#5246);
#5245=DIRECTION('',(0,-0.8172942681825399,-0.57622051264769));
#5246=DIRECTION('',(0.9987202326182597,0.029142730308747707,-0.04133519358949285));
#5247=FACE_BOUND('',#5248,.T.);
#5248=EDGE_LOOP('',(#5249,#5250,#5251));
#5249=ORIENTED_EDGE('',*,*,#5252,.T.);
#5250=ORIENTED_EDGE('',*,*,#5253,.T.);
#5251=ORIENTED_EDGE('',*,*,#5254,.T.);
#5252=EDGE_CURVE('',#296,#246,#5255,.F.);
#5253=EDGE_CURVE('',#246,#248,#5256,.T.);
#5254=EDGE_CURVE('',#248,#296,#5257,.T.);
#5255=LINE('',#295,#5258);
#5256=LINE('',#245,#5259);
#5257=LINE('',#247,#5260);
#5258=VECTOR('',#5261,1.0);
#5259=VECTOR('',#5262,1.0);
#5260=VECTOR('',#5263,1.0);
#5261=DIRECTION('',(0.9987202326182597,0.029142730308747707,-0.04133519358949285));
#5262=DIRECTION('',(0,-0.5762205126476899,0.8172942681825398));
#5263=DIRECTION('',(-1,0,0));
#5264=STYLED_ITEM('',(#25),#5265);
#5265=FACE_SURFACE('',(#5270),#5266,.T.);
#5266=PLANE('',#5267);
#5267=AXIS2_PLACEMENT_3D('',#295,#5268,#5269);
#5268=DIRECTION('',(0,-0.9000776187282582,-0.4357295953506811));
#5269=DIRECTION('',(1,0,0));
#5270=FACE_BOUND('',#5271,.T.);
#5271=EDGE_LOOP('',(#5272,#5273,#5274));
#5272=ORIENTED_EDGE('',*,*,#5275,.T.);
#5273=ORIENTED_EDGE('',*,*,#5276,.T.);
#5274=ORIENTED_EDGE('',*,*,#5277,.T.);
#5275=EDGE_CURVE('',#296,#248,#5278,.F.);
#5276=EDGE_CURVE('',#248,#298,#5279,.T.);
#5277=EDGE_CURVE('',#298,#296,#5280,.T.);
#5278=LINE('',#295,#5281);
#5279=LINE('',#247,#5282);
#5280=LINE('',#297,#5283);
#5281=VECTOR('',#5284,1.0);
#5282=VECTOR('',#5285,1.0);
#5283=VECTOR('',#5286,1.0);
#5284=DIRECTION('',(1,0,0));
#5285=DIRECTION('',(-0.9987205697899583,-0.02203440868986305,0.04551602258665851));
#5286=DIRECTION('',(0,0.4357295953506811,-0.9000776187282583));
#5287=STYLED_ITEM('',(#25),#5288);
#5288=FACE_SURFACE('',(#5293),#5289,.T.);
#5289=PLANE('',#5290);
#5290=AXIS2_PLACEMENT_3D('',#297,#5291,#5292);
#5291=DIRECTION('',(0,-0.9000776187282582,-0.4357295953506811));
#5292=DIRECTION('',(0.9987205697899583,0.02203440868986305,-0.04551602258665851));
#5293=FACE_BOUND('',#5294,.T.);
#5294=EDGE_LOOP('',(#5295,#5296,#5297));
#5295=ORIENTED_EDGE('',*,*,#5298,.T.);
#5296=ORIENTED_EDGE('',*,*,#5299,.T.);
#5297=ORIENTED_EDGE('',*,*,#5300,.T.);
#5298=EDGE_CURVE('',#298,#248,#5301,.F.);
#5299=EDGE_CURVE('',#248,#250,#5302,.T.);
#5300=EDGE_CURVE('',#250,#298,#5303,.T.);
#5301=LINE('',#297,#5304);
#5302=LINE('',#247,#5305);
#5303=LINE('',#249,#5306);
#5304=VECTOR('',#5307,1.0);
#5305=VECTOR('',#5308,1.0);
#5306=VECTOR('',#5309,1.0);
#5307=DIRECTION('',(0.9987205697899583,0.02203440868986305,-0.04551602258665851));
#5308=DIRECTION('',(0,-0.4357295953506811,0.9000776187282583));
#5309=DIRECTION('',(-1,0,0));
#5310=STYLED_ITEM('',(#25),#5311);
#5311=FACE_SURFACE('',(#5316),#5312,.T.);
#5312=PLANE('',#5313);
#5313=AXIS2_PLACEMENT_3D('',#297,#5314,#5315);
#5314=DIRECTION('',(0,-0.9589969165086695,-0.28341650291905));
#5315=DIRECTION('',(1,0,0));
#5316=FACE_BOUND('',#5317,.T.);
#5317=EDGE_LOOP('',(#5318,#5319,#5320));
#5318=ORIENTED_EDGE('',*,*,#5321,.T.);
#5319=ORIENTED_EDGE('',*,*,#5322,.T.);
#5320=ORIENTED_EDGE('',*,*,#5323,.T.);
#5321=EDGE_CURVE('',#298,#250,#5324,.F.);
#5322=EDGE_CURVE('',#250,#262,#5325,.T.);
#5323=EDGE_CURVE('',#262,#298,#5326,.T.);
#5324=LINE('',#297,#5327);
#5325=LINE('',#249,#5328);
#5326=LINE('',#261,#5329);
#5327=VECTOR('',#5330,1.0);
#5328=VECTOR('',#5331,1.0);
#5329=VECTOR('',#5332,1.0);
#5330=DIRECTION('',(1,0,0));
#5331=DIRECTION('',(-0.9987200689526691,-0.014334891446031024,0.04850499725189514));
#5332=DIRECTION('',(0,0.2834165029190501,-0.9589969165086695));
#5333=STYLED_ITEM('',(#25),#5334);
#5334=FACE_SURFACE('',(#5339),#5335,.T.);
#5335=PLANE('',#5336);
#5336=AXIS2_PLACEMENT_3D('',#285,#5337,#5338);
#5337=DIRECTION('',(0,-0.5891276394954903,-0.8080399893461161));
#5338=DIRECTION('',(0.9999487152458693,0.008183449801170665,-0.005966408256842402));
#5339=FACE_BOUND('',#5340,.T.);
#5340=EDGE_LOOP('',(#5341,#5342,#5343));
#5341=ORIENTED_EDGE('',*,*,#5344,.T.);
#5342=ORIENTED_EDGE('',*,*,#5345,.T.);
#5343=ORIENTED_EDGE('',*,*,#5346,.T.);
#5344=EDGE_CURVE('',#286,#202,#5347,.F.);
#5345=EDGE_CURVE('',#202,#300,#5348,.T.);
#5346=EDGE_CURVE('',#300,#286,#5349,.T.);
#5347=LINE('',#285,#5350);
#5348=LINE('',#201,#5351);
#5349=LINE('',#299,#5352);
#5350=VECTOR('',#5353,1.0);
#5351=VECTOR('',#5354,1.0);
#5352=VECTOR('',#5355,1.0);
#5353=DIRECTION('',(0.9999487152458693,0.008183449801170665,-0.005966408256842402));
#5354=DIRECTION('',(-0.9999198710388959,-0.010229017179930884,0.007457795189626731));
#5355=DIRECTION('',(-1,0,0));
#5356=STYLED_ITEM('',(#25),#5357);
#5357=FACE_SURFACE('',(#5362),#5358,.T.);
#5358=PLANE('',#5359);
#5359=AXIS2_PLACEMENT_3D('',#299,#5360,#5361);
#5360=DIRECTION('',(0,-0.5891276394954903,-0.8080399893461161));
#5361=DIRECTION('',(0.9999198710388959,0.010229017179930884,-0.007457795189626731));
#5362=FACE_BOUND('',#5363,.T.);
#5363=EDGE_LOOP('',(#5364,#5365,#5366));
#5364=ORIENTED_EDGE('',*,*,#5367,.T.);
#5365=ORIENTED_EDGE('',*,*,#5368,.T.);
#5366=ORIENTED_EDGE('',*,*,#5369,.T.);
#5367=EDGE_CURVE('',#300,#202,#5370,.F.);
#5368=EDGE_CURVE('',#202,#220,#5371,.T.);
#5369=EDGE_CURVE('',#220,#300,#5372,.T.);
#5370=LINE('',#299,#5373);
#5371=LINE('',#201,#5374);
#5372=LINE('',#219,#5375);
#5373=VECTOR('',#5376,1.0);
#5374=VECTOR('',#5377,1.0);
#5375=VECTOR('',#5378,1.0);
#5376=DIRECTION('',(0.9999198710388959,0.010229017179930884,-0.007457795189626731));
#5377=DIRECTION('',(-0.9998575618287586,-0.013637839689166235,0.00994310728408139));
#5378=DIRECTION('',(-1,0,0));
#5379=STYLED_ITEM('',(#25),#5380);
#5380=FACE_SURFACE('',(#5385),#5381,.T.);
#5381=PLANE('',#5382);
#5382=AXIS2_PLACEMENT_3D('',#299,#5383,#5384);
#5383=DIRECTION('',(0,-0.7128335665708638,-0.701333234896124));
#5384=DIRECTION('',(1,0,0));
#5385=FACE_BOUND('',#5386,.T.);
#5386=EDGE_LOOP('',(#5387,#5388,#5389));
#5387=ORIENTED_EDGE('',*,*,#5390,.T.);
#5388=ORIENTED_EDGE('',*,*,#5391,.T.);
#5389=ORIENTED_EDGE('',*,*,#5392,.T.);
#5390=EDGE_CURVE('',#300,#220,#5393,.F.);
#5391=EDGE_CURVE('',#220,#224,#5394,.T.);
#5392=EDGE_CURVE('',#224,#300,#5395,.T.);
#5393=LINE('',#299,#5396);
#5394=LINE('',#219,#5397);
#5395=LINE('',#223,#5398);
#5396=VECTOR('',#5399,1.0);
#5397=VECTOR('',#5400,1.0);
#5398=VECTOR('',#5401,1.0);
#5399=DIRECTION('',(1,0,0));
#5400=DIRECTION('',(-0.9987198692434517,-0.03547542040093067,0.03605713973292834));
#5401=DIRECTION('',(0,0.701333234896124,-0.7128335665708637));
#5402=STYLED_ITEM('',(#25),#5403);
#5403=FACE_SURFACE('',(#5408),#5404,.T.);
#5404=PLANE('',#5405);
#5405=AXIS2_PLACEMENT_3D('',#285,#5406,#5407);
#5406=DIRECTION('',(0,-0.7128335665708638,-0.701333234896124));
#5407=DIRECTION('',(1,0,0));
#5408=FACE_BOUND('',#5409,.T.);
#5409=EDGE_LOOP('',(#5410,#5411,#5412));
#5410=ORIENTED_EDGE('',*,*,#5413,.T.);
#5411=ORIENTED_EDGE('',*,*,#5414,.T.);
#5412=ORIENTED_EDGE('',*,*,#5415,.T.);
#5413=EDGE_CURVE('',#286,#300,#5416,.F.);
#5414=EDGE_CURVE('',#300,#302,#5417,.T.);
#5415=EDGE_CURVE('',#302,#286,#5418,.T.);
#5416=LINE('',#285,#5419);
#5417=LINE('',#299,#5420);
#5418=LINE('',#301,#5421);
#5419=VECTOR('',#5422,1.0);
#5420=VECTOR('',#5423,1.0);
#5421=VECTOR('',#5424,1.0);
#5422=DIRECTION('',(1,0,0));
#5423=DIRECTION('',(-0.9987198692434517,-0.03547542040093067,0.03605713973292834));
#5424=DIRECTION('',(0,0.701333234896124,-0.7128335665708637));
#5425=STYLED_ITEM('',(#25),#5426);
#5426=FACE_SURFACE('',(#5431),#5427,.T.);
#5427=PLANE('',#5428);
#5428=AXIS2_PLACEMENT_3D('',#301,#5429,#5430);
#5429=DIRECTION('',(0,-0.7128335665708638,-0.701333234896124));
#5430=DIRECTION('',(0.9987198692434517,0.03547542040093067,-0.03605713973292834));
#5431=FACE_BOUND('',#5432,.T.);
#5432=EDGE_LOOP('',(#5433,#5434,#5435));
#5433=ORIENTED_EDGE('',*,*,#5436,.T.);
#5434=ORIENTED_EDGE('',*,*,#5437,.T.);
#5435=ORIENTED_EDGE('',*,*,#5438,.T.);
#5436=EDGE_CURVE('',#302,#300,#5439,.F.);
#5437=EDGE_CURVE('',#300,#224,#5440,.T.);
#5438=EDGE_CURVE('',#224,#302,#5441,.T.);
#5439=LINE('',#301,#5442);
#5440=LINE('',#299,#5443);
#5441=LINE('',#223,#5444);
#5442=VECTOR('',#5445,1.0);
#5443=VECTOR('',#5446,1.0);
#5444=VECTOR('',#5447,1.0);
#5445=DIRECTION('',(0.9987198692434517,0.03547542040093067,-0.03605713973292834));
#5446=DIRECTION('',(0,-0.701333234896124,0.7128335665708637));
#5447=DIRECTION('',(-1,0,0));
#5448=STYLED_ITEM('',(#25),#5449);
#5449=FACE_SURFACE('',(#5454),#5450,.T.);
#5450=PLANE('',#5451);
#5451=AXIS2_PLACEMENT_3D('',#301,#5452,#5453);
#5452=DIRECTION('',(0,-0.8172942681825399,-0.57622051264769));
#5453=DIRECTION('',(1,0,0));
#5454=FACE_BOUND('',#5455,.T.);
#5455=EDGE_LOOP('',(#5456,#5457,#5458));
#5456=ORIENTED_EDGE('',*,*,#5459,.T.);
#5457=ORIENTED_EDGE('',*,*,#5460,.T.);
#5458=ORIENTED_EDGE('',*,*,#5461,.T.);
#5459=EDGE_CURVE('',#302,#224,#5462,.F.);
#5460=EDGE_CURVE('',#224,#228,#5463,.T.);
#5461=EDGE_CURVE('',#228,#302,#5464,.T.);
#5462=LINE('',#301,#5465);
#5463=LINE('',#223,#5466);
#5464=LINE('',#227,#5467);
#5465=VECTOR('',#5468,1.0);
#5466=VECTOR('',#5469,1.0);
#5467=VECTOR('',#5470,1.0);
#5468=DIRECTION('',(1,0,0));
#5469=DIRECTION('',(-0.9987202326182597,-0.029142730308747707,0.04133519358949285));
#5470=DIRECTION('',(0,0.5762205126476899,-0.8172942681825398));
#5471=STYLED_ITEM('',(#25),#5472);
#5472=FACE_SURFACE('',(#5477),#5473,.T.);
#5473=PLANE('',#5474);
#5474=AXIS2_PLACEMENT_3D('',#279,#5475,#5476);
#5475=DIRECTION('',(0,-0.5891276394954903,-0.8080399893461162));
#5476=DIRECTION('',(-0.9987202373257548,0.040867077253656264,-0.02979546194862105));
#5477=FACE_BOUND('',#5478,.T.);
#5478=EDGE_LOOP('',(#5479,#5480,#5481));
#5479=ORIENTED_EDGE('',*,*,#5482,.T.);
#5480=ORIENTED_EDGE('',*,*,#5483,.T.);
#5481=ORIENTED_EDGE('',*,*,#5484,.T.);
#5482=EDGE_CURVE('',#280,#284,#5485,.F.);
#5483=EDGE_CURVE('',#284,#290,#5486,.T.);
#5484=EDGE_CURVE('',#290,#280,#5487,.T.);
#5485=LINE('',#279,#5488);
#5486=LINE('',#283,#5489);
#5487=LINE('',#289,#5490);
#5488=VECTOR('',#5491,1.0);
#5489=VECTOR('',#5492,1.0);
#5490=VECTOR('',#5493,1.0);
#5491=DIRECTION('',(-0.9987202373257548,0.040867077253656264,-0.02979546194862105));
#5492=DIRECTION('',(0.9996795996779232,-0.020453118486199448,0.014912006302865008));
#5493=DIRECTION('',(-1,0,0));
#5494=STYLED_ITEM('',(#25),#5495);
#5495=FACE_SURFACE('',(#5500),#5496,.T.);
#5496=PLANE('',#5497);
#5497=AXIS2_PLACEMENT_3D('',#287,#5498,#5499);
#5498=DIRECTION('',(0,-0.7128335665708638,-0.7013332348961241));
#5499=DIRECTION('',(1,0,0));
#5500=FACE_BOUND('',#5501,.T.);
#5501=EDGE_LOOP('',(#5502,#5503,#5504));
#5502=ORIENTED_EDGE('',*,*,#5505,.T.);
#5503=ORIENTED_EDGE('',*,*,#5506,.T.);
#5504=ORIENTED_EDGE('',*,*,#5507,.T.);
#5505=EDGE_CURVE('',#288,#286,#5508,.F.);
#5506=EDGE_CURVE('',#286,#304,#5509,.T.);
#5507=EDGE_CURVE('',#304,#288,#5510,.T.);
#5508=LINE('',#287,#5511);
#5509=LINE('',#285,#5512);
#5510=LINE('',#303,#5513);
#5511=VECTOR('',#5514,1.0);
#5512=VECTOR('',#5515,1.0);
#5513=VECTOR('',#5516,1.0);
#5514=DIRECTION('',(1,0,0));
#5515=DIRECTION('',(-0.9987198752938382,-0.03547533661933912,0.03605705457750186));
#5516=DIRECTION('',(0,0.701333234896124,-0.7128335665708637));
#5517=STYLED_ITEM('',(#25),#5518);
#5518=FACE_SURFACE('',(#5523),#5519,.T.);
#5519=PLANE('',#5520);
#5520=AXIS2_PLACEMENT_3D('',#303,#5521,#5522);
#5521=DIRECTION('',(0,-0.7128335665708638,-0.7013332348961241));
#5522=DIRECTION('',(0.9987198752938382,0.03547533661933912,-0.03605705457750186));
#5523=FACE_BOUND('',#5524,.T.);
#5524=EDGE_LOOP('',(#5525,#5526,#5527));
#5525=ORIENTED_EDGE('',*,*,#5528,.T.);
#5526=ORIENTED_EDGE('',*,*,#5529,.T.);
#5527=ORIENTED_EDGE('',*,*,#5530,.T.);
#5528=EDGE_CURVE('',#304,#286,#5531,.F.);
#5529=EDGE_CURVE('',#286,#302,#5532,.T.);
#5530=EDGE_CURVE('',#302,#304,#5533,.T.);
#5531=LINE('',#303,#5534);
#5532=LINE('',#285,#5535);
#5533=LINE('',#301,#5536);
#5534=VECTOR('',#5537,1.0);
#5535=VECTOR('',#5538,1.0);
#5536=VECTOR('',#5539,1.0);
#5537=DIRECTION('',(0.9987198752938382,0.03547533661933912,-0.03605705457750186));
#5538=DIRECTION('',(0,-0.701333234896124,0.7128335665708637));
#5539=DIRECTION('',(-1,0,0));
#5540=STYLED_ITEM('',(#25),#5541);
#5541=FACE_SURFACE('',(#5546),#5542,.T.);
#5542=PLANE('',#5543);
#5543=AXIS2_PLACEMENT_3D('',#303,#5544,#5545);
#5544=DIRECTION('',(0,-0.8172942681825398,-0.5762205126476899));
#5545=DIRECTION('',(1,0,0));
#5546=FACE_BOUND('',#5547,.T.);
#5547=EDGE_LOOP('',(#5548,#5549,#5550));
#5548=ORIENTED_EDGE('',*,*,#5551,.T.);
#5549=ORIENTED_EDGE('',*,*,#5552,.T.);
#5550=ORIENTED_EDGE('',*,*,#5553,.T.);
#5551=EDGE_CURVE('',#304,#302,#5554,.F.);
#5552=EDGE_CURVE('',#302,#306,#5555,.T.);
#5553=EDGE_CURVE('',#306,#304,#5556,.T.);
#5554=LINE('',#303,#5557);
#5555=LINE('',#301,#5558);
#5556=LINE('',#305,#5559);
#5557=VECTOR('',#5560,1.0);
#5558=VECTOR('',#5561,1.0);
#5559=VECTOR('',#5562,1.0);
#5560=DIRECTION('',(1,0,0));
#5561=DIRECTION('',(-0.9987202386669319,-0.02914266148289373,0.041335095968920994));
#5562=DIRECTION('',(0,0.5762205126476899,-0.8172942681825398));
#5563=STYLED_ITEM('',(#25),#5564);
#5564=FACE_SURFACE('',(#5569),#5565,.T.);
#5565=PLANE('',#5566);
#5566=AXIS2_PLACEMENT_3D('',#305,#5567,#5568);
#5567=DIRECTION('',(0,-0.8172942681825398,-0.5762205126476899));
#5568=DIRECTION('',(0.9987202386669319,0.02914266148289373,-0.041335095968920994));
#5569=FACE_BOUND('',#5570,.T.);
#5570=EDGE_LOOP('',(#5571,#5572,#5573));
#5571=ORIENTED_EDGE('',*,*,#5574,.T.);
#5572=ORIENTED_EDGE('',*,*,#5575,.T.);
#5573=ORIENTED_EDGE('',*,*,#5576,.T.);
#5574=EDGE_CURVE('',#306,#302,#5577,.F.);
#5575=EDGE_CURVE('',#302,#228,#5578,.T.);
#5576=EDGE_CURVE('',#228,#306,#5579,.T.);
#5577=LINE('',#305,#5580);
#5578=LINE('',#301,#5581);
#5579=LINE('',#227,#5582);
#5580=VECTOR('',#5583,1.0);
#5581=VECTOR('',#5584,1.0);
#5582=VECTOR('',#5585,1.0);
#5583=DIRECTION('',(0.9987202386669319,0.02914266148289373,-0.041335095968920994));
#5584=DIRECTION('',(0,-0.5762205126476899,0.8172942681825398));
#5585=DIRECTION('',(-1,0,0));
#5586=STYLED_ITEM('',(#25),#5587);
#5587=FACE_SURFACE('',(#5592),#5588,.T.);
#5588=PLANE('',#5589);
#5589=AXIS2_PLACEMENT_3D('',#305,#5590,#5591);
#5590=DIRECTION('',(0,-0.9000776187282582,-0.4357295953506811));
#5591=DIRECTION('',(1,0,0));
#5592=FACE_BOUND('',#5593,.T.);
#5593=EDGE_LOOP('',(#5594,#5595,#5596));
#5594=ORIENTED_EDGE('',*,*,#5597,.T.);
#5595=ORIENTED_EDGE('',*,*,#5598,.T.);
#5596=ORIENTED_EDGE('',*,*,#5599,.T.);
#5597=EDGE_CURVE('',#306,#228,#5600,.F.);
#5598=EDGE_CURVE('',#228,#232,#5601,.T.);
#5599=EDGE_CURVE('',#232,#306,#5602,.T.);
#5600=LINE('',#305,#5603);
#5601=LINE('',#227,#5604);
#5602=LINE('',#231,#5605);
#5603=VECTOR('',#5606,1.0);
#5604=VECTOR('',#5607,1.0);
#5605=VECTOR('',#5608,1.0);
#5606=DIRECTION('',(1,0,0));
#5607=DIRECTION('',(-0.99872057583704,-0.022034356651567298,0.045515915092226585));
#5608=DIRECTION('',(0,0.4357295953506811,-0.9000776187282583));
#5609=STYLED_ITEM('',(#25),#5610);
#5610=FACE_SURFACE('',(#5615),#5611,.T.);
#5611=PLANE('',#5612);
#5612=AXIS2_PLACEMENT_3D('',#275,#5613,#5614);
#5613=DIRECTION('',(0,-0.7128335665708638,-0.7013332348961241));
#5614=DIRECTION('',(0,0.701333234896124,-0.7128335665708637));
#5615=FACE_BOUND('',#5616,.T.);
#5616=EDGE_LOOP('',(#5617,#5618,#5619));
#5617=ORIENTED_EDGE('',*,*,#5620,.T.);
#5618=ORIENTED_EDGE('',*,*,#5621,.T.);
#5619=ORIENTED_EDGE('',*,*,#5622,.T.);
#5620=EDGE_CURVE('',#276,#280,#5623,.F.);
#5621=EDGE_CURVE('',#280,#290,#5624,.T.);
#5622=EDGE_CURVE('',#290,#276,#5625,.T.);
#5623=LINE('',#275,#5626);
#5624=LINE('',#279,#5627);
#5625=LINE('',#289,#5628);
#5626=VECTOR('',#5629,1.0);
#5627=VECTOR('',#5630,1.0);
#5628=VECTOR('',#5631,1.0);
#5629=DIRECTION('',(0,0.701333234896124,-0.7128335665708637));
#5630=DIRECTION('',(1,0,0));
#5631=DIRECTION('',(-0.9987198752938382,-0.03547533661933912,0.03605705457750186));
#5632=STYLED_ITEM('',(#25),#5633);
#5633=FACE_SURFACE('',(#5638),#5634,.T.);
#5634=PLANE('',#5635);
#5635=AXIS2_PLACEMENT_3D('',#217,#5636,#5637);
#5636=DIRECTION('',(0,-0.7128335665708638,-0.701333234896124));
#5637=DIRECTION('',(0,-0.701333234896124,0.7128335665708637));
#5638=FACE_BOUND('',#5639,.T.);
#5639=EDGE_LOOP('',(#5640,#5641,#5642));
#5640=ORIENTED_EDGE('',*,*,#5643,.T.);
#5641=ORIENTED_EDGE('',*,*,#5644,.T.);
#5642=ORIENTED_EDGE('',*,*,#5645,.T.);
#5643=EDGE_CURVE('',#218,#294,#5646,.F.);
#5644=EDGE_CURVE('',#294,#222,#5647,.T.);
#5645=EDGE_CURVE('',#222,#218,#5648,.T.);
#5646=LINE('',#217,#5649);
#5647=LINE('',#293,#5650);
#5648=LINE('',#221,#5651);
#5649=VECTOR('',#5652,1.0);
#5650=VECTOR('',#5653,1.0);
#5651=VECTOR('',#5654,1.0);
#5652=DIRECTION('',(0,-0.701333234896124,0.7128335665708637));
#5653=DIRECTION('',(-1,0,0));
#5654=DIRECTION('',(0.9987198692434517,0.03547542040093067,-0.03605713973292834));
#5655=STYLED_ITEM('',(#25),#5656);
#5656=FACE_SURFACE('',(#5661),#5657,.T.);
#5657=PLANE('',#5658);
#5658=AXIS2_PLACEMENT_3D('',#221,#5659,#5660);
#5659=DIRECTION('',(0,-0.8172942681825399,-0.57622051264769));
#5660=DIRECTION('',(1,0,0));
#5661=FACE_BOUND('',#5662,.T.);
#5662=EDGE_LOOP('',(#5663,#5664,#5665));
#5663=ORIENTED_EDGE('',*,*,#5666,.T.);
#5664=ORIENTED_EDGE('',*,*,#5667,.T.);
#5665=ORIENTED_EDGE('',*,*,#5668,.T.);
#5666=EDGE_CURVE('',#222,#294,#5669,.F.);
#5667=EDGE_CURVE('',#294,#308,#5670,.T.);
#5668=EDGE_CURVE('',#308,#222,#5671,.T.);
#5669=LINE('',#221,#5672);
#5670=LINE('',#293,#5673);
#5671=LINE('',#307,#5674);
#5672=VECTOR('',#5675,1.0);
#5673=VECTOR('',#5676,1.0);
#5674=VECTOR('',#5677,1.0);
#5675=DIRECTION('',(1,0,0));
#5676=DIRECTION('',(-0.9987202326182597,-0.029142730308747707,0.04133519358949285));
#5677=DIRECTION('',(0,0.5762205126476899,-0.8172942681825398));
#5678=STYLED_ITEM('',(#25),#5679);
#5679=FACE_SURFACE('',(#5684),#5680,.T.);
#5680=PLANE('',#5681);
#5681=AXIS2_PLACEMENT_3D('',#221,#5682,#5683);
#5682=DIRECTION('',(0,-0.8172942681825399,-0.57622051264769));
#5683=DIRECTION('',(0,-0.5762205126476899,0.8172942681825398));
#5684=FACE_BOUND('',#5685,.T.);
#5685=EDGE_LOOP('',(#5686,#5687,#5688));
#5686=ORIENTED_EDGE('',*,*,#5689,.T.);
#5687=ORIENTED_EDGE('',*,*,#5690,.T.);
#5688=ORIENTED_EDGE('',*,*,#5691,.T.);
#5689=EDGE_CURVE('',#222,#308,#5692,.F.);
#5690=EDGE_CURVE('',#308,#226,#5693,.T.);
#5691=EDGE_CURVE('',#226,#222,#5694,.T.);
#5692=LINE('',#221,#5695);
#5693=LINE('',#307,#5696);
#5694=LINE('',#225,#5697);
#5695=VECTOR('',#5698,1.0);
#5696=VECTOR('',#5699,1.0);
#5697=VECTOR('',#5700,1.0);
#5698=DIRECTION('',(0,-0.5762205126476899,0.8172942681825398));
#5699=DIRECTION('',(-1,0,0));
#5700=DIRECTION('',(0.9987202326182597,0.029142730308747707,-0.04133519358949285));
#5701=STYLED_ITEM('',(#25),#5702);
#5702=FACE_SURFACE('',(#5707),#5703,.T.);
#5703=PLANE('',#5704);
#5704=AXIS2_PLACEMENT_3D('',#225,#5705,#5706);
#5705=DIRECTION('',(0,-0.9000776187282582,-0.4357295953506811));
#5706=DIRECTION('',(1,0,0));
#5707=FACE_BOUND('',#5708,.T.);
#5708=EDGE_LOOP('',(#5709,#5710,#5711));
#5709=ORIENTED_EDGE('',*,*,#5712,.T.);
#5710=ORIENTED_EDGE('',*,*,#5713,.T.);
#5711=ORIENTED_EDGE('',*,*,#5714,.T.);
#5712=EDGE_CURVE('',#226,#308,#5715,.F.);
#5713=EDGE_CURVE('',#308,#310,#5716,.T.);
#5714=EDGE_CURVE('',#310,#226,#5717,.T.);
#5715=LINE('',#225,#5718);
#5716=LINE('',#307,#5719);
#5717=LINE('',#309,#5720);
#5718=VECTOR('',#5721,1.0);
#5719=VECTOR('',#5722,1.0);
#5720=VECTOR('',#5723,1.0);
#5721=DIRECTION('',(1,0,0));
#5722=DIRECTION('',(-0.9987205697899583,-0.02203440868986305,0.04551602258665851));
#5723=DIRECTION('',(0,0.4357295953506811,-0.9000776187282583));
#5724=STYLED_ITEM('',(#25),#5725);
#5725=FACE_SURFACE('',(#5730),#5726,.T.);
#5726=PLANE('',#5727);
#5727=AXIS2_PLACEMENT_3D('',#225,#5728,#5729);
#5728=DIRECTION('',(0,-0.9000776187282582,-0.4357295953506811));
#5729=DIRECTION('',(0,-0.4357295953506811,0.9000776187282583));
#5730=FACE_BOUND('',#5731,.T.);
#5731=EDGE_LOOP('',(#5732,#5733,#5734));
#5732=ORIENTED_EDGE('',*,*,#5735,.T.);
#5733=ORIENTED_EDGE('',*,*,#5736,.T.);
#5734=ORIENTED_EDGE('',*,*,#5737,.T.);
#5735=EDGE_CURVE('',#226,#310,#5738,.F.);
#5736=EDGE_CURVE('',#310,#230,#5739,.T.);
#5737=EDGE_CURVE('',#230,#226,#5740,.T.);
#5738=LINE('',#225,#5741);
#5739=LINE('',#309,#5742);
#5740=LINE('',#229,#5743);
#5741=VECTOR('',#5744,1.0);
#5742=VECTOR('',#5745,1.0);
#5743=VECTOR('',#5746,1.0);
#5744=DIRECTION('',(0,-0.4357295953506811,0.9000776187282583));
#5745=DIRECTION('',(-1,0,0));
#5746=DIRECTION('',(0.9987205697899583,0.02203440868986305,-0.04551602258665851));
#5747=STYLED_ITEM('',(#25),#5748);
#5748=FACE_SURFACE('',(#5753),#5749,.T.);
#5749=PLANE('',#5750);
#5750=AXIS2_PLACEMENT_3D('',#229,#5751,#5752);
#5751=DIRECTION('',(0,-0.9589969165086695,-0.28341650291905));
#5752=DIRECTION('',(1,0,0));
#5753=FACE_BOUND('',#5754,.T.);
#5754=EDGE_LOOP('',(#5755,#5756,#5757));
#5755=ORIENTED_EDGE('',*,*,#5758,.T.);
#5756=ORIENTED_EDGE('',*,*,#5759,.T.);
#5757=ORIENTED_EDGE('',*,*,#5760,.T.);
#5758=EDGE_CURVE('',#230,#310,#5761,.F.);
#5759=EDGE_CURVE('',#310,#312,#5762,.T.);
#5760=EDGE_CURVE('',#312,#230,#5763,.T.);
#5761=LINE('',#229,#5764);
#5762=LINE('',#309,#5765);
#5763=LINE('',#311,#5766);
#5764=VECTOR('',#5767,1.0);
#5765=VECTOR('',#5768,1.0);
#5766=VECTOR('',#5769,1.0);
#5767=DIRECTION('',(1,0,0));
#5768=DIRECTION('',(-0.9987200689526691,-0.014334891446031024,0.04850499725189514));
#5769=DIRECTION('',(0,0.2834165029190501,-0.9589969165086695));
#5770=STYLED_ITEM('',(#25),#5771);
#5771=FACE_SURFACE('',(#5776),#5772,.T.);
#5772=PLANE('',#5773);
#5773=AXIS2_PLACEMENT_3D('',#229,#5774,#5775);
#5774=DIRECTION('',(0,-0.9589969165086696,-0.2834165029190501));
#5775=DIRECTION('',(0,-0.2834165029190501,0.9589969165086695));
#5776=FACE_BOUND('',#5777,.T.);
#5777=EDGE_LOOP('',(#5778,#5779,#5780));
#5778=ORIENTED_EDGE('',*,*,#5781,.T.);
#5779=ORIENTED_EDGE('',*,*,#5782,.T.);
#5780=ORIENTED_EDGE('',*,*,#5783,.T.);
#5781=EDGE_CURVE('',#230,#312,#5784,.F.);
#5782=EDGE_CURVE('',#312,#234,#5785,.T.);
#5783=EDGE_CURVE('',#234,#230,#5786,.T.);
#5784=LINE('',#229,#5787);
#5785=LINE('',#311,#5788);
#5786=LINE('',#233,#5789);
#5787=VECTOR('',#5790,1.0);
#5788=VECTOR('',#5791,1.0);
#5789=VECTOR('',#5792,1.0);
#5790=DIRECTION('',(0,-0.2834165029190501,0.9589969165086695));
#5791=DIRECTION('',(-1,0,0));
#5792=DIRECTION('',(0.9987200750021135,0.014334857591590769,-0.048504882698566454));
#5793=STYLED_ITEM('',(#25),#5794);
#5794=FACE_SURFACE('',(#5799),#5795,.T.);
#5795=PLANE('',#5796);
#5796=AXIS2_PLACEMENT_3D('',#233,#5797,#5798);
#5797=DIRECTION('',(0,-0.9923295804444798,-0.12362040193626106));
#5798=DIRECTION('',(1,0,0));
#5799=FACE_BOUND('',#5800,.T.);
#5800=EDGE_LOOP('',(#5801,#5802,#5803));
#5801=ORIENTED_EDGE('',*,*,#5804,.T.);
#5802=ORIENTED_EDGE('',*,*,#5805,.T.);
#5803=ORIENTED_EDGE('',*,*,#5806,.T.);
#5804=EDGE_CURVE('',#234,#312,#5807,.F.);
#5805=EDGE_CURVE('',#312,#314,#5808,.T.);
#5806=EDGE_CURVE('',#314,#234,#5809,.T.);
#5807=LINE('',#233,#5810);
#5808=LINE('',#311,#5811);
#5809=LINE('',#313,#5812);
#5810=VECTOR('',#5813,1.0);
#5811=VECTOR('',#5814,1.0);
#5812=VECTOR('',#5815,1.0);
#5813=DIRECTION('',(1,0,0));
#5814=DIRECTION('',(-0.9987201897003936,-0.006252287664955203,0.05018856028782498));
#5815=DIRECTION('',(0,0.12362040193626105,-0.9923295804444797));
#5816=STYLED_ITEM('',(#25),#5817);
#5817=FACE_SURFACE('',(#5822),#5818,.T.);
#5818=PLANE('',#5819);
#5819=AXIS2_PLACEMENT_3D('',#233,#5820,#5821);
#5820=DIRECTION('',(0,-0.9923295804444798,-0.12362040193626106));
#5821=DIRECTION('',(0,-0.12362040193626105,0.9923295804444797));
#5822=FACE_BOUND('',#5823,.T.);
#5823=EDGE_LOOP('',(#5824,#5825,#5826));
#5824=ORIENTED_EDGE('',*,*,#5827,.T.);
#5825=ORIENTED_EDGE('',*,*,#5828,.T.);
#5826=ORIENTED_EDGE('',*,*,#5829,.T.);
#5827=EDGE_CURVE('',#234,#314,#5830,.F.);
#5828=EDGE_CURVE('',#314,#238,#5831,.T.);
#5829=EDGE_CURVE('',#238,#234,#5832,.T.);
#5830=LINE('',#233,#5833);
#5831=LINE('',#313,#5834);
#5832=LINE('',#237,#5835);
#5833=VECTOR('',#5836,1.0);
#5834=VECTOR('',#5837,1.0);
#5835=VECTOR('',#5838,1.0);
#5836=DIRECTION('',(0,-0.12362040193626105,0.9923295804444797));
#5837=DIRECTION('',(-1,0,0));
#5838=DIRECTION('',(0.9987201776025441,0.006252317196918911,-0.05018879734773334));
#5839=STYLED_ITEM('',(#25),#5840);
#5840=FACE_SURFACE('',(#5845),#5841,.T.);
#5841=PLANE('',#5842);
#5842=AXIS2_PLACEMENT_3D('',#237,#5843,#5844);
#5843=DIRECTION('',(0,-0.9992282123491388,0.03928077959440643));
#5844=DIRECTION('',(1,0,0));
#5845=FACE_BOUND('',#5846,.T.);
#5846=EDGE_LOOP('',(#5847,#5848,#5849));
#5847=ORIENTED_EDGE('',*,*,#5850,.T.);
#5848=ORIENTED_EDGE('',*,*,#5851,.T.);
#5849=ORIENTED_EDGE('',*,*,#5852,.T.);
#5850=EDGE_CURVE('',#238,#314,#5853,.F.);
#5851=EDGE_CURVE('',#314,#242,#5854,.T.);
#5852=EDGE_CURVE('',#242,#238,#5855,.T.);
#5853=LINE('',#237,#5856);
#5854=LINE('',#313,#5857);
#5855=LINE('',#241,#5858);
#5856=VECTOR('',#5859,1.0);
#5857=VECTOR('',#5860,1.0);
#5858=VECTOR('',#5861,1.0);
#5859=DIRECTION('',(1,0,0));
#5860=DIRECTION('',(-0.9998576022316951,0.0006628743688968388,0.01686226132689006));
#5861=DIRECTION('',(0.9996796910413693,-0.0009941338443809299,-0.02528887141277585));
#5862=STYLED_ITEM('',(#25),#5863);
#5863=FACE_SURFACE('',(#5868),#5864,.T.);
#5864=PLANE('',#5865);
#5865=AXIS2_PLACEMENT_3D('',#307,#5866,#5867);
#5866=DIRECTION('',(0,-0.8172942681825399,-0.57622051264769));
#5867=DIRECTION('',(0.9987202326182597,0.029142730308747707,-0.04133519358949285));
#5868=FACE_BOUND('',#5869,.T.);
#5869=EDGE_LOOP('',(#5870,#5871,#5872));
#5870=ORIENTED_EDGE('',*,*,#5873,.T.);
#5871=ORIENTED_EDGE('',*,*,#5874,.T.);
#5872=ORIENTED_EDGE('',*,*,#5875,.T.);
#5873=EDGE_CURVE('',#308,#294,#5876,.F.);
#5874=EDGE_CURVE('',#294,#296,#5877,.T.);
#5875=EDGE_CURVE('',#296,#308,#5878,.T.);
#5876=LINE('',#307,#5879);
#5877=LINE('',#293,#5880);
#5878=LINE('',#295,#5881);
#5879=VECTOR('',#5882,1.0);
#5880=VECTOR('',#5883,1.0);
#5881=VECTOR('',#5884,1.0);
#5882=DIRECTION('',(0.9987202326182597,0.029142730308747707,-0.04133519358949285));
#5883=DIRECTION('',(0,-0.5762205126476899,0.8172942681825398));
#5884=DIRECTION('',(-1,0,0));
#5885=STYLED_ITEM('',(#25),#5886);
#5886=FACE_SURFACE('',(#5891),#5887,.T.);
#5887=PLANE('',#5888);
#5888=AXIS2_PLACEMENT_3D('',#287,#5889,#5890);
#5889=DIRECTION('',(0,-0.7128335665708637,-0.701333234896124));
#5890=DIRECTION('',(0,-0.701333234896124,0.7128335665708637));
#5891=FACE_BOUND('',#5892,.T.);
#5892=EDGE_LOOP('',(#5893,#5894,#5895));
#5893=ORIENTED_EDGE('',*,*,#5896,.T.);
#5894=ORIENTED_EDGE('',*,*,#5897,.T.);
#5895=ORIENTED_EDGE('',*,*,#5898,.T.);
#5896=EDGE_CURVE('',#288,#304,#5899,.F.);
#5897=EDGE_CURVE('',#304,#292,#5900,.T.);
#5898=EDGE_CURVE('',#292,#288,#5901,.T.);
#5899=LINE('',#287,#5902);
#5900=LINE('',#303,#5903);
#5901=LINE('',#291,#5904);
#5902=VECTOR('',#5905,1.0);
#5903=VECTOR('',#5906,1.0);
#5904=VECTOR('',#5907,1.0);
#5905=DIRECTION('',(0,-0.701333234896124,0.7128335665708637));
#5906=DIRECTION('',(-1,0,0));
#5907=DIRECTION('',(0.9987198631930224,0.03547550418291745,-0.03605722488875652));
#5908=STYLED_ITEM('',(#25),#5909);
#5909=FACE_SURFACE('',(#5914),#5910,.T.);
#5910=PLANE('',#5911);
#5911=AXIS2_PLACEMENT_3D('',#291,#5912,#5913);
#5912=DIRECTION('',(0,-0.8172942681825398,-0.5762205126476899));
#5913=DIRECTION('',(1,0,0));
#5914=FACE_BOUND('',#5915,.T.);
#5915=EDGE_LOOP('',(#5916,#5917,#5918));
#5916=ORIENTED_EDGE('',*,*,#5919,.T.);
#5917=ORIENTED_EDGE('',*,*,#5920,.T.);
#5918=ORIENTED_EDGE('',*,*,#5921,.T.);
#5919=EDGE_CURVE('',#292,#304,#5922,.F.);
#5920=EDGE_CURVE('',#304,#316,#5923,.T.);
#5921=EDGE_CURVE('',#316,#292,#5924,.T.);
#5922=LINE('',#291,#5925);
#5923=LINE('',#303,#5926);
#5924=LINE('',#315,#5927);
#5925=VECTOR('',#5928,1.0);
#5926=VECTOR('',#5929,1.0);
#5927=VECTOR('',#5930,1.0);
#5928=DIRECTION('',(1,0,0));
#5929=DIRECTION('',(-0.9987202265695445,-0.029142799134926355,0.04133529121052521));
#5930=DIRECTION('',(0,0.5762205126476899,-0.8172942681825398));
#5931=STYLED_ITEM('',(#25),#5932);
#5932=FACE_SURFACE('',(#5937),#5933,.T.);
#5933=PLANE('',#5934);
#5934=AXIS2_PLACEMENT_3D('',#291,#5935,#5936);
#5935=DIRECTION('',(0,-0.8172942681825398,-0.5762205126476899));
#5936=DIRECTION('',(0,-0.5762205126476899,0.8172942681825398));
#5937=FACE_BOUND('',#5938,.T.);
#5938=EDGE_LOOP('',(#5939,#5940,#5941));
#5939=ORIENTED_EDGE('',*,*,#5942,.T.);
#5940=ORIENTED_EDGE('',*,*,#5943,.T.);
#5941=ORIENTED_EDGE('',*,*,#5944,.T.);
#5942=EDGE_CURVE('',#292,#316,#5945,.F.);
#5943=EDGE_CURVE('',#316,#272,#5946,.T.);
#5944=EDGE_CURVE('',#272,#292,#5947,.T.);
#5945=LINE('',#291,#5948);
#5946=LINE('',#315,#5949);
#5947=LINE('',#271,#5950);
#5948=VECTOR('',#5951,1.0);
#5949=VECTOR('',#5952,1.0);
#5950=VECTOR('',#5953,1.0);
#5951=DIRECTION('',(0,-0.5762205126476899,0.8172942681825398));
#5952=DIRECTION('',(-1,0,0));
#5953=DIRECTION('',(0.9987202386669319,0.02914266148289373,-0.041335095968920994));
#5954=STYLED_ITEM('',(#25),#5955);
#5955=FACE_SURFACE('',(#5960),#5956,.T.);
#5956=PLANE('',#5957);
#5957=AXIS2_PLACEMENT_3D('',#271,#5958,#5959);
#5958=DIRECTION('',(0,-0.9000776187282582,-0.4357295953506811));
#5959=DIRECTION('',(1,0,0));
#5960=FACE_BOUND('',#5961,.T.);
#5961=EDGE_LOOP('',(#5962,#5963,#5964));
#5962=ORIENTED_EDGE('',*,*,#5965,.T.);
#5963=ORIENTED_EDGE('',*,*,#5966,.T.);
#5964=ORIENTED_EDGE('',*,*,#5967,.T.);
#5965=EDGE_CURVE('',#272,#316,#5968,.F.);
#5966=EDGE_CURVE('',#316,#268,#5969,.T.);
#5967=EDGE_CURVE('',#268,#272,#5970,.T.);
#5968=LINE('',#271,#5971);
#5969=LINE('',#315,#5972);
#5970=LINE('',#267,#5973);
#5971=VECTOR('',#5974,1.0);
#5972=VECTOR('',#5975,1.0);
#5973=VECTOR('',#5976,1.0);
#5974=DIRECTION('',(1,0,0));
#5975=DIRECTION('',(-0.99872057583704,-0.022034356651567298,0.045515915092226585));
#5976=DIRECTION('',(0,0.4357295953506811,-0.9000776187282583));
#5977=STYLED_ITEM('',(#25),#5978);
#5978=FACE_SURFACE('',(#5983),#5979,.T.);
#5979=PLANE('',#5980);
#5980=AXIS2_PLACEMENT_3D('',#315,#5981,#5982);
#5981=DIRECTION('',(0,-0.8172942681825398,-0.5762205126476899));
#5982=DIRECTION('',(0.9987202265695445,0.029142799134926355,-0.04133529121052521));
#5983=FACE_BOUND('',#5984,.T.);
#5984=EDGE_LOOP('',(#5985,#5986,#5987));
#5985=ORIENTED_EDGE('',*,*,#5988,.T.);
#5986=ORIENTED_EDGE('',*,*,#5989,.T.);
#5987=ORIENTED_EDGE('',*,*,#5990,.T.);
#5988=EDGE_CURVE('',#316,#304,#5991,.F.);
#5989=EDGE_CURVE('',#304,#306,#5992,.T.);
#5990=EDGE_CURVE('',#306,#316,#5993,.T.);
#5991=LINE('',#315,#5994);
#5992=LINE('',#303,#5995);
#5993=LINE('',#305,#5996);
#5994=VECTOR('',#5997,1.0);
#5995=VECTOR('',#5998,1.0);
#5996=VECTOR('',#5999,1.0);
#5997=DIRECTION('',(0.9987202265695445,0.029142799134926355,-0.04133529121052521));
#5998=DIRECTION('',(0,-0.5762205126476899,0.8172942681825398));
#5999=DIRECTION('',(-1,0,0));
#6000=STYLED_ITEM('',(#25),#6001);
#6001=FACE_SURFACE('',(#6006),#6002,.T.);
#6002=PLANE('',#6003);
#6003=AXIS2_PLACEMENT_3D('',#307,#6004,#6005);
#6004=DIRECTION('',(0,-0.9000776187282582,-0.4357295953506811));
#6005=DIRECTION('',(1,0,0));
#6006=FACE_BOUND('',#6007,.T.);
#6007=EDGE_LOOP('',(#6008,#6009,#6010));
#6008=ORIENTED_EDGE('',*,*,#6011,.T.);
#6009=ORIENTED_EDGE('',*,*,#6012,.T.);
#6010=ORIENTED_EDGE('',*,*,#6013,.T.);
#6011=EDGE_CURVE('',#308,#296,#6014,.F.);
#6012=EDGE_CURVE('',#296,#318,#6015,.T.);
#6013=EDGE_CURVE('',#318,#308,#6016,.T.);
#6014=LINE('',#307,#6017);
#6015=LINE('',#295,#6018);
#6016=LINE('',#317,#6019);
#6017=VECTOR('',#6020,1.0);
#6018=VECTOR('',#6021,1.0);
#6019=VECTOR('',#6022,1.0);
#6020=DIRECTION('',(1,0,0));
#6021=DIRECTION('',(-0.9987205697899583,-0.02203440868986305,0.04551602258665851));
#6022=DIRECTION('',(0,0.4357295953506811,-0.9000776187282583));
#6023=STYLED_ITEM('',(#25),#6024);
#6024=FACE_SURFACE('',(#6029),#6025,.T.);
#6025=PLANE('',#6026);
#6026=AXIS2_PLACEMENT_3D('',#317,#6027,#6028);
#6027=DIRECTION('',(0,-0.9000776187282582,-0.4357295953506811));
#6028=DIRECTION('',(0.9987205697899583,0.02203440868986305,-0.04551602258665851));
#6029=FACE_BOUND('',#6030,.T.);
#6030=EDGE_LOOP('',(#6031,#6032,#6033));
#6031=ORIENTED_EDGE('',*,*,#6034,.T.);
#6032=ORIENTED_EDGE('',*,*,#6035,.T.);
#6033=ORIENTED_EDGE('',*,*,#6036,.T.);
#6034=EDGE_CURVE('',#318,#296,#6037,.F.);
#6035=EDGE_CURVE('',#296,#298,#6038,.T.);
#6036=EDGE_CURVE('',#298,#318,#6039,.T.);
#6037=LINE('',#317,#6040);
#6038=LINE('',#295,#6041);
#6039=LINE('',#297,#6042);
#6040=VECTOR('',#6043,1.0);
#6041=VECTOR('',#6044,1.0);
#6042=VECTOR('',#6045,1.0);
#6043=DIRECTION('',(0.9987205697899583,0.02203440868986305,-0.04551602258665851));
#6044=DIRECTION('',(0,-0.4357295953506811,0.9000776187282583));
#6045=DIRECTION('',(-1,0,0));
#6046=STYLED_ITEM('',(#25),#6047);
#6047=FACE_SURFACE('',(#6052),#6048,.T.);
#6048=PLANE('',#6049);
#6049=AXIS2_PLACEMENT_3D('',#317,#6050,#6051);
#6050=DIRECTION('',(0,-0.9589969165086695,-0.28341650291905));
#6051=DIRECTION('',(1,0,0));
#6052=FACE_BOUND('',#6053,.T.);
#6053=EDGE_LOOP('',(#6054,#6055,#6056));
#6054=ORIENTED_EDGE('',*,*,#6057,.T.);
#6055=ORIENTED_EDGE('',*,*,#6058,.T.);
#6056=ORIENTED_EDGE('',*,*,#6059,.T.);
#6057=EDGE_CURVE('',#318,#298,#6060,.F.);
#6058=EDGE_CURVE('',#298,#320,#6061,.T.);
#6059=EDGE_CURVE('',#320,#318,#6062,.T.);
#6060=LINE('',#317,#6063);
#6061=LINE('',#297,#6064);
#6062=LINE('',#319,#6065);
#6063=VECTOR('',#6066,1.0);
#6064=VECTOR('',#6067,1.0);
#6065=VECTOR('',#6068,1.0);
#6066=DIRECTION('',(1,0,0));
#6067=DIRECTION('',(-0.9987200689526691,-0.014334891446031024,0.04850499725189514));
#6068=DIRECTION('',(0,0.2834165029190501,-0.9589969165086695));
#6069=STYLED_ITEM('',(#25),#6070);
#6070=FACE_SURFACE('',(#6075),#6071,.T.);
#6071=PLANE('',#6072);
#6072=AXIS2_PLACEMENT_3D('',#319,#6073,#6074);
#6073=DIRECTION('',(0,-0.9589969165086695,-0.28341650291905));
#6074=DIRECTION('',(0.9987200689526691,0.014334891446031024,-0.04850499725189514));
#6075=FACE_BOUND('',#6076,.T.);
#6076=EDGE_LOOP('',(#6077,#6078,#6079));
#6077=ORIENTED_EDGE('',*,*,#6080,.T.);
#6078=ORIENTED_EDGE('',*,*,#6081,.T.);
#6079=ORIENTED_EDGE('',*,*,#6082,.T.);
#6080=EDGE_CURVE('',#320,#298,#6083,.F.);
#6081=EDGE_CURVE('',#298,#262,#6084,.T.);
#6082=EDGE_CURVE('',#262,#320,#6085,.T.);
#6083=LINE('',#319,#6086);
#6084=LINE('',#297,#6087);
#6085=LINE('',#261,#6088);
#6086=VECTOR('',#6089,1.0);
#6087=VECTOR('',#6090,1.0);
#6088=VECTOR('',#6091,1.0);
#6089=DIRECTION('',(0.9987200689526691,0.014334891446031024,-0.04850499725189514));
#6090=DIRECTION('',(0,-0.2834165029190501,0.9589969165086695));
#6091=DIRECTION('',(-1,0,0));
#6092=STYLED_ITEM('',(#25),#6093);
#6093=FACE_SURFACE('',(#6098),#6094,.T.);
#6094=PLANE('',#6095);
#6095=AXIS2_PLACEMENT_3D('',#319,#6096,#6097);
#6096=DIRECTION('',(0,-0.9923295804444797,-0.12362040193626105));
#6097=DIRECTION('',(1,0,0));
#6098=FACE_BOUND('',#6099,.T.);
#6099=EDGE_LOOP('',(#6100,#6101,#6102));
#6100=ORIENTED_EDGE('',*,*,#6103,.T.);
#6101=ORIENTED_EDGE('',*,*,#6104,.T.);
#6102=ORIENTED_EDGE('',*,*,#6105,.T.);
#6103=EDGE_CURVE('',#320,#262,#6106,.F.);
#6104=EDGE_CURVE('',#262,#258,#6107,.T.);
#6105=EDGE_CURVE('',#258,#320,#6108,.T.);
#6106=LINE('',#319,#6109);
#6107=LINE('',#261,#6110);
#6108=LINE('',#257,#6111);
#6109=VECTOR('',#6112,1.0);
#6110=VECTOR('',#6113,1.0);
#6111=VECTOR('',#6114,1.0);
#6112=DIRECTION('',(1,0,0));
#6113=DIRECTION('',(-0.9987201836514902,-0.006252302430902229,0.05018867881749959));
#6114=DIRECTION('',(0,0.12362040193626105,-0.9923295804444797));
#6115=STYLED_ITEM('',(#25),#6116);
#6116=FACE_SURFACE('',(#6121),#6117,.T.);
#6117=PLANE('',#6118);
#6118=AXIS2_PLACEMENT_3D('',#315,#6119,#6120);
#6119=DIRECTION('',(0,-0.9000776187282581,-0.43572959535068106));
#6120=DIRECTION('',(1,0,0));
#6121=FACE_BOUND('',#6122,.T.);
#6122=EDGE_LOOP('',(#6123,#6124,#6125));
#6123=ORIENTED_EDGE('',*,*,#6126,.T.);
#6124=ORIENTED_EDGE('',*,*,#6127,.T.);
#6125=ORIENTED_EDGE('',*,*,#6128,.T.);
#6126=EDGE_CURVE('',#316,#306,#6129,.F.);
#6127=EDGE_CURVE('',#306,#322,#6130,.T.);
#6128=EDGE_CURVE('',#322,#316,#6131,.T.);
#6129=LINE('',#315,#6132);
#6130=LINE('',#305,#6133);
#6131=LINE('',#321,#6134);
#6132=VECTOR('',#6135,1.0);
#6133=VECTOR('',#6136,1.0);
#6134=VECTOR('',#6137,1.0);
#6135=DIRECTION('',(1,0,0));
#6136=DIRECTION('',(-0.9987205637428337,-0.02203446072840429,0.04551613008159753));
#6137=DIRECTION('',(0,0.4357295953506811,-0.9000776187282583));
#6138=STYLED_ITEM('',(#25),#6139);
#6139=FACE_SURFACE('',(#6144),#6140,.T.);
#6140=PLANE('',#6141);
#6141=AXIS2_PLACEMENT_3D('',#321,#6142,#6143);
#6142=DIRECTION('',(0,-0.9000776187282581,-0.43572959535068106));
#6143=DIRECTION('',(0.9987205637428337,0.02203446072840429,-0.04551613008159753));
#6144=FACE_BOUND('',#6145,.T.);
#6145=EDGE_LOOP('',(#6146,#6147,#6148));
#6146=ORIENTED_EDGE('',*,*,#6149,.T.);
#6147=ORIENTED_EDGE('',*,*,#6150,.T.);
#6148=ORIENTED_EDGE('',*,*,#6151,.T.);
#6149=EDGE_CURVE('',#322,#306,#6152,.F.);
#6150=EDGE_CURVE('',#306,#232,#6153,.T.);
#6151=EDGE_CURVE('',#232,#322,#6154,.T.);
#6152=LINE('',#321,#6155);
#6153=LINE('',#305,#6156);
#6154=LINE('',#231,#6157);
#6155=VECTOR('',#6158,1.0);
#6156=VECTOR('',#6159,1.0);
#6157=VECTOR('',#6160,1.0);
#6158=DIRECTION('',(0.9987205637428337,0.02203446072840429,-0.04551613008159753));
#6159=DIRECTION('',(0,-0.4357295953506811,0.9000776187282583));
#6160=DIRECTION('',(-1,0,0));
#6161=STYLED_ITEM('',(#25),#6162);
#6162=FACE_SURFACE('',(#6167),#6163,.T.);
#6163=PLANE('',#6164);
#6164=AXIS2_PLACEMENT_3D('',#321,#6165,#6166);
#6165=DIRECTION('',(0,-0.9589969165086695,-0.28341650291905));
#6166=DIRECTION('',(1,0,0));
#6167=FACE_BOUND('',#6168,.T.);
#6168=EDGE_LOOP('',(#6169,#6170,#6171));
#6169=ORIENTED_EDGE('',*,*,#6172,.T.);
#6170=ORIENTED_EDGE('',*,*,#6173,.T.);
#6171=ORIENTED_EDGE('',*,*,#6174,.T.);
#6172=EDGE_CURVE('',#322,#232,#6175,.F.);
#6173=EDGE_CURVE('',#232,#236,#6176,.T.);
#6174=EDGE_CURVE('',#236,#322,#6177,.T.);
#6175=LINE('',#321,#6178);
#6176=LINE('',#231,#6179);
#6177=LINE('',#235,#6180);
#6178=VECTOR('',#6181,1.0);
#6179=VECTOR('',#6182,1.0);
#6180=VECTOR('',#6183,1.0);
#6181=DIRECTION('',(1,0,0));
#6182=DIRECTION('',(-0.9987200629031819,-0.014334925300630979,0.04850511180576421));
#6183=DIRECTION('',(0,0.2834165029190501,-0.9589969165086695));
#6184=STYLED_ITEM('',(#25),#6185);
#6185=FACE_SURFACE('',(#6190),#6186,.T.);
#6186=PLANE('',#6187);
#6187=AXIS2_PLACEMENT_3D('',#307,#6188,#6189);
#6188=DIRECTION('',(0,-0.9000776187282582,-0.4357295953506811));
#6189=DIRECTION('',(0,-0.4357295953506811,0.9000776187282583));
#6190=FACE_BOUND('',#6191,.T.);
#6191=EDGE_LOOP('',(#6192,#6193,#6194));
#6192=ORIENTED_EDGE('',*,*,#6195,.T.);
#6193=ORIENTED_EDGE('',*,*,#6196,.T.);
#6194=ORIENTED_EDGE('',*,*,#6197,.T.);
#6195=EDGE_CURVE('',#308,#318,#6198,.F.);
#6196=EDGE_CURVE('',#318,#310,#6199,.T.);
#6197=EDGE_CURVE('',#310,#308,#6200,.T.);
#6198=LINE('',#307,#6201);
#6199=LINE('',#317,#6202);
#6200=LINE('',#309,#6203);
#6201=VECTOR('',#6204,1.0);
#6202=VECTOR('',#6205,1.0);
#6203=VECTOR('',#6206,1.0);
#6204=DIRECTION('',(0,-0.4357295953506811,0.9000776187282583));
#6205=DIRECTION('',(-1,0,0));
#6206=DIRECTION('',(0.9987205697899583,0.02203440868986305,-0.04551602258665851));
#6207=STYLED_ITEM('',(#25),#6208);
#6208=FACE_SURFACE('',(#6213),#6209,.T.);
#6209=PLANE('',#6210);
#6210=AXIS2_PLACEMENT_3D('',#309,#6211,#6212);
#6211=DIRECTION('',(0,-0.9589969165086695,-0.28341650291905));
#6212=DIRECTION('',(1,0,0));
#6213=FACE_BOUND('',#6214,.T.);
#6214=EDGE_LOOP('',(#6215,#6216,#6217));
#6215=ORIENTED_EDGE('',*,*,#6218,.T.);
#6216=ORIENTED_EDGE('',*,*,#6219,.T.);
#6217=ORIENTED_EDGE('',*,*,#6220,.T.);
#6218=EDGE_CURVE('',#310,#318,#6221,.F.);
#6219=EDGE_CURVE('',#318,#324,#6222,.T.);
#6220=EDGE_CURVE('',#324,#310,#6223,.T.);
#6221=LINE('',#309,#6224);
#6222=LINE('',#317,#6225);
#6223=LINE('',#323,#6226);
#6224=VECTOR('',#6227,1.0);
#6225=VECTOR('',#6228,1.0);
#6226=VECTOR('',#6229,1.0);
#6227=DIRECTION('',(1,0,0));
#6228=DIRECTION('',(-0.9987200689526691,-0.014334891446031024,0.04850499725189514));
#6229=DIRECTION('',(0,0.2834165029190501,-0.9589969165086695));
#6230=STYLED_ITEM('',(#25),#6231);
#6231=FACE_SURFACE('',(#6236),#6232,.T.);
#6232=PLANE('',#6233);
#6233=AXIS2_PLACEMENT_3D('',#309,#6234,#6235);
#6234=DIRECTION('',(0,-0.9589969165086695,-0.28341650291905));
#6235=DIRECTION('',(0,-0.2834165029190501,0.9589969165086695));
#6236=FACE_BOUND('',#6237,.T.);
#6237=EDGE_LOOP('',(#6238,#6239,#6240));
#6238=ORIENTED_EDGE('',*,*,#6241,.T.);
#6239=ORIENTED_EDGE('',*,*,#6242,.T.);
#6240=ORIENTED_EDGE('',*,*,#6243,.T.);
#6241=EDGE_CURVE('',#310,#324,#6244,.F.);
#6242=EDGE_CURVE('',#324,#312,#6245,.T.);
#6243=EDGE_CURVE('',#312,#310,#6246,.T.);
#6244=LINE('',#309,#6247);
#6245=LINE('',#323,#6248);
#6246=LINE('',#311,#6249);
#6247=VECTOR('',#6250,1.0);
#6248=VECTOR('',#6251,1.0);
#6249=VECTOR('',#6252,1.0);
#6250=DIRECTION('',(0,-0.2834165029190501,0.9589969165086695));
#6251=DIRECTION('',(-1,0,0));
#6252=DIRECTION('',(0.9987200689526691,0.014334891446031024,-0.04850499725189514));
#6253=STYLED_ITEM('',(#25),#6254);
#6254=FACE_SURFACE('',(#6259),#6255,.T.);
#6255=PLANE('',#6256);
#6256=AXIS2_PLACEMENT_3D('',#311,#6257,#6258);
#6257=DIRECTION('',(0,-0.9923295804444797,-0.12362040193626105));
#6258=DIRECTION('',(1,0,0));
#6259=FACE_BOUND('',#6260,.T.);
#6260=EDGE_LOOP('',(#6261,#6262,#6263));
#6261=ORIENTED_EDGE('',*,*,#6264,.T.);
#6262=ORIENTED_EDGE('',*,*,#6265,.T.);
#6263=ORIENTED_EDGE('',*,*,#6266,.T.);
#6264=EDGE_CURVE('',#312,#324,#6267,.F.);
#6265=EDGE_CURVE('',#324,#326,#6268,.T.);
#6266=EDGE_CURVE('',#326,#312,#6269,.T.);
#6267=LINE('',#311,#6270);
#6268=LINE('',#323,#6271);
#6269=LINE('',#325,#6272);
#6270=VECTOR('',#6273,1.0);
#6271=VECTOR('',#6274,1.0);
#6272=VECTOR('',#6275,1.0);
#6273=DIRECTION('',(1,0,0));
#6274=DIRECTION('',(-0.9987201836514902,-0.006252302430902229,0.05018867881749959));
#6275=DIRECTION('',(0,0.12362040193626105,-0.9923295804444797));
#6276=STYLED_ITEM('',(#25),#6277);
#6277=FACE_SURFACE('',(#6282),#6278,.T.);
#6278=PLANE('',#6279);
#6279=AXIS2_PLACEMENT_3D('',#311,#6280,#6281);
#6280=DIRECTION('',(0,-0.9923295804444798,-0.12362040193626106));
#6281=DIRECTION('',(0,-0.12362040193626105,0.9923295804444797));
#6282=FACE_BOUND('',#6283,.T.);
#6283=EDGE_LOOP('',(#6284,#6285,#6286));
#6284=ORIENTED_EDGE('',*,*,#6287,.T.);
#6285=ORIENTED_EDGE('',*,*,#6288,.T.);
#6286=ORIENTED_EDGE('',*,*,#6289,.T.);
#6287=EDGE_CURVE('',#312,#326,#6290,.F.);
#6288=EDGE_CURVE('',#326,#314,#6291,.T.);
#6289=EDGE_CURVE('',#314,#312,#6292,.T.);
#6290=LINE('',#311,#6293);
#6291=LINE('',#325,#6294);
#6292=LINE('',#313,#6295);
#6293=VECTOR('',#6296,1.0);
#6294=VECTOR('',#6297,1.0);
#6295=VECTOR('',#6298,1.0);
#6296=DIRECTION('',(0,-0.12362040193626105,0.9923295804444797));
#6297=DIRECTION('',(-1,0,0));
#6298=DIRECTION('',(0.9987201897003936,0.006252287664955203,-0.05018856028782498));
#6299=STYLED_ITEM('',(#25),#6300);
#6300=FACE_SURFACE('',(#6305),#6301,.T.);
#6301=PLANE('',#6302);
#6302=AXIS2_PLACEMENT_3D('',#313,#6303,#6304);
#6303=DIRECTION('',(0,-0.9992282123491388,0.03928077959440643));
#6304=DIRECTION('',(1,0,0));
#6305=FACE_BOUND('',#6306,.T.);
#6306=EDGE_LOOP('',(#6307,#6308,#6309));
#6307=ORIENTED_EDGE('',*,*,#6310,.T.);
#6308=ORIENTED_EDGE('',*,*,#6311,.T.);
#6309=ORIENTED_EDGE('',*,*,#6312,.T.);
#6310=EDGE_CURVE('',#314,#326,#6313,.F.);
#6311=EDGE_CURVE('',#326,#242,#6314,.T.);
#6312=EDGE_CURVE('',#242,#314,#6315,.T.);
#6313=LINE('',#313,#6316);
#6314=LINE('',#325,#6317);
#6315=LINE('',#241,#6318);
#6316=VECTOR('',#6319,1.0);
#6317=VECTOR('',#6320,1.0);
#6318=VECTOR('',#6321,1.0);
#6319=DIRECTION('',(1,0,0));
#6320=DIRECTION('',(-0.9999198938962284,0.0004971863573403797,0.012647473909106229));
#6321=DIRECTION('',(0.9998576022316951,-0.0006628743688968388,-0.01686226132689006));
#6322=STYLED_ITEM('',(#25),#6323);
#6323=FACE_SURFACE('',(#6328),#6324,.T.);
#6324=PLANE('',#6325);
#6325=AXIS2_PLACEMENT_3D('',#323,#6326,#6327);
#6326=DIRECTION('',(0,-0.9589969165086695,-0.28341650291905));
#6327=DIRECTION('',(0.9987200689526691,0.014334891446031024,-0.04850499725189514));
#6328=FACE_BOUND('',#6329,.T.);
#6329=EDGE_LOOP('',(#6330,#6331,#6332));
#6330=ORIENTED_EDGE('',*,*,#6333,.T.);
#6331=ORIENTED_EDGE('',*,*,#6334,.T.);
#6332=ORIENTED_EDGE('',*,*,#6335,.T.);
#6333=EDGE_CURVE('',#324,#318,#6336,.F.);
#6334=EDGE_CURVE('',#318,#320,#6337,.T.);
#6335=EDGE_CURVE('',#320,#324,#6338,.T.);
#6336=LINE('',#323,#6339);
#6337=LINE('',#317,#6340);
#6338=LINE('',#319,#6341);
#6339=VECTOR('',#6342,1.0);
#6340=VECTOR('',#6343,1.0);
#6341=VECTOR('',#6344,1.0);
#6342=DIRECTION('',(0.9987200689526691,0.014334891446031024,-0.04850499725189514));
#6343=DIRECTION('',(0,-0.2834165029190501,0.9589969165086695));
#6344=DIRECTION('',(-1,0,0));
#6345=STYLED_ITEM('',(#25),#6346);
#6346=FACE_SURFACE('',(#6351),#6347,.T.);
#6347=PLANE('',#6348);
#6348=AXIS2_PLACEMENT_3D('',#263,#6349,#6350);
#6349=DIRECTION('',(0,-0.9589969165086696,-0.2834165029190501));
#6350=DIRECTION('',(0,0.2834165029190501,-0.9589969165086695));
#6351=FACE_BOUND('',#6352,.T.);
#6352=EDGE_LOOP('',(#6353,#6354,#6355));
#6353=ORIENTED_EDGE('',*,*,#6356,.T.);
#6354=ORIENTED_EDGE('',*,*,#6357,.T.);
#6355=ORIENTED_EDGE('',*,*,#6358,.T.);
#6356=EDGE_CURVE('',#264,#268,#6359,.F.);
#6357=EDGE_CURVE('',#268,#322,#6360,.T.);
#6358=EDGE_CURVE('',#322,#264,#6361,.T.);
#6359=LINE('',#263,#6362);
#6360=LINE('',#267,#6363);
#6361=LINE('',#321,#6364);
#6362=VECTOR('',#6365,1.0);
#6363=VECTOR('',#6366,1.0);
#6364=VECTOR('',#6367,1.0);
#6365=DIRECTION('',(0,0.2834165029190501,-0.9589969165086695));
#6366=DIRECTION('',(1,0,0));
#6367=DIRECTION('',(-0.9987200750021135,-0.014334857591590769,0.048504882698566454));
#6368=STYLED_ITEM('',(#25),#6369);
#6369=FACE_SURFACE('',(#6374),#6370,.T.);
#6370=PLANE('',#6371);
#6371=AXIS2_PLACEMENT_3D('',#321,#6372,#6373);
#6372=DIRECTION('',(-0,-0.9000776187282582,-0.4357295953506811));
#6373=DIRECTION('',(-1,0,0));
#6374=FACE_BOUND('',#6375,.T.);
#6375=EDGE_LOOP('',(#6376,#6377,#6378));
#6376=ORIENTED_EDGE('',*,*,#6379,.T.);
#6377=ORIENTED_EDGE('',*,*,#6380,.T.);
#6378=ORIENTED_EDGE('',*,*,#6381,.T.);
#6379=EDGE_CURVE('',#322,#268,#6382,.F.);
#6380=EDGE_CURVE('',#268,#316,#6383,.T.);
#6381=EDGE_CURVE('',#316,#322,#6384,.T.);
#6382=LINE('',#321,#6385);
#6383=LINE('',#267,#6386);
#6384=LINE('',#315,#6387);
#6385=VECTOR('',#6388,1.0);
#6386=VECTOR('',#6389,1.0);
#6387=VECTOR('',#6390,1.0);
#6388=DIRECTION('',(-1,0,0));
#6389=DIRECTION('',(0.99872057583704,0.022034356651567298,-0.045515915092226585));
#6390=DIRECTION('',(0,-0.4357295953506811,0.9000776187282583));
#6391=STYLED_ITEM('',(#25),#6392);
#6392=FACE_SURFACE('',(#6397),#6393,.T.);
#6393=PLANE('',#6394);
#6394=AXIS2_PLACEMENT_3D('',#263,#6395,#6396);
#6395=DIRECTION('',(0,-0.9589969165086696,-0.2834165029190501));
#6396=DIRECTION('',(0.9987200750021135,0.014334857591590769,-0.048504882698566454));
#6397=FACE_BOUND('',#6398,.T.);
#6398=EDGE_LOOP('',(#6399,#6400,#6401));
#6399=ORIENTED_EDGE('',*,*,#6402,.T.);
#6400=ORIENTED_EDGE('',*,*,#6403,.T.);
#6401=ORIENTED_EDGE('',*,*,#6404,.T.);
#6402=EDGE_CURVE('',#264,#322,#6405,.F.);
#6403=EDGE_CURVE('',#322,#236,#6406,.T.);
#6404=EDGE_CURVE('',#236,#264,#6407,.T.);
#6405=LINE('',#263,#6408);
#6406=LINE('',#321,#6409);
#6407=LINE('',#235,#6410);
#6408=VECTOR('',#6411,1.0);
#6409=VECTOR('',#6412,1.0);
#6410=VECTOR('',#6413,1.0);
#6411=DIRECTION('',(0.9987200750021135,0.014334857591590769,-0.048504882698566454));
#6412=DIRECTION('',(0,-0.2834165029190501,0.9589969165086695));
#6413=DIRECTION('',(-1,0,0));
#6414=STYLED_ITEM('',(#25),#6415);
#6415=FACE_SURFACE('',(#6420),#6416,.T.);
#6416=PLANE('',#6417);
#6417=AXIS2_PLACEMENT_3D('',#259,#6418,#6419);
#6418=DIRECTION('',(0,-0.9923295804444797,-0.12362040193626105));
#6419=DIRECTION('',(0.9987201836514902,0.006252302430902229,-0.05018867881749959));
#6420=FACE_BOUND('',#6421,.T.);
#6421=EDGE_LOOP('',(#6422,#6423,#6424));
#6422=ORIENTED_EDGE('',*,*,#6425,.T.);
#6423=ORIENTED_EDGE('',*,*,#6426,.T.);
#6424=ORIENTED_EDGE('',*,*,#6427,.T.);
#6425=EDGE_CURVE('',#260,#252,#6428,.F.);
#6426=EDGE_CURVE('',#252,#254,#6429,.T.);
#6427=EDGE_CURVE('',#254,#260,#6430,.T.);
#6428=LINE('',#259,#6431);
#6429=LINE('',#251,#6432);
#6430=LINE('',#253,#6433);
#6431=VECTOR('',#6434,1.0);
#6432=VECTOR('',#6435,1.0);
#6433=VECTOR('',#6436,1.0);
#6434=DIRECTION('',(0.9987201836514902,0.006252302430902229,-0.05018867881749959));
#6435=DIRECTION('',(0,-0.12362040193626105,0.9923295804444797));
#6436=DIRECTION('',(-1,0,0));
#6437=STYLED_ITEM('',(#25),#6438);
#6438=FACE_SURFACE('',(#6443),#6439,.T.);
#6439=PLANE('',#6440);
#6440=AXIS2_PLACEMENT_3D('',#257,#6441,#6442);
#6441=DIRECTION('',(-0,-0.9923295804444797,-0.12362040193626105));
#6442=DIRECTION('',(-1,0,0));
#6443=FACE_BOUND('',#6444,.T.);
#6444=EDGE_LOOP('',(#6445,#6446,#6447));
#6445=ORIENTED_EDGE('',*,*,#6448,.T.);
#6446=ORIENTED_EDGE('',*,*,#6449,.T.);
#6447=ORIENTED_EDGE('',*,*,#6450,.T.);
#6448=EDGE_CURVE('',#258,#256,#6451,.F.);
#6449=EDGE_CURVE('',#256,#320,#6452,.T.);
#6450=EDGE_CURVE('',#320,#258,#6453,.T.);
#6451=LINE('',#257,#6454);
#6452=LINE('',#255,#6455);
#6453=LINE('',#319,#6456);
#6454=VECTOR('',#6457,1.0);
#6455=VECTOR('',#6458,1.0);
#6456=VECTOR('',#6459,1.0);
#6457=DIRECTION('',(-1,0,0));
#6458=DIRECTION('',(0.9987201836514902,0.006252302430902229,-0.05018867881749959));
#6459=DIRECTION('',(0,-0.12362040193626105,0.9923295804444797));
#6460=STYLED_ITEM('',(#25),#6461);
#6461=FACE_SURFACE('',(#6466),#6462,.T.);
#6462=PLANE('',#6463);
#6463=AXIS2_PLACEMENT_3D('',#319,#6464,#6465);
#6464=DIRECTION('',(-0,-0.9923295804444797,-0.12362040193626105));
#6465=DIRECTION('',(-0.9987201836514902,-0.006252302430902229,0.05018867881749959));
#6466=FACE_BOUND('',#6467,.T.);
#6467=EDGE_LOOP('',(#6468,#6469,#6470));
#6468=ORIENTED_EDGE('',*,*,#6471,.T.);
#6469=ORIENTED_EDGE('',*,*,#6472,.T.);
#6470=ORIENTED_EDGE('',*,*,#6473,.T.);
#6471=EDGE_CURVE('',#320,#256,#6474,.F.);
#6472=EDGE_CURVE('',#256,#324,#6475,.T.);
#6473=EDGE_CURVE('',#324,#320,#6476,.T.);
#6474=LINE('',#319,#6477);
#6475=LINE('',#255,#6478);
#6476=LINE('',#323,#6479);
#6477=VECTOR('',#6480,1.0);
#6478=VECTOR('',#6481,1.0);
#6479=VECTOR('',#6482,1.0);
#6480=DIRECTION('',(-0.9987201836514902,-0.006252302430902229,0.05018867881749959));
#6481=DIRECTION('',(0,0.12362040193626105,-0.9923295804444797));
#6482=DIRECTION('',(1,0,0));
#6483=STYLED_ITEM('',(#25),#6484);
#6484=FACE_SURFACE('',(#6489),#6485,.T.);
#6485=PLANE('',#6486);
#6486=AXIS2_PLACEMENT_3D('',#239,#6487,#6488);
#6487=DIRECTION('',(0,-0.9923295804444798,-0.12362040193626106));
#6488=DIRECTION('',(0,0.12362040193626105,-0.9923295804444797));
#6489=FACE_BOUND('',#6490,.T.);
#6490=EDGE_LOOP('',(#6491,#6492,#6493));
#6491=ORIENTED_EDGE('',*,*,#6494,.T.);
#6492=ORIENTED_EDGE('',*,*,#6495,.T.);
#6493=ORIENTED_EDGE('',*,*,#6496,.T.);
#6494=EDGE_CURVE('',#240,#264,#6497,.F.);
#6495=EDGE_CURVE('',#264,#236,#6498,.T.);
#6496=EDGE_CURVE('',#236,#240,#6499,.T.);
#6497=LINE('',#239,#6500);
#6498=LINE('',#263,#6501);
#6499=LINE('',#235,#6502);
#6500=VECTOR('',#6503,1.0);
#6501=VECTOR('',#6504,1.0);
#6502=VECTOR('',#6505,1.0);
#6503=DIRECTION('',(0,0.12362040193626105,-0.9923295804444797));
#6504=DIRECTION('',(1,0,0));
#6505=DIRECTION('',(-0.9987201897003936,-0.006252287664955203,0.05018856028782498));
#6506=STYLED_ITEM('',(#25),#6507);
#6507=FACE_SURFACE('',(#6512),#6508,.T.);
#6508=PLANE('',#6509);
#6509=AXIS2_PLACEMENT_3D('',#199,#6510,#6511);
#6510=DIRECTION('',(0,-0.9992282123491387,0.03928077959440643));
#6511=DIRECTION('',(-0.9996796910413693,-0.0009941338443809299,-0.02528887141277585));
#6512=FACE_BOUND('',#6513,.T.);
#6513=EDGE_LOOP('',(#6514,#6515,#6516));
#6514=ORIENTED_EDGE('',*,*,#6517,.T.);
#6515=ORIENTED_EDGE('',*,*,#6518,.T.);
#6516=ORIENTED_EDGE('',*,*,#6519,.T.);
#6517=EDGE_CURVE('',#200,#260,#6520,.F.);
#6518=EDGE_CURVE('',#260,#254,#6521,.T.);
#6519=EDGE_CURVE('',#254,#200,#6522,.T.);
#6520=LINE('',#199,#6523);
#6521=LINE('',#259,#6524);
#6522=LINE('',#253,#6525);
#6523=VECTOR('',#6526,1.0);
#6524=VECTOR('',#6527,1.0);
#6525=VECTOR('',#6528,1.0);
#6526=DIRECTION('',(-0.9996796910413693,-0.0009941338443809299,-0.02528887141277585));
#6527=DIRECTION('',(1,0,0));
#6528=DIRECTION('',(0.998720607777224,0.0019863601634994973,0.05052921901625864));
#6529=STYLED_ITEM('',(#25),#6530);
#6530=FACE_SURFACE('',(#6535),#6531,.T.);
#6531=PLANE('',#6532);
#6532=AXIS2_PLACEMENT_3D('',#241,#6533,#6534);
#6533=DIRECTION('',(0,-0.9992282123491387,0.03928077959440643));
#6534=DIRECTION('',(0.9999198938962284,-0.0004971863573403797,-0.012647473909106229));
#6535=FACE_BOUND('',#6536,.T.);
#6536=EDGE_LOOP('',(#6537,#6538,#6539));
#6537=ORIENTED_EDGE('',*,*,#6540,.T.);
#6538=ORIENTED_EDGE('',*,*,#6541,.T.);
#6539=ORIENTED_EDGE('',*,*,#6542,.T.);
#6540=EDGE_CURVE('',#242,#326,#6543,.F.);
#6541=EDGE_CURVE('',#326,#256,#6544,.T.);
#6542=EDGE_CURVE('',#256,#242,#6545,.T.);
#6543=LINE('',#241,#6546);
#6544=LINE('',#325,#6547);
#6545=LINE('',#255,#6548);
#6546=VECTOR('',#6549,1.0);
#6547=VECTOR('',#6550,1.0);
#6548=VECTOR('',#6551,1.0);
#6549=DIRECTION('',(0.9999198938962284,-0.0004971863573403797,-0.012647473909106229));
#6550=DIRECTION('',(1,0,0));
#6551=DIRECTION('',(-0.9999487298758278,0.00039776055627567894,0.01011827091249846));
#6552=STYLED_ITEM('',(#25),#6553);
#6553=FACE_SURFACE('',(#6558),#6554,.T.);
#6554=PLANE('',#6555);
#6555=AXIS2_PLACEMENT_3D('',#255,#6556,#6557);
#6556=DIRECTION('',(-0,-0.9923295804444797,-0.12362040193626105));
#6557=DIRECTION('',(-1,0,0));
#6558=FACE_BOUND('',#6559,.T.);
#6559=EDGE_LOOP('',(#6560,#6561,#6562));
#6560=ORIENTED_EDGE('',*,*,#6563,.T.);
#6561=ORIENTED_EDGE('',*,*,#6564,.T.);
#6562=ORIENTED_EDGE('',*,*,#6565,.T.);
#6563=EDGE_CURVE('',#256,#326,#6566,.F.);
#6564=EDGE_CURVE('',#326,#324,#6567,.T.);
#6565=EDGE_CURVE('',#324,#256,#6568,.T.);
#6566=LINE('',#255,#6569);
#6567=LINE('',#325,#6570);
#6568=LINE('',#323,#6571);
#6569=VECTOR('',#6572,1.0);
#6570=VECTOR('',#6573,1.0);
#6571=VECTOR('',#6574,1.0);
#6572=DIRECTION('',(-1,0,0));
#6573=DIRECTION('',(0.9987201836514902,0.006252302430902229,-0.05018867881749959));
#6574=DIRECTION('',(0,-0.12362040193626105,0.9923295804444797));
#6575=STYLED_ITEM('',(#25),#6576);
#6576=FACE_SURFACE('',(#6581),#6577,.T.);
#6577=PLANE('',#6578);
#6578=AXIS2_PLACEMENT_3D('',#201,#6579,#6580);
#6579=DIRECTION('',(-0,-0.5212205993762976,-0.8534219863501368));
#6580=DIRECTION('',(-1,0,0));
#6581=FACE_BOUND('',#6582,.T.);
#6582=EDGE_LOOP('',(#6583,#6584,#6585));
#6583=ORIENTED_EDGE('',*,*,#6586,.T.);
#6584=ORIENTED_EDGE('',*,*,#6587,.T.);
#6585=ORIENTED_EDGE('',*,*,#6588,.T.);
#6586=EDGE_CURVE('',#202,#284,#6589,.F.);
#6587=EDGE_CURVE('',#284,#186,#6590,.T.);
#6588=EDGE_CURVE('',#186,#202,#6591,.T.);
#6589=LINE('',#201,#6592);
#6590=LINE('',#283,#6593);
#6591=LINE('',#185,#6594);
#6592=VECTOR('',#6595,1.0);
#6593=VECTOR('',#6596,1.0);
#6594=VECTOR('',#6597,1.0);
#6595=DIRECTION('',(-1,0,0));
#6596=DIRECTION('',(0.9994701478697098,0.02777785022054267,-0.016965098126023866));
#6597=DIRECTION('',(0,-0.8534219863501369,0.5212205993762976));
#6598=STYLED_ITEM('',(#25),#6599);
#6599=FACE_SURFACE('',(#6604),#6600,.T.);
#6600=PLANE('',#6601);
#6601=AXIS2_PLACEMENT_3D('',#185,#6602,#6603);
#6602=DIRECTION('',(-0,-0.5212205993762976,-0.8534219863501368));
#6603=DIRECTION('',(-0.9994701478697098,-0.02777785022054267,0.016965098126023866));
#6604=FACE_BOUND('',#6605,.T.);
#6605=EDGE_LOOP('',(#6606,#6607,#6608));
#6606=ORIENTED_EDGE('',*,*,#6609,.T.);
#6607=ORIENTED_EDGE('',*,*,#6610,.T.);
#6608=ORIENTED_EDGE('',*,*,#6611,.T.);
#6609=EDGE_CURVE('',#186,#284,#6612,.F.);
#6610=EDGE_CURVE('',#284,#188,#6613,.T.);
#6611=EDGE_CURVE('',#188,#186,#6614,.T.);
#6612=LINE('',#185,#6615);
#6613=LINE('',#283,#6616);
#6614=LINE('',#187,#6617);
#6615=VECTOR('',#6618,1.0);
#6616=VECTOR('',#6619,1.0);
#6617=VECTOR('',#6620,1.0);
#6618=DIRECTION('',(-0.9994701478697098,-0.02777785022054267,0.016965098126023866));
#6619=DIRECTION('',(0,0.8534219863501369,-0.5212205993762976));
#6620=DIRECTION('',(1,0,0));
#6621=STYLED_ITEM('',(#25),#6622);
#6622=FACE_SURFACE('',(#6627),#6623,.T.);
#6623=PLANE('',#6624);
#6624=AXIS2_PLACEMENT_3D('',#327,#6625,#6626);
#6625=DIRECTION('',(-1,0,0));
#6626=DIRECTION('',(0,-0.8534039718341272,0.5212500943479399));
#6627=FACE_BOUND('',#6628,.T.);
#6628=EDGE_LOOP('',(#6629,#6630,#6631));
#6629=ORIENTED_EDGE('',*,*,#6632,.T.);
#6630=ORIENTED_EDGE('',*,*,#6633,.T.);
#6631=ORIENTED_EDGE('',*,*,#6634,.T.);
#6632=EDGE_CURVE('',#328,#142,#6635,.F.);
#6633=EDGE_CURVE('',#142,#88,#6636,.T.);
#6634=EDGE_CURVE('',#88,#328,#6637,.T.);
#6635=LINE('',#327,#6638);
#6636=LINE('',#141,#6639);
#6637=LINE('',#87,#6640);
#6638=VECTOR('',#6641,1.0);
#6639=VECTOR('',#6642,1.0);
#6640=VECTOR('',#6643,1.0);
#6641=DIRECTION('',(0,-0.8534039718341272,0.5212500943479399));
#6642=DIRECTION('',(0,-0.4356257905661654,0.9001278634691869));
#6643=DIRECTION('',(0,0.6749847011604804,-0.7378317241751651));
#6644=STYLED_ITEM('',(#25),#6645);
#6645=FACE_SURFACE('',(#6650),#6646,.T.);
#6646=PLANE('',#6647);
#6647=AXIS2_PLACEMENT_3D('',#87,#6648,#6649);
#6648=DIRECTION('',(-1,0,0));
#6649=DIRECTION('',(0,0.4356257905661654,-0.9001278634691869));
#6650=FACE_BOUND('',#6651,.T.);
#6651=EDGE_LOOP('',(#6652,#6653,#6654));
#6652=ORIENTED_EDGE('',*,*,#6655,.T.);
#6653=ORIENTED_EDGE('',*,*,#6656,.T.);
#6654=ORIENTED_EDGE('',*,*,#6657,.T.);
#6655=EDGE_CURVE('',#88,#142,#6658,.F.);
#6656=EDGE_CURVE('',#142,#140,#6659,.T.);
#6657=EDGE_CURVE('',#140,#88,#6660,.T.);
#6658=LINE('',#87,#6661);
#6659=LINE('',#141,#6662);
#6660=LINE('',#139,#6663);
#6661=VECTOR('',#6664,1.0);
#6662=VECTOR('',#6665,1.0);
#6663=VECTOR('',#6666,1.0);
#6664=DIRECTION('',(0,0.4356257905661654,-0.9001278634691869));
#6665=DIRECTION('',(0,-0.8080399893461162,0.5891276394954903));
#6666=DIRECTION('',(0,-0.3607326164377952,0.9326692765594579));
#6667=STYLED_ITEM('',(#25),#6668);
#6668=FACE_SURFACE('',(#6673),#6669,.T.);
#6669=PLANE('',#6670);
#6670=AXIS2_PLACEMENT_3D('',#87,#6671,#6672);
#6671=DIRECTION('',(-1,0,0));
#6672=DIRECTION('',(0,0.3607326164377952,-0.9326692765594579));
#6673=FACE_BOUND('',#6674,.T.);
#6674=EDGE_LOOP('',(#6675,#6676,#6677));
#6675=ORIENTED_EDGE('',*,*,#6678,.T.);
#6676=ORIENTED_EDGE('',*,*,#6679,.T.);
#6677=ORIENTED_EDGE('',*,*,#6680,.T.);
#6678=EDGE_CURVE('',#88,#140,#6681,.F.);
#6679=EDGE_CURVE('',#140,#136,#6682,.T.);
#6680=EDGE_CURVE('',#136,#88,#6683,.T.);
#6681=LINE('',#87,#6684);
#6682=LINE('',#139,#6685);
#6683=LINE('',#135,#6686);
#6684=VECTOR('',#6687,1.0);
#6685=VECTOR('',#6688,1.0);
#6686=VECTOR('',#6689,1.0);
#6687=DIRECTION('',(0,0.3607326164377952,-0.9326692765594579));
#6688=DIRECTION('',(0,-0.7015677262193961,0.7126027824302584));
#6689=DIRECTION('',(0,-0.2834152074795236,0.9589972993545595));
#6690=STYLED_ITEM('',(#25),#6691);
#6691=FACE_SURFACE('',(#6696),#6692,.T.);
#6692=PLANE('',#6693);
#6693=AXIS2_PLACEMENT_3D('',#135,#6694,#6695);
#6694=DIRECTION('',(-1,0,0));
#6695=DIRECTION('',(0,-0.5762205126476899,0.8172942681825398));
#6696=FACE_BOUND('',#6697,.T.);
#6697=EDGE_LOOP('',(#6698,#6699,#6700));
#6698=ORIENTED_EDGE('',*,*,#6701,.T.);
#6699=ORIENTED_EDGE('',*,*,#6702,.T.);
#6700=ORIENTED_EDGE('',*,*,#6703,.T.);
#6701=EDGE_CURVE('',#136,#132,#6704,.F.);
#6702=EDGE_CURVE('',#132,#88,#6705,.T.);
#6703=EDGE_CURVE('',#88,#136,#6706,.T.);
#6704=LINE('',#135,#6707);
#6705=LINE('',#131,#6708);
#6706=LINE('',#87,#6709);
#6707=VECTOR('',#6710,1.0);
#6708=VECTOR('',#6711,1.0);
#6709=VECTOR('',#6712,1.0);
#6710=DIRECTION('',(0,-0.5762205126476899,0.8172942681825398));
#6711=DIRECTION('',(0,-0.2042238451066765,0.9789242162138212));
#6712=DIRECTION('',(0,0.2834152074795236,-0.9589972993545595));
#6713=STYLED_ITEM('',(#25),#6714);
#6714=FACE_SURFACE('',(#6719),#6715,.T.);
#6715=PLANE('',#6716);
#6716=AXIS2_PLACEMENT_3D('',#87,#6717,#6718);
#6717=DIRECTION('',(-1,0,0));
#6718=DIRECTION('',(0,0.2042238451066765,-0.9789242162138212));
#6719=FACE_BOUND('',#6720,.T.);
#6720=EDGE_LOOP('',(#6721,#6722,#6723));
#6721=ORIENTED_EDGE('',*,*,#6724,.T.);
#6722=ORIENTED_EDGE('',*,*,#6725,.T.);
#6723=ORIENTED_EDGE('',*,*,#6726,.T.);
#6724=EDGE_CURVE('',#88,#132,#6727,.F.);
#6725=EDGE_CURVE('',#132,#128,#6728,.T.);
#6726=EDGE_CURVE('',#128,#88,#6729,.T.);
#6727=LINE('',#87,#6730);
#6728=LINE('',#131,#6731);
#6729=LINE('',#127,#6732);
#6730=VECTOR('',#6733,1.0);
#6731=VECTOR('',#6734,1.0);
#6732=VECTOR('',#6735,1.0);
#6733=DIRECTION('',(0,0.2042238451066765,-0.9789242162138212));
#6734=DIRECTION('',(0,-0.43550716284068686,0.900185264884099));
#6735=DIRECTION('',(0,-0.12369409615692709,0.9923203971379007));
#6736=STYLED_ITEM('',(#25),#6737);
#6737=FACE_SURFACE('',(#6742),#6738,.T.);
#6738=PLANE('',#6739);
#6739=AXIS2_PLACEMENT_3D('',#87,#6740,#6741);
#6740=DIRECTION('',(-1,0,0));
#6741=DIRECTION('',(0,0.12369409615692709,-0.9923203971379007));
#6742=FACE_BOUND('',#6743,.T.);
#6743=EDGE_LOOP('',(#6744,#6745,#6746));
#6744=ORIENTED_EDGE('',*,*,#6747,.T.);
#6745=ORIENTED_EDGE('',*,*,#6748,.T.);
#6746=ORIENTED_EDGE('',*,*,#6749,.T.);
#6747=EDGE_CURVE('',#88,#128,#6750,.F.);
#6748=EDGE_CURVE('',#128,#124,#6751,.T.);
#6749=EDGE_CURVE('',#124,#88,#6752,.T.);
#6750=LINE('',#87,#6753);
#6751=LINE('',#127,#6754);
#6752=LINE('',#123,#6755);
#6753=VECTOR('',#6756,1.0);
#6754=VECTOR('',#6757,1.0);
#6755=VECTOR('',#6758,1.0);
#6756=DIRECTION('',(0,0.12369409615692709,-0.9923203971379007));
#6757=DIRECTION('',(0,-0.2834165029190501,0.9589969165086695));
#6758=DIRECTION('',(0,-0.04231743064980708,0.9991042163173963));
#6759=STYLED_ITEM('',(#25),#6760);
#6760=FACE_SURFACE('',(#6765),#6761,.T.);
#6761=PLANE('',#6762);
#6762=AXIS2_PLACEMENT_3D('',#123,#6763,#6764);
#6763=DIRECTION('',(-1,0,0));
#6764=DIRECTION('',(0,-0.1237124814545816,0.9923181052124112));
#6765=FACE_BOUND('',#6766,.T.);
#6766=EDGE_LOOP('',(#6767,#6768,#6769));
#6767=ORIENTED_EDGE('',*,*,#6770,.T.);
#6768=ORIENTED_EDGE('',*,*,#6771,.T.);
#6769=ORIENTED_EDGE('',*,*,#6772,.T.);
#6770=EDGE_CURVE('',#124,#90,#6773,.F.);
#6771=EDGE_CURVE('',#90,#88,#6774,.T.);
#6772=EDGE_CURVE('',#88,#124,#6775,.T.);
#6773=LINE('',#123,#6776);
#6774=LINE('',#89,#6777);
#6775=LINE('',#87,#6778);
#6776=VECTOR('',#6779,1.0);
#6777=VECTOR('',#6780,1.0);
#6778=VECTOR('',#6781,1.0);
#6779=DIRECTION('',(0,-0.1237124814545816,0.9923181052124112));
#6780=DIRECTION('',(0,0.03937416043691245,0.9992245370735691));
#6781=DIRECTION('',(0,0.04231743064980708,-0.9991042163173963));
#6782=STYLED_ITEM('',(#25),#6783);
#6783=FACE_SURFACE('',(#6788),#6784,.T.);
#6784=PLANE('',#6785);
#6785=AXIS2_PLACEMENT_3D('',#87,#6786,#6787);
#6786=DIRECTION('',(-1,0,0));
#6787=DIRECTION('',(0,0.12072313197753191,0.9926862169918225));
#6788=FACE_BOUND('',#6789,.T.);
#6789=EDGE_LOOP('',(#6790,#6791,#6792));
#6790=ORIENTED_EDGE('',*,*,#6793,.T.);
#6791=ORIENTED_EDGE('',*,*,#6794,.T.);
#6792=ORIENTED_EDGE('',*,*,#6795,.T.);
#6793=EDGE_CURVE('',#88,#188,#6796,.F.);
#6794=EDGE_CURVE('',#188,#328,#6797,.T.);
#6795=EDGE_CURVE('',#328,#88,#6798,.T.);
#6796=LINE('',#87,#6799);
#6797=LINE('',#187,#6800);
#6798=LINE('',#327,#6801);
#6799=VECTOR('',#6802,1.0);
#6800=VECTOR('',#6803,1.0);
#6801=VECTOR('',#6804,1.0);
#6802=DIRECTION('',(0,0.12072313197753191,0.9926862169918225));
#6803=DIRECTION('',(0,0.024949354846183217,-0.999688716397639));
#6804=DIRECTION('',(0,-0.6749847011604804,0.7378317241751651));
#6805=STYLED_ITEM('',(#25),#6806);
#6806=FACE_SURFACE('',(#6811),#6807,.T.);
#6807=PLANE('',#6808);
#6808=AXIS2_PLACEMENT_3D('',#327,#6809,#6810);
#6809=DIRECTION('',(-1,0,0));
#6810=DIRECTION('',(0,-0.024949354846183217,0.999688716397639));
#6811=FACE_BOUND('',#6812,.T.);
#6812=EDGE_LOOP('',(#6813,#6814,#6815));
#6813=ORIENTED_EDGE('',*,*,#6816,.T.);
#6814=ORIENTED_EDGE('',*,*,#6817,.T.);
#6815=ORIENTED_EDGE('',*,*,#6818,.T.);
#6816=EDGE_CURVE('',#328,#188,#6819,.F.);
#6817=EDGE_CURVE('',#188,#330,#6820,.T.);
#6818=EDGE_CURVE('',#330,#328,#6821,.T.);
#6819=LINE('',#327,#6822);
#6820=LINE('',#187,#6823);
#6821=LINE('',#329,#6824);
#6822=VECTOR('',#6825,1.0);
#6823=VECTOR('',#6826,1.0);
#6824=VECTOR('',#6827,1.0);
#6825=DIRECTION('',(0,-0.024949354846183217,0.999688716397639));
#6826=DIRECTION('',(0,0.8496625591007841,0.5273267826142597));
#6827=DIRECTION('',(0,-0.5626970153486343,-0.8266632137199157));
#6828=STYLED_ITEM('',(#25),#6829);
#6829=FACE_SURFACE('',(#6834),#6830,.T.);
#6830=PLANE('',#6831);
#6831=AXIS2_PLACEMENT_3D('',#327,#6832,#6833);
#6832=DIRECTION('',(-1,0,0));
#6833=DIRECTION('',(0,0.5626970153486343,0.8266632137199157));
#6834=FACE_BOUND('',#6835,.T.);
#6835=EDGE_LOOP('',(#6836,#6837,#6838));
#6836=ORIENTED_EDGE('',*,*,#6839,.T.);
#6837=ORIENTED_EDGE('',*,*,#6840,.T.);
#6838=ORIENTED_EDGE('',*,*,#6841,.T.);
#6839=EDGE_CURVE('',#328,#330,#6842,.F.);
#6840=EDGE_CURVE('',#330,#332,#6843,.T.);
#6841=EDGE_CURVE('',#332,#328,#6844,.T.);
#6842=LINE('',#327,#6845);
#6843=LINE('',#329,#6846);
#6844=LINE('',#331,#6847);
#6845=VECTOR('',#6848,1.0);
#6846=VECTOR('',#6849,1.0);
#6847=VECTOR('',#6850,1.0);
#6848=DIRECTION('',(0,0.5626970153486343,0.8266632137199157));
#6849=DIRECTION('',(0,-0.1207243212636515,-0.992686072358946));
#6850=DIRECTION('',(0,-0.6518028380986898,0.7583884626274936));
#6851=STYLED_ITEM('',(#25),#6852);
#6852=FACE_SURFACE('',(#6857),#6853,.T.);
#6853=PLANE('',#6854);
#6854=AXIS2_PLACEMENT_3D('',#283,#6855,#6856);
#6855=DIRECTION('',(-1,0,0));
#6856=DIRECTION('',(0,-0.4356257905661654,0.9001278634691869));
#6857=FACE_BOUND('',#6858,.T.);
#6858=EDGE_LOOP('',(#6859,#6860,#6861));
#6859=ORIENTED_EDGE('',*,*,#6862,.T.);
#6860=ORIENTED_EDGE('',*,*,#6863,.T.);
#6861=ORIENTED_EDGE('',*,*,#6864,.T.);
#6862=EDGE_CURVE('',#284,#242,#6865,.F.);
#6863=EDGE_CURVE('',#242,#188,#6866,.T.);
#6864=EDGE_CURVE('',#188,#284,#6867,.T.);
#6865=LINE('',#283,#6868);
#6866=LINE('',#241,#6869);
#6867=LINE('',#187,#6870);
#6868=VECTOR('',#6871,1.0);
#6869=VECTOR('',#6872,1.0);
#6870=VECTOR('',#6873,1.0);
#6871=DIRECTION('',(0,-0.4356257905661654,0.9001278634691869));
#6872=DIRECTION('',(0,0.6568565891980546,-0.7540155311577462));
#6873=DIRECTION('',(0,-0.8534219863501369,0.5212205993762976));
#6874=STYLED_ITEM('',(#25),#6875);
#6875=FACE_SURFACE('',(#6880),#6876,.T.);
#6876=PLANE('',#6877);
#6877=AXIS2_PLACEMENT_3D('',#187,#6878,#6879);
#6878=DIRECTION('',(-1,0,0));
#6879=DIRECTION('',(0,-0.6568565891980546,0.7540155311577462));
#6880=FACE_BOUND('',#6881,.T.);
#6881=EDGE_LOOP('',(#6882,#6883,#6884));
#6882=ORIENTED_EDGE('',*,*,#6885,.T.);
#6883=ORIENTED_EDGE('',*,*,#6886,.T.);
#6884=ORIENTED_EDGE('',*,*,#6887,.T.);
#6885=EDGE_CURVE('',#188,#242,#6888,.F.);
#6886=EDGE_CURVE('',#242,#334,#6889,.T.);
#6887=EDGE_CURVE('',#334,#188,#6890,.T.);
#6888=LINE('',#187,#6891);
#6889=LINE('',#241,#6892);
#6890=LINE('',#333,#6893);
#6891=VECTOR('',#6894,1.0);
#6892=VECTOR('',#6895,1.0);
#6893=VECTOR('',#6896,1.0);
#6894=DIRECTION('',(0,-0.6568565891980546,0.7540155311577462));
#6895=DIRECTION('',(0,0.12072341767007747,0.992686182247973));
#6896=DIRECTION('',(0,0.01145005690709282,-0.9999344459497455));
#6897=STYLED_ITEM('',(#25),#6898);
#6898=FACE_SURFACE('',(#6903),#6899,.T.);
#6899=PLANE('',#6900);
#6900=AXIS2_PLACEMENT_3D('',#187,#6901,#6902);
#6901=DIRECTION('',(-1,0,0));
#6902=DIRECTION('',(0,-0.01145005690709282,0.9999344459497455));
#6903=FACE_BOUND('',#6904,.T.);
#6904=EDGE_LOOP('',(#6905,#6906,#6907));
#6905=ORIENTED_EDGE('',*,*,#6908,.T.);
#6906=ORIENTED_EDGE('',*,*,#6909,.T.);
#6907=ORIENTED_EDGE('',*,*,#6910,.T.);
#6908=EDGE_CURVE('',#188,#334,#6911,.F.);
#6909=EDGE_CURVE('',#334,#330,#6912,.T.);
#6910=EDGE_CURVE('',#330,#188,#6913,.T.);
#6911=LINE('',#187,#6914);
#6912=LINE('',#333,#6915);
#6913=LINE('',#329,#6916);
#6914=VECTOR('',#6917,1.0);
#6915=VECTOR('',#6918,1.0);
#6916=VECTOR('',#6919,1.0);
#6917=DIRECTION('',(0,-0.01145005690709282,0.9999344459497455));
#6918=DIRECTION('',(0,0.9820893571186282,-0.18841574943278935));
#6919=DIRECTION('',(0,-0.8496625591007841,-0.5273267826142597));
#6920=STYLED_ITEM('',(#25),#6921);
#6921=FACE_SURFACE('',(#6926),#6922,.T.);
#6922=PLANE('',#6923);
#6923=AXIS2_PLACEMENT_3D('',#283,#6924,#6925);
#6924=DIRECTION('',(-1,0,0));
#6925=DIRECTION('',(0,-0.8080399893461162,0.5891276394954903));
#6926=FACE_BOUND('',#6927,.T.);
#6927=EDGE_LOOP('',(#6928,#6929,#6930));
#6928=ORIENTED_EDGE('',*,*,#6931,.T.);
#6929=ORIENTED_EDGE('',*,*,#6932,.T.);
#6930=ORIENTED_EDGE('',*,*,#6933,.T.);
#6931=EDGE_CURVE('',#284,#282,#6934,.F.);
#6932=EDGE_CURVE('',#282,#242,#6935,.T.);
#6933=EDGE_CURVE('',#242,#284,#6936,.T.);
#6934=LINE('',#283,#6937);
#6935=LINE('',#281,#6938);
#6936=LINE('',#241,#6939);
#6937=VECTOR('',#6940,1.0);
#6938=VECTOR('',#6941,1.0);
#6939=VECTOR('',#6942,1.0);
#6940=DIRECTION('',(0,-0.8080399893461162,0.5891276394954903));
#6941=DIRECTION('',(0,-0.3607326164377952,0.9326692765594579));
#6942=DIRECTION('',(0,0.4356257905661654,-0.9001278634691869));
#6943=STYLED_ITEM('',(#25),#6944);
#6944=FACE_SURFACE('',(#6949),#6945,.T.);
#6945=PLANE('',#6946);
#6946=AXIS2_PLACEMENT_3D('',#241,#6947,#6948);
#6947=DIRECTION('',(-1,0,0));
#6948=DIRECTION('',(0,0.3607326164377952,-0.9326692765594579));
#6949=FACE_BOUND('',#6950,.T.);
#6950=EDGE_LOOP('',(#6951,#6952,#6953));
#6951=ORIENTED_EDGE('',*,*,#6954,.T.);
#6952=ORIENTED_EDGE('',*,*,#6955,.T.);
#6953=ORIENTED_EDGE('',*,*,#6956,.T.);
#6954=EDGE_CURVE('',#242,#282,#6957,.F.);
#6955=EDGE_CURVE('',#282,#278,#6958,.T.);
#6956=EDGE_CURVE('',#278,#242,#6959,.T.);
#6957=LINE('',#241,#6960);
#6958=LINE('',#281,#6961);
#6959=LINE('',#277,#6962);
#6960=VECTOR('',#6963,1.0);
#6961=VECTOR('',#6964,1.0);
#6962=VECTOR('',#6965,1.0);
#6963=DIRECTION('',(0,0.3607326164377952,-0.9326692765594579));
#6964=DIRECTION('',(0,-0.701333234896124,0.7128335665708637));
#6965=DIRECTION('',(0,-0.28345376290823227,0.9589859041159904));
#6966=STYLED_ITEM('',(#25),#6967);
#6967=FACE_SURFACE('',(#6972),#6968,.T.);
#6968=PLANE('',#6969);
#6969=AXIS2_PLACEMENT_3D('',#241,#6970,#6971);
#6970=DIRECTION('',(-1,0,0));
#6971=DIRECTION('',(0,0.28345376290823227,-0.9589859041159904));
#6972=FACE_BOUND('',#6973,.T.);
#6973=EDGE_LOOP('',(#6974,#6975,#6976));
#6974=ORIENTED_EDGE('',*,*,#6977,.T.);
#6975=ORIENTED_EDGE('',*,*,#6978,.T.);
#6976=ORIENTED_EDGE('',*,*,#6979,.T.);
#6977=EDGE_CURVE('',#242,#278,#6980,.F.);
#6978=EDGE_CURVE('',#278,#274,#6981,.T.);
#6979=EDGE_CURVE('',#274,#242,#6982,.T.);
#6980=LINE('',#241,#6983);
#6981=LINE('',#277,#6984);
#6982=LINE('',#273,#6985);
#6983=VECTOR('',#6986,1.0);
#6984=VECTOR('',#6987,1.0);
#6985=VECTOR('',#6988,1.0);
#6986=DIRECTION('',(0,0.28345376290823227,-0.9589859041159904));
#6987=DIRECTION('',(0,-0.5762205126476899,0.8172942681825398));
#6988=DIRECTION('',(0,-0.20426563881356777,0.978915496250869));
#6989=STYLED_ITEM('',(#25),#6990);
#6990=FACE_SURFACE('',(#6995),#6991,.T.);
#6991=PLANE('',#6992);
#6992=AXIS2_PLACEMENT_3D('',#273,#6993,#6994);
#6993=DIRECTION('',(-1,0,0));
#6994=DIRECTION('',(0,-0.4357295953506811,0.9000776187282583));
#6995=FACE_BOUND('',#6996,.T.);
#6996=EDGE_LOOP('',(#6997,#6998,#6999));
#6997=ORIENTED_EDGE('',*,*,#7000,.T.);
#6998=ORIENTED_EDGE('',*,*,#7001,.T.);
#6999=ORIENTED_EDGE('',*,*,#7002,.T.);
#7000=EDGE_CURVE('',#274,#270,#7003,.F.);
#7001=EDGE_CURVE('',#270,#242,#7004,.T.);
#7002=EDGE_CURVE('',#242,#274,#7005,.T.);
#7003=LINE('',#273,#7006);
#7004=LINE('',#269,#7007);
#7005=LINE('',#241,#7008);
#7006=VECTOR('',#7009,1.0);
#7007=VECTOR('',#7010,1.0);
#7008=VECTOR('',#7011,1.0);
#7009=DIRECTION('',(0,-0.4357295953506811,0.9000776187282583));
#7010=DIRECTION('',(0,-0.12369409615692709,0.9923203971379007));
#7011=DIRECTION('',(0,0.20426563881356777,-0.978915496250869));
#7012=STYLED_ITEM('',(#25),#7013);
#7013=FACE_SURFACE('',(#7018),#7014,.T.);
#7014=PLANE('',#7015);
#7015=AXIS2_PLACEMENT_3D('',#241,#7016,#7017);
#7016=DIRECTION('',(-1,0,0));
#7017=DIRECTION('',(0,0.12369409615692709,-0.9923203971379007));
#7018=FACE_BOUND('',#7019,.T.);
#7019=EDGE_LOOP('',(#7020,#7021,#7022));
#7020=ORIENTED_EDGE('',*,*,#7023,.T.);
#7021=ORIENTED_EDGE('',*,*,#7024,.T.);
#7022=ORIENTED_EDGE('',*,*,#7025,.T.);
#7023=EDGE_CURVE('',#242,#270,#7026,.F.);
#7024=EDGE_CURVE('',#270,#266,#7027,.T.);
#7025=EDGE_CURVE('',#266,#242,#7028,.T.);
#7026=LINE('',#241,#7029);
#7027=LINE('',#269,#7030);
#7028=LINE('',#265,#7031);
#7029=VECTOR('',#7032,1.0);
#7030=VECTOR('',#7033,1.0);
#7031=VECTOR('',#7034,1.0);
#7032=DIRECTION('',(0,0.12369409615692709,-0.9923203971379007));
#7033=DIRECTION('',(0,-0.2834165029190501,0.9589969165086695));
#7034=DIRECTION('',(0,-0.04231743064980708,0.9991042163173963));
#7035=STYLED_ITEM('',(#25),#7036);
#7036=FACE_SURFACE('',(#7041),#7037,.T.);
#7037=PLANE('',#7038);
#7038=AXIS2_PLACEMENT_3D('',#241,#7039,#7040);
#7039=DIRECTION('',(-1,0,-0));
#7040=DIRECTION('',(0,0.04231743064980708,-0.9991042163173963));
#7041=FACE_BOUND('',#7042,.T.);
#7042=EDGE_LOOP('',(#7043,#7044,#7045));
#7043=ORIENTED_EDGE('',*,*,#7046,.T.);
#7044=ORIENTED_EDGE('',*,*,#7047,.T.);
#7045=ORIENTED_EDGE('',*,*,#7048,.T.);
#7046=EDGE_CURVE('',#242,#266,#7049,.F.);
#7047=EDGE_CURVE('',#266,#244,#7050,.T.);
#7048=EDGE_CURVE('',#244,#242,#7051,.T.);
#7049=LINE('',#241,#7052);
#7050=LINE('',#265,#7053);
#7051=LINE('',#243,#7054);
#7052=VECTOR('',#7055,1.0);
#7053=VECTOR('',#7056,1.0);
#7054=VECTOR('',#7057,1.0);
#7055=DIRECTION('',(0,0.04231743064980708,-0.9991042163173963));
#7056=DIRECTION('',(0,-0.12362040193626105,0.9923295804444797));
#7057=DIRECTION('',(0,0.03928077959440643,0.9992282123491387));
#7058=STYLED_ITEM('',(#25),#7059);
#7059=FACE_SURFACE('',(#7064),#7060,.T.);
#7060=PLANE('',#7061);
#7061=AXIS2_PLACEMENT_3D('',#331,#7062,#7063);
#7062=DIRECTION('',(-1,0,0));
#7063=DIRECTION('',(0,-0.9980062383952263,0.06311535569265705));
#7064=FACE_BOUND('',#7065,.T.);
#7065=EDGE_LOOP('',(#7066,#7067,#7068));
#7066=ORIENTED_EDGE('',*,*,#7069,.T.);
#7067=ORIENTED_EDGE('',*,*,#7070,.T.);
#7068=ORIENTED_EDGE('',*,*,#7071,.T.);
#7069=EDGE_CURVE('',#332,#336,#7072,.F.);
#7070=EDGE_CURVE('',#336,#328,#7073,.T.);
#7071=EDGE_CURVE('',#328,#332,#7074,.T.);
#7072=LINE('',#331,#7075);
#7073=LINE('',#335,#7076);
#7074=LINE('',#327,#7077);
#7075=VECTOR('',#7078,1.0);
#7076=VECTOR('',#7079,1.0);
#7077=VECTOR('',#7080,1.0);
#7078=DIRECTION('',(0,-0.9980062383952263,0.06311535569265705));
#7079=DIRECTION('',(0,0.1207230421005136,0.9926862279219943));
#7080=DIRECTION('',(0,0.6518028380986898,-0.7583884626274936));
#7081=STYLED_ITEM('',(#25),#7082);
#7082=FACE_SURFACE('',(#7087),#7083,.T.);
#7083=PLANE('',#7084);
#7084=AXIS2_PLACEMENT_3D('',#337,#7085,#7086);
#7085=DIRECTION('',(-0,-0.26315104101973513,-0.964754647363893));
#7086=DIRECTION('',(-1,0,0));
#7087=FACE_BOUND('',#7088,.T.);
#7088=EDGE_LOOP('',(#7089,#7090,#7091));
#7089=ORIENTED_EDGE('',*,*,#7092,.T.);
#7090=ORIENTED_EDGE('',*,*,#7093,.T.);
#7091=ORIENTED_EDGE('',*,*,#7094,.T.);
#7092=EDGE_CURVE('',#338,#340,#7095,.F.);
#7093=EDGE_CURVE('',#340,#342,#7096,.T.);
#7094=EDGE_CURVE('',#342,#338,#7097,.T.);
#7095=LINE('',#337,#7098);
#7096=LINE('',#339,#7099);
#7097=LINE('',#341,#7100);
#7098=VECTOR('',#7101,1.0);
#7099=VECTOR('',#7102,1.0);
#7100=VECTOR('',#7103,1.0);
#7101=DIRECTION('',(-1,0,0));
#7102=DIRECTION('',(0.9989192759587088,0.044840651470906864,-0.012230948196843982));
#7103=DIRECTION('',(0,-0.9647546473638932,0.2631510410197352));
#7104=STYLED_ITEM('',(#25),#7105);
#7105=FACE_SURFACE('',(#7110),#7106,.T.);
#7106=PLANE('',#7107);
#7107=AXIS2_PLACEMENT_3D('',#341,#7108,#7109);
#7108=DIRECTION('',(0,-0.26315104101973513,-0.964754647363893));
#7109=DIRECTION('',(-0.9989192759587088,-0.044840651470906864,0.012230948196843982));
#7110=FACE_BOUND('',#7111,.T.);
#7111=EDGE_LOOP('',(#7112,#7113,#7114));
#7112=ORIENTED_EDGE('',*,*,#7115,.T.);
#7113=ORIENTED_EDGE('',*,*,#7116,.T.);
#7114=ORIENTED_EDGE('',*,*,#7117,.T.);
#7115=EDGE_CURVE('',#342,#340,#7118,.F.);
#7116=EDGE_CURVE('',#340,#344,#7119,.T.);
#7117=EDGE_CURVE('',#344,#342,#7120,.T.);
#7118=LINE('',#341,#7121);
#7119=LINE('',#339,#7122);
#7120=LINE('',#343,#7123);
#7121=VECTOR('',#7124,1.0);
#7122=VECTOR('',#7125,1.0);
#7123=VECTOR('',#7126,1.0);
#7124=DIRECTION('',(-0.9989192759587088,-0.044840651470906864,0.012230948196843982));
#7125=DIRECTION('',(-1,0,0));
#7126=DIRECTION('',(0.9997294907991366,0.02243848473046076,-0.006120427231794406));
#7127=STYLED_ITEM('',(#25),#7128);
#7128=FACE_SURFACE('',(#7133),#7129,.T.);
#7129=PLANE('',#7130);
#7130=AXIS2_PLACEMENT_3D('',#341,#7131,#7132);
#7131=DIRECTION('',(0,-0.26315104101973513,-0.964754647363893));
#7132=DIRECTION('',(-0.9997294907991366,-0.02243848473046076,0.006120427231794406));
#7133=FACE_BOUND('',#7134,.T.);
#7134=EDGE_LOOP('',(#7135,#7136,#7137));
#7135=ORIENTED_EDGE('',*,*,#7138,.T.);
#7136=ORIENTED_EDGE('',*,*,#7139,.T.);
#7137=ORIENTED_EDGE('',*,*,#7140,.T.);
#7138=EDGE_CURVE('',#342,#344,#7141,.F.);
#7139=EDGE_CURVE('',#344,#346,#7142,.T.);
#7140=EDGE_CURVE('',#346,#342,#7143,.T.);
#7141=LINE('',#341,#7144);
#7142=LINE('',#343,#7145);
#7143=LINE('',#345,#7146);
#7144=VECTOR('',#7147,1.0);
#7145=VECTOR('',#7148,1.0);
#7146=VECTOR('',#7149,1.0);
#7147=DIRECTION('',(-0.9997294907991366,-0.02243848473046076,0.006120427231794406));
#7148=DIRECTION('',(-1,0,0));
#7149=DIRECTION('',(0.9998797464895669,0.01496124386681029,-0.00408089964558237));
#7150=STYLED_ITEM('',(#25),#7151);
#7151=FACE_SURFACE('',(#7156),#7152,.T.);
#7152=PLANE('',#7153);
#7153=AXIS2_PLACEMENT_3D('',#345,#7154,#7155);
#7154=DIRECTION('',(0,-0.4078713174126974,-0.9130394232627804));
#7155=DIRECTION('',(1,0,0));
#7156=FACE_BOUND('',#7157,.T.);
#7157=EDGE_LOOP('',(#7158,#7159,#7160));
#7158=ORIENTED_EDGE('',*,*,#7161,.T.);
#7159=ORIENTED_EDGE('',*,*,#7162,.T.);
#7160=ORIENTED_EDGE('',*,*,#7163,.T.);
#7161=EDGE_CURVE('',#346,#344,#7164,.F.);
#7162=EDGE_CURVE('',#344,#348,#7165,.T.);
#7163=EDGE_CURVE('',#348,#346,#7166,.T.);
#7164=LINE('',#345,#7167);
#7165=LINE('',#343,#7168);
#7166=LINE('',#347,#7169);
#7167=VECTOR('',#7170,1.0);
#7168=VECTOR('',#7171,1.0);
#7169=VECTOR('',#7172,1.0);
#7170=DIRECTION('',(1,0,0));
#7171=DIRECTION('',(-0.9989194185648606,-0.0424341907574717,0.01895612483603612));
#7172=DIRECTION('',(0,0.9130394232627804,-0.4078713174126974));
#7173=STYLED_ITEM('',(#25),#7174);
#7174=FACE_SURFACE('',(#7179),#7175,.T.);
#7175=PLANE('',#7176);
#7176=AXIS2_PLACEMENT_3D('',#345,#7177,#7178);
#7177=DIRECTION('',(0,-0.4078713174126974,-0.9130394232627804));
#7178=DIRECTION('',(0,-0.9130394232627804,0.4078713174126974));
#7179=FACE_BOUND('',#7180,.T.);
#7180=EDGE_LOOP('',(#7181,#7182,#7183));
#7181=ORIENTED_EDGE('',*,*,#7184,.T.);
#7182=ORIENTED_EDGE('',*,*,#7185,.T.);
#7183=ORIENTED_EDGE('',*,*,#7186,.T.);
#7184=EDGE_CURVE('',#346,#348,#7187,.F.);
#7185=EDGE_CURVE('',#348,#350,#7188,.T.);
#7186=EDGE_CURVE('',#350,#346,#7189,.T.);
#7187=LINE('',#345,#7190);
#7188=LINE('',#347,#7191);
#7189=LINE('',#349,#7192);
#7190=VECTOR('',#7193,1.0);
#7191=VECTOR('',#7194,1.0);
#7192=VECTOR('',#7195,1.0);
#7193=DIRECTION('',(0,-0.9130394232627804,0.4078713174126974));
#7194=DIRECTION('',(-1,0,0));
#7195=DIRECTION('',(0.9989194235532862,0.042434092863129706,-0.018956081104852977));
#7196=STYLED_ITEM('',(#25),#7197);
#7197=FACE_SURFACE('',(#7202),#7198,.T.);
#7198=PLANE('',#7199);
#7199=AXIS2_PLACEMENT_3D('',#349,#7200,#7201);
#7200=DIRECTION('',(0,-0.5429504712658781,-0.8397647204736339));
#7201=DIRECTION('',(1,0,0));
#7202=FACE_BOUND('',#7203,.T.);
#7203=EDGE_LOOP('',(#7204,#7205,#7206));
#7204=ORIENTED_EDGE('',*,*,#7207,.T.);
#7205=ORIENTED_EDGE('',*,*,#7208,.T.);
#7206=ORIENTED_EDGE('',*,*,#7209,.T.);
#7207=EDGE_CURVE('',#350,#348,#7210,.F.);
#7208=EDGE_CURVE('',#348,#352,#7211,.T.);
#7209=EDGE_CURVE('',#352,#350,#7212,.T.);
#7210=LINE('',#349,#7213);
#7211=LINE('',#347,#7214);
#7212=LINE('',#351,#7215);
#7213=VECTOR('',#7216,1.0);
#7214=VECTOR('',#7217,1.0);
#7215=VECTOR('',#7218,1.0);
#7216=DIRECTION('',(1,0,0));
#7217=DIRECTION('',(-0.998919094163776,-0.0390345488773253,0.025237815059248065));
#7218=DIRECTION('',(0,0.839764720473634,-0.5429504712658781));
#7219=STYLED_ITEM('',(#25),#7220);
#7220=FACE_SURFACE('',(#7225),#7221,.T.);
#7221=PLANE('',#7222);
#7222=AXIS2_PLACEMENT_3D('',#349,#7223,#7224);
#7223=DIRECTION('',(0,-0.5429504712658783,-0.8397647204736342));
#7224=DIRECTION('',(0,-0.839764720473634,0.5429504712658781));
#7225=FACE_BOUND('',#7226,.T.);
#7226=EDGE_LOOP('',(#7227,#7228,#7229));
#7227=ORIENTED_EDGE('',*,*,#7230,.T.);
#7228=ORIENTED_EDGE('',*,*,#7231,.T.);
#7229=ORIENTED_EDGE('',*,*,#7232,.T.);
#7230=EDGE_CURVE('',#350,#352,#7233,.F.);
#7231=EDGE_CURVE('',#352,#354,#7234,.T.);
#7232=EDGE_CURVE('',#354,#350,#7235,.T.);
#7233=LINE('',#349,#7236);
#7234=LINE('',#351,#7237);
#7235=LINE('',#353,#7238);
#7236=VECTOR('',#7239,1.0);
#7237=VECTOR('',#7240,1.0);
#7238=VECTOR('',#7241,1.0);
#7239=DIRECTION('',(0,-0.839764720473634,0.5429504712658781));
#7240=DIRECTION('',(-1,0,0));
#7241=DIRECTION('',(0.9989190891738323,0.03903463892894887,-0.025237873282188693));
#7242=STYLED_ITEM('',(#25),#7243);
#7243=FACE_SURFACE('',(#7248),#7244,.T.);
#7244=PLANE('',#7245);
#7245=AXIS2_PLACEMENT_3D('',#353,#7246,#7247);
#7246=DIRECTION('',(0,-0.6649803885424219,-0.7468608189307895));
#7247=DIRECTION('',(1,0,0));
#7248=FACE_BOUND('',#7249,.T.);
#7249=EDGE_LOOP('',(#7250,#7251,#7252));
#7250=ORIENTED_EDGE('',*,*,#7253,.T.);
#7251=ORIENTED_EDGE('',*,*,#7254,.T.);
#7252=ORIENTED_EDGE('',*,*,#7255,.T.);
#7253=EDGE_CURVE('',#354,#352,#7256,.F.);
#7254=EDGE_CURVE('',#352,#356,#7257,.T.);
#7255=EDGE_CURVE('',#356,#354,#7258,.T.);
#7256=LINE('',#353,#7259);
#7257=LINE('',#351,#7260);
#7258=LINE('',#355,#7261);
#7259=VECTOR('',#7262,1.0);
#7260=VECTOR('',#7263,1.0);
#7261=VECTOR('',#7264,1.0);
#7262=DIRECTION('',(1,0,0));
#7263=DIRECTION('',(-0.9989191059779668,-0.03471593315884327,0.030909928778469823));
#7264=DIRECTION('',(0,0.7468608189307895,-0.6649803885424219));
#7265=STYLED_ITEM('',(#25),#7266);
#7266=FACE_SURFACE('',(#7271),#7267,.T.);
#7267=PLANE('',#7268);
#7268=AXIS2_PLACEMENT_3D('',#353,#7269,#7270);
#7269=DIRECTION('',(0,-0.6649803885424219,-0.7468608189307895));
#7270=DIRECTION('',(0,-0.7468608189307895,0.6649803885424219));
#7271=FACE_BOUND('',#7272,.T.);
#7272=EDGE_LOOP('',(#7273,#7274,#7275));
#7273=ORIENTED_EDGE('',*,*,#7276,.T.);
#7274=ORIENTED_EDGE('',*,*,#7277,.T.);
#7275=ORIENTED_EDGE('',*,*,#7278,.T.);
#7276=EDGE_CURVE('',#354,#356,#7279,.F.);
#7277=EDGE_CURVE('',#356,#358,#7280,.T.);
#7278=EDGE_CURVE('',#358,#354,#7281,.T.);
#7279=LINE('',#353,#7282);
#7280=LINE('',#355,#7283);
#7281=LINE('',#357,#7284);
#7282=VECTOR('',#7285,1.0);
#7283=VECTOR('',#7286,1.0);
#7284=VECTOR('',#7287,1.0);
#7285=DIRECTION('',(0,-0.7468608189307895,0.6649803885424219));
#7286=DIRECTION('',(-1,0,0));
#7287=DIRECTION('',(0.9989191059779668,0.03471593315884327,-0.030909928778469823));
#7288=STYLED_ITEM('',(#25),#7289);
#7289=FACE_SURFACE('',(#7294),#7290,.T.);
#7290=PLANE('',#7291);
#7291=AXIS2_PLACEMENT_3D('',#357,#7292,#7293);
#7292=DIRECTION('',(0,-0.7713732785400773,-0.6363829547955638));
#7293=DIRECTION('',(1,0,0));
#7294=FACE_BOUND('',#7295,.T.);
#7295=EDGE_LOOP('',(#7296,#7297,#7298));
#7296=ORIENTED_EDGE('',*,*,#7299,.T.);
#7297=ORIENTED_EDGE('',*,*,#7300,.T.);
#7298=ORIENTED_EDGE('',*,*,#7301,.T.);
#7299=EDGE_CURVE('',#358,#356,#7302,.F.);
#7300=EDGE_CURVE('',#356,#360,#7303,.T.);
#7301=EDGE_CURVE('',#360,#358,#7304,.T.);
#7302=LINE('',#357,#7305);
#7303=LINE('',#355,#7306);
#7304=LINE('',#359,#7307);
#7305=VECTOR('',#7308,1.0);
#7306=VECTOR('',#7309,1.0);
#7307=VECTOR('',#7310,1.0);
#7308=DIRECTION('',(1,0,0));
#7309=DIRECTION('',(-0.9989198509869817,-0.029570458999651616,0.03584298060563832));
#7310=DIRECTION('',(0,0.6363829547955637,-0.7713732785400772));
#7311=STYLED_ITEM('',(#25),#7312);
#7312=FACE_SURFACE('',(#7317),#7313,.T.);
#7313=PLANE('',#7314);
#7314=AXIS2_PLACEMENT_3D('',#357,#7315,#7316);
#7315=DIRECTION('',(0,-0.7713732785400772,-0.6363829547955636));
#7316=DIRECTION('',(0,-0.6363829547955637,0.7713732785400772));
#7317=FACE_BOUND('',#7318,.T.);
#7318=EDGE_LOOP('',(#7319,#7320,#7321));
#7319=ORIENTED_EDGE('',*,*,#7322,.T.);
#7320=ORIENTED_EDGE('',*,*,#7323,.T.);
#7321=ORIENTED_EDGE('',*,*,#7324,.T.);
#7322=EDGE_CURVE('',#358,#360,#7325,.F.);
#7323=EDGE_CURVE('',#360,#362,#7326,.T.);
#7324=EDGE_CURVE('',#362,#358,#7327,.T.);
#7325=LINE('',#357,#7328);
#7326=LINE('',#359,#7329);
#7327=LINE('',#361,#7330);
#7328=VECTOR('',#7331,1.0);
#7329=VECTOR('',#7332,1.0);
#7330=VECTOR('',#7333,1.0);
#7331=DIRECTION('',(0,-0.6363829547955637,0.7713732785400772));
#7332=DIRECTION('',(-1,0,0));
#7333=DIRECTION('',(0.9989198559734143,0.0295703907814747,-0.03584289791693903));
#7334=STYLED_ITEM('',(#25),#7335);
#7335=FACE_SURFACE('',(#7340),#7336,.T.);
#7336=PLANE('',#7337);
#7337=AXIS2_PLACEMENT_3D('',#361,#7338,#7339);
#7338=DIRECTION('',(0,-0.8598165688885471,-0.5106030433367261));
#7339=DIRECTION('',(1,0,0));
#7340=FACE_BOUND('',#7341,.T.);
#7341=EDGE_LOOP('',(#7342,#7343,#7344));
#7342=ORIENTED_EDGE('',*,*,#7345,.T.);
#7343=ORIENTED_EDGE('',*,*,#7346,.T.);
#7344=ORIENTED_EDGE('',*,*,#7347,.T.);
#7345=EDGE_CURVE('',#362,#360,#7348,.F.);
#7346=EDGE_CURVE('',#360,#364,#7349,.T.);
#7347=EDGE_CURVE('',#364,#362,#7350,.T.);
#7348=LINE('',#361,#7351);
#7349=LINE('',#359,#7352);
#7350=LINE('',#363,#7353);
#7351=VECTOR('',#7354,1.0);
#7352=VECTOR('',#7355,1.0);
#7353=VECTOR('',#7356,1.0);
#7354=DIRECTION('',(1,0,0));
#7355=DIRECTION('',(-0.9989192918166233,-0.02373204967645849,0.03996296103556226));
#7356=DIRECTION('',(0,0.5106030433367261,-0.859816568888547));
#7357=STYLED_ITEM('',(#25),#7358);
#7358=FACE_SURFACE('',(#7363),#7359,.T.);
#7359=PLANE('',#7360);
#7360=AXIS2_PLACEMENT_3D('',#361,#7361,#7362);
#7361=DIRECTION('',(0,-0.859816568888547,-0.5106030433367261));
#7362=DIRECTION('',(0,-0.5106030433367261,0.859816568888547));
#7363=FACE_BOUND('',#7364,.T.);
#7364=EDGE_LOOP('',(#7365,#7366,#7367));
#7365=ORIENTED_EDGE('',*,*,#7368,.T.);
#7366=ORIENTED_EDGE('',*,*,#7369,.T.);
#7367=ORIENTED_EDGE('',*,*,#7370,.T.);
#7368=EDGE_CURVE('',#362,#364,#7371,.F.);
#7369=EDGE_CURVE('',#364,#366,#7372,.T.);
#7370=EDGE_CURVE('',#366,#362,#7373,.T.);
#7371=LINE('',#361,#7374);
#7372=LINE('',#363,#7375);
#7373=LINE('',#365,#7376);
#7374=VECTOR('',#7377,1.0);
#7375=VECTOR('',#7378,1.0);
#7376=VECTOR('',#7379,1.0);
#7377=DIRECTION('',(0,-0.5106030433367261,0.859816568888547));
#7378=DIRECTION('',(-1,0,0));
#7379=DIRECTION('',(0.9989192868275906,0.023732104425661732,-0.03996305322904346));
#7380=STYLED_ITEM('',(#25),#7381);
#7381=FACE_SURFACE('',(#7386),#7382,.T.);
#7382=PLANE('',#7383);
#7383=AXIS2_PLACEMENT_3D('',#365,#7384,#7385);
#7384=DIRECTION('',(0,-0.9278588026913632,-0.37293168579265285));
#7385=DIRECTION('',(1,0,0));
#7386=FACE_BOUND('',#7387,.T.);
#7387=EDGE_LOOP('',(#7388,#7389,#7390));
#7388=ORIENTED_EDGE('',*,*,#7391,.T.);
#7389=ORIENTED_EDGE('',*,*,#7392,.T.);
#7390=ORIENTED_EDGE('',*,*,#7393,.T.);
#7391=EDGE_CURVE('',#366,#364,#7394,.F.);
#7392=EDGE_CURVE('',#364,#368,#7395,.T.);
#7393=EDGE_CURVE('',#368,#366,#7396,.T.);
#7394=LINE('',#365,#7397);
#7395=LINE('',#363,#7398);
#7396=LINE('',#367,#7399);
#7397=VECTOR('',#7400,1.0);
#7398=VECTOR('',#7401,1.0);
#7399=VECTOR('',#7402,1.0);
#7400=DIRECTION('',(1,0,0));
#7401=DIRECTION('',(-0.9989185199542543,-0.017339480657654328,0.04314084958510693));
#7402=DIRECTION('',(0,0.3729316857926528,-0.9278588026913631));
#7403=STYLED_ITEM('',(#25),#7404);
#7404=FACE_SURFACE('',(#7409),#7405,.T.);
#7405=PLANE('',#7406);
#7406=AXIS2_PLACEMENT_3D('',#365,#7407,#7408);
#7407=DIRECTION('',(0,-0.9278588026913632,-0.37293168579265285));
#7408=DIRECTION('',(0,-0.3729316857926528,0.9278588026913631));
#7409=FACE_BOUND('',#7410,.T.);
#7410=EDGE_LOOP('',(#7411,#7412,#7413));
#7411=ORIENTED_EDGE('',*,*,#7414,.T.);
#7412=ORIENTED_EDGE('',*,*,#7415,.T.);
#7413=ORIENTED_EDGE('',*,*,#7416,.T.);
#7414=EDGE_CURVE('',#366,#368,#7417,.F.);
#7415=EDGE_CURVE('',#368,#370,#7418,.T.);
#7416=EDGE_CURVE('',#370,#366,#7419,.T.);
#7417=LINE('',#365,#7420);
#7418=LINE('',#367,#7421);
#7419=LINE('',#369,#7422);
#7420=VECTOR('',#7423,1.0);
#7421=VECTOR('',#7424,1.0);
#7422=VECTOR('',#7425,1.0);
#7423=DIRECTION('',(0,-0.3729316857926528,0.9278588026913631));
#7424=DIRECTION('',(-1,0,0));
#7425=DIRECTION('',(0.9989185199542543,0.017339480657654328,-0.04314084958510693));
#7426=STYLED_ITEM('',(#25),#7427);
#7427=FACE_SURFACE('',(#7432),#7428,.T.);
#7428=PLANE('',#7429);
#7429=AXIS2_PLACEMENT_3D('',#369,#7430,#7431);
#7430=DIRECTION('',(0,-0.9740095568589054,-0.22650691633484138));
#7431=DIRECTION('',(1,0,0));
#7432=FACE_BOUND('',#7433,.T.);
#7433=EDGE_LOOP('',(#7434,#7435,#7436));
#7434=ORIENTED_EDGE('',*,*,#7437,.T.);
#7435=ORIENTED_EDGE('',*,*,#7438,.T.);
#7436=ORIENTED_EDGE('',*,*,#7439,.T.);
#7437=EDGE_CURVE('',#370,#368,#7440,.F.);
#7438=EDGE_CURVE('',#368,#372,#7441,.T.);
#7439=EDGE_CURVE('',#372,#370,#7442,.T.);
#7440=LINE('',#369,#7443);
#7441=LINE('',#367,#7444);
#7442=LINE('',#371,#7445);
#7443=VECTOR('',#7446,1.0);
#7444=VECTOR('',#7447,1.0);
#7445=VECTOR('',#7448,1.0);
#7446=DIRECTION('',(1,0,0));
#7447=DIRECTION('',(-0.9989195245258636,-0.010526562642275916,0.045265605043573486));
#7448=DIRECTION('',(0,0.22650691633484135,-0.9740095568589052));
#7449=STYLED_ITEM('',(#25),#7450);
#7450=FACE_SURFACE('',(#7455),#7451,.T.);
#7451=PLANE('',#7452);
#7452=AXIS2_PLACEMENT_3D('',#369,#7453,#7454);
#7453=DIRECTION('',(0,-0.9740095568589054,-0.22650691633484138));
#7454=DIRECTION('',(0,-0.22650691633484135,0.9740095568589052));
#7455=FACE_BOUND('',#7456,.T.);
#7456=EDGE_LOOP('',(#7457,#7458,#7459));
#7457=ORIENTED_EDGE('',*,*,#7460,.T.);
#7458=ORIENTED_EDGE('',*,*,#7461,.T.);
#7459=ORIENTED_EDGE('',*,*,#7462,.T.);
#7460=EDGE_CURVE('',#370,#372,#7463,.F.);
#7461=EDGE_CURVE('',#372,#374,#7464,.T.);
#7462=EDGE_CURVE('',#374,#370,#7465,.T.);
#7463=LINE('',#369,#7466);
#7464=LINE('',#371,#7467);
#7465=LINE('',#373,#7468);
#7466=VECTOR('',#7469,1.0);
#7467=VECTOR('',#7470,1.0);
#7468=VECTOR('',#7471,1.0);
#7469=DIRECTION('',(0,-0.22650691633484135,0.9740095568589052));
#7470=DIRECTION('',(-1,0,0));
#7471=DIRECTION('',(0.9989195245258636,0.010526562642275916,-0.045265605043573486));
#7472=STYLED_ITEM('',(#25),#7473);
#7473=FACE_SURFACE('',(#7478),#7474,.T.);
#7474=PLANE('',#7475);
#7475=AXIS2_PLACEMENT_3D('',#373,#7476,#7477);
#7476=DIRECTION('',(0,-0.9971948600820152,-0.07484925534706513));
#7477=DIRECTION('',(1,0,0));
#7478=FACE_BOUND('',#7479,.T.);
#7479=EDGE_LOOP('',(#7480,#7481,#7482));
#7480=ORIENTED_EDGE('',*,*,#7483,.T.);
#7481=ORIENTED_EDGE('',*,*,#7484,.T.);
#7482=ORIENTED_EDGE('',*,*,#7485,.T.);
#7483=EDGE_CURVE('',#374,#372,#7486,.F.);
#7484=EDGE_CURVE('',#372,#376,#7487,.T.);
#7485=EDGE_CURVE('',#376,#374,#7488,.T.);
#7486=LINE('',#373,#7489);
#7487=LINE('',#371,#7490);
#7488=LINE('',#375,#7491);
#7489=VECTOR('',#7492,1.0);
#7490=VECTOR('',#7493,1.0);
#7491=VECTOR('',#7494,1.0);
#7492=DIRECTION('',(1,0,0));
#7493=DIRECTION('',(-0.9989197995302009,-0.0034780622430074138,0.046337211715604745));
#7494=DIRECTION('',(0,0.07484925534706513,-0.9971948600820151));
#7495=STYLED_ITEM('',(#25),#7496);
#7496=FACE_SURFACE('',(#7501),#7497,.T.);
#7497=PLANE('',#7498);
#7498=AXIS2_PLACEMENT_3D('',#375,#7499,#7500);
#7499=DIRECTION('',(0,-0.9971948600820152,-0.07484925534706513));
#7500=DIRECTION('',(0.9989197995302009,0.0034780622430074138,-0.046337211715604745));
#7501=FACE_BOUND('',#7502,.T.);
#7502=EDGE_LOOP('',(#7503,#7504,#7505));
#7503=ORIENTED_EDGE('',*,*,#7506,.T.);
#7504=ORIENTED_EDGE('',*,*,#7507,.T.);
#7505=ORIENTED_EDGE('',*,*,#7508,.T.);
#7506=EDGE_CURVE('',#376,#372,#7509,.F.);
#7507=EDGE_CURVE('',#372,#378,#7510,.T.);
#7508=EDGE_CURVE('',#378,#376,#7511,.T.);
#7509=LINE('',#375,#7512);
#7510=LINE('',#371,#7513);
#7511=LINE('',#377,#7514);
#7512=VECTOR('',#7515,1.0);
#7513=VECTOR('',#7516,1.0);
#7514=VECTOR('',#7517,1.0);
#7515=DIRECTION('',(0.9989197995302009,0.0034780622430074138,-0.046337211715604745));
#7516=DIRECTION('',(0,-0.07484925534706513,0.9971948600820151));
#7517=DIRECTION('',(-1,0,0));
#7518=STYLED_ITEM('',(#25),#7519);
#7519=FACE_SURFACE('',(#7524),#7520,.T.);
#7520=PLANE('',#7521);
#7521=AXIS2_PLACEMENT_3D('',#375,#7522,#7523);
#7522=DIRECTION('',(0,-0.9968903472723597,0.07880124056887772));
#7523=DIRECTION('',(1,0,0));
#7524=FACE_BOUND('',#7525,.T.);
#7525=EDGE_LOOP('',(#7526,#7527,#7528));
#7526=ORIENTED_EDGE('',*,*,#7529,.T.);
#7527=ORIENTED_EDGE('',*,*,#7530,.T.);
#7528=ORIENTED_EDGE('',*,*,#7531,.T.);
#7529=EDGE_CURVE('',#376,#378,#7532,.F.);
#7530=EDGE_CURVE('',#378,#380,#7533,.T.);
#7531=EDGE_CURVE('',#380,#376,#7534,.T.);
#7532=LINE('',#375,#7535);
#7533=LINE('',#377,#7536);
#7534=LINE('',#379,#7537);
#7535=VECTOR('',#7538,1.0);
#7536=VECTOR('',#7539,1.0);
#7537=VECTOR('',#7540,1.0);
#7538=DIRECTION('',(1,0,0));
#7539=DIRECTION('',(-0.9989191405772245,0.003662817449241855,0.04633718114854261));
#7540=DIRECTION('',(0,-0.07880124056887772,-0.9968903472723597));
#7541=STYLED_ITEM('',(#25),#7542);
#7542=FACE_SURFACE('',(#7547),#7543,.T.);
#7543=PLANE('',#7544);
#7544=AXIS2_PLACEMENT_3D('',#379,#7545,#7546);
#7545=DIRECTION('',(0,-0.9968903472723597,0.07880124056887772));
#7546=DIRECTION('',(0.9989191405772245,-0.003662817449241855,-0.04633718114854261));
#7547=FACE_BOUND('',#7548,.T.);
#7548=EDGE_LOOP('',(#7549,#7550,#7551));
#7549=ORIENTED_EDGE('',*,*,#7552,.T.);
#7550=ORIENTED_EDGE('',*,*,#7553,.T.);
#7551=ORIENTED_EDGE('',*,*,#7554,.T.);
#7552=EDGE_CURVE('',#380,#378,#7555,.F.);
#7553=EDGE_CURVE('',#378,#382,#7556,.T.);
#7554=EDGE_CURVE('',#382,#380,#7557,.T.);
#7555=LINE('',#379,#7558);
#7556=LINE('',#377,#7559);
#7557=LINE('',#381,#7560);
#7558=VECTOR('',#7561,1.0);
#7559=VECTOR('',#7562,1.0);
#7560=VECTOR('',#7563,1.0);
#7561=DIRECTION('',(0.9989191405772245,-0.003662817449241855,-0.04633718114854261));
#7562=DIRECTION('',(0,0.07880124056887772,0.9968903472723597));
#7563=DIRECTION('',(-1,0,0));
#7564=STYLED_ITEM('',(#25),#7565);
#7565=FACE_SURFACE('',(#7570),#7566,.T.);
#7566=PLANE('',#7567);
#7567=AXIS2_PLACEMENT_3D('',#379,#7568,#7569);
#7568=DIRECTION('',(0,-0.9730838062428073,0.23045152641718447));
#7569=DIRECTION('',(1,0,0));
#7570=FACE_BOUND('',#7571,.T.);
#7571=EDGE_LOOP('',(#7572,#7573,#7574));
#7572=ORIENTED_EDGE('',*,*,#7575,.T.);
#7573=ORIENTED_EDGE('',*,*,#7576,.T.);
#7574=ORIENTED_EDGE('',*,*,#7577,.T.);
#7575=EDGE_CURVE('',#380,#382,#7578,.F.);
#7576=EDGE_CURVE('',#382,#384,#7579,.T.);
#7577=EDGE_CURVE('',#384,#380,#7580,.T.);
#7578=LINE('',#379,#7581);
#7579=LINE('',#381,#7582);
#7580=LINE('',#383,#7583);
#7581=VECTOR('',#7584,1.0);
#7582=VECTOR('',#7585,1.0);
#7583=VECTOR('',#7586,1.0);
#7584=DIRECTION('',(1,0,0));
#7585=DIRECTION('',(-0.9989192348594202,0.01071131710781628,0.045228640413858136));
#7586=DIRECTION('',(0,-0.23045152641718447,-0.9730838062428074));
#7587=STYLED_ITEM('',(#25),#7588);
#7588=FACE_SURFACE('',(#7593),#7589,.T.);
#7589=PLANE('',#7590);
#7590=AXIS2_PLACEMENT_3D('',#383,#7591,#7592);
#7591=DIRECTION('',(0,-0.9730838062428073,0.23045152641718447));
#7592=DIRECTION('',(0.9989192348594202,-0.01071131710781628,-0.045228640413858136));
#7593=FACE_BOUND('',#7594,.T.);
#7594=EDGE_LOOP('',(#7595,#7596,#7597));
#7595=ORIENTED_EDGE('',*,*,#7598,.T.);
#7596=ORIENTED_EDGE('',*,*,#7599,.T.);
#7597=ORIENTED_EDGE('',*,*,#7600,.T.);
#7598=EDGE_CURVE('',#384,#382,#7601,.F.);
#7599=EDGE_CURVE('',#382,#386,#7602,.T.);
#7600=EDGE_CURVE('',#386,#384,#7603,.T.);
#7601=LINE('',#383,#7604);
#7602=LINE('',#381,#7605);
#7603=LINE('',#385,#7606);
#7604=VECTOR('',#7607,1.0);
#7605=VECTOR('',#7608,1.0);
#7606=VECTOR('',#7609,1.0);
#7607=DIRECTION('',(0.9989192348594202,-0.01071131710781628,-0.045228640413858136));
#7608=DIRECTION('',(0,0.23045152641718447,0.9730838062428074));
#7609=DIRECTION('',(-1,0,0));
#7610=STYLED_ITEM('',(#25),#7611);
#7611=FACE_SURFACE('',(#7616),#7612,.T.);
#7612=PLANE('',#7613);
#7613=AXIS2_PLACEMENT_3D('',#383,#7614,#7615);
#7614=DIRECTION('',(0,-0.9263582759012512,0.3766435246612659));
#7615=DIRECTION('',(1,0,0));
#7616=FACE_BOUND('',#7617,.T.);
#7617=EDGE_LOOP('',(#7618,#7619,#7620));
#7618=ORIENTED_EDGE('',*,*,#7621,.T.);
#7619=ORIENTED_EDGE('',*,*,#7622,.T.);
#7620=ORIENTED_EDGE('',*,*,#7623,.T.);
#7621=EDGE_CURVE('',#384,#386,#7624,.F.);
#7622=EDGE_CURVE('',#386,#388,#7625,.T.);
#7623=EDGE_CURVE('',#388,#384,#7626,.T.);
#7624=LINE('',#383,#7627);
#7625=LINE('',#385,#7628);
#7626=LINE('',#387,#7629);
#7627=VECTOR('',#7630,1.0);
#7628=VECTOR('',#7631,1.0);
#7629=VECTOR('',#7632,1.0);
#7630=DIRECTION('',(1,0,0));
#7631=DIRECTION('',(-0.998918727304406,0.017510384874233596,0.04306695557039147));
#7632=DIRECTION('',(0,-0.3766435246612658,-0.9263582759012511));
#7633=STYLED_ITEM('',(#25),#7634);
#7634=FACE_SURFACE('',(#7639),#7635,.T.);
#7635=PLANE('',#7636);
#7636=AXIS2_PLACEMENT_3D('',#387,#7637,#7638);
#7637=DIRECTION('',(0,-0.9263582759012512,0.3766435246612659));
#7638=DIRECTION('',(0.998918727304406,-0.017510384874233596,-0.04306695557039147));
#7639=FACE_BOUND('',#7640,.T.);
#7640=EDGE_LOOP('',(#7641,#7642,#7643));
#7641=ORIENTED_EDGE('',*,*,#7644,.T.);
#7642=ORIENTED_EDGE('',*,*,#7645,.T.);
#7643=ORIENTED_EDGE('',*,*,#7646,.T.);
#7644=EDGE_CURVE('',#388,#386,#7647,.F.);
#7645=EDGE_CURVE('',#386,#390,#7648,.T.);
#7646=EDGE_CURVE('',#390,#388,#7649,.T.);
#7647=LINE('',#387,#7650);
#7648=LINE('',#385,#7651);
#7649=LINE('',#389,#7652);
#7650=VECTOR('',#7653,1.0);
#7651=VECTOR('',#7654,1.0);
#7652=VECTOR('',#7655,1.0);
#7653=DIRECTION('',(0.998918727304406,-0.017510384874233596,-0.04306695557039147));
#7654=DIRECTION('',(1,0,0));
#7655=DIRECTION('',(-0.9997293526762938,0.008762297300536908,0.021550952263309452));
#7656=STYLED_ITEM('',(#25),#7657);
#7657=FACE_SURFACE('',(#7662),#7658,.T.);
#7658=PLANE('',#7659);
#7659=AXIS2_PLACEMENT_3D('',#387,#7660,#7661);
#7660=DIRECTION('',(0,-0.9263582759012512,0.3766435246612659));
#7661=DIRECTION('',(0.9997293526762938,-0.008762297300536908,-0.021550952263309452));
#7662=FACE_BOUND('',#7663,.T.);
#7663=EDGE_LOOP('',(#7664,#7665,#7666));
#7664=ORIENTED_EDGE('',*,*,#7667,.T.);
#7665=ORIENTED_EDGE('',*,*,#7668,.T.);
#7666=ORIENTED_EDGE('',*,*,#7669,.T.);
#7667=EDGE_CURVE('',#388,#390,#7670,.F.);
#7668=EDGE_CURVE('',#390,#392,#7671,.T.);
#7669=EDGE_CURVE('',#392,#388,#7672,.T.);
#7670=LINE('',#387,#7673);
#7671=LINE('',#389,#7674);
#7672=LINE('',#391,#7675);
#7673=VECTOR('',#7676,1.0);
#7674=VECTOR('',#7677,1.0);
#7675=VECTOR('',#7678,1.0);
#7676=DIRECTION('',(0.9997293526762938,-0.008762297300536908,-0.021550952263309452));
#7677=DIRECTION('',(1,0,0));
#7678=DIRECTION('',(-0.9998796851666035,0.005842409943413195,0.014369461965809715));
#7679=STYLED_ITEM('',(#25),#7680);
#7680=FACE_SURFACE('',(#7685),#7681,.T.);
#7681=PLANE('',#7682);
#7682=AXIS2_PLACEMENT_3D('',#391,#7683,#7684);
#7683=DIRECTION('',(0,-0.9730838062428073,0.23045152641718447));
#7684=DIRECTION('',(-1,0,0));
#7685=FACE_BOUND('',#7686,.T.);
#7686=EDGE_LOOP('',(#7687,#7688,#7689));
#7687=ORIENTED_EDGE('',*,*,#7690,.T.);
#7688=ORIENTED_EDGE('',*,*,#7691,.T.);
#7689=ORIENTED_EDGE('',*,*,#7692,.T.);
#7690=EDGE_CURVE('',#392,#390,#7693,.F.);
#7691=EDGE_CURVE('',#390,#394,#7694,.T.);
#7692=EDGE_CURVE('',#394,#392,#7695,.T.);
#7693=LINE('',#391,#7696);
#7694=LINE('',#389,#7697);
#7695=LINE('',#393,#7698);
#7696=VECTOR('',#7699,1.0);
#7697=VECTOR('',#7700,1.0);
#7698=VECTOR('',#7701,1.0);
#7699=DIRECTION('',(-1,0,0));
#7700=DIRECTION('',(0.9989192348594202,-0.01071131710781628,-0.045228640413858136));
#7701=DIRECTION('',(0,0.23045152641718447,0.9730838062428074));
#7702=STYLED_ITEM('',(#25),#7703);
#7703=FACE_SURFACE('',(#7708),#7704,.T.);
#7704=PLANE('',#7705);
#7705=AXIS2_PLACEMENT_3D('',#391,#7706,#7707);
#7706=DIRECTION('',(0,-0.9730838062428075,0.2304515264171845));
#7707=DIRECTION('',(0,-0.23045152641718447,-0.9730838062428074));
#7708=FACE_BOUND('',#7709,.T.);
#7709=EDGE_LOOP('',(#7710,#7711,#7712));
#7710=ORIENTED_EDGE('',*,*,#7713,.T.);
#7711=ORIENTED_EDGE('',*,*,#7714,.T.);
#7712=ORIENTED_EDGE('',*,*,#7715,.T.);
#7713=EDGE_CURVE('',#392,#394,#7716,.F.);
#7714=EDGE_CURVE('',#394,#396,#7717,.T.);
#7715=EDGE_CURVE('',#396,#392,#7718,.T.);
#7716=LINE('',#391,#7719);
#7717=LINE('',#393,#7720);
#7718=LINE('',#395,#7721);
#7719=VECTOR('',#7722,1.0);
#7720=VECTOR('',#7723,1.0);
#7721=VECTOR('',#7724,1.0);
#7722=DIRECTION('',(0,-0.23045152641718447,-0.9730838062428074));
#7723=DIRECTION('',(1,0,0));
#7724=DIRECTION('',(-0.9989192398486926,0.010711292397154057,0.045228536072847145));
#7725=STYLED_ITEM('',(#25),#7726);
#7726=FACE_SURFACE('',(#7731),#7727,.T.);
#7727=PLANE('',#7728);
#7728=AXIS2_PLACEMENT_3D('',#395,#7729,#7730);
#7729=DIRECTION('',(0,-0.9968903472723597,0.07880124056887772));
#7730=DIRECTION('',(-1,0,0));
#7731=FACE_BOUND('',#7732,.T.);
#7732=EDGE_LOOP('',(#7733,#7734,#7735));
#7733=ORIENTED_EDGE('',*,*,#7736,.T.);
#7734=ORIENTED_EDGE('',*,*,#7737,.T.);
#7735=ORIENTED_EDGE('',*,*,#7738,.T.);
#7736=EDGE_CURVE('',#396,#394,#7739,.F.);
#7737=EDGE_CURVE('',#394,#398,#7740,.T.);
#7738=EDGE_CURVE('',#398,#396,#7741,.T.);
#7739=LINE('',#395,#7742);
#7740=LINE('',#393,#7743);
#7741=LINE('',#397,#7744);
#7742=VECTOR('',#7745,1.0);
#7743=VECTOR('',#7746,1.0);
#7744=VECTOR('',#7747,1.0);
#7745=DIRECTION('',(-1,0,0));
#7746=DIRECTION('',(0.9989191455669312,-0.00366280899924203,-0.046337074250184164));
#7747=DIRECTION('',(0,0.07880124056887772,0.9968903472723597));
#7748=STYLED_ITEM('',(#25),#7749);
#7749=FACE_SURFACE('',(#7754),#7750,.T.);
#7750=PLANE('',#7751);
#7751=AXIS2_PLACEMENT_3D('',#395,#7752,#7753);
#7752=DIRECTION('',(0,-0.9968903472723597,0.07880124056887772));
#7753=DIRECTION('',(0,-0.07880124056887772,-0.9968903472723597));
#7754=FACE_BOUND('',#7755,.T.);
#7755=EDGE_LOOP('',(#7756,#7757,#7758));
#7756=ORIENTED_EDGE('',*,*,#7759,.T.);
#7757=ORIENTED_EDGE('',*,*,#7760,.T.);
#7758=ORIENTED_EDGE('',*,*,#7761,.T.);
#7759=EDGE_CURVE('',#396,#398,#7762,.F.);
#7760=EDGE_CURVE('',#398,#400,#7763,.T.);
#7761=EDGE_CURVE('',#400,#396,#7764,.T.);
#7762=LINE('',#395,#7765);
#7763=LINE('',#397,#7766);
#7764=LINE('',#399,#7767);
#7765=VECTOR('',#7768,1.0);
#7766=VECTOR('',#7769,1.0);
#7767=VECTOR('',#7770,1.0);
#7768=DIRECTION('',(0,-0.07880124056887772,-0.9968903472723597));
#7769=DIRECTION('',(1,0,0));
#7770=DIRECTION('',(-0.9989191405772245,0.003662817449241855,0.04633718114854261));
#7771=STYLED_ITEM('',(#25),#7772);
#7772=FACE_SURFACE('',(#7777),#7773,.T.);
#7773=PLANE('',#7774);
#7774=AXIS2_PLACEMENT_3D('',#399,#7775,#7776);
#7775=DIRECTION('',(-0,-0.9971948600820152,-0.07484925534706513));
#7776=DIRECTION('',(-1,0,0));
#7777=FACE_BOUND('',#7778,.T.);
#7778=EDGE_LOOP('',(#7779,#7780,#7781));
#7779=ORIENTED_EDGE('',*,*,#7782,.T.);
#7780=ORIENTED_EDGE('',*,*,#7783,.T.);
#7781=ORIENTED_EDGE('',*,*,#7784,.T.);
#7782=EDGE_CURVE('',#400,#398,#7785,.F.);
#7783=EDGE_CURVE('',#398,#402,#7786,.T.);
#7784=EDGE_CURVE('',#402,#400,#7787,.T.);
#7785=LINE('',#399,#7788);
#7786=LINE('',#397,#7789);
#7787=LINE('',#401,#7790);
#7788=VECTOR('',#7791,1.0);
#7789=VECTOR('',#7792,1.0);
#7790=VECTOR('',#7793,1.0);
#7791=DIRECTION('',(-1,0,0));
#7792=DIRECTION('',(0.9989197995302009,0.0034780622430074138,-0.046337211715604745));
#7793=DIRECTION('',(0,-0.07484925534706513,0.9971948600820151));
#7794=STYLED_ITEM('',(#25),#7795);
#7795=FACE_SURFACE('',(#7800),#7796,.T.);
#7796=PLANE('',#7797);
#7797=AXIS2_PLACEMENT_3D('',#399,#7798,#7799);
#7798=DIRECTION('',(0,-0.9971948600820152,-0.07484925534706513));
#7799=DIRECTION('',(0,0.07484925534706513,-0.9971948600820151));
#7800=FACE_BOUND('',#7801,.T.);
#7801=EDGE_LOOP('',(#7802,#7803,#7804));
#7802=ORIENTED_EDGE('',*,*,#7805,.T.);
#7803=ORIENTED_EDGE('',*,*,#7806,.T.);
#7804=ORIENTED_EDGE('',*,*,#7807,.T.);
#7805=EDGE_CURVE('',#400,#402,#7808,.F.);
#7806=EDGE_CURVE('',#402,#404,#7809,.T.);
#7807=EDGE_CURVE('',#404,#400,#7810,.T.);
#7808=LINE('',#399,#7811);
#7809=LINE('',#401,#7812);
#7810=LINE('',#403,#7813);
#7811=VECTOR('',#7814,1.0);
#7812=VECTOR('',#7815,1.0);
#7813=VECTOR('',#7816,1.0);
#7814=DIRECTION('',(0,0.07484925534706513,-0.9971948600820151));
#7815=DIRECTION('',(1,0,0));
#7816=DIRECTION('',(-0.9989197995302009,-0.0034780622430074138,0.046337211715604745));
#7817=STYLED_ITEM('',(#25),#7818);
#7818=FACE_SURFACE('',(#7823),#7819,.T.);
#7819=PLANE('',#7820);
#7820=AXIS2_PLACEMENT_3D('',#403,#7821,#7822);
#7821=DIRECTION('',(-0,-0.9740095568589054,-0.22650691633484138));
#7822=DIRECTION('',(-1,0,0));
#7823=FACE_BOUND('',#7824,.T.);
#7824=EDGE_LOOP('',(#7825,#7826,#7827));
#7825=ORIENTED_EDGE('',*,*,#7828,.T.);
#7826=ORIENTED_EDGE('',*,*,#7829,.T.);
#7827=ORIENTED_EDGE('',*,*,#7830,.T.);
#7828=EDGE_CURVE('',#404,#402,#7831,.F.);
#7829=EDGE_CURVE('',#402,#406,#7832,.T.);
#7830=EDGE_CURVE('',#406,#404,#7833,.T.);
#7831=LINE('',#403,#7834);
#7832=LINE('',#401,#7835);
#7833=LINE('',#405,#7836);
#7834=VECTOR('',#7837,1.0);
#7835=VECTOR('',#7838,1.0);
#7836=VECTOR('',#7839,1.0);
#7837=DIRECTION('',(-1,0,0));
#7838=DIRECTION('',(0.9989195245258636,0.010526562642275916,-0.045265605043573486));
#7839=DIRECTION('',(0,-0.22650691633484135,0.9740095568589052));
#7840=STYLED_ITEM('',(#25),#7841);
#7841=FACE_SURFACE('',(#7846),#7842,.T.);
#7842=PLANE('',#7843);
#7843=AXIS2_PLACEMENT_3D('',#403,#7844,#7845);
#7844=DIRECTION('',(0,-0.9740095568589053,-0.22650691633484135));
#7845=DIRECTION('',(0,0.22650691633484135,-0.9740095568589052));
#7846=FACE_BOUND('',#7847,.T.);
#7847=EDGE_LOOP('',(#7848,#7849,#7850));
#7848=ORIENTED_EDGE('',*,*,#7851,.T.);
#7849=ORIENTED_EDGE('',*,*,#7852,.T.);
#7850=ORIENTED_EDGE('',*,*,#7853,.T.);
#7851=EDGE_CURVE('',#404,#406,#7854,.F.);
#7852=EDGE_CURVE('',#406,#408,#7855,.T.);
#7853=EDGE_CURVE('',#408,#404,#7856,.T.);
#7854=LINE('',#403,#7857);
#7855=LINE('',#405,#7858);
#7856=LINE('',#407,#7859);
#7857=VECTOR('',#7860,1.0);
#7858=VECTOR('',#7861,1.0);
#7859=VECTOR('',#7862,1.0);
#7860=DIRECTION('',(0,0.22650691633484135,-0.9740095568589052));
#7861=DIRECTION('',(1,0,0));
#7862=DIRECTION('',(-0.9989195295138008,-0.010526538357822187,0.04526550061722573));
#7863=STYLED_ITEM('',(#25),#7864);
#7864=FACE_SURFACE('',(#7869),#7865,.T.);
#7865=PLANE('',#7866);
#7866=AXIS2_PLACEMENT_3D('',#407,#7867,#7868);
#7867=DIRECTION('',(-0,-0.9278588026913632,-0.37293168579265285));
#7868=DIRECTION('',(-1,0,0));
#7869=FACE_BOUND('',#7870,.T.);
#7870=EDGE_LOOP('',(#7871,#7872,#7873));
#7871=ORIENTED_EDGE('',*,*,#7874,.T.);
#7872=ORIENTED_EDGE('',*,*,#7875,.T.);
#7873=ORIENTED_EDGE('',*,*,#7876,.T.);
#7874=EDGE_CURVE('',#408,#406,#7877,.F.);
#7875=EDGE_CURVE('',#406,#410,#7878,.T.);
#7876=EDGE_CURVE('',#410,#408,#7879,.T.);
#7877=LINE('',#407,#7880);
#7878=LINE('',#405,#7881);
#7879=LINE('',#409,#7882);
#7880=VECTOR('',#7883,1.0);
#7881=VECTOR('',#7884,1.0);
#7882=VECTOR('',#7885,1.0);
#7883=DIRECTION('',(-1,0,0));
#7884=DIRECTION('',(0.9989185249468215,0.01733944065609037,-0.04314075006070433));
#7885=DIRECTION('',(0,-0.3729316857926528,0.9278588026913631));
#7886=STYLED_ITEM('',(#25),#7887);
#7887=FACE_SURFACE('',(#7892),#7888,.T.);
#7888=PLANE('',#7889);
#7889=AXIS2_PLACEMENT_3D('',#407,#7890,#7891);
#7890=DIRECTION('',(0,-0.9278588026913632,-0.37293168579265285));
#7891=DIRECTION('',(0,0.3729316857926528,-0.9278588026913631));
#7892=FACE_BOUND('',#7893,.T.);
#7893=EDGE_LOOP('',(#7894,#7895,#7896));
#7894=ORIENTED_EDGE('',*,*,#7897,.T.);
#7895=ORIENTED_EDGE('',*,*,#7898,.T.);
#7896=ORIENTED_EDGE('',*,*,#7899,.T.);
#7897=EDGE_CURVE('',#408,#410,#7900,.F.);
#7898=EDGE_CURVE('',#410,#412,#7901,.T.);
#7899=EDGE_CURVE('',#412,#408,#7902,.T.);
#7900=LINE('',#407,#7903);
#7901=LINE('',#409,#7904);
#7902=LINE('',#411,#7905);
#7903=VECTOR('',#7906,1.0);
#7904=VECTOR('',#7907,1.0);
#7905=VECTOR('',#7908,1.0);
#7906=DIRECTION('',(0,0.3729316857926528,-0.9278588026913631));
#7907=DIRECTION('',(1,0,0));
#7908=DIRECTION('',(-0.9989185199542543,-0.017339480657654328,0.04314084958510693));
#7909=STYLED_ITEM('',(#25),#7910);
#7910=FACE_SURFACE('',(#7915),#7911,.T.);
#7911=PLANE('',#7912);
#7912=AXIS2_PLACEMENT_3D('',#411,#7913,#7914);
#7913=DIRECTION('',(-0,-0.859816568888547,-0.5106030433367261));
#7914=DIRECTION('',(-1,0,0));
#7915=FACE_BOUND('',#7916,.T.);
#7916=EDGE_LOOP('',(#7917,#7918,#7919));
#7917=ORIENTED_EDGE('',*,*,#7920,.T.);
#7918=ORIENTED_EDGE('',*,*,#7921,.T.);
#7919=ORIENTED_EDGE('',*,*,#7922,.T.);
#7920=EDGE_CURVE('',#412,#410,#7923,.F.);
#7921=EDGE_CURVE('',#410,#414,#7924,.T.);
#7922=EDGE_CURVE('',#414,#412,#7925,.T.);
#7923=LINE('',#411,#7926);
#7924=LINE('',#409,#7927);
#7925=LINE('',#413,#7928);
#7926=VECTOR('',#7929,1.0);
#7927=VECTOR('',#7930,1.0);
#7928=VECTOR('',#7931,1.0);
#7929=DIRECTION('',(-1,0,0));
#7930=DIRECTION('',(0.9989192868275906,0.023732104425661732,-0.03996305322904346));
#7931=DIRECTION('',(0,-0.5106030433367261,0.859816568888547));
#7932=STYLED_ITEM('',(#25),#7933);
#7933=FACE_SURFACE('',(#7938),#7934,.T.);
#7934=PLANE('',#7935);
#7935=AXIS2_PLACEMENT_3D('',#411,#7936,#7937);
#7936=DIRECTION('',(0,-0.8598165688885471,-0.5106030433367261));
#7937=DIRECTION('',(0,0.5106030433367261,-0.859816568888547));
#7938=FACE_BOUND('',#7939,.T.);
#7939=EDGE_LOOP('',(#7940,#7941,#7942));
#7940=ORIENTED_EDGE('',*,*,#7943,.T.);
#7941=ORIENTED_EDGE('',*,*,#7944,.T.);
#7942=ORIENTED_EDGE('',*,*,#7945,.T.);
#7943=EDGE_CURVE('',#412,#414,#7946,.F.);
#7944=EDGE_CURVE('',#414,#416,#7947,.T.);
#7945=EDGE_CURVE('',#416,#412,#7948,.T.);
#7946=LINE('',#411,#7949);
#7947=LINE('',#413,#7950);
#7948=LINE('',#415,#7951);
#7949=VECTOR('',#7952,1.0);
#7950=VECTOR('',#7953,1.0);
#7951=VECTOR('',#7954,1.0);
#7952=DIRECTION('',(0,0.5106030433367261,-0.859816568888547));
#7953=DIRECTION('',(1,0,0));
#7954=DIRECTION('',(-0.9989192918166233,-0.02373204967645849,0.03996296103556226));
#7955=STYLED_ITEM('',(#25),#7956);
#7956=FACE_SURFACE('',(#7961),#7957,.T.);
#7957=PLANE('',#7958);
#7958=AXIS2_PLACEMENT_3D('',#415,#7959,#7960);
#7959=DIRECTION('',(-0,-0.7713732785400772,-0.6363829547955636));
#7960=DIRECTION('',(-1,0,0));
#7961=FACE_BOUND('',#7962,.T.);
#7962=EDGE_LOOP('',(#7963,#7964,#7965));
#7963=ORIENTED_EDGE('',*,*,#7966,.T.);
#7964=ORIENTED_EDGE('',*,*,#7967,.T.);
#7965=ORIENTED_EDGE('',*,*,#7968,.T.);
#7966=EDGE_CURVE('',#416,#414,#7969,.F.);
#7967=EDGE_CURVE('',#414,#418,#7970,.T.);
#7968=EDGE_CURVE('',#418,#416,#7971,.T.);
#7969=LINE('',#415,#7972);
#7970=LINE('',#413,#7973);
#7971=LINE('',#417,#7974);
#7972=VECTOR('',#7975,1.0);
#7973=VECTOR('',#7976,1.0);
#7974=VECTOR('',#7977,1.0);
#7975=DIRECTION('',(-1,0,0));
#7976=DIRECTION('',(0.9989198559734143,0.0295703907814747,-0.03584289791693903));
#7977=DIRECTION('',(0,-0.6363829547955637,0.7713732785400772));
#7978=STYLED_ITEM('',(#25),#7979);
#7979=FACE_SURFACE('',(#7984),#7980,.T.);
#7980=PLANE('',#7981);
#7981=AXIS2_PLACEMENT_3D('',#415,#7982,#7983);
#7982=DIRECTION('',(0,-0.7713732785400773,-0.6363829547955638));
#7983=DIRECTION('',(0,0.6363829547955637,-0.7713732785400772));
#7984=FACE_BOUND('',#7985,.T.);
#7985=EDGE_LOOP('',(#7986,#7987,#7988));
#7986=ORIENTED_EDGE('',*,*,#7989,.T.);
#7987=ORIENTED_EDGE('',*,*,#7990,.T.);
#7988=ORIENTED_EDGE('',*,*,#7991,.T.);
#7989=EDGE_CURVE('',#416,#418,#7992,.F.);
#7990=EDGE_CURVE('',#418,#420,#7993,.T.);
#7991=EDGE_CURVE('',#420,#416,#7994,.T.);
#7992=LINE('',#415,#7995);
#7993=LINE('',#417,#7996);
#7994=LINE('',#419,#7997);
#7995=VECTOR('',#7998,1.0);
#7996=VECTOR('',#7999,1.0);
#7997=VECTOR('',#8000,1.0);
#7998=DIRECTION('',(0,0.6363829547955637,-0.7713732785400772));
#7999=DIRECTION('',(1,0,0));
#8000=DIRECTION('',(-0.9989198509869817,-0.029570458999651616,0.03584298060563832));
#8001=STYLED_ITEM('',(#25),#8002);
#8002=FACE_SURFACE('',(#8007),#8003,.T.);
#8003=PLANE('',#8004);
#8004=AXIS2_PLACEMENT_3D('',#419,#8005,#8006);
#8005=DIRECTION('',(-0,-0.6649803885424219,-0.7468608189307895));
#8006=DIRECTION('',(-1,0,0));
#8007=FACE_BOUND('',#8008,.T.);
#8008=EDGE_LOOP('',(#8009,#8010,#8011));
#8009=ORIENTED_EDGE('',*,*,#8012,.T.);
#8010=ORIENTED_EDGE('',*,*,#8013,.T.);
#8011=ORIENTED_EDGE('',*,*,#8014,.T.);
#8012=EDGE_CURVE('',#420,#418,#8015,.F.);
#8013=EDGE_CURVE('',#418,#422,#8016,.T.);
#8014=EDGE_CURVE('',#422,#420,#8017,.T.);
#8015=LINE('',#419,#8018);
#8016=LINE('',#417,#8019);
#8017=LINE('',#421,#8020);
#8018=VECTOR('',#8021,1.0);
#8019=VECTOR('',#8022,1.0);
#8020=VECTOR('',#8023,1.0);
#8021=DIRECTION('',(-1,0,0));
#8022=DIRECTION('',(0.9989191059779668,0.03471593315884327,-0.030909928778469823));
#8023=DIRECTION('',(0,-0.7468608189307895,0.6649803885424219));
#8024=STYLED_ITEM('',(#25),#8025);
#8025=FACE_SURFACE('',(#8030),#8026,.T.);
#8026=PLANE('',#8027);
#8027=AXIS2_PLACEMENT_3D('',#421,#8028,#8029);
#8028=DIRECTION('',(-0,-0.6649803885424219,-0.7468608189307895));
#8029=DIRECTION('',(-0.9989191059779668,-0.03471593315884327,0.030909928778469823));
#8030=FACE_BOUND('',#8031,.T.);
#8031=EDGE_LOOP('',(#8032,#8033,#8034));
#8032=ORIENTED_EDGE('',*,*,#8035,.T.);
#8033=ORIENTED_EDGE('',*,*,#8036,.T.);
#8034=ORIENTED_EDGE('',*,*,#8037,.T.);
#8035=EDGE_CURVE('',#422,#418,#8038,.F.);
#8036=EDGE_CURVE('',#418,#424,#8039,.T.);
#8037=EDGE_CURVE('',#424,#422,#8040,.T.);
#8038=LINE('',#421,#8041);
#8039=LINE('',#417,#8042);
#8040=LINE('',#423,#8043);
#8041=VECTOR('',#8044,1.0);
#8042=VECTOR('',#8045,1.0);
#8043=VECTOR('',#8046,1.0);
#8044=DIRECTION('',(-0.9989191059779668,-0.03471593315884327,0.030909928778469823));
#8045=DIRECTION('',(0,0.7468608189307895,-0.6649803885424219));
#8046=DIRECTION('',(1,0,0));
#8047=STYLED_ITEM('',(#25),#8048);
#8048=FACE_SURFACE('',(#8053),#8049,.T.);
#8049=PLANE('',#8050);
#8050=AXIS2_PLACEMENT_3D('',#421,#8051,#8052);
#8051=DIRECTION('',(-0,-0.5429504712658783,-0.8397647204736342));
#8052=DIRECTION('',(-1,0,0));
#8053=FACE_BOUND('',#8054,.T.);
#8054=EDGE_LOOP('',(#8055,#8056,#8057));
#8055=ORIENTED_EDGE('',*,*,#8058,.T.);
#8056=ORIENTED_EDGE('',*,*,#8059,.T.);
#8057=ORIENTED_EDGE('',*,*,#8060,.T.);
#8058=EDGE_CURVE('',#422,#424,#8061,.F.);
#8059=EDGE_CURVE('',#424,#426,#8062,.T.);
#8060=EDGE_CURVE('',#426,#422,#8063,.T.);
#8061=LINE('',#421,#8064);
#8062=LINE('',#423,#8065);
#8063=LINE('',#425,#8066);
#8064=VECTOR('',#8067,1.0);
#8065=VECTOR('',#8068,1.0);
#8066=VECTOR('',#8069,1.0);
#8067=DIRECTION('',(-1,0,0));
#8068=DIRECTION('',(0.9989190891738323,0.03903463892894887,-0.025237873282188693));
#8069=DIRECTION('',(0,-0.839764720473634,0.5429504712658781));
#8070=STYLED_ITEM('',(#25),#8071);
#8071=FACE_SURFACE('',(#8076),#8072,.T.);
#8072=PLANE('',#8073);
#8073=AXIS2_PLACEMENT_3D('',#425,#8074,#8075);
#8074=DIRECTION('',(-0,-0.5429504712658783,-0.8397647204736342));
#8075=DIRECTION('',(-0.9989190891738323,-0.03903463892894887,0.025237873282188693));
#8076=FACE_BOUND('',#8077,.T.);
#8077=EDGE_LOOP('',(#8078,#8079,#8080));
#8078=ORIENTED_EDGE('',*,*,#8081,.T.);
#8079=ORIENTED_EDGE('',*,*,#8082,.T.);
#8080=ORIENTED_EDGE('',*,*,#8083,.T.);
#8081=EDGE_CURVE('',#426,#424,#8084,.F.);
#8082=EDGE_CURVE('',#424,#428,#8085,.T.);
#8083=EDGE_CURVE('',#428,#426,#8086,.T.);
#8084=LINE('',#425,#8087);
#8085=LINE('',#423,#8088);
#8086=LINE('',#427,#8089);
#8087=VECTOR('',#8090,1.0);
#8088=VECTOR('',#8091,1.0);
#8089=VECTOR('',#8092,1.0);
#8090=DIRECTION('',(-0.9989190891738323,-0.03903463892894887,0.025237873282188693));
#8091=DIRECTION('',(0,0.839764720473634,-0.5429504712658781));
#8092=DIRECTION('',(1,0,0));
#8093=STYLED_ITEM('',(#25),#8094);
#8094=FACE_SURFACE('',(#8099),#8095,.T.);
#8095=PLANE('',#8096);
#8096=AXIS2_PLACEMENT_3D('',#425,#8097,#8098);
#8097=DIRECTION('',(-0,-0.4078713174126974,-0.9130394232627804));
#8098=DIRECTION('',(-1,0,0));
#8099=FACE_BOUND('',#8100,.T.);
#8100=EDGE_LOOP('',(#8101,#8102,#8103));
#8101=ORIENTED_EDGE('',*,*,#8104,.T.);
#8102=ORIENTED_EDGE('',*,*,#8105,.T.);
#8103=ORIENTED_EDGE('',*,*,#8106,.T.);
#8104=EDGE_CURVE('',#426,#428,#8107,.F.);
#8105=EDGE_CURVE('',#428,#338,#8108,.T.);
#8106=EDGE_CURVE('',#338,#426,#8109,.T.);
#8107=LINE('',#425,#8110);
#8108=LINE('',#427,#8111);
#8109=LINE('',#337,#8112);
#8110=VECTOR('',#8113,1.0);
#8111=VECTOR('',#8114,1.0);
#8112=VECTOR('',#8115,1.0);
#8113=DIRECTION('',(-1,0,0));
#8114=DIRECTION('',(0.9989194185648606,0.0424341907574717,-0.01895612483603612));
#8115=DIRECTION('',(0,-0.9130394232627804,0.4078713174126974));
#8116=STYLED_ITEM('',(#25),#8117);
#8117=FACE_SURFACE('',(#8122),#8118,.T.);
#8118=PLANE('',#8119);
#8119=AXIS2_PLACEMENT_3D('',#337,#8120,#8121);
#8120=DIRECTION('',(-0,-0.4078713174126974,-0.9130394232627804));
#8121=DIRECTION('',(-0.9989194185648606,-0.0424341907574717,0.01895612483603612));
#8122=FACE_BOUND('',#8123,.T.);
#8123=EDGE_LOOP('',(#8124,#8125,#8126));
#8124=ORIENTED_EDGE('',*,*,#8127,.T.);
#8125=ORIENTED_EDGE('',*,*,#8128,.T.);
#8126=ORIENTED_EDGE('',*,*,#8129,.T.);
#8127=EDGE_CURVE('',#338,#428,#8130,.F.);
#8128=EDGE_CURVE('',#428,#340,#8131,.T.);
#8129=EDGE_CURVE('',#340,#338,#8132,.T.);
#8130=LINE('',#337,#8133);
#8131=LINE('',#427,#8134);
#8132=LINE('',#339,#8135);
#8133=VECTOR('',#8136,1.0);
#8134=VECTOR('',#8137,1.0);
#8135=VECTOR('',#8138,1.0);
#8136=DIRECTION('',(-0.9989194185648606,-0.0424341907574717,0.01895612483603612));
#8137=DIRECTION('',(0,0.9130394232627804,-0.4078713174126974));
#8138=DIRECTION('',(1,0,0));
#8139=STYLED_ITEM('',(#25),#8140);
#8140=FACE_SURFACE('',(#8145),#8141,.T.);
#8141=PLANE('',#8142);
#8142=AXIS2_PLACEMENT_3D('',#419,#8143,#8144);
#8143=DIRECTION('',(0,-0.7713732785400773,-0.6363829547955638));
#8144=DIRECTION('',(0,-0.6363829547955637,0.7713732785400772));
#8145=FACE_BOUND('',#8146,.T.);
#8146=EDGE_LOOP('',(#8147,#8148,#8149));
#8147=ORIENTED_EDGE('',*,*,#8150,.T.);
#8148=ORIENTED_EDGE('',*,*,#8151,.T.);
#8149=ORIENTED_EDGE('',*,*,#8152,.T.);
#8150=EDGE_CURVE('',#420,#430,#8153,.F.);
#8151=EDGE_CURVE('',#430,#416,#8154,.T.);
#8152=EDGE_CURVE('',#416,#420,#8155,.T.);
#8153=LINE('',#419,#8156);
#8154=LINE('',#429,#8157);
#8155=LINE('',#415,#8158);
#8156=VECTOR('',#8159,1.0);
#8157=VECTOR('',#8160,1.0);
#8158=VECTOR('',#8161,1.0);
#8159=DIRECTION('',(0,-0.6363829547955637,0.7713732785400772));
#8160=DIRECTION('',(-1,0,0));
#8161=DIRECTION('',(0.9989198509869817,0.029570458999651616,-0.03584298060563832));
#8162=STYLED_ITEM('',(#25),#8163);
#8163=FACE_SURFACE('',(#8168),#8164,.T.);
#8164=PLANE('',#8165);
#8165=AXIS2_PLACEMENT_3D('',#415,#8166,#8167);
#8166=DIRECTION('',(0,-0.859816568888547,-0.5106030433367261));
#8167=DIRECTION('',(1,0,0));
#8168=FACE_BOUND('',#8169,.T.);
#8169=EDGE_LOOP('',(#8170,#8171,#8172));
#8170=ORIENTED_EDGE('',*,*,#8173,.T.);
#8171=ORIENTED_EDGE('',*,*,#8174,.T.);
#8172=ORIENTED_EDGE('',*,*,#8175,.T.);
#8173=EDGE_CURVE('',#416,#430,#8176,.F.);
#8174=EDGE_CURVE('',#430,#432,#8177,.T.);
#8175=EDGE_CURVE('',#432,#416,#8178,.T.);
#8176=LINE('',#415,#8179);
#8177=LINE('',#429,#8180);
#8178=LINE('',#431,#8181);
#8179=VECTOR('',#8182,1.0);
#8180=VECTOR('',#8183,1.0);
#8181=VECTOR('',#8184,1.0);
#8182=DIRECTION('',(1,0,0));
#8183=DIRECTION('',(-0.9989192868275906,-0.023732104425661732,0.03996305322904346));
#8184=DIRECTION('',(0,0.5106030433367261,-0.859816568888547));
#8185=STYLED_ITEM('',(#25),#8186);
#8186=FACE_SURFACE('',(#8191),#8187,.T.);
#8187=PLANE('',#8188);
#8188=AXIS2_PLACEMENT_3D('',#415,#8189,#8190);
#8189=DIRECTION('',(0,-0.8598165688885471,-0.5106030433367261));
#8190=DIRECTION('',(0,-0.5106030433367261,0.859816568888547));
#8191=FACE_BOUND('',#8192,.T.);
#8192=EDGE_LOOP('',(#8193,#8194,#8195));
#8193=ORIENTED_EDGE('',*,*,#8196,.T.);
#8194=ORIENTED_EDGE('',*,*,#8197,.T.);
#8195=ORIENTED_EDGE('',*,*,#8198,.T.);
#8196=EDGE_CURVE('',#416,#432,#8199,.F.);
#8197=EDGE_CURVE('',#432,#412,#8200,.T.);
#8198=EDGE_CURVE('',#412,#416,#8201,.T.);
#8199=LINE('',#415,#8202);
#8200=LINE('',#431,#8203);
#8201=LINE('',#411,#8204);
#8202=VECTOR('',#8205,1.0);
#8203=VECTOR('',#8206,1.0);
#8204=VECTOR('',#8207,1.0);
#8205=DIRECTION('',(0,-0.5106030433367261,0.859816568888547));
#8206=DIRECTION('',(-1,0,0));
#8207=DIRECTION('',(0.9989192918166233,0.02373204967645849,-0.03996296103556226));
#8208=STYLED_ITEM('',(#25),#8209);
#8209=FACE_SURFACE('',(#8214),#8210,.T.);
#8210=PLANE('',#8211);
#8211=AXIS2_PLACEMENT_3D('',#411,#8212,#8213);
#8212=DIRECTION('',(0,-0.9278588026913632,-0.37293168579265285));
#8213=DIRECTION('',(1,0,0));
#8214=FACE_BOUND('',#8215,.T.);
#8215=EDGE_LOOP('',(#8216,#8217,#8218));
#8216=ORIENTED_EDGE('',*,*,#8219,.T.);
#8217=ORIENTED_EDGE('',*,*,#8220,.T.);
#8218=ORIENTED_EDGE('',*,*,#8221,.T.);
#8219=EDGE_CURVE('',#412,#432,#8222,.F.);
#8220=EDGE_CURVE('',#432,#434,#8223,.T.);
#8221=EDGE_CURVE('',#434,#412,#8224,.T.);
#8222=LINE('',#411,#8225);
#8223=LINE('',#431,#8226);
#8224=LINE('',#433,#8227);
#8225=VECTOR('',#8228,1.0);
#8226=VECTOR('',#8229,1.0);
#8227=VECTOR('',#8230,1.0);
#8228=DIRECTION('',(1,0,0));
#8229=DIRECTION('',(-0.9989185249468215,-0.01733944065609037,0.04314075006070433));
#8230=DIRECTION('',(0,0.3729316857926528,-0.9278588026913631));
#8231=STYLED_ITEM('',(#25),#8232);
#8232=FACE_SURFACE('',(#8237),#8233,.T.);
#8233=PLANE('',#8234);
#8234=AXIS2_PLACEMENT_3D('',#411,#8235,#8236);
#8235=DIRECTION('',(0,-0.9278588026913632,-0.37293168579265285));
#8236=DIRECTION('',(0,-0.3729316857926528,0.9278588026913631));
#8237=FACE_BOUND('',#8238,.T.);
#8238=EDGE_LOOP('',(#8239,#8240,#8241));
#8239=ORIENTED_EDGE('',*,*,#8242,.T.);
#8240=ORIENTED_EDGE('',*,*,#8243,.T.);
#8241=ORIENTED_EDGE('',*,*,#8244,.T.);
#8242=EDGE_CURVE('',#412,#434,#8245,.F.);
#8243=EDGE_CURVE('',#434,#408,#8246,.T.);
#8244=EDGE_CURVE('',#408,#412,#8247,.T.);
#8245=LINE('',#411,#8248);
#8246=LINE('',#433,#8249);
#8247=LINE('',#407,#8250);
#8248=VECTOR('',#8251,1.0);
#8249=VECTOR('',#8252,1.0);
#8250=VECTOR('',#8253,1.0);
#8251=DIRECTION('',(0,-0.3729316857926528,0.9278588026913631));
#8252=DIRECTION('',(-1,0,0));
#8253=DIRECTION('',(0.9989185199542543,0.017339480657654328,-0.04314084958510693));
#8254=STYLED_ITEM('',(#25),#8255);
#8255=FACE_SURFACE('',(#8260),#8256,.T.);
#8256=PLANE('',#8257);
#8257=AXIS2_PLACEMENT_3D('',#407,#8258,#8259);
#8258=DIRECTION('',(0,-0.9740095568589054,-0.22650691633484138));
#8259=DIRECTION('',(1,0,0));
#8260=FACE_BOUND('',#8261,.T.);
#8261=EDGE_LOOP('',(#8262,#8263,#8264));
#8262=ORIENTED_EDGE('',*,*,#8265,.T.);
#8263=ORIENTED_EDGE('',*,*,#8266,.T.);
#8264=ORIENTED_EDGE('',*,*,#8267,.T.);
#8265=EDGE_CURVE('',#408,#434,#8268,.F.);
#8266=EDGE_CURVE('',#434,#436,#8269,.T.);
#8267=EDGE_CURVE('',#436,#408,#8270,.T.);
#8268=LINE('',#407,#8271);
#8269=LINE('',#433,#8272);
#8270=LINE('',#435,#8273);
#8271=VECTOR('',#8274,1.0);
#8272=VECTOR('',#8275,1.0);
#8273=VECTOR('',#8276,1.0);
#8274=DIRECTION('',(1,0,0));
#8275=DIRECTION('',(-0.9989195245258636,-0.010526562642275916,0.045265605043573486));
#8276=DIRECTION('',(0,0.22650691633484135,-0.9740095568589052));
#8277=STYLED_ITEM('',(#25),#8278);
#8278=FACE_SURFACE('',(#8283),#8279,.T.);
#8279=PLANE('',#8280);
#8280=AXIS2_PLACEMENT_3D('',#407,#8281,#8282);
#8281=DIRECTION('',(0,-0.9740095568589053,-0.22650691633484135));
#8282=DIRECTION('',(0,-0.22650691633484135,0.9740095568589052));
#8283=FACE_BOUND('',#8284,.T.);
#8284=EDGE_LOOP('',(#8285,#8286,#8287));
#8285=ORIENTED_EDGE('',*,*,#8288,.T.);
#8286=ORIENTED_EDGE('',*,*,#8289,.T.);
#8287=ORIENTED_EDGE('',*,*,#8290,.T.);
#8288=EDGE_CURVE('',#408,#436,#8291,.F.);
#8289=EDGE_CURVE('',#436,#404,#8292,.T.);
#8290=EDGE_CURVE('',#404,#408,#8293,.T.);
#8291=LINE('',#407,#8294);
#8292=LINE('',#435,#8295);
#8293=LINE('',#403,#8296);
#8294=VECTOR('',#8297,1.0);
#8295=VECTOR('',#8298,1.0);
#8296=VECTOR('',#8299,1.0);
#8297=DIRECTION('',(0,-0.22650691633484135,0.9740095568589052));
#8298=DIRECTION('',(-1,0,0));
#8299=DIRECTION('',(0.9989195295138008,0.010526538357822187,-0.04526550061722573));
#8300=STYLED_ITEM('',(#25),#8301);
#8301=FACE_SURFACE('',(#8306),#8302,.T.);
#8302=PLANE('',#8303);
#8303=AXIS2_PLACEMENT_3D('',#403,#8304,#8305);
#8304=DIRECTION('',(0,-0.9971948600820152,-0.07484925534706513));
#8305=DIRECTION('',(1,0,0));
#8306=FACE_BOUND('',#8307,.T.);
#8307=EDGE_LOOP('',(#8308,#8309,#8310));
#8308=ORIENTED_EDGE('',*,*,#8311,.T.);
#8309=ORIENTED_EDGE('',*,*,#8312,.T.);
#8310=ORIENTED_EDGE('',*,*,#8313,.T.);
#8311=EDGE_CURVE('',#404,#436,#8314,.F.);
#8312=EDGE_CURVE('',#436,#438,#8315,.T.);
#8313=EDGE_CURVE('',#438,#404,#8316,.T.);
#8314=LINE('',#403,#8317);
#8315=LINE('',#435,#8318);
#8316=LINE('',#437,#8319);
#8317=VECTOR('',#8320,1.0);
#8318=VECTOR('',#8321,1.0);
#8319=VECTOR('',#8322,1.0);
#8320=DIRECTION('',(1,0,0));
#8321=DIRECTION('',(-0.9989198045168707,-0.0034780542192212093,0.046337104817034756));
#8322=DIRECTION('',(0,0.07484925534706513,-0.9971948600820151));
#8323=STYLED_ITEM('',(#25),#8324);
#8324=FACE_SURFACE('',(#8329),#8325,.T.);
#8325=PLANE('',#8326);
#8326=AXIS2_PLACEMENT_3D('',#403,#8327,#8328);
#8327=DIRECTION('',(0,-0.9971948600820152,-0.07484925534706513));
#8328=DIRECTION('',(0,-0.07484925534706513,0.9971948600820151));
#8329=FACE_BOUND('',#8330,.T.);
#8330=EDGE_LOOP('',(#8331,#8332,#8333));
#8331=ORIENTED_EDGE('',*,*,#8334,.T.);
#8332=ORIENTED_EDGE('',*,*,#8335,.T.);
#8333=ORIENTED_EDGE('',*,*,#8336,.T.);
#8334=EDGE_CURVE('',#404,#438,#8337,.F.);
#8335=EDGE_CURVE('',#438,#400,#8338,.T.);
#8336=EDGE_CURVE('',#400,#404,#8339,.T.);
#8337=LINE('',#403,#8340);
#8338=LINE('',#437,#8341);
#8339=LINE('',#399,#8342);
#8340=VECTOR('',#8343,1.0);
#8341=VECTOR('',#8344,1.0);
#8342=VECTOR('',#8345,1.0);
#8343=DIRECTION('',(0,-0.07484925534706513,0.9971948600820151));
#8344=DIRECTION('',(-1,0,0));
#8345=DIRECTION('',(0.9989197995302009,0.0034780622430074138,-0.046337211715604745));
#8346=STYLED_ITEM('',(#25),#8347);
#8347=FACE_SURFACE('',(#8352),#8348,.T.);
#8348=PLANE('',#8349);
#8349=AXIS2_PLACEMENT_3D('',#399,#8350,#8351);
#8350=DIRECTION('',(0,-0.9968903472723597,0.07880124056887772));
#8351=DIRECTION('',(1,0,0));
#8352=FACE_BOUND('',#8353,.T.);
#8353=EDGE_LOOP('',(#8354,#8355,#8356));
#8354=ORIENTED_EDGE('',*,*,#8357,.T.);
#8355=ORIENTED_EDGE('',*,*,#8358,.T.);
#8356=ORIENTED_EDGE('',*,*,#8359,.T.);
#8357=EDGE_CURVE('',#400,#438,#8360,.F.);
#8358=EDGE_CURVE('',#438,#440,#8361,.T.);
#8359=EDGE_CURVE('',#440,#400,#8362,.T.);
#8360=LINE('',#399,#8363);
#8361=LINE('',#437,#8364);
#8362=LINE('',#439,#8365);
#8363=VECTOR('',#8366,1.0);
#8364=VECTOR('',#8367,1.0);
#8365=VECTOR('',#8368,1.0);
#8366=DIRECTION('',(1,0,0));
#8367=DIRECTION('',(-0.9989191405772245,0.003662817449241855,0.04633718114854261));
#8368=DIRECTION('',(0,-0.07880124056887772,-0.9968903472723597));
#8369=STYLED_ITEM('',(#25),#8370);
#8370=FACE_SURFACE('',(#8375),#8371,.T.);
#8371=PLANE('',#8372);
#8372=AXIS2_PLACEMENT_3D('',#399,#8373,#8374);
#8373=DIRECTION('',(0,-0.9968903472723597,0.07880124056887772));
#8374=DIRECTION('',(0,0.07880124056887772,0.9968903472723597));
#8375=FACE_BOUND('',#8376,.T.);
#8376=EDGE_LOOP('',(#8377,#8378,#8379));
#8377=ORIENTED_EDGE('',*,*,#8380,.T.);
#8378=ORIENTED_EDGE('',*,*,#8381,.T.);
#8379=ORIENTED_EDGE('',*,*,#8382,.T.);
#8380=EDGE_CURVE('',#400,#440,#8383,.F.);
#8381=EDGE_CURVE('',#440,#396,#8384,.T.);
#8382=EDGE_CURVE('',#396,#400,#8385,.T.);
#8383=LINE('',#399,#8386);
#8384=LINE('',#439,#8387);
#8385=LINE('',#395,#8388);
#8386=VECTOR('',#8389,1.0);
#8387=VECTOR('',#8390,1.0);
#8388=VECTOR('',#8391,1.0);
#8389=DIRECTION('',(0,0.07880124056887772,0.9968903472723597));
#8390=DIRECTION('',(-1,0,0));
#8391=DIRECTION('',(0.9989191405772245,-0.003662817449241855,-0.04633718114854261));
#8392=STYLED_ITEM('',(#25),#8393);
#8393=FACE_SURFACE('',(#8398),#8394,.T.);
#8394=PLANE('',#8395);
#8395=AXIS2_PLACEMENT_3D('',#395,#8396,#8397);
#8396=DIRECTION('',(0,-0.9730838062428073,0.23045152641718447));
#8397=DIRECTION('',(1,0,0));
#8398=FACE_BOUND('',#8399,.T.);
#8399=EDGE_LOOP('',(#8400,#8401,#8402));
#8400=ORIENTED_EDGE('',*,*,#8403,.T.);
#8401=ORIENTED_EDGE('',*,*,#8404,.T.);
#8402=ORIENTED_EDGE('',*,*,#8405,.T.);
#8403=EDGE_CURVE('',#396,#440,#8406,.F.);
#8404=EDGE_CURVE('',#440,#442,#8407,.T.);
#8405=EDGE_CURVE('',#442,#396,#8408,.T.);
#8406=LINE('',#395,#8409);
#8407=LINE('',#439,#8410);
#8408=LINE('',#441,#8411);
#8409=VECTOR('',#8412,1.0);
#8410=VECTOR('',#8413,1.0);
#8411=VECTOR('',#8414,1.0);
#8412=DIRECTION('',(1,0,0));
#8413=DIRECTION('',(-0.9989192348594202,0.01071131710781628,0.045228640413858136));
#8414=DIRECTION('',(0,-0.23045152641718447,-0.9730838062428074));
#8415=STYLED_ITEM('',(#25),#8416);
#8416=FACE_SURFACE('',(#8421),#8417,.T.);
#8417=PLANE('',#8418);
#8418=AXIS2_PLACEMENT_3D('',#395,#8419,#8420);
#8419=DIRECTION('',(0,-0.9730838062428075,0.2304515264171845));
#8420=DIRECTION('',(0,0.23045152641718447,0.9730838062428074));
#8421=FACE_BOUND('',#8422,.T.);
#8422=EDGE_LOOP('',(#8423,#8424,#8425));
#8423=ORIENTED_EDGE('',*,*,#8426,.T.);
#8424=ORIENTED_EDGE('',*,*,#8427,.T.);
#8425=ORIENTED_EDGE('',*,*,#8428,.T.);
#8426=EDGE_CURVE('',#396,#442,#8429,.F.);
#8427=EDGE_CURVE('',#442,#392,#8430,.T.);
#8428=EDGE_CURVE('',#392,#396,#8431,.T.);
#8429=LINE('',#395,#8432);
#8430=LINE('',#441,#8433);
#8431=LINE('',#391,#8434);
#8432=VECTOR('',#8435,1.0);
#8433=VECTOR('',#8436,1.0);
#8434=VECTOR('',#8437,1.0);
#8435=DIRECTION('',(0,0.23045152641718447,0.9730838062428074));
#8436=DIRECTION('',(-1,0,0));
#8437=DIRECTION('',(0.9989192398486926,-0.010711292397154057,-0.045228536072847145));
#8438=STYLED_ITEM('',(#25),#8439);
#8439=FACE_SURFACE('',(#8444),#8440,.T.);
#8440=PLANE('',#8441);
#8441=AXIS2_PLACEMENT_3D('',#391,#8442,#8443);
#8442=DIRECTION('',(0,-0.926358275901251,0.3766435246612658));
#8443=DIRECTION('',(1,0,0));
#8444=FACE_BOUND('',#8445,.T.);
#8445=EDGE_LOOP('',(#8446,#8447,#8448));
#8446=ORIENTED_EDGE('',*,*,#8449,.T.);
#8447=ORIENTED_EDGE('',*,*,#8450,.T.);
#8448=ORIENTED_EDGE('',*,*,#8451,.T.);
#8449=EDGE_CURVE('',#392,#442,#8452,.F.);
#8450=EDGE_CURVE('',#442,#388,#8453,.T.);
#8451=EDGE_CURVE('',#388,#392,#8454,.T.);
#8452=LINE('',#391,#8455);
#8453=LINE('',#441,#8456);
#8454=LINE('',#387,#8457);
#8455=VECTOR('',#8458,1.0);
#8456=VECTOR('',#8459,1.0);
#8457=VECTOR('',#8460,1.0);
#8458=DIRECTION('',(1,0,0));
#8459=DIRECTION('',(-0.999932317640638,0.004382035577896976,0.010777657538462517));
#8460=DIRECTION('',(0.9998796851666035,-0.005842409943413195,-0.014369461965809715));
#8461=STYLED_ITEM('',(#25),#8462);
#8462=FACE_SURFACE('',(#8467),#8463,.T.);
#8463=PLANE('',#8464);
#8464=AXIS2_PLACEMENT_3D('',#429,#8465,#8466);
#8465=DIRECTION('',(0,-0.859816568888547,-0.5106030433367261));
#8466=DIRECTION('',(0,-0.5106030433367261,0.859816568888547));
#8467=FACE_BOUND('',#8468,.T.);
#8468=EDGE_LOOP('',(#8469,#8470,#8471));
#8469=ORIENTED_EDGE('',*,*,#8472,.T.);
#8470=ORIENTED_EDGE('',*,*,#8473,.T.);
#8471=ORIENTED_EDGE('',*,*,#8474,.T.);
#8472=EDGE_CURVE('',#430,#444,#8475,.F.);
#8473=EDGE_CURVE('',#444,#432,#8476,.T.);
#8474=EDGE_CURVE('',#432,#430,#8477,.T.);
#8475=LINE('',#429,#8478);
#8476=LINE('',#443,#8479);
#8477=LINE('',#431,#8480);
#8478=VECTOR('',#8481,1.0);
#8479=VECTOR('',#8482,1.0);
#8480=VECTOR('',#8483,1.0);
#8481=DIRECTION('',(0,-0.5106030433367261,0.859816568888547));
#8482=DIRECTION('',(-1,0,0));
#8483=DIRECTION('',(0.9989192868275906,0.023732104425661732,-0.03996305322904346));
#8484=STYLED_ITEM('',(#25),#8485);
#8485=FACE_SURFACE('',(#8490),#8486,.T.);
#8486=PLANE('',#8487);
#8487=AXIS2_PLACEMENT_3D('',#431,#8488,#8489);
#8488=DIRECTION('',(0,-0.9278588026913632,-0.37293168579265285));
#8489=DIRECTION('',(1,0,0));
#8490=FACE_BOUND('',#8491,.T.);
#8491=EDGE_LOOP('',(#8492,#8493,#8494));
#8492=ORIENTED_EDGE('',*,*,#8495,.T.);
#8493=ORIENTED_EDGE('',*,*,#8496,.T.);
#8494=ORIENTED_EDGE('',*,*,#8497,.T.);
#8495=EDGE_CURVE('',#432,#444,#8498,.F.);
#8496=EDGE_CURVE('',#444,#446,#8499,.T.);
#8497=EDGE_CURVE('',#446,#432,#8500,.T.);
#8498=LINE('',#431,#8501);
#8499=LINE('',#443,#8502);
#8500=LINE('',#445,#8503);
#8501=VECTOR('',#8504,1.0);
#8502=VECTOR('',#8505,1.0);
#8503=VECTOR('',#8506,1.0);
#8504=DIRECTION('',(1,0,0));
#8505=DIRECTION('',(-0.9989185199542543,-0.017339480657654328,0.04314084958510693));
#8506=DIRECTION('',(0,0.3729316857926528,-0.9278588026913631));
#8507=STYLED_ITEM('',(#25),#8508);
#8508=FACE_SURFACE('',(#8513),#8509,.T.);
#8509=PLANE('',#8510);
#8510=AXIS2_PLACEMENT_3D('',#431,#8511,#8512);
#8511=DIRECTION('',(0,-0.9278588026913632,-0.37293168579265285));
#8512=DIRECTION('',(0,-0.3729316857926528,0.9278588026913631));
#8513=FACE_BOUND('',#8514,.T.);
#8514=EDGE_LOOP('',(#8515,#8516,#8517));
#8515=ORIENTED_EDGE('',*,*,#8518,.T.);
#8516=ORIENTED_EDGE('',*,*,#8519,.T.);
#8517=ORIENTED_EDGE('',*,*,#8520,.T.);
#8518=EDGE_CURVE('',#432,#446,#8521,.F.);
#8519=EDGE_CURVE('',#446,#434,#8522,.T.);
#8520=EDGE_CURVE('',#434,#432,#8523,.T.);
#8521=LINE('',#431,#8524);
#8522=LINE('',#445,#8525);
#8523=LINE('',#433,#8526);
#8524=VECTOR('',#8527,1.0);
#8525=VECTOR('',#8528,1.0);
#8526=VECTOR('',#8529,1.0);
#8527=DIRECTION('',(0,-0.3729316857926528,0.9278588026913631));
#8528=DIRECTION('',(-1,0,0));
#8529=DIRECTION('',(0.9989185249468215,0.01733944065609037,-0.04314075006070433));
#8530=STYLED_ITEM('',(#25),#8531);
#8531=FACE_SURFACE('',(#8536),#8532,.T.);
#8532=PLANE('',#8533);
#8533=AXIS2_PLACEMENT_3D('',#433,#8534,#8535);
#8534=DIRECTION('',(0,-0.9740095568589053,-0.22650691633484135));
#8535=DIRECTION('',(1,0,0));
#8536=FACE_BOUND('',#8537,.T.);
#8537=EDGE_LOOP('',(#8538,#8539,#8540));
#8538=ORIENTED_EDGE('',*,*,#8541,.T.);
#8539=ORIENTED_EDGE('',*,*,#8542,.T.);
#8540=ORIENTED_EDGE('',*,*,#8543,.T.);
#8541=EDGE_CURVE('',#434,#446,#8544,.F.);
#8542=EDGE_CURVE('',#446,#448,#8545,.T.);
#8543=EDGE_CURVE('',#448,#434,#8546,.T.);
#8544=LINE('',#433,#8547);
#8545=LINE('',#445,#8548);
#8546=LINE('',#447,#8549);
#8547=VECTOR('',#8550,1.0);
#8548=VECTOR('',#8551,1.0);
#8549=VECTOR('',#8552,1.0);
#8550=DIRECTION('',(1,0,0));
#8551=DIRECTION('',(-0.9989195295138008,-0.010526538357822187,0.04526550061722573));
#8552=DIRECTION('',(0,0.22650691633484135,-0.9740095568589052));
#8553=STYLED_ITEM('',(#25),#8554);
#8554=FACE_SURFACE('',(#8559),#8555,.T.);
#8555=PLANE('',#8556);
#8556=AXIS2_PLACEMENT_3D('',#433,#8557,#8558);
#8557=DIRECTION('',(0,-0.9740095568589054,-0.22650691633484138));
#8558=DIRECTION('',(0,-0.22650691633484135,0.9740095568589052));
#8559=FACE_BOUND('',#8560,.T.);
#8560=EDGE_LOOP('',(#8561,#8562,#8563));
#8561=ORIENTED_EDGE('',*,*,#8564,.T.);
#8562=ORIENTED_EDGE('',*,*,#8565,.T.);
#8563=ORIENTED_EDGE('',*,*,#8566,.T.);
#8564=EDGE_CURVE('',#434,#448,#8567,.F.);
#8565=EDGE_CURVE('',#448,#436,#8568,.T.);
#8566=EDGE_CURVE('',#436,#434,#8569,.T.);
#8567=LINE('',#433,#8570);
#8568=LINE('',#447,#8571);
#8569=LINE('',#435,#8572);
#8570=VECTOR('',#8573,1.0);
#8571=VECTOR('',#8574,1.0);
#8572=VECTOR('',#8575,1.0);
#8573=DIRECTION('',(0,-0.22650691633484135,0.9740095568589052));
#8574=DIRECTION('',(-1,0,0));
#8575=DIRECTION('',(0.9989195245258636,0.010526562642275916,-0.045265605043573486));
#8576=STYLED_ITEM('',(#25),#8577);
#8577=FACE_SURFACE('',(#8582),#8578,.T.);
#8578=PLANE('',#8579);
#8579=AXIS2_PLACEMENT_3D('',#435,#8580,#8581);
#8580=DIRECTION('',(0,-0.9971948600820152,-0.07484925534706513));
#8581=DIRECTION('',(1,0,0));
#8582=FACE_BOUND('',#8583,.T.);
#8583=EDGE_LOOP('',(#8584,#8585,#8586));
#8584=ORIENTED_EDGE('',*,*,#8587,.T.);
#8585=ORIENTED_EDGE('',*,*,#8588,.T.);
#8586=ORIENTED_EDGE('',*,*,#8589,.T.);
#8587=EDGE_CURVE('',#436,#448,#8590,.F.);
#8588=EDGE_CURVE('',#448,#450,#8591,.T.);
#8589=EDGE_CURVE('',#450,#436,#8592,.T.);
#8590=LINE('',#435,#8593);
#8591=LINE('',#447,#8594);
#8592=LINE('',#449,#8595);
#8593=VECTOR('',#8596,1.0);
#8594=VECTOR('',#8597,1.0);
#8595=VECTOR('',#8598,1.0);
#8596=DIRECTION('',(1,0,0));
#8597=DIRECTION('',(-0.9989197995302009,-0.0034780622430074138,0.046337211715604745));
#8598=DIRECTION('',(0,0.07484925534706513,-0.9971948600820151));
#8599=STYLED_ITEM('',(#25),#8600);
#8600=FACE_SURFACE('',(#8605),#8601,.T.);
#8601=PLANE('',#8602);
#8602=AXIS2_PLACEMENT_3D('',#435,#8603,#8604);
#8603=DIRECTION('',(0,-0.9971948600820152,-0.07484925534706513));
#8604=DIRECTION('',(0,-0.07484925534706513,0.9971948600820151));
#8605=FACE_BOUND('',#8606,.T.);
#8606=EDGE_LOOP('',(#8607,#8608,#8609));
#8607=ORIENTED_EDGE('',*,*,#8610,.T.);
#8608=ORIENTED_EDGE('',*,*,#8611,.T.);
#8609=ORIENTED_EDGE('',*,*,#8612,.T.);
#8610=EDGE_CURVE('',#436,#450,#8613,.F.);
#8611=EDGE_CURVE('',#450,#438,#8614,.T.);
#8612=EDGE_CURVE('',#438,#436,#8615,.T.);
#8613=LINE('',#435,#8616);
#8614=LINE('',#449,#8617);
#8615=LINE('',#437,#8618);
#8616=VECTOR('',#8619,1.0);
#8617=VECTOR('',#8620,1.0);
#8618=VECTOR('',#8621,1.0);
#8619=DIRECTION('',(0,-0.07484925534706513,0.9971948600820151));
#8620=DIRECTION('',(-1,0,0));
#8621=DIRECTION('',(0.9989198045168707,0.0034780542192212093,-0.046337104817034756));
#8622=STYLED_ITEM('',(#25),#8623);
#8623=FACE_SURFACE('',(#8628),#8624,.T.);
#8624=PLANE('',#8625);
#8625=AXIS2_PLACEMENT_3D('',#437,#8626,#8627);
#8626=DIRECTION('',(0,-0.9968903472723597,0.07880124056887772));
#8627=DIRECTION('',(1,0,0));
#8628=FACE_BOUND('',#8629,.T.);
#8629=EDGE_LOOP('',(#8630,#8631,#8632));
#8630=ORIENTED_EDGE('',*,*,#8633,.T.);
#8631=ORIENTED_EDGE('',*,*,#8634,.T.);
#8632=ORIENTED_EDGE('',*,*,#8635,.T.);
#8633=EDGE_CURVE('',#438,#450,#8636,.F.);
#8634=EDGE_CURVE('',#450,#452,#8637,.T.);
#8635=EDGE_CURVE('',#452,#438,#8638,.T.);
#8636=LINE('',#437,#8639);
#8637=LINE('',#449,#8640);
#8638=LINE('',#451,#8641);
#8639=VECTOR('',#8642,1.0);
#8640=VECTOR('',#8643,1.0);
#8641=VECTOR('',#8644,1.0);
#8642=DIRECTION('',(1,0,0));
#8643=DIRECTION('',(-0.9989191455669312,0.00366280899924203,0.046337074250184164));
#8644=DIRECTION('',(0,-0.07880124056887772,-0.9968903472723597));
#8645=STYLED_ITEM('',(#25),#8646);
#8646=FACE_SURFACE('',(#8651),#8647,.T.);
#8647=PLANE('',#8648);
#8648=AXIS2_PLACEMENT_3D('',#437,#8649,#8650);
#8649=DIRECTION('',(0,-0.9968903472723597,0.07880124056887772));
#8650=DIRECTION('',(0,0.07880124056887772,0.9968903472723597));
#8651=FACE_BOUND('',#8652,.T.);
#8652=EDGE_LOOP('',(#8653,#8654,#8655));
#8653=ORIENTED_EDGE('',*,*,#8656,.T.);
#8654=ORIENTED_EDGE('',*,*,#8657,.T.);
#8655=ORIENTED_EDGE('',*,*,#8658,.T.);
#8656=EDGE_CURVE('',#438,#452,#8659,.F.);
#8657=EDGE_CURVE('',#452,#440,#8660,.T.);
#8658=EDGE_CURVE('',#440,#438,#8661,.T.);
#8659=LINE('',#437,#8662);
#8660=LINE('',#451,#8663);
#8661=LINE('',#439,#8664);
#8662=VECTOR('',#8665,1.0);
#8663=VECTOR('',#8666,1.0);
#8664=VECTOR('',#8667,1.0);
#8665=DIRECTION('',(0,0.07880124056887772,0.9968903472723597));
#8666=DIRECTION('',(-1,0,0));
#8667=DIRECTION('',(0.9989191405772245,-0.003662817449241855,-0.04633718114854261));
#8668=STYLED_ITEM('',(#25),#8669);
#8669=FACE_SURFACE('',(#8674),#8670,.T.);
#8670=PLANE('',#8671);
#8671=AXIS2_PLACEMENT_3D('',#439,#8672,#8673);
#8672=DIRECTION('',(0,-0.9730838062428073,0.23045152641718447));
#8673=DIRECTION('',(1,0,0));
#8674=FACE_BOUND('',#8675,.T.);
#8675=EDGE_LOOP('',(#8676,#8677,#8678));
#8676=ORIENTED_EDGE('',*,*,#8679,.T.);
#8677=ORIENTED_EDGE('',*,*,#8680,.T.);
#8678=ORIENTED_EDGE('',*,*,#8681,.T.);
#8679=EDGE_CURVE('',#440,#452,#8682,.F.);
#8680=EDGE_CURVE('',#452,#454,#8683,.T.);
#8681=EDGE_CURVE('',#454,#440,#8684,.T.);
#8682=LINE('',#439,#8685);
#8683=LINE('',#451,#8686);
#8684=LINE('',#453,#8687);
#8685=VECTOR('',#8688,1.0);
#8686=VECTOR('',#8689,1.0);
#8687=VECTOR('',#8690,1.0);
#8688=DIRECTION('',(1,0,0));
#8689=DIRECTION('',(-0.9989192348594202,0.01071131710781628,0.045228640413858136));
#8690=DIRECTION('',(0,-0.23045152641718447,-0.9730838062428074));
#8691=STYLED_ITEM('',(#25),#8692);
#8692=FACE_SURFACE('',(#8697),#8693,.T.);
#8693=PLANE('',#8694);
#8694=AXIS2_PLACEMENT_3D('',#439,#8695,#8696);
#8695=DIRECTION('',(0,-0.9730838062428073,0.23045152641718447));
#8696=DIRECTION('',(0,0.23045152641718447,0.9730838062428074));
#8697=FACE_BOUND('',#8698,.T.);
#8698=EDGE_LOOP('',(#8699,#8700,#8701));
#8699=ORIENTED_EDGE('',*,*,#8702,.T.);
#8700=ORIENTED_EDGE('',*,*,#8703,.T.);
#8701=ORIENTED_EDGE('',*,*,#8704,.T.);
#8702=EDGE_CURVE('',#440,#454,#8705,.F.);
#8703=EDGE_CURVE('',#454,#442,#8706,.T.);
#8704=EDGE_CURVE('',#442,#440,#8707,.T.);
#8705=LINE('',#439,#8708);
#8706=LINE('',#453,#8709);
#8707=LINE('',#441,#8710);
#8708=VECTOR('',#8711,1.0);
#8709=VECTOR('',#8712,1.0);
#8710=VECTOR('',#8713,1.0);
#8711=DIRECTION('',(0,0.23045152641718447,0.9730838062428074));
#8712=DIRECTION('',(-1,0,0));
#8713=DIRECTION('',(0.9989192348594202,-0.01071131710781628,-0.045228640413858136));
#8714=STYLED_ITEM('',(#25),#8715);
#8715=FACE_SURFACE('',(#8720),#8716,.T.);
#8716=PLANE('',#8717);
#8717=AXIS2_PLACEMENT_3D('',#441,#8718,#8719);
#8718=DIRECTION('',(0,-0.9263582759012512,0.3766435246612659));
#8719=DIRECTION('',(1,0,0));
#8720=FACE_BOUND('',#8721,.T.);
#8721=EDGE_LOOP('',(#8722,#8723,#8724));
#8722=ORIENTED_EDGE('',*,*,#8725,.T.);
#8723=ORIENTED_EDGE('',*,*,#8726,.T.);
#8724=ORIENTED_EDGE('',*,*,#8727,.T.);
#8725=EDGE_CURVE('',#442,#454,#8728,.F.);
#8726=EDGE_CURVE('',#454,#388,#8729,.T.);
#8727=EDGE_CURVE('',#388,#442,#8730,.T.);
#8728=LINE('',#441,#8731);
#8729=LINE('',#453,#8732);
#8730=LINE('',#387,#8733);
#8731=VECTOR('',#8734,1.0);
#8732=VECTOR('',#8735,1.0);
#8733=VECTOR('',#8736,1.0);
#8734=DIRECTION('',(1,0,0));
#8735=DIRECTION('',(-0.9999566816968057,0.0035057142846822414,0.008622337111679562));
#8736=DIRECTION('',(0.999932317640638,-0.004382035577896976,-0.010777657538462517));
#8737=STYLED_ITEM('',(#25),#8738);
#8738=FACE_SURFACE('',(#8743),#8739,.T.);
#8739=PLANE('',#8740);
#8740=AXIS2_PLACEMENT_3D('',#443,#8741,#8742);
#8741=DIRECTION('',(0,-0.9278588026913632,-0.37293168579265285));
#8742=DIRECTION('',(0,-0.3729316857926528,0.9278588026913631));
#8743=FACE_BOUND('',#8744,.T.);
#8744=EDGE_LOOP('',(#8745,#8746,#8747));
#8745=ORIENTED_EDGE('',*,*,#8748,.T.);
#8746=ORIENTED_EDGE('',*,*,#8749,.T.);
#8747=ORIENTED_EDGE('',*,*,#8750,.T.);
#8748=EDGE_CURVE('',#444,#456,#8751,.F.);
#8749=EDGE_CURVE('',#456,#446,#8752,.T.);
#8750=EDGE_CURVE('',#446,#444,#8753,.T.);
#8751=LINE('',#443,#8754);
#8752=LINE('',#455,#8755);
#8753=LINE('',#445,#8756);
#8754=VECTOR('',#8757,1.0);
#8755=VECTOR('',#8758,1.0);
#8756=VECTOR('',#8759,1.0);
#8757=DIRECTION('',(0,-0.3729316857926528,0.9278588026913631));
#8758=DIRECTION('',(-1,0,0));
#8759=DIRECTION('',(0.9989185199542543,0.017339480657654328,-0.04314084958510693));
#8760=STYLED_ITEM('',(#25),#8761);
#8761=FACE_SURFACE('',(#8766),#8762,.T.);
#8762=PLANE('',#8763);
#8763=AXIS2_PLACEMENT_3D('',#445,#8764,#8765);
#8764=DIRECTION('',(0,-0.9740095568589054,-0.22650691633484138));
#8765=DIRECTION('',(1,0,0));
#8766=FACE_BOUND('',#8767,.T.);
#8767=EDGE_LOOP('',(#8768,#8769,#8770));
#8768=ORIENTED_EDGE('',*,*,#8771,.T.);
#8769=ORIENTED_EDGE('',*,*,#8772,.T.);
#8770=ORIENTED_EDGE('',*,*,#8773,.T.);
#8771=EDGE_CURVE('',#446,#456,#8774,.F.);
#8772=EDGE_CURVE('',#456,#458,#8775,.T.);
#8773=EDGE_CURVE('',#458,#446,#8776,.T.);
#8774=LINE('',#445,#8777);
#8775=LINE('',#455,#8778);
#8776=LINE('',#457,#8779);
#8777=VECTOR('',#8780,1.0);
#8778=VECTOR('',#8781,1.0);
#8779=VECTOR('',#8782,1.0);
#8780=DIRECTION('',(1,0,0));
#8781=DIRECTION('',(-0.9989195245258636,-0.010526562642275916,0.045265605043573486));
#8782=DIRECTION('',(0,0.22650691633484135,-0.9740095568589052));
#8783=STYLED_ITEM('',(#25),#8784);
#8784=FACE_SURFACE('',(#8789),#8785,.T.);
#8785=PLANE('',#8786);
#8786=AXIS2_PLACEMENT_3D('',#445,#8787,#8788);
#8787=DIRECTION('',(0,-0.9740095568589053,-0.22650691633484135));
#8788=DIRECTION('',(0,-0.22650691633484135,0.9740095568589052));
#8789=FACE_BOUND('',#8790,.T.);
#8790=EDGE_LOOP('',(#8791,#8792,#8793));
#8791=ORIENTED_EDGE('',*,*,#8794,.T.);
#8792=ORIENTED_EDGE('',*,*,#8795,.T.);
#8793=ORIENTED_EDGE('',*,*,#8796,.T.);
#8794=EDGE_CURVE('',#446,#458,#8797,.F.);
#8795=EDGE_CURVE('',#458,#448,#8798,.T.);
#8796=EDGE_CURVE('',#448,#446,#8799,.T.);
#8797=LINE('',#445,#8800);
#8798=LINE('',#457,#8801);
#8799=LINE('',#447,#8802);
#8800=VECTOR('',#8803,1.0);
#8801=VECTOR('',#8804,1.0);
#8802=VECTOR('',#8805,1.0);
#8803=DIRECTION('',(0,-0.22650691633484135,0.9740095568589052));
#8804=DIRECTION('',(-1,0,0));
#8805=DIRECTION('',(0.9989195295138008,0.010526538357822187,-0.04526550061722573));
#8806=STYLED_ITEM('',(#25),#8807);
#8807=FACE_SURFACE('',(#8812),#8808,.T.);
#8808=PLANE('',#8809);
#8809=AXIS2_PLACEMENT_3D('',#447,#8810,#8811);
#8810=DIRECTION('',(0,-0.9971948600820152,-0.07484925534706513));
#8811=DIRECTION('',(1,0,0));
#8812=FACE_BOUND('',#8813,.T.);
#8813=EDGE_LOOP('',(#8814,#8815,#8816));
#8814=ORIENTED_EDGE('',*,*,#8817,.T.);
#8815=ORIENTED_EDGE('',*,*,#8818,.T.);
#8816=ORIENTED_EDGE('',*,*,#8819,.T.);
#8817=EDGE_CURVE('',#448,#458,#8820,.F.);
#8818=EDGE_CURVE('',#458,#460,#8821,.T.);
#8819=EDGE_CURVE('',#460,#448,#8822,.T.);
#8820=LINE('',#447,#8823);
#8821=LINE('',#457,#8824);
#8822=LINE('',#459,#8825);
#8823=VECTOR('',#8826,1.0);
#8824=VECTOR('',#8827,1.0);
#8825=VECTOR('',#8828,1.0);
#8826=DIRECTION('',(1,0,0));
#8827=DIRECTION('',(-0.9989198045168707,-0.0034780542192212093,0.046337104817034756));
#8828=DIRECTION('',(0,0.07484925534706513,-0.9971948600820151));
#8829=STYLED_ITEM('',(#25),#8830);
#8830=FACE_SURFACE('',(#8835),#8831,.T.);
#8831=PLANE('',#8832);
#8832=AXIS2_PLACEMENT_3D('',#447,#8833,#8834);
#8833=DIRECTION('',(0,-0.9971948600820152,-0.07484925534706513));
#8834=DIRECTION('',(0,-0.07484925534706513,0.9971948600820151));
#8835=FACE_BOUND('',#8836,.T.);
#8836=EDGE_LOOP('',(#8837,#8838,#8839));
#8837=ORIENTED_EDGE('',*,*,#8840,.T.);
#8838=ORIENTED_EDGE('',*,*,#8841,.T.);
#8839=ORIENTED_EDGE('',*,*,#8842,.T.);
#8840=EDGE_CURVE('',#448,#460,#8843,.F.);
#8841=EDGE_CURVE('',#460,#450,#8844,.T.);
#8842=EDGE_CURVE('',#450,#448,#8845,.T.);
#8843=LINE('',#447,#8846);
#8844=LINE('',#459,#8847);
#8845=LINE('',#449,#8848);
#8846=VECTOR('',#8849,1.0);
#8847=VECTOR('',#8850,1.0);
#8848=VECTOR('',#8851,1.0);
#8849=DIRECTION('',(0,-0.07484925534706513,0.9971948600820151));
#8850=DIRECTION('',(-1,0,0));
#8851=DIRECTION('',(0.9989197995302009,0.0034780622430074138,-0.046337211715604745));
#8852=STYLED_ITEM('',(#25),#8853);
#8853=FACE_SURFACE('',(#8858),#8854,.T.);
#8854=PLANE('',#8855);
#8855=AXIS2_PLACEMENT_3D('',#449,#8856,#8857);
#8856=DIRECTION('',(0,-0.9968903472723597,0.07880124056887772));
#8857=DIRECTION('',(1,0,0));
#8858=FACE_BOUND('',#8859,.T.);
#8859=EDGE_LOOP('',(#8860,#8861,#8862));
#8860=ORIENTED_EDGE('',*,*,#8863,.T.);
#8861=ORIENTED_EDGE('',*,*,#8864,.T.);
#8862=ORIENTED_EDGE('',*,*,#8865,.T.);
#8863=EDGE_CURVE('',#450,#460,#8866,.F.);
#8864=EDGE_CURVE('',#460,#462,#8867,.T.);
#8865=EDGE_CURVE('',#462,#450,#8868,.T.);
#8866=LINE('',#449,#8869);
#8867=LINE('',#459,#8870);
#8868=LINE('',#461,#8871);
#8869=VECTOR('',#8872,1.0);
#8870=VECTOR('',#8873,1.0);
#8871=VECTOR('',#8874,1.0);
#8872=DIRECTION('',(1,0,0));
#8873=DIRECTION('',(-0.9989191405772245,0.003662817449241855,0.04633718114854261));
#8874=DIRECTION('',(0,-0.07880124056887772,-0.9968903472723597));
#8875=STYLED_ITEM('',(#25),#8876);
#8876=FACE_SURFACE('',(#8881),#8877,.T.);
#8877=PLANE('',#8878);
#8878=AXIS2_PLACEMENT_3D('',#449,#8879,#8880);
#8879=DIRECTION('',(0,-0.9968903472723597,0.07880124056887772));
#8880=DIRECTION('',(0,0.07880124056887772,0.9968903472723597));
#8881=FACE_BOUND('',#8882,.T.);
#8882=EDGE_LOOP('',(#8883,#8884,#8885));
#8883=ORIENTED_EDGE('',*,*,#8886,.T.);
#8884=ORIENTED_EDGE('',*,*,#8887,.T.);
#8885=ORIENTED_EDGE('',*,*,#8888,.T.);
#8886=EDGE_CURVE('',#450,#462,#8889,.F.);
#8887=EDGE_CURVE('',#462,#452,#8890,.T.);
#8888=EDGE_CURVE('',#452,#450,#8891,.T.);
#8889=LINE('',#449,#8892);
#8890=LINE('',#461,#8893);
#8891=LINE('',#451,#8894);
#8892=VECTOR('',#8895,1.0);
#8893=VECTOR('',#8896,1.0);
#8894=VECTOR('',#8897,1.0);
#8895=DIRECTION('',(0,0.07880124056887772,0.9968903472723597));
#8896=DIRECTION('',(-1,0,0));
#8897=DIRECTION('',(0.9989191455669312,-0.00366280899924203,-0.046337074250184164));
#8898=STYLED_ITEM('',(#25),#8899);
#8899=FACE_SURFACE('',(#8904),#8900,.T.);
#8900=PLANE('',#8901);
#8901=AXIS2_PLACEMENT_3D('',#451,#8902,#8903);
#8902=DIRECTION('',(0,-0.9730838062428075,0.2304515264171845));
#8903=DIRECTION('',(1,0,0));
#8904=FACE_BOUND('',#8905,.T.);
#8905=EDGE_LOOP('',(#8906,#8907,#8908));
#8906=ORIENTED_EDGE('',*,*,#8909,.T.);
#8907=ORIENTED_EDGE('',*,*,#8910,.T.);
#8908=ORIENTED_EDGE('',*,*,#8911,.T.);
#8909=EDGE_CURVE('',#452,#462,#8912,.F.);
#8910=EDGE_CURVE('',#462,#464,#8913,.T.);
#8911=EDGE_CURVE('',#464,#452,#8914,.T.);
#8912=LINE('',#451,#8915);
#8913=LINE('',#461,#8916);
#8914=LINE('',#463,#8917);
#8915=VECTOR('',#8918,1.0);
#8916=VECTOR('',#8919,1.0);
#8917=VECTOR('',#8920,1.0);
#8918=DIRECTION('',(1,0,0));
#8919=DIRECTION('',(-0.9989192398486926,0.010711292397154057,0.045228536072847145));
#8920=DIRECTION('',(0,-0.23045152641718447,-0.9730838062428074));
#8921=STYLED_ITEM('',(#25),#8922);
#8922=FACE_SURFACE('',(#8927),#8923,.T.);
#8923=PLANE('',#8924);
#8924=AXIS2_PLACEMENT_3D('',#451,#8925,#8926);
#8925=DIRECTION('',(0,-0.9730838062428073,0.23045152641718447));
#8926=DIRECTION('',(0,0.23045152641718447,0.9730838062428074));
#8927=FACE_BOUND('',#8928,.T.);
#8928=EDGE_LOOP('',(#8929,#8930,#8931));
#8929=ORIENTED_EDGE('',*,*,#8932,.T.);
#8930=ORIENTED_EDGE('',*,*,#8933,.T.);
#8931=ORIENTED_EDGE('',*,*,#8934,.T.);
#8932=EDGE_CURVE('',#452,#464,#8935,.F.);
#8933=EDGE_CURVE('',#464,#454,#8936,.T.);
#8934=EDGE_CURVE('',#454,#452,#8937,.T.);
#8935=LINE('',#451,#8938);
#8936=LINE('',#463,#8939);
#8937=LINE('',#453,#8940);
#8938=VECTOR('',#8941,1.0);
#8939=VECTOR('',#8942,1.0);
#8940=VECTOR('',#8943,1.0);
#8941=DIRECTION('',(0,0.23045152641718447,0.9730838062428074));
#8942=DIRECTION('',(-1,0,0));
#8943=DIRECTION('',(0.9989192348594202,-0.01071131710781628,-0.045228640413858136));
#8944=STYLED_ITEM('',(#25),#8945);
#8945=FACE_SURFACE('',(#8950),#8946,.T.);
#8946=PLANE('',#8947);
#8947=AXIS2_PLACEMENT_3D('',#453,#8948,#8949);
#8948=DIRECTION('',(0,-0.9263582759012512,0.3766435246612659));
#8949=DIRECTION('',(1,0,0));
#8950=FACE_BOUND('',#8951,.T.);
#8951=EDGE_LOOP('',(#8952,#8953,#8954));
#8952=ORIENTED_EDGE('',*,*,#8955,.T.);
#8953=ORIENTED_EDGE('',*,*,#8956,.T.);
#8954=ORIENTED_EDGE('',*,*,#8957,.T.);
#8955=EDGE_CURVE('',#454,#464,#8958,.F.);
#8956=EDGE_CURVE('',#464,#466,#8959,.T.);
#8957=EDGE_CURVE('',#466,#454,#8960,.T.);
#8958=LINE('',#453,#8961);
#8959=LINE('',#463,#8962);
#8960=LINE('',#465,#8963);
#8961=VECTOR('',#8964,1.0);
#8962=VECTOR('',#8965,1.0);
#8963=VECTOR('',#8966,1.0);
#8964=DIRECTION('',(1,0,0));
#8965=DIRECTION('',(0.9999323177188696,0.004382033045461595,0.010777651309913983));
#8966=DIRECTION('',(-0.9999566817368633,-0.0035057126638045597,-0.008622333125115726));
#8967=STYLED_ITEM('',(#25),#8968);
#8968=FACE_SURFACE('',(#8973),#8969,.T.);
#8969=PLANE('',#8970);
#8970=AXIS2_PLACEMENT_3D('',#453,#8971,#8972);
#8971=DIRECTION('',(0,-0.9263582759012512,0.3766435246612659));
#8972=DIRECTION('',(0.9999566817368633,0.0035057126638045597,0.008622333125115726));
#8973=FACE_BOUND('',#8974,.T.);
#8974=EDGE_LOOP('',(#8975,#8976,#8977));
#8975=ORIENTED_EDGE('',*,*,#8978,.T.);
#8976=ORIENTED_EDGE('',*,*,#8979,.T.);
#8977=ORIENTED_EDGE('',*,*,#8980,.T.);
#8978=EDGE_CURVE('',#454,#466,#8981,.F.);
#8979=EDGE_CURVE('',#466,#388,#8982,.T.);
#8980=EDGE_CURVE('',#388,#454,#8983,.T.);
#8981=LINE('',#453,#8984);
#8982=LINE('',#465,#8985);
#8983=LINE('',#387,#8986);
#8984=VECTOR('',#8987,1.0);
#8985=VECTOR('',#8988,1.0);
#8986=VECTOR('',#8989,1.0);
#8987=DIRECTION('',(0.9999566817368633,0.0035057126638045597,0.008622333125115726));
#8988=DIRECTION('',(-1,0,0));
#8989=DIRECTION('',(0.9999566816968057,-0.0035057142846822414,-0.008622337111679562));
#8990=STYLED_ITEM('',(#25),#8991);
#8991=FACE_SURFACE('',(#8996),#8992,.T.);
#8992=PLANE('',#8993);
#8993=AXIS2_PLACEMENT_3D('',#455,#8994,#8995);
#8994=DIRECTION('',(0,-0.9740095568589054,-0.22650691633484138));
#8995=DIRECTION('',(0,-0.22650691633484135,0.9740095568589052));
#8996=FACE_BOUND('',#8997,.T.);
#8997=EDGE_LOOP('',(#8998,#8999,#9000));
#8998=ORIENTED_EDGE('',*,*,#9001,.T.);
#8999=ORIENTED_EDGE('',*,*,#9002,.T.);
#9000=ORIENTED_EDGE('',*,*,#9003,.T.);
#9001=EDGE_CURVE('',#456,#468,#9004,.F.);
#9002=EDGE_CURVE('',#468,#458,#9005,.T.);
#9003=EDGE_CURVE('',#458,#456,#9006,.T.);
#9004=LINE('',#455,#9007);
#9005=LINE('',#467,#9008);
#9006=LINE('',#457,#9009);
#9007=VECTOR('',#9010,1.0);
#9008=VECTOR('',#9011,1.0);
#9009=VECTOR('',#9012,1.0);
#9010=DIRECTION('',(0,-0.22650691633484135,0.9740095568589052));
#9011=DIRECTION('',(-1,0,0));
#9012=DIRECTION('',(0.9989195245258636,0.010526562642275916,-0.045265605043573486));
#9013=STYLED_ITEM('',(#25),#9014);
#9014=FACE_SURFACE('',(#9019),#9015,.T.);
#9015=PLANE('',#9016);
#9016=AXIS2_PLACEMENT_3D('',#457,#9017,#9018);
#9017=DIRECTION('',(0,-0.9971948600820152,-0.07484925534706513));
#9018=DIRECTION('',(1,0,0));
#9019=FACE_BOUND('',#9020,.T.);
#9020=EDGE_LOOP('',(#9021,#9022,#9023));
#9021=ORIENTED_EDGE('',*,*,#9024,.T.);
#9022=ORIENTED_EDGE('',*,*,#9025,.T.);
#9023=ORIENTED_EDGE('',*,*,#9026,.T.);
#9024=EDGE_CURVE('',#458,#468,#9027,.F.);
#9025=EDGE_CURVE('',#468,#470,#9028,.T.);
#9026=EDGE_CURVE('',#470,#458,#9029,.T.);
#9027=LINE('',#457,#9030);
#9028=LINE('',#467,#9031);
#9029=LINE('',#469,#9032);
#9030=VECTOR('',#9033,1.0);
#9031=VECTOR('',#9034,1.0);
#9032=VECTOR('',#9035,1.0);
#9033=DIRECTION('',(1,0,0));
#9034=DIRECTION('',(-0.9989197995302009,-0.0034780622430074138,0.046337211715604745));
#9035=DIRECTION('',(0,0.07484925534706513,-0.9971948600820151));
#9036=STYLED_ITEM('',(#25),#9037);
#9037=FACE_SURFACE('',(#9042),#9038,.T.);
#9038=PLANE('',#9039);
#9039=AXIS2_PLACEMENT_3D('',#457,#9040,#9041);
#9040=DIRECTION('',(0,-0.9971948600820152,-0.07484925534706513));
#9041=DIRECTION('',(0,-0.07484925534706513,0.9971948600820151));
#9042=FACE_BOUND('',#9043,.T.);
#9043=EDGE_LOOP('',(#9044,#9045,#9046));
#9044=ORIENTED_EDGE('',*,*,#9047,.T.);
#9045=ORIENTED_EDGE('',*,*,#9048,.T.);
#9046=ORIENTED_EDGE('',*,*,#9049,.T.);
#9047=EDGE_CURVE('',#458,#470,#9050,.F.);
#9048=EDGE_CURVE('',#470,#460,#9051,.T.);
#9049=EDGE_CURVE('',#460,#458,#9052,.T.);
#9050=LINE('',#457,#9053);
#9051=LINE('',#469,#9054);
#9052=LINE('',#459,#9055);
#9053=VECTOR('',#9056,1.0);
#9054=VECTOR('',#9057,1.0);
#9055=VECTOR('',#9058,1.0);
#9056=DIRECTION('',(0,-0.07484925534706513,0.9971948600820151));
#9057=DIRECTION('',(-1,0,0));
#9058=DIRECTION('',(0.9989198045168707,0.0034780542192212093,-0.046337104817034756));
#9059=STYLED_ITEM('',(#25),#9060);
#9060=FACE_SURFACE('',(#9065),#9061,.T.);
#9061=PLANE('',#9062);
#9062=AXIS2_PLACEMENT_3D('',#459,#9063,#9064);
#9063=DIRECTION('',(0,-0.9968903472723597,0.07880124056887772));
#9064=DIRECTION('',(1,0,0));
#9065=FACE_BOUND('',#9066,.T.);
#9066=EDGE_LOOP('',(#9067,#9068,#9069));
#9067=ORIENTED_EDGE('',*,*,#9070,.T.);
#9068=ORIENTED_EDGE('',*,*,#9071,.T.);
#9069=ORIENTED_EDGE('',*,*,#9072,.T.);
#9070=EDGE_CURVE('',#460,#470,#9073,.F.);
#9071=EDGE_CURVE('',#470,#472,#9074,.T.);
#9072=EDGE_CURVE('',#472,#460,#9075,.T.);
#9073=LINE('',#459,#9076);
#9074=LINE('',#469,#9077);
#9075=LINE('',#471,#9078);
#9076=VECTOR('',#9079,1.0);
#9077=VECTOR('',#9080,1.0);
#9078=VECTOR('',#9081,1.0);
#9079=DIRECTION('',(1,0,0));
#9080=DIRECTION('',(-0.9989191455669312,0.00366280899924203,0.046337074250184164));
#9081=DIRECTION('',(0,-0.07880124056887772,-0.9968903472723597));
#9082=STYLED_ITEM('',(#25),#9083);
#9083=FACE_SURFACE('',(#9088),#9084,.T.);
#9084=PLANE('',#9085);
#9085=AXIS2_PLACEMENT_3D('',#459,#9086,#9087);
#9086=DIRECTION('',(0,-0.9968903472723597,0.07880124056887772));
#9087=DIRECTION('',(0,0.07880124056887772,0.9968903472723597));
#9088=FACE_BOUND('',#9089,.T.);
#9089=EDGE_LOOP('',(#9090,#9091,#9092));
#9090=ORIENTED_EDGE('',*,*,#9093,.T.);
#9091=ORIENTED_EDGE('',*,*,#9094,.T.);
#9092=ORIENTED_EDGE('',*,*,#9095,.T.);
#9093=EDGE_CURVE('',#460,#472,#9096,.F.);
#9094=EDGE_CURVE('',#472,#462,#9097,.T.);
#9095=EDGE_CURVE('',#462,#460,#9098,.T.);
#9096=LINE('',#459,#9099);
#9097=LINE('',#471,#9100);
#9098=LINE('',#461,#9101);
#9099=VECTOR('',#9102,1.0);
#9100=VECTOR('',#9103,1.0);
#9101=VECTOR('',#9104,1.0);
#9102=DIRECTION('',(0,0.07880124056887772,0.9968903472723597));
#9103=DIRECTION('',(-1,0,0));
#9104=DIRECTION('',(0.9989191405772245,-0.003662817449241855,-0.04633718114854261));
#9105=STYLED_ITEM('',(#25),#9106);
#9106=FACE_SURFACE('',(#9111),#9107,.T.);
#9107=PLANE('',#9108);
#9108=AXIS2_PLACEMENT_3D('',#461,#9109,#9110);
#9109=DIRECTION('',(0,-0.9730838062428073,0.23045152641718447));
#9110=DIRECTION('',(1,0,0));
#9111=FACE_BOUND('',#9112,.T.);
#9112=EDGE_LOOP('',(#9113,#9114,#9115));
#9113=ORIENTED_EDGE('',*,*,#9116,.T.);
#9114=ORIENTED_EDGE('',*,*,#9117,.T.);
#9115=ORIENTED_EDGE('',*,*,#9118,.T.);
#9116=EDGE_CURVE('',#462,#472,#9119,.F.);
#9117=EDGE_CURVE('',#472,#474,#9120,.T.);
#9118=EDGE_CURVE('',#474,#462,#9121,.T.);
#9119=LINE('',#461,#9122);
#9120=LINE('',#471,#9123);
#9121=LINE('',#473,#9124);
#9122=VECTOR('',#9125,1.0);
#9123=VECTOR('',#9126,1.0);
#9124=VECTOR('',#9127,1.0);
#9125=DIRECTION('',(1,0,0));
#9126=DIRECTION('',(-0.9989192348594202,0.01071131710781628,0.045228640413858136));
#9127=DIRECTION('',(0,-0.23045152641718447,-0.9730838062428074));
#9128=STYLED_ITEM('',(#25),#9129);
#9129=FACE_SURFACE('',(#9134),#9130,.T.);
#9130=PLANE('',#9131);
#9131=AXIS2_PLACEMENT_3D('',#461,#9132,#9133);
#9132=DIRECTION('',(0,-0.9730838062428075,0.2304515264171845));
#9133=DIRECTION('',(0,0.23045152641718447,0.9730838062428074));
#9134=FACE_BOUND('',#9135,.T.);
#9135=EDGE_LOOP('',(#9136,#9137,#9138));
#9136=ORIENTED_EDGE('',*,*,#9139,.T.);
#9137=ORIENTED_EDGE('',*,*,#9140,.T.);
#9138=ORIENTED_EDGE('',*,*,#9141,.T.);
#9139=EDGE_CURVE('',#462,#474,#9142,.F.);
#9140=EDGE_CURVE('',#474,#464,#9143,.T.);
#9141=EDGE_CURVE('',#464,#462,#9144,.T.);
#9142=LINE('',#461,#9145);
#9143=LINE('',#473,#9146);
#9144=LINE('',#463,#9147);
#9145=VECTOR('',#9148,1.0);
#9146=VECTOR('',#9149,1.0);
#9147=VECTOR('',#9150,1.0);
#9148=DIRECTION('',(0,0.23045152641718447,0.9730838062428074));
#9149=DIRECTION('',(-1,0,0));
#9150=DIRECTION('',(0.9989192398486926,-0.010711292397154057,-0.045228536072847145));
#9151=STYLED_ITEM('',(#25),#9152);
#9152=FACE_SURFACE('',(#9157),#9153,.T.);
#9153=PLANE('',#9154);
#9154=AXIS2_PLACEMENT_3D('',#463,#9155,#9156);
#9155=DIRECTION('',(0,-0.926358275901251,0.3766435246612658));
#9156=DIRECTION('',(1,0,0));
#9157=FACE_BOUND('',#9158,.T.);
#9158=EDGE_LOOP('',(#9159,#9160,#9161));
#9159=ORIENTED_EDGE('',*,*,#9162,.T.);
#9160=ORIENTED_EDGE('',*,*,#9163,.T.);
#9161=ORIENTED_EDGE('',*,*,#9164,.T.);
#9162=EDGE_CURVE('',#464,#474,#9165,.F.);
#9163=EDGE_CURVE('',#474,#466,#9166,.T.);
#9164=EDGE_CURVE('',#466,#464,#9167,.T.);
#9165=LINE('',#463,#9168);
#9166=LINE('',#473,#9169);
#9167=LINE('',#465,#9170);
#9168=VECTOR('',#9171,1.0);
#9169=VECTOR('',#9172,1.0);
#9170=VECTOR('',#9173,1.0);
#9171=DIRECTION('',(1,0,0));
#9172=DIRECTION('',(0.9998796853520125,0.005842405442012396,0.014369450894572297));
#9173=DIRECTION('',(-0.9999323177188696,-0.004382033045461595,-0.010777651309913983));
#9174=STYLED_ITEM('',(#25),#9175);
#9175=FACE_SURFACE('',(#9180),#9176,.T.);
#9176=PLANE('',#9177);
#9177=AXIS2_PLACEMENT_3D('',#467,#9178,#9179);
#9178=DIRECTION('',(0,-0.9971948600820152,-0.07484925534706513));
#9179=DIRECTION('',(0,-0.07484925534706513,0.9971948600820151));
#9180=FACE_BOUND('',#9181,.T.);
#9181=EDGE_LOOP('',(#9182,#9183,#9184));
#9182=ORIENTED_EDGE('',*,*,#9185,.T.);
#9183=ORIENTED_EDGE('',*,*,#9186,.T.);
#9184=ORIENTED_EDGE('',*,*,#9187,.T.);
#9185=EDGE_CURVE('',#468,#476,#9188,.F.);
#9186=EDGE_CURVE('',#476,#470,#9189,.T.);
#9187=EDGE_CURVE('',#470,#468,#9190,.T.);
#9188=LINE('',#467,#9191);
#9189=LINE('',#475,#9192);
#9190=LINE('',#469,#9193);
#9191=VECTOR('',#9194,1.0);
#9192=VECTOR('',#9195,1.0);
#9193=VECTOR('',#9196,1.0);
#9194=DIRECTION('',(0,-0.07484925534706513,0.9971948600820151));
#9195=DIRECTION('',(-1,0,0));
#9196=DIRECTION('',(0.9989197995302009,0.0034780622430074138,-0.046337211715604745));
#9197=STYLED_ITEM('',(#25),#9198);
#9198=FACE_SURFACE('',(#9203),#9199,.T.);
#9199=PLANE('',#9200);
#9200=AXIS2_PLACEMENT_3D('',#469,#9201,#9202);
#9201=DIRECTION('',(0,-0.9968903472723597,0.07880124056887772));
#9202=DIRECTION('',(1,0,0));
#9203=FACE_BOUND('',#9204,.T.);
#9204=EDGE_LOOP('',(#9205,#9206,#9207));
#9205=ORIENTED_EDGE('',*,*,#9208,.T.);
#9206=ORIENTED_EDGE('',*,*,#9209,.T.);
#9207=ORIENTED_EDGE('',*,*,#9210,.T.);
#9208=EDGE_CURVE('',#470,#476,#9211,.F.);
#9209=EDGE_CURVE('',#476,#478,#9212,.T.);
#9210=EDGE_CURVE('',#478,#470,#9213,.T.);
#9211=LINE('',#469,#9214);
#9212=LINE('',#475,#9215);
#9213=LINE('',#477,#9216);
#9214=VECTOR('',#9217,1.0);
#9215=VECTOR('',#9218,1.0);
#9216=VECTOR('',#9219,1.0);
#9217=DIRECTION('',(1,0,0));
#9218=DIRECTION('',(-0.9989191405772245,0.003662817449241855,0.04633718114854261));
#9219=DIRECTION('',(0,-0.07880124056887772,-0.9968903472723597));
#9220=STYLED_ITEM('',(#25),#9221);
#9221=FACE_SURFACE('',(#9226),#9222,.T.);
#9222=PLANE('',#9223);
#9223=AXIS2_PLACEMENT_3D('',#469,#9224,#9225);
#9224=DIRECTION('',(0,-0.9968903472723597,0.07880124056887772));
#9225=DIRECTION('',(0,0.07880124056887772,0.9968903472723597));
#9226=FACE_BOUND('',#9227,.T.);
#9227=EDGE_LOOP('',(#9228,#9229,#9230));
#9228=ORIENTED_EDGE('',*,*,#9231,.T.);
#9229=ORIENTED_EDGE('',*,*,#9232,.T.);
#9230=ORIENTED_EDGE('',*,*,#9233,.T.);
#9231=EDGE_CURVE('',#470,#478,#9234,.F.);
#9232=EDGE_CURVE('',#478,#472,#9235,.T.);
#9233=EDGE_CURVE('',#472,#470,#9236,.T.);
#9234=LINE('',#469,#9237);
#9235=LINE('',#477,#9238);
#9236=LINE('',#471,#9239);
#9237=VECTOR('',#9240,1.0);
#9238=VECTOR('',#9241,1.0);
#9239=VECTOR('',#9242,1.0);
#9240=DIRECTION('',(0,0.07880124056887772,0.9968903472723597));
#9241=DIRECTION('',(-1,0,0));
#9242=DIRECTION('',(0.9989191455669312,-0.00366280899924203,-0.046337074250184164));
#9243=STYLED_ITEM('',(#25),#9244);
#9244=FACE_SURFACE('',(#9249),#9245,.T.);
#9245=PLANE('',#9246);
#9246=AXIS2_PLACEMENT_3D('',#471,#9247,#9248);
#9247=DIRECTION('',(0,-0.9730838062428075,0.2304515264171845));
#9248=DIRECTION('',(1,0,0));
#9249=FACE_BOUND('',#9250,.T.);
#9250=EDGE_LOOP('',(#9251,#9252,#9253));
#9251=ORIENTED_EDGE('',*,*,#9254,.T.);
#9252=ORIENTED_EDGE('',*,*,#9255,.T.);
#9253=ORIENTED_EDGE('',*,*,#9256,.T.);
#9254=EDGE_CURVE('',#472,#478,#9257,.F.);
#9255=EDGE_CURVE('',#478,#480,#9258,.T.);
#9256=EDGE_CURVE('',#480,#472,#9259,.T.);
#9257=LINE('',#471,#9260);
#9258=LINE('',#477,#9261);
#9259=LINE('',#479,#9262);
#9260=VECTOR('',#9263,1.0);
#9261=VECTOR('',#9264,1.0);
#9262=VECTOR('',#9265,1.0);
#9263=DIRECTION('',(1,0,0));
#9264=DIRECTION('',(-0.9989192398486926,0.010711292397154057,0.045228536072847145));
#9265=DIRECTION('',(0,-0.23045152641718447,-0.9730838062428074));
#9266=STYLED_ITEM('',(#25),#9267);
#9267=FACE_SURFACE('',(#9272),#9268,.T.);
#9268=PLANE('',#9269);
#9269=AXIS2_PLACEMENT_3D('',#471,#9270,#9271);
#9270=DIRECTION('',(0,-0.9730838062428073,0.23045152641718447));
#9271=DIRECTION('',(0,0.23045152641718447,0.9730838062428074));
#9272=FACE_BOUND('',#9273,.T.);
#9273=EDGE_LOOP('',(#9274,#9275,#9276));
#9274=ORIENTED_EDGE('',*,*,#9277,.T.);
#9275=ORIENTED_EDGE('',*,*,#9278,.T.);
#9276=ORIENTED_EDGE('',*,*,#9279,.T.);
#9277=EDGE_CURVE('',#472,#480,#9280,.F.);
#9278=EDGE_CURVE('',#480,#474,#9281,.T.);
#9279=EDGE_CURVE('',#474,#472,#9282,.T.);
#9280=LINE('',#471,#9283);
#9281=LINE('',#479,#9284);
#9282=LINE('',#473,#9285);
#9283=VECTOR('',#9286,1.0);
#9284=VECTOR('',#9287,1.0);
#9285=VECTOR('',#9288,1.0);
#9286=DIRECTION('',(0,0.23045152641718447,0.9730838062428074));
#9287=DIRECTION('',(-1,0,0));
#9288=DIRECTION('',(0.9989192348594202,-0.01071131710781628,-0.045228640413858136));
#9289=STYLED_ITEM('',(#25),#9290);
#9290=FACE_SURFACE('',(#9295),#9291,.T.);
#9291=PLANE('',#9292);
#9292=AXIS2_PLACEMENT_3D('',#473,#9293,#9294);
#9293=DIRECTION('',(0,-0.9263582759012512,0.3766435246612659));
#9294=DIRECTION('',(1,0,0));
#9295=FACE_BOUND('',#9296,.T.);
#9296=EDGE_LOOP('',(#9297,#9298,#9299));
#9297=ORIENTED_EDGE('',*,*,#9300,.T.);
#9298=ORIENTED_EDGE('',*,*,#9301,.T.);
#9299=ORIENTED_EDGE('',*,*,#9302,.T.);
#9300=EDGE_CURVE('',#474,#480,#9303,.F.);
#9301=EDGE_CURVE('',#480,#466,#9304,.T.);
#9302=EDGE_CURVE('',#466,#474,#9305,.T.);
#9303=LINE('',#473,#9306);
#9304=LINE('',#479,#9307);
#9305=LINE('',#465,#9308);
#9306=VECTOR('',#9309,1.0);
#9307=VECTOR('',#9310,1.0);
#9308=VECTOR('',#9311,1.0);
#9309=DIRECTION('',(1,0,0));
#9310=DIRECTION('',(0.9997293533017666,0.008762287176956639,0.021550927364268977));
#9311=DIRECTION('',(-0.9998796853520125,-0.005842405442012396,-0.014369450894572297));
#9312=STYLED_ITEM('',(#25),#9313);
#9313=FACE_SURFACE('',(#9318),#9314,.T.);
#9314=PLANE('',#9315);
#9315=AXIS2_PLACEMENT_3D('',#475,#9316,#9317);
#9316=DIRECTION('',(0,-0.9968903472723597,0.07880124056887772));
#9317=DIRECTION('',(0,0.07880124056887772,0.9968903472723597));
#9318=FACE_BOUND('',#9319,.T.);
#9319=EDGE_LOOP('',(#9320,#9321,#9322));
#9320=ORIENTED_EDGE('',*,*,#9323,.T.);
#9321=ORIENTED_EDGE('',*,*,#9324,.T.);
#9322=ORIENTED_EDGE('',*,*,#9325,.T.);
#9323=EDGE_CURVE('',#476,#482,#9326,.F.);
#9324=EDGE_CURVE('',#482,#478,#9327,.T.);
#9325=EDGE_CURVE('',#478,#476,#9328,.T.);
#9326=LINE('',#475,#9329);
#9327=LINE('',#481,#9330);
#9328=LINE('',#477,#9331);
#9329=VECTOR('',#9332,1.0);
#9330=VECTOR('',#9333,1.0);
#9331=VECTOR('',#9334,1.0);
#9332=DIRECTION('',(0,0.07880124056887772,0.9968903472723597));
#9333=DIRECTION('',(-1,0,0));
#9334=DIRECTION('',(0.9989191405772245,-0.003662817449241855,-0.04633718114854261));
#9335=STYLED_ITEM('',(#25),#9336);
#9336=FACE_SURFACE('',(#9341),#9337,.T.);
#9337=PLANE('',#9338);
#9338=AXIS2_PLACEMENT_3D('',#477,#9339,#9340);
#9339=DIRECTION('',(0,-0.9730838062428073,0.23045152641718447));
#9340=DIRECTION('',(1,0,0));
#9341=FACE_BOUND('',#9342,.T.);
#9342=EDGE_LOOP('',(#9343,#9344,#9345));
#9343=ORIENTED_EDGE('',*,*,#9346,.T.);
#9344=ORIENTED_EDGE('',*,*,#9347,.T.);
#9345=ORIENTED_EDGE('',*,*,#9348,.T.);
#9346=EDGE_CURVE('',#478,#482,#9349,.F.);
#9347=EDGE_CURVE('',#482,#484,#9350,.T.);
#9348=EDGE_CURVE('',#484,#478,#9351,.T.);
#9349=LINE('',#477,#9352);
#9350=LINE('',#481,#9353);
#9351=LINE('',#483,#9354);
#9352=VECTOR('',#9355,1.0);
#9353=VECTOR('',#9356,1.0);
#9354=VECTOR('',#9357,1.0);
#9355=DIRECTION('',(1,0,0));
#9356=DIRECTION('',(-0.9989192348594202,0.01071131710781628,0.045228640413858136));
#9357=DIRECTION('',(0,-0.23045152641718447,-0.9730838062428074));
#9358=STYLED_ITEM('',(#25),#9359);
#9359=FACE_SURFACE('',(#9364),#9360,.T.);
#9360=PLANE('',#9361);
#9361=AXIS2_PLACEMENT_3D('',#477,#9362,#9363);
#9362=DIRECTION('',(0,-0.9730838062428075,0.2304515264171845));
#9363=DIRECTION('',(0,0.23045152641718447,0.9730838062428074));
#9364=FACE_BOUND('',#9365,.T.);
#9365=EDGE_LOOP('',(#9366,#9367,#9368));
#9366=ORIENTED_EDGE('',*,*,#9369,.T.);
#9367=ORIENTED_EDGE('',*,*,#9370,.T.);
#9368=ORIENTED_EDGE('',*,*,#9371,.T.);
#9369=EDGE_CURVE('',#478,#484,#9372,.F.);
#9370=EDGE_CURVE('',#484,#480,#9373,.T.);
#9371=EDGE_CURVE('',#480,#478,#9374,.T.);
#9372=LINE('',#477,#9375);
#9373=LINE('',#483,#9376);
#9374=LINE('',#479,#9377);
#9375=VECTOR('',#9378,1.0);
#9376=VECTOR('',#9379,1.0);
#9377=VECTOR('',#9380,1.0);
#9378=DIRECTION('',(0,0.23045152641718447,0.9730838062428074));
#9379=DIRECTION('',(-1,0,0));
#9380=DIRECTION('',(0.9989192398486926,-0.010711292397154057,-0.045228536072847145));
#9381=STYLED_ITEM('',(#25),#9382);
#9382=FACE_SURFACE('',(#9387),#9383,.T.);
#9383=PLANE('',#9384);
#9384=AXIS2_PLACEMENT_3D('',#479,#9385,#9386);
#9385=DIRECTION('',(0,-0.926358275901251,0.3766435246612658));
#9386=DIRECTION('',(1,0,0));
#9387=FACE_BOUND('',#9388,.T.);
#9388=EDGE_LOOP('',(#9389,#9390,#9391));
#9389=ORIENTED_EDGE('',*,*,#9392,.T.);
#9390=ORIENTED_EDGE('',*,*,#9393,.T.);
#9391=ORIENTED_EDGE('',*,*,#9394,.T.);
#9392=EDGE_CURVE('',#480,#484,#9395,.F.);
#9393=EDGE_CURVE('',#484,#466,#9396,.T.);
#9394=EDGE_CURVE('',#466,#480,#9397,.T.);
#9395=LINE('',#479,#9398);
#9396=LINE('',#483,#9399);
#9397=LINE('',#465,#9400);
#9398=VECTOR('',#9401,1.0);
#9399=VECTOR('',#9402,1.0);
#9400=VECTOR('',#9403,1.0);
#9401=DIRECTION('',(1,0,0));
#9402=DIRECTION('',(0.998918727304406,0.017510384874233596,0.04306695557039147));
#9403=DIRECTION('',(-0.9997293533017666,-0.008762287176956639,-0.021550927364268977));
#9404=STYLED_ITEM('',(#25),#9405);
#9405=FACE_SURFACE('',(#9410),#9406,.T.);
#9406=PLANE('',#9407);
#9407=AXIS2_PLACEMENT_3D('',#481,#9408,#9409);
#9408=DIRECTION('',(0,-0.9730838062428073,0.23045152641718447));
#9409=DIRECTION('',(0,0.23045152641718447,0.9730838062428074));
#9410=FACE_BOUND('',#9411,.T.);
#9411=EDGE_LOOP('',(#9412,#9413,#9414));
#9412=ORIENTED_EDGE('',*,*,#9415,.T.);
#9413=ORIENTED_EDGE('',*,*,#9416,.T.);
#9414=ORIENTED_EDGE('',*,*,#9417,.T.);
#9415=EDGE_CURVE('',#482,#486,#9418,.F.);
#9416=EDGE_CURVE('',#486,#484,#9419,.T.);
#9417=EDGE_CURVE('',#484,#482,#9420,.T.);
#9418=LINE('',#481,#9421);
#9419=LINE('',#485,#9422);
#9420=LINE('',#483,#9423);
#9421=VECTOR('',#9424,1.0);
#9422=VECTOR('',#9425,1.0);
#9423=VECTOR('',#9426,1.0);
#9424=DIRECTION('',(0,0.23045152641718447,0.9730838062428074));
#9425=DIRECTION('',(-1,0,0));
#9426=DIRECTION('',(0.9989192348594202,-0.01071131710781628,-0.045228640413858136));
#9427=STYLED_ITEM('',(#25),#9428);
#9428=FACE_SURFACE('',(#9433),#9429,.T.);
#9429=PLANE('',#9430);
#9430=AXIS2_PLACEMENT_3D('',#483,#9431,#9432);
#9431=DIRECTION('',(0,-0.9263582759012512,0.3766435246612659));
#9432=DIRECTION('',(1,0,0));
#9433=FACE_BOUND('',#9434,.T.);
#9434=EDGE_LOOP('',(#9435,#9436,#9437));
#9435=ORIENTED_EDGE('',*,*,#9438,.T.);
#9436=ORIENTED_EDGE('',*,*,#9439,.T.);
#9437=ORIENTED_EDGE('',*,*,#9440,.T.);
#9438=EDGE_CURVE('',#484,#486,#9441,.F.);
#9439=EDGE_CURVE('',#486,#466,#9442,.T.);
#9440=EDGE_CURVE('',#466,#484,#9443,.T.);
#9441=LINE('',#483,#9444);
#9442=LINE('',#485,#9445);
#9443=LINE('',#465,#9446);
#9444=VECTOR('',#9447,1.0);
#9445=VECTOR('',#9448,1.0);
#9446=VECTOR('',#9449,1.0);
#9447=DIRECTION('',(1,0,0));
#9448=DIRECTION('',(0,0.3766435246612658,0.9263582759012511));
#9449=DIRECTION('',(-0.998918727304406,-0.017510384874233596,-0.04306695557039147));
#9450=STYLED_ITEM('',(#25),#9451);
#9451=FACE_SURFACE('',(#9456),#9452,.T.);
#9452=PLANE('',#9453);
#9453=AXIS2_PLACEMENT_3D('',#373,#9454,#9455);
#9454=DIRECTION('',(0,-0.9740095568589054,-0.22650691633484138));
#9455=DIRECTION('',(0,0.22650691633484135,-0.9740095568589052));
#9456=FACE_BOUND('',#9457,.T.);
#9457=EDGE_LOOP('',(#9458,#9459,#9460));
#9458=ORIENTED_EDGE('',*,*,#9461,.T.);
#9459=ORIENTED_EDGE('',*,*,#9462,.T.);
#9460=ORIENTED_EDGE('',*,*,#9463,.T.);
#9461=EDGE_CURVE('',#374,#488,#9464,.F.);
#9462=EDGE_CURVE('',#488,#370,#9465,.T.);
#9463=EDGE_CURVE('',#370,#374,#9466,.T.);
#9464=LINE('',#373,#9467);
#9465=LINE('',#487,#9468);
#9466=LINE('',#369,#9469);
#9467=VECTOR('',#9470,1.0);
#9468=VECTOR('',#9471,1.0);
#9469=VECTOR('',#9472,1.0);
#9470=DIRECTION('',(0,0.22650691633484135,-0.9740095568589052));
#9471=DIRECTION('',(1,0,0));
#9472=DIRECTION('',(-0.9989195245258636,-0.010526562642275916,0.045265605043573486));
#9473=STYLED_ITEM('',(#25),#9474);
#9474=FACE_SURFACE('',(#9479),#9475,.T.);
#9475=PLANE('',#9476);
#9476=AXIS2_PLACEMENT_3D('',#369,#9477,#9478);
#9477=DIRECTION('',(-0,-0.9278588026913632,-0.37293168579265285));
#9478=DIRECTION('',(-1,0,0));
#9479=FACE_BOUND('',#9480,.T.);
#9480=EDGE_LOOP('',(#9481,#9482,#9483));
#9481=ORIENTED_EDGE('',*,*,#9484,.T.);
#9482=ORIENTED_EDGE('',*,*,#9485,.T.);
#9483=ORIENTED_EDGE('',*,*,#9486,.T.);
#9484=EDGE_CURVE('',#370,#488,#9487,.F.);
#9485=EDGE_CURVE('',#488,#490,#9488,.T.);
#9486=EDGE_CURVE('',#490,#370,#9489,.T.);
#9487=LINE('',#369,#9490);
#9488=LINE('',#487,#9491);
#9489=LINE('',#489,#9492);
#9490=VECTOR('',#9493,1.0);
#9491=VECTOR('',#9494,1.0);
#9492=VECTOR('',#9495,1.0);
#9493=DIRECTION('',(-1,0,0));
#9494=DIRECTION('',(0.9989185199542543,0.017339480657654328,-0.04314084958510693));
#9495=DIRECTION('',(0,-0.3729316857926528,0.9278588026913631));
#9496=STYLED_ITEM('',(#25),#9497);
#9497=FACE_SURFACE('',(#9502),#9498,.T.);
#9498=PLANE('',#9499);
#9499=AXIS2_PLACEMENT_3D('',#369,#9500,#9501);
#9500=DIRECTION('',(0,-0.9278588026913632,-0.37293168579265285));
#9501=DIRECTION('',(0,0.3729316857926528,-0.9278588026913631));
#9502=FACE_BOUND('',#9503,.T.);
#9503=EDGE_LOOP('',(#9504,#9505,#9506));
#9504=ORIENTED_EDGE('',*,*,#9507,.T.);
#9505=ORIENTED_EDGE('',*,*,#9508,.T.);
#9506=ORIENTED_EDGE('',*,*,#9509,.T.);
#9507=EDGE_CURVE('',#370,#490,#9510,.F.);
#9508=EDGE_CURVE('',#490,#366,#9511,.T.);
#9509=EDGE_CURVE('',#366,#370,#9512,.T.);
#9510=LINE('',#369,#9513);
#9511=LINE('',#489,#9514);
#9512=LINE('',#365,#9515);
#9513=VECTOR('',#9516,1.0);
#9514=VECTOR('',#9517,1.0);
#9515=VECTOR('',#9518,1.0);
#9516=DIRECTION('',(0,0.3729316857926528,-0.9278588026913631));
#9517=DIRECTION('',(1,0,0));
#9518=DIRECTION('',(-0.9989185199542543,-0.017339480657654328,0.04314084958510693));
#9519=STYLED_ITEM('',(#25),#9520);
#9520=FACE_SURFACE('',(#9525),#9521,.T.);
#9521=PLANE('',#9522);
#9522=AXIS2_PLACEMENT_3D('',#365,#9523,#9524);
#9523=DIRECTION('',(-0,-0.859816568888547,-0.5106030433367261));
#9524=DIRECTION('',(-1,0,0));
#9525=FACE_BOUND('',#9526,.T.);
#9526=EDGE_LOOP('',(#9527,#9528,#9529));
#9527=ORIENTED_EDGE('',*,*,#9530,.T.);
#9528=ORIENTED_EDGE('',*,*,#9531,.T.);
#9529=ORIENTED_EDGE('',*,*,#9532,.T.);
#9530=EDGE_CURVE('',#366,#490,#9533,.F.);
#9531=EDGE_CURVE('',#490,#492,#9534,.T.);
#9532=EDGE_CURVE('',#492,#366,#9535,.T.);
#9533=LINE('',#365,#9536);
#9534=LINE('',#489,#9537);
#9535=LINE('',#491,#9538);
#9536=VECTOR('',#9539,1.0);
#9537=VECTOR('',#9540,1.0);
#9538=VECTOR('',#9541,1.0);
#9539=DIRECTION('',(-1,0,0));
#9540=DIRECTION('',(0.9989192868275906,0.023732104425661732,-0.03996305322904346));
#9541=DIRECTION('',(0,-0.5106030433367261,0.859816568888547));
#9542=STYLED_ITEM('',(#25),#9543);
#9543=FACE_SURFACE('',(#9548),#9544,.T.);
#9544=PLANE('',#9545);
#9545=AXIS2_PLACEMENT_3D('',#365,#9546,#9547);
#9546=DIRECTION('',(0,-0.859816568888547,-0.5106030433367261));
#9547=DIRECTION('',(0,0.5106030433367261,-0.859816568888547));
#9548=FACE_BOUND('',#9549,.T.);
#9549=EDGE_LOOP('',(#9550,#9551,#9552));
#9550=ORIENTED_EDGE('',*,*,#9553,.T.);
#9551=ORIENTED_EDGE('',*,*,#9554,.T.);
#9552=ORIENTED_EDGE('',*,*,#9555,.T.);
#9553=EDGE_CURVE('',#366,#492,#9556,.F.);
#9554=EDGE_CURVE('',#492,#362,#9557,.T.);
#9555=EDGE_CURVE('',#362,#366,#9558,.T.);
#9556=LINE('',#365,#9559);
#9557=LINE('',#491,#9560);
#9558=LINE('',#361,#9561);
#9559=VECTOR('',#9562,1.0);
#9560=VECTOR('',#9563,1.0);
#9561=VECTOR('',#9564,1.0);
#9562=DIRECTION('',(0,0.5106030433367261,-0.859816568888547));
#9563=DIRECTION('',(1,0,0));
#9564=DIRECTION('',(-0.9989192868275906,-0.023732104425661732,0.03996305322904346));
#9565=STYLED_ITEM('',(#25),#9566);
#9566=FACE_SURFACE('',(#9571),#9567,.T.);
#9567=PLANE('',#9568);
#9568=AXIS2_PLACEMENT_3D('',#361,#9569,#9570);
#9569=DIRECTION('',(-0,-0.7713732785400773,-0.6363829547955638));
#9570=DIRECTION('',(-1,0,0));
#9571=FACE_BOUND('',#9572,.T.);
#9572=EDGE_LOOP('',(#9573,#9574,#9575));
#9573=ORIENTED_EDGE('',*,*,#9576,.T.);
#9574=ORIENTED_EDGE('',*,*,#9577,.T.);
#9575=ORIENTED_EDGE('',*,*,#9578,.T.);
#9576=EDGE_CURVE('',#362,#492,#9579,.F.);
#9577=EDGE_CURVE('',#492,#494,#9580,.T.);
#9578=EDGE_CURVE('',#494,#362,#9581,.T.);
#9579=LINE('',#361,#9582);
#9580=LINE('',#491,#9583);
#9581=LINE('',#493,#9584);
#9582=VECTOR('',#9585,1.0);
#9583=VECTOR('',#9586,1.0);
#9584=VECTOR('',#9587,1.0);
#9585=DIRECTION('',(-1,0,0));
#9586=DIRECTION('',(0.9989198509869817,0.029570458999651616,-0.03584298060563832));
#9587=DIRECTION('',(0,-0.6363829547955637,0.7713732785400772));
#9588=STYLED_ITEM('',(#25),#9589);
#9589=FACE_SURFACE('',(#9594),#9590,.T.);
#9590=PLANE('',#9591);
#9591=AXIS2_PLACEMENT_3D('',#361,#9592,#9593);
#9592=DIRECTION('',(0,-0.7713732785400772,-0.6363829547955636));
#9593=DIRECTION('',(0,0.6363829547955637,-0.7713732785400772));
#9594=FACE_BOUND('',#9595,.T.);
#9595=EDGE_LOOP('',(#9596,#9597,#9598));
#9596=ORIENTED_EDGE('',*,*,#9599,.T.);
#9597=ORIENTED_EDGE('',*,*,#9600,.T.);
#9598=ORIENTED_EDGE('',*,*,#9601,.T.);
#9599=EDGE_CURVE('',#362,#494,#9602,.F.);
#9600=EDGE_CURVE('',#494,#358,#9603,.T.);
#9601=EDGE_CURVE('',#358,#362,#9604,.T.);
#9602=LINE('',#361,#9605);
#9603=LINE('',#493,#9606);
#9604=LINE('',#357,#9607);
#9605=VECTOR('',#9608,1.0);
#9606=VECTOR('',#9609,1.0);
#9607=VECTOR('',#9610,1.0);
#9608=DIRECTION('',(0,0.6363829547955637,-0.7713732785400772));
#9609=DIRECTION('',(1,0,0));
#9610=DIRECTION('',(-0.9989198559734143,-0.0295703907814747,0.03584289791693903));
#9611=STYLED_ITEM('',(#25),#9612);
#9612=FACE_SURFACE('',(#9617),#9613,.T.);
#9613=PLANE('',#9614);
#9614=AXIS2_PLACEMENT_3D('',#357,#9615,#9616);
#9615=DIRECTION('',(-0,-0.6649803885424219,-0.7468608189307894));
#9616=DIRECTION('',(-1,0,0));
#9617=FACE_BOUND('',#9618,.T.);
#9618=EDGE_LOOP('',(#9619,#9620,#9621));
#9619=ORIENTED_EDGE('',*,*,#9622,.T.);
#9620=ORIENTED_EDGE('',*,*,#9623,.T.);
#9621=ORIENTED_EDGE('',*,*,#9624,.T.);
#9622=EDGE_CURVE('',#358,#494,#9625,.F.);
#9623=EDGE_CURVE('',#494,#496,#9626,.T.);
#9624=EDGE_CURVE('',#496,#358,#9627,.T.);
#9625=LINE('',#357,#9628);
#9626=LINE('',#493,#9629);
#9627=LINE('',#495,#9630);
#9628=VECTOR('',#9631,1.0);
#9629=VECTOR('',#9632,1.0);
#9630=VECTOR('',#9633,1.0);
#9631=DIRECTION('',(-1,0,0));
#9632=DIRECTION('',(0.9989191109678331,0.034715853070328664,-0.03090985747028199));
#9633=DIRECTION('',(0,-0.7468608189307895,0.6649803885424219));
#9634=STYLED_ITEM('',(#25),#9635);
#9635=FACE_SURFACE('',(#9640),#9636,.T.);
#9636=PLANE('',#9637);
#9637=AXIS2_PLACEMENT_3D('',#357,#9638,#9639);
#9638=DIRECTION('',(0,-0.6649803885424219,-0.7468608189307895));
#9639=DIRECTION('',(0,0.7468608189307895,-0.6649803885424219));
#9640=FACE_BOUND('',#9641,.T.);
#9641=EDGE_LOOP('',(#9642,#9643,#9644));
#9642=ORIENTED_EDGE('',*,*,#9645,.T.);
#9643=ORIENTED_EDGE('',*,*,#9646,.T.);
#9644=ORIENTED_EDGE('',*,*,#9647,.T.);
#9645=EDGE_CURVE('',#358,#496,#9648,.F.);
#9646=EDGE_CURVE('',#496,#354,#9649,.T.);
#9647=EDGE_CURVE('',#354,#358,#9650,.T.);
#9648=LINE('',#357,#9651);
#9649=LINE('',#495,#9652);
#9650=LINE('',#353,#9653);
#9651=VECTOR('',#9654,1.0);
#9652=VECTOR('',#9655,1.0);
#9653=VECTOR('',#9656,1.0);
#9654=DIRECTION('',(0,0.7468608189307895,-0.6649803885424219));
#9655=DIRECTION('',(1,0,0));
#9656=DIRECTION('',(-0.9989191059779668,-0.03471593315884327,0.030909928778469823));
#9657=STYLED_ITEM('',(#25),#9658);
#9658=FACE_SURFACE('',(#9663),#9659,.T.);
#9659=PLANE('',#9660);
#9660=AXIS2_PLACEMENT_3D('',#353,#9661,#9662);
#9661=DIRECTION('',(-0,-0.5429504712658783,-0.8397647204736342));
#9662=DIRECTION('',(-1,0,0));
#9663=FACE_BOUND('',#9664,.T.);
#9664=EDGE_LOOP('',(#9665,#9666,#9667));
#9665=ORIENTED_EDGE('',*,*,#9668,.T.);
#9666=ORIENTED_EDGE('',*,*,#9669,.T.);
#9667=ORIENTED_EDGE('',*,*,#9670,.T.);
#9668=EDGE_CURVE('',#354,#496,#9671,.F.);
#9669=EDGE_CURVE('',#496,#498,#9672,.T.);
#9670=EDGE_CURVE('',#498,#354,#9673,.T.);
#9671=LINE('',#353,#9674);
#9672=LINE('',#495,#9675);
#9673=LINE('',#497,#9676);
#9674=VECTOR('',#9677,1.0);
#9675=VECTOR('',#9678,1.0);
#9676=VECTOR('',#9679,1.0);
#9677=DIRECTION('',(-1,0,0));
#9678=DIRECTION('',(0.9989190891738323,0.03903463892894887,-0.025237873282188693));
#9679=DIRECTION('',(0,-0.839764720473634,0.5429504712658781));
#9680=STYLED_ITEM('',(#25),#9681);
#9681=FACE_SURFACE('',(#9686),#9682,.T.);
#9682=PLANE('',#9683);
#9683=AXIS2_PLACEMENT_3D('',#353,#9684,#9685);
#9684=DIRECTION('',(0,-0.5429504712658783,-0.8397647204736342));
#9685=DIRECTION('',(0,0.839764720473634,-0.5429504712658781));
#9686=FACE_BOUND('',#9687,.T.);
#9687=EDGE_LOOP('',(#9688,#9689,#9690));
#9688=ORIENTED_EDGE('',*,*,#9691,.T.);
#9689=ORIENTED_EDGE('',*,*,#9692,.T.);
#9690=ORIENTED_EDGE('',*,*,#9693,.T.);
#9691=EDGE_CURVE('',#354,#498,#9694,.F.);
#9692=EDGE_CURVE('',#498,#350,#9695,.T.);
#9693=EDGE_CURVE('',#350,#354,#9696,.T.);
#9694=LINE('',#353,#9697);
#9695=LINE('',#497,#9698);
#9696=LINE('',#349,#9699);
#9697=VECTOR('',#9700,1.0);
#9698=VECTOR('',#9701,1.0);
#9699=VECTOR('',#9702,1.0);
#9700=DIRECTION('',(0,0.839764720473634,-0.5429504712658781));
#9701=DIRECTION('',(1,0,0));
#9702=DIRECTION('',(-0.9989190891738323,-0.03903463892894887,0.025237873282188693));
#9703=STYLED_ITEM('',(#25),#9704);
#9704=FACE_SURFACE('',(#9709),#9705,.T.);
#9705=PLANE('',#9706);
#9706=AXIS2_PLACEMENT_3D('',#349,#9707,#9708);
#9707=DIRECTION('',(-0,-0.4078713174126974,-0.9130394232627804));
#9708=DIRECTION('',(-1,0,0));
#9709=FACE_BOUND('',#9710,.T.);
#9710=EDGE_LOOP('',(#9711,#9712,#9713));
#9711=ORIENTED_EDGE('',*,*,#9714,.T.);
#9712=ORIENTED_EDGE('',*,*,#9715,.T.);
#9713=ORIENTED_EDGE('',*,*,#9716,.T.);
#9714=EDGE_CURVE('',#350,#498,#9717,.F.);
#9715=EDGE_CURVE('',#498,#500,#9718,.T.);
#9716=EDGE_CURVE('',#500,#350,#9719,.T.);
#9717=LINE('',#349,#9720);
#9718=LINE('',#497,#9721);
#9719=LINE('',#499,#9722);
#9720=VECTOR('',#9723,1.0);
#9721=VECTOR('',#9724,1.0);
#9722=VECTOR('',#9725,1.0);
#9723=DIRECTION('',(-1,0,0));
#9724=DIRECTION('',(0.9989194185648606,0.0424341907574717,-0.01895612483603612));
#9725=DIRECTION('',(0,-0.9130394232627804,0.4078713174126974));
#9726=STYLED_ITEM('',(#25),#9727);
#9727=FACE_SURFACE('',(#9732),#9728,.T.);
#9728=PLANE('',#9729);
#9729=AXIS2_PLACEMENT_3D('',#349,#9730,#9731);
#9730=DIRECTION('',(0,-0.4078713174126974,-0.9130394232627804));
#9731=DIRECTION('',(0,0.9130394232627804,-0.4078713174126974));
#9732=FACE_BOUND('',#9733,.T.);
#9733=EDGE_LOOP('',(#9734,#9735,#9736));
#9734=ORIENTED_EDGE('',*,*,#9737,.T.);
#9735=ORIENTED_EDGE('',*,*,#9738,.T.);
#9736=ORIENTED_EDGE('',*,*,#9739,.T.);
#9737=EDGE_CURVE('',#350,#500,#9740,.F.);
#9738=EDGE_CURVE('',#500,#346,#9741,.T.);
#9739=EDGE_CURVE('',#346,#350,#9742,.T.);
#9740=LINE('',#349,#9743);
#9741=LINE('',#499,#9744);
#9742=LINE('',#345,#9745);
#9743=VECTOR('',#9746,1.0);
#9744=VECTOR('',#9747,1.0);
#9745=VECTOR('',#9748,1.0);
#9746=DIRECTION('',(0,0.9130394232627804,-0.4078713174126974));
#9747=DIRECTION('',(1,0,0));
#9748=DIRECTION('',(-0.9989194235532862,-0.042434092863129706,0.018956081104852977));
#9749=STYLED_ITEM('',(#25),#9750);
#9750=FACE_SURFACE('',(#9755),#9751,.T.);
#9751=PLANE('',#9752);
#9752=AXIS2_PLACEMENT_3D('',#345,#9753,#9754);
#9753=DIRECTION('',(-0,-0.26315104101973513,-0.964754647363893));
#9754=DIRECTION('',(-1,0,0));
#9755=FACE_BOUND('',#9756,.T.);
#9756=EDGE_LOOP('',(#9757,#9758,#9759));
#9757=ORIENTED_EDGE('',*,*,#9760,.T.);
#9758=ORIENTED_EDGE('',*,*,#9761,.T.);
#9759=ORIENTED_EDGE('',*,*,#9762,.T.);
#9760=EDGE_CURVE('',#346,#500,#9763,.F.);
#9761=EDGE_CURVE('',#500,#342,#9764,.T.);
#9762=EDGE_CURVE('',#342,#346,#9765,.T.);
#9763=LINE('',#345,#9766);
#9764=LINE('',#499,#9767);
#9765=LINE('',#341,#9768);
#9766=VECTOR('',#9769,1.0);
#9767=VECTOR('',#9770,1.0);
#9768=VECTOR('',#9771,1.0);
#9769=DIRECTION('',(-1,0,0));
#9770=DIRECTION('',(0.999932352114147,0.011221518931322085,-0.003060834582832806));
#9771=DIRECTION('',(-0.9998797464895669,-0.01496124386681029,0.00408089964558237));
#9772=STYLED_ITEM('',(#25),#9773);
#9773=FACE_SURFACE('',(#9778),#9774,.T.);
#9774=PLANE('',#9775);
#9775=AXIS2_PLACEMENT_3D('',#487,#9776,#9777);
#9776=DIRECTION('',(0,-0.9278588026913632,-0.37293168579265285));
#9777=DIRECTION('',(0,0.3729316857926528,-0.9278588026913631));
#9778=FACE_BOUND('',#9779,.T.);
#9779=EDGE_LOOP('',(#9780,#9781,#9782));
#9780=ORIENTED_EDGE('',*,*,#9783,.T.);
#9781=ORIENTED_EDGE('',*,*,#9784,.T.);
#9782=ORIENTED_EDGE('',*,*,#9785,.T.);
#9783=EDGE_CURVE('',#488,#502,#9786,.F.);
#9784=EDGE_CURVE('',#502,#490,#9787,.T.);
#9785=EDGE_CURVE('',#490,#488,#9788,.T.);
#9786=LINE('',#487,#9789);
#9787=LINE('',#501,#9790);
#9788=LINE('',#489,#9791);
#9789=VECTOR('',#9792,1.0);
#9790=VECTOR('',#9793,1.0);
#9791=VECTOR('',#9794,1.0);
#9792=DIRECTION('',(0,0.3729316857926528,-0.9278588026913631));
#9793=DIRECTION('',(1,0,0));
#9794=DIRECTION('',(-0.9989185199542543,-0.017339480657654328,0.04314084958510693));
#9795=STYLED_ITEM('',(#25),#9796);
#9796=FACE_SURFACE('',(#9801),#9797,.T.);
#9797=PLANE('',#9798);
#9798=AXIS2_PLACEMENT_3D('',#489,#9799,#9800);
#9799=DIRECTION('',(-0,-0.859816568888547,-0.5106030433367261));
#9800=DIRECTION('',(-1,0,0));
#9801=FACE_BOUND('',#9802,.T.);
#9802=EDGE_LOOP('',(#9803,#9804,#9805));
#9803=ORIENTED_EDGE('',*,*,#9806,.T.);
#9804=ORIENTED_EDGE('',*,*,#9807,.T.);
#9805=ORIENTED_EDGE('',*,*,#9808,.T.);
#9806=EDGE_CURVE('',#490,#502,#9809,.F.);
#9807=EDGE_CURVE('',#502,#504,#9810,.T.);
#9808=EDGE_CURVE('',#504,#490,#9811,.T.);
#9809=LINE('',#489,#9812);
#9810=LINE('',#501,#9813);
#9811=LINE('',#503,#9814);
#9812=VECTOR('',#9815,1.0);
#9813=VECTOR('',#9816,1.0);
#9814=VECTOR('',#9817,1.0);
#9815=DIRECTION('',(-1,0,0));
#9816=DIRECTION('',(0.9989192868275906,0.023732104425661732,-0.03996305322904346));
#9817=DIRECTION('',(0,-0.5106030433367261,0.859816568888547));
#9818=STYLED_ITEM('',(#25),#9819);
#9819=FACE_SURFACE('',(#9824),#9820,.T.);
#9820=PLANE('',#9821);
#9821=AXIS2_PLACEMENT_3D('',#489,#9822,#9823);
#9822=DIRECTION('',(0,-0.859816568888547,-0.5106030433367261));
#9823=DIRECTION('',(0,0.5106030433367261,-0.859816568888547));
#9824=FACE_BOUND('',#9825,.T.);
#9825=EDGE_LOOP('',(#9826,#9827,#9828));
#9826=ORIENTED_EDGE('',*,*,#9829,.T.);
#9827=ORIENTED_EDGE('',*,*,#9830,.T.);
#9828=ORIENTED_EDGE('',*,*,#9831,.T.);
#9829=EDGE_CURVE('',#490,#504,#9832,.F.);
#9830=EDGE_CURVE('',#504,#492,#9833,.T.);
#9831=EDGE_CURVE('',#492,#490,#9834,.T.);
#9832=LINE('',#489,#9835);
#9833=LINE('',#503,#9836);
#9834=LINE('',#491,#9837);
#9835=VECTOR('',#9838,1.0);
#9836=VECTOR('',#9839,1.0);
#9837=VECTOR('',#9840,1.0);
#9838=DIRECTION('',(0,0.5106030433367261,-0.859816568888547));
#9839=DIRECTION('',(1,0,0));
#9840=DIRECTION('',(-0.9989192868275906,-0.023732104425661732,0.03996305322904346));
#9841=STYLED_ITEM('',(#25),#9842);
#9842=FACE_SURFACE('',(#9847),#9843,.T.);
#9843=PLANE('',#9844);
#9844=AXIS2_PLACEMENT_3D('',#491,#9845,#9846);
#9845=DIRECTION('',(-0,-0.7713732785400773,-0.6363829547955638));
#9846=DIRECTION('',(-1,0,0));
#9847=FACE_BOUND('',#9848,.T.);
#9848=EDGE_LOOP('',(#9849,#9850,#9851));
#9849=ORIENTED_EDGE('',*,*,#9852,.T.);
#9850=ORIENTED_EDGE('',*,*,#9853,.T.);
#9851=ORIENTED_EDGE('',*,*,#9854,.T.);
#9852=EDGE_CURVE('',#492,#504,#9855,.F.);
#9853=EDGE_CURVE('',#504,#506,#9856,.T.);
#9854=EDGE_CURVE('',#506,#492,#9857,.T.);
#9855=LINE('',#491,#9858);
#9856=LINE('',#503,#9859);
#9857=LINE('',#505,#9860);
#9858=VECTOR('',#9861,1.0);
#9859=VECTOR('',#9862,1.0);
#9860=VECTOR('',#9863,1.0);
#9861=DIRECTION('',(-1,0,0));
#9862=DIRECTION('',(0.9989198509869817,0.029570458999651616,-0.03584298060563832));
#9863=DIRECTION('',(0,-0.6363829547955637,0.7713732785400772));
#9864=STYLED_ITEM('',(#25),#9865);
#9865=FACE_SURFACE('',(#9870),#9866,.T.);
#9866=PLANE('',#9867);
#9867=AXIS2_PLACEMENT_3D('',#491,#9868,#9869);
#9868=DIRECTION('',(0,-0.7713732785400773,-0.6363829547955638));
#9869=DIRECTION('',(0,0.6363829547955637,-0.7713732785400772));
#9870=FACE_BOUND('',#9871,.T.);
#9871=EDGE_LOOP('',(#9872,#9873,#9874));
#9872=ORIENTED_EDGE('',*,*,#9875,.T.);
#9873=ORIENTED_EDGE('',*,*,#9876,.T.);
#9874=ORIENTED_EDGE('',*,*,#9877,.T.);
#9875=EDGE_CURVE('',#492,#506,#9878,.F.);
#9876=EDGE_CURVE('',#506,#494,#9879,.T.);
#9877=EDGE_CURVE('',#494,#492,#9880,.T.);
#9878=LINE('',#491,#9881);
#9879=LINE('',#505,#9882);
#9880=LINE('',#493,#9883);
#9881=VECTOR('',#9884,1.0);
#9882=VECTOR('',#9885,1.0);
#9883=VECTOR('',#9886,1.0);
#9884=DIRECTION('',(0,0.6363829547955637,-0.7713732785400772));
#9885=DIRECTION('',(1,0,0));
#9886=DIRECTION('',(-0.9989198509869817,-0.029570458999651616,0.03584298060563832));
#9887=STYLED_ITEM('',(#25),#9888);
#9888=FACE_SURFACE('',(#9893),#9889,.T.);
#9889=PLANE('',#9890);
#9890=AXIS2_PLACEMENT_3D('',#493,#9891,#9892);
#9891=DIRECTION('',(-0,-0.6649803885424219,-0.7468608189307895));
#9892=DIRECTION('',(-1,0,0));
#9893=FACE_BOUND('',#9894,.T.);
#9894=EDGE_LOOP('',(#9895,#9896,#9897));
#9895=ORIENTED_EDGE('',*,*,#9898,.T.);
#9896=ORIENTED_EDGE('',*,*,#9899,.T.);
#9897=ORIENTED_EDGE('',*,*,#9900,.T.);
#9898=EDGE_CURVE('',#494,#506,#9901,.F.);
#9899=EDGE_CURVE('',#506,#508,#9902,.T.);
#9900=EDGE_CURVE('',#508,#494,#9903,.T.);
#9901=LINE('',#493,#9904);
#9902=LINE('',#505,#9905);
#9903=LINE('',#507,#9906);
#9904=VECTOR('',#9907,1.0);
#9905=VECTOR('',#9908,1.0);
#9906=VECTOR('',#9909,1.0);
#9907=DIRECTION('',(-1,0,0));
#9908=DIRECTION('',(0.9989191059779668,0.03471593315884327,-0.030909928778469823));
#9909=DIRECTION('',(0,-0.7468608189307895,0.6649803885424219));
#9910=STYLED_ITEM('',(#25),#9911);
#9911=FACE_SURFACE('',(#9916),#9912,.T.);
#9912=PLANE('',#9913);
#9913=AXIS2_PLACEMENT_3D('',#493,#9914,#9915);
#9914=DIRECTION('',(0,-0.6649803885424219,-0.7468608189307894));
#9915=DIRECTION('',(0,0.7468608189307895,-0.6649803885424219));
#9916=FACE_BOUND('',#9917,.T.);
#9917=EDGE_LOOP('',(#9918,#9919,#9920));
#9918=ORIENTED_EDGE('',*,*,#9921,.T.);
#9919=ORIENTED_EDGE('',*,*,#9922,.T.);
#9920=ORIENTED_EDGE('',*,*,#9923,.T.);
#9921=EDGE_CURVE('',#494,#508,#9924,.F.);
#9922=EDGE_CURVE('',#508,#496,#9925,.T.);
#9923=EDGE_CURVE('',#496,#494,#9926,.T.);
#9924=LINE('',#493,#9927);
#9925=LINE('',#507,#9928);
#9926=LINE('',#495,#9929);
#9927=VECTOR('',#9930,1.0);
#9928=VECTOR('',#9931,1.0);
#9929=VECTOR('',#9932,1.0);
#9930=DIRECTION('',(0,0.7468608189307895,-0.6649803885424219));
#9931=DIRECTION('',(1,0,0));
#9932=DIRECTION('',(-0.9989191109678331,-0.034715853070328664,0.03090985747028199));
#9933=STYLED_ITEM('',(#25),#9934);
#9934=FACE_SURFACE('',(#9939),#9935,.T.);
#9935=PLANE('',#9936);
#9936=AXIS2_PLACEMENT_3D('',#495,#9937,#9938);
#9937=DIRECTION('',(-0,-0.5429504712658781,-0.8397647204736339));
#9938=DIRECTION('',(-1,0,0));
#9939=FACE_BOUND('',#9940,.T.);
#9940=EDGE_LOOP('',(#9941,#9942,#9943));
#9941=ORIENTED_EDGE('',*,*,#9944,.T.);
#9942=ORIENTED_EDGE('',*,*,#9945,.T.);
#9943=ORIENTED_EDGE('',*,*,#9946,.T.);
#9944=EDGE_CURVE('',#496,#508,#9947,.F.);
#9945=EDGE_CURVE('',#508,#510,#9948,.T.);
#9946=EDGE_CURVE('',#510,#496,#9949,.T.);
#9947=LINE('',#495,#9950);
#9948=LINE('',#507,#9951);
#9949=LINE('',#509,#9952);
#9950=VECTOR('',#9953,1.0);
#9951=VECTOR('',#9954,1.0);
#9952=VECTOR('',#9955,1.0);
#9953=DIRECTION('',(-1,0,0));
#9954=DIRECTION('',(0.998919094163776,0.0390345488773253,-0.025237815059248065));
#9955=DIRECTION('',(0,-0.839764720473634,0.5429504712658781));
#9956=STYLED_ITEM('',(#25),#9957);
#9957=FACE_SURFACE('',(#9962),#9958,.T.);
#9958=PLANE('',#9959);
#9959=AXIS2_PLACEMENT_3D('',#495,#9960,#9961);
#9960=DIRECTION('',(0,-0.5429504712658783,-0.8397647204736342));
#9961=DIRECTION('',(0,0.839764720473634,-0.5429504712658781));
#9962=FACE_BOUND('',#9963,.T.);
#9963=EDGE_LOOP('',(#9964,#9965,#9966));
#9964=ORIENTED_EDGE('',*,*,#9967,.T.);
#9965=ORIENTED_EDGE('',*,*,#9968,.T.);
#9966=ORIENTED_EDGE('',*,*,#9969,.T.);
#9967=EDGE_CURVE('',#496,#510,#9970,.F.);
#9968=EDGE_CURVE('',#510,#498,#9971,.T.);
#9969=EDGE_CURVE('',#498,#496,#9972,.T.);
#9970=LINE('',#495,#9973);
#9971=LINE('',#509,#9974);
#9972=LINE('',#497,#9975);
#9973=VECTOR('',#9976,1.0);
#9974=VECTOR('',#9977,1.0);
#9975=VECTOR('',#9978,1.0);
#9976=DIRECTION('',(0,0.839764720473634,-0.5429504712658781));
#9977=DIRECTION('',(1,0,0));
#9978=DIRECTION('',(-0.9989190891738323,-0.03903463892894887,0.025237873282188693));
#9979=STYLED_ITEM('',(#25),#9980);
#9980=FACE_SURFACE('',(#9985),#9981,.T.);
#9981=PLANE('',#9982);
#9982=AXIS2_PLACEMENT_3D('',#497,#9983,#9984);
#9983=DIRECTION('',(-0,-0.4078713174126974,-0.9130394232627804));
#9984=DIRECTION('',(-1,0,0));
#9985=FACE_BOUND('',#9986,.T.);
#9986=EDGE_LOOP('',(#9987,#9988,#9989));
#9987=ORIENTED_EDGE('',*,*,#9990,.T.);
#9988=ORIENTED_EDGE('',*,*,#9991,.T.);
#9989=ORIENTED_EDGE('',*,*,#9992,.T.);
#9990=EDGE_CURVE('',#498,#510,#9993,.F.);
#9991=EDGE_CURVE('',#510,#512,#9994,.T.);
#9992=EDGE_CURVE('',#512,#498,#9995,.T.);
#9993=LINE('',#497,#9996);
#9994=LINE('',#509,#9997);
#9995=LINE('',#511,#9998);
#9996=VECTOR('',#9999,1.0);
#9997=VECTOR('',#10000,1.0);
#9998=VECTOR('',#10001,1.0);
#9999=DIRECTION('',(-1,0,0));
#10000=DIRECTION('',(0.9989194185648606,0.0424341907574717,-0.01895612483603612));
#10001=DIRECTION('',(0,-0.9130394232627804,0.4078713174126974));
#10002=STYLED_ITEM('',(#25),#10003);
#10003=FACE_SURFACE('',(#10008),#10004,.T.);
#10004=PLANE('',#10005);
#10005=AXIS2_PLACEMENT_3D('',#497,#10006,#10007);
#10006=DIRECTION('',(0,-0.4078713174126974,-0.9130394232627804));
#10007=DIRECTION('',(0,0.9130394232627804,-0.4078713174126974));
#10008=FACE_BOUND('',#10009,.T.);
#10009=EDGE_LOOP('',(#10010,#10011,#10012));
#10010=ORIENTED_EDGE('',*,*,#10013,.T.);
#10011=ORIENTED_EDGE('',*,*,#10014,.T.);
#10012=ORIENTED_EDGE('',*,*,#10015,.T.);
#10013=EDGE_CURVE('',#498,#512,#10016,.F.);
#10014=EDGE_CURVE('',#512,#500,#10017,.T.);
#10015=EDGE_CURVE('',#500,#498,#10018,.T.);
#10016=LINE('',#497,#10019);
#10017=LINE('',#511,#10020);
#10018=LINE('',#499,#10021);
#10019=VECTOR('',#10022,1.0);
#10020=VECTOR('',#10023,1.0);
#10021=VECTOR('',#10024,1.0);
#10022=DIRECTION('',(0,0.9130394232627804,-0.4078713174126974));
#10023=DIRECTION('',(1,0,0));
#10024=DIRECTION('',(-0.9989194185648606,-0.0424341907574717,0.01895612483603612));
#10025=STYLED_ITEM('',(#25),#10026);
#10026=FACE_SURFACE('',(#10031),#10027,.T.);
#10027=PLANE('',#10028);
#10028=AXIS2_PLACEMENT_3D('',#499,#10029,#10030);
#10029=DIRECTION('',(-0,-0.26315104101973513,-0.964754647363893));
#10030=DIRECTION('',(-1,0,0));
#10031=FACE_BOUND('',#10032,.T.);
#10032=EDGE_LOOP('',(#10033,#10034,#10035));
#10033=ORIENTED_EDGE('',*,*,#10036,.T.);
#10034=ORIENTED_EDGE('',*,*,#10037,.T.);
#10035=ORIENTED_EDGE('',*,*,#10038,.T.);
#10036=EDGE_CURVE('',#500,#512,#10039,.F.);
#10037=EDGE_CURVE('',#512,#342,#10040,.T.);
#10038=EDGE_CURVE('',#342,#500,#10041,.T.);
#10039=LINE('',#499,#10042);
#10040=LINE('',#511,#10043);
#10041=LINE('',#341,#10044);
#10042=VECTOR('',#10045,1.0);
#10043=VECTOR('',#10046,1.0);
#10044=VECTOR('',#10047,1.0);
#10045=DIRECTION('',(-1,0,0));
#10046=DIRECTION('',(0.9999567037514596,0.008977435845286198,-0.002448727865504517));
#10047=DIRECTION('',(-0.999932352114147,-0.011221518931322085,0.003060834582832806));
#10048=STYLED_ITEM('',(#25),#10049);
#10049=FACE_SURFACE('',(#10054),#10050,.T.);
#10050=PLANE('',#10051);
#10051=AXIS2_PLACEMENT_3D('',#501,#10052,#10053);
#10052=DIRECTION('',(0,-0.859816568888547,-0.5106030433367261));
#10053=DIRECTION('',(0,0.5106030433367261,-0.859816568888547));
#10054=FACE_BOUND('',#10055,.T.);
#10055=EDGE_LOOP('',(#10056,#10057,#10058));
#10056=ORIENTED_EDGE('',*,*,#10059,.T.);
#10057=ORIENTED_EDGE('',*,*,#10060,.T.);
#10058=ORIENTED_EDGE('',*,*,#10061,.T.);
#10059=EDGE_CURVE('',#502,#514,#10062,.F.);
#10060=EDGE_CURVE('',#514,#504,#10063,.T.);
#10061=EDGE_CURVE('',#504,#502,#10064,.T.);
#10062=LINE('',#501,#10065);
#10063=LINE('',#513,#10066);
#10064=LINE('',#503,#10067);
#10065=VECTOR('',#10068,1.0);
#10066=VECTOR('',#10069,1.0);
#10067=VECTOR('',#10070,1.0);
#10068=DIRECTION('',(0,0.5106030433367261,-0.859816568888547));
#10069=DIRECTION('',(1,0,0));
#10070=DIRECTION('',(-0.9989192868275906,-0.023732104425661732,0.03996305322904346));
#10071=STYLED_ITEM('',(#25),#10072);
#10072=FACE_SURFACE('',(#10077),#10073,.T.);
#10073=PLANE('',#10074);
#10074=AXIS2_PLACEMENT_3D('',#503,#10075,#10076);
#10075=DIRECTION('',(-0,-0.7713732785400773,-0.6363829547955638));
#10076=DIRECTION('',(-1,0,0));
#10077=FACE_BOUND('',#10078,.T.);
#10078=EDGE_LOOP('',(#10079,#10080,#10081));
#10079=ORIENTED_EDGE('',*,*,#10082,.T.);
#10080=ORIENTED_EDGE('',*,*,#10083,.T.);
#10081=ORIENTED_EDGE('',*,*,#10084,.T.);
#10082=EDGE_CURVE('',#504,#514,#10085,.F.);
#10083=EDGE_CURVE('',#514,#516,#10086,.T.);
#10084=EDGE_CURVE('',#516,#504,#10087,.T.);
#10085=LINE('',#503,#10088);
#10086=LINE('',#513,#10089);
#10087=LINE('',#515,#10090);
#10088=VECTOR('',#10091,1.0);
#10089=VECTOR('',#10092,1.0);
#10090=VECTOR('',#10093,1.0);
#10091=DIRECTION('',(-1,0,0));
#10092=DIRECTION('',(0.9989198509869817,0.029570458999651616,-0.03584298060563832));
#10093=DIRECTION('',(0,-0.6363829547955637,0.7713732785400772));
#10094=STYLED_ITEM('',(#25),#10095);
#10095=FACE_SURFACE('',(#10100),#10096,.T.);
#10096=PLANE('',#10097);
#10097=AXIS2_PLACEMENT_3D('',#503,#10098,#10099);
#10098=DIRECTION('',(0,-0.7713732785400773,-0.6363829547955638));
#10099=DIRECTION('',(0,0.6363829547955637,-0.7713732785400772));
#10100=FACE_BOUND('',#10101,.T.);
#10101=EDGE_LOOP('',(#10102,#10103,#10104));
#10102=ORIENTED_EDGE('',*,*,#10105,.T.);
#10103=ORIENTED_EDGE('',*,*,#10106,.T.);
#10104=ORIENTED_EDGE('',*,*,#10107,.T.);
#10105=EDGE_CURVE('',#504,#516,#10108,.F.);
#10106=EDGE_CURVE('',#516,#506,#10109,.T.);
#10107=EDGE_CURVE('',#506,#504,#10110,.T.);
#10108=LINE('',#503,#10111);
#10109=LINE('',#515,#10112);
#10110=LINE('',#505,#10113);
#10111=VECTOR('',#10114,1.0);
#10112=VECTOR('',#10115,1.0);
#10113=VECTOR('',#10116,1.0);
#10114=DIRECTION('',(0,0.6363829547955637,-0.7713732785400772));
#10115=DIRECTION('',(1,0,0));
#10116=DIRECTION('',(-0.9989198509869817,-0.029570458999651616,0.03584298060563832));
#10117=STYLED_ITEM('',(#25),#10118);
#10118=FACE_SURFACE('',(#10123),#10119,.T.);
#10119=PLANE('',#10120);
#10120=AXIS2_PLACEMENT_3D('',#505,#10121,#10122);
#10121=DIRECTION('',(-0,-0.6649803885424219,-0.7468608189307895));
#10122=DIRECTION('',(-1,0,0));
#10123=FACE_BOUND('',#10124,.T.);
#10124=EDGE_LOOP('',(#10125,#10126,#10127));
#10125=ORIENTED_EDGE('',*,*,#10128,.T.);
#10126=ORIENTED_EDGE('',*,*,#10129,.T.);
#10127=ORIENTED_EDGE('',*,*,#10130,.T.);
#10128=EDGE_CURVE('',#506,#516,#10131,.F.);
#10129=EDGE_CURVE('',#516,#518,#10132,.T.);
#10130=EDGE_CURVE('',#518,#506,#10133,.T.);
#10131=LINE('',#505,#10134);
#10132=LINE('',#515,#10135);
#10133=LINE('',#517,#10136);
#10134=VECTOR('',#10137,1.0);
#10135=VECTOR('',#10138,1.0);
#10136=VECTOR('',#10139,1.0);
#10137=DIRECTION('',(-1,0,0));
#10138=DIRECTION('',(0.9989191059779668,0.03471593315884327,-0.030909928778469823));
#10139=DIRECTION('',(0,-0.7468608189307895,0.6649803885424219));
#10140=STYLED_ITEM('',(#25),#10141);
#10141=FACE_SURFACE('',(#10146),#10142,.T.);
#10142=PLANE('',#10143);
#10143=AXIS2_PLACEMENT_3D('',#505,#10144,#10145);
#10144=DIRECTION('',(0,-0.6649803885424219,-0.7468608189307895));
#10145=DIRECTION('',(0,0.7468608189307895,-0.6649803885424219));
#10146=FACE_BOUND('',#10147,.T.);
#10147=EDGE_LOOP('',(#10148,#10149,#10150));
#10148=ORIENTED_EDGE('',*,*,#10151,.T.);
#10149=ORIENTED_EDGE('',*,*,#10152,.T.);
#10150=ORIENTED_EDGE('',*,*,#10153,.T.);
#10151=EDGE_CURVE('',#506,#518,#10154,.F.);
#10152=EDGE_CURVE('',#518,#508,#10155,.T.);
#10153=EDGE_CURVE('',#508,#506,#10156,.T.);
#10154=LINE('',#505,#10157);
#10155=LINE('',#517,#10158);
#10156=LINE('',#507,#10159);
#10157=VECTOR('',#10160,1.0);
#10158=VECTOR('',#10161,1.0);
#10159=VECTOR('',#10162,1.0);
#10160=DIRECTION('',(0,0.7468608189307895,-0.6649803885424219));
#10161=DIRECTION('',(1,0,0));
#10162=DIRECTION('',(-0.9989191059779668,-0.03471593315884327,0.030909928778469823));
#10163=STYLED_ITEM('',(#25),#10164);
#10164=FACE_SURFACE('',(#10169),#10165,.T.);
#10165=PLANE('',#10166);
#10166=AXIS2_PLACEMENT_3D('',#507,#10167,#10168);
#10167=DIRECTION('',(-0,-0.5429504712658783,-0.8397647204736342));
#10168=DIRECTION('',(-1,0,0));
#10169=FACE_BOUND('',#10170,.T.);
#10170=EDGE_LOOP('',(#10171,#10172,#10173));
#10171=ORIENTED_EDGE('',*,*,#10174,.T.);
#10172=ORIENTED_EDGE('',*,*,#10175,.T.);
#10173=ORIENTED_EDGE('',*,*,#10176,.T.);
#10174=EDGE_CURVE('',#508,#518,#10177,.F.);
#10175=EDGE_CURVE('',#518,#520,#10178,.T.);
#10176=EDGE_CURVE('',#520,#508,#10179,.T.);
#10177=LINE('',#507,#10180);
#10178=LINE('',#517,#10181);
#10179=LINE('',#519,#10182);
#10180=VECTOR('',#10183,1.0);
#10181=VECTOR('',#10184,1.0);
#10182=VECTOR('',#10185,1.0);
#10183=DIRECTION('',(-1,0,0));
#10184=DIRECTION('',(0.9989190891738323,0.03903463892894887,-0.025237873282188693));
#10185=DIRECTION('',(0,-0.839764720473634,0.5429504712658781));
#10186=STYLED_ITEM('',(#25),#10187);
#10187=FACE_SURFACE('',(#10192),#10188,.T.);
#10188=PLANE('',#10189);
#10189=AXIS2_PLACEMENT_3D('',#507,#10190,#10191);
#10190=DIRECTION('',(0,-0.5429504712658781,-0.8397647204736339));
#10191=DIRECTION('',(0,0.839764720473634,-0.5429504712658781));
#10192=FACE_BOUND('',#10193,.T.);
#10193=EDGE_LOOP('',(#10194,#10195,#10196));
#10194=ORIENTED_EDGE('',*,*,#10197,.T.);
#10195=ORIENTED_EDGE('',*,*,#10198,.T.);
#10196=ORIENTED_EDGE('',*,*,#10199,.T.);
#10197=EDGE_CURVE('',#508,#520,#10200,.F.);
#10198=EDGE_CURVE('',#520,#510,#10201,.T.);
#10199=EDGE_CURVE('',#510,#508,#10202,.T.);
#10200=LINE('',#507,#10203);
#10201=LINE('',#519,#10204);
#10202=LINE('',#509,#10205);
#10203=VECTOR('',#10206,1.0);
#10204=VECTOR('',#10207,1.0);
#10205=VECTOR('',#10208,1.0);
#10206=DIRECTION('',(0,0.839764720473634,-0.5429504712658781));
#10207=DIRECTION('',(1,0,0));
#10208=DIRECTION('',(-0.998919094163776,-0.0390345488773253,0.025237815059248065));
#10209=STYLED_ITEM('',(#25),#10210);
#10210=FACE_SURFACE('',(#10215),#10211,.T.);
#10211=PLANE('',#10212);
#10212=AXIS2_PLACEMENT_3D('',#509,#10213,#10214);
#10213=DIRECTION('',(-0,-0.4078713174126974,-0.9130394232627804));
#10214=DIRECTION('',(-1,0,0));
#10215=FACE_BOUND('',#10216,.T.);
#10216=EDGE_LOOP('',(#10217,#10218,#10219));
#10217=ORIENTED_EDGE('',*,*,#10220,.T.);
#10218=ORIENTED_EDGE('',*,*,#10221,.T.);
#10219=ORIENTED_EDGE('',*,*,#10222,.T.);
#10220=EDGE_CURVE('',#510,#520,#10223,.F.);
#10221=EDGE_CURVE('',#520,#522,#10224,.T.);
#10222=EDGE_CURVE('',#522,#510,#10225,.T.);
#10223=LINE('',#509,#10226);
#10224=LINE('',#519,#10227);
#10225=LINE('',#521,#10228);
#10226=VECTOR('',#10229,1.0);
#10227=VECTOR('',#10230,1.0);
#10228=VECTOR('',#10231,1.0);
#10229=DIRECTION('',(-1,0,0));
#10230=DIRECTION('',(0.9989194235532862,0.042434092863129706,-0.018956081104852977));
#10231=DIRECTION('',(0,-0.9130394232627804,0.4078713174126974));
#10232=STYLED_ITEM('',(#25),#10233);
#10233=FACE_SURFACE('',(#10238),#10234,.T.);
#10234=PLANE('',#10235);
#10235=AXIS2_PLACEMENT_3D('',#509,#10236,#10237);
#10236=DIRECTION('',(0,-0.4078713174126974,-0.9130394232627804));
#10237=DIRECTION('',(0,0.9130394232627804,-0.4078713174126974));
#10238=FACE_BOUND('',#10239,.T.);
#10239=EDGE_LOOP('',(#10240,#10241,#10242));
#10240=ORIENTED_EDGE('',*,*,#10243,.T.);
#10241=ORIENTED_EDGE('',*,*,#10244,.T.);
#10242=ORIENTED_EDGE('',*,*,#10245,.T.);
#10243=EDGE_CURVE('',#510,#522,#10246,.F.);
#10244=EDGE_CURVE('',#522,#512,#10247,.T.);
#10245=EDGE_CURVE('',#512,#510,#10248,.T.);
#10246=LINE('',#509,#10249);
#10247=LINE('',#521,#10250);
#10248=LINE('',#511,#10251);
#10249=VECTOR('',#10252,1.0);
#10250=VECTOR('',#10253,1.0);
#10251=VECTOR('',#10254,1.0);
#10252=DIRECTION('',(0,0.9130394232627804,-0.4078713174126974));
#10253=DIRECTION('',(1,0,0));
#10254=DIRECTION('',(-0.9989194185648606,-0.0424341907574717,0.01895612483603612));
#10255=STYLED_ITEM('',(#25),#10256);
#10256=FACE_SURFACE('',(#10261),#10257,.T.);
#10257=PLANE('',#10258);
#10258=AXIS2_PLACEMENT_3D('',#511,#10259,#10260);
#10259=DIRECTION('',(-0,-0.26315104101973513,-0.964754647363893));
#10260=DIRECTION('',(-1,0,0));
#10261=FACE_BOUND('',#10262,.T.);
#10262=EDGE_LOOP('',(#10263,#10264,#10265));
#10263=ORIENTED_EDGE('',*,*,#10266,.T.);
#10264=ORIENTED_EDGE('',*,*,#10267,.T.);
#10265=ORIENTED_EDGE('',*,*,#10268,.T.);
#10266=EDGE_CURVE('',#512,#522,#10269,.F.);
#10267=EDGE_CURVE('',#522,#524,#10270,.T.);
#10268=EDGE_CURVE('',#524,#512,#10271,.T.);
#10269=LINE('',#511,#10272);
#10270=LINE('',#521,#10273);
#10271=LINE('',#523,#10274);
#10272=VECTOR('',#10275,1.0);
#10273=VECTOR('',#10276,1.0);
#10274=VECTOR('',#10277,1.0);
#10275=DIRECTION('',(-1,0,0));
#10276=DIRECTION('',(-0.9999323520359552,0.011221525416388087,-0.0030608363517300842));
#10277=DIRECTION('',(0.9999567037114224,-0.008977439996033117,0.0024487289976818805));
#10278=STYLED_ITEM('',(#25),#10279);
#10279=FACE_SURFACE('',(#10284),#10280,.T.);
#10280=PLANE('',#10281);
#10281=AXIS2_PLACEMENT_3D('',#511,#10282,#10283);
#10282=DIRECTION('',(0,-0.26315104101973513,-0.964754647363893));
#10283=DIRECTION('',(-0.9999567037114224,0.008977439996033117,-0.0024487289976818805));
#10284=FACE_BOUND('',#10285,.T.);
#10285=EDGE_LOOP('',(#10286,#10287,#10288));
#10286=ORIENTED_EDGE('',*,*,#10289,.T.);
#10287=ORIENTED_EDGE('',*,*,#10290,.T.);
#10288=ORIENTED_EDGE('',*,*,#10291,.T.);
#10289=EDGE_CURVE('',#512,#524,#10292,.F.);
#10290=EDGE_CURVE('',#524,#342,#10293,.T.);
#10291=EDGE_CURVE('',#342,#512,#10294,.T.);
#10292=LINE('',#511,#10295);
#10293=LINE('',#523,#10296);
#10294=LINE('',#341,#10297);
#10295=VECTOR('',#10298,1.0);
#10296=VECTOR('',#10299,1.0);
#10297=VECTOR('',#10300,1.0);
#10298=DIRECTION('',(-0.9999567037114224,0.008977439996033117,-0.0024487289976818805));
#10299=DIRECTION('',(1,0,0));
#10300=DIRECTION('',(-0.9999567037514596,-0.008977435845286198,0.002448727865504517));
#10301=STYLED_ITEM('',(#25),#10302);
#10302=FACE_SURFACE('',(#10307),#10303,.T.);
#10303=PLANE('',#10304);
#10304=AXIS2_PLACEMENT_3D('',#513,#10305,#10306);
#10305=DIRECTION('',(0,-0.7713732785400773,-0.6363829547955638));
#10306=DIRECTION('',(0,0.6363829547955637,-0.7713732785400772));
#10307=FACE_BOUND('',#10308,.T.);
#10308=EDGE_LOOP('',(#10309,#10310,#10311));
#10309=ORIENTED_EDGE('',*,*,#10312,.T.);
#10310=ORIENTED_EDGE('',*,*,#10313,.T.);
#10311=ORIENTED_EDGE('',*,*,#10314,.T.);
#10312=EDGE_CURVE('',#514,#526,#10315,.F.);
#10313=EDGE_CURVE('',#526,#516,#10316,.T.);
#10314=EDGE_CURVE('',#516,#514,#10317,.T.);
#10315=LINE('',#513,#10318);
#10316=LINE('',#525,#10319);
#10317=LINE('',#515,#10320);
#10318=VECTOR('',#10321,1.0);
#10319=VECTOR('',#10322,1.0);
#10320=VECTOR('',#10323,1.0);
#10321=DIRECTION('',(0,0.6363829547955637,-0.7713732785400772));
#10322=DIRECTION('',(1,0,0));
#10323=DIRECTION('',(-0.9989198509869817,-0.029570458999651616,0.03584298060563832));
#10324=STYLED_ITEM('',(#25),#10325);
#10325=FACE_SURFACE('',(#10330),#10326,.T.);
#10326=PLANE('',#10327);
#10327=AXIS2_PLACEMENT_3D('',#515,#10328,#10329);
#10328=DIRECTION('',(-0,-0.6649803885424219,-0.7468608189307895));
#10329=DIRECTION('',(-1,0,0));
#10330=FACE_BOUND('',#10331,.T.);
#10331=EDGE_LOOP('',(#10332,#10333,#10334));
#10332=ORIENTED_EDGE('',*,*,#10335,.T.);
#10333=ORIENTED_EDGE('',*,*,#10336,.T.);
#10334=ORIENTED_EDGE('',*,*,#10337,.T.);
#10335=EDGE_CURVE('',#516,#526,#10338,.F.);
#10336=EDGE_CURVE('',#526,#528,#10339,.T.);
#10337=EDGE_CURVE('',#528,#516,#10340,.T.);
#10338=LINE('',#515,#10341);
#10339=LINE('',#525,#10342);
#10340=LINE('',#527,#10343);
#10341=VECTOR('',#10344,1.0);
#10342=VECTOR('',#10345,1.0);
#10343=VECTOR('',#10346,1.0);
#10344=DIRECTION('',(-1,0,0));
#10345=DIRECTION('',(0.9989191059779668,0.03471593315884327,-0.030909928778469823));
#10346=DIRECTION('',(0,-0.7468608189307895,0.6649803885424219));
#10347=STYLED_ITEM('',(#25),#10348);
#10348=FACE_SURFACE('',(#10353),#10349,.T.);
#10349=PLANE('',#10350);
#10350=AXIS2_PLACEMENT_3D('',#515,#10351,#10352);
#10351=DIRECTION('',(0,-0.6649803885424219,-0.7468608189307895));
#10352=DIRECTION('',(0,0.7468608189307895,-0.6649803885424219));
#10353=FACE_BOUND('',#10354,.T.);
#10354=EDGE_LOOP('',(#10355,#10356,#10357));
#10355=ORIENTED_EDGE('',*,*,#10358,.T.);
#10356=ORIENTED_EDGE('',*,*,#10359,.T.);
#10357=ORIENTED_EDGE('',*,*,#10360,.T.);
#10358=EDGE_CURVE('',#516,#528,#10361,.F.);
#10359=EDGE_CURVE('',#528,#518,#10362,.T.);
#10360=EDGE_CURVE('',#518,#516,#10363,.T.);
#10361=LINE('',#515,#10364);
#10362=LINE('',#527,#10365);
#10363=LINE('',#517,#10366);
#10364=VECTOR('',#10367,1.0);
#10365=VECTOR('',#10368,1.0);
#10366=VECTOR('',#10369,1.0);
#10367=DIRECTION('',(0,0.7468608189307895,-0.6649803885424219));
#10368=DIRECTION('',(1,0,0));
#10369=DIRECTION('',(-0.9989191059779668,-0.03471593315884327,0.030909928778469823));
#10370=STYLED_ITEM('',(#25),#10371);
#10371=FACE_SURFACE('',(#10376),#10372,.T.);
#10372=PLANE('',#10373);
#10373=AXIS2_PLACEMENT_3D('',#517,#10374,#10375);
#10374=DIRECTION('',(-0,-0.5429504712658783,-0.8397647204736342));
#10375=DIRECTION('',(-1,0,0));
#10376=FACE_BOUND('',#10377,.T.);
#10377=EDGE_LOOP('',(#10378,#10379,#10380));
#10378=ORIENTED_EDGE('',*,*,#10381,.T.);
#10379=ORIENTED_EDGE('',*,*,#10382,.T.);
#10380=ORIENTED_EDGE('',*,*,#10383,.T.);
#10381=EDGE_CURVE('',#518,#528,#10384,.F.);
#10382=EDGE_CURVE('',#528,#530,#10385,.T.);
#10383=EDGE_CURVE('',#530,#518,#10386,.T.);
#10384=LINE('',#517,#10387);
#10385=LINE('',#527,#10388);
#10386=LINE('',#529,#10389);
#10387=VECTOR('',#10390,1.0);
#10388=VECTOR('',#10391,1.0);
#10389=VECTOR('',#10392,1.0);
#10390=DIRECTION('',(-1,0,0));
#10391=DIRECTION('',(0.9989190891738323,0.03903463892894887,-0.025237873282188693));
#10392=DIRECTION('',(0,-0.839764720473634,0.5429504712658781));
#10393=STYLED_ITEM('',(#25),#10394);
#10394=FACE_SURFACE('',(#10399),#10395,.T.);
#10395=PLANE('',#10396);
#10396=AXIS2_PLACEMENT_3D('',#517,#10397,#10398);
#10397=DIRECTION('',(0,-0.5429504712658783,-0.8397647204736342));
#10398=DIRECTION('',(0,0.839764720473634,-0.5429504712658781));
#10399=FACE_BOUND('',#10400,.T.);
#10400=EDGE_LOOP('',(#10401,#10402,#10403));
#10401=ORIENTED_EDGE('',*,*,#10404,.T.);
#10402=ORIENTED_EDGE('',*,*,#10405,.T.);
#10403=ORIENTED_EDGE('',*,*,#10406,.T.);
#10404=EDGE_CURVE('',#518,#530,#10407,.F.);
#10405=EDGE_CURVE('',#530,#520,#10408,.T.);
#10406=EDGE_CURVE('',#520,#518,#10409,.T.);
#10407=LINE('',#517,#10410);
#10408=LINE('',#529,#10411);
#10409=LINE('',#519,#10412);
#10410=VECTOR('',#10413,1.0);
#10411=VECTOR('',#10414,1.0);
#10412=VECTOR('',#10415,1.0);
#10413=DIRECTION('',(0,0.839764720473634,-0.5429504712658781));
#10414=DIRECTION('',(1,0,0));
#10415=DIRECTION('',(-0.9989190891738323,-0.03903463892894887,0.025237873282188693));
#10416=STYLED_ITEM('',(#25),#10417);
#10417=FACE_SURFACE('',(#10422),#10418,.T.);
#10418=PLANE('',#10419);
#10419=AXIS2_PLACEMENT_3D('',#519,#10420,#10421);
#10420=DIRECTION('',(-0,-0.4078713174126974,-0.9130394232627804));
#10421=DIRECTION('',(-1,0,0));
#10422=FACE_BOUND('',#10423,.T.);
#10423=EDGE_LOOP('',(#10424,#10425,#10426));
#10424=ORIENTED_EDGE('',*,*,#10427,.T.);
#10425=ORIENTED_EDGE('',*,*,#10428,.T.);
#10426=ORIENTED_EDGE('',*,*,#10429,.T.);
#10427=EDGE_CURVE('',#520,#530,#10430,.F.);
#10428=EDGE_CURVE('',#530,#532,#10431,.T.);
#10429=EDGE_CURVE('',#532,#520,#10432,.T.);
#10430=LINE('',#519,#10433);
#10431=LINE('',#529,#10434);
#10432=LINE('',#531,#10435);
#10433=VECTOR('',#10436,1.0);
#10434=VECTOR('',#10437,1.0);
#10435=VECTOR('',#10438,1.0);
#10436=DIRECTION('',(-1,0,0));
#10437=DIRECTION('',(0.9989194185648606,0.0424341907574717,-0.01895612483603612));
#10438=DIRECTION('',(0,-0.9130394232627804,0.4078713174126974));
#10439=STYLED_ITEM('',(#25),#10440);
#10440=FACE_SURFACE('',(#10445),#10441,.T.);
#10441=PLANE('',#10442);
#10442=AXIS2_PLACEMENT_3D('',#519,#10443,#10444);
#10443=DIRECTION('',(0,-0.4078713174126974,-0.9130394232627804));
#10444=DIRECTION('',(0,0.9130394232627804,-0.4078713174126974));
#10445=FACE_BOUND('',#10446,.T.);
#10446=EDGE_LOOP('',(#10447,#10448,#10449));
#10447=ORIENTED_EDGE('',*,*,#10450,.T.);
#10448=ORIENTED_EDGE('',*,*,#10451,.T.);
#10449=ORIENTED_EDGE('',*,*,#10452,.T.);
#10450=EDGE_CURVE('',#520,#532,#10453,.F.);
#10451=EDGE_CURVE('',#532,#522,#10454,.T.);
#10452=EDGE_CURVE('',#522,#520,#10455,.T.);
#10453=LINE('',#519,#10456);
#10454=LINE('',#531,#10457);
#10455=LINE('',#521,#10458);
#10456=VECTOR('',#10459,1.0);
#10457=VECTOR('',#10460,1.0);
#10458=VECTOR('',#10461,1.0);
#10459=DIRECTION('',(0,0.9130394232627804,-0.4078713174126974));
#10460=DIRECTION('',(1,0,0));
#10461=DIRECTION('',(-0.9989194235532862,-0.042434092863129706,0.018956081104852977));
#10462=STYLED_ITEM('',(#25),#10463);
#10463=FACE_SURFACE('',(#10468),#10464,.T.);
#10464=PLANE('',#10465);
#10465=AXIS2_PLACEMENT_3D('',#521,#10466,#10467);
#10466=DIRECTION('',(-0,-0.26315104101973513,-0.964754647363893));
#10467=DIRECTION('',(-1,0,0));
#10468=FACE_BOUND('',#10469,.T.);
#10469=EDGE_LOOP('',(#10470,#10471,#10472));
#10470=ORIENTED_EDGE('',*,*,#10473,.T.);
#10471=ORIENTED_EDGE('',*,*,#10474,.T.);
#10472=ORIENTED_EDGE('',*,*,#10475,.T.);
#10473=EDGE_CURVE('',#522,#532,#10476,.F.);
#10474=EDGE_CURVE('',#532,#524,#10477,.T.);
#10475=EDGE_CURVE('',#524,#522,#10478,.T.);
#10476=LINE('',#521,#10479);
#10477=LINE('',#531,#10480);
#10478=LINE('',#523,#10481);
#10479=VECTOR('',#10482,1.0);
#10480=VECTOR('',#10483,1.0);
#10481=VECTOR('',#10484,1.0);
#10482=DIRECTION('',(-1,0,0));
#10483=DIRECTION('',(-0.999879746304252,0.014961255394008117,-0.004080902789795374));
#10484=DIRECTION('',(0.9999323520359552,-0.011221525416388087,0.0030608363517300842));
#10485=STYLED_ITEM('',(#25),#10486);
#10486=FACE_SURFACE('',(#10491),#10487,.T.);
#10487=PLANE('',#10488);
#10488=AXIS2_PLACEMENT_3D('',#525,#10489,#10490);
#10489=DIRECTION('',(0,-0.6649803885424219,-0.7468608189307895));
#10490=DIRECTION('',(0,0.7468608189307895,-0.6649803885424219));
#10491=FACE_BOUND('',#10492,.T.);
#10492=EDGE_LOOP('',(#10493,#10494,#10495));
#10493=ORIENTED_EDGE('',*,*,#10496,.T.);
#10494=ORIENTED_EDGE('',*,*,#10497,.T.);
#10495=ORIENTED_EDGE('',*,*,#10498,.T.);
#10496=EDGE_CURVE('',#526,#534,#10499,.F.);
#10497=EDGE_CURVE('',#534,#528,#10500,.T.);
#10498=EDGE_CURVE('',#528,#526,#10501,.T.);
#10499=LINE('',#525,#10502);
#10500=LINE('',#533,#10503);
#10501=LINE('',#527,#10504);
#10502=VECTOR('',#10505,1.0);
#10503=VECTOR('',#10506,1.0);
#10504=VECTOR('',#10507,1.0);
#10505=DIRECTION('',(0,0.7468608189307895,-0.6649803885424219));
#10506=DIRECTION('',(1,0,0));
#10507=DIRECTION('',(-0.9989191059779668,-0.03471593315884327,0.030909928778469823));
#10508=STYLED_ITEM('',(#25),#10509);
#10509=FACE_SURFACE('',(#10514),#10510,.T.);
#10510=PLANE('',#10511);
#10511=AXIS2_PLACEMENT_3D('',#527,#10512,#10513);
#10512=DIRECTION('',(-0,-0.5429504712658783,-0.8397647204736342));
#10513=DIRECTION('',(-1,0,0));
#10514=FACE_BOUND('',#10515,.T.);
#10515=EDGE_LOOP('',(#10516,#10517,#10518));
#10516=ORIENTED_EDGE('',*,*,#10519,.T.);
#10517=ORIENTED_EDGE('',*,*,#10520,.T.);
#10518=ORIENTED_EDGE('',*,*,#10521,.T.);
#10519=EDGE_CURVE('',#528,#534,#10522,.F.);
#10520=EDGE_CURVE('',#534,#536,#10523,.T.);
#10521=EDGE_CURVE('',#536,#528,#10524,.T.);
#10522=LINE('',#527,#10525);
#10523=LINE('',#533,#10526);
#10524=LINE('',#535,#10527);
#10525=VECTOR('',#10528,1.0);
#10526=VECTOR('',#10529,1.0);
#10527=VECTOR('',#10530,1.0);
#10528=DIRECTION('',(-1,0,0));
#10529=DIRECTION('',(0.9989190891738323,0.03903463892894887,-0.025237873282188693));
#10530=DIRECTION('',(0,-0.839764720473634,0.5429504712658781));
#10531=STYLED_ITEM('',(#25),#10532);
#10532=FACE_SURFACE('',(#10537),#10533,.T.);
#10533=PLANE('',#10534);
#10534=AXIS2_PLACEMENT_3D('',#527,#10535,#10536);
#10535=DIRECTION('',(0,-0.5429504712658783,-0.8397647204736342));
#10536=DIRECTION('',(0,0.839764720473634,-0.5429504712658781));
#10537=FACE_BOUND('',#10538,.T.);
#10538=EDGE_LOOP('',(#10539,#10540,#10541));
#10539=ORIENTED_EDGE('',*,*,#10542,.T.);
#10540=ORIENTED_EDGE('',*,*,#10543,.T.);
#10541=ORIENTED_EDGE('',*,*,#10544,.T.);
#10542=EDGE_CURVE('',#528,#536,#10545,.F.);
#10543=EDGE_CURVE('',#536,#530,#10546,.T.);
#10544=EDGE_CURVE('',#530,#528,#10547,.T.);
#10545=LINE('',#527,#10548);
#10546=LINE('',#535,#10549);
#10547=LINE('',#529,#10550);
#10548=VECTOR('',#10551,1.0);
#10549=VECTOR('',#10552,1.0);
#10550=VECTOR('',#10553,1.0);
#10551=DIRECTION('',(0,0.839764720473634,-0.5429504712658781));
#10552=DIRECTION('',(1,0,0));
#10553=DIRECTION('',(-0.9989190891738323,-0.03903463892894887,0.025237873282188693));
#10554=STYLED_ITEM('',(#25),#10555);
#10555=FACE_SURFACE('',(#10560),#10556,.T.);
#10556=PLANE('',#10557);
#10557=AXIS2_PLACEMENT_3D('',#529,#10558,#10559);
#10558=DIRECTION('',(-0,-0.4078713174126974,-0.9130394232627804));
#10559=DIRECTION('',(-1,0,0));
#10560=FACE_BOUND('',#10561,.T.);
#10561=EDGE_LOOP('',(#10562,#10563,#10564));
#10562=ORIENTED_EDGE('',*,*,#10565,.T.);
#10563=ORIENTED_EDGE('',*,*,#10566,.T.);
#10564=ORIENTED_EDGE('',*,*,#10567,.T.);
#10565=EDGE_CURVE('',#530,#536,#10568,.F.);
#10566=EDGE_CURVE('',#536,#538,#10569,.T.);
#10567=EDGE_CURVE('',#538,#530,#10570,.T.);
#10568=LINE('',#529,#10571);
#10569=LINE('',#535,#10572);
#10570=LINE('',#537,#10573);
#10571=VECTOR('',#10574,1.0);
#10572=VECTOR('',#10575,1.0);
#10573=VECTOR('',#10576,1.0);
#10574=DIRECTION('',(-1,0,0));
#10575=DIRECTION('',(0.9989194185648606,0.0424341907574717,-0.01895612483603612));
#10576=DIRECTION('',(0,-0.9130394232627804,0.4078713174126974));
#10577=STYLED_ITEM('',(#25),#10578);
#10578=FACE_SURFACE('',(#10583),#10579,.T.);
#10579=PLANE('',#10580);
#10580=AXIS2_PLACEMENT_3D('',#529,#10581,#10582);
#10581=DIRECTION('',(0,-0.4078713174126974,-0.9130394232627804));
#10582=DIRECTION('',(0,0.9130394232627804,-0.4078713174126974));
#10583=FACE_BOUND('',#10584,.T.);
#10584=EDGE_LOOP('',(#10585,#10586,#10587));
#10585=ORIENTED_EDGE('',*,*,#10588,.T.);
#10586=ORIENTED_EDGE('',*,*,#10589,.T.);
#10587=ORIENTED_EDGE('',*,*,#10590,.T.);
#10588=EDGE_CURVE('',#530,#538,#10591,.F.);
#10589=EDGE_CURVE('',#538,#532,#10592,.T.);
#10590=EDGE_CURVE('',#532,#530,#10593,.T.);
#10591=LINE('',#529,#10594);
#10592=LINE('',#537,#10595);
#10593=LINE('',#531,#10596);
#10594=VECTOR('',#10597,1.0);
#10595=VECTOR('',#10598,1.0);
#10596=VECTOR('',#10599,1.0);
#10597=DIRECTION('',(0,0.9130394232627804,-0.4078713174126974));
#10598=DIRECTION('',(1,0,0));
#10599=DIRECTION('',(-0.9989194185648606,-0.0424341907574717,0.01895612483603612));
#10600=STYLED_ITEM('',(#25),#10601);
#10601=FACE_SURFACE('',(#10606),#10602,.T.);
#10602=PLANE('',#10603);
#10603=AXIS2_PLACEMENT_3D('',#531,#10604,#10605);
#10604=DIRECTION('',(-0,-0.26315104101973513,-0.964754647363893));
#10605=DIRECTION('',(-1,0,0));
#10606=FACE_BOUND('',#10607,.T.);
#10607=EDGE_LOOP('',(#10608,#10609,#10610));
#10608=ORIENTED_EDGE('',*,*,#10611,.T.);
#10609=ORIENTED_EDGE('',*,*,#10612,.T.);
#10610=ORIENTED_EDGE('',*,*,#10613,.T.);
#10611=EDGE_CURVE('',#532,#538,#10614,.F.);
#10612=EDGE_CURVE('',#538,#524,#10615,.T.);
#10613=EDGE_CURVE('',#524,#532,#10616,.T.);
#10614=LINE('',#531,#10617);
#10615=LINE('',#537,#10618);
#10616=LINE('',#523,#10619);
#10617=VECTOR('',#10620,1.0);
#10618=VECTOR('',#10621,1.0);
#10619=VECTOR('',#10622,1.0);
#10620=DIRECTION('',(-1,0,0));
#10621=DIRECTION('',(-0.9997294901739815,0.02243851065495504,-0.006120434303082092));
#10622=DIRECTION('',(0.999879746304252,-0.014961255394008117,0.004080902789795374));
#10623=STYLED_ITEM('',(#25),#10624);
#10624=FACE_SURFACE('',(#10629),#10625,.T.);
#10625=PLANE('',#10626);
#10626=AXIS2_PLACEMENT_3D('',#533,#10627,#10628);
#10627=DIRECTION('',(0,-0.5429504712658783,-0.8397647204736342));
#10628=DIRECTION('',(0,0.839764720473634,-0.5429504712658781));
#10629=FACE_BOUND('',#10630,.T.);
#10630=EDGE_LOOP('',(#10631,#10632,#10633));
#10631=ORIENTED_EDGE('',*,*,#10634,.T.);
#10632=ORIENTED_EDGE('',*,*,#10635,.T.);
#10633=ORIENTED_EDGE('',*,*,#10636,.T.);
#10634=EDGE_CURVE('',#534,#540,#10637,.F.);
#10635=EDGE_CURVE('',#540,#536,#10638,.T.);
#10636=EDGE_CURVE('',#536,#534,#10639,.T.);
#10637=LINE('',#533,#10640);
#10638=LINE('',#539,#10641);
#10639=LINE('',#535,#10642);
#10640=VECTOR('',#10643,1.0);
#10641=VECTOR('',#10644,1.0);
#10642=VECTOR('',#10645,1.0);
#10643=DIRECTION('',(0,0.839764720473634,-0.5429504712658781));
#10644=DIRECTION('',(1,0,0));
#10645=DIRECTION('',(-0.9989190891738323,-0.03903463892894887,0.025237873282188693));
#10646=STYLED_ITEM('',(#25),#10647);
#10647=FACE_SURFACE('',(#10652),#10648,.T.);
#10648=PLANE('',#10649);
#10649=AXIS2_PLACEMENT_3D('',#535,#10650,#10651);
#10650=DIRECTION('',(-0,-0.4078713174126974,-0.9130394232627804));
#10651=DIRECTION('',(-1,0,0));
#10652=FACE_BOUND('',#10653,.T.);
#10653=EDGE_LOOP('',(#10654,#10655,#10656));
#10654=ORIENTED_EDGE('',*,*,#10657,.T.);
#10655=ORIENTED_EDGE('',*,*,#10658,.T.);
#10656=ORIENTED_EDGE('',*,*,#10659,.T.);
#10657=EDGE_CURVE('',#536,#540,#10660,.F.);
#10658=EDGE_CURVE('',#540,#542,#10661,.T.);
#10659=EDGE_CURVE('',#542,#536,#10662,.T.);
#10660=LINE('',#535,#10663);
#10661=LINE('',#539,#10664);
#10662=LINE('',#541,#10665);
#10663=VECTOR('',#10666,1.0);
#10664=VECTOR('',#10667,1.0);
#10665=VECTOR('',#10668,1.0);
#10666=DIRECTION('',(-1,0,0));
#10667=DIRECTION('',(0.9989194185648606,0.0424341907574717,-0.01895612483603612));
#10668=DIRECTION('',(0,-0.9130394232627804,0.4078713174126974));
#10669=STYLED_ITEM('',(#25),#10670);
#10670=FACE_SURFACE('',(#10675),#10671,.T.);
#10671=PLANE('',#10672);
#10672=AXIS2_PLACEMENT_3D('',#535,#10673,#10674);
#10673=DIRECTION('',(0,-0.4078713174126974,-0.9130394232627804));
#10674=DIRECTION('',(0,0.9130394232627804,-0.4078713174126974));
#10675=FACE_BOUND('',#10676,.T.);
#10676=EDGE_LOOP('',(#10677,#10678,#10679));
#10677=ORIENTED_EDGE('',*,*,#10680,.T.);
#10678=ORIENTED_EDGE('',*,*,#10681,.T.);
#10679=ORIENTED_EDGE('',*,*,#10682,.T.);
#10680=EDGE_CURVE('',#536,#542,#10683,.F.);
#10681=EDGE_CURVE('',#542,#538,#10684,.T.);
#10682=EDGE_CURVE('',#538,#536,#10685,.T.);
#10683=LINE('',#535,#10686);
#10684=LINE('',#541,#10687);
#10685=LINE('',#537,#10688);
#10686=VECTOR('',#10689,1.0);
#10687=VECTOR('',#10690,1.0);
#10688=VECTOR('',#10691,1.0);
#10689=DIRECTION('',(0,0.9130394232627804,-0.4078713174126974));
#10690=DIRECTION('',(1,0,0));
#10691=DIRECTION('',(-0.9989194185648606,-0.0424341907574717,0.01895612483603612));
#10692=STYLED_ITEM('',(#25),#10693);
#10693=FACE_SURFACE('',(#10698),#10694,.T.);
#10694=PLANE('',#10695);
#10695=AXIS2_PLACEMENT_3D('',#537,#10696,#10697);
#10696=DIRECTION('',(-0,-0.26315104101973513,-0.964754647363893));
#10697=DIRECTION('',(-1,0,0));
#10698=FACE_BOUND('',#10699,.T.);
#10699=EDGE_LOOP('',(#10700,#10701,#10702));
#10700=ORIENTED_EDGE('',*,*,#10703,.T.);
#10701=ORIENTED_EDGE('',*,*,#10704,.T.);
#10702=ORIENTED_EDGE('',*,*,#10705,.T.);
#10703=EDGE_CURVE('',#538,#542,#10706,.F.);
#10704=EDGE_CURVE('',#542,#524,#10707,.T.);
#10705=EDGE_CURVE('',#524,#538,#10708,.T.);
#10706=LINE('',#537,#10709);
#10707=LINE('',#541,#10710);
#10708=LINE('',#523,#10711);
#10709=VECTOR('',#10712,1.0);
#10710=VECTOR('',#10713,1.0);
#10711=VECTOR('',#10714,1.0);
#10712=DIRECTION('',(-1,0,0));
#10713=DIRECTION('',(-0.9989192759587088,0.044840651470906864,-0.012230948196843982));
#10714=DIRECTION('',(0.9997294901739815,-0.02243851065495504,0.006120434303082092));
#10715=STYLED_ITEM('',(#25),#10716);
#10716=FACE_SURFACE('',(#10721),#10717,.T.);
#10717=PLANE('',#10718);
#10718=AXIS2_PLACEMENT_3D('',#539,#10719,#10720);
#10719=DIRECTION('',(0,-0.4078713174126974,-0.9130394232627804));
#10720=DIRECTION('',(0,0.9130394232627804,-0.4078713174126974));
#10721=FACE_BOUND('',#10722,.T.);
#10722=EDGE_LOOP('',(#10723,#10724,#10725));
#10723=ORIENTED_EDGE('',*,*,#10726,.T.);
#10724=ORIENTED_EDGE('',*,*,#10727,.T.);
#10725=ORIENTED_EDGE('',*,*,#10728,.T.);
#10726=EDGE_CURVE('',#540,#544,#10729,.F.);
#10727=EDGE_CURVE('',#544,#542,#10730,.T.);
#10728=EDGE_CURVE('',#542,#540,#10731,.T.);
#10729=LINE('',#539,#10732);
#10730=LINE('',#543,#10733);
#10731=LINE('',#541,#10734);
#10732=VECTOR('',#10735,1.0);
#10733=VECTOR('',#10736,1.0);
#10734=VECTOR('',#10737,1.0);
#10735=DIRECTION('',(0,0.9130394232627804,-0.4078713174126974));
#10736=DIRECTION('',(1,0,0));
#10737=DIRECTION('',(-0.9989194185648606,-0.0424341907574717,0.01895612483603612));
#10738=STYLED_ITEM('',(#25),#10739);
#10739=FACE_SURFACE('',(#10744),#10740,.T.);
#10740=PLANE('',#10741);
#10741=AXIS2_PLACEMENT_3D('',#541,#10742,#10743);
#10742=DIRECTION('',(-0,-0.26315104101973513,-0.964754647363893));
#10743=DIRECTION('',(-1,0,0));
#10744=FACE_BOUND('',#10745,.T.);
#10745=EDGE_LOOP('',(#10746,#10747,#10748));
#10746=ORIENTED_EDGE('',*,*,#10749,.T.);
#10747=ORIENTED_EDGE('',*,*,#10750,.T.);
#10748=ORIENTED_EDGE('',*,*,#10751,.T.);
#10749=EDGE_CURVE('',#542,#544,#10752,.F.);
#10750=EDGE_CURVE('',#544,#524,#10753,.T.);
#10751=EDGE_CURVE('',#524,#542,#10754,.T.);
#10752=LINE('',#541,#10755);
#10753=LINE('',#543,#10756);
#10754=LINE('',#523,#10757);
#10755=VECTOR('',#10758,1.0);
#10756=VECTOR('',#10759,1.0);
#10757=VECTOR('',#10760,1.0);
#10758=DIRECTION('',(-1,0,0));
#10759=DIRECTION('',(0,0.9647546473638932,-0.2631510410197352));
#10760=DIRECTION('',(0.9989192759587088,-0.044840651470906864,0.012230948196843982));
#10761=STYLED_ITEM('',(#25),#10762);
#10762=FACE_SURFACE('',(#10767),#10763,.T.);
#10763=PLANE('',#10764);
#10764=AXIS2_PLACEMENT_3D('',#343,#10765,#10766);
#10765=DIRECTION('',(0,-0.4078713174126974,-0.9130394232627804));
#10766=DIRECTION('',(1,0,0));
#10767=FACE_BOUND('',#10768,.T.);
#10768=EDGE_LOOP('',(#10769,#10770,#10771));
#10769=ORIENTED_EDGE('',*,*,#10772,.T.);
#10770=ORIENTED_EDGE('',*,*,#10773,.T.);
#10771=ORIENTED_EDGE('',*,*,#10774,.T.);
#10772=EDGE_CURVE('',#344,#340,#10775,.F.);
#10773=EDGE_CURVE('',#340,#546,#10776,.T.);
#10774=EDGE_CURVE('',#546,#344,#10777,.T.);
#10775=LINE('',#343,#10778);
#10776=LINE('',#339,#10779);
#10777=LINE('',#545,#10780);
#10778=VECTOR('',#10781,1.0);
#10779=VECTOR('',#10782,1.0);
#10780=VECTOR('',#10783,1.0);
#10781=DIRECTION('',(1,0,0));
#10782=DIRECTION('',(-0.9989194235532862,-0.042434092863129706,0.018956081104852977));
#10783=DIRECTION('',(0,0.9130394232627804,-0.4078713174126974));
#10784=STYLED_ITEM('',(#25),#10785);
#10785=FACE_SURFACE('',(#10790),#10786,.T.);
#10786=PLANE('',#10787);
#10787=AXIS2_PLACEMENT_3D('',#545,#10788,#10789);
#10788=DIRECTION('',(0,-0.4078713174126974,-0.9130394232627804));
#10789=DIRECTION('',(0.9989194235532862,0.042434092863129706,-0.018956081104852977));
#10790=FACE_BOUND('',#10791,.T.);
#10791=EDGE_LOOP('',(#10792,#10793,#10794));
#10792=ORIENTED_EDGE('',*,*,#10795,.T.);
#10793=ORIENTED_EDGE('',*,*,#10796,.T.);
#10794=ORIENTED_EDGE('',*,*,#10797,.T.);
#10795=EDGE_CURVE('',#546,#340,#10798,.F.);
#10796=EDGE_CURVE('',#340,#428,#10799,.T.);
#10797=EDGE_CURVE('',#428,#546,#10800,.T.);
#10798=LINE('',#545,#10801);
#10799=LINE('',#339,#10802);
#10800=LINE('',#427,#10803);
#10801=VECTOR('',#10804,1.0);
#10802=VECTOR('',#10805,1.0);
#10803=VECTOR('',#10806,1.0);
#10804=DIRECTION('',(0.9989194235532862,0.042434092863129706,-0.018956081104852977));
#10805=DIRECTION('',(0,-0.9130394232627804,0.4078713174126974));
#10806=DIRECTION('',(-1,0,0));
#10807=STYLED_ITEM('',(#25),#10808);
#10808=FACE_SURFACE('',(#10813),#10809,.T.);
#10809=PLANE('',#10810);
#10810=AXIS2_PLACEMENT_3D('',#545,#10811,#10812);
#10811=DIRECTION('',(0,-0.5429504712658781,-0.8397647204736339));
#10812=DIRECTION('',(1,0,0));
#10813=FACE_BOUND('',#10814,.T.);
#10814=EDGE_LOOP('',(#10815,#10816,#10817));
#10815=ORIENTED_EDGE('',*,*,#10818,.T.);
#10816=ORIENTED_EDGE('',*,*,#10819,.T.);
#10817=ORIENTED_EDGE('',*,*,#10820,.T.);
#10818=EDGE_CURVE('',#546,#428,#10821,.F.);
#10819=EDGE_CURVE('',#428,#548,#10822,.T.);
#10820=EDGE_CURVE('',#548,#546,#10823,.T.);
#10821=LINE('',#545,#10824);
#10822=LINE('',#427,#10825);
#10823=LINE('',#547,#10826);
#10824=VECTOR('',#10827,1.0);
#10825=VECTOR('',#10828,1.0);
#10826=VECTOR('',#10829,1.0);
#10827=DIRECTION('',(1,0,0));
#10828=DIRECTION('',(-0.998919094163776,-0.0390345488773253,0.025237815059248065));
#10829=DIRECTION('',(0,0.839764720473634,-0.5429504712658781));
#10830=STYLED_ITEM('',(#25),#10831);
#10831=FACE_SURFACE('',(#10836),#10832,.T.);
#10832=PLANE('',#10833);
#10833=AXIS2_PLACEMENT_3D('',#547,#10834,#10835);
#10834=DIRECTION('',(0,-0.5429504712658781,-0.8397647204736339));
#10835=DIRECTION('',(0.998919094163776,0.0390345488773253,-0.025237815059248065));
#10836=FACE_BOUND('',#10837,.T.);
#10837=EDGE_LOOP('',(#10838,#10839,#10840));
#10838=ORIENTED_EDGE('',*,*,#10841,.T.);
#10839=ORIENTED_EDGE('',*,*,#10842,.T.);
#10840=ORIENTED_EDGE('',*,*,#10843,.T.);
#10841=EDGE_CURVE('',#548,#428,#10844,.F.);
#10842=EDGE_CURVE('',#428,#424,#10845,.T.);
#10843=EDGE_CURVE('',#424,#548,#10846,.T.);
#10844=LINE('',#547,#10847);
#10845=LINE('',#427,#10848);
#10846=LINE('',#423,#10849);
#10847=VECTOR('',#10850,1.0);
#10848=VECTOR('',#10851,1.0);
#10849=VECTOR('',#10852,1.0);
#10850=DIRECTION('',(0.998919094163776,0.0390345488773253,-0.025237815059248065));
#10851=DIRECTION('',(0,-0.839764720473634,0.5429504712658781));
#10852=DIRECTION('',(-1,0,0));
#10853=STYLED_ITEM('',(#25),#10854);
#10854=FACE_SURFACE('',(#10859),#10855,.T.);
#10855=PLANE('',#10856);
#10856=AXIS2_PLACEMENT_3D('',#547,#10857,#10858);
#10857=DIRECTION('',(0,-0.6649803885424219,-0.7468608189307894));
#10858=DIRECTION('',(1,0,0));
#10859=FACE_BOUND('',#10860,.T.);
#10860=EDGE_LOOP('',(#10861,#10862,#10863));
#10861=ORIENTED_EDGE('',*,*,#10864,.T.);
#10862=ORIENTED_EDGE('',*,*,#10865,.T.);
#10863=ORIENTED_EDGE('',*,*,#10866,.T.);
#10864=EDGE_CURVE('',#548,#424,#10867,.F.);
#10865=EDGE_CURVE('',#424,#550,#10868,.T.);
#10866=EDGE_CURVE('',#550,#548,#10869,.T.);
#10867=LINE('',#547,#10870);
#10868=LINE('',#423,#10871);
#10869=LINE('',#549,#10872);
#10870=VECTOR('',#10873,1.0);
#10871=VECTOR('',#10874,1.0);
#10872=VECTOR('',#10875,1.0);
#10873=DIRECTION('',(1,0,0));
#10874=DIRECTION('',(-0.9989191109678331,-0.034715853070328664,0.03090985747028199));
#10875=DIRECTION('',(0,0.7468608189307895,-0.6649803885424219));
#10876=STYLED_ITEM('',(#25),#10877);
#10877=FACE_SURFACE('',(#10882),#10878,.T.);
#10878=PLANE('',#10879);
#10879=AXIS2_PLACEMENT_3D('',#549,#10880,#10881);
#10880=DIRECTION('',(0,-0.6649803885424219,-0.7468608189307894));
#10881=DIRECTION('',(0.9989191109678331,0.034715853070328664,-0.03090985747028199));
#10882=FACE_BOUND('',#10883,.T.);
#10883=EDGE_LOOP('',(#10884,#10885,#10886));
#10884=ORIENTED_EDGE('',*,*,#10887,.T.);
#10885=ORIENTED_EDGE('',*,*,#10888,.T.);
#10886=ORIENTED_EDGE('',*,*,#10889,.T.);
#10887=EDGE_CURVE('',#550,#424,#10890,.F.);
#10888=EDGE_CURVE('',#424,#418,#10891,.T.);
#10889=EDGE_CURVE('',#418,#550,#10892,.T.);
#10890=LINE('',#549,#10893);
#10891=LINE('',#423,#10894);
#10892=LINE('',#417,#10895);
#10893=VECTOR('',#10896,1.0);
#10894=VECTOR('',#10897,1.0);
#10895=VECTOR('',#10898,1.0);
#10896=DIRECTION('',(0.9989191109678331,0.034715853070328664,-0.03090985747028199));
#10897=DIRECTION('',(0,-0.7468608189307895,0.6649803885424219));
#10898=DIRECTION('',(-1,0,0));
#10899=STYLED_ITEM('',(#25),#10900);
#10900=FACE_SURFACE('',(#10905),#10901,.T.);
#10901=PLANE('',#10902);
#10902=AXIS2_PLACEMENT_3D('',#549,#10903,#10904);
#10903=DIRECTION('',(0,-0.7713732785400772,-0.6363829547955636));
#10904=DIRECTION('',(1,0,0));
#10905=FACE_BOUND('',#10906,.T.);
#10906=EDGE_LOOP('',(#10907,#10908,#10909));
#10907=ORIENTED_EDGE('',*,*,#10910,.T.);
#10908=ORIENTED_EDGE('',*,*,#10911,.T.);
#10909=ORIENTED_EDGE('',*,*,#10912,.T.);
#10910=EDGE_CURVE('',#550,#418,#10913,.F.);
#10911=EDGE_CURVE('',#418,#414,#10914,.T.);
#10912=EDGE_CURVE('',#414,#550,#10915,.T.);
#10913=LINE('',#549,#10916);
#10914=LINE('',#417,#10917);
#10915=LINE('',#413,#10918);
#10916=VECTOR('',#10919,1.0);
#10917=VECTOR('',#10920,1.0);
#10918=VECTOR('',#10921,1.0);
#10919=DIRECTION('',(1,0,0));
#10920=DIRECTION('',(-0.9989198559734143,-0.0295703907814747,0.03584289791693903));
#10921=DIRECTION('',(0,0.6363829547955637,-0.7713732785400772));
#10922=STYLED_ITEM('',(#25),#10923);
#10923=FACE_SURFACE('',(#10928),#10924,.T.);
#10924=PLANE('',#10925);
#10925=AXIS2_PLACEMENT_3D('',#343,#10926,#10927);
#10926=DIRECTION('',(0,-0.4078713174126974,-0.9130394232627804));
#10927=DIRECTION('',(0,-0.9130394232627804,0.4078713174126974));
#10928=FACE_BOUND('',#10929,.T.);
#10929=EDGE_LOOP('',(#10930,#10931,#10932));
#10930=ORIENTED_EDGE('',*,*,#10933,.T.);
#10931=ORIENTED_EDGE('',*,*,#10934,.T.);
#10932=ORIENTED_EDGE('',*,*,#10935,.T.);
#10933=EDGE_CURVE('',#344,#546,#10936,.F.);
#10934=EDGE_CURVE('',#546,#348,#10937,.T.);
#10935=EDGE_CURVE('',#348,#344,#10938,.T.);
#10936=LINE('',#343,#10939);
#10937=LINE('',#545,#10940);
#10938=LINE('',#347,#10941);
#10939=VECTOR('',#10942,1.0);
#10940=VECTOR('',#10943,1.0);
#10941=VECTOR('',#10944,1.0);
#10942=DIRECTION('',(0,-0.9130394232627804,0.4078713174126974));
#10943=DIRECTION('',(-1,0,0));
#10944=DIRECTION('',(0.9989194185648606,0.0424341907574717,-0.01895612483603612));
#10945=STYLED_ITEM('',(#25),#10946);
#10946=FACE_SURFACE('',(#10951),#10947,.T.);
#10947=PLANE('',#10948);
#10948=AXIS2_PLACEMENT_3D('',#347,#10949,#10950);
#10949=DIRECTION('',(0,-0.5429504712658783,-0.8397647204736342));
#10950=DIRECTION('',(1,0,0));
#10951=FACE_BOUND('',#10952,.T.);
#10952=EDGE_LOOP('',(#10953,#10954,#10955));
#10953=ORIENTED_EDGE('',*,*,#10956,.T.);
#10954=ORIENTED_EDGE('',*,*,#10957,.T.);
#10955=ORIENTED_EDGE('',*,*,#10958,.T.);
#10956=EDGE_CURVE('',#348,#546,#10959,.F.);
#10957=EDGE_CURVE('',#546,#552,#10960,.T.);
#10958=EDGE_CURVE('',#552,#348,#10961,.T.);
#10959=LINE('',#347,#10962);
#10960=LINE('',#545,#10963);
#10961=LINE('',#551,#10964);
#10962=VECTOR('',#10965,1.0);
#10963=VECTOR('',#10966,1.0);
#10964=VECTOR('',#10967,1.0);
#10965=DIRECTION('',(1,0,0));
#10966=DIRECTION('',(-0.9989190891738323,-0.03903463892894887,0.025237873282188693));
#10967=DIRECTION('',(0,0.839764720473634,-0.5429504712658781));
#10968=STYLED_ITEM('',(#25),#10969);
#10969=FACE_SURFACE('',(#10974),#10970,.T.);
#10970=PLANE('',#10971);
#10971=AXIS2_PLACEMENT_3D('',#347,#10972,#10973);
#10972=DIRECTION('',(0,-0.5429504712658781,-0.8397647204736339));
#10973=DIRECTION('',(0,-0.839764720473634,0.5429504712658781));
#10974=FACE_BOUND('',#10975,.T.);
#10975=EDGE_LOOP('',(#10976,#10977,#10978));
#10976=ORIENTED_EDGE('',*,*,#10979,.T.);
#10977=ORIENTED_EDGE('',*,*,#10980,.T.);
#10978=ORIENTED_EDGE('',*,*,#10981,.T.);
#10979=EDGE_CURVE('',#348,#552,#10982,.F.);
#10980=EDGE_CURVE('',#552,#352,#10983,.T.);
#10981=EDGE_CURVE('',#352,#348,#10984,.T.);
#10982=LINE('',#347,#10985);
#10983=LINE('',#551,#10986);
#10984=LINE('',#351,#10987);
#10985=VECTOR('',#10988,1.0);
#10986=VECTOR('',#10989,1.0);
#10987=VECTOR('',#10990,1.0);
#10988=DIRECTION('',(0,-0.839764720473634,0.5429504712658781));
#10989=DIRECTION('',(-1,0,0));
#10990=DIRECTION('',(0.998919094163776,0.0390345488773253,-0.025237815059248065));
#10991=STYLED_ITEM('',(#25),#10992);
#10992=FACE_SURFACE('',(#10997),#10993,.T.);
#10993=PLANE('',#10994);
#10994=AXIS2_PLACEMENT_3D('',#351,#10995,#10996);
#10995=DIRECTION('',(0,-0.6649803885424219,-0.7468608189307894));
#10996=DIRECTION('',(1,0,0));
#10997=FACE_BOUND('',#10998,.T.);
#10998=EDGE_LOOP('',(#10999,#11000,#11001));
#10999=ORIENTED_EDGE('',*,*,#11002,.T.);
#11000=ORIENTED_EDGE('',*,*,#11003,.T.);
#11001=ORIENTED_EDGE('',*,*,#11004,.T.);
#11002=EDGE_CURVE('',#352,#552,#11005,.F.);
#11003=EDGE_CURVE('',#552,#554,#11006,.T.);
#11004=EDGE_CURVE('',#554,#352,#11007,.T.);
#11005=LINE('',#351,#11008);
#11006=LINE('',#551,#11009);
#11007=LINE('',#553,#11010);
#11008=VECTOR('',#11011,1.0);
#11009=VECTOR('',#11012,1.0);
#11010=VECTOR('',#11013,1.0);
#11011=DIRECTION('',(1,0,0));
#11012=DIRECTION('',(-0.9989191109678331,-0.034715853070328664,0.03090985747028199));
#11013=DIRECTION('',(0,0.7468608189307895,-0.6649803885424219));
#11014=STYLED_ITEM('',(#25),#11015);
#11015=FACE_SURFACE('',(#11020),#11016,.T.);
#11016=PLANE('',#11017);
#11017=AXIS2_PLACEMENT_3D('',#351,#11018,#11019);
#11018=DIRECTION('',(0,-0.6649803885424219,-0.7468608189307895));
#11019=DIRECTION('',(0,-0.7468608189307895,0.6649803885424219));
#11020=FACE_BOUND('',#11021,.T.);
#11021=EDGE_LOOP('',(#11022,#11023,#11024));
#11022=ORIENTED_EDGE('',*,*,#11025,.T.);
#11023=ORIENTED_EDGE('',*,*,#11026,.T.);
#11024=ORIENTED_EDGE('',*,*,#11027,.T.);
#11025=EDGE_CURVE('',#352,#554,#11028,.F.);
#11026=EDGE_CURVE('',#554,#356,#11029,.T.);
#11027=EDGE_CURVE('',#356,#352,#11030,.T.);
#11028=LINE('',#351,#11031);
#11029=LINE('',#553,#11032);
#11030=LINE('',#355,#11033);
#11031=VECTOR('',#11034,1.0);
#11032=VECTOR('',#11035,1.0);
#11033=VECTOR('',#11036,1.0);
#11034=DIRECTION('',(0,-0.7468608189307895,0.6649803885424219));
#11035=DIRECTION('',(-1,0,0));
#11036=DIRECTION('',(0.9989191059779668,0.03471593315884327,-0.030909928778469823));
#11037=STYLED_ITEM('',(#25),#11038);
#11038=FACE_SURFACE('',(#11043),#11039,.T.);
#11039=PLANE('',#11040);
#11040=AXIS2_PLACEMENT_3D('',#355,#11041,#11042);
#11041=DIRECTION('',(0,-0.7713732785400773,-0.6363829547955638));
#11042=DIRECTION('',(1,0,0));
#11043=FACE_BOUND('',#11044,.T.);
#11044=EDGE_LOOP('',(#11045,#11046,#11047));
#11045=ORIENTED_EDGE('',*,*,#11048,.T.);
#11046=ORIENTED_EDGE('',*,*,#11049,.T.);
#11047=ORIENTED_EDGE('',*,*,#11050,.T.);
#11048=EDGE_CURVE('',#356,#554,#11051,.F.);
#11049=EDGE_CURVE('',#554,#556,#11052,.T.);
#11050=EDGE_CURVE('',#556,#356,#11053,.T.);
#11051=LINE('',#355,#11054);
#11052=LINE('',#553,#11055);
#11053=LINE('',#555,#11056);
#11054=VECTOR('',#11057,1.0);
#11055=VECTOR('',#11058,1.0);
#11056=VECTOR('',#11059,1.0);
#11057=DIRECTION('',(1,0,0));
#11058=DIRECTION('',(-0.9989198509869817,-0.029570458999651616,0.03584298060563832));
#11059=DIRECTION('',(0,0.6363829547955637,-0.7713732785400772));
#11060=STYLED_ITEM('',(#25),#11061);
#11061=FACE_SURFACE('',(#11066),#11062,.T.);
#11062=PLANE('',#11063);
#11063=AXIS2_PLACEMENT_3D('',#355,#11064,#11065);
#11064=DIRECTION('',(0,-0.7713732785400773,-0.6363829547955638));
#11065=DIRECTION('',(0,-0.6363829547955637,0.7713732785400772));
#11066=FACE_BOUND('',#11067,.T.);
#11067=EDGE_LOOP('',(#11068,#11069,#11070));
#11068=ORIENTED_EDGE('',*,*,#11071,.T.);
#11069=ORIENTED_EDGE('',*,*,#11072,.T.);
#11070=ORIENTED_EDGE('',*,*,#11073,.T.);
#11071=EDGE_CURVE('',#356,#556,#11074,.F.);
#11072=EDGE_CURVE('',#556,#360,#11075,.T.);
#11073=EDGE_CURVE('',#360,#356,#11076,.T.);
#11074=LINE('',#355,#11077);
#11075=LINE('',#555,#11078);
#11076=LINE('',#359,#11079);
#11077=VECTOR('',#11080,1.0);
#11078=VECTOR('',#11081,1.0);
#11079=VECTOR('',#11082,1.0);
#11080=DIRECTION('',(0,-0.6363829547955637,0.7713732785400772));
#11081=DIRECTION('',(-1,0,0));
#11082=DIRECTION('',(0.9989198509869817,0.029570458999651616,-0.03584298060563832));
#11083=STYLED_ITEM('',(#25),#11084);
#11084=FACE_SURFACE('',(#11089),#11085,.T.);
#11085=PLANE('',#11086);
#11086=AXIS2_PLACEMENT_3D('',#359,#11087,#11088);
#11087=DIRECTION('',(0,-0.859816568888547,-0.5106030433367261));
#11088=DIRECTION('',(1,0,0));
#11089=FACE_BOUND('',#11090,.T.);
#11090=EDGE_LOOP('',(#11091,#11092,#11093));
#11091=ORIENTED_EDGE('',*,*,#11094,.T.);
#11092=ORIENTED_EDGE('',*,*,#11095,.T.);
#11093=ORIENTED_EDGE('',*,*,#11096,.T.);
#11094=EDGE_CURVE('',#360,#556,#11097,.F.);
#11095=EDGE_CURVE('',#556,#558,#11098,.T.);
#11096=EDGE_CURVE('',#558,#360,#11099,.T.);
#11097=LINE('',#359,#11100);
#11098=LINE('',#555,#11101);
#11099=LINE('',#557,#11102);
#11100=VECTOR('',#11103,1.0);
#11101=VECTOR('',#11104,1.0);
#11102=VECTOR('',#11105,1.0);
#11103=DIRECTION('',(1,0,0));
#11104=DIRECTION('',(-0.9989192868275906,-0.023732104425661732,0.03996305322904346));
#11105=DIRECTION('',(0,0.5106030433367261,-0.859816568888547));
#11106=STYLED_ITEM('',(#25),#11107);
#11107=FACE_SURFACE('',(#11112),#11108,.T.);
#11108=PLANE('',#11109);
#11109=AXIS2_PLACEMENT_3D('',#359,#11110,#11111);
#11110=DIRECTION('',(0,-0.8598165688885471,-0.5106030433367261));
#11111=DIRECTION('',(0,-0.5106030433367261,0.859816568888547));
#11112=FACE_BOUND('',#11113,.T.);
#11113=EDGE_LOOP('',(#11114,#11115,#11116));
#11114=ORIENTED_EDGE('',*,*,#11117,.T.);
#11115=ORIENTED_EDGE('',*,*,#11118,.T.);
#11116=ORIENTED_EDGE('',*,*,#11119,.T.);
#11117=EDGE_CURVE('',#360,#558,#11120,.F.);
#11118=EDGE_CURVE('',#558,#364,#11121,.T.);
#11119=EDGE_CURVE('',#364,#360,#11122,.T.);
#11120=LINE('',#359,#11123);
#11121=LINE('',#557,#11124);
#11122=LINE('',#363,#11125);
#11123=VECTOR('',#11126,1.0);
#11124=VECTOR('',#11127,1.0);
#11125=VECTOR('',#11128,1.0);
#11126=DIRECTION('',(0,-0.5106030433367261,0.859816568888547));
#11127=DIRECTION('',(-1,0,0));
#11128=DIRECTION('',(0.9989192918166233,0.02373204967645849,-0.03996296103556226));
#11129=STYLED_ITEM('',(#25),#11130);
#11130=FACE_SURFACE('',(#11135),#11131,.T.);
#11131=PLANE('',#11132);
#11132=AXIS2_PLACEMENT_3D('',#363,#11133,#11134);
#11133=DIRECTION('',(0,-0.9278588026913632,-0.37293168579265285));
#11134=DIRECTION('',(1,0,0));
#11135=FACE_BOUND('',#11136,.T.);
#11136=EDGE_LOOP('',(#11137,#11138,#11139));
#11137=ORIENTED_EDGE('',*,*,#11140,.T.);
#11138=ORIENTED_EDGE('',*,*,#11141,.T.);
#11139=ORIENTED_EDGE('',*,*,#11142,.T.);
#11140=EDGE_CURVE('',#364,#558,#11143,.F.);
#11141=EDGE_CURVE('',#558,#560,#11144,.T.);
#11142=EDGE_CURVE('',#560,#364,#11145,.T.);
#11143=LINE('',#363,#11146);
#11144=LINE('',#557,#11147);
#11145=LINE('',#559,#11148);
#11146=VECTOR('',#11149,1.0);
#11147=VECTOR('',#11150,1.0);
#11148=VECTOR('',#11151,1.0);
#11149=DIRECTION('',(1,0,0));
#11150=DIRECTION('',(-0.9989185249468215,-0.01733944065609037,0.04314075006070433));
#11151=DIRECTION('',(0,0.3729316857926528,-0.9278588026913631));
#11152=STYLED_ITEM('',(#25),#11153);
#11153=FACE_SURFACE('',(#11158),#11154,.T.);
#11154=PLANE('',#11155);
#11155=AXIS2_PLACEMENT_3D('',#363,#11156,#11157);
#11156=DIRECTION('',(0,-0.9278588026913632,-0.37293168579265285));
#11157=DIRECTION('',(0,-0.3729316857926528,0.9278588026913631));
#11158=FACE_BOUND('',#11159,.T.);
#11159=EDGE_LOOP('',(#11160,#11161,#11162));
#11160=ORIENTED_EDGE('',*,*,#11163,.T.);
#11161=ORIENTED_EDGE('',*,*,#11164,.T.);
#11162=ORIENTED_EDGE('',*,*,#11165,.T.);
#11163=EDGE_CURVE('',#364,#560,#11166,.F.);
#11164=EDGE_CURVE('',#560,#368,#11167,.T.);
#11165=EDGE_CURVE('',#368,#364,#11168,.T.);
#11166=LINE('',#363,#11169);
#11167=LINE('',#559,#11170);
#11168=LINE('',#367,#11171);
#11169=VECTOR('',#11172,1.0);
#11170=VECTOR('',#11173,1.0);
#11171=VECTOR('',#11174,1.0);
#11172=DIRECTION('',(0,-0.3729316857926528,0.9278588026913631));
#11173=DIRECTION('',(-1,0,0));
#11174=DIRECTION('',(0.9989185199542543,0.017339480657654328,-0.04314084958510693));
#11175=STYLED_ITEM('',(#25),#11176);
#11176=FACE_SURFACE('',(#11181),#11177,.T.);
#11177=PLANE('',#11178);
#11178=AXIS2_PLACEMENT_3D('',#367,#11179,#11180);
#11179=DIRECTION('',(0,-0.9740095568589054,-0.22650691633484138));
#11180=DIRECTION('',(1,0,0));
#11181=FACE_BOUND('',#11182,.T.);
#11182=EDGE_LOOP('',(#11183,#11184,#11185));
#11183=ORIENTED_EDGE('',*,*,#11186,.T.);
#11184=ORIENTED_EDGE('',*,*,#11187,.T.);
#11185=ORIENTED_EDGE('',*,*,#11188,.T.);
#11186=EDGE_CURVE('',#368,#560,#11189,.F.);
#11187=EDGE_CURVE('',#560,#562,#11190,.T.);
#11188=EDGE_CURVE('',#562,#368,#11191,.T.);
#11189=LINE('',#367,#11192);
#11190=LINE('',#559,#11193);
#11191=LINE('',#561,#11194);
#11192=VECTOR('',#11195,1.0);
#11193=VECTOR('',#11196,1.0);
#11194=VECTOR('',#11197,1.0);
#11195=DIRECTION('',(1,0,0));
#11196=DIRECTION('',(-0.9989195245258636,-0.010526562642275916,0.045265605043573486));
#11197=DIRECTION('',(0,0.22650691633484135,-0.9740095568589052));
#11198=STYLED_ITEM('',(#25),#11199);
#11199=FACE_SURFACE('',(#11204),#11200,.T.);
#11200=PLANE('',#11201);
#11201=AXIS2_PLACEMENT_3D('',#367,#11202,#11203);
#11202=DIRECTION('',(0,-0.9740095568589054,-0.22650691633484138));
#11203=DIRECTION('',(0,-0.22650691633484135,0.9740095568589052));
#11204=FACE_BOUND('',#11205,.T.);
#11205=EDGE_LOOP('',(#11206,#11207,#11208));
#11206=ORIENTED_EDGE('',*,*,#11209,.T.);
#11207=ORIENTED_EDGE('',*,*,#11210,.T.);
#11208=ORIENTED_EDGE('',*,*,#11211,.T.);
#11209=EDGE_CURVE('',#368,#562,#11212,.F.);
#11210=EDGE_CURVE('',#562,#372,#11213,.T.);
#11211=EDGE_CURVE('',#372,#368,#11214,.T.);
#11212=LINE('',#367,#11215);
#11213=LINE('',#561,#11216);
#11214=LINE('',#371,#11217);
#11215=VECTOR('',#11218,1.0);
#11216=VECTOR('',#11219,1.0);
#11217=VECTOR('',#11220,1.0);
#11218=DIRECTION('',(0,-0.22650691633484135,0.9740095568589052));
#11219=DIRECTION('',(-1,0,0));
#11220=DIRECTION('',(0.9989195245258636,0.010526562642275916,-0.045265605043573486));
#11221=STYLED_ITEM('',(#25),#11222);
#11222=FACE_SURFACE('',(#11227),#11223,.T.);
#11223=PLANE('',#11224);
#11224=AXIS2_PLACEMENT_3D('',#371,#11225,#11226);
#11225=DIRECTION('',(0,-0.9971948600820152,-0.07484925534706513));
#11226=DIRECTION('',(1,0,0));
#11227=FACE_BOUND('',#11228,.T.);
#11228=EDGE_LOOP('',(#11229,#11230,#11231));
#11229=ORIENTED_EDGE('',*,*,#11232,.T.);
#11230=ORIENTED_EDGE('',*,*,#11233,.T.);
#11231=ORIENTED_EDGE('',*,*,#11234,.T.);
#11232=EDGE_CURVE('',#372,#562,#11235,.F.);
#11233=EDGE_CURVE('',#562,#378,#11236,.T.);
#11234=EDGE_CURVE('',#378,#372,#11237,.T.);
#11235=LINE('',#371,#11238);
#11236=LINE('',#561,#11239);
#11237=LINE('',#377,#11240);
#11238=VECTOR('',#11241,1.0);
#11239=VECTOR('',#11242,1.0);
#11240=VECTOR('',#11243,1.0);
#11241=DIRECTION('',(1,0,0));
#11242=DIRECTION('',(-0.9989197995302009,-0.0034780622430074138,0.046337211715604745));
#11243=DIRECTION('',(0,0.07484925534706513,-0.9971948600820151));
#11244=STYLED_ITEM('',(#25),#11245);
#11245=FACE_SURFACE('',(#11250),#11246,.T.);
#11246=PLANE('',#11247);
#11247=AXIS2_PLACEMENT_3D('',#551,#11248,#11249);
#11248=DIRECTION('',(0,-0.5429504712658783,-0.8397647204736342));
#11249=DIRECTION('',(0.9989190891738323,0.03903463892894887,-0.025237873282188693));
#11250=FACE_BOUND('',#11251,.T.);
#11251=EDGE_LOOP('',(#11252,#11253,#11254));
#11252=ORIENTED_EDGE('',*,*,#11255,.T.);
#11253=ORIENTED_EDGE('',*,*,#11256,.T.);
#11254=ORIENTED_EDGE('',*,*,#11257,.T.);
#11255=EDGE_CURVE('',#552,#546,#11258,.F.);
#11256=EDGE_CURVE('',#546,#548,#11259,.T.);
#11257=EDGE_CURVE('',#548,#552,#11260,.T.);
#11258=LINE('',#551,#11261);
#11259=LINE('',#545,#11262);
#11260=LINE('',#547,#11263);
#11261=VECTOR('',#11264,1.0);
#11262=VECTOR('',#11265,1.0);
#11263=VECTOR('',#11266,1.0);
#11264=DIRECTION('',(0.9989190891738323,0.03903463892894887,-0.025237873282188693));
#11265=DIRECTION('',(0,-0.839764720473634,0.5429504712658781));
#11266=DIRECTION('',(-1,0,0));
#11267=STYLED_ITEM('',(#25),#11268);
#11268=FACE_SURFACE('',(#11273),#11269,.T.);
#11269=PLANE('',#11270);
#11270=AXIS2_PLACEMENT_3D('',#551,#11271,#11272);
#11271=DIRECTION('',(0,-0.6649803885424219,-0.7468608189307895));
#11272=DIRECTION('',(1,0,0));
#11273=FACE_BOUND('',#11274,.T.);
#11274=EDGE_LOOP('',(#11275,#11276,#11277));
#11275=ORIENTED_EDGE('',*,*,#11278,.T.);
#11276=ORIENTED_EDGE('',*,*,#11279,.T.);
#11277=ORIENTED_EDGE('',*,*,#11280,.T.);
#11278=EDGE_CURVE('',#552,#548,#11281,.F.);
#11279=EDGE_CURVE('',#548,#564,#11282,.T.);
#11280=EDGE_CURVE('',#564,#552,#11283,.T.);
#11281=LINE('',#551,#11284);
#11282=LINE('',#547,#11285);
#11283=LINE('',#563,#11286);
#11284=VECTOR('',#11287,1.0);
#11285=VECTOR('',#11288,1.0);
#11286=VECTOR('',#11289,1.0);
#11287=DIRECTION('',(1,0,0));
#11288=DIRECTION('',(-0.9989191059779668,-0.03471593315884327,0.030909928778469823));
#11289=DIRECTION('',(0,0.7468608189307895,-0.6649803885424219));
#11290=STYLED_ITEM('',(#25),#11291);
#11291=FACE_SURFACE('',(#11296),#11292,.T.);
#11292=PLANE('',#11293);
#11293=AXIS2_PLACEMENT_3D('',#563,#11294,#11295);
#11294=DIRECTION('',(0,-0.6649803885424219,-0.7468608189307895));
#11295=DIRECTION('',(0.9989191059779668,0.03471593315884327,-0.030909928778469823));
#11296=FACE_BOUND('',#11297,.T.);
#11297=EDGE_LOOP('',(#11298,#11299,#11300));
#11298=ORIENTED_EDGE('',*,*,#11301,.T.);
#11299=ORIENTED_EDGE('',*,*,#11302,.T.);
#11300=ORIENTED_EDGE('',*,*,#11303,.T.);
#11301=EDGE_CURVE('',#564,#548,#11304,.F.);
#11302=EDGE_CURVE('',#548,#550,#11305,.T.);
#11303=EDGE_CURVE('',#550,#564,#11306,.T.);
#11304=LINE('',#563,#11307);
#11305=LINE('',#547,#11308);
#11306=LINE('',#549,#11309);
#11307=VECTOR('',#11310,1.0);
#11308=VECTOR('',#11311,1.0);
#11309=VECTOR('',#11312,1.0);
#11310=DIRECTION('',(0.9989191059779668,0.03471593315884327,-0.030909928778469823));
#11311=DIRECTION('',(0,-0.7468608189307895,0.6649803885424219));
#11312=DIRECTION('',(-1,0,0));
#11313=STYLED_ITEM('',(#25),#11314);
#11314=FACE_SURFACE('',(#11319),#11315,.T.);
#11315=PLANE('',#11316);
#11316=AXIS2_PLACEMENT_3D('',#563,#11317,#11318);
#11317=DIRECTION('',(0,-0.7713732785400773,-0.6363829547955638));
#11318=DIRECTION('',(1,0,0));
#11319=FACE_BOUND('',#11320,.T.);
#11320=EDGE_LOOP('',(#11321,#11322,#11323));
#11321=ORIENTED_EDGE('',*,*,#11324,.T.);
#11322=ORIENTED_EDGE('',*,*,#11325,.T.);
#11323=ORIENTED_EDGE('',*,*,#11326,.T.);
#11324=EDGE_CURVE('',#564,#550,#11327,.F.);
#11325=EDGE_CURVE('',#550,#566,#11328,.T.);
#11326=EDGE_CURVE('',#566,#564,#11329,.T.);
#11327=LINE('',#563,#11330);
#11328=LINE('',#549,#11331);
#11329=LINE('',#565,#11332);
#11330=VECTOR('',#11333,1.0);
#11331=VECTOR('',#11334,1.0);
#11332=VECTOR('',#11335,1.0);
#11333=DIRECTION('',(1,0,0));
#11334=DIRECTION('',(-0.9989198509869817,-0.029570458999651616,0.03584298060563832));
#11335=DIRECTION('',(0,0.6363829547955637,-0.7713732785400772));
#11336=STYLED_ITEM('',(#25),#11337);
#11337=FACE_SURFACE('',(#11342),#11338,.T.);
#11338=PLANE('',#11339);
#11339=AXIS2_PLACEMENT_3D('',#565,#11340,#11341);
#11340=DIRECTION('',(0,-0.7713732785400773,-0.6363829547955638));
#11341=DIRECTION('',(0.9989198509869817,0.029570458999651616,-0.03584298060563832));
#11342=FACE_BOUND('',#11343,.T.);
#11343=EDGE_LOOP('',(#11344,#11345,#11346));
#11344=ORIENTED_EDGE('',*,*,#11347,.T.);
#11345=ORIENTED_EDGE('',*,*,#11348,.T.);
#11346=ORIENTED_EDGE('',*,*,#11349,.T.);
#11347=EDGE_CURVE('',#566,#550,#11350,.F.);
#11348=EDGE_CURVE('',#550,#414,#11351,.T.);
#11349=EDGE_CURVE('',#414,#566,#11352,.T.);
#11350=LINE('',#565,#11353);
#11351=LINE('',#549,#11354);
#11352=LINE('',#413,#11355);
#11353=VECTOR('',#11356,1.0);
#11354=VECTOR('',#11357,1.0);
#11355=VECTOR('',#11358,1.0);
#11356=DIRECTION('',(0.9989198509869817,0.029570458999651616,-0.03584298060563832));
#11357=DIRECTION('',(0,-0.6363829547955637,0.7713732785400772));
#11358=DIRECTION('',(-1,0,0));
#11359=STYLED_ITEM('',(#25),#11360);
#11360=FACE_SURFACE('',(#11365),#11361,.T.);
#11361=PLANE('',#11362);
#11362=AXIS2_PLACEMENT_3D('',#565,#11363,#11364);
#11363=DIRECTION('',(0,-0.859816568888547,-0.5106030433367261));
#11364=DIRECTION('',(1,0,0));
#11365=FACE_BOUND('',#11366,.T.);
#11366=EDGE_LOOP('',(#11367,#11368,#11369));
#11367=ORIENTED_EDGE('',*,*,#11370,.T.);
#11368=ORIENTED_EDGE('',*,*,#11371,.T.);
#11369=ORIENTED_EDGE('',*,*,#11372,.T.);
#11370=EDGE_CURVE('',#566,#414,#11373,.F.);
#11371=EDGE_CURVE('',#414,#410,#11374,.T.);
#11372=EDGE_CURVE('',#410,#566,#11375,.T.);
#11373=LINE('',#565,#11376);
#11374=LINE('',#413,#11377);
#11375=LINE('',#409,#11378);
#11376=VECTOR('',#11379,1.0);
#11377=VECTOR('',#11380,1.0);
#11378=VECTOR('',#11381,1.0);
#11379=DIRECTION('',(1,0,0));
#11380=DIRECTION('',(-0.9989192868275906,-0.023732104425661732,0.03996305322904346));
#11381=DIRECTION('',(0,0.5106030433367261,-0.859816568888547));
#11382=STYLED_ITEM('',(#25),#11383);
#11383=FACE_SURFACE('',(#11388),#11384,.T.);
#11384=PLANE('',#11385);
#11385=AXIS2_PLACEMENT_3D('',#551,#11386,#11387);
#11386=DIRECTION('',(0,-0.6649803885424219,-0.7468608189307894));
#11387=DIRECTION('',(0,-0.7468608189307895,0.6649803885424219));
#11388=FACE_BOUND('',#11389,.T.);
#11389=EDGE_LOOP('',(#11390,#11391,#11392));
#11390=ORIENTED_EDGE('',*,*,#11393,.T.);
#11391=ORIENTED_EDGE('',*,*,#11394,.T.);
#11392=ORIENTED_EDGE('',*,*,#11395,.T.);
#11393=EDGE_CURVE('',#552,#564,#11396,.F.);
#11394=EDGE_CURVE('',#564,#554,#11397,.T.);
#11395=EDGE_CURVE('',#554,#552,#11398,.T.);
#11396=LINE('',#551,#11399);
#11397=LINE('',#563,#11400);
#11398=LINE('',#553,#11401);
#11399=VECTOR('',#11402,1.0);
#11400=VECTOR('',#11403,1.0);
#11401=VECTOR('',#11404,1.0);
#11402=DIRECTION('',(0,-0.7468608189307895,0.6649803885424219));
#11403=DIRECTION('',(-1,0,0));
#11404=DIRECTION('',(0.9989191109678331,0.034715853070328664,-0.03090985747028199));
#11405=STYLED_ITEM('',(#25),#11406);
#11406=FACE_SURFACE('',(#11411),#11407,.T.);
#11407=PLANE('',#11408);
#11408=AXIS2_PLACEMENT_3D('',#553,#11409,#11410);
#11409=DIRECTION('',(0,-0.7713732785400772,-0.6363829547955636));
#11410=DIRECTION('',(1,0,0));
#11411=FACE_BOUND('',#11412,.T.);
#11412=EDGE_LOOP('',(#11413,#11414,#11415));
#11413=ORIENTED_EDGE('',*,*,#11416,.T.);
#11414=ORIENTED_EDGE('',*,*,#11417,.T.);
#11415=ORIENTED_EDGE('',*,*,#11418,.T.);
#11416=EDGE_CURVE('',#554,#564,#11419,.F.);
#11417=EDGE_CURVE('',#564,#568,#11420,.T.);
#11418=EDGE_CURVE('',#568,#554,#11421,.T.);
#11419=LINE('',#553,#11422);
#11420=LINE('',#563,#11423);
#11421=LINE('',#567,#11424);
#11422=VECTOR('',#11425,1.0);
#11423=VECTOR('',#11426,1.0);
#11424=VECTOR('',#11427,1.0);
#11425=DIRECTION('',(1,0,0));
#11426=DIRECTION('',(-0.9989198559734143,-0.0295703907814747,0.03584289791693903));
#11427=DIRECTION('',(0,0.6363829547955637,-0.7713732785400772));
#11428=STYLED_ITEM('',(#25),#11429);
#11429=FACE_SURFACE('',(#11434),#11430,.T.);
#11430=PLANE('',#11431);
#11431=AXIS2_PLACEMENT_3D('',#553,#11432,#11433);
#11432=DIRECTION('',(0,-0.7713732785400773,-0.6363829547955638));
#11433=DIRECTION('',(0,-0.6363829547955637,0.7713732785400772));
#11434=FACE_BOUND('',#11435,.T.);
#11435=EDGE_LOOP('',(#11436,#11437,#11438));
#11436=ORIENTED_EDGE('',*,*,#11439,.T.);
#11437=ORIENTED_EDGE('',*,*,#11440,.T.);
#11438=ORIENTED_EDGE('',*,*,#11441,.T.);
#11439=EDGE_CURVE('',#554,#568,#11442,.F.);
#11440=EDGE_CURVE('',#568,#556,#11443,.T.);
#11441=EDGE_CURVE('',#556,#554,#11444,.T.);
#11442=LINE('',#553,#11445);
#11443=LINE('',#567,#11446);
#11444=LINE('',#555,#11447);
#11445=VECTOR('',#11448,1.0);
#11446=VECTOR('',#11449,1.0);
#11447=VECTOR('',#11450,1.0);
#11448=DIRECTION('',(0,-0.6363829547955637,0.7713732785400772));
#11449=DIRECTION('',(-1,0,0));
#11450=DIRECTION('',(0.9989198509869817,0.029570458999651616,-0.03584298060563832));
#11451=STYLED_ITEM('',(#25),#11452);
#11452=FACE_SURFACE('',(#11457),#11453,.T.);
#11453=PLANE('',#11454);
#11454=AXIS2_PLACEMENT_3D('',#555,#11455,#11456);
#11455=DIRECTION('',(0,-0.859816568888547,-0.5106030433367261));
#11456=DIRECTION('',(1,0,0));
#11457=FACE_BOUND('',#11458,.T.);
#11458=EDGE_LOOP('',(#11459,#11460,#11461));
#11459=ORIENTED_EDGE('',*,*,#11462,.T.);
#11460=ORIENTED_EDGE('',*,*,#11463,.T.);
#11461=ORIENTED_EDGE('',*,*,#11464,.T.);
#11462=EDGE_CURVE('',#556,#568,#11465,.F.);
#11463=EDGE_CURVE('',#568,#570,#11466,.T.);
#11464=EDGE_CURVE('',#570,#556,#11467,.T.);
#11465=LINE('',#555,#11468);
#11466=LINE('',#567,#11469);
#11467=LINE('',#569,#11470);
#11468=VECTOR('',#11471,1.0);
#11469=VECTOR('',#11472,1.0);
#11470=VECTOR('',#11473,1.0);
#11471=DIRECTION('',(1,0,0));
#11472=DIRECTION('',(-0.9989192868275906,-0.023732104425661732,0.03996305322904346));
#11473=DIRECTION('',(0,0.5106030433367261,-0.859816568888547));
#11474=STYLED_ITEM('',(#25),#11475);
#11475=FACE_SURFACE('',(#11480),#11476,.T.);
#11476=PLANE('',#11477);
#11477=AXIS2_PLACEMENT_3D('',#555,#11478,#11479);
#11478=DIRECTION('',(0,-0.859816568888547,-0.5106030433367261));
#11479=DIRECTION('',(0,-0.5106030433367261,0.859816568888547));
#11480=FACE_BOUND('',#11481,.T.);
#11481=EDGE_LOOP('',(#11482,#11483,#11484));
#11482=ORIENTED_EDGE('',*,*,#11485,.T.);
#11483=ORIENTED_EDGE('',*,*,#11486,.T.);
#11484=ORIENTED_EDGE('',*,*,#11487,.T.);
#11485=EDGE_CURVE('',#556,#570,#11488,.F.);
#11486=EDGE_CURVE('',#570,#558,#11489,.T.);
#11487=EDGE_CURVE('',#558,#556,#11490,.T.);
#11488=LINE('',#555,#11491);
#11489=LINE('',#569,#11492);
#11490=LINE('',#557,#11493);
#11491=VECTOR('',#11494,1.0);
#11492=VECTOR('',#11495,1.0);
#11493=VECTOR('',#11496,1.0);
#11494=DIRECTION('',(0,-0.5106030433367261,0.859816568888547));
#11495=DIRECTION('',(-1,0,0));
#11496=DIRECTION('',(0.9989192868275906,0.023732104425661732,-0.03996305322904346));
#11497=STYLED_ITEM('',(#25),#11498);
#11498=FACE_SURFACE('',(#11503),#11499,.T.);
#11499=PLANE('',#11500);
#11500=AXIS2_PLACEMENT_3D('',#557,#11501,#11502);
#11501=DIRECTION('',(0,-0.9278588026913632,-0.37293168579265285));
#11502=DIRECTION('',(1,0,0));
#11503=FACE_BOUND('',#11504,.T.);
#11504=EDGE_LOOP('',(#11505,#11506,#11507));
#11505=ORIENTED_EDGE('',*,*,#11508,.T.);
#11506=ORIENTED_EDGE('',*,*,#11509,.T.);
#11507=ORIENTED_EDGE('',*,*,#11510,.T.);
#11508=EDGE_CURVE('',#558,#570,#11511,.F.);
#11509=EDGE_CURVE('',#570,#572,#11512,.T.);
#11510=EDGE_CURVE('',#572,#558,#11513,.T.);
#11511=LINE('',#557,#11514);
#11512=LINE('',#569,#11515);
#11513=LINE('',#571,#11516);
#11514=VECTOR('',#11517,1.0);
#11515=VECTOR('',#11518,1.0);
#11516=VECTOR('',#11519,1.0);
#11517=DIRECTION('',(1,0,0));
#11518=DIRECTION('',(-0.9989185199542543,-0.017339480657654328,0.04314084958510693));
#11519=DIRECTION('',(0,0.3729316857926528,-0.9278588026913631));
#11520=STYLED_ITEM('',(#25),#11521);
#11521=FACE_SURFACE('',(#11526),#11522,.T.);
#11522=PLANE('',#11523);
#11523=AXIS2_PLACEMENT_3D('',#557,#11524,#11525);
#11524=DIRECTION('',(0,-0.9278588026913632,-0.37293168579265285));
#11525=DIRECTION('',(0,-0.3729316857926528,0.9278588026913631));
#11526=FACE_BOUND('',#11527,.T.);
#11527=EDGE_LOOP('',(#11528,#11529,#11530));
#11528=ORIENTED_EDGE('',*,*,#11531,.T.);
#11529=ORIENTED_EDGE('',*,*,#11532,.T.);
#11530=ORIENTED_EDGE('',*,*,#11533,.T.);
#11531=EDGE_CURVE('',#558,#572,#11534,.F.);
#11532=EDGE_CURVE('',#572,#560,#11535,.T.);
#11533=EDGE_CURVE('',#560,#558,#11536,.T.);
#11534=LINE('',#557,#11537);
#11535=LINE('',#571,#11538);
#11536=LINE('',#559,#11539);
#11537=VECTOR('',#11540,1.0);
#11538=VECTOR('',#11541,1.0);
#11539=VECTOR('',#11542,1.0);
#11540=DIRECTION('',(0,-0.3729316857926528,0.9278588026913631));
#11541=DIRECTION('',(-1,0,0));
#11542=DIRECTION('',(0.9989185249468215,0.01733944065609037,-0.04314075006070433));
#11543=STYLED_ITEM('',(#25),#11544);
#11544=FACE_SURFACE('',(#11549),#11545,.T.);
#11545=PLANE('',#11546);
#11546=AXIS2_PLACEMENT_3D('',#559,#11547,#11548);
#11547=DIRECTION('',(0,-0.9740095568589053,-0.22650691633484135));
#11548=DIRECTION('',(1,0,0));
#11549=FACE_BOUND('',#11550,.T.);
#11550=EDGE_LOOP('',(#11551,#11552,#11553));
#11551=ORIENTED_EDGE('',*,*,#11554,.T.);
#11552=ORIENTED_EDGE('',*,*,#11555,.T.);
#11553=ORIENTED_EDGE('',*,*,#11556,.T.);
#11554=EDGE_CURVE('',#560,#572,#11557,.F.);
#11555=EDGE_CURVE('',#572,#574,#11558,.T.);
#11556=EDGE_CURVE('',#574,#560,#11559,.T.);
#11557=LINE('',#559,#11560);
#11558=LINE('',#571,#11561);
#11559=LINE('',#573,#11562);
#11560=VECTOR('',#11563,1.0);
#11561=VECTOR('',#11564,1.0);
#11562=VECTOR('',#11565,1.0);
#11563=DIRECTION('',(1,0,0));
#11564=DIRECTION('',(-0.9989195295138008,-0.010526538357822187,0.04526550061722573));
#11565=DIRECTION('',(0,0.22650691633484135,-0.9740095568589052));
#11566=STYLED_ITEM('',(#25),#11567);
#11567=FACE_SURFACE('',(#11572),#11568,.T.);
#11568=PLANE('',#11569);
#11569=AXIS2_PLACEMENT_3D('',#559,#11570,#11571);
#11570=DIRECTION('',(0,-0.9740095568589054,-0.22650691633484138));
#11571=DIRECTION('',(0,-0.22650691633484135,0.9740095568589052));
#11572=FACE_BOUND('',#11573,.T.);
#11573=EDGE_LOOP('',(#11574,#11575,#11576));
#11574=ORIENTED_EDGE('',*,*,#11577,.T.);
#11575=ORIENTED_EDGE('',*,*,#11578,.T.);
#11576=ORIENTED_EDGE('',*,*,#11579,.T.);
#11577=EDGE_CURVE('',#560,#574,#11580,.F.);
#11578=EDGE_CURVE('',#574,#562,#11581,.T.);
#11579=EDGE_CURVE('',#562,#560,#11582,.T.);
#11580=LINE('',#559,#11583);
#11581=LINE('',#573,#11584);
#11582=LINE('',#561,#11585);
#11583=VECTOR('',#11586,1.0);
#11584=VECTOR('',#11587,1.0);
#11585=VECTOR('',#11588,1.0);
#11586=DIRECTION('',(0,-0.22650691633484135,0.9740095568589052));
#11587=DIRECTION('',(-1,0,0));
#11588=DIRECTION('',(0.9989195245258636,0.010526562642275916,-0.045265605043573486));
#11589=STYLED_ITEM('',(#25),#11590);
#11590=FACE_SURFACE('',(#11595),#11591,.T.);
#11591=PLANE('',#11592);
#11592=AXIS2_PLACEMENT_3D('',#561,#11593,#11594);
#11593=DIRECTION('',(0,-0.9971948600820152,-0.07484925534706513));
#11594=DIRECTION('',(1,0,0));
#11595=FACE_BOUND('',#11596,.T.);
#11596=EDGE_LOOP('',(#11597,#11598,#11599));
#11597=ORIENTED_EDGE('',*,*,#11600,.T.);
#11598=ORIENTED_EDGE('',*,*,#11601,.T.);
#11599=ORIENTED_EDGE('',*,*,#11602,.T.);
#11600=EDGE_CURVE('',#562,#574,#11603,.F.);
#11601=EDGE_CURVE('',#574,#576,#11604,.T.);
#11602=EDGE_CURVE('',#576,#562,#11605,.T.);
#11603=LINE('',#561,#11606);
#11604=LINE('',#573,#11607);
#11605=LINE('',#575,#11608);
#11606=VECTOR('',#11609,1.0);
#11607=VECTOR('',#11610,1.0);
#11608=VECTOR('',#11611,1.0);
#11609=DIRECTION('',(1,0,0));
#11610=DIRECTION('',(-0.9989197995302009,-0.0034780622430074138,0.046337211715604745));
#11611=DIRECTION('',(0,0.07484925534706513,-0.9971948600820151));
#11612=STYLED_ITEM('',(#25),#11613);
#11613=FACE_SURFACE('',(#11618),#11614,.T.);
#11614=PLANE('',#11615);
#11615=AXIS2_PLACEMENT_3D('',#561,#11616,#11617);
#11616=DIRECTION('',(0,-0.9971948600820152,-0.07484925534706513));
#11617=DIRECTION('',(0,-0.07484925534706513,0.9971948600820151));
#11618=FACE_BOUND('',#11619,.T.);
#11619=EDGE_LOOP('',(#11620,#11621,#11622));
#11620=ORIENTED_EDGE('',*,*,#11623,.T.);
#11621=ORIENTED_EDGE('',*,*,#11624,.T.);
#11622=ORIENTED_EDGE('',*,*,#11625,.T.);
#11623=EDGE_CURVE('',#562,#576,#11626,.F.);
#11624=EDGE_CURVE('',#576,#378,#11627,.T.);
#11625=EDGE_CURVE('',#378,#562,#11628,.T.);
#11626=LINE('',#561,#11629);
#11627=LINE('',#575,#11630);
#11628=LINE('',#377,#11631);
#11629=VECTOR('',#11632,1.0);
#11630=VECTOR('',#11633,1.0);
#11631=VECTOR('',#11634,1.0);
#11632=DIRECTION('',(0,-0.07484925534706513,0.9971948600820151));
#11633=DIRECTION('',(-1,0,0));
#11634=DIRECTION('',(0.9989197995302009,0.0034780622430074138,-0.046337211715604745));
#11635=STYLED_ITEM('',(#25),#11636);
#11636=FACE_SURFACE('',(#11641),#11637,.T.);
#11637=PLANE('',#11638);
#11638=AXIS2_PLACEMENT_3D('',#377,#11639,#11640);
#11639=DIRECTION('',(0,-0.9968903472723597,0.07880124056887772));
#11640=DIRECTION('',(1,0,0));
#11641=FACE_BOUND('',#11642,.T.);
#11642=EDGE_LOOP('',(#11643,#11644,#11645));
#11643=ORIENTED_EDGE('',*,*,#11646,.T.);
#11644=ORIENTED_EDGE('',*,*,#11647,.T.);
#11645=ORIENTED_EDGE('',*,*,#11648,.T.);
#11646=EDGE_CURVE('',#378,#576,#11649,.F.);
#11647=EDGE_CURVE('',#576,#382,#11650,.T.);
#11648=EDGE_CURVE('',#382,#378,#11651,.T.);
#11649=LINE('',#377,#11652);
#11650=LINE('',#575,#11653);
#11651=LINE('',#381,#11654);
#11652=VECTOR('',#11655,1.0);
#11653=VECTOR('',#11656,1.0);
#11654=VECTOR('',#11657,1.0);
#11655=DIRECTION('',(1,0,0));
#11656=DIRECTION('',(-0.9989191405772245,0.003662817449241855,0.04633718114854261));
#11657=DIRECTION('',(0,-0.07880124056887772,-0.9968903472723597));
#11658=STYLED_ITEM('',(#25),#11659);
#11659=FACE_SURFACE('',(#11664),#11660,.T.);
#11660=PLANE('',#11661);
#11661=AXIS2_PLACEMENT_3D('',#567,#11662,#11663);
#11662=DIRECTION('',(0,-0.7713732785400772,-0.6363829547955636));
#11663=DIRECTION('',(0.9989198559734143,0.0295703907814747,-0.03584289791693903));
#11664=FACE_BOUND('',#11665,.T.);
#11665=EDGE_LOOP('',(#11666,#11667,#11668));
#11666=ORIENTED_EDGE('',*,*,#11669,.T.);
#11667=ORIENTED_EDGE('',*,*,#11670,.T.);
#11668=ORIENTED_EDGE('',*,*,#11671,.T.);
#11669=EDGE_CURVE('',#568,#564,#11672,.F.);
#11670=EDGE_CURVE('',#564,#566,#11673,.T.);
#11671=EDGE_CURVE('',#566,#568,#11674,.T.);
#11672=LINE('',#567,#11675);
#11673=LINE('',#563,#11676);
#11674=LINE('',#565,#11677);
#11675=VECTOR('',#11678,1.0);
#11676=VECTOR('',#11679,1.0);
#11677=VECTOR('',#11680,1.0);
#11678=DIRECTION('',(0.9989198559734143,0.0295703907814747,-0.03584289791693903));
#11679=DIRECTION('',(0,-0.6363829547955637,0.7713732785400772));
#11680=DIRECTION('',(-1,0,0));
#11681=STYLED_ITEM('',(#25),#11682);
#11682=FACE_SURFACE('',(#11687),#11683,.T.);
#11683=PLANE('',#11684);
#11684=AXIS2_PLACEMENT_3D('',#567,#11685,#11686);
#11685=DIRECTION('',(0,-0.8598165688885471,-0.5106030433367261));
#11686=DIRECTION('',(1,0,0));
#11687=FACE_BOUND('',#11688,.T.);
#11688=EDGE_LOOP('',(#11689,#11690,#11691));
#11689=ORIENTED_EDGE('',*,*,#11692,.T.);
#11690=ORIENTED_EDGE('',*,*,#11693,.T.);
#11691=ORIENTED_EDGE('',*,*,#11694,.T.);
#11692=EDGE_CURVE('',#568,#566,#11695,.F.);
#11693=EDGE_CURVE('',#566,#578,#11696,.T.);
#11694=EDGE_CURVE('',#578,#568,#11697,.T.);
#11695=LINE('',#567,#11698);
#11696=LINE('',#565,#11699);
#11697=LINE('',#577,#11700);
#11698=VECTOR('',#11701,1.0);
#11699=VECTOR('',#11702,1.0);
#11700=VECTOR('',#11703,1.0);
#11701=DIRECTION('',(1,0,0));
#11702=DIRECTION('',(-0.9989192918166233,-0.02373204967645849,0.03996296103556226));
#11703=DIRECTION('',(0,0.5106030433367261,-0.859816568888547));
#11704=STYLED_ITEM('',(#25),#11705);
#11705=FACE_SURFACE('',(#11710),#11706,.T.);
#11706=PLANE('',#11707);
#11707=AXIS2_PLACEMENT_3D('',#577,#11708,#11709);
#11708=DIRECTION('',(0,-0.8598165688885471,-0.5106030433367261));
#11709=DIRECTION('',(0.9989192918166233,0.02373204967645849,-0.03996296103556226));
#11710=FACE_BOUND('',#11711,.T.);
#11711=EDGE_LOOP('',(#11712,#11713,#11714));
#11712=ORIENTED_EDGE('',*,*,#11715,.T.);
#11713=ORIENTED_EDGE('',*,*,#11716,.T.);
#11714=ORIENTED_EDGE('',*,*,#11717,.T.);
#11715=EDGE_CURVE('',#578,#566,#11718,.F.);
#11716=EDGE_CURVE('',#566,#410,#11719,.T.);
#11717=EDGE_CURVE('',#410,#578,#11720,.T.);
#11718=LINE('',#577,#11721);
#11719=LINE('',#565,#11722);
#11720=LINE('',#409,#11723);
#11721=VECTOR('',#11724,1.0);
#11722=VECTOR('',#11725,1.0);
#11723=VECTOR('',#11726,1.0);
#11724=DIRECTION('',(0.9989192918166233,0.02373204967645849,-0.03996296103556226));
#11725=DIRECTION('',(0,-0.5106030433367261,0.859816568888547));
#11726=DIRECTION('',(-1,0,0));
#11727=STYLED_ITEM('',(#25),#11728);
#11728=FACE_SURFACE('',(#11733),#11729,.T.);
#11729=PLANE('',#11730);
#11730=AXIS2_PLACEMENT_3D('',#577,#11731,#11732);
#11731=DIRECTION('',(0,-0.9278588026913632,-0.37293168579265285));
#11732=DIRECTION('',(1,0,0));
#11733=FACE_BOUND('',#11734,.T.);
#11734=EDGE_LOOP('',(#11735,#11736,#11737));
#11735=ORIENTED_EDGE('',*,*,#11738,.T.);
#11736=ORIENTED_EDGE('',*,*,#11739,.T.);
#11737=ORIENTED_EDGE('',*,*,#11740,.T.);
#11738=EDGE_CURVE('',#578,#410,#11741,.F.);
#11739=EDGE_CURVE('',#410,#406,#11742,.T.);
#11740=EDGE_CURVE('',#406,#578,#11743,.T.);
#11741=LINE('',#577,#11744);
#11742=LINE('',#409,#11745);
#11743=LINE('',#405,#11746);
#11744=VECTOR('',#11747,1.0);
#11745=VECTOR('',#11748,1.0);
#11746=VECTOR('',#11749,1.0);
#11747=DIRECTION('',(1,0,0));
#11748=DIRECTION('',(-0.9989185249468215,-0.01733944065609037,0.04314075006070433));
#11749=DIRECTION('',(0,0.3729316857926528,-0.9278588026913631));
#11750=STYLED_ITEM('',(#25),#11751);
#11751=FACE_SURFACE('',(#11756),#11752,.T.);
#11752=PLANE('',#11753);
#11753=AXIS2_PLACEMENT_3D('',#567,#11754,#11755);
#11754=DIRECTION('',(0,-0.859816568888547,-0.5106030433367261));
#11755=DIRECTION('',(0,-0.5106030433367261,0.859816568888547));
#11756=FACE_BOUND('',#11757,.T.);
#11757=EDGE_LOOP('',(#11758,#11759,#11760));
#11758=ORIENTED_EDGE('',*,*,#11761,.T.);
#11759=ORIENTED_EDGE('',*,*,#11762,.T.);
#11760=ORIENTED_EDGE('',*,*,#11763,.T.);
#11761=EDGE_CURVE('',#568,#578,#11764,.F.);
#11762=EDGE_CURVE('',#578,#570,#11765,.T.);
#11763=EDGE_CURVE('',#570,#568,#11766,.T.);
#11764=LINE('',#567,#11767);
#11765=LINE('',#577,#11768);
#11766=LINE('',#569,#11769);
#11767=VECTOR('',#11770,1.0);
#11768=VECTOR('',#11771,1.0);
#11769=VECTOR('',#11772,1.0);
#11770=DIRECTION('',(0,-0.5106030433367261,0.859816568888547));
#11771=DIRECTION('',(-1,0,0));
#11772=DIRECTION('',(0.9989192868275906,0.023732104425661732,-0.03996305322904346));
#11773=STYLED_ITEM('',(#25),#11774);
#11774=FACE_SURFACE('',(#11779),#11775,.T.);
#11775=PLANE('',#11776);
#11776=AXIS2_PLACEMENT_3D('',#569,#11777,#11778);
#11777=DIRECTION('',(0,-0.9278588026913632,-0.37293168579265285));
#11778=DIRECTION('',(1,0,0));
#11779=FACE_BOUND('',#11780,.T.);
#11780=EDGE_LOOP('',(#11781,#11782,#11783));
#11781=ORIENTED_EDGE('',*,*,#11784,.T.);
#11782=ORIENTED_EDGE('',*,*,#11785,.T.);
#11783=ORIENTED_EDGE('',*,*,#11786,.T.);
#11784=EDGE_CURVE('',#570,#578,#11787,.F.);
#11785=EDGE_CURVE('',#578,#580,#11788,.T.);
#11786=EDGE_CURVE('',#580,#570,#11789,.T.);
#11787=LINE('',#569,#11790);
#11788=LINE('',#577,#11791);
#11789=LINE('',#579,#11792);
#11790=VECTOR('',#11793,1.0);
#11791=VECTOR('',#11794,1.0);
#11792=VECTOR('',#11795,1.0);
#11793=DIRECTION('',(1,0,0));
#11794=DIRECTION('',(-0.9989185199542543,-0.017339480657654328,0.04314084958510693));
#11795=DIRECTION('',(0,0.3729316857926528,-0.9278588026913631));
#11796=STYLED_ITEM('',(#25),#11797);
#11797=FACE_SURFACE('',(#11802),#11798,.T.);
#11798=PLANE('',#11799);
#11799=AXIS2_PLACEMENT_3D('',#569,#11800,#11801);
#11800=DIRECTION('',(0,-0.9278588026913632,-0.37293168579265285));
#11801=DIRECTION('',(0,-0.3729316857926528,0.9278588026913631));
#11802=FACE_BOUND('',#11803,.T.);
#11803=EDGE_LOOP('',(#11804,#11805,#11806));
#11804=ORIENTED_EDGE('',*,*,#11807,.T.);
#11805=ORIENTED_EDGE('',*,*,#11808,.T.);
#11806=ORIENTED_EDGE('',*,*,#11809,.T.);
#11807=EDGE_CURVE('',#570,#580,#11810,.F.);
#11808=EDGE_CURVE('',#580,#572,#11811,.T.);
#11809=EDGE_CURVE('',#572,#570,#11812,.T.);
#11810=LINE('',#569,#11813);
#11811=LINE('',#579,#11814);
#11812=LINE('',#571,#11815);
#11813=VECTOR('',#11816,1.0);
#11814=VECTOR('',#11817,1.0);
#11815=VECTOR('',#11818,1.0);
#11816=DIRECTION('',(0,-0.3729316857926528,0.9278588026913631));
#11817=DIRECTION('',(-1,0,0));
#11818=DIRECTION('',(0.9989185199542543,0.017339480657654328,-0.04314084958510693));
#11819=STYLED_ITEM('',(#25),#11820);
#11820=FACE_SURFACE('',(#11825),#11821,.T.);
#11821=PLANE('',#11822);
#11822=AXIS2_PLACEMENT_3D('',#571,#11823,#11824);
#11823=DIRECTION('',(0,-0.9740095568589054,-0.22650691633484138));
#11824=DIRECTION('',(1,0,0));
#11825=FACE_BOUND('',#11826,.T.);
#11826=EDGE_LOOP('',(#11827,#11828,#11829));
#11827=ORIENTED_EDGE('',*,*,#11830,.T.);
#11828=ORIENTED_EDGE('',*,*,#11831,.T.);
#11829=ORIENTED_EDGE('',*,*,#11832,.T.);
#11830=EDGE_CURVE('',#572,#580,#11833,.F.);
#11831=EDGE_CURVE('',#580,#582,#11834,.T.);
#11832=EDGE_CURVE('',#582,#572,#11835,.T.);
#11833=LINE('',#571,#11836);
#11834=LINE('',#579,#11837);
#11835=LINE('',#581,#11838);
#11836=VECTOR('',#11839,1.0);
#11837=VECTOR('',#11840,1.0);
#11838=VECTOR('',#11841,1.0);
#11839=DIRECTION('',(1,0,0));
#11840=DIRECTION('',(-0.9989195245258636,-0.010526562642275916,0.045265605043573486));
#11841=DIRECTION('',(0,0.22650691633484135,-0.9740095568589052));
#11842=STYLED_ITEM('',(#25),#11843);
#11843=FACE_SURFACE('',(#11848),#11844,.T.);
#11844=PLANE('',#11845);
#11845=AXIS2_PLACEMENT_3D('',#571,#11846,#11847);
#11846=DIRECTION('',(0,-0.9740095568589053,-0.22650691633484135));
#11847=DIRECTION('',(0,-0.22650691633484135,0.9740095568589052));
#11848=FACE_BOUND('',#11849,.T.);
#11849=EDGE_LOOP('',(#11850,#11851,#11852));
#11850=ORIENTED_EDGE('',*,*,#11853,.T.);
#11851=ORIENTED_EDGE('',*,*,#11854,.T.);
#11852=ORIENTED_EDGE('',*,*,#11855,.T.);
#11853=EDGE_CURVE('',#572,#582,#11856,.F.);
#11854=EDGE_CURVE('',#582,#574,#11857,.T.);
#11855=EDGE_CURVE('',#574,#572,#11858,.T.);
#11856=LINE('',#571,#11859);
#11857=LINE('',#581,#11860);
#11858=LINE('',#573,#11861);
#11859=VECTOR('',#11862,1.0);
#11860=VECTOR('',#11863,1.0);
#11861=VECTOR('',#11864,1.0);
#11862=DIRECTION('',(0,-0.22650691633484135,0.9740095568589052));
#11863=DIRECTION('',(-1,0,0));
#11864=DIRECTION('',(0.9989195295138008,0.010526538357822187,-0.04526550061722573));
#11865=STYLED_ITEM('',(#25),#11866);
#11866=FACE_SURFACE('',(#11871),#11867,.T.);
#11867=PLANE('',#11868);
#11868=AXIS2_PLACEMENT_3D('',#573,#11869,#11870);
#11869=DIRECTION('',(0,-0.9971948600820152,-0.07484925534706513));
#11870=DIRECTION('',(1,0,0));
#11871=FACE_BOUND('',#11872,.T.);
#11872=EDGE_LOOP('',(#11873,#11874,#11875));
#11873=ORIENTED_EDGE('',*,*,#11876,.T.);
#11874=ORIENTED_EDGE('',*,*,#11877,.T.);
#11875=ORIENTED_EDGE('',*,*,#11878,.T.);
#11876=EDGE_CURVE('',#574,#582,#11879,.F.);
#11877=EDGE_CURVE('',#582,#584,#11880,.T.);
#11878=EDGE_CURVE('',#584,#574,#11881,.T.);
#11879=LINE('',#573,#11882);
#11880=LINE('',#581,#11883);
#11881=LINE('',#583,#11884);
#11882=VECTOR('',#11885,1.0);
#11883=VECTOR('',#11886,1.0);
#11884=VECTOR('',#11887,1.0);
#11885=DIRECTION('',(1,0,0));
#11886=DIRECTION('',(-0.9989198045168707,-0.0034780542192212093,0.046337104817034756));
#11887=DIRECTION('',(0,0.07484925534706513,-0.9971948600820151));
#11888=STYLED_ITEM('',(#25),#11889);
#11889=FACE_SURFACE('',(#11894),#11890,.T.);
#11890=PLANE('',#11891);
#11891=AXIS2_PLACEMENT_3D('',#573,#11892,#11893);
#11892=DIRECTION('',(0,-0.9971948600820152,-0.07484925534706513));
#11893=DIRECTION('',(0,-0.07484925534706513,0.9971948600820151));
#11894=FACE_BOUND('',#11895,.T.);
#11895=EDGE_LOOP('',(#11896,#11897,#11898));
#11896=ORIENTED_EDGE('',*,*,#11899,.T.);
#11897=ORIENTED_EDGE('',*,*,#11900,.T.);
#11898=ORIENTED_EDGE('',*,*,#11901,.T.);
#11899=EDGE_CURVE('',#574,#584,#11902,.F.);
#11900=EDGE_CURVE('',#584,#576,#11903,.T.);
#11901=EDGE_CURVE('',#576,#574,#11904,.T.);
#11902=LINE('',#573,#11905);
#11903=LINE('',#583,#11906);
#11904=LINE('',#575,#11907);
#11905=VECTOR('',#11908,1.0);
#11906=VECTOR('',#11909,1.0);
#11907=VECTOR('',#11910,1.0);
#11908=DIRECTION('',(0,-0.07484925534706513,0.9971948600820151));
#11909=DIRECTION('',(-1,0,0));
#11910=DIRECTION('',(0.9989197995302009,0.0034780622430074138,-0.046337211715604745));
#11911=STYLED_ITEM('',(#25),#11912);
#11912=FACE_SURFACE('',(#11917),#11913,.T.);
#11913=PLANE('',#11914);
#11914=AXIS2_PLACEMENT_3D('',#575,#11915,#11916);
#11915=DIRECTION('',(0,-0.9968903472723597,0.07880124056887772));
#11916=DIRECTION('',(1,0,0));
#11917=FACE_BOUND('',#11918,.T.);
#11918=EDGE_LOOP('',(#11919,#11920,#11921));
#11919=ORIENTED_EDGE('',*,*,#11922,.T.);
#11920=ORIENTED_EDGE('',*,*,#11923,.T.);
#11921=ORIENTED_EDGE('',*,*,#11924,.T.);
#11922=EDGE_CURVE('',#576,#584,#11925,.F.);
#11923=EDGE_CURVE('',#584,#586,#11926,.T.);
#11924=EDGE_CURVE('',#586,#576,#11927,.T.);
#11925=LINE('',#575,#11928);
#11926=LINE('',#583,#11929);
#11927=LINE('',#585,#11930);
#11928=VECTOR('',#11931,1.0);
#11929=VECTOR('',#11932,1.0);
#11930=VECTOR('',#11933,1.0);
#11931=DIRECTION('',(1,0,0));
#11932=DIRECTION('',(-0.9989191405772245,0.003662817449241855,0.04633718114854261));
#11933=DIRECTION('',(0,-0.07880124056887772,-0.9968903472723597));
#11934=STYLED_ITEM('',(#25),#11935);
#11935=FACE_SURFACE('',(#11940),#11936,.T.);
#11936=PLANE('',#11937);
#11937=AXIS2_PLACEMENT_3D('',#575,#11938,#11939);
#11938=DIRECTION('',(0,-0.9968903472723597,0.07880124056887772));
#11939=DIRECTION('',(0,0.07880124056887772,0.9968903472723597));
#11940=FACE_BOUND('',#11941,.T.);
#11941=EDGE_LOOP('',(#11942,#11943,#11944));
#11942=ORIENTED_EDGE('',*,*,#11945,.T.);
#11943=ORIENTED_EDGE('',*,*,#11946,.T.);
#11944=ORIENTED_EDGE('',*,*,#11947,.T.);
#11945=EDGE_CURVE('',#576,#586,#11948,.F.);
#11946=EDGE_CURVE('',#586,#382,#11949,.T.);
#11947=EDGE_CURVE('',#382,#576,#11950,.T.);
#11948=LINE('',#575,#11951);
#11949=LINE('',#585,#11952);
#11950=LINE('',#381,#11953);
#11951=VECTOR('',#11954,1.0);
#11952=VECTOR('',#11955,1.0);
#11953=VECTOR('',#11956,1.0);
#11954=DIRECTION('',(0,0.07880124056887772,0.9968903472723597));
#11955=DIRECTION('',(-1,0,0));
#11956=DIRECTION('',(0.9989191405772245,-0.003662817449241855,-0.04633718114854261));
#11957=STYLED_ITEM('',(#25),#11958);
#11958=FACE_SURFACE('',(#11963),#11959,.T.);
#11959=PLANE('',#11960);
#11960=AXIS2_PLACEMENT_3D('',#381,#11961,#11962);
#11961=DIRECTION('',(0,-0.9730838062428073,0.23045152641718447));
#11962=DIRECTION('',(1,0,0));
#11963=FACE_BOUND('',#11964,.T.);
#11964=EDGE_LOOP('',(#11965,#11966,#11967));
#11965=ORIENTED_EDGE('',*,*,#11968,.T.);
#11966=ORIENTED_EDGE('',*,*,#11969,.T.);
#11967=ORIENTED_EDGE('',*,*,#11970,.T.);
#11968=EDGE_CURVE('',#382,#586,#11971,.F.);
#11969=EDGE_CURVE('',#586,#386,#11972,.T.);
#11970=EDGE_CURVE('',#386,#382,#11973,.T.);
#11971=LINE('',#381,#11974);
#11972=LINE('',#585,#11975);
#11973=LINE('',#385,#11976);
#11974=VECTOR('',#11977,1.0);
#11975=VECTOR('',#11978,1.0);
#11976=VECTOR('',#11979,1.0);
#11977=DIRECTION('',(1,0,0));
#11978=DIRECTION('',(-0.9989192348594202,0.01071131710781628,0.045228640413858136));
#11979=DIRECTION('',(0,-0.23045152641718447,-0.9730838062428074));
#11980=STYLED_ITEM('',(#25),#11981);
#11981=FACE_SURFACE('',(#11986),#11982,.T.);
#11982=PLANE('',#11983);
#11983=AXIS2_PLACEMENT_3D('',#579,#11984,#11985);
#11984=DIRECTION('',(0,-0.9278588026913632,-0.37293168579265285));
#11985=DIRECTION('',(0.9989185199542543,0.017339480657654328,-0.04314084958510693));
#11986=FACE_BOUND('',#11987,.T.);
#11987=EDGE_LOOP('',(#11988,#11989,#11990));
#11988=ORIENTED_EDGE('',*,*,#11991,.T.);
#11989=ORIENTED_EDGE('',*,*,#11992,.T.);
#11990=ORIENTED_EDGE('',*,*,#11993,.T.);
#11991=EDGE_CURVE('',#580,#578,#11994,.F.);
#11992=EDGE_CURVE('',#578,#406,#11995,.T.);
#11993=EDGE_CURVE('',#406,#580,#11996,.T.);
#11994=LINE('',#579,#11997);
#11995=LINE('',#577,#11998);
#11996=LINE('',#405,#11999);
#11997=VECTOR('',#12000,1.0);
#11998=VECTOR('',#12001,1.0);
#11999=VECTOR('',#12002,1.0);
#12000=DIRECTION('',(0.9989185199542543,0.017339480657654328,-0.04314084958510693));
#12001=DIRECTION('',(0,-0.3729316857926528,0.9278588026913631));
#12002=DIRECTION('',(-1,0,0));
#12003=STYLED_ITEM('',(#25),#12004);
#12004=FACE_SURFACE('',(#12009),#12005,.T.);
#12005=PLANE('',#12006);
#12006=AXIS2_PLACEMENT_3D('',#581,#12007,#12008);
#12007=DIRECTION('',(0,-0.9740095568589054,-0.22650691633484138));
#12008=DIRECTION('',(0.9989195245258636,0.010526562642275916,-0.045265605043573486));
#12009=FACE_BOUND('',#12010,.T.);
#12010=EDGE_LOOP('',(#12011,#12012,#12013));
#12011=ORIENTED_EDGE('',*,*,#12014,.T.);
#12012=ORIENTED_EDGE('',*,*,#12015,.T.);
#12013=ORIENTED_EDGE('',*,*,#12016,.T.);
#12014=EDGE_CURVE('',#582,#580,#12017,.F.);
#12015=EDGE_CURVE('',#580,#402,#12018,.T.);
#12016=EDGE_CURVE('',#402,#582,#12019,.T.);
#12017=LINE('',#581,#12020);
#12018=LINE('',#579,#12021);
#12019=LINE('',#401,#12022);
#12020=VECTOR('',#12023,1.0);
#12021=VECTOR('',#12024,1.0);
#12022=VECTOR('',#12025,1.0);
#12023=DIRECTION('',(0.9989195245258636,0.010526562642275916,-0.045265605043573486));
#12024=DIRECTION('',(0,-0.22650691633484135,0.9740095568589052));
#12025=DIRECTION('',(-1,0,0));
#12026=STYLED_ITEM('',(#25),#12027);
#12027=FACE_SURFACE('',(#12032),#12028,.T.);
#12028=PLANE('',#12029);
#12029=AXIS2_PLACEMENT_3D('',#401,#12030,#12031);
#12030=DIRECTION('',(0,-0.9740095568589054,-0.22650691633484138));
#12031=DIRECTION('',(0,0.22650691633484135,-0.9740095568589052));
#12032=FACE_BOUND('',#12033,.T.);
#12033=EDGE_LOOP('',(#12034,#12035,#12036));
#12034=ORIENTED_EDGE('',*,*,#12037,.T.);
#12035=ORIENTED_EDGE('',*,*,#12038,.T.);
#12036=ORIENTED_EDGE('',*,*,#12039,.T.);
#12037=EDGE_CURVE('',#402,#580,#12040,.F.);
#12038=EDGE_CURVE('',#580,#406,#12041,.T.);
#12039=EDGE_CURVE('',#406,#402,#12042,.T.);
#12040=LINE('',#401,#12043);
#12041=LINE('',#579,#12044);
#12042=LINE('',#405,#12045);
#12043=VECTOR('',#12046,1.0);
#12044=VECTOR('',#12047,1.0);
#12045=VECTOR('',#12048,1.0);
#12046=DIRECTION('',(0,0.22650691633484135,-0.9740095568589052));
#12047=DIRECTION('',(1,0,0));
#12048=DIRECTION('',(-0.9989195245258636,-0.010526562642275916,0.045265605043573486));
#12049=STYLED_ITEM('',(#25),#12050);
#12050=FACE_SURFACE('',(#12055),#12051,.T.);
#12051=PLANE('',#12052);
#12052=AXIS2_PLACEMENT_3D('',#583,#12053,#12054);
#12053=DIRECTION('',(0,-0.9971948600820152,-0.07484925534706513));
#12054=DIRECTION('',(0.9989198045168707,0.0034780542192212093,-0.046337104817034756));
#12055=FACE_BOUND('',#12056,.T.);
#12056=EDGE_LOOP('',(#12057,#12058,#12059));
#12057=ORIENTED_EDGE('',*,*,#12060,.T.);
#12058=ORIENTED_EDGE('',*,*,#12061,.T.);
#12059=ORIENTED_EDGE('',*,*,#12062,.T.);
#12060=EDGE_CURVE('',#584,#582,#12063,.F.);
#12061=EDGE_CURVE('',#582,#398,#12064,.T.);
#12062=EDGE_CURVE('',#398,#584,#12065,.T.);
#12063=LINE('',#583,#12066);
#12064=LINE('',#581,#12067);
#12065=LINE('',#397,#12068);
#12066=VECTOR('',#12069,1.0);
#12067=VECTOR('',#12070,1.0);
#12068=VECTOR('',#12071,1.0);
#12069=DIRECTION('',(0.9989198045168707,0.0034780542192212093,-0.046337104817034756));
#12070=DIRECTION('',(0,-0.07484925534706513,0.9971948600820151));
#12071=DIRECTION('',(-1,0,0));
#12072=STYLED_ITEM('',(#25),#12073);
#12073=FACE_SURFACE('',(#12078),#12074,.T.);
#12074=PLANE('',#12075);
#12075=AXIS2_PLACEMENT_3D('',#397,#12076,#12077);
#12076=DIRECTION('',(0,-0.9971948600820152,-0.07484925534706513));
#12077=DIRECTION('',(0,0.07484925534706513,-0.9971948600820151));
#12078=FACE_BOUND('',#12079,.T.);
#12079=EDGE_LOOP('',(#12080,#12081,#12082));
#12080=ORIENTED_EDGE('',*,*,#12083,.T.);
#12081=ORIENTED_EDGE('',*,*,#12084,.T.);
#12082=ORIENTED_EDGE('',*,*,#12085,.T.);
#12083=EDGE_CURVE('',#398,#582,#12086,.F.);
#12084=EDGE_CURVE('',#582,#402,#12087,.T.);
#12085=EDGE_CURVE('',#402,#398,#12088,.T.);
#12086=LINE('',#397,#12089);
#12087=LINE('',#581,#12090);
#12088=LINE('',#401,#12091);
#12089=VECTOR('',#12092,1.0);
#12090=VECTOR('',#12093,1.0);
#12091=VECTOR('',#12094,1.0);
#12092=DIRECTION('',(0,0.07484925534706513,-0.9971948600820151));
#12093=DIRECTION('',(1,0,0));
#12094=DIRECTION('',(-0.9989197995302009,-0.0034780622430074138,0.046337211715604745));
#12095=STYLED_ITEM('',(#25),#12096);
#12096=FACE_SURFACE('',(#12101),#12097,.T.);
#12097=PLANE('',#12098);
#12098=AXIS2_PLACEMENT_3D('',#585,#12099,#12100);
#12099=DIRECTION('',(0,-0.9968903472723597,0.07880124056887772));
#12100=DIRECTION('',(0.9989191405772245,-0.003662817449241855,-0.04633718114854261));
#12101=FACE_BOUND('',#12102,.T.);
#12102=EDGE_LOOP('',(#12103,#12104,#12105));
#12103=ORIENTED_EDGE('',*,*,#12106,.T.);
#12104=ORIENTED_EDGE('',*,*,#12107,.T.);
#12105=ORIENTED_EDGE('',*,*,#12108,.T.);
#12106=EDGE_CURVE('',#586,#584,#12109,.F.);
#12107=EDGE_CURVE('',#584,#394,#12110,.T.);
#12108=EDGE_CURVE('',#394,#586,#12111,.T.);
#12109=LINE('',#585,#12112);
#12110=LINE('',#583,#12113);
#12111=LINE('',#393,#12114);
#12112=VECTOR('',#12115,1.0);
#12113=VECTOR('',#12116,1.0);
#12114=VECTOR('',#12117,1.0);
#12115=DIRECTION('',(0.9989191405772245,-0.003662817449241855,-0.04633718114854261));
#12116=DIRECTION('',(0,0.07880124056887772,0.9968903472723597));
#12117=DIRECTION('',(-1,0,0));
#12118=STYLED_ITEM('',(#25),#12119);
#12119=FACE_SURFACE('',(#12124),#12120,.T.);
#12120=PLANE('',#12121);
#12121=AXIS2_PLACEMENT_3D('',#393,#12122,#12123);
#12122=DIRECTION('',(0,-0.9968903472723597,0.07880124056887772));
#12123=DIRECTION('',(0,-0.07880124056887772,-0.9968903472723597));
#12124=FACE_BOUND('',#12125,.T.);
#12125=EDGE_LOOP('',(#12126,#12127,#12128));
#12126=ORIENTED_EDGE('',*,*,#12129,.T.);
#12127=ORIENTED_EDGE('',*,*,#12130,.T.);
#12128=ORIENTED_EDGE('',*,*,#12131,.T.);
#12129=EDGE_CURVE('',#394,#584,#12132,.F.);
#12130=EDGE_CURVE('',#584,#398,#12133,.T.);
#12131=EDGE_CURVE('',#398,#394,#12134,.T.);
#12132=LINE('',#393,#12135);
#12133=LINE('',#583,#12136);
#12134=LINE('',#397,#12137);
#12135=VECTOR('',#12138,1.0);
#12136=VECTOR('',#12139,1.0);
#12137=VECTOR('',#12140,1.0);
#12138=DIRECTION('',(0,-0.07880124056887772,-0.9968903472723597));
#12139=DIRECTION('',(1,0,0));
#12140=DIRECTION('',(-0.9989191455669312,0.00366280899924203,0.046337074250184164));
#12141=STYLED_ITEM('',(#25),#12142);
#12142=FACE_SURFACE('',(#12147),#12143,.T.);
#12143=PLANE('',#12144);
#12144=AXIS2_PLACEMENT_3D('',#385,#12145,#12146);
#12145=DIRECTION('',(0,-0.9730838062428073,0.23045152641718447));
#12146=DIRECTION('',(0.9989192348594202,-0.01071131710781628,-0.045228640413858136));
#12147=FACE_BOUND('',#12148,.T.);
#12148=EDGE_LOOP('',(#12149,#12150,#12151));
#12149=ORIENTED_EDGE('',*,*,#12152,.T.);
#12150=ORIENTED_EDGE('',*,*,#12153,.T.);
#12151=ORIENTED_EDGE('',*,*,#12154,.T.);
#12152=EDGE_CURVE('',#386,#586,#12155,.F.);
#12153=EDGE_CURVE('',#586,#390,#12156,.T.);
#12154=EDGE_CURVE('',#390,#386,#12157,.T.);
#12155=LINE('',#385,#12158);
#12156=LINE('',#585,#12159);
#12157=LINE('',#389,#12160);
#12158=VECTOR('',#12161,1.0);
#12159=VECTOR('',#12162,1.0);
#12160=VECTOR('',#12163,1.0);
#12161=DIRECTION('',(0.9989192348594202,-0.01071131710781628,-0.045228640413858136));
#12162=DIRECTION('',(0,0.23045152641718447,0.9730838062428074));
#12163=DIRECTION('',(-1,0,0));
#12164=STYLED_ITEM('',(#25),#12165);
#12165=FACE_SURFACE('',(#12170),#12166,.T.);
#12166=PLANE('',#12167);
#12167=AXIS2_PLACEMENT_3D('',#389,#12168,#12169);
#12168=DIRECTION('',(0,-0.9730838062428073,0.23045152641718447));
#12169=DIRECTION('',(0,-0.23045152641718447,-0.9730838062428074));
#12170=FACE_BOUND('',#12171,.T.);
#12171=EDGE_LOOP('',(#12172,#12173,#12174));
#12172=ORIENTED_EDGE('',*,*,#12175,.T.);
#12173=ORIENTED_EDGE('',*,*,#12176,.T.);
#12174=ORIENTED_EDGE('',*,*,#12177,.T.);
#12175=EDGE_CURVE('',#390,#586,#12178,.F.);
#12176=EDGE_CURVE('',#586,#394,#12179,.T.);
#12177=EDGE_CURVE('',#394,#390,#12180,.T.);
#12178=LINE('',#389,#12181);
#12179=LINE('',#585,#12182);
#12180=LINE('',#393,#12183);
#12181=VECTOR('',#12184,1.0);
#12182=VECTOR('',#12185,1.0);
#12183=VECTOR('',#12186,1.0);
#12184=DIRECTION('',(0,-0.23045152641718447,-0.9730838062428074));
#12185=DIRECTION('',(1,0,0));
#12186=DIRECTION('',(-0.9989192348594202,0.01071131710781628,0.045228640413858136));
#12187=STYLED_ITEM('',(#25),#12188);
#12188=FACE_SURFACE('',(#12193),#12189,.T.);
#12189=PLANE('',#12190);
#12190=AXIS2_PLACEMENT_3D('',#465,#12191,#12192);
#12191=DIRECTION('',(0,-0.8946757874399494,0.4467160567616824));
#12192=DIRECTION('',(0,0.44671605676168236,0.8946757874399492));
#12193=FACE_BOUND('',#12194,.T.);
#12194=EDGE_LOOP('',(#12195,#12196,#12197));
#12195=ORIENTED_EDGE('',*,*,#12198,.T.);
#12196=ORIENTED_EDGE('',*,*,#12199,.T.);
#12197=ORIENTED_EDGE('',*,*,#12200,.T.);
#12198=EDGE_CURVE('',#466,#588,#12201,.F.);
#12199=EDGE_CURVE('',#588,#388,#12202,.T.);
#12200=EDGE_CURVE('',#388,#466,#12203,.T.);
#12201=LINE('',#465,#12204);
#12202=LINE('',#587,#12205);
#12203=LINE('',#387,#12206);
#12204=VECTOR('',#12207,1.0);
#12205=VECTOR('',#12208,1.0);
#12206=VECTOR('',#12209,1.0);
#12207=DIRECTION('',(0,0.44671605676168236,0.8946757874399492));
#12208=DIRECTION('',(-0.9340974663447583,-0.15948571759975813,-0.319415449297609));
#12209=DIRECTION('',(1,0,0));
#12210=STYLED_ITEM('',(#25),#12211);
#12211=FACE_SURFACE('',(#12216),#12212,.T.);
#12212=PLANE('',#12213);
#12213=AXIS2_PLACEMENT_3D('',#387,#12214,#12215);
#12214=DIRECTION('',(0,-0.8946757874399494,0.4467160567616824));
#12215=DIRECTION('',(0.9340974663447583,0.15948571759975813,0.319415449297609));
#12216=FACE_BOUND('',#12217,.T.);
#12217=EDGE_LOOP('',(#12218,#12219,#12220));
#12218=ORIENTED_EDGE('',*,*,#12221,.T.);
#12219=ORIENTED_EDGE('',*,*,#12222,.T.);
#12220=ORIENTED_EDGE('',*,*,#12223,.T.);
#12221=EDGE_CURVE('',#388,#588,#12224,.F.);
#12222=EDGE_CURVE('',#588,#590,#12225,.T.);
#12223=EDGE_CURVE('',#590,#388,#12226,.T.);
#12224=LINE('',#387,#12227);
#12225=LINE('',#587,#12228);
#12226=LINE('',#589,#12229);
#12227=VECTOR('',#12230,1.0);
#12228=VECTOR('',#12231,1.0);
#12229=VECTOR('',#12232,1.0);
#12230=DIRECTION('',(0.9340974663447583,0.15948571759975813,0.319415449297609));
#12231=DIRECTION('',(-1,0,0));
#12232=DIRECTION('',(0,-0.44671605676168236,-0.8946757874399492));
#12233=STYLED_ITEM('',(#25),#12234);
#12234=FACE_SURFACE('',(#12239),#12235,.T.);
#12235=PLANE('',#12236);
#12236=AXIS2_PLACEMENT_3D('',#485,#12237,#12238);
#12237=DIRECTION('',(1,-0,0));
#12238=DIRECTION('',(0,0.5106395897132325,-0.8597948647308273));
#12239=FACE_BOUND('',#12240,.T.);
#12240=EDGE_LOOP('',(#12241,#12242,#12243));
#12241=ORIENTED_EDGE('',*,*,#12244,.T.);
#12242=ORIENTED_EDGE('',*,*,#12245,.T.);
#12243=ORIENTED_EDGE('',*,*,#12246,.T.);
#12244=EDGE_CURVE('',#486,#342,#12247,.F.);
#12245=EDGE_CURVE('',#342,#466,#12248,.T.);
#12246=EDGE_CURVE('',#466,#486,#12249,.T.);
#12247=LINE('',#485,#12250);
#12248=LINE('',#341,#12251);
#12249=LINE('',#465,#12252);
#12250=VECTOR('',#12253,1.0);
#12251=VECTOR('',#12254,1.0);
#12252=VECTOR('',#12255,1.0);
#12253=DIRECTION('',(0,0.5106395897132325,-0.8597948647308273));
#12254=DIRECTION('',(0,-0.44311142642077245,0.8964665435895243));
#12255=DIRECTION('',(0,-0.3766435246612658,-0.9263582759012511));
#12256=STYLED_ITEM('',(#25),#12257);
#12257=FACE_SURFACE('',(#12262),#12258,.T.);
#12258=PLANE('',#12259);
#12259=AXIS2_PLACEMENT_3D('',#465,#12260,#12261);
#12260=DIRECTION('',(1,0,0));
#12261=DIRECTION('',(0,0.44311142642077245,-0.8964665435895243));
#12262=FACE_BOUND('',#12263,.T.);
#12263=EDGE_LOOP('',(#12264,#12265,#12266));
#12264=ORIENTED_EDGE('',*,*,#12267,.T.);
#12265=ORIENTED_EDGE('',*,*,#12268,.T.);
#12266=ORIENTED_EDGE('',*,*,#12269,.T.);
#12267=EDGE_CURVE('',#466,#342,#12270,.F.);
#12268=EDGE_CURVE('',#342,#592,#12271,.T.);
#12269=EDGE_CURVE('',#592,#466,#12272,.T.);
#12270=LINE('',#465,#12273);
#12271=LINE('',#341,#12274);
#12272=LINE('',#591,#12275);
#12273=VECTOR('',#12276,1.0);
#12274=VECTOR('',#12277,1.0);
#12275=VECTOR('',#12278,1.0);
#12276=DIRECTION('',(0,0.44311142642077245,-0.8964665435895243));
#12277=DIRECTION('',(0,0.9820894981232324,-0.188415014465561));
#12278=DIRECTION('',(0,-0.9671953384110195,0.2540338114424804));
#12279=STYLED_ITEM('',(#25),#12280);
#12280=FACE_SURFACE('',(#12285),#12281,.T.);
#12281=PLANE('',#12282);
#12282=AXIS2_PLACEMENT_3D('',#465,#12283,#12284);
#12283=DIRECTION('',(1,-0,0));
#12284=DIRECTION('',(0,0.9671953384110195,-0.2540338114424804));
#12285=FACE_BOUND('',#12286,.T.);
#12286=EDGE_LOOP('',(#12287,#12288,#12289));
#12287=ORIENTED_EDGE('',*,*,#12290,.T.);
#12288=ORIENTED_EDGE('',*,*,#12291,.T.);
#12289=ORIENTED_EDGE('',*,*,#12292,.T.);
#12290=EDGE_CURVE('',#466,#592,#12293,.F.);
#12291=EDGE_CURVE('',#592,#588,#12294,.T.);
#12292=EDGE_CURVE('',#588,#466,#12295,.T.);
#12293=LINE('',#465,#12296);
#12294=LINE('',#591,#12297);
#12295=LINE('',#587,#12298);
#12296=VECTOR('',#12299,1.0);
#12297=VECTOR('',#12300,1.0);
#12298=VECTOR('',#12301,1.0);
#12299=DIRECTION('',(0,0.9671953384110195,-0.2540338114424804));
#12300=DIRECTION('',(0,-0.6177441791512818,0.786379125565213));
#12301=DIRECTION('',(0,-0.44671605676168236,-0.8946757874399492));
#12302=STYLED_ITEM('',(#25),#12303);
#12303=FACE_SURFACE('',(#12308),#12304,.T.);
#12304=PLANE('',#12305);
#12305=AXIS2_PLACEMENT_3D('',#587,#12306,#12307);
#12306=DIRECTION('',(1,0,0));
#12307=DIRECTION('',(0,0.6177441791512818,-0.786379125565213));
#12308=FACE_BOUND('',#12309,.T.);
#12309=EDGE_LOOP('',(#12310,#12311,#12312));
#12310=ORIENTED_EDGE('',*,*,#12313,.T.);
#12311=ORIENTED_EDGE('',*,*,#12314,.T.);
#12312=ORIENTED_EDGE('',*,*,#12315,.T.);
#12313=EDGE_CURVE('',#588,#592,#12316,.F.);
#12314=EDGE_CURVE('',#592,#594,#12317,.T.);
#12315=EDGE_CURVE('',#594,#588,#12318,.T.);
#12316=LINE('',#587,#12319);
#12317=LINE('',#591,#12320);
#12318=LINE('',#593,#12321);
#12319=VECTOR('',#12322,1.0);
#12320=VECTOR('',#12323,1.0);
#12321=VECTOR('',#12324,1.0);
#12322=DIRECTION('',(0,0.6177441791512818,-0.786379125565213));
#12323=DIRECTION('',(0,0.1884156546952643,0.9820893752942015));
#12324=DIRECTION('',(0,-0.9954649313185285,0.09512923060236197));
#12325=STYLED_ITEM('',(#25),#12326);
#12326=FACE_SURFACE('',(#12331),#12327,.T.);
#12327=PLANE('',#12328);
#12328=AXIS2_PLACEMENT_3D('',#587,#12329,#12330);
#12329=DIRECTION('',(1,-0,0));
#12330=DIRECTION('',(0,0.9954649313185285,-0.09512923060236197));
#12331=FACE_BOUND('',#12332,.T.);
#12332=EDGE_LOOP('',(#12333,#12334,#12335));
#12333=ORIENTED_EDGE('',*,*,#12336,.T.);
#12334=ORIENTED_EDGE('',*,*,#12337,.T.);
#12335=ORIENTED_EDGE('',*,*,#12338,.T.);
#12336=EDGE_CURVE('',#588,#594,#12339,.F.);
#12337=EDGE_CURVE('',#594,#596,#12340,.T.);
#12338=EDGE_CURVE('',#596,#588,#12341,.T.);
#12339=LINE('',#587,#12342);
#12340=LINE('',#593,#12343);
#12341=LINE('',#595,#12344);
#12342=VECTOR('',#12345,1.0);
#12343=VECTOR('',#12346,1.0);
#12344=VECTOR('',#12347,1.0);
#12345=DIRECTION('',(0,0.9954649313185285,-0.09512923060236197));
#12346=DIRECTION('',(0,-0.9820892052233108,0.1884165411630457));
#12347=DIRECTION('',(0,-0.8964625621654855,-0.44311948121888417));
#12348=STYLED_ITEM('',(#25),#12349);
#12349=FACE_SURFACE('',(#12354),#12350,.T.);
#12350=PLANE('',#12351);
#12351=AXIS2_PLACEMENT_3D('',#485,#12352,#12353);
#12352=DIRECTION('',(1,0,0));
#12353=DIRECTION('',(0,-0.23045152641718447,-0.9730838062428074));
#12354=FACE_BOUND('',#12355,.T.);
#12355=EDGE_LOOP('',(#12356,#12357,#12358));
#12356=ORIENTED_EDGE('',*,*,#12359,.T.);
#12357=ORIENTED_EDGE('',*,*,#12360,.T.);
#12358=ORIENTED_EDGE('',*,*,#12361,.T.);
#12359=EDGE_CURVE('',#486,#482,#12362,.F.);
#12360=EDGE_CURVE('',#482,#342,#12363,.T.);
#12361=EDGE_CURVE('',#342,#486,#12364,.T.);
#12362=LINE('',#485,#12365);
#12363=LINE('',#481,#12366);
#12364=LINE('',#341,#12367);
#12365=VECTOR('',#12368,1.0);
#12366=VECTOR('',#12369,1.0);
#12367=VECTOR('',#12370,1.0);
#12368=DIRECTION('',(0,-0.23045152641718447,-0.9730838062428074));
#12369=DIRECTION('',(0,0.5751423193158833,-0.8180533677774002));
#12370=DIRECTION('',(0,-0.5106395897132325,0.8597948647308273));
#12371=STYLED_ITEM('',(#25),#12372);
#12372=FACE_SURFACE('',(#12377),#12373,.T.);
#12373=PLANE('',#12374);
#12374=AXIS2_PLACEMENT_3D('',#341,#12375,#12376);
#12375=DIRECTION('',(1,0,0));
#12376=DIRECTION('',(0,-0.5751423193158833,0.8180533677774002));
#12377=FACE_BOUND('',#12378,.T.);
#12378=EDGE_LOOP('',(#12379,#12380,#12381));
#12379=ORIENTED_EDGE('',*,*,#12382,.T.);
#12380=ORIENTED_EDGE('',*,*,#12383,.T.);
#12381=ORIENTED_EDGE('',*,*,#12384,.T.);
#12382=EDGE_CURVE('',#342,#482,#12385,.F.);
#12383=EDGE_CURVE('',#482,#476,#12386,.T.);
#12384=EDGE_CURVE('',#476,#342,#12387,.T.);
#12385=LINE('',#341,#12388);
#12386=LINE('',#481,#12389);
#12387=LINE('',#475,#12390);
#12388=VECTOR('',#12391,1.0);
#12389=VECTOR('',#12392,1.0);
#12390=VECTOR('',#12393,1.0);
#12391=DIRECTION('',(0,-0.5751423193158833,0.8180533677774002));
#12392=DIRECTION('',(0,-0.07880124056887772,-0.9968903472723597));
#12393=DIRECTION('',(0,0.6362555371091503,-0.7714783804475318));
#12394=STYLED_ITEM('',(#25),#12395);
#12395=FACE_SURFACE('',(#12400),#12396,.T.);
#12396=PLANE('',#12397);
#12397=AXIS2_PLACEMENT_3D('',#341,#12398,#12399);
#12398=DIRECTION('',(1,0,0));
#12399=DIRECTION('',(0,-0.6362555371091503,0.7714783804475318));
#12400=FACE_BOUND('',#12401,.T.);
#12401=EDGE_LOOP('',(#12402,#12403,#12404));
#12402=ORIENTED_EDGE('',*,*,#12405,.T.);
#12403=ORIENTED_EDGE('',*,*,#12406,.T.);
#12404=ORIENTED_EDGE('',*,*,#12407,.T.);
#12405=EDGE_CURVE('',#342,#476,#12408,.F.);
#12406=EDGE_CURVE('',#476,#468,#12409,.T.);
#12407=EDGE_CURVE('',#468,#342,#12410,.T.);
#12408=LINE('',#341,#12411);
#12409=LINE('',#475,#12412);
#12410=LINE('',#467,#12413);
#12411=VECTOR('',#12414,1.0);
#12412=VECTOR('',#12415,1.0);
#12413=VECTOR('',#12416,1.0);
#12414=DIRECTION('',(0,-0.6362555371091503,0.7714783804475318));
#12415=DIRECTION('',(0,0.07484925534706513,-0.9971948600820151));
#12416=DIRECTION('',(0,0.693587033128148,-0.7203728392134822));
#12417=STYLED_ITEM('',(#25),#12418);
#12418=FACE_SURFACE('',(#12423),#12419,.T.);
#12419=PLANE('',#12420);
#12420=AXIS2_PLACEMENT_3D('',#467,#12421,#12422);
#12421=DIRECTION('',(1,0,0));
#12422=DIRECTION('',(0,0.22650691633484135,-0.9740095568589052));
#12423=FACE_BOUND('',#12424,.T.);
#12424=EDGE_LOOP('',(#12425,#12426,#12427));
#12425=ORIENTED_EDGE('',*,*,#12428,.T.);
#12426=ORIENTED_EDGE('',*,*,#12429,.T.);
#12427=ORIENTED_EDGE('',*,*,#12430,.T.);
#12428=EDGE_CURVE('',#468,#456,#12431,.F.);
#12429=EDGE_CURVE('',#456,#342,#12432,.T.);
#12430=EDGE_CURVE('',#342,#468,#12433,.T.);
#12431=LINE('',#467,#12434);
#12432=LINE('',#455,#12435);
#12433=LINE('',#341,#12436);
#12434=VECTOR('',#12437,1.0);
#12435=VECTOR('',#12438,1.0);
#12436=VECTOR('',#12439,1.0);
#12437=DIRECTION('',(0,0.22650691633484135,-0.9740095568589052));
#12438=DIRECTION('',(0,0.7468405416359375,-0.6650031619240164));
#12439=DIRECTION('',(0,-0.693587033128148,0.7203728392134822));
#12440=STYLED_ITEM('',(#25),#12441);
#12441=FACE_SURFACE('',(#12446),#12442,.T.);
#12442=PLANE('',#12443);
#12443=AXIS2_PLACEMENT_3D('',#341,#12444,#12445);
#12444=DIRECTION('',(1,0,0));
#12445=DIRECTION('',(0,-0.7468405416359375,0.6650031619240164));
#12446=FACE_BOUND('',#12447,.T.);
#12447=EDGE_LOOP('',(#12448,#12449,#12450));
#12448=ORIENTED_EDGE('',*,*,#12451,.T.);
#12449=ORIENTED_EDGE('',*,*,#12452,.T.);
#12450=ORIENTED_EDGE('',*,*,#12453,.T.);
#12451=EDGE_CURVE('',#342,#456,#12454,.F.);
#12452=EDGE_CURVE('',#456,#444,#12455,.T.);
#12453=EDGE_CURVE('',#444,#342,#12456,.T.);
#12454=LINE('',#341,#12457);
#12455=LINE('',#455,#12458);
#12456=LINE('',#443,#12459);
#12457=VECTOR('',#12460,1.0);
#12458=VECTOR('',#12461,1.0);
#12459=VECTOR('',#12462,1.0);
#12460=DIRECTION('',(0,-0.7468405416359375,0.6650031619240164));
#12461=DIRECTION('',(0,0.3729316857926528,-0.9278588026913631));
#12462=DIRECTION('',(0,0.795711911258337,-0.6056752878247589));
#12463=STYLED_ITEM('',(#25),#12464);
#12464=FACE_SURFACE('',(#12469),#12465,.T.);
#12465=PLANE('',#12466);
#12466=AXIS2_PLACEMENT_3D('',#341,#12467,#12468);
#12467=DIRECTION('',(1,0,0));
#12468=DIRECTION('',(0,-0.795711911258337,0.6056752878247589));
#12469=FACE_BOUND('',#12470,.T.);
#12470=EDGE_LOOP('',(#12471,#12472,#12473));
#12471=ORIENTED_EDGE('',*,*,#12474,.T.);
#12472=ORIENTED_EDGE('',*,*,#12475,.T.);
#12473=ORIENTED_EDGE('',*,*,#12476,.T.);
#12474=EDGE_CURVE('',#342,#444,#12477,.F.);
#12475=EDGE_CURVE('',#444,#430,#12478,.T.);
#12476=EDGE_CURVE('',#430,#342,#12479,.T.);
#12477=LINE('',#341,#12480);
#12478=LINE('',#443,#12481);
#12479=LINE('',#429,#12482);
#12480=VECTOR('',#12483,1.0);
#12481=VECTOR('',#12484,1.0);
#12482=VECTOR('',#12485,1.0);
#12483=DIRECTION('',(0,-0.795711911258337,0.6056752878247589));
#12484=DIRECTION('',(0,0.5106030433367261,-0.859816568888547));
#12485=DIRECTION('',(0,0.8398692767435068,-0.5427887231532531));
#12486=STYLED_ITEM('',(#25),#12487);
#12487=FACE_SURFACE('',(#12492),#12488,.T.);
#12488=PLANE('',#12489);
#12489=AXIS2_PLACEMENT_3D('',#429,#12490,#12491);
#12490=DIRECTION('',(1,0,0));
#12491=DIRECTION('',(0,0.6363829547955637,-0.7713732785400772));
#12492=FACE_BOUND('',#12493,.T.);
#12493=EDGE_LOOP('',(#12494,#12495,#12496));
#12494=ORIENTED_EDGE('',*,*,#12497,.T.);
#12495=ORIENTED_EDGE('',*,*,#12498,.T.);
#12496=ORIENTED_EDGE('',*,*,#12499,.T.);
#12497=EDGE_CURVE('',#430,#420,#12500,.F.);
#12498=EDGE_CURVE('',#420,#342,#12501,.T.);
#12499=EDGE_CURVE('',#342,#430,#12502,.T.);
#12500=LINE('',#429,#12503);
#12501=LINE('',#419,#12504);
#12502=LINE('',#341,#12505);
#12503=VECTOR('',#12506,1.0);
#12504=VECTOR('',#12507,1.0);
#12505=VECTOR('',#12508,1.0);
#12506=DIRECTION('',(0,0.6363829547955637,-0.7713732785400772));
#12507=DIRECTION('',(0,0.8790340049520041,-0.4767590776671589));
#12508=DIRECTION('',(0,-0.8398692767435068,0.5427887231532531));
#12509=STYLED_ITEM('',(#25),#12510);
#12510=FACE_SURFACE('',(#12515),#12511,.T.);
#12511=PLANE('',#12512);
#12512=AXIS2_PLACEMENT_3D('',#341,#12513,#12514);
#12513=DIRECTION('',(1,0,0));
#12514=DIRECTION('',(0,-0.8790340049520041,0.4767590776671589));
#12515=FACE_BOUND('',#12516,.T.);
#12516=EDGE_LOOP('',(#12517,#12518,#12519));
#12517=ORIENTED_EDGE('',*,*,#12520,.T.);
#12518=ORIENTED_EDGE('',*,*,#12521,.T.);
#12519=ORIENTED_EDGE('',*,*,#12522,.T.);
#12520=EDGE_CURVE('',#342,#420,#12523,.F.);
#12521=EDGE_CURVE('',#420,#422,#12524,.T.);
#12522=EDGE_CURVE('',#422,#342,#12525,.T.);
#12523=LINE('',#341,#12526);
#12524=LINE('',#419,#12527);
#12525=LINE('',#421,#12528);
#12526=VECTOR('',#12529,1.0);
#12527=VECTOR('',#12530,1.0);
#12528=VECTOR('',#12531,1.0);
#12529=DIRECTION('',(0,-0.8790340049520041,0.4767590776671589));
#12530=DIRECTION('',(0,0.7468608189307895,-0.6649803885424219));
#12531=DIRECTION('',(0,0.9130388710642351,-0.4078725535332662));
#12532=STYLED_ITEM('',(#25),#12533);
#12533=FACE_SURFACE('',(#12538),#12534,.T.);
#12534=PLANE('',#12535);
#12535=AXIS2_PLACEMENT_3D('',#341,#12536,#12537);
#12536=DIRECTION('',(1,0,0));
#12537=DIRECTION('',(0,-0.9130388710642351,0.4078725535332662));
#12538=FACE_BOUND('',#12539,.T.);
#12539=EDGE_LOOP('',(#12540,#12541,#12542));
#12540=ORIENTED_EDGE('',*,*,#12543,.T.);
#12541=ORIENTED_EDGE('',*,*,#12544,.T.);
#12542=ORIENTED_EDGE('',*,*,#12545,.T.);
#12543=EDGE_CURVE('',#342,#422,#12546,.F.);
#12544=EDGE_CURVE('',#422,#426,#12547,.T.);
#12545=EDGE_CURVE('',#426,#342,#12548,.T.);
#12546=LINE('',#341,#12549);
#12547=LINE('',#421,#12550);
#12548=LINE('',#425,#12551);
#12549=VECTOR('',#12552,1.0);
#12550=VECTOR('',#12553,1.0);
#12551=VECTOR('',#12554,1.0);
#12552=DIRECTION('',(0,-0.9130388710642351,0.4078725535332662));
#12553=DIRECTION('',(0,0.839764720473634,-0.5429504712658781));
#12554=DIRECTION('',(0,0.9416821366679003,-0.336503719861427));
#12555=STYLED_ITEM('',(#25),#12556);
#12556=FACE_SURFACE('',(#12561),#12557,.T.);
#12557=PLANE('',#12558);
#12558=AXIS2_PLACEMENT_3D('',#425,#12559,#12560);
#12559=DIRECTION('',(1,0,0));
#12560=DIRECTION('',(0,0.9130394232627804,-0.4078713174126974));
#12561=FACE_BOUND('',#12562,.T.);
#12562=EDGE_LOOP('',(#12563,#12564,#12565));
#12563=ORIENTED_EDGE('',*,*,#12566,.T.);
#12564=ORIENTED_EDGE('',*,*,#12567,.T.);
#12565=ORIENTED_EDGE('',*,*,#12568,.T.);
#12566=EDGE_CURVE('',#426,#338,#12569,.F.);
#12567=EDGE_CURVE('',#338,#342,#12570,.T.);
#12568=EDGE_CURVE('',#342,#426,#12571,.T.);
#12569=LINE('',#425,#12572);
#12570=LINE('',#337,#12573);
#12571=LINE('',#341,#12574);
#12572=VECTOR('',#12575,1.0);
#12573=VECTOR('',#12576,1.0);
#12574=VECTOR('',#12577,1.0);
#12575=DIRECTION('',(0,0.9130394232627804,-0.4078713174126974));
#12576=DIRECTION('',(0,0.9647546473638932,-0.2631510410197352));
#12577=DIRECTION('',(0,-0.9416821366679003,0.336503719861427));
#12578=STYLED_ITEM('',(#25),#12579);
#12579=FACE_SURFACE('',(#12584),#12580,.T.);
#12580=PLANE('',#12581);
#12581=AXIS2_PLACEMENT_3D('',#597,#12582,#12583);
#12582=DIRECTION('',(1,0,0));
#12583=DIRECTION('',(0,-0.9996464657088714,-0.026588410929617348));
#12584=FACE_BOUND('',#12585,.T.);
#12585=EDGE_LOOP('',(#12586,#12587,#12588));
#12586=ORIENTED_EDGE('',*,*,#12589,.T.);
#12587=ORIENTED_EDGE('',*,*,#12590,.T.);
#12588=ORIENTED_EDGE('',*,*,#12591,.T.);
#12589=EDGE_CURVE('',#598,#600,#12592,.F.);
#12590=EDGE_CURVE('',#600,#596,#12593,.T.);
#12591=EDGE_CURVE('',#596,#598,#12594,.T.);
#12592=LINE('',#597,#12595);
#12593=LINE('',#599,#12596);
#12594=LINE('',#595,#12597);
#12595=VECTOR('',#12598,1.0);
#12596=VECTOR('',#12599,1.0);
#12597=VECTOR('',#12600,1.0);
#12598=DIRECTION('',(0,-0.9996464657088714,-0.026588410929617348));
#12599=DIRECTION('',(0,0.9996243034088208,-0.02740897725982679));
#12600=DIRECTION('',(0,-0.9908452001697259,0.1350029233039632));
#12601=STYLED_ITEM('',(#25),#12602);
#12602=FACE_SURFACE('',(#12607),#12603,.T.);
#12603=PLANE('',#12604);
#12604=AXIS2_PLACEMENT_3D('',#595,#12605,#12606);
#12605=DIRECTION('',(1,0,0));
#12606=DIRECTION('',(0,-0.9996243034088208,0.02740897725982679));
#12607=FACE_BOUND('',#12608,.T.);
#12608=EDGE_LOOP('',(#12609,#12610,#12611));
#12609=ORIENTED_EDGE('',*,*,#12612,.T.);
#12610=ORIENTED_EDGE('',*,*,#12613,.T.);
#12611=ORIENTED_EDGE('',*,*,#12614,.T.);
#12612=EDGE_CURVE('',#596,#600,#12615,.F.);
#12613=EDGE_CURVE('',#600,#602,#12616,.T.);
#12614=EDGE_CURVE('',#602,#596,#12617,.T.);
#12615=LINE('',#595,#12618);
#12616=LINE('',#599,#12619);
#12617=LINE('',#601,#12620);
#12618=VECTOR('',#12621,1.0);
#12619=VECTOR('',#12622,1.0);
#12620=VECTOR('',#12623,1.0);
#12621=DIRECTION('',(0,-0.9996243034088208,0.02740897725982679));
#12622=DIRECTION('',(0,-0.982204828737767,-0.18781287070968733));
#12623=DIRECTION('',(0,0.9996442168544303,0.026672827174727312));
#12624=STYLED_ITEM('',(#25),#12625);
#12625=FACE_SURFACE('',(#12630),#12626,.T.);
#12626=PLANE('',#12627);
#12627=AXIS2_PLACEMENT_3D('',#595,#12628,#12629);
#12628=DIRECTION('',(1,0,0));
#12629=DIRECTION('',(0,-0.9996442168544303,-0.026672827174727312));
#12630=FACE_BOUND('',#12631,.T.);
#12631=EDGE_LOOP('',(#12632,#12633,#12634));
#12632=ORIENTED_EDGE('',*,*,#12635,.T.);
#12633=ORIENTED_EDGE('',*,*,#12636,.T.);
#12634=ORIENTED_EDGE('',*,*,#12637,.T.);
#12635=EDGE_CURVE('',#596,#602,#12638,.F.);
#12636=EDGE_CURVE('',#602,#604,#12639,.T.);
#12637=EDGE_CURVE('',#604,#596,#12640,.T.);
#12638=LINE('',#595,#12641);
#12639=LINE('',#601,#12642);
#12640=LINE('',#603,#12643);
#12641=VECTOR('',#12644,1.0);
#12642=VECTOR('',#12645,1.0);
#12643=VECTOR('',#12646,1.0);
#12644=DIRECTION('',(0,-0.9996442168544303,-0.026672827174727312));
#12645=DIRECTION('',(0,-0.9563148366503985,-0.29233873024681756));
#12646=DIRECTION('',(0,0.9967476854195645,0.08058567869504507));
#12647=STYLED_ITEM('',(#25),#12648);
#12648=FACE_SURFACE('',(#12653),#12649,.T.);
#12649=PLANE('',#12650);
#12650=AXIS2_PLACEMENT_3D('',#597,#12651,#12652);
#12651=DIRECTION('',(1,0,0));
#12652=DIRECTION('',(0,-0.9996246413628824,0.02739664906751419));
#12653=FACE_BOUND('',#12654,.T.);
#12654=EDGE_LOOP('',(#12655,#12656,#12657));
#12655=ORIENTED_EDGE('',*,*,#12658,.T.);
#12656=ORIENTED_EDGE('',*,*,#12659,.T.);
#12657=ORIENTED_EDGE('',*,*,#12660,.T.);
#12658=EDGE_CURVE('',#598,#606,#12661,.F.);
#12659=EDGE_CURVE('',#606,#600,#12662,.T.);
#12660=EDGE_CURVE('',#600,#598,#12663,.T.);
#12661=LINE('',#597,#12664);
#12662=LINE('',#605,#12665);
#12663=LINE('',#599,#12666);
#12664=VECTOR('',#12667,1.0);
#12665=VECTOR('',#12668,1.0);
#12666=VECTOR('',#12669,1.0);
#12667=DIRECTION('',(0,-0.9996246413628824,0.02739664906751419));
#12668=DIRECTION('',(0,-0.9967548232719304,-0.08049734333593091));
#12669=DIRECTION('',(0,0.9996464657088714,0.026588410929617348));
#12670=STYLED_ITEM('',(#25),#12671);
#12671=FACE_SURFACE('',(#12676),#12672,.T.);
#12672=PLANE('',#12673);
#12673=AXIS2_PLACEMENT_3D('',#603,#12674,#12675);
#12674=DIRECTION('',(1,-0,0));
#12675=DIRECTION('',(0,-0.9190098607356442,-0.3942345442381376));
#12676=FACE_BOUND('',#12677,.T.);
#12677=EDGE_LOOP('',(#12678,#12679,#12680));
#12678=ORIENTED_EDGE('',*,*,#12681,.T.);
#12679=ORIENTED_EDGE('',*,*,#12682,.T.);
#12680=ORIENTED_EDGE('',*,*,#12683,.T.);
#12681=EDGE_CURVE('',#604,#608,#12684,.F.);
#12682=EDGE_CURVE('',#608,#596,#12685,.T.);
#12683=EDGE_CURVE('',#596,#604,#12686,.T.);
#12684=LINE('',#603,#12687);
#12685=LINE('',#607,#12688);
#12686=LINE('',#595,#12689);
#12687=VECTOR('',#12690,1.0);
#12688=VECTOR('',#12691,1.0);
#12689=VECTOR('',#12692,1.0);
#12690=DIRECTION('',(0,-0.9190098607356442,-0.3942345442381376));
#12691=DIRECTION('',(0,0.9909320881801383,0.13436367297357807));
#12692=DIRECTION('',(0,-0.9967476854195645,-0.08058567869504507));
#12693=STYLED_ITEM('',(#25),#12694);
#12694=FACE_SURFACE('',(#12699),#12695,.T.);
#12695=PLANE('',#12696);
#12696=AXIS2_PLACEMENT_3D('',#595,#12697,#12698);
#12697=DIRECTION('',(1,0,0));
#12698=DIRECTION('',(0,-0.9909320881801383,-0.13436367297357807));
#12699=FACE_BOUND('',#12700,.T.);
#12700=EDGE_LOOP('',(#12701,#12702,#12703));
#12701=ORIENTED_EDGE('',*,*,#12704,.T.);
#12702=ORIENTED_EDGE('',*,*,#12705,.T.);
#12703=ORIENTED_EDGE('',*,*,#12706,.T.);
#12704=EDGE_CURVE('',#596,#608,#12707,.F.);
#12705=EDGE_CURVE('',#608,#610,#12708,.T.);
#12706=EDGE_CURVE('',#610,#596,#12709,.T.);
#12707=LINE('',#595,#12710);
#12708=LINE('',#607,#12711);
#12709=LINE('',#609,#12712);
#12710=VECTOR('',#12713,1.0);
#12711=VECTOR('',#12714,1.0);
#12712=VECTOR('',#12715,1.0);
#12713=DIRECTION('',(0,-0.9909320881801383,-0.13436367297357807));
#12714=DIRECTION('',(0,-0.8712170035534862,-0.4908980879156943));
#12715=DIRECTION('',(0,0.9822266728575794,0.18769859649749632));
#12716=STYLED_ITEM('',(#25),#12717);
#12717=FACE_SURFACE('',(#12722),#12718,.T.);
#12718=PLANE('',#12719);
#12719=AXIS2_PLACEMENT_3D('',#595,#12720,#12721);
#12720=DIRECTION('',(1,0,0));
#12721=DIRECTION('',(0,-0.9822266728575794,-0.18769859649749632));
#12722=FACE_BOUND('',#12723,.T.);
#12723=EDGE_LOOP('',(#12724,#12725,#12726));
#12724=ORIENTED_EDGE('',*,*,#12727,.T.);
#12725=ORIENTED_EDGE('',*,*,#12728,.T.);
#12726=ORIENTED_EDGE('',*,*,#12729,.T.);
#12727=EDGE_CURVE('',#596,#610,#12730,.F.);
#12728=EDGE_CURVE('',#610,#612,#12731,.T.);
#12729=EDGE_CURVE('',#612,#596,#12732,.T.);
#12730=LINE('',#595,#12733);
#12731=LINE('',#609,#12734);
#12732=LINE('',#611,#12735);
#12733=VECTOR('',#12736,1.0);
#12734=VECTOR('',#12737,1.0);
#12735=VECTOR('',#12738,1.0);
#12736=DIRECTION('',(0,-0.9822266728575794,-0.18769859649749632));
#12737=DIRECTION('',(0,-0.8131462800541467,-0.5820593846284957));
#12738=DIRECTION('',(0,0.9706501143280384,0.24049606141258512));
#12739=STYLED_ITEM('',(#25),#12740);
#12740=FACE_SURFACE('',(#12745),#12741,.T.);
#12741=PLANE('',#12742);
#12742=AXIS2_PLACEMENT_3D('',#611,#12743,#12744);
#12743=DIRECTION('',(1,-0,0));
#12744=DIRECTION('',(0,-0.7456770016604691,-0.6663075935291843));
#12745=FACE_BOUND('',#12746,.T.);
#12746=EDGE_LOOP('',(#12747,#12748,#12749));
#12747=ORIENTED_EDGE('',*,*,#12750,.T.);
#12748=ORIENTED_EDGE('',*,*,#12751,.T.);
#12749=ORIENTED_EDGE('',*,*,#12752,.T.);
#12750=EDGE_CURVE('',#612,#614,#12753,.F.);
#12751=EDGE_CURVE('',#614,#596,#12754,.T.);
#12752=EDGE_CURVE('',#596,#612,#12755,.T.);
#12753=LINE('',#611,#12756);
#12754=LINE('',#613,#12757);
#12755=LINE('',#595,#12758);
#12756=VECTOR('',#12759,1.0);
#12757=VECTOR('',#12760,1.0);
#12758=VECTOR('',#12761,1.0);
#12759=DIRECTION('',(0,-0.7456770016604691,-0.6663075935291843));
#12760=DIRECTION('',(0,0.9562435706418315,0.292571758046057));
#12761=DIRECTION('',(0,-0.9706501143280384,-0.24049606141258512));
#12762=STYLED_ITEM('',(#25),#12763);
#12763=FACE_SURFACE('',(#12768),#12764,.T.);
#12764=PLANE('',#12765);
#12765=AXIS2_PLACEMENT_3D('',#595,#12766,#12767);
#12766=DIRECTION('',(1,0,0));
#12767=DIRECTION('',(0,-0.9562435706418315,-0.292571758046057));
#12768=FACE_BOUND('',#12769,.T.);
#12769=EDGE_LOOP('',(#12770,#12771,#12772));
#12770=ORIENTED_EDGE('',*,*,#12773,.T.);
#12771=ORIENTED_EDGE('',*,*,#12774,.T.);
#12772=ORIENTED_EDGE('',*,*,#12775,.T.);
#12773=EDGE_CURVE('',#596,#614,#12776,.F.);
#12774=EDGE_CURVE('',#614,#616,#12777,.T.);
#12775=EDGE_CURVE('',#616,#596,#12778,.T.);
#12776=LINE('',#595,#12779);
#12777=LINE('',#613,#12780);
#12778=LINE('',#615,#12781);
#12779=VECTOR('',#12782,1.0);
#12780=VECTOR('',#12783,1.0);
#12781=VECTOR('',#12784,1.0);
#12782=DIRECTION('',(0,-0.9562435706418315,-0.292571758046057));
#12783=DIRECTION('',(0,-0.6694327664681998,-0.7428726480216732));
#12784=DIRECTION('',(0,0.9390448843399187,0.3437945683035562));
#12785=STYLED_ITEM('',(#25),#12786);
#12786=FACE_SURFACE('',(#12791),#12787,.T.);
#12787=PLANE('',#12788);
#12788=AXIS2_PLACEMENT_3D('',#595,#12789,#12790);
#12789=DIRECTION('',(1,0,0));
#12790=DIRECTION('',(0,-0.9390448843399187,-0.3437945683035562));
#12791=FACE_BOUND('',#12792,.T.);
#12792=EDGE_LOOP('',(#12793,#12794,#12795));
#12793=ORIENTED_EDGE('',*,*,#12796,.T.);
#12794=ORIENTED_EDGE('',*,*,#12797,.T.);
#12795=ORIENTED_EDGE('',*,*,#12798,.T.);
#12796=EDGE_CURVE('',#596,#616,#12799,.F.);
#12797=EDGE_CURVE('',#616,#618,#12800,.T.);
#12798=EDGE_CURVE('',#618,#596,#12801,.T.);
#12799=LINE('',#595,#12802);
#12800=LINE('',#615,#12803);
#12801=LINE('',#617,#12804);
#12802=VECTOR('',#12805,1.0);
#12803=VECTOR('',#12806,1.0);
#12804=VECTOR('',#12807,1.0);
#12805=DIRECTION('',(0,-0.9390448843399187,-0.3437945683035562));
#12806=DIRECTION('',(0,-0.5852585161299441,-0.810846760675145));
#12807=DIRECTION('',(0,0.9190967654031603,0.3940318969645072));
#12808=STYLED_ITEM('',(#25),#12809);
#12809=FACE_SURFACE('',(#12814),#12810,.T.);
#12810=PLANE('',#12811);
#12811=AXIS2_PLACEMENT_3D('',#617,#12812,#12813);
#12812=DIRECTION('',(1,-0,0));
#12813=DIRECTION('',(0,-0.49435871365054657,-0.8692579952107297));
#12814=FACE_BOUND('',#12815,.T.);
#12815=EDGE_LOOP('',(#12816,#12817,#12818));
#12816=ORIENTED_EDGE('',*,*,#12819,.T.);
#12817=ORIENTED_EDGE('',*,*,#12820,.T.);
#12818=ORIENTED_EDGE('',*,*,#12821,.T.);
#12819=EDGE_CURVE('',#618,#588,#12822,.F.);
#12820=EDGE_CURVE('',#588,#596,#12823,.T.);
#12821=EDGE_CURVE('',#596,#618,#12824,.T.);
#12822=LINE('',#617,#12825);
#12823=LINE('',#587,#12826);
#12824=LINE('',#595,#12827);
#12825=VECTOR('',#12828,1.0);
#12826=VECTOR('',#12829,1.0);
#12827=VECTOR('',#12830,1.0);
#12828=DIRECTION('',(0,-0.49435871365054657,-0.8692579952107297));
#12829=DIRECTION('',(0,0.8964625621654855,0.44311948121888417));
#12830=DIRECTION('',(0,-0.9190967654031603,-0.3940318969645072));
#12831=STYLED_ITEM('',(#25),#12832);
#12832=FACE_SURFACE('',(#12837),#12833,.T.);
#12833=PLANE('',#12834);
#12834=AXIS2_PLACEMENT_3D('',#617,#12835,#12836);
#12835=DIRECTION('',(0,-0.8692579952107298,0.49435871365054657));
#12836=DIRECTION('',(-1,0,0));
#12837=FACE_BOUND('',#12838,.T.);
#12838=EDGE_LOOP('',(#12839,#12840,#12841));
#12839=ORIENTED_EDGE('',*,*,#12842,.T.);
#12840=ORIENTED_EDGE('',*,*,#12843,.T.);
#12841=ORIENTED_EDGE('',*,*,#12844,.T.);
#12842=EDGE_CURVE('',#618,#620,#12845,.F.);
#12843=EDGE_CURVE('',#620,#588,#12846,.T.);
#12844=EDGE_CURVE('',#588,#618,#12847,.T.);
#12845=LINE('',#617,#12848);
#12846=LINE('',#619,#12849);
#12847=LINE('',#587,#12850);
#12848=VECTOR('',#12851,1.0);
#12849=VECTOR('',#12852,1.0);
#12850=VECTOR('',#12853,1.0);
#12851=DIRECTION('',(-1,0,0));
#12852=DIRECTION('',(0.9989507830653227,-0.022639972238436744,-0.03980910285627438));
#12853=DIRECTION('',(0,0.49435871365054657,0.8692579952107297));
#12854=STYLED_ITEM('',(#25),#12855);
#12855=FACE_SURFACE('',(#12860),#12856,.T.);
#12856=PLANE('',#12857);
#12857=AXIS2_PLACEMENT_3D('',#587,#12858,#12859);
#12858=DIRECTION('',(0,-0.8692579952107296,0.4943587136505465));
#12859=DIRECTION('',(-0.9989507830653227,0.022639972238436744,0.03980910285627438));
#12860=FACE_BOUND('',#12861,.T.);
#12861=EDGE_LOOP('',(#12862,#12863,#12864));
#12862=ORIENTED_EDGE('',*,*,#12865,.T.);
#12863=ORIENTED_EDGE('',*,*,#12866,.T.);
#12864=ORIENTED_EDGE('',*,*,#12867,.T.);
#12865=EDGE_CURVE('',#588,#620,#12868,.F.);
#12866=EDGE_CURVE('',#620,#622,#12869,.T.);
#12867=EDGE_CURVE('',#622,#588,#12870,.T.);
#12868=LINE('',#587,#12871);
#12869=LINE('',#619,#12872);
#12870=LINE('',#621,#12873);
#12871=VECTOR('',#12874,1.0);
#12872=VECTOR('',#12875,1.0);
#12873=VECTOR('',#12876,1.0);
#12874=DIRECTION('',(-0.9989507830653227,0.022639972238436744,0.03980910285627438));
#12875=DIRECTION('',(-1,0,0));
#12876=DIRECTION('',(0.9997373862773492,-0.011328890641846176,-0.019920208737847778));
#12877=STYLED_ITEM('',(#25),#12878);
#12878=FACE_SURFACE('',(#12883),#12879,.T.);
#12879=PLANE('',#12880);
#12880=AXIS2_PLACEMENT_3D('',#587,#12881,#12882);
#12881=DIRECTION('',(0,-0.8692579952107298,0.49435871365054657));
#12882=DIRECTION('',(-0.9997373862773492,0.011328890641846176,0.019920208737847778));
#12883=FACE_BOUND('',#12884,.T.);
#12884=EDGE_LOOP('',(#12885,#12886,#12887));
#12885=ORIENTED_EDGE('',*,*,#12888,.T.);
#12886=ORIENTED_EDGE('',*,*,#12889,.T.);
#12887=ORIENTED_EDGE('',*,*,#12890,.T.);
#12888=EDGE_CURVE('',#588,#622,#12891,.F.);
#12889=EDGE_CURVE('',#622,#624,#12892,.T.);
#12890=EDGE_CURVE('',#624,#588,#12893,.T.);
#12891=LINE('',#587,#12894);
#12892=LINE('',#621,#12895);
#12893=LINE('',#623,#12896);
#12894=VECTOR('',#12897,1.0);
#12895=VECTOR('',#12898,1.0);
#12896=VECTOR('',#12899,1.0);
#12897=DIRECTION('',(-0.9997373862773492,0.011328890641846176,0.019920208737847778));
#12898=DIRECTION('',(-1,0,0));
#12899=DIRECTION('',(0.9998832571800398,-0.007553697791752365,-0.013282080435883336));
#12900=STYLED_ITEM('',(#25),#12901);
#12901=FACE_SURFACE('',(#12906),#12902,.T.);
#12902=PLANE('',#12903);
#12903=AXIS2_PLACEMENT_3D('',#623,#12904,#12905);
#12904=DIRECTION('',(0,-0.810846760675145,0.5852585161299441));
#12905=DIRECTION('',(1,0,0));
#12906=FACE_BOUND('',#12907,.T.);
#12907=EDGE_LOOP('',(#12908,#12909,#12910));
#12908=ORIENTED_EDGE('',*,*,#12911,.T.);
#12909=ORIENTED_EDGE('',*,*,#12912,.T.);
#12910=ORIENTED_EDGE('',*,*,#12913,.T.);
#12911=EDGE_CURVE('',#624,#622,#12914,.F.);
#12912=EDGE_CURVE('',#622,#626,#12915,.T.);
#12913=EDGE_CURVE('',#626,#624,#12916,.T.);
#12914=LINE('',#623,#12917);
#12915=LINE('',#621,#12918);
#12916=LINE('',#625,#12919);
#12917=VECTOR('',#12920,1.0);
#12918=VECTOR('',#12921,1.0);
#12919=VECTOR('',#12922,1.0);
#12920=DIRECTION('',(1,0,0));
#12921=DIRECTION('',(-0.9989509061487983,0.02680130719892083,0.0371318870638686));
#12922=DIRECTION('',(0,-0.5852585161299441,-0.810846760675145));
#12923=STYLED_ITEM('',(#25),#12924);
#12924=FACE_SURFACE('',(#12929),#12925,.T.);
#12925=PLANE('',#12926);
#12926=AXIS2_PLACEMENT_3D('',#623,#12927,#12928);
#12927=DIRECTION('',(0,-0.8108467606751452,0.5852585161299442));
#12928=DIRECTION('',(0,0.5852585161299441,0.810846760675145));
#12929=FACE_BOUND('',#12930,.T.);
#12930=EDGE_LOOP('',(#12931,#12932,#12933));
#12931=ORIENTED_EDGE('',*,*,#12934,.T.);
#12932=ORIENTED_EDGE('',*,*,#12935,.T.);
#12933=ORIENTED_EDGE('',*,*,#12936,.T.);
#12934=EDGE_CURVE('',#624,#626,#12937,.F.);
#12935=EDGE_CURVE('',#626,#628,#12938,.T.);
#12936=EDGE_CURVE('',#628,#624,#12939,.T.);
#12937=LINE('',#623,#12940);
#12938=LINE('',#625,#12941);
#12939=LINE('',#627,#12942);
#12940=VECTOR('',#12943,1.0);
#12941=VECTOR('',#12944,1.0);
#12942=VECTOR('',#12945,1.0);
#12943=DIRECTION('',(0,0.5852585161299441,0.810846760675145));
#12944=DIRECTION('',(-1,0,0));
#12945=DIRECTION('',(0.9989509095391071,-0.02680126391533202,-0.037131827096594634));
#12946=STYLED_ITEM('',(#25),#12947);
#12947=FACE_SURFACE('',(#12952),#12948,.T.);
#12948=PLANE('',#12949);
#12949=AXIS2_PLACEMENT_3D('',#627,#12950,#12951);
#12950=DIRECTION('',(0,-0.7428726480216732,0.6694327664681998));
#12951=DIRECTION('',(1,0,0));
#12952=FACE_BOUND('',#12953,.T.);
#12953=EDGE_LOOP('',(#12954,#12955,#12956));
#12954=ORIENTED_EDGE('',*,*,#12957,.T.);
#12955=ORIENTED_EDGE('',*,*,#12958,.T.);
#12956=ORIENTED_EDGE('',*,*,#12959,.T.);
#12957=EDGE_CURVE('',#628,#626,#12960,.F.);
#12958=EDGE_CURVE('',#626,#630,#12961,.T.);
#12959=EDGE_CURVE('',#630,#628,#12962,.T.);
#12960=LINE('',#627,#12963);
#12961=LINE('',#625,#12964);
#12962=LINE('',#629,#12965);
#12963=VECTOR('',#12966,1.0);
#12964=VECTOR('',#12967,1.0);
#12965=VECTOR('',#12968,1.0);
#12966=DIRECTION('',(1,0,0));
#12967=DIRECTION('',(-0.9989511652874148,0.030652195314886107,0.034014883408502304));
#12968=DIRECTION('',(0,-0.6694327664681998,-0.7428726480216732));
#12969=STYLED_ITEM('',(#25),#12970);
#12970=FACE_SURFACE('',(#12975),#12971,.T.);
#12971=PLANE('',#12972);
#12972=AXIS2_PLACEMENT_3D('',#627,#12973,#12974);
#12973=DIRECTION('',(0,-0.7428726480216733,0.6694327664681998));
#12974=DIRECTION('',(0,0.6694327664681998,0.7428726480216732));
#12975=FACE_BOUND('',#12976,.T.);
#12976=EDGE_LOOP('',(#12977,#12978,#12979));
#12977=ORIENTED_EDGE('',*,*,#12980,.T.);
#12978=ORIENTED_EDGE('',*,*,#12981,.T.);
#12979=ORIENTED_EDGE('',*,*,#12982,.T.);
#12980=EDGE_CURVE('',#628,#630,#12983,.F.);
#12981=EDGE_CURVE('',#630,#632,#12984,.T.);
#12982=EDGE_CURVE('',#632,#628,#12985,.T.);
#12983=LINE('',#627,#12986);
#12984=LINE('',#629,#12987);
#12985=LINE('',#631,#12988);
#12986=VECTOR('',#12989,1.0);
#12987=VECTOR('',#12990,1.0);
#12988=VECTOR('',#12991,1.0);
#12989=DIRECTION('',(0,0.6694327664681998,0.7428726480216732));
#12990=DIRECTION('',(-1,0,0));
#12991=DIRECTION('',(0.9989511618979312,-0.03065224481768947,-0.034014938341992956));
#12992=STYLED_ITEM('',(#25),#12993);
#12993=FACE_SURFACE('',(#12998),#12994,.T.);
#12994=PLANE('',#12995);
#12995=AXIS2_PLACEMENT_3D('',#631,#12996,#12997);
#12996=DIRECTION('',(0,-0.6663075935291843,0.7456770016604691));
#12997=DIRECTION('',(1,0,0));
#12998=FACE_BOUND('',#12999,.T.);
#12999=EDGE_LOOP('',(#13000,#13001,#13002));
#13000=ORIENTED_EDGE('',*,*,#13003,.T.);
#13001=ORIENTED_EDGE('',*,*,#13004,.T.);
#13002=ORIENTED_EDGE('',*,*,#13005,.T.);
#13003=EDGE_CURVE('',#632,#630,#13006,.F.);
#13004=EDGE_CURVE('',#630,#634,#13007,.T.);
#13005=EDGE_CURVE('',#634,#632,#13008,.T.);
#13006=LINE('',#631,#13009);
#13007=LINE('',#629,#13010);
#13008=LINE('',#633,#13011);
#13009=VECTOR('',#13012,1.0);
#13010=VECTOR('',#13013,1.0);
#13011=VECTOR('',#13014,1.0);
#13012=DIRECTION('',(1,0,0));
#13013=DIRECTION('',(-0.9989511050009513,0.034144270763566596,0.030509975276990002));
#13014=DIRECTION('',(0,-0.7456770016604691,-0.6663075935291843));
#13015=STYLED_ITEM('',(#25),#13016);
#13016=FACE_SURFACE('',(#13021),#13017,.T.);
#13017=PLANE('',#13018);
#13018=AXIS2_PLACEMENT_3D('',#631,#13019,#13020);
#13019=DIRECTION('',(0,-0.6663075935291843,0.7456770016604691));
#13020=DIRECTION('',(0,0.7456770016604691,0.6663075935291843));
#13021=FACE_BOUND('',#13022,.T.);
#13022=EDGE_LOOP('',(#13023,#13024,#13025));
#13023=ORIENTED_EDGE('',*,*,#13026,.T.);
#13024=ORIENTED_EDGE('',*,*,#13027,.T.);
#13025=ORIENTED_EDGE('',*,*,#13028,.T.);
#13026=EDGE_CURVE('',#632,#634,#13029,.F.);
#13027=EDGE_CURVE('',#634,#636,#13030,.T.);
#13028=EDGE_CURVE('',#636,#632,#13031,.T.);
#13029=LINE('',#631,#13032);
#13030=LINE('',#633,#13033);
#13031=LINE('',#635,#13034);
#13032=VECTOR('',#13035,1.0);
#13033=VECTOR('',#13036,1.0);
#13034=VECTOR('',#13037,1.0);
#13035=DIRECTION('',(0,0.7456770016604691,0.6663075935291843));
#13036=DIRECTION('',(-1,0,0));
#13037=DIRECTION('',(0.9989511083906185,-0.03414421562121278,-0.03050992600395491));
#13038=STYLED_ITEM('',(#25),#13039);
#13039=FACE_SURFACE('',(#13044),#13040,.T.);
#13040=PLANE('',#13041);
#13041=AXIS2_PLACEMENT_3D('',#635,#13042,#13043);
#13042=DIRECTION('',(0,-0.5820593846284957,0.8131462800541467));
#13043=DIRECTION('',(1,0,0));
#13044=FACE_BOUND('',#13045,.T.);
#13045=EDGE_LOOP('',(#13046,#13047,#13048));
#13046=ORIENTED_EDGE('',*,*,#13049,.T.);
#13047=ORIENTED_EDGE('',*,*,#13050,.T.);
#13048=ORIENTED_EDGE('',*,*,#13051,.T.);
#13049=EDGE_CURVE('',#636,#634,#13052,.F.);
#13050=EDGE_CURVE('',#634,#638,#13053,.T.);
#13051=EDGE_CURVE('',#638,#636,#13054,.T.);
#13052=LINE('',#635,#13055);
#13053=LINE('',#633,#13056);
#13054=LINE('',#637,#13057);
#13055=VECTOR('',#13058,1.0);
#13056=VECTOR('',#13059,1.0);
#13057=VECTOR('',#13060,1.0);
#13058=DIRECTION('',(1,0,0));
#13059=DIRECTION('',(-0.9989508309614359,0.037238524819981286,0.026655760928707625));
#13060=DIRECTION('',(0,-0.8131462800541467,-0.5820593846284957));
#13061=STYLED_ITEM('',(#25),#13062);
#13062=FACE_SURFACE('',(#13067),#13063,.T.);
#13063=PLANE('',#13064);
#13064=AXIS2_PLACEMENT_3D('',#635,#13065,#13066);
#13065=DIRECTION('',(0,-0.5820593846284958,0.8131462800541468));
#13066=DIRECTION('',(0,0.8131462800541467,0.5820593846284957));
#13067=FACE_BOUND('',#13068,.T.);
#13068=EDGE_LOOP('',(#13069,#13070,#13071));
#13069=ORIENTED_EDGE('',*,*,#13072,.T.);
#13070=ORIENTED_EDGE('',*,*,#13073,.T.);
#13071=ORIENTED_EDGE('',*,*,#13074,.T.);
#13072=EDGE_CURVE('',#636,#638,#13075,.F.);
#13073=EDGE_CURVE('',#638,#640,#13076,.T.);
#13074=EDGE_CURVE('',#640,#636,#13077,.T.);
#13075=LINE('',#635,#13078);
#13076=LINE('',#637,#13079);
#13077=LINE('',#639,#13080);
#13078=VECTOR('',#13081,1.0);
#13079=VECTOR('',#13082,1.0);
#13080=VECTOR('',#13083,1.0);
#13081=DIRECTION('',(0,0.8131462800541467,0.5820593846284957));
#13082=DIRECTION('',(-1,0,0));
#13083=DIRECTION('',(0.9989508241802948,-0.037238645099334375,-0.026655847026040864));
#13084=STYLED_ITEM('',(#25),#13085);
#13085=FACE_SURFACE('',(#13090),#13086,.T.);
#13086=PLANE('',#13087);
#13087=AXIS2_PLACEMENT_3D('',#639,#13088,#13089);
#13088=DIRECTION('',(0,-0.49089808791569434,0.8712170035534863));
#13089=DIRECTION('',(1,0,0));
#13090=FACE_BOUND('',#13091,.T.);
#13091=EDGE_LOOP('',(#13092,#13093,#13094));
#13092=ORIENTED_EDGE('',*,*,#13095,.T.);
#13093=ORIENTED_EDGE('',*,*,#13096,.T.);
#13094=ORIENTED_EDGE('',*,*,#13097,.T.);
#13095=EDGE_CURVE('',#640,#638,#13098,.F.);
#13096=EDGE_CURVE('',#638,#642,#13099,.T.);
#13097=EDGE_CURVE('',#642,#640,#13100,.T.);
#13098=LINE('',#639,#13101);
#13099=LINE('',#637,#13102);
#13100=LINE('',#641,#13103);
#13101=VECTOR('',#13104,1.0);
#13102=VECTOR('',#13105,1.0);
#13103=VECTOR('',#13106,1.0);
#13104=DIRECTION('',(1,0,0));
#13105=DIRECTION('',(-0.9989510762749054,0.03989324643415876,0.022478347318063842));
#13106=DIRECTION('',(0,-0.8712170035534862,-0.4908980879156943));
#13107=STYLED_ITEM('',(#25),#13108);
#13108=FACE_SURFACE('',(#13113),#13109,.T.);
#13109=PLANE('',#13110);
#13110=AXIS2_PLACEMENT_3D('',#641,#13111,#13112);
#13111=DIRECTION('',(0,-0.49089808791569434,0.8712170035534863));
#13112=DIRECTION('',(0.9989510762749054,-0.03989324643415876,-0.022478347318063842));
#13113=FACE_BOUND('',#13114,.T.);
#13114=EDGE_LOOP('',(#13115,#13116,#13117));
#13115=ORIENTED_EDGE('',*,*,#13118,.T.);
#13116=ORIENTED_EDGE('',*,*,#13119,.T.);
#13117=ORIENTED_EDGE('',*,*,#13120,.T.);
#13118=EDGE_CURVE('',#642,#638,#13121,.F.);
#13119=EDGE_CURVE('',#638,#644,#13122,.T.);
#13120=EDGE_CURVE('',#644,#642,#13123,.T.);
#13121=LINE('',#641,#13124);
#13122=LINE('',#637,#13125);
#13123=LINE('',#643,#13126);
#13124=VECTOR('',#13127,1.0);
#13125=VECTOR('',#13128,1.0);
#13126=VECTOR('',#13129,1.0);
#13127=DIRECTION('',(0.9989510762749054,-0.03989324643415876,-0.022478347318063842));
#13128=DIRECTION('',(0,0.8712170035534862,0.4908980879156943));
#13129=DIRECTION('',(-1,0,0));
#13130=STYLED_ITEM('',(#25),#13131);
#13131=FACE_SURFACE('',(#13136),#13132,.T.);
#13132=PLANE('',#13133);
#13133=AXIS2_PLACEMENT_3D('',#641,#13134,#13135);
#13134=DIRECTION('',(0,-0.3942345442381376,0.9190098607356442));
#13135=DIRECTION('',(1,0,0));
#13136=FACE_BOUND('',#13137,.T.);
#13137=EDGE_LOOP('',(#13138,#13139,#13140));
#13138=ORIENTED_EDGE('',*,*,#13141,.T.);
#13139=ORIENTED_EDGE('',*,*,#13142,.T.);
#13140=ORIENTED_EDGE('',*,*,#13143,.T.);
#13141=EDGE_CURVE('',#642,#644,#13144,.F.);
#13142=EDGE_CURVE('',#644,#646,#13145,.T.);
#13143=EDGE_CURVE('',#646,#642,#13146,.T.);
#13144=LINE('',#641,#13147);
#13145=LINE('',#643,#13148);
#13146=LINE('',#645,#13149);
#13147=VECTOR('',#13150,1.0);
#13148=VECTOR('',#13151,1.0);
#13149=VECTOR('',#13152,1.0);
#13150=DIRECTION('',(1,0,0));
#13151=DIRECTION('',(-0.9989507274719296,0.04208868597124498,0.018055098906309592));
#13152=DIRECTION('',(0,-0.9190098607356442,-0.3942345442381376));
#13153=STYLED_ITEM('',(#25),#13154);
#13154=FACE_SURFACE('',(#13159),#13155,.T.);
#13155=PLANE('',#13156);
#13156=AXIS2_PLACEMENT_3D('',#645,#13157,#13158);
#13157=DIRECTION('',(0,-0.3942345442381376,0.9190098607356442));
#13158=DIRECTION('',(0.9989507274719296,-0.04208868597124498,-0.018055098906309592));
#13159=FACE_BOUND('',#13160,.T.);
#13160=EDGE_LOOP('',(#13161,#13162,#13163));
#13161=ORIENTED_EDGE('',*,*,#13164,.T.);
#13162=ORIENTED_EDGE('',*,*,#13165,.T.);
#13163=ORIENTED_EDGE('',*,*,#13166,.T.);
#13164=EDGE_CURVE('',#646,#644,#13167,.F.);
#13165=EDGE_CURVE('',#644,#648,#13168,.T.);
#13166=EDGE_CURVE('',#648,#646,#13169,.T.);
#13167=LINE('',#645,#13170);
#13168=LINE('',#643,#13171);
#13169=LINE('',#647,#13172);
#13170=VECTOR('',#13173,1.0);
#13171=VECTOR('',#13174,1.0);
#13172=VECTOR('',#13175,1.0);
#13173=DIRECTION('',(0.9989507274719296,-0.04208868597124498,-0.018055098906309592));
#13174=DIRECTION('',(0,0.9190098607356442,0.3942345442381376));
#13175=DIRECTION('',(-1,0,0));
#13176=STYLED_ITEM('',(#25),#13177);
#13177=FACE_SURFACE('',(#13182),#13178,.T.);
#13178=PLANE('',#13179);
#13179=AXIS2_PLACEMENT_3D('',#645,#13180,#13181);
#13180=DIRECTION('',(0,-0.2923387302468175,0.9563148366503984));
#13181=DIRECTION('',(1,0,0));
#13182=FACE_BOUND('',#13183,.T.);
#13183=EDGE_LOOP('',(#13184,#13185,#13186));
#13184=ORIENTED_EDGE('',*,*,#13187,.T.);
#13185=ORIENTED_EDGE('',*,*,#13188,.T.);
#13186=ORIENTED_EDGE('',*,*,#13189,.T.);
#13187=EDGE_CURVE('',#646,#648,#13190,.F.);
#13188=EDGE_CURVE('',#648,#650,#13191,.T.);
#13189=EDGE_CURVE('',#650,#646,#13192,.T.);
#13190=LINE('',#645,#13193);
#13191=LINE('',#647,#13194);
#13192=LINE('',#649,#13195);
#13193=VECTOR('',#13196,1.0);
#13194=VECTOR('',#13197,1.0);
#13195=VECTOR('',#13198,1.0);
#13196=DIRECTION('',(1,0,0));
#13197=DIRECTION('',(-0.998951097679223,0.04378945112936911,0.013386127717314341));
#13198=DIRECTION('',(0,-0.9563148366503985,-0.29233873024681756));
#13199=STYLED_ITEM('',(#25),#13200);
#13200=FACE_SURFACE('',(#13205),#13201,.T.);
#13201=PLANE('',#13202);
#13202=AXIS2_PLACEMENT_3D('',#649,#13203,#13204);
#13203=DIRECTION('',(0,-0.2923387302468175,0.9563148366503984));
#13204=DIRECTION('',(0.998951097679223,-0.04378945112936911,-0.013386127717314341));
#13205=FACE_BOUND('',#13206,.T.);
#13206=EDGE_LOOP('',(#13207,#13208,#13209));
#13207=ORIENTED_EDGE('',*,*,#13210,.T.);
#13208=ORIENTED_EDGE('',*,*,#13211,.T.);
#13209=ORIENTED_EDGE('',*,*,#13212,.T.);
#13210=EDGE_CURVE('',#650,#648,#13213,.F.);
#13211=EDGE_CURVE('',#648,#652,#13214,.T.);
#13212=EDGE_CURVE('',#652,#650,#13215,.T.);
#13213=LINE('',#649,#13216);
#13214=LINE('',#647,#13217);
#13215=LINE('',#651,#13218);
#13216=VECTOR('',#13219,1.0);
#13217=VECTOR('',#13220,1.0);
#13218=VECTOR('',#13221,1.0);
#13219=DIRECTION('',(0.998951097679223,-0.04378945112936911,-0.013386127717314341));
#13220=DIRECTION('',(0,0.9563148366503985,0.29233873024681756));
#13221=DIRECTION('',(-1,0,0));
#13222=STYLED_ITEM('',(#25),#13223);
#13223=FACE_SURFACE('',(#13228),#13224,.T.);
#13224=PLANE('',#13225);
#13225=AXIS2_PLACEMENT_3D('',#649,#13226,#13227);
#13226=DIRECTION('',(0,-0.1878128707096873,0.9822048287377669));
#13227=DIRECTION('',(1,0,0));
#13228=FACE_BOUND('',#13229,.T.);
#13229=EDGE_LOOP('',(#13230,#13231,#13232));
#13230=ORIENTED_EDGE('',*,*,#13233,.T.);
#13231=ORIENTED_EDGE('',*,*,#13234,.T.);
#13232=ORIENTED_EDGE('',*,*,#13235,.T.);
#13233=EDGE_CURVE('',#650,#652,#13236,.F.);
#13234=EDGE_CURVE('',#652,#654,#13237,.T.);
#13235=EDGE_CURVE('',#654,#650,#13238,.T.);
#13236=LINE('',#649,#13239);
#13237=LINE('',#651,#13240);
#13238=LINE('',#653,#13241);
#13239=VECTOR('',#13242,1.0);
#13240=VECTOR('',#13243,1.0);
#13241=VECTOR('',#13244,1.0);
#13242=DIRECTION('',(1,0,0));
#13243=DIRECTION('',(-0.9989508936515913,0.044979319962024034,0.008600746969950682));
#13244=DIRECTION('',(0,-0.982204828737767,-0.18781287070968733));
#13245=STYLED_ITEM('',(#25),#13246);
#13246=FACE_SURFACE('',(#13251),#13247,.T.);
#13247=PLANE('',#13248);
#13248=AXIS2_PLACEMENT_3D('',#653,#13249,#13250);
#13249=DIRECTION('',(0,-0.1878128707096873,0.9822048287377669));
#13250=DIRECTION('',(0.9989508936515913,-0.044979319962024034,-0.008600746969950682));
#13251=FACE_BOUND('',#13252,.T.);
#13252=EDGE_LOOP('',(#13253,#13254,#13255));
#13253=ORIENTED_EDGE('',*,*,#13256,.T.);
#13254=ORIENTED_EDGE('',*,*,#13257,.T.);
#13255=ORIENTED_EDGE('',*,*,#13258,.T.);
#13256=EDGE_CURVE('',#654,#652,#13259,.F.);
#13257=EDGE_CURVE('',#652,#656,#13260,.T.);
#13258=EDGE_CURVE('',#656,#654,#13261,.T.);
#13259=LINE('',#653,#13262);
#13260=LINE('',#651,#13263);
#13261=LINE('',#655,#13264);
#13262=VECTOR('',#13265,1.0);
#13263=VECTOR('',#13266,1.0);
#13264=VECTOR('',#13267,1.0);
#13265=DIRECTION('',(0.9989508936515913,-0.044979319962024034,-0.008600746969950682));
#13266=DIRECTION('',(0,0.982204828737767,0.18781287070968733));
#13267=DIRECTION('',(-1,0,0));
#13268=STYLED_ITEM('',(#25),#13269);
#13269=FACE_SURFACE('',(#13274),#13270,.T.);
#13270=PLANE('',#13271);
#13271=AXIS2_PLACEMENT_3D('',#653,#13272,#13273);
#13272=DIRECTION('',(0,-0.08049734333593091,0.9967548232719304));
#13273=DIRECTION('',(1,0,0));
#13274=FACE_BOUND('',#13275,.T.);
#13275=EDGE_LOOP('',(#13276,#13277,#13278));
#13276=ORIENTED_EDGE('',*,*,#13279,.T.);
#13277=ORIENTED_EDGE('',*,*,#13280,.T.);
#13278=ORIENTED_EDGE('',*,*,#13281,.T.);
#13279=EDGE_CURVE('',#654,#656,#13282,.F.);
#13280=EDGE_CURVE('',#656,#658,#13283,.T.);
#13281=EDGE_CURVE('',#658,#654,#13284,.T.);
#13282=LINE('',#653,#13285);
#13283=LINE('',#655,#13286);
#13284=LINE('',#657,#13287);
#13285=VECTOR('',#13288,1.0);
#13286=VECTOR('',#13289,1.0);
#13287=VECTOR('',#13290,1.0);
#13288=DIRECTION('',(1,0,0));
#13289=DIRECTION('',(-0.9989510527348576,0.04564216675267356,0.003686035002695371));
#13290=DIRECTION('',(0,-0.9967548232719304,-0.08049734333593091));
#13291=STYLED_ITEM('',(#25),#13292);
#13292=FACE_SURFACE('',(#13297),#13293,.T.);
#13293=PLANE('',#13294);
#13294=AXIS2_PLACEMENT_3D('',#657,#13295,#13296);
#13295=DIRECTION('',(0,-0.08049734333593091,0.9967548232719304));
#13296=DIRECTION('',(0.9989510527348576,-0.04564216675267356,-0.003686035002695371));
#13297=FACE_BOUND('',#13298,.T.);
#13298=EDGE_LOOP('',(#13299,#13300,#13301));
#13299=ORIENTED_EDGE('',*,*,#13302,.T.);
#13300=ORIENTED_EDGE('',*,*,#13303,.T.);
#13301=ORIENTED_EDGE('',*,*,#13304,.T.);
#13302=EDGE_CURVE('',#658,#656,#13305,.F.);
#13303=EDGE_CURVE('',#656,#660,#13306,.T.);
#13304=EDGE_CURVE('',#660,#658,#13307,.T.);
#13305=LINE('',#657,#13308);
#13306=LINE('',#655,#13309);
#13307=LINE('',#659,#13310);
#13308=VECTOR('',#13311,1.0);
#13309=VECTOR('',#13312,1.0);
#13310=VECTOR('',#13313,1.0);
#13311=DIRECTION('',(0.9989510527348576,-0.04564216675267356,-0.003686035002695371));
#13312=DIRECTION('',(0,0.9967548232719304,0.08049734333593091));
#13313=DIRECTION('',(-1,0,0));
#13314=STYLED_ITEM('',(#25),#13315);
#13315=FACE_SURFACE('',(#13320),#13316,.T.);
#13316=PLANE('',#13317);
#13317=AXIS2_PLACEMENT_3D('',#657,#13318,#13319);
#13318=DIRECTION('',(-0,0.027396649067514194,0.9996246413628825));
#13319=DIRECTION('',(1,0,0));
#13320=FACE_BOUND('',#13321,.T.);
#13321=EDGE_LOOP('',(#13322,#13323,#13324));
#13322=ORIENTED_EDGE('',*,*,#13325,.T.);
#13323=ORIENTED_EDGE('',*,*,#13326,.T.);
#13324=ORIENTED_EDGE('',*,*,#13327,.T.);
#13325=EDGE_CURVE('',#658,#660,#13328,.F.);
#13326=EDGE_CURVE('',#660,#662,#13329,.T.);
#13327=EDGE_CURVE('',#662,#658,#13330,.T.);
#13328=LINE('',#657,#13331);
#13329=LINE('',#659,#13332);
#13330=LINE('',#661,#13333);
#13331=VECTOR('',#13334,1.0);
#13332=VECTOR('',#13335,1.0);
#13333=VECTOR('',#13336,1.0);
#13334=DIRECTION('',(1,0,0));
#13335=DIRECTION('',(-0.9989509998010867,0.04577473225263548,-0.001254545180053865));
#13336=DIRECTION('',(0,-0.9996246413628824,0.02739664906751419));
#13337=STYLED_ITEM('',(#25),#13338);
#13338=FACE_SURFACE('',(#13343),#13339,.T.);
#13339=PLANE('',#13340);
#13340=AXIS2_PLACEMENT_3D('',#661,#13341,#13342);
#13341=DIRECTION('',(-0,0.027396649067514194,0.9996246413628825));
#13342=DIRECTION('',(0.9989509998010867,-0.04577473225263548,0.001254545180053865));
#13343=FACE_BOUND('',#13344,.T.);
#13344=EDGE_LOOP('',(#13345,#13346,#13347));
#13345=ORIENTED_EDGE('',*,*,#13348,.T.);
#13346=ORIENTED_EDGE('',*,*,#13349,.T.);
#13347=ORIENTED_EDGE('',*,*,#13350,.T.);
#13348=EDGE_CURVE('',#662,#660,#13351,.F.);
#13349=EDGE_CURVE('',#660,#664,#13352,.T.);
#13350=EDGE_CURVE('',#664,#662,#13353,.T.);
#13351=LINE('',#661,#13354);
#13352=LINE('',#659,#13355);
#13353=LINE('',#663,#13356);
#13354=VECTOR('',#13357,1.0);
#13355=VECTOR('',#13358,1.0);
#13356=VECTOR('',#13359,1.0);
#13357=DIRECTION('',(0.9989509998010867,-0.04577473225263548,0.001254545180053865));
#13358=DIRECTION('',(0,0.9996246413628824,-0.02739664906751419));
#13359=DIRECTION('',(-1,0,0));
#13360=STYLED_ITEM('',(#25),#13361);
#13361=FACE_SURFACE('',(#13366),#13362,.T.);
#13362=PLANE('',#13363);
#13363=AXIS2_PLACEMENT_3D('',#661,#13364,#13365);
#13364=DIRECTION('',(-0,0.1350029233039632,0.9908452001697259));
#13365=DIRECTION('',(1,0,0));
#13366=FACE_BOUND('',#13367,.T.);
#13367=EDGE_LOOP('',(#13368,#13369,#13370));
#13368=ORIENTED_EDGE('',*,*,#13371,.T.);
#13369=ORIENTED_EDGE('',*,*,#13372,.T.);
#13370=ORIENTED_EDGE('',*,*,#13373,.T.);
#13371=EDGE_CURVE('',#662,#664,#13374,.F.);
#13372=EDGE_CURVE('',#664,#666,#13375,.T.);
#13373=EDGE_CURVE('',#666,#662,#13376,.T.);
#13374=LINE('',#661,#13377);
#13375=LINE('',#663,#13378);
#13376=LINE('',#665,#13379);
#13377=VECTOR('',#13380,1.0);
#13378=VECTOR('',#13381,1.0);
#13379=VECTOR('',#13382,1.0);
#13380=DIRECTION('',(1,0,0));
#13381=DIRECTION('',(-0.9989509494625771,0.04537379284678912,-0.006182191400488904));
#13382=DIRECTION('',(0,-0.9908452001697259,0.1350029233039632));
#13383=STYLED_ITEM('',(#25),#13384);
#13384=FACE_SURFACE('',(#13389),#13385,.T.);
#13385=PLANE('',#13386);
#13386=AXIS2_PLACEMENT_3D('',#665,#13387,#13388);
#13387=DIRECTION('',(0,0.1350029233039632,0.9908452001697259));
#13388=DIRECTION('',(0.9989509494625771,-0.04537379284678912,0.006182191400488904));
#13389=FACE_BOUND('',#13390,.T.);
#13390=EDGE_LOOP('',(#13391,#13392,#13393));
#13391=ORIENTED_EDGE('',*,*,#13394,.T.);
#13392=ORIENTED_EDGE('',*,*,#13395,.T.);
#13393=ORIENTED_EDGE('',*,*,#13396,.T.);
#13394=EDGE_CURVE('',#666,#664,#13397,.F.);
#13395=EDGE_CURVE('',#664,#668,#13398,.T.);
#13396=EDGE_CURVE('',#668,#666,#13399,.T.);
#13397=LINE('',#665,#13400);
#13398=LINE('',#663,#13401);
#13399=LINE('',#667,#13402);
#13400=VECTOR('',#13403,1.0);
#13401=VECTOR('',#13404,1.0);
#13402=VECTOR('',#13405,1.0);
#13403=DIRECTION('',(0.9989509494625771,-0.04537379284678912,0.006182191400488904));
#13404=DIRECTION('',(1,0,0));
#13405=DIRECTION('',(-0.9997374283997081,0.022704721182342704,-0.0030935243284143984));
#13406=STYLED_ITEM('',(#25),#13407);
#13407=FACE_SURFACE('',(#13412),#13408,.T.);
#13408=PLANE('',#13409);
#13409=AXIS2_PLACEMENT_3D('',#665,#13410,#13411);
#13410=DIRECTION('',(0,0.13500292330396324,0.990845200169726));
#13411=DIRECTION('',(0.9997374283997081,-0.022704721182342704,0.0030935243284143984));
#13412=FACE_BOUND('',#13413,.T.);
#13413=EDGE_LOOP('',(#13414,#13415,#13416));
#13414=ORIENTED_EDGE('',*,*,#13417,.T.);
#13415=ORIENTED_EDGE('',*,*,#13418,.T.);
#13416=ORIENTED_EDGE('',*,*,#13419,.T.);
#13417=EDGE_CURVE('',#666,#668,#13420,.F.);
#13418=EDGE_CURVE('',#668,#670,#13421,.T.);
#13419=EDGE_CURVE('',#670,#666,#13422,.T.);
#13420=LINE('',#665,#13423);
#13421=LINE('',#667,#13424);
#13422=LINE('',#669,#13425);
#13423=VECTOR('',#13426,1.0);
#13424=VECTOR('',#13427,1.0);
#13425=VECTOR('',#13428,1.0);
#13426=DIRECTION('',(0.9997374283997081,-0.022704721182342704,0.0030935243284143984));
#13427=DIRECTION('',(1,0,0));
#13428=DIRECTION('',(-0.9998832759722504,0.015138688987018555,-0.0020626504199515055));
#13429=STYLED_ITEM('',(#25),#13430);
#13430=FACE_SURFACE('',(#13435),#13431,.T.);
#13431=PLANE('',#13432);
#13432=AXIS2_PLACEMENT_3D('',#669,#13433,#13434);
#13433=DIRECTION('',(0,0.02739664906751419,0.9996246413628825));
#13434=DIRECTION('',(-1,0,0));
#13435=FACE_BOUND('',#13436,.T.);
#13436=EDGE_LOOP('',(#13437,#13438,#13439));
#13437=ORIENTED_EDGE('',*,*,#13440,.T.);
#13438=ORIENTED_EDGE('',*,*,#13441,.T.);
#13439=ORIENTED_EDGE('',*,*,#13442,.T.);
#13440=EDGE_CURVE('',#670,#668,#13443,.F.);
#13441=EDGE_CURVE('',#668,#672,#13444,.T.);
#13442=EDGE_CURVE('',#672,#670,#13445,.T.);
#13443=LINE('',#669,#13446);
#13444=LINE('',#667,#13447);
#13445=LINE('',#671,#13448);
#13446=VECTOR('',#13449,1.0);
#13447=VECTOR('',#13450,1.0);
#13448=VECTOR('',#13451,1.0);
#13449=DIRECTION('',(-1,0,0));
#13450=DIRECTION('',(0.9989510031910989,-0.04577465832720148,0.0012545431539841897));
#13451=DIRECTION('',(0,0.9996246413628824,-0.02739664906751419));
#13452=STYLED_ITEM('',(#25),#13453);
#13453=FACE_SURFACE('',(#13458),#13454,.T.);
#13454=PLANE('',#13455);
#13455=AXIS2_PLACEMENT_3D('',#669,#13456,#13457);
#13456=DIRECTION('',(0,0.027396649067514194,0.9996246413628826));
#13457=DIRECTION('',(0,-0.9996246413628824,0.02739664906751419));
#13458=FACE_BOUND('',#13459,.T.);
#13459=EDGE_LOOP('',(#13460,#13461,#13462));
#13460=ORIENTED_EDGE('',*,*,#13463,.T.);
#13461=ORIENTED_EDGE('',*,*,#13464,.T.);
#13462=ORIENTED_EDGE('',*,*,#13465,.T.);
#13463=EDGE_CURVE('',#670,#672,#13466,.F.);
#13464=EDGE_CURVE('',#672,#674,#13467,.T.);
#13465=EDGE_CURVE('',#674,#670,#13468,.T.);
#13466=LINE('',#669,#13469);
#13467=LINE('',#671,#13470);
#13468=LINE('',#673,#13471);
#13469=VECTOR('',#13472,1.0);
#13470=VECTOR('',#13473,1.0);
#13471=VECTOR('',#13474,1.0);
#13472=DIRECTION('',(0,-0.9996246413628824,0.02739664906751419));
#13473=DIRECTION('',(1,0,0));
#13474=DIRECTION('',(-0.9989510065810945,0.04577458440200599,-0.0012545411279210514));
#13475=STYLED_ITEM('',(#25),#13476);
#13476=FACE_SURFACE('',(#13481),#13477,.T.);
#13477=PLANE('',#13478);
#13478=AXIS2_PLACEMENT_3D('',#673,#13479,#13480);
#13479=DIRECTION('',(0,-0.08049734333593091,0.9967548232719304));
#13480=DIRECTION('',(-1,0,0));
#13481=FACE_BOUND('',#13482,.T.);
#13482=EDGE_LOOP('',(#13483,#13484,#13485));
#13483=ORIENTED_EDGE('',*,*,#13486,.T.);
#13484=ORIENTED_EDGE('',*,*,#13487,.T.);
#13485=ORIENTED_EDGE('',*,*,#13488,.T.);
#13486=EDGE_CURVE('',#674,#672,#13489,.F.);
#13487=EDGE_CURVE('',#672,#676,#13490,.T.);
#13488=EDGE_CURVE('',#676,#674,#13491,.T.);
#13489=LINE('',#673,#13492);
#13490=LINE('',#671,#13493);
#13491=LINE('',#675,#13494);
#13492=VECTOR('',#13495,1.0);
#13493=VECTOR('',#13496,1.0);
#13494=VECTOR('',#13497,1.0);
#13495=DIRECTION('',(-1,0,0));
#13496=DIRECTION('',(0.9989510595145237,-0.04564201933020993,-0.003686023096942428));
#13497=DIRECTION('',(0,0.9967548232719304,0.08049734333593091));
#13498=STYLED_ITEM('',(#25),#13499);
#13499=FACE_SURFACE('',(#13504),#13500,.T.);
#13500=PLANE('',#13501);
#13501=AXIS2_PLACEMENT_3D('',#673,#13502,#13503);
#13502=DIRECTION('',(0,-0.0804973433359309,0.9967548232719303));
#13503=DIRECTION('',(0,-0.9967548232719304,-0.08049734333593091));
#13504=FACE_BOUND('',#13505,.T.);
#13505=EDGE_LOOP('',(#13506,#13507,#13508));
#13506=ORIENTED_EDGE('',*,*,#13509,.T.);
#13507=ORIENTED_EDGE('',*,*,#13510,.T.);
#13508=ORIENTED_EDGE('',*,*,#13511,.T.);
#13509=EDGE_CURVE('',#674,#676,#13512,.F.);
#13510=EDGE_CURVE('',#676,#678,#13513,.T.);
#13511=EDGE_CURVE('',#678,#674,#13514,.T.);
#13512=LINE('',#673,#13515);
#13513=LINE('',#675,#13516);
#13514=LINE('',#677,#13517);
#13515=VECTOR('',#13518,1.0);
#13516=VECTOR('',#13519,1.0);
#13517=VECTOR('',#13520,1.0);
#13518=DIRECTION('',(0,-0.9967548232719304,-0.08049734333593091));
#13519=DIRECTION('',(1,0,0));
#13520=DIRECTION('',(-0.9989510561246988,0.04564209304132282,0.0036860290498092955));
#13521=STYLED_ITEM('',(#25),#13522);
#13522=FACE_SURFACE('',(#13527),#13523,.T.);
#13523=PLANE('',#13524);
#13524=AXIS2_PLACEMENT_3D('',#677,#13525,#13526);
#13525=DIRECTION('',(0,-0.18781287070968733,0.982204828737767));
#13526=DIRECTION('',(-1,0,0));
#13527=FACE_BOUND('',#13528,.T.);
#13528=EDGE_LOOP('',(#13529,#13530,#13531));
#13529=ORIENTED_EDGE('',*,*,#13532,.T.);
#13530=ORIENTED_EDGE('',*,*,#13533,.T.);
#13531=ORIENTED_EDGE('',*,*,#13534,.T.);
#13532=EDGE_CURVE('',#678,#676,#13535,.F.);
#13533=EDGE_CURVE('',#676,#680,#13536,.T.);
#13534=EDGE_CURVE('',#680,#678,#13537,.T.);
#13535=LINE('',#677,#13538);
#13536=LINE('',#675,#13539);
#13537=LINE('',#679,#13540);
#13538=VECTOR('',#13541,1.0);
#13539=VECTOR('',#13542,1.0);
#13540=VECTOR('',#13543,1.0);
#13541=DIRECTION('',(-1,0,0));
#13542=DIRECTION('',(0.9989508970419458,-0.04497924732118313,-0.008600733079889808));
#13543=DIRECTION('',(0,0.982204828737767,0.18781287070968733));
#13544=STYLED_ITEM('',(#25),#13545);
#13545=FACE_SURFACE('',(#13550),#13546,.T.);
#13546=PLANE('',#13547);
#13547=AXIS2_PLACEMENT_3D('',#677,#13548,#13549);
#13548=DIRECTION('',(0,-0.1878128707096873,0.9822048287377669));
#13549=DIRECTION('',(0,-0.982204828737767,-0.18781287070968733));
#13550=FACE_BOUND('',#13551,.T.);
#13551=EDGE_LOOP('',(#13552,#13553,#13554));
#13552=ORIENTED_EDGE('',*,*,#13555,.T.);
#13553=ORIENTED_EDGE('',*,*,#13556,.T.);
#13554=ORIENTED_EDGE('',*,*,#13557,.T.);
#13555=EDGE_CURVE('',#678,#680,#13558,.F.);
#13556=EDGE_CURVE('',#680,#682,#13559,.T.);
#13557=EDGE_CURVE('',#682,#678,#13560,.T.);
#13558=LINE('',#677,#13561);
#13559=LINE('',#679,#13562);
#13560=LINE('',#681,#13563);
#13561=VECTOR('',#13564,1.0);
#13562=VECTOR('',#13565,1.0);
#13563=VECTOR('',#13566,1.0);
#13564=DIRECTION('',(0,-0.982204828737767,-0.18781287070968733));
#13565=DIRECTION('',(1,0,0));
#13566=DIRECTION('',(-0.998950900432284,0.044979174680576606,0.008600719189873752));
#13567=STYLED_ITEM('',(#25),#13568);
#13568=FACE_SURFACE('',(#13573),#13569,.T.);
#13569=PLANE('',#13570);
#13570=AXIS2_PLACEMENT_3D('',#681,#13571,#13572);
#13571=DIRECTION('',(0,-0.29233873024681756,0.9563148366503986));
#13572=DIRECTION('',(-1,0,0));
#13573=FACE_BOUND('',#13574,.T.);
#13574=EDGE_LOOP('',(#13575,#13576,#13577));
#13575=ORIENTED_EDGE('',*,*,#13578,.T.);
#13576=ORIENTED_EDGE('',*,*,#13579,.T.);
#13577=ORIENTED_EDGE('',*,*,#13580,.T.);
#13578=EDGE_CURVE('',#682,#680,#13581,.F.);
#13579=EDGE_CURVE('',#680,#684,#13582,.T.);
#13580=EDGE_CURVE('',#684,#682,#13583,.T.);
#13581=LINE('',#681,#13584);
#13582=LINE('',#679,#13585);
#13583=LINE('',#683,#13586);
#13584=VECTOR('',#13587,1.0);
#13585=VECTOR('',#13588,1.0);
#13586=VECTOR('',#13589,1.0);
#13587=DIRECTION('',(-1,0,0));
#13588=DIRECTION('',(0.9989511044585991,-0.043789309691093785,-0.013386084480626765));
#13589=DIRECTION('',(0,0.9563148366503985,0.29233873024681756));
#13590=STYLED_ITEM('',(#25),#13591);
#13591=FACE_SURFACE('',(#13596),#13592,.T.);
#13592=PLANE('',#13593);
#13593=AXIS2_PLACEMENT_3D('',#681,#13594,#13595);
#13594=DIRECTION('',(0,-0.29233873024681756,0.9563148366503985));
#13595=DIRECTION('',(0,-0.9563148366503985,-0.29233873024681756));
#13596=FACE_BOUND('',#13597,.T.);
#13597=EDGE_LOOP('',(#13598,#13599,#13600));
#13598=ORIENTED_EDGE('',*,*,#13601,.T.);
#13599=ORIENTED_EDGE('',*,*,#13602,.T.);
#13600=ORIENTED_EDGE('',*,*,#13603,.T.);
#13601=EDGE_CURVE('',#682,#684,#13604,.F.);
#13602=EDGE_CURVE('',#684,#604,#13605,.T.);
#13603=EDGE_CURVE('',#604,#682,#13606,.T.);
#13604=LINE('',#681,#13607);
#13605=LINE('',#683,#13608);
#13606=LINE('',#603,#13609);
#13607=VECTOR('',#13610,1.0);
#13608=VECTOR('',#13611,1.0);
#13609=VECTOR('',#13612,1.0);
#13610=DIRECTION('',(0,-0.9563148366503985,-0.29233873024681756));
#13611=DIRECTION('',(1,0,0));
#13612=DIRECTION('',(-0.9989511010689193,0.04378938041011736,0.013386106098935677));
#13613=STYLED_ITEM('',(#25),#13614);
#13614=FACE_SURFACE('',(#13619),#13615,.T.);
#13615=PLANE('',#13616);
#13616=AXIS2_PLACEMENT_3D('',#603,#13617,#13618);
#13617=DIRECTION('',(0,-0.39423454423813753,0.9190098607356441));
#13618=DIRECTION('',(-1,0,0));
#13619=FACE_BOUND('',#13620,.T.);
#13620=EDGE_LOOP('',(#13621,#13622,#13623));
#13621=ORIENTED_EDGE('',*,*,#13624,.T.);
#13622=ORIENTED_EDGE('',*,*,#13625,.T.);
#13623=ORIENTED_EDGE('',*,*,#13626,.T.);
#13624=EDGE_CURVE('',#604,#684,#13627,.F.);
#13625=EDGE_CURVE('',#684,#608,#13628,.T.);
#13626=EDGE_CURVE('',#608,#604,#13629,.T.);
#13627=LINE('',#603,#13630);
#13628=LINE('',#683,#13631);
#13629=LINE('',#607,#13632);
#13630=VECTOR('',#13633,1.0);
#13631=VECTOR('',#13634,1.0);
#13632=VECTOR('',#13635,1.0);
#13633=DIRECTION('',(-1,0,0));
#13634=DIRECTION('',(0.9989507308628204,-0.042088617998751694,-0.018055069747639967));
#13635=DIRECTION('',(0,0.9190098607356442,0.3942345442381376));
#13636=STYLED_ITEM('',(#25),#13637);
#13637=FACE_SURFACE('',(#13642),#13638,.T.);
#13638=PLANE('',#13639);
#13639=AXIS2_PLACEMENT_3D('',#607,#13640,#13641);
#13640=DIRECTION('',(0,-0.39423454423813753,0.9190098607356441));
#13641=DIRECTION('',(-0.9989507308628204,0.042088617998751694,0.018055069747639967));
#13642=FACE_BOUND('',#13643,.T.);
#13643=EDGE_LOOP('',(#13644,#13645,#13646));
#13644=ORIENTED_EDGE('',*,*,#13647,.T.);
#13645=ORIENTED_EDGE('',*,*,#13648,.T.);
#13646=ORIENTED_EDGE('',*,*,#13649,.T.);
#13647=EDGE_CURVE('',#608,#684,#13650,.F.);
#13648=EDGE_CURVE('',#684,#686,#13651,.T.);
#13649=EDGE_CURVE('',#686,#608,#13652,.T.);
#13650=LINE('',#607,#13653);
#13651=LINE('',#683,#13654);
#13652=LINE('',#685,#13655);
#13653=VECTOR('',#13656,1.0);
#13654=VECTOR('',#13657,1.0);
#13655=VECTOR('',#13658,1.0);
#13656=DIRECTION('',(-0.9989507308628204,0.042088617998751694,0.018055069747639967));
#13657=DIRECTION('',(0,-0.9190098607356442,-0.3942345442381376));
#13658=DIRECTION('',(1,0,0));
#13659=STYLED_ITEM('',(#25),#13660);
#13660=FACE_SURFACE('',(#13665),#13661,.T.);
#13661=PLANE('',#13662);
#13662=AXIS2_PLACEMENT_3D('',#607,#13663,#13664);
#13663=DIRECTION('',(0,-0.49089808791569434,0.8712170035534863));
#13664=DIRECTION('',(-1,0,0));
#13665=FACE_BOUND('',#13666,.T.);
#13666=EDGE_LOOP('',(#13667,#13668,#13669));
#13667=ORIENTED_EDGE('',*,*,#13670,.T.);
#13668=ORIENTED_EDGE('',*,*,#13671,.T.);
#13669=ORIENTED_EDGE('',*,*,#13672,.T.);
#13670=EDGE_CURVE('',#608,#686,#13673,.F.);
#13671=EDGE_CURVE('',#686,#610,#13674,.T.);
#13672=EDGE_CURVE('',#610,#608,#13675,.T.);
#13673=LINE('',#607,#13676);
#13674=LINE('',#685,#13677);
#13675=LINE('',#609,#13678);
#13676=VECTOR('',#13679,1.0);
#13677=VECTOR('',#13680,1.0);
#13678=VECTOR('',#13681,1.0);
#13679=DIRECTION('',(-1,0,0));
#13680=DIRECTION('',(0.9989510796646709,-0.03989318200721702,-0.02247831101589988));
#13681=DIRECTION('',(0,0.8712170035534862,0.4908980879156943));
#13682=STYLED_ITEM('',(#25),#13683);
#13683=FACE_SURFACE('',(#13688),#13684,.T.);
#13684=PLANE('',#13685);
#13685=AXIS2_PLACEMENT_3D('',#609,#13686,#13687);
#13686=DIRECTION('',(0,-0.49089808791569434,0.8712170035534863));
#13687=DIRECTION('',(-0.9989510796646709,0.03989318200721702,0.02247831101589988));
#13688=FACE_BOUND('',#13689,.T.);
#13689=EDGE_LOOP('',(#13690,#13691,#13692));
#13690=ORIENTED_EDGE('',*,*,#13693,.T.);
#13691=ORIENTED_EDGE('',*,*,#13694,.T.);
#13692=ORIENTED_EDGE('',*,*,#13695,.T.);
#13693=EDGE_CURVE('',#610,#686,#13696,.F.);
#13694=EDGE_CURVE('',#686,#688,#13697,.T.);
#13695=EDGE_CURVE('',#688,#610,#13698,.T.);
#13696=LINE('',#609,#13699);
#13697=LINE('',#685,#13700);
#13698=LINE('',#687,#13701);
#13699=VECTOR('',#13702,1.0);
#13700=VECTOR('',#13703,1.0);
#13701=VECTOR('',#13704,1.0);
#13702=DIRECTION('',(-0.9989510796646709,0.03989318200721702,0.02247831101589988));
#13703=DIRECTION('',(0,-0.8712170035534862,-0.4908980879156943));
#13704=DIRECTION('',(1,0,0));
#13705=STYLED_ITEM('',(#25),#13706);
#13706=FACE_SURFACE('',(#13711),#13707,.T.);
#13707=PLANE('',#13708);
#13708=AXIS2_PLACEMENT_3D('',#609,#13709,#13710);
#13709=DIRECTION('',(0,-0.5820593846284957,0.8131462800541467));
#13710=DIRECTION('',(-1,0,0));
#13711=FACE_BOUND('',#13712,.T.);
#13712=EDGE_LOOP('',(#13713,#13714,#13715));
#13713=ORIENTED_EDGE('',*,*,#13716,.T.);
#13714=ORIENTED_EDGE('',*,*,#13717,.T.);
#13715=ORIENTED_EDGE('',*,*,#13718,.T.);
#13716=EDGE_CURVE('',#610,#688,#13719,.F.);
#13717=EDGE_CURVE('',#688,#612,#13720,.T.);
#13718=EDGE_CURVE('',#612,#610,#13721,.T.);
#13719=LINE('',#609,#13722);
#13720=LINE('',#687,#13723);
#13721=LINE('',#611,#13724);
#13722=VECTOR('',#13725,1.0);
#13723=VECTOR('',#13726,1.0);
#13724=VECTOR('',#13727,1.0);
#13725=DIRECTION('',(-1,0,0));
#13726=DIRECTION('',(0.9989508275708736,-0.03723858495956081,-0.026655803977304795));
#13727=DIRECTION('',(0,0.8131462800541467,0.5820593846284957));
#13728=STYLED_ITEM('',(#25),#13729);
#13729=FACE_SURFACE('',(#13734),#13730,.T.);
#13730=PLANE('',#13731);
#13731=AXIS2_PLACEMENT_3D('',#611,#13732,#13733);
#13732=DIRECTION('',(0,-0.5820593846284957,0.8131462800541467));
#13733=DIRECTION('',(-0.9989508275708736,0.03723858495956081,0.026655803977304795));
#13734=FACE_BOUND('',#13735,.T.);
#13735=EDGE_LOOP('',(#13736,#13737,#13738));
#13736=ORIENTED_EDGE('',*,*,#13739,.T.);
#13737=ORIENTED_EDGE('',*,*,#13740,.T.);
#13738=ORIENTED_EDGE('',*,*,#13741,.T.);
#13739=EDGE_CURVE('',#612,#688,#13742,.F.);
#13740=EDGE_CURVE('',#688,#690,#13743,.T.);
#13741=EDGE_CURVE('',#690,#612,#13744,.T.);
#13742=LINE('',#611,#13745);
#13743=LINE('',#687,#13746);
#13744=LINE('',#689,#13747);
#13745=VECTOR('',#13748,1.0);
#13746=VECTOR('',#13749,1.0);
#13747=VECTOR('',#13750,1.0);
#13748=DIRECTION('',(-0.9989508275708736,0.03723858495956081,0.026655803977304795));
#13749=DIRECTION('',(0,-0.8131462800541467,-0.5820593846284957));
#13750=DIRECTION('',(1,0,0));
#13751=STYLED_ITEM('',(#25),#13752);
#13752=FACE_SURFACE('',(#13757),#13753,.T.);
#13753=PLANE('',#13754);
#13754=AXIS2_PLACEMENT_3D('',#611,#13755,#13756);
#13755=DIRECTION('',(0,-0.6663075935291843,0.7456770016604691));
#13756=DIRECTION('',(-1,0,0));
#13757=FACE_BOUND('',#13758,.T.);
#13758=EDGE_LOOP('',(#13759,#13760,#13761));
#13759=ORIENTED_EDGE('',*,*,#13762,.T.);
#13760=ORIENTED_EDGE('',*,*,#13763,.T.);
#13761=ORIENTED_EDGE('',*,*,#13764,.T.);
#13762=EDGE_CURVE('',#612,#690,#13765,.F.);
#13763=EDGE_CURVE('',#690,#614,#13766,.T.);
#13764=EDGE_CURVE('',#614,#612,#13767,.T.);
#13765=LINE('',#611,#13768);
#13766=LINE('',#689,#13769);
#13767=LINE('',#613,#13770);
#13768=VECTOR('',#13771,1.0);
#13769=VECTOR('',#13772,1.0);
#13770=VECTOR('',#13773,1.0);
#13771=DIRECTION('',(-1,0,0));
#13772=DIRECTION('',(0.9989511050009513,-0.034144270763566596,-0.030509975276990002));
#13773=DIRECTION('',(0,0.7456770016604691,0.6663075935291843));
#13774=STYLED_ITEM('',(#25),#13775);
#13775=FACE_SURFACE('',(#13780),#13776,.T.);
#13776=PLANE('',#13777);
#13777=AXIS2_PLACEMENT_3D('',#613,#13778,#13779);
#13778=DIRECTION('',(0,-0.6663075935291843,0.7456770016604691));
#13779=DIRECTION('',(-0.9989511050009513,0.034144270763566596,0.030509975276990002));
#13780=FACE_BOUND('',#13781,.T.);
#13781=EDGE_LOOP('',(#13782,#13783,#13784));
#13782=ORIENTED_EDGE('',*,*,#13785,.T.);
#13783=ORIENTED_EDGE('',*,*,#13786,.T.);
#13784=ORIENTED_EDGE('',*,*,#13787,.T.);
#13785=EDGE_CURVE('',#614,#690,#13788,.F.);
#13786=EDGE_CURVE('',#690,#692,#13789,.T.);
#13787=EDGE_CURVE('',#692,#614,#13790,.T.);
#13788=LINE('',#613,#13791);
#13789=LINE('',#689,#13792);
#13790=LINE('',#691,#13793);
#13791=VECTOR('',#13794,1.0);
#13792=VECTOR('',#13795,1.0);
#13793=VECTOR('',#13796,1.0);
#13794=DIRECTION('',(-0.9989511050009513,0.034144270763566596,0.030509975276990002));
#13795=DIRECTION('',(0,-0.7456770016604691,-0.6663075935291843));
#13796=DIRECTION('',(1,0,0));
#13797=STYLED_ITEM('',(#25),#13798);
#13798=FACE_SURFACE('',(#13803),#13799,.T.);
#13799=PLANE('',#13800);
#13800=AXIS2_PLACEMENT_3D('',#613,#13801,#13802);
#13801=DIRECTION('',(0,-0.7428726480216733,0.6694327664681998));
#13802=DIRECTION('',(-1,0,0));
#13803=FACE_BOUND('',#13804,.T.);
#13804=EDGE_LOOP('',(#13805,#13806,#13807));
#13805=ORIENTED_EDGE('',*,*,#13808,.T.);
#13806=ORIENTED_EDGE('',*,*,#13809,.T.);
#13807=ORIENTED_EDGE('',*,*,#13810,.T.);
#13808=EDGE_CURVE('',#614,#692,#13811,.F.);
#13809=EDGE_CURVE('',#692,#616,#13812,.T.);
#13810=EDGE_CURVE('',#616,#614,#13813,.T.);
#13811=LINE('',#613,#13814);
#13812=LINE('',#691,#13815);
#13813=LINE('',#615,#13816);
#13814=VECTOR('',#13817,1.0);
#13815=VECTOR('',#13818,1.0);
#13816=VECTOR('',#13819,1.0);
#13817=DIRECTION('',(-1,0,0));
#13818=DIRECTION('',(0.9989511618979312,-0.03065224481768947,-0.034014938341992956));
#13819=DIRECTION('',(0,0.6694327664681998,0.7428726480216732));
#13820=STYLED_ITEM('',(#25),#13821);
#13821=FACE_SURFACE('',(#13826),#13822,.T.);
#13822=PLANE('',#13823);
#13823=AXIS2_PLACEMENT_3D('',#615,#13824,#13825);
#13824=DIRECTION('',(0,-0.7428726480216733,0.6694327664681998));
#13825=DIRECTION('',(-0.9989511618979312,0.03065224481768947,0.034014938341992956));
#13826=FACE_BOUND('',#13827,.T.);
#13827=EDGE_LOOP('',(#13828,#13829,#13830));
#13828=ORIENTED_EDGE('',*,*,#13831,.T.);
#13829=ORIENTED_EDGE('',*,*,#13832,.T.);
#13830=ORIENTED_EDGE('',*,*,#13833,.T.);
#13831=EDGE_CURVE('',#616,#692,#13834,.F.);
#13832=EDGE_CURVE('',#692,#694,#13835,.T.);
#13833=EDGE_CURVE('',#694,#616,#13836,.T.);
#13834=LINE('',#615,#13837);
#13835=LINE('',#691,#13838);
#13836=LINE('',#693,#13839);
#13837=VECTOR('',#13840,1.0);
#13838=VECTOR('',#13841,1.0);
#13839=VECTOR('',#13842,1.0);
#13840=DIRECTION('',(-0.9989511618979312,0.03065224481768947,0.034014938341992956));
#13841=DIRECTION('',(0,-0.6694327664681998,-0.7428726480216732));
#13842=DIRECTION('',(1,0,0));
#13843=STYLED_ITEM('',(#25),#13844);
#13844=FACE_SURFACE('',(#13849),#13845,.T.);
#13845=PLANE('',#13846);
#13846=AXIS2_PLACEMENT_3D('',#615,#13847,#13848);
#13847=DIRECTION('',(0,-0.810846760675145,0.5852585161299441));
#13848=DIRECTION('',(-1,0,0));
#13849=FACE_BOUND('',#13850,.T.);
#13850=EDGE_LOOP('',(#13851,#13852,#13853));
#13851=ORIENTED_EDGE('',*,*,#13854,.T.);
#13852=ORIENTED_EDGE('',*,*,#13855,.T.);
#13853=ORIENTED_EDGE('',*,*,#13856,.T.);
#13854=EDGE_CURVE('',#616,#694,#13857,.F.);
#13855=EDGE_CURVE('',#694,#618,#13858,.T.);
#13856=EDGE_CURVE('',#618,#616,#13859,.T.);
#13857=LINE('',#615,#13860);
#13858=LINE('',#693,#13861);
#13859=LINE('',#617,#13862);
#13860=VECTOR('',#13863,1.0);
#13861=VECTOR('',#13864,1.0);
#13862=VECTOR('',#13865,1.0);
#13863=DIRECTION('',(-1,0,0));
#13864=DIRECTION('',(0.9989509061487983,-0.02680130719892083,-0.0371318870638686));
#13865=DIRECTION('',(0,0.5852585161299441,0.810846760675145));
#13866=STYLED_ITEM('',(#25),#13867);
#13867=FACE_SURFACE('',(#13872),#13868,.T.);
#13868=PLANE('',#13869);
#13869=AXIS2_PLACEMENT_3D('',#617,#13870,#13871);
#13870=DIRECTION('',(0,-0.810846760675145,0.5852585161299441));
#13871=DIRECTION('',(-0.9989509061487983,0.02680130719892083,0.0371318870638686));
#13872=FACE_BOUND('',#13873,.T.);
#13873=EDGE_LOOP('',(#13874,#13875,#13876));
#13874=ORIENTED_EDGE('',*,*,#13877,.T.);
#13875=ORIENTED_EDGE('',*,*,#13878,.T.);
#13876=ORIENTED_EDGE('',*,*,#13879,.T.);
#13877=EDGE_CURVE('',#618,#694,#13880,.F.);
#13878=EDGE_CURVE('',#694,#620,#13881,.T.);
#13879=EDGE_CURVE('',#620,#618,#13882,.T.);
#13880=LINE('',#617,#13883);
#13881=LINE('',#693,#13884);
#13882=LINE('',#619,#13885);
#13883=VECTOR('',#13886,1.0);
#13884=VECTOR('',#13887,1.0);
#13885=VECTOR('',#13888,1.0);
#13886=DIRECTION('',(-0.9989509061487983,0.02680130719892083,0.0371318870638686));
#13887=DIRECTION('',(0,-0.5852585161299441,-0.810846760675145));
#13888=DIRECTION('',(1,0,0));
#13889=STYLED_ITEM('',(#25),#13890);
#13890=FACE_SURFACE('',(#13895),#13891,.T.);
#13891=PLANE('',#13892);
#13892=AXIS2_PLACEMENT_3D('',#603,#13893,#13894);
#13893=DIRECTION('',(0,-0.29233873024681756,0.9563148366503985));
#13894=DIRECTION('',(0,0.9563148366503985,0.29233873024681756));
#13895=FACE_BOUND('',#13896,.T.);
#13896=EDGE_LOOP('',(#13897,#13898,#13899));
#13897=ORIENTED_EDGE('',*,*,#13900,.T.);
#13898=ORIENTED_EDGE('',*,*,#13901,.T.);
#13899=ORIENTED_EDGE('',*,*,#13902,.T.);
#13900=EDGE_CURVE('',#604,#602,#13903,.F.);
#13901=EDGE_CURVE('',#602,#682,#13904,.T.);
#13902=EDGE_CURVE('',#682,#604,#13905,.T.);
#13903=LINE('',#603,#13906);
#13904=LINE('',#601,#13907);
#13905=LINE('',#681,#13908);
#13906=VECTOR('',#13909,1.0);
#13907=VECTOR('',#13910,1.0);
#13908=VECTOR('',#13911,1.0);
#13909=DIRECTION('',(0,0.9563148366503985,0.29233873024681756));
#13910=DIRECTION('',(-1,0,0));
#13911=DIRECTION('',(0.9989511010689193,-0.04378938041011736,-0.013386106098935677));
#13912=STYLED_ITEM('',(#25),#13913);
#13913=FACE_SURFACE('',(#13918),#13914,.T.);
#13914=PLANE('',#13915);
#13915=AXIS2_PLACEMENT_3D('',#681,#13916,#13917);
#13916=DIRECTION('',(0,-0.18781287070968733,0.982204828737767));
#13917=DIRECTION('',(1,0,0));
#13918=FACE_BOUND('',#13919,.T.);
#13919=EDGE_LOOP('',(#13920,#13921,#13922));
#13920=ORIENTED_EDGE('',*,*,#13923,.T.);
#13921=ORIENTED_EDGE('',*,*,#13924,.T.);
#13922=ORIENTED_EDGE('',*,*,#13925,.T.);
#13923=EDGE_CURVE('',#682,#602,#13926,.F.);
#13924=EDGE_CURVE('',#602,#696,#13927,.T.);
#13925=EDGE_CURVE('',#696,#682,#13928,.T.);
#13926=LINE('',#681,#13929);
#13927=LINE('',#601,#13930);
#13928=LINE('',#695,#13931);
#13929=VECTOR('',#13932,1.0);
#13930=VECTOR('',#13933,1.0);
#13931=VECTOR('',#13934,1.0);
#13932=DIRECTION('',(1,0,0));
#13933=DIRECTION('',(-0.9989508970419458,0.04497924732118313,0.008600733079889808));
#13934=DIRECTION('',(0,-0.982204828737767,-0.18781287070968733));
#13935=STYLED_ITEM('',(#25),#13936);
#13936=FACE_SURFACE('',(#13941),#13937,.T.);
#13937=PLANE('',#13938);
#13938=AXIS2_PLACEMENT_3D('',#681,#13939,#13940);
#13939=DIRECTION('',(0,-0.1878128707096873,0.9822048287377669));
#13940=DIRECTION('',(0,0.982204828737767,0.18781287070968733));
#13941=FACE_BOUND('',#13942,.T.);
#13942=EDGE_LOOP('',(#13943,#13944,#13945));
#13943=ORIENTED_EDGE('',*,*,#13946,.T.);
#13944=ORIENTED_EDGE('',*,*,#13947,.T.);
#13945=ORIENTED_EDGE('',*,*,#13948,.T.);
#13946=EDGE_CURVE('',#682,#696,#13949,.F.);
#13947=EDGE_CURVE('',#696,#678,#13950,.T.);
#13948=EDGE_CURVE('',#678,#682,#13951,.T.);
#13949=LINE('',#681,#13952);
#13950=LINE('',#695,#13953);
#13951=LINE('',#677,#13954);
#13952=VECTOR('',#13955,1.0);
#13953=VECTOR('',#13956,1.0);
#13954=VECTOR('',#13957,1.0);
#13955=DIRECTION('',(0,0.982204828737767,0.18781287070968733));
#13956=DIRECTION('',(-1,0,0));
#13957=DIRECTION('',(0.998950900432284,-0.044979174680576606,-0.008600719189873752));
#13958=STYLED_ITEM('',(#25),#13959);
#13959=FACE_SURFACE('',(#13964),#13960,.T.);
#13960=PLANE('',#13961);
#13961=AXIS2_PLACEMENT_3D('',#677,#13962,#13963);
#13962=DIRECTION('',(0,-0.08049734333593091,0.9967548232719304));
#13963=DIRECTION('',(1,0,0));
#13964=FACE_BOUND('',#13965,.T.);
#13965=EDGE_LOOP('',(#13966,#13967,#13968));
#13966=ORIENTED_EDGE('',*,*,#13969,.T.);
#13967=ORIENTED_EDGE('',*,*,#13970,.T.);
#13968=ORIENTED_EDGE('',*,*,#13971,.T.);
#13969=EDGE_CURVE('',#678,#696,#13972,.F.);
#13970=EDGE_CURVE('',#696,#698,#13973,.T.);
#13971=EDGE_CURVE('',#698,#678,#13974,.T.);
#13972=LINE('',#677,#13975);
#13973=LINE('',#695,#13976);
#13974=LINE('',#697,#13977);
#13975=VECTOR('',#13978,1.0);
#13976=VECTOR('',#13979,1.0);
#13977=VECTOR('',#13980,1.0);
#13978=DIRECTION('',(1,0,0));
#13979=DIRECTION('',(-0.9989510595145237,0.04564201933020993,0.003686023096942428));
#13980=DIRECTION('',(0,-0.9967548232719304,-0.08049734333593091));
#13981=STYLED_ITEM('',(#25),#13982);
#13982=FACE_SURFACE('',(#13987),#13983,.T.);
#13983=PLANE('',#13984);
#13984=AXIS2_PLACEMENT_3D('',#677,#13985,#13986);
#13985=DIRECTION('',(0,-0.0804973433359309,0.9967548232719303));
#13986=DIRECTION('',(0,0.9967548232719304,0.08049734333593091));
#13987=FACE_BOUND('',#13988,.T.);
#13988=EDGE_LOOP('',(#13989,#13990,#13991));
#13989=ORIENTED_EDGE('',*,*,#13992,.T.);
#13990=ORIENTED_EDGE('',*,*,#13993,.T.);
#13991=ORIENTED_EDGE('',*,*,#13994,.T.);
#13992=EDGE_CURVE('',#678,#698,#13995,.F.);
#13993=EDGE_CURVE('',#698,#674,#13996,.T.);
#13994=EDGE_CURVE('',#674,#678,#13997,.T.);
#13995=LINE('',#677,#13998);
#13996=LINE('',#697,#13999);
#13997=LINE('',#673,#14000);
#13998=VECTOR('',#14001,1.0);
#13999=VECTOR('',#14002,1.0);
#14000=VECTOR('',#14003,1.0);
#14001=DIRECTION('',(0,0.9967548232719304,0.08049734333593091));
#14002=DIRECTION('',(-1,0,0));
#14003=DIRECTION('',(0.9989510561246988,-0.04564209304132282,-0.0036860290498092955));
#14004=STYLED_ITEM('',(#25),#14005);
#14005=FACE_SURFACE('',(#14010),#14006,.T.);
#14006=PLANE('',#14007);
#14007=AXIS2_PLACEMENT_3D('',#673,#14008,#14009);
#14008=DIRECTION('',(-0,0.02739664906751419,0.9996246413628825));
#14009=DIRECTION('',(1,0,0));
#14010=FACE_BOUND('',#14011,.T.);
#14011=EDGE_LOOP('',(#14012,#14013,#14014));
#14012=ORIENTED_EDGE('',*,*,#14015,.T.);
#14013=ORIENTED_EDGE('',*,*,#14016,.T.);
#14014=ORIENTED_EDGE('',*,*,#14017,.T.);
#14015=EDGE_CURVE('',#674,#698,#14018,.F.);
#14016=EDGE_CURVE('',#698,#700,#14019,.T.);
#14017=EDGE_CURVE('',#700,#674,#14020,.T.);
#14018=LINE('',#673,#14021);
#14019=LINE('',#697,#14022);
#14020=LINE('',#699,#14023);
#14021=VECTOR('',#14024,1.0);
#14022=VECTOR('',#14025,1.0);
#14023=VECTOR('',#14026,1.0);
#14024=DIRECTION('',(1,0,0));
#14025=DIRECTION('',(-0.9989510031910989,0.04577465832720148,-0.0012545431539841897));
#14026=DIRECTION('',(0,-0.9996246413628824,0.02739664906751419));
#14027=STYLED_ITEM('',(#25),#14028);
#14028=FACE_SURFACE('',(#14033),#14029,.T.);
#14029=PLANE('',#14030);
#14030=AXIS2_PLACEMENT_3D('',#673,#14031,#14032);
#14031=DIRECTION('',(0,0.027396649067514194,0.9996246413628826));
#14032=DIRECTION('',(0,0.9996246413628824,-0.02739664906751419));
#14033=FACE_BOUND('',#14034,.T.);
#14034=EDGE_LOOP('',(#14035,#14036,#14037));
#14035=ORIENTED_EDGE('',*,*,#14038,.T.);
#14036=ORIENTED_EDGE('',*,*,#14039,.T.);
#14037=ORIENTED_EDGE('',*,*,#14040,.T.);
#14038=EDGE_CURVE('',#674,#700,#14041,.F.);
#14039=EDGE_CURVE('',#700,#670,#14042,.T.);
#14040=EDGE_CURVE('',#670,#674,#14043,.T.);
#14041=LINE('',#673,#14044);
#14042=LINE('',#699,#14045);
#14043=LINE('',#669,#14046);
#14044=VECTOR('',#14047,1.0);
#14045=VECTOR('',#14048,1.0);
#14046=VECTOR('',#14049,1.0);
#14047=DIRECTION('',(0,0.9996246413628824,-0.02739664906751419));
#14048=DIRECTION('',(-1,0,0));
#14049=DIRECTION('',(0.9989510065810945,-0.04577458440200599,0.0012545411279210514));
#14050=STYLED_ITEM('',(#25),#14051);
#14051=FACE_SURFACE('',(#14056),#14052,.T.);
#14052=PLANE('',#14053);
#14053=AXIS2_PLACEMENT_3D('',#669,#14054,#14055);
#14054=DIRECTION('',(-0,0.1350029233039632,0.9908452001697259));
#14055=DIRECTION('',(1,0,0));
#14056=FACE_BOUND('',#14057,.T.);
#14057=EDGE_LOOP('',(#14058,#14059,#14060));
#14058=ORIENTED_EDGE('',*,*,#14061,.T.);
#14059=ORIENTED_EDGE('',*,*,#14062,.T.);
#14060=ORIENTED_EDGE('',*,*,#14063,.T.);
#14061=EDGE_CURVE('',#670,#700,#14064,.F.);
#14062=EDGE_CURVE('',#700,#666,#14065,.T.);
#14063=EDGE_CURVE('',#666,#670,#14066,.T.);
#14064=LINE('',#669,#14067);
#14065=LINE('',#699,#14068);
#14066=LINE('',#665,#14069);
#14067=VECTOR('',#14070,1.0);
#14068=VECTOR('',#14071,1.0);
#14069=VECTOR('',#14072,1.0);
#14070=DIRECTION('',(1,0,0));
#14071=DIRECTION('',(-0.9999343377579304,0.011354591970310107,-0.0015470661902111397));
#14072=DIRECTION('',(0.9998832759722504,-0.015138688987018555,0.0020626504199515055));
#14073=STYLED_ITEM('',(#25),#14074);
#14074=FACE_SURFACE('',(#14079),#14075,.T.);
#14075=PLANE('',#14076);
#14076=AXIS2_PLACEMENT_3D('',#601,#14077,#14078);
#14077=DIRECTION('',(0,-0.18781287070968733,0.982204828737767));
#14078=DIRECTION('',(0,0.982204828737767,0.18781287070968733));
#14079=FACE_BOUND('',#14080,.T.);
#14080=EDGE_LOOP('',(#14081,#14082,#14083));
#14081=ORIENTED_EDGE('',*,*,#14084,.T.);
#14082=ORIENTED_EDGE('',*,*,#14085,.T.);
#14083=ORIENTED_EDGE('',*,*,#14086,.T.);
#14084=EDGE_CURVE('',#602,#600,#14087,.F.);
#14085=EDGE_CURVE('',#600,#696,#14088,.T.);
#14086=EDGE_CURVE('',#696,#602,#14089,.T.);
#14087=LINE('',#601,#14090);
#14088=LINE('',#599,#14091);
#14089=LINE('',#695,#14092);
#14090=VECTOR('',#14093,1.0);
#14091=VECTOR('',#14094,1.0);
#14092=VECTOR('',#14095,1.0);
#14093=DIRECTION('',(0,0.982204828737767,0.18781287070968733));
#14094=DIRECTION('',(-1,0,0));
#14095=DIRECTION('',(0.9989508970419458,-0.04497924732118313,-0.008600733079889808));
#14096=STYLED_ITEM('',(#25),#14097);
#14097=FACE_SURFACE('',(#14102),#14098,.T.);
#14098=PLANE('',#14099);
#14099=AXIS2_PLACEMENT_3D('',#695,#14100,#14101);
#14100=DIRECTION('',(0,-0.0804973433359309,0.9967548232719303));
#14101=DIRECTION('',(1,0,0));
#14102=FACE_BOUND('',#14103,.T.);
#14103=EDGE_LOOP('',(#14104,#14105,#14106));
#14104=ORIENTED_EDGE('',*,*,#14107,.T.);
#14105=ORIENTED_EDGE('',*,*,#14108,.T.);
#14106=ORIENTED_EDGE('',*,*,#14109,.T.);
#14107=EDGE_CURVE('',#696,#600,#14110,.F.);
#14108=EDGE_CURVE('',#600,#702,#14111,.T.);
#14109=EDGE_CURVE('',#702,#696,#14112,.T.);
#14110=LINE('',#695,#14113);
#14111=LINE('',#599,#14114);
#14112=LINE('',#701,#14115);
#14113=VECTOR('',#14116,1.0);
#14114=VECTOR('',#14117,1.0);
#14115=VECTOR('',#14118,1.0);
#14116=DIRECTION('',(1,0,0));
#14117=DIRECTION('',(-0.9989510561246988,0.04564209304132282,0.0036860290498092955));
#14118=DIRECTION('',(0,-0.9967548232719304,-0.08049734333593091));
#14119=STYLED_ITEM('',(#25),#14120);
#14120=FACE_SURFACE('',(#14125),#14121,.T.);
#14121=PLANE('',#14122);
#14122=AXIS2_PLACEMENT_3D('',#695,#14123,#14124);
#14123=DIRECTION('',(0,-0.08049734333593091,0.9967548232719304));
#14124=DIRECTION('',(0,0.9967548232719304,0.08049734333593091));
#14125=FACE_BOUND('',#14126,.T.);
#14126=EDGE_LOOP('',(#14127,#14128,#14129));
#14127=ORIENTED_EDGE('',*,*,#14130,.T.);
#14128=ORIENTED_EDGE('',*,*,#14131,.T.);
#14129=ORIENTED_EDGE('',*,*,#14132,.T.);
#14130=EDGE_CURVE('',#696,#702,#14133,.F.);
#14131=EDGE_CURVE('',#702,#698,#14134,.T.);
#14132=EDGE_CURVE('',#698,#696,#14135,.T.);
#14133=LINE('',#695,#14136);
#14134=LINE('',#701,#14137);
#14135=LINE('',#697,#14138);
#14136=VECTOR('',#14139,1.0);
#14137=VECTOR('',#14140,1.0);
#14138=VECTOR('',#14141,1.0);
#14139=DIRECTION('',(0,0.9967548232719304,0.08049734333593091));
#14140=DIRECTION('',(-1,0,0));
#14141=DIRECTION('',(0.9989510595145237,-0.04564201933020993,-0.003686023096942428));
#14142=STYLED_ITEM('',(#25),#14143);
#14143=FACE_SURFACE('',(#14148),#14144,.T.);
#14144=PLANE('',#14145);
#14145=AXIS2_PLACEMENT_3D('',#697,#14146,#14147);
#14146=DIRECTION('',(-0,0.027396649067514194,0.9996246413628826));
#14147=DIRECTION('',(1,0,0));
#14148=FACE_BOUND('',#14149,.T.);
#14149=EDGE_LOOP('',(#14150,#14151,#14152));
#14150=ORIENTED_EDGE('',*,*,#14153,.T.);
#14151=ORIENTED_EDGE('',*,*,#14154,.T.);
#14152=ORIENTED_EDGE('',*,*,#14155,.T.);
#14153=EDGE_CURVE('',#698,#702,#14156,.F.);
#14154=EDGE_CURVE('',#702,#704,#14157,.T.);
#14155=EDGE_CURVE('',#704,#698,#14158,.T.);
#14156=LINE('',#697,#14159);
#14157=LINE('',#701,#14160);
#14158=LINE('',#703,#14161);
#14159=VECTOR('',#14162,1.0);
#14160=VECTOR('',#14163,1.0);
#14161=VECTOR('',#14164,1.0);
#14162=DIRECTION('',(1,0,0));
#14163=DIRECTION('',(-0.9989510065810945,0.04577458440200599,-0.0012545411279210514));
#14164=DIRECTION('',(0,-0.9996246413628824,0.02739664906751419));
#14165=STYLED_ITEM('',(#25),#14166);
#14166=FACE_SURFACE('',(#14171),#14167,.T.);
#14167=PLANE('',#14168);
#14168=AXIS2_PLACEMENT_3D('',#697,#14169,#14170);
#14169=DIRECTION('',(0,0.02739664906751419,0.9996246413628825));
#14170=DIRECTION('',(0,0.9996246413628824,-0.02739664906751419));
#14171=FACE_BOUND('',#14172,.T.);
#14172=EDGE_LOOP('',(#14173,#14174,#14175));
#14173=ORIENTED_EDGE('',*,*,#14176,.T.);
#14174=ORIENTED_EDGE('',*,*,#14177,.T.);
#14175=ORIENTED_EDGE('',*,*,#14178,.T.);
#14176=EDGE_CURVE('',#698,#704,#14179,.F.);
#14177=EDGE_CURVE('',#704,#700,#14180,.T.);
#14178=EDGE_CURVE('',#700,#698,#14181,.T.);
#14179=LINE('',#697,#14182);
#14180=LINE('',#703,#14183);
#14181=LINE('',#699,#14184);
#14182=VECTOR('',#14185,1.0);
#14183=VECTOR('',#14186,1.0);
#14184=VECTOR('',#14187,1.0);
#14185=DIRECTION('',(0,0.9996246413628824,-0.02739664906751419));
#14186=DIRECTION('',(-1,0,0));
#14187=DIRECTION('',(0.9989510031910989,-0.04577465832720148,0.0012545431539841897));
#14188=STYLED_ITEM('',(#25),#14189);
#14189=FACE_SURFACE('',(#14194),#14190,.T.);
#14190=PLANE('',#14191);
#14191=AXIS2_PLACEMENT_3D('',#699,#14192,#14193);
#14192=DIRECTION('',(-0,0.13500292330396324,0.990845200169726));
#14193=DIRECTION('',(1,0,0));
#14194=FACE_BOUND('',#14195,.T.);
#14195=EDGE_LOOP('',(#14196,#14197,#14198));
#14196=ORIENTED_EDGE('',*,*,#14199,.T.);
#14197=ORIENTED_EDGE('',*,*,#14200,.T.);
#14198=ORIENTED_EDGE('',*,*,#14201,.T.);
#14199=EDGE_CURVE('',#700,#704,#14202,.F.);
#14200=EDGE_CURVE('',#704,#596,#14203,.T.);
#14201=EDGE_CURVE('',#596,#700,#14204,.T.);
#14202=LINE('',#699,#14205);
#14203=LINE('',#703,#14206);
#14204=LINE('',#595,#14207);
#14205=VECTOR('',#14208,1.0);
#14206=VECTOR('',#14209,1.0);
#14207=VECTOR('',#14210,1.0);
#14208=DIRECTION('',(1,0,0));
#14209=DIRECTION('',(0.9997374288244801,0.022704702819605214,-0.0030935218264865083));
#14210=DIRECTION('',(-0.999883276098164,-0.015138680822227354,0.0020626493074965228));
#14211=STYLED_ITEM('',(#25),#14212);
#14212=FACE_SURFACE('',(#14217),#14213,.T.);
#14213=PLANE('',#14214);
#14214=AXIS2_PLACEMENT_3D('',#699,#14215,#14216);
#14215=DIRECTION('',(0,0.1350029233039632,0.9908452001697259));
#14216=DIRECTION('',(0.999883276098164,0.015138680822227354,-0.0020626493074965228));
#14217=FACE_BOUND('',#14218,.T.);
#14218=EDGE_LOOP('',(#14219,#14220,#14221));
#14219=ORIENTED_EDGE('',*,*,#14222,.T.);
#14220=ORIENTED_EDGE('',*,*,#14223,.T.);
#14221=ORIENTED_EDGE('',*,*,#14224,.T.);
#14222=EDGE_CURVE('',#700,#596,#14225,.F.);
#14223=EDGE_CURVE('',#596,#666,#14226,.T.);
#14224=EDGE_CURVE('',#666,#700,#14227,.T.);
#14225=LINE('',#699,#14228);
#14226=LINE('',#595,#14229);
#14227=LINE('',#665,#14230);
#14228=VECTOR('',#14231,1.0);
#14229=VECTOR('',#14232,1.0);
#14230=VECTOR('',#14233,1.0);
#14231=DIRECTION('',(0.999883276098164,0.015138680822227354,-0.0020626493074965228));
#14232=DIRECTION('',(-1,0,0));
#14233=DIRECTION('',(0.9999343377579304,-0.011354591970310107,0.0015470661902111397));
#14234=STYLED_ITEM('',(#25),#14235);
#14235=FACE_SURFACE('',(#14240),#14236,.T.);
#14236=PLANE('',#14237);
#14237=AXIS2_PLACEMENT_3D('',#599,#14238,#14239);
#14238=DIRECTION('',(0,-0.0804973433359309,0.9967548232719303));
#14239=DIRECTION('',(0,0.9967548232719304,0.08049734333593091));
#14240=FACE_BOUND('',#14241,.T.);
#14241=EDGE_LOOP('',(#14242,#14243,#14244));
#14242=ORIENTED_EDGE('',*,*,#14245,.T.);
#14243=ORIENTED_EDGE('',*,*,#14246,.T.);
#14244=ORIENTED_EDGE('',*,*,#14247,.T.);
#14245=EDGE_CURVE('',#600,#606,#14248,.F.);
#14246=EDGE_CURVE('',#606,#702,#14249,.T.);
#14247=EDGE_CURVE('',#702,#600,#14250,.T.);
#14248=LINE('',#599,#14251);
#14249=LINE('',#605,#14252);
#14250=LINE('',#701,#14253);
#14251=VECTOR('',#14254,1.0);
#14252=VECTOR('',#14255,1.0);
#14253=VECTOR('',#14256,1.0);
#14254=DIRECTION('',(0,0.9967548232719304,0.08049734333593091));
#14255=DIRECTION('',(-1,0,0));
#14256=DIRECTION('',(0.9989510561246988,-0.04564209304132282,-0.0036860290498092955));
#14257=STYLED_ITEM('',(#25),#14258);
#14258=FACE_SURFACE('',(#14263),#14259,.T.);
#14259=PLANE('',#14260);
#14260=AXIS2_PLACEMENT_3D('',#701,#14261,#14262);
#14261=DIRECTION('',(-0,0.02739664906751419,0.9996246413628825));
#14262=DIRECTION('',(1,0,0));
#14263=FACE_BOUND('',#14264,.T.);
#14264=EDGE_LOOP('',(#14265,#14266,#14267));
#14265=ORIENTED_EDGE('',*,*,#14268,.T.);
#14266=ORIENTED_EDGE('',*,*,#14269,.T.);
#14267=ORIENTED_EDGE('',*,*,#14270,.T.);
#14268=EDGE_CURVE('',#702,#606,#14271,.F.);
#14269=EDGE_CURVE('',#606,#706,#14272,.T.);
#14270=EDGE_CURVE('',#706,#702,#14273,.T.);
#14271=LINE('',#701,#14274);
#14272=LINE('',#605,#14275);
#14273=LINE('',#705,#14276);
#14274=VECTOR('',#14277,1.0);
#14275=VECTOR('',#14278,1.0);
#14276=VECTOR('',#14279,1.0);
#14277=DIRECTION('',(1,0,0));
#14278=DIRECTION('',(-0.9989510031910989,0.04577465832720148,-0.0012545431539841897));
#14279=DIRECTION('',(0,-0.9996246413628824,0.02739664906751419));
#14280=STYLED_ITEM('',(#25),#14281);
#14281=FACE_SURFACE('',(#14286),#14282,.T.);
#14282=PLANE('',#14283);
#14283=AXIS2_PLACEMENT_3D('',#701,#14284,#14285);
#14284=DIRECTION('',(0,0.027396649067514194,0.9996246413628826));
#14285=DIRECTION('',(0,0.9996246413628824,-0.02739664906751419));
#14286=FACE_BOUND('',#14287,.T.);
#14287=EDGE_LOOP('',(#14288,#14289,#14290));
#14288=ORIENTED_EDGE('',*,*,#14291,.T.);
#14289=ORIENTED_EDGE('',*,*,#14292,.T.);
#14290=ORIENTED_EDGE('',*,*,#14293,.T.);
#14291=EDGE_CURVE('',#702,#706,#14294,.F.);
#14292=EDGE_CURVE('',#706,#704,#14295,.T.);
#14293=EDGE_CURVE('',#704,#702,#14296,.T.);
#14294=LINE('',#701,#14297);
#14295=LINE('',#705,#14298);
#14296=LINE('',#703,#14299);
#14297=VECTOR('',#14300,1.0);
#14298=VECTOR('',#14301,1.0);
#14299=VECTOR('',#14302,1.0);
#14300=DIRECTION('',(0,0.9996246413628824,-0.02739664906751419));
#14301=DIRECTION('',(-1,0,0));
#14302=DIRECTION('',(0.9989510065810945,-0.04577458440200599,0.0012545411279210514));
#14303=STYLED_ITEM('',(#25),#14304);
#14304=FACE_SURFACE('',(#14309),#14305,.T.);
#14305=PLANE('',#14306);
#14306=AXIS2_PLACEMENT_3D('',#703,#14307,#14308);
#14307=DIRECTION('',(-0,0.1350029233039632,0.9908452001697259));
#14308=DIRECTION('',(1,0,0));
#14309=FACE_BOUND('',#14310,.T.);
#14310=EDGE_LOOP('',(#14311,#14312,#14313));
#14311=ORIENTED_EDGE('',*,*,#14314,.T.);
#14312=ORIENTED_EDGE('',*,*,#14315,.T.);
#14313=ORIENTED_EDGE('',*,*,#14316,.T.);
#14314=EDGE_CURVE('',#704,#706,#14317,.F.);
#14315=EDGE_CURVE('',#706,#596,#14318,.T.);
#14316=EDGE_CURVE('',#596,#704,#14319,.T.);
#14317=LINE('',#703,#14320);
#14318=LINE('',#705,#14321);
#14319=LINE('',#595,#14322);
#14320=VECTOR('',#14323,1.0);
#14321=VECTOR('',#14324,1.0);
#14322=VECTOR('',#14325,1.0);
#14323=DIRECTION('',(1,0,0));
#14324=DIRECTION('',(0.9989509528527517,0.045373719568873,-0.006182181416353251));
#14325=DIRECTION('',(-0.9997374288244801,-0.022704702819605214,0.0030935218264865083));
#14326=STYLED_ITEM('',(#25),#14327);
#14327=FACE_SURFACE('',(#14332),#14328,.T.);
#14328=PLANE('',#14329);
#14329=AXIS2_PLACEMENT_3D('',#605,#14330,#14331);
#14330=DIRECTION('',(0,0.02739664906751419,0.9996246413628825));
#14331=DIRECTION('',(0,0.9996246413628824,-0.02739664906751419));
#14332=FACE_BOUND('',#14333,.T.);
#14333=EDGE_LOOP('',(#14334,#14335,#14336));
#14334=ORIENTED_EDGE('',*,*,#14337,.T.);
#14335=ORIENTED_EDGE('',*,*,#14338,.T.);
#14336=ORIENTED_EDGE('',*,*,#14339,.T.);
#14337=EDGE_CURVE('',#606,#598,#14340,.F.);
#14338=EDGE_CURVE('',#598,#706,#14341,.T.);
#14339=EDGE_CURVE('',#706,#606,#14342,.T.);
#14340=LINE('',#605,#14343);
#14341=LINE('',#597,#14344);
#14342=LINE('',#705,#14345);
#14343=VECTOR('',#14346,1.0);
#14344=VECTOR('',#14347,1.0);
#14345=VECTOR('',#14348,1.0);
#14346=DIRECTION('',(0,0.9996246413628824,-0.02739664906751419));
#14347=DIRECTION('',(-1,0,0));
#14348=DIRECTION('',(0.9989510031910989,-0.04577465832720148,0.0012545431539841897));
#14349=STYLED_ITEM('',(#25),#14350);
#14350=FACE_SURFACE('',(#14355),#14351,.T.);
#14351=PLANE('',#14352);
#14352=AXIS2_PLACEMENT_3D('',#705,#14353,#14354);
#14353=DIRECTION('',(-0,0.13500292330396324,0.990845200169726));
#14354=DIRECTION('',(1,0,0));
#14355=FACE_BOUND('',#14356,.T.);
#14356=EDGE_LOOP('',(#14357,#14358,#14359));
#14357=ORIENTED_EDGE('',*,*,#14360,.T.);
#14358=ORIENTED_EDGE('',*,*,#14361,.T.);
#14359=ORIENTED_EDGE('',*,*,#14362,.T.);
#14360=EDGE_CURVE('',#706,#598,#14363,.F.);
#14361=EDGE_CURVE('',#598,#596,#14364,.T.);
#14362=EDGE_CURVE('',#596,#706,#14365,.T.);
#14363=LINE('',#705,#14366);
#14364=LINE('',#597,#14367);
#14365=LINE('',#595,#14368);
#14366=VECTOR('',#14369,1.0);
#14367=VECTOR('',#14370,1.0);
#14368=VECTOR('',#14371,1.0);
#14369=DIRECTION('',(1,0,0));
#14370=DIRECTION('',(0,0.9908452001697259,-0.1350029233039632));
#14371=DIRECTION('',(-0.9989509528527517,-0.045373719568873,0.006182181416353251));
#14372=STYLED_ITEM('',(#25),#14373);
#14373=FACE_SURFACE('',(#14378),#14374,.T.);
#14374=PLANE('',#14375);
#14375=AXIS2_PLACEMENT_3D('',#639,#14376,#14377);
#14376=DIRECTION('',(0,-0.5820593846284958,0.8131462800541468));
#14377=DIRECTION('',(0,-0.8131462800541467,-0.5820593846284957));
#14378=FACE_BOUND('',#14379,.T.);
#14379=EDGE_LOOP('',(#14380,#14381,#14382));
#14380=ORIENTED_EDGE('',*,*,#14383,.T.);
#14381=ORIENTED_EDGE('',*,*,#14384,.T.);
#14382=ORIENTED_EDGE('',*,*,#14385,.T.);
#14383=EDGE_CURVE('',#640,#708,#14386,.F.);
#14384=EDGE_CURVE('',#708,#636,#14387,.T.);
#14385=EDGE_CURVE('',#636,#640,#14388,.T.);
#14386=LINE('',#639,#14389);
#14387=LINE('',#707,#14390);
#14388=LINE('',#635,#14391);
#14389=VECTOR('',#14392,1.0);
#14390=VECTOR('',#14393,1.0);
#14391=VECTOR('',#14394,1.0);
#14392=DIRECTION('',(0,-0.8131462800541467,-0.5820593846284957));
#14393=DIRECTION('',(1,0,0));
#14394=DIRECTION('',(-0.9989508241802948,0.037238645099334375,0.026655847026040864));
#14395=STYLED_ITEM('',(#25),#14396);
#14396=FACE_SURFACE('',(#14401),#14397,.T.);
#14397=PLANE('',#14398);
#14398=AXIS2_PLACEMENT_3D('',#635,#14399,#14400);
#14399=DIRECTION('',(0,-0.6663075935291843,0.7456770016604691));
#14400=DIRECTION('',(-1,0,0));
#14401=FACE_BOUND('',#14402,.T.);
#14402=EDGE_LOOP('',(#14403,#14404,#14405));
#14403=ORIENTED_EDGE('',*,*,#14406,.T.);
#14404=ORIENTED_EDGE('',*,*,#14407,.T.);
#14405=ORIENTED_EDGE('',*,*,#14408,.T.);
#14406=EDGE_CURVE('',#636,#708,#14409,.F.);
#14407=EDGE_CURVE('',#708,#710,#14410,.T.);
#14408=EDGE_CURVE('',#710,#636,#14411,.T.);
#14409=LINE('',#635,#14412);
#14410=LINE('',#707,#14413);
#14411=LINE('',#709,#14414);
#14412=VECTOR('',#14415,1.0);
#14413=VECTOR('',#14416,1.0);
#14414=VECTOR('',#14417,1.0);
#14415=DIRECTION('',(-1,0,0));
#14416=DIRECTION('',(0.9989511016112677,-0.03414432590609834,-0.030510024550184082));
#14417=DIRECTION('',(0,0.7456770016604691,0.6663075935291843));
#14418=STYLED_ITEM('',(#25),#14419);
#14419=FACE_SURFACE('',(#14424),#14420,.T.);
#14420=PLANE('',#14421);
#14421=AXIS2_PLACEMENT_3D('',#635,#14422,#14423);
#14422=DIRECTION('',(0,-0.6663075935291843,0.7456770016604691));
#14423=DIRECTION('',(0,-0.7456770016604691,-0.6663075935291843));
#14424=FACE_BOUND('',#14425,.T.);
#14425=EDGE_LOOP('',(#14426,#14427,#14428));
#14426=ORIENTED_EDGE('',*,*,#14429,.T.);
#14427=ORIENTED_EDGE('',*,*,#14430,.T.);
#14428=ORIENTED_EDGE('',*,*,#14431,.T.);
#14429=EDGE_CURVE('',#636,#710,#14432,.F.);
#14430=EDGE_CURVE('',#710,#632,#14433,.T.);
#14431=EDGE_CURVE('',#632,#636,#14434,.T.);
#14432=LINE('',#635,#14435);
#14433=LINE('',#709,#14436);
#14434=LINE('',#631,#14437);
#14435=VECTOR('',#14438,1.0);
#14436=VECTOR('',#14439,1.0);
#14437=VECTOR('',#14440,1.0);
#14438=DIRECTION('',(0,-0.7456770016604691,-0.6663075935291843));
#14439=DIRECTION('',(1,0,0));
#14440=DIRECTION('',(-0.9989511083906185,0.03414421562121278,0.03050992600395491));
#14441=STYLED_ITEM('',(#25),#14442);
#14442=FACE_SURFACE('',(#14447),#14443,.T.);
#14443=PLANE('',#14444);
#14444=AXIS2_PLACEMENT_3D('',#631,#14445,#14446);
#14445=DIRECTION('',(0,-0.7428726480216732,0.6694327664681998));
#14446=DIRECTION('',(-1,0,0));
#14447=FACE_BOUND('',#14448,.T.);
#14448=EDGE_LOOP('',(#14449,#14450,#14451));
#14449=ORIENTED_EDGE('',*,*,#14452,.T.);
#14450=ORIENTED_EDGE('',*,*,#14453,.T.);
#14451=ORIENTED_EDGE('',*,*,#14454,.T.);
#14452=EDGE_CURVE('',#632,#710,#14455,.F.);
#14453=EDGE_CURVE('',#710,#712,#14456,.T.);
#14454=EDGE_CURVE('',#712,#632,#14457,.T.);
#14455=LINE('',#631,#14458);
#14456=LINE('',#709,#14459);
#14457=LINE('',#711,#14460);
#14458=VECTOR('',#14461,1.0);
#14459=VECTOR('',#14462,1.0);
#14460=VECTOR('',#14463,1.0);
#14461=DIRECTION('',(-1,0,0));
#14462=DIRECTION('',(0.9989511652874148,-0.030652195314886107,-0.034014883408502304));
#14463=DIRECTION('',(0,0.6694327664681998,0.7428726480216732));
#14464=STYLED_ITEM('',(#25),#14465);
#14465=FACE_SURFACE('',(#14470),#14466,.T.);
#14466=PLANE('',#14467);
#14467=AXIS2_PLACEMENT_3D('',#631,#14468,#14469);
#14468=DIRECTION('',(0,-0.7428726480216733,0.6694327664681998));
#14469=DIRECTION('',(0,-0.6694327664681998,-0.7428726480216732));
#14470=FACE_BOUND('',#14471,.T.);
#14471=EDGE_LOOP('',(#14472,#14473,#14474));
#14472=ORIENTED_EDGE('',*,*,#14475,.T.);
#14473=ORIENTED_EDGE('',*,*,#14476,.T.);
#14474=ORIENTED_EDGE('',*,*,#14477,.T.);
#14475=EDGE_CURVE('',#632,#712,#14478,.F.);
#14476=EDGE_CURVE('',#712,#628,#14479,.T.);
#14477=EDGE_CURVE('',#628,#632,#14480,.T.);
#14478=LINE('',#631,#14481);
#14479=LINE('',#711,#14482);
#14480=LINE('',#627,#14483);
#14481=VECTOR('',#14484,1.0);
#14482=VECTOR('',#14485,1.0);
#14483=VECTOR('',#14486,1.0);
#14484=DIRECTION('',(0,-0.6694327664681998,-0.7428726480216732));
#14485=DIRECTION('',(1,0,0));
#14486=DIRECTION('',(-0.9989511618979312,0.03065224481768947,0.034014938341992956));
#14487=STYLED_ITEM('',(#25),#14488);
#14488=FACE_SURFACE('',(#14493),#14489,.T.);
#14489=PLANE('',#14490);
#14490=AXIS2_PLACEMENT_3D('',#627,#14491,#14492);
#14491=DIRECTION('',(0,-0.810846760675145,0.5852585161299441));
#14492=DIRECTION('',(-1,0,0));
#14493=FACE_BOUND('',#14494,.T.);
#14494=EDGE_LOOP('',(#14495,#14496,#14497));
#14495=ORIENTED_EDGE('',*,*,#14498,.T.);
#14496=ORIENTED_EDGE('',*,*,#14499,.T.);
#14497=ORIENTED_EDGE('',*,*,#14500,.T.);
#14498=EDGE_CURVE('',#628,#712,#14501,.F.);
#14499=EDGE_CURVE('',#712,#714,#14502,.T.);
#14500=EDGE_CURVE('',#714,#628,#14503,.T.);
#14501=LINE('',#627,#14504);
#14502=LINE('',#711,#14505);
#14503=LINE('',#713,#14506);
#14504=VECTOR('',#14507,1.0);
#14505=VECTOR('',#14508,1.0);
#14506=VECTOR('',#14509,1.0);
#14507=DIRECTION('',(-1,0,0));
#14508=DIRECTION('',(0.9989509061487983,-0.02680130719892083,-0.0371318870638686));
#14509=DIRECTION('',(0,0.5852585161299441,0.810846760675145));
#14510=STYLED_ITEM('',(#25),#14511);
#14511=FACE_SURFACE('',(#14516),#14512,.T.);
#14512=PLANE('',#14513);
#14513=AXIS2_PLACEMENT_3D('',#627,#14514,#14515);
#14514=DIRECTION('',(0,-0.8108467606751452,0.5852585161299442));
#14515=DIRECTION('',(0,-0.5852585161299441,-0.810846760675145));
#14516=FACE_BOUND('',#14517,.T.);
#14517=EDGE_LOOP('',(#14518,#14519,#14520));
#14518=ORIENTED_EDGE('',*,*,#14521,.T.);
#14519=ORIENTED_EDGE('',*,*,#14522,.T.);
#14520=ORIENTED_EDGE('',*,*,#14523,.T.);
#14521=EDGE_CURVE('',#628,#714,#14524,.F.);
#14522=EDGE_CURVE('',#714,#624,#14525,.T.);
#14523=EDGE_CURVE('',#624,#628,#14526,.T.);
#14524=LINE('',#627,#14527);
#14525=LINE('',#713,#14528);
#14526=LINE('',#623,#14529);
#14527=VECTOR('',#14530,1.0);
#14528=VECTOR('',#14531,1.0);
#14529=VECTOR('',#14532,1.0);
#14530=DIRECTION('',(0,-0.5852585161299441,-0.810846760675145));
#14531=DIRECTION('',(1,0,0));
#14532=DIRECTION('',(-0.9989509095391071,0.02680126391533202,0.037131827096594634));
#14533=STYLED_ITEM('',(#25),#14534);
#14534=FACE_SURFACE('',(#14539),#14535,.T.);
#14535=PLANE('',#14536);
#14536=AXIS2_PLACEMENT_3D('',#623,#14537,#14538);
#14537=DIRECTION('',(0,-0.8692579952107296,0.4943587136505465));
#14538=DIRECTION('',(-1,0,0));
#14539=FACE_BOUND('',#14540,.T.);
#14540=EDGE_LOOP('',(#14541,#14542,#14543));
#14541=ORIENTED_EDGE('',*,*,#14544,.T.);
#14542=ORIENTED_EDGE('',*,*,#14545,.T.);
#14543=ORIENTED_EDGE('',*,*,#14546,.T.);
#14544=EDGE_CURVE('',#624,#714,#14547,.F.);
#14545=EDGE_CURVE('',#714,#588,#14548,.T.);
#14546=EDGE_CURVE('',#588,#624,#14549,.T.);
#14547=LINE('',#623,#14550);
#14548=LINE('',#713,#14551);
#14549=LINE('',#587,#14552);
#14550=VECTOR('',#14553,1.0);
#14551=VECTOR('',#14554,1.0);
#14552=VECTOR('',#14555,1.0);
#14553=DIRECTION('',(-1,0,0));
#14554=DIRECTION('',(0.9999343271679887,-0.005665561174868128,-0.009962066436014909));
#14555=DIRECTION('',(-0.9998832571800398,0.007553697791752365,0.013282080435883336));
#14556=STYLED_ITEM('',(#25),#14557);
#14557=FACE_SURFACE('',(#14562),#14558,.T.);
#14558=PLANE('',#14559);
#14559=AXIS2_PLACEMENT_3D('',#707,#14560,#14561);
#14560=DIRECTION('',(0,-0.6663075935291843,0.7456770016604691));
#14561=DIRECTION('',(0,-0.7456770016604691,-0.6663075935291843));
#14562=FACE_BOUND('',#14563,.T.);
#14563=EDGE_LOOP('',(#14564,#14565,#14566));
#14564=ORIENTED_EDGE('',*,*,#14567,.T.);
#14565=ORIENTED_EDGE('',*,*,#14568,.T.);
#14566=ORIENTED_EDGE('',*,*,#14569,.T.);
#14567=EDGE_CURVE('',#708,#716,#14570,.F.);
#14568=EDGE_CURVE('',#716,#710,#14571,.T.);
#14569=EDGE_CURVE('',#710,#708,#14572,.T.);
#14570=LINE('',#707,#14573);
#14571=LINE('',#715,#14574);
#14572=LINE('',#709,#14575);
#14573=VECTOR('',#14576,1.0);
#14574=VECTOR('',#14577,1.0);
#14575=VECTOR('',#14578,1.0);
#14576=DIRECTION('',(0,-0.7456770016604691,-0.6663075935291843));
#14577=DIRECTION('',(1,0,0));
#14578=DIRECTION('',(-0.9989511016112677,0.03414432590609834,0.030510024550184082));
#14579=STYLED_ITEM('',(#25),#14580);
#14580=FACE_SURFACE('',(#14585),#14581,.T.);
#14581=PLANE('',#14582);
#14582=AXIS2_PLACEMENT_3D('',#709,#14583,#14584);
#14583=DIRECTION('',(0,-0.7428726480216731,0.6694327664681997));
#14584=DIRECTION('',(-1,0,0));
#14585=FACE_BOUND('',#14586,.T.);
#14586=EDGE_LOOP('',(#14587,#14588,#14589));
#14587=ORIENTED_EDGE('',*,*,#14590,.T.);
#14588=ORIENTED_EDGE('',*,*,#14591,.T.);
#14589=ORIENTED_EDGE('',*,*,#14592,.T.);
#14590=EDGE_CURVE('',#710,#716,#14593,.F.);
#14591=EDGE_CURVE('',#716,#718,#14594,.T.);
#14592=EDGE_CURVE('',#718,#710,#14595,.T.);
#14593=LINE('',#709,#14596);
#14594=LINE('',#715,#14597);
#14595=LINE('',#717,#14598);
#14596=VECTOR('',#14599,1.0);
#14597=VECTOR('',#14600,1.0);
#14598=VECTOR('',#14601,1.0);
#14599=DIRECTION('',(-1,0,0));
#14600=DIRECTION('',(0.9989511585084312,-0.030652294320652557,-0.034014993275660856));
#14601=DIRECTION('',(0,0.6694327664681998,0.7428726480216732));
#14602=STYLED_ITEM('',(#25),#14603);
#14603=FACE_SURFACE('',(#14608),#14604,.T.);
#14604=PLANE('',#14605);
#14605=AXIS2_PLACEMENT_3D('',#709,#14606,#14607);
#14606=DIRECTION('',(0,-0.7428726480216732,0.6694327664681998));
#14607=DIRECTION('',(0,-0.6694327664681998,-0.7428726480216732));
#14608=FACE_BOUND('',#14609,.T.);
#14609=EDGE_LOOP('',(#14610,#14611,#14612));
#14610=ORIENTED_EDGE('',*,*,#14613,.T.);
#14611=ORIENTED_EDGE('',*,*,#14614,.T.);
#14612=ORIENTED_EDGE('',*,*,#14615,.T.);
#14613=EDGE_CURVE('',#710,#718,#14616,.F.);
#14614=EDGE_CURVE('',#718,#712,#14617,.T.);
#14615=EDGE_CURVE('',#712,#710,#14618,.T.);
#14616=LINE('',#709,#14619);
#14617=LINE('',#717,#14620);
#14618=LINE('',#711,#14621);
#14619=VECTOR('',#14622,1.0);
#14620=VECTOR('',#14623,1.0);
#14621=VECTOR('',#14624,1.0);
#14622=DIRECTION('',(0,-0.6694327664681998,-0.7428726480216732));
#14623=DIRECTION('',(1,0,0));
#14624=DIRECTION('',(-0.9989511652874148,0.030652195314886107,0.034014883408502304));
#14625=STYLED_ITEM('',(#25),#14626);
#14626=FACE_SURFACE('',(#14631),#14627,.T.);
#14627=PLANE('',#14628);
#14628=AXIS2_PLACEMENT_3D('',#711,#14629,#14630);
#14629=DIRECTION('',(0,-0.8108467606751452,0.5852585161299442));
#14630=DIRECTION('',(-1,0,0));
#14631=FACE_BOUND('',#14632,.T.);
#14632=EDGE_LOOP('',(#14633,#14634,#14635));
#14633=ORIENTED_EDGE('',*,*,#14636,.T.);
#14634=ORIENTED_EDGE('',*,*,#14637,.T.);
#14635=ORIENTED_EDGE('',*,*,#14638,.T.);
#14636=EDGE_CURVE('',#712,#718,#14639,.F.);
#14637=EDGE_CURVE('',#718,#720,#14640,.T.);
#14638=EDGE_CURVE('',#720,#712,#14641,.T.);
#14639=LINE('',#711,#14642);
#14640=LINE('',#717,#14643);
#14641=LINE('',#719,#14644);
#14642=VECTOR('',#14645,1.0);
#14643=VECTOR('',#14646,1.0);
#14644=VECTOR('',#14647,1.0);
#14645=DIRECTION('',(-1,0,0));
#14646=DIRECTION('',(0.9989509095391071,-0.02680126391533202,-0.037131827096594634));
#14647=DIRECTION('',(0,0.5852585161299441,0.810846760675145));
#14648=STYLED_ITEM('',(#25),#14649);
#14649=FACE_SURFACE('',(#14654),#14650,.T.);
#14650=PLANE('',#14651);
#14651=AXIS2_PLACEMENT_3D('',#711,#14652,#14653);
#14652=DIRECTION('',(0,-0.810846760675145,0.5852585161299441));
#14653=DIRECTION('',(0,-0.5852585161299441,-0.810846760675145));
#14654=FACE_BOUND('',#14655,.T.);
#14655=EDGE_LOOP('',(#14656,#14657,#14658));
#14656=ORIENTED_EDGE('',*,*,#14659,.T.);
#14657=ORIENTED_EDGE('',*,*,#14660,.T.);
#14658=ORIENTED_EDGE('',*,*,#14661,.T.);
#14659=EDGE_CURVE('',#712,#720,#14662,.F.);
#14660=EDGE_CURVE('',#720,#714,#14663,.T.);
#14661=EDGE_CURVE('',#714,#712,#14664,.T.);
#14662=LINE('',#711,#14665);
#14663=LINE('',#719,#14666);
#14664=LINE('',#713,#14667);
#14665=VECTOR('',#14668,1.0);
#14666=VECTOR('',#14669,1.0);
#14667=VECTOR('',#14670,1.0);
#14668=DIRECTION('',(0,-0.5852585161299441,-0.810846760675145));
#14669=DIRECTION('',(1,0,0));
#14670=DIRECTION('',(-0.9989509061487983,0.02680130719892083,0.0371318870638686));
#14671=STYLED_ITEM('',(#25),#14672);
#14672=FACE_SURFACE('',(#14677),#14673,.T.);
#14673=PLANE('',#14674);
#14674=AXIS2_PLACEMENT_3D('',#713,#14675,#14676);
#14675=DIRECTION('',(0,-0.8692579952107298,0.49435871365054657));
#14676=DIRECTION('',(-1,0,0));
#14677=FACE_BOUND('',#14678,.T.);
#14678=EDGE_LOOP('',(#14679,#14680,#14681));
#14679=ORIENTED_EDGE('',*,*,#14682,.T.);
#14680=ORIENTED_EDGE('',*,*,#14683,.T.);
#14681=ORIENTED_EDGE('',*,*,#14684,.T.);
#14682=EDGE_CURVE('',#714,#720,#14685,.F.);
#14683=EDGE_CURVE('',#720,#590,#14686,.T.);
#14684=EDGE_CURVE('',#590,#714,#14687,.T.);
#14685=LINE('',#713,#14688);
#14686=LINE('',#719,#14689);
#14687=LINE('',#589,#14690);
#14688=VECTOR('',#14691,1.0);
#14689=VECTOR('',#14692,1.0);
#14690=VECTOR('',#14693,1.0);
#14691=DIRECTION('',(-1,0,0));
#14692=DIRECTION('',(-0.9997373858525083,-0.011328899804239926,-0.0199202248485864));
#14693=DIRECTION('',(0.999883257054106,0.0075537018657112305,0.013282087599348283));
#14694=STYLED_ITEM('',(#25),#14695);
#14695=FACE_SURFACE('',(#14700),#14696,.T.);
#14696=PLANE('',#14697);
#14697=AXIS2_PLACEMENT_3D('',#713,#14698,#14699);
#14698=DIRECTION('',(0,-0.8692579952107298,0.49435871365054657));
#14699=DIRECTION('',(-0.999883257054106,-0.0075537018657112305,-0.013282087599348283));
#14700=FACE_BOUND('',#14701,.T.);
#14701=EDGE_LOOP('',(#14702,#14703,#14704));
#14702=ORIENTED_EDGE('',*,*,#14705,.T.);
#14703=ORIENTED_EDGE('',*,*,#14706,.T.);
#14704=ORIENTED_EDGE('',*,*,#14707,.T.);
#14705=EDGE_CURVE('',#714,#590,#14708,.F.);
#14706=EDGE_CURVE('',#590,#588,#14709,.T.);
#14707=EDGE_CURVE('',#588,#714,#14710,.T.);
#14708=LINE('',#713,#14711);
#14709=LINE('',#589,#14712);
#14710=LINE('',#587,#14713);
#14711=VECTOR('',#14714,1.0);
#14712=VECTOR('',#14715,1.0);
#14713=VECTOR('',#14716,1.0);
#14714=DIRECTION('',(-0.999883257054106,-0.0075537018657112305,-0.013282087599348283));
#14715=DIRECTION('',(1,0,0));
#14716=DIRECTION('',(-0.9999343271679887,0.005665561174868128,0.009962066436014909));
#14717=STYLED_ITEM('',(#25),#14718);
#14718=FACE_SURFACE('',(#14723),#14719,.T.);
#14719=PLANE('',#14720);
#14720=AXIS2_PLACEMENT_3D('',#715,#14721,#14722);
#14721=DIRECTION('',(0,-0.7428726480216731,0.6694327664681997));
#14722=DIRECTION('',(0,-0.6694327664681998,-0.7428726480216732));
#14723=FACE_BOUND('',#14724,.T.);
#14724=EDGE_LOOP('',(#14725,#14726,#14727));
#14725=ORIENTED_EDGE('',*,*,#14728,.T.);
#14726=ORIENTED_EDGE('',*,*,#14729,.T.);
#14727=ORIENTED_EDGE('',*,*,#14730,.T.);
#14728=EDGE_CURVE('',#716,#722,#14731,.F.);
#14729=EDGE_CURVE('',#722,#718,#14732,.T.);
#14730=EDGE_CURVE('',#718,#716,#14733,.T.);
#14731=LINE('',#715,#14734);
#14732=LINE('',#721,#14735);
#14733=LINE('',#717,#14736);
#14734=VECTOR('',#14737,1.0);
#14735=VECTOR('',#14738,1.0);
#14736=VECTOR('',#14739,1.0);
#14737=DIRECTION('',(0,-0.6694327664681998,-0.7428726480216732));
#14738=DIRECTION('',(1,0,0));
#14739=DIRECTION('',(-0.9989511585084312,0.030652294320652557,0.034014993275660856));
#14740=STYLED_ITEM('',(#25),#14741);
#14741=FACE_SURFACE('',(#14746),#14742,.T.);
#14742=PLANE('',#14743);
#14743=AXIS2_PLACEMENT_3D('',#717,#14744,#14745);
#14744=DIRECTION('',(0,-0.810846760675145,0.5852585161299441));
#14745=DIRECTION('',(-1,0,0));
#14746=FACE_BOUND('',#14747,.T.);
#14747=EDGE_LOOP('',(#14748,#14749,#14750));
#14748=ORIENTED_EDGE('',*,*,#14751,.T.);
#14749=ORIENTED_EDGE('',*,*,#14752,.T.);
#14750=ORIENTED_EDGE('',*,*,#14753,.T.);
#14751=EDGE_CURVE('',#718,#722,#14754,.F.);
#14752=EDGE_CURVE('',#722,#724,#14755,.T.);
#14753=EDGE_CURVE('',#724,#718,#14756,.T.);
#14754=LINE('',#717,#14757);
#14755=LINE('',#721,#14758);
#14756=LINE('',#723,#14759);
#14757=VECTOR('',#14760,1.0);
#14758=VECTOR('',#14761,1.0);
#14759=VECTOR('',#14762,1.0);
#14760=DIRECTION('',(-1,0,0));
#14761=DIRECTION('',(0.9989509027584731,-0.026801350482649297,-0.03713194703133605));
#14762=DIRECTION('',(0,0.5852585161299441,0.810846760675145));
#14763=STYLED_ITEM('',(#25),#14764);
#14764=FACE_SURFACE('',(#14769),#14765,.T.);
#14765=PLANE('',#14766);
#14766=AXIS2_PLACEMENT_3D('',#717,#14767,#14768);
#14767=DIRECTION('',(0,-0.8108467606751452,0.5852585161299442));
#14768=DIRECTION('',(0,-0.5852585161299441,-0.810846760675145));
#14769=FACE_BOUND('',#14770,.T.);
#14770=EDGE_LOOP('',(#14771,#14772,#14773));
#14771=ORIENTED_EDGE('',*,*,#14774,.T.);
#14772=ORIENTED_EDGE('',*,*,#14775,.T.);
#14773=ORIENTED_EDGE('',*,*,#14776,.T.);
#14774=EDGE_CURVE('',#718,#724,#14777,.F.);
#14775=EDGE_CURVE('',#724,#720,#14778,.T.);
#14776=EDGE_CURVE('',#720,#718,#14779,.T.);
#14777=LINE('',#717,#14780);
#14778=LINE('',#723,#14781);
#14779=LINE('',#719,#14782);
#14780=VECTOR('',#14783,1.0);
#14781=VECTOR('',#14784,1.0);
#14782=VECTOR('',#14785,1.0);
#14783=DIRECTION('',(0,-0.5852585161299441,-0.810846760675145));
#14784=DIRECTION('',(1,0,0));
#14785=DIRECTION('',(-0.9989509095391071,0.02680126391533202,0.037131827096594634));
#14786=STYLED_ITEM('',(#25),#14787);
#14787=FACE_SURFACE('',(#14792),#14788,.T.);
#14788=PLANE('',#14789);
#14789=AXIS2_PLACEMENT_3D('',#719,#14790,#14791);
#14790=DIRECTION('',(0,-0.8692579952107296,0.4943587136505465));
#14791=DIRECTION('',(-1,0,0));
#14792=FACE_BOUND('',#14793,.T.);
#14793=EDGE_LOOP('',(#14794,#14795,#14796));
#14794=ORIENTED_EDGE('',*,*,#14797,.T.);
#14795=ORIENTED_EDGE('',*,*,#14798,.T.);
#14796=ORIENTED_EDGE('',*,*,#14799,.T.);
#14797=EDGE_CURVE('',#720,#724,#14800,.F.);
#14798=EDGE_CURVE('',#724,#590,#14801,.T.);
#14799=EDGE_CURVE('',#590,#720,#14802,.T.);
#14800=LINE('',#719,#14803);
#14801=LINE('',#723,#14804);
#14802=LINE('',#589,#14805);
#14803=VECTOR('',#14806,1.0);
#14804=VECTOR('',#14807,1.0);
#14805=VECTOR('',#14808,1.0);
#14806=DIRECTION('',(-1,0,0));
#14807=DIRECTION('',(-0.9989507796746003,-0.022640008801659655,-0.03980916714739127));
#14808=DIRECTION('',(0.9997373858525083,0.011328899804239926,0.0199202248485864));
#14809=STYLED_ITEM('',(#25),#14810);
#14810=FACE_SURFACE('',(#14815),#14811,.T.);
#14811=PLANE('',#14812);
#14812=AXIS2_PLACEMENT_3D('',#721,#14813,#14814);
#14813=DIRECTION('',(0,-0.810846760675145,0.5852585161299441));
#14814=DIRECTION('',(0,-0.5852585161299441,-0.810846760675145));
#14815=FACE_BOUND('',#14816,.T.);
#14816=EDGE_LOOP('',(#14817,#14818,#14819));
#14817=ORIENTED_EDGE('',*,*,#14820,.T.);
#14818=ORIENTED_EDGE('',*,*,#14821,.T.);
#14819=ORIENTED_EDGE('',*,*,#14822,.T.);
#14820=EDGE_CURVE('',#722,#726,#14823,.F.);
#14821=EDGE_CURVE('',#726,#724,#14824,.T.);
#14822=EDGE_CURVE('',#724,#722,#14825,.T.);
#14823=LINE('',#721,#14826);
#14824=LINE('',#725,#14827);
#14825=LINE('',#723,#14828);
#14826=VECTOR('',#14829,1.0);
#14827=VECTOR('',#14830,1.0);
#14828=VECTOR('',#14831,1.0);
#14829=DIRECTION('',(0,-0.5852585161299441,-0.810846760675145));
#14830=DIRECTION('',(1,0,0));
#14831=DIRECTION('',(-0.9989509027584731,0.026801350482649297,0.03713194703133605));
#14832=STYLED_ITEM('',(#25),#14833);
#14833=FACE_SURFACE('',(#14838),#14834,.T.);
#14834=PLANE('',#14835);
#14835=AXIS2_PLACEMENT_3D('',#723,#14836,#14837);
#14836=DIRECTION('',(0,-0.8692579952107297,0.49435871365054657));
#14837=DIRECTION('',(-1,0,0));
#14838=FACE_BOUND('',#14839,.T.);
#14839=EDGE_LOOP('',(#14840,#14841,#14842));
#14840=ORIENTED_EDGE('',*,*,#14843,.T.);
#14841=ORIENTED_EDGE('',*,*,#14844,.T.);
#14842=ORIENTED_EDGE('',*,*,#14845,.T.);
#14843=EDGE_CURVE('',#724,#726,#14846,.F.);
#14844=EDGE_CURVE('',#726,#590,#14847,.T.);
#14845=EDGE_CURVE('',#590,#724,#14848,.T.);
#14846=LINE('',#723,#14849);
#14847=LINE('',#725,#14850);
#14848=LINE('',#589,#14851);
#14849=VECTOR('',#14852,1.0);
#14850=VECTOR('',#14853,1.0);
#14851=VECTOR('',#14854,1.0);
#14852=DIRECTION('',(-1,0,0));
#14853=DIRECTION('',(0,-0.49435871365054657,-0.8692579952107297));
#14854=DIRECTION('',(0.9989507796746003,0.022640008801659655,0.03980916714739127));
#14855=STYLED_ITEM('',(#25),#14856);
#14856=FACE_SURFACE('',(#14861),#14857,.T.);
#14857=PLANE('',#14858);
#14858=AXIS2_PLACEMENT_3D('',#621,#14859,#14860);
#14859=DIRECTION('',(0,-0.8108467606751452,0.5852585161299442));
#14860=DIRECTION('',(1,0,0));
#14861=FACE_BOUND('',#14862,.T.);
#14862=EDGE_LOOP('',(#14863,#14864,#14865));
#14863=ORIENTED_EDGE('',*,*,#14866,.T.);
#14864=ORIENTED_EDGE('',*,*,#14867,.T.);
#14865=ORIENTED_EDGE('',*,*,#14868,.T.);
#14866=EDGE_CURVE('',#622,#620,#14869,.F.);
#14867=EDGE_CURVE('',#620,#728,#14870,.T.);
#14868=EDGE_CURVE('',#728,#622,#14871,.T.);
#14869=LINE('',#621,#14872);
#14870=LINE('',#619,#14873);
#14871=LINE('',#727,#14874);
#14872=VECTOR('',#14875,1.0);
#14873=VECTOR('',#14876,1.0);
#14874=VECTOR('',#14877,1.0);
#14875=DIRECTION('',(1,0,0));
#14876=DIRECTION('',(-0.9989509095391071,0.02680126391533202,0.037131827096594634));
#14877=DIRECTION('',(0,-0.5852585161299441,-0.810846760675145));
#14878=STYLED_ITEM('',(#25),#14879);
#14879=FACE_SURFACE('',(#14884),#14880,.T.);
#14880=PLANE('',#14881);
#14881=AXIS2_PLACEMENT_3D('',#727,#14882,#14883);
#14882=DIRECTION('',(0,-0.8108467606751452,0.5852585161299442));
#14883=DIRECTION('',(0.9989509095391071,-0.02680126391533202,-0.037131827096594634));
#14884=FACE_BOUND('',#14885,.T.);
#14885=EDGE_LOOP('',(#14886,#14887,#14888));
#14886=ORIENTED_EDGE('',*,*,#14889,.T.);
#14887=ORIENTED_EDGE('',*,*,#14890,.T.);
#14888=ORIENTED_EDGE('',*,*,#14891,.T.);
#14889=EDGE_CURVE('',#728,#620,#14892,.F.);
#14890=EDGE_CURVE('',#620,#694,#14893,.T.);
#14891=EDGE_CURVE('',#694,#728,#14894,.T.);
#14892=LINE('',#727,#14895);
#14893=LINE('',#619,#14896);
#14894=LINE('',#693,#14897);
#14895=VECTOR('',#14898,1.0);
#14896=VECTOR('',#14899,1.0);
#14897=VECTOR('',#14900,1.0);
#14898=DIRECTION('',(0.9989509095391071,-0.02680126391533202,-0.037131827096594634));
#14899=DIRECTION('',(0,0.5852585161299441,0.810846760675145));
#14900=DIRECTION('',(-1,0,0));
#14901=STYLED_ITEM('',(#25),#14902);
#14902=FACE_SURFACE('',(#14907),#14903,.T.);
#14903=PLANE('',#14904);
#14904=AXIS2_PLACEMENT_3D('',#727,#14905,#14906);
#14905=DIRECTION('',(0,-0.7428726480216732,0.6694327664681998));
#14906=DIRECTION('',(1,0,0));
#14907=FACE_BOUND('',#14908,.T.);
#14908=EDGE_LOOP('',(#14909,#14910,#14911));
#14909=ORIENTED_EDGE('',*,*,#14912,.T.);
#14910=ORIENTED_EDGE('',*,*,#14913,.T.);
#14911=ORIENTED_EDGE('',*,*,#14914,.T.);
#14912=EDGE_CURVE('',#728,#694,#14915,.F.);
#14913=EDGE_CURVE('',#694,#730,#14916,.T.);
#14914=EDGE_CURVE('',#730,#728,#14917,.T.);
#14915=LINE('',#727,#14918);
#14916=LINE('',#693,#14919);
#14917=LINE('',#729,#14920);
#14918=VECTOR('',#14921,1.0);
#14919=VECTOR('',#14922,1.0);
#14920=VECTOR('',#14923,1.0);
#14921=DIRECTION('',(1,0,0));
#14922=DIRECTION('',(-0.9989511652874148,0.030652195314886107,0.034014883408502304));
#14923=DIRECTION('',(0,-0.6694327664681998,-0.7428726480216732));
#14924=STYLED_ITEM('',(#25),#14925);
#14925=FACE_SURFACE('',(#14930),#14926,.T.);
#14926=PLANE('',#14927);
#14927=AXIS2_PLACEMENT_3D('',#729,#14928,#14929);
#14928=DIRECTION('',(0,-0.7428726480216732,0.6694327664681998));
#14929=DIRECTION('',(0.9989511652874148,-0.030652195314886107,-0.034014883408502304));
#14930=FACE_BOUND('',#14931,.T.);
#14931=EDGE_LOOP('',(#14932,#14933,#14934));
#14932=ORIENTED_EDGE('',*,*,#14935,.T.);
#14933=ORIENTED_EDGE('',*,*,#14936,.T.);
#14934=ORIENTED_EDGE('',*,*,#14937,.T.);
#14935=EDGE_CURVE('',#730,#694,#14938,.F.);
#14936=EDGE_CURVE('',#694,#692,#14939,.T.);
#14937=EDGE_CURVE('',#692,#730,#14940,.T.);
#14938=LINE('',#729,#14941);
#14939=LINE('',#693,#14942);
#14940=LINE('',#691,#14943);
#14941=VECTOR('',#14944,1.0);
#14942=VECTOR('',#14945,1.0);
#14943=VECTOR('',#14946,1.0);
#14944=DIRECTION('',(0.9989511652874148,-0.030652195314886107,-0.034014883408502304));
#14945=DIRECTION('',(0,0.6694327664681998,0.7428726480216732));
#14946=DIRECTION('',(-1,0,0));
#14947=STYLED_ITEM('',(#25),#14948);
#14948=FACE_SURFACE('',(#14953),#14949,.T.);
#14949=PLANE('',#14950);
#14950=AXIS2_PLACEMENT_3D('',#729,#14951,#14952);
#14951=DIRECTION('',(0,-0.6663075935291843,0.7456770016604691));
#14952=DIRECTION('',(1,0,0));
#14953=FACE_BOUND('',#14954,.T.);
#14954=EDGE_LOOP('',(#14955,#14956,#14957));
#14955=ORIENTED_EDGE('',*,*,#14958,.T.);
#14956=ORIENTED_EDGE('',*,*,#14959,.T.);
#14957=ORIENTED_EDGE('',*,*,#14960,.T.);
#14958=EDGE_CURVE('',#730,#692,#14961,.F.);
#14959=EDGE_CURVE('',#692,#732,#14962,.T.);
#14960=EDGE_CURVE('',#732,#730,#14963,.T.);
#14961=LINE('',#729,#14964);
#14962=LINE('',#691,#14965);
#14963=LINE('',#731,#14966);
#14964=VECTOR('',#14967,1.0);
#14965=VECTOR('',#14968,1.0);
#14966=VECTOR('',#14969,1.0);
#14967=DIRECTION('',(1,0,0));
#14968=DIRECTION('',(-0.9989511083906185,0.03414421562121278,0.03050992600395491));
#14969=DIRECTION('',(0,-0.7456770016604691,-0.6663075935291843));
#14970=STYLED_ITEM('',(#25),#14971);
#14971=FACE_SURFACE('',(#14976),#14972,.T.);
#14972=PLANE('',#14973);
#14973=AXIS2_PLACEMENT_3D('',#731,#14974,#14975);
#14974=DIRECTION('',(0,-0.6663075935291843,0.7456770016604691));
#14975=DIRECTION('',(0.9989511083906185,-0.03414421562121278,-0.03050992600395491));
#14976=FACE_BOUND('',#14977,.T.);
#14977=EDGE_LOOP('',(#14978,#14979,#14980));
#14978=ORIENTED_EDGE('',*,*,#14981,.T.);
#14979=ORIENTED_EDGE('',*,*,#14982,.T.);
#14980=ORIENTED_EDGE('',*,*,#14983,.T.);
#14981=EDGE_CURVE('',#732,#692,#14984,.F.);
#14982=EDGE_CURVE('',#692,#690,#14985,.T.);
#14983=EDGE_CURVE('',#690,#732,#14986,.T.);
#14984=LINE('',#731,#14987);
#14985=LINE('',#691,#14988);
#14986=LINE('',#689,#14989);
#14987=VECTOR('',#14990,1.0);
#14988=VECTOR('',#14991,1.0);
#14989=VECTOR('',#14992,1.0);
#14990=DIRECTION('',(0.9989511083906185,-0.03414421562121278,-0.03050992600395491));
#14991=DIRECTION('',(0,0.7456770016604691,0.6663075935291843));
#14992=DIRECTION('',(-1,0,0));
#14993=STYLED_ITEM('',(#25),#14994);
#14994=FACE_SURFACE('',(#14999),#14995,.T.);
#14995=PLANE('',#14996);
#14996=AXIS2_PLACEMENT_3D('',#731,#14997,#14998);
#14997=DIRECTION('',(0,-0.5820593846284957,0.8131462800541467));
#14998=DIRECTION('',(1,0,0));
#14999=FACE_BOUND('',#15000,.T.);
#15000=EDGE_LOOP('',(#15001,#15002,#15003));
#15001=ORIENTED_EDGE('',*,*,#15004,.T.);
#15002=ORIENTED_EDGE('',*,*,#15005,.T.);
#15003=ORIENTED_EDGE('',*,*,#15006,.T.);
#15004=EDGE_CURVE('',#732,#690,#15007,.F.);
#15005=EDGE_CURVE('',#690,#734,#15008,.T.);
#15006=EDGE_CURVE('',#734,#732,#15009,.T.);
#15007=LINE('',#731,#15010);
#15008=LINE('',#689,#15011);
#15009=LINE('',#733,#15012);
#15010=VECTOR('',#15013,1.0);
#15011=VECTOR('',#15014,1.0);
#15012=VECTOR('',#15015,1.0);
#15013=DIRECTION('',(1,0,0));
#15014=DIRECTION('',(-0.9989508309614359,0.037238524819981286,0.026655760928707625));
#15015=DIRECTION('',(0,-0.8131462800541467,-0.5820593846284957));
#15016=STYLED_ITEM('',(#25),#15017);
#15017=FACE_SURFACE('',(#15022),#15018,.T.);
#15018=PLANE('',#15019);
#15019=AXIS2_PLACEMENT_3D('',#733,#15020,#15021);
#15020=DIRECTION('',(0,-0.5820593846284957,0.8131462800541467));
#15021=DIRECTION('',(0.9989508309614359,-0.037238524819981286,-0.026655760928707625));
#15022=FACE_BOUND('',#15023,.T.);
#15023=EDGE_LOOP('',(#15024,#15025,#15026));
#15024=ORIENTED_EDGE('',*,*,#15027,.T.);
#15025=ORIENTED_EDGE('',*,*,#15028,.T.);
#15026=ORIENTED_EDGE('',*,*,#15029,.T.);
#15027=EDGE_CURVE('',#734,#690,#15030,.F.);
#15028=EDGE_CURVE('',#690,#688,#15031,.T.);
#15029=EDGE_CURVE('',#688,#734,#15032,.T.);
#15030=LINE('',#733,#15033);
#15031=LINE('',#689,#15034);
#15032=LINE('',#687,#15035);
#15033=VECTOR('',#15036,1.0);
#15034=VECTOR('',#15037,1.0);
#15035=VECTOR('',#15038,1.0);
#15036=DIRECTION('',(0.9989508309614359,-0.037238524819981286,-0.026655760928707625));
#15037=DIRECTION('',(0,0.8131462800541467,0.5820593846284957));
#15038=DIRECTION('',(-1,0,0));
#15039=STYLED_ITEM('',(#25),#15040);
#15040=FACE_SURFACE('',(#15045),#15041,.T.);
#15041=PLANE('',#15042);
#15042=AXIS2_PLACEMENT_3D('',#733,#15043,#15044);
#15043=DIRECTION('',(0,-0.4908980879156942,0.8712170035534862));
#15044=DIRECTION('',(1,0,0));
#15045=FACE_BOUND('',#15046,.T.);
#15046=EDGE_LOOP('',(#15047,#15048,#15049));
#15047=ORIENTED_EDGE('',*,*,#15050,.T.);
#15048=ORIENTED_EDGE('',*,*,#15051,.T.);
#15049=ORIENTED_EDGE('',*,*,#15052,.T.);
#15050=EDGE_CURVE('',#734,#688,#15053,.F.);
#15051=EDGE_CURVE('',#688,#736,#15054,.T.);
#15052=EDGE_CURVE('',#736,#734,#15055,.T.);
#15053=LINE('',#733,#15056);
#15054=LINE('',#687,#15057);
#15055=LINE('',#735,#15058);
#15056=VECTOR('',#15059,1.0);
#15057=VECTOR('',#15060,1.0);
#15058=VECTOR('',#15061,1.0);
#15059=DIRECTION('',(1,0,0));
#15060=DIRECTION('',(-0.9989510830544197,0.03989311758048315,0.022478274713853046));
#15061=DIRECTION('',(0,-0.8712170035534862,-0.4908980879156943));
#15062=STYLED_ITEM('',(#25),#15063);
#15063=FACE_SURFACE('',(#15068),#15064,.T.);
#15064=PLANE('',#15065);
#15065=AXIS2_PLACEMENT_3D('',#735,#15066,#15067);
#15066=DIRECTION('',(0,-0.4908980879156942,0.8712170035534862));
#15067=DIRECTION('',(0.9989510830544197,-0.03989311758048315,-0.022478274713853046));
#15068=FACE_BOUND('',#15069,.T.);
#15069=EDGE_LOOP('',(#15070,#15071,#15072));
#15070=ORIENTED_EDGE('',*,*,#15073,.T.);
#15071=ORIENTED_EDGE('',*,*,#15074,.T.);
#15072=ORIENTED_EDGE('',*,*,#15075,.T.);
#15073=EDGE_CURVE('',#736,#688,#15076,.F.);
#15074=EDGE_CURVE('',#688,#686,#15077,.T.);
#15075=EDGE_CURVE('',#686,#736,#15078,.T.);
#15076=LINE('',#735,#15079);
#15077=LINE('',#687,#15080);
#15078=LINE('',#685,#15081);
#15079=VECTOR('',#15082,1.0);
#15080=VECTOR('',#15083,1.0);
#15081=VECTOR('',#15084,1.0);
#15082=DIRECTION('',(0.9989510830544197,-0.03989311758048315,-0.022478274713853046));
#15083=DIRECTION('',(0,0.8712170035534862,0.4908980879156943));
#15084=DIRECTION('',(-1,0,0));
#15085=STYLED_ITEM('',(#25),#15086);
#15086=FACE_SURFACE('',(#15091),#15087,.T.);
#15087=PLANE('',#15088);
#15088=AXIS2_PLACEMENT_3D('',#735,#15089,#15090);
#15089=DIRECTION('',(0,-0.3942345442381376,0.9190098607356442));
#15090=DIRECTION('',(1,0,0));
#15091=FACE_BOUND('',#15092,.T.);
#15092=EDGE_LOOP('',(#15093,#15094,#15095));
#15093=ORIENTED_EDGE('',*,*,#15096,.T.);
#15094=ORIENTED_EDGE('',*,*,#15097,.T.);
#15095=ORIENTED_EDGE('',*,*,#15098,.T.);
#15096=EDGE_CURVE('',#736,#686,#15099,.F.);
#15097=EDGE_CURVE('',#686,#738,#15100,.T.);
#15098=EDGE_CURVE('',#738,#736,#15101,.T.);
#15099=LINE('',#735,#15102);
#15100=LINE('',#685,#15103);
#15101=LINE('',#737,#15104);
#15102=VECTOR('',#15105,1.0);
#15103=VECTOR('',#15106,1.0);
#15104=VECTOR('',#15107,1.0);
#15105=DIRECTION('',(1,0,0));
#15106=DIRECTION('',(-0.9989507342536947,0.04208855002647772,0.01805504058906442));
#15107=DIRECTION('',(0,-0.9190098607356442,-0.3942345442381376));
#15108=STYLED_ITEM('',(#25),#15109);
#15109=FACE_SURFACE('',(#15114),#15110,.T.);
#15110=PLANE('',#15111);
#15111=AXIS2_PLACEMENT_3D('',#737,#15112,#15113);
#15112=DIRECTION('',(0,-0.3942345442381376,0.9190098607356442));
#15113=DIRECTION('',(0.9989507342536947,-0.04208855002647772,-0.01805504058906442));
#15114=FACE_BOUND('',#15115,.T.);
#15115=EDGE_LOOP('',(#15116,#15117,#15118));
#15116=ORIENTED_EDGE('',*,*,#15119,.T.);
#15117=ORIENTED_EDGE('',*,*,#15120,.T.);
#15118=ORIENTED_EDGE('',*,*,#15121,.T.);
#15119=EDGE_CURVE('',#738,#686,#15122,.F.);
#15120=EDGE_CURVE('',#686,#684,#15123,.T.);
#15121=EDGE_CURVE('',#684,#738,#15124,.T.);
#15122=LINE('',#737,#15125);
#15123=LINE('',#685,#15126);
#15124=LINE('',#683,#15127);
#15125=VECTOR('',#15128,1.0);
#15126=VECTOR('',#15129,1.0);
#15127=VECTOR('',#15130,1.0);
#15128=DIRECTION('',(0.9989507342536947,-0.04208855002647772,-0.01805504058906442));
#15129=DIRECTION('',(0,0.9190098607356442,0.3942345442381376));
#15130=DIRECTION('',(-1,0,0));
#15131=STYLED_ITEM('',(#25),#15132);
#15132=FACE_SURFACE('',(#15137),#15133,.T.);
#15133=PLANE('',#15134);
#15134=AXIS2_PLACEMENT_3D('',#737,#15135,#15136);
#15135=DIRECTION('',(0,-0.29233873024681756,0.9563148366503986));
#15136=DIRECTION('',(1,0,0));
#15137=FACE_BOUND('',#15138,.T.);
#15138=EDGE_LOOP('',(#15139,#15140,#15141));
#15139=ORIENTED_EDGE('',*,*,#15142,.T.);
#15140=ORIENTED_EDGE('',*,*,#15143,.T.);
#15141=ORIENTED_EDGE('',*,*,#15144,.T.);
#15142=EDGE_CURVE('',#738,#684,#15145,.F.);
#15143=EDGE_CURVE('',#684,#680,#15146,.T.);
#15144=EDGE_CURVE('',#680,#738,#15147,.T.);
#15145=LINE('',#737,#15148);
#15146=LINE('',#683,#15149);
#15147=LINE('',#679,#15150);
#15148=VECTOR('',#15151,1.0);
#15149=VECTOR('',#15152,1.0);
#15150=VECTOR('',#15153,1.0);
#15151=DIRECTION('',(1,0,0));
#15152=DIRECTION('',(-0.9989511044585991,0.043789309691093785,0.013386084480626765));
#15153=DIRECTION('',(0,-0.9563148366503985,-0.29233873024681756));
#15154=STYLED_ITEM('',(#25),#15155);
#15155=FACE_SURFACE('',(#15160),#15156,.T.);
#15156=PLANE('',#15157);
#15157=AXIS2_PLACEMENT_3D('',#621,#15158,#15159);
#15158=DIRECTION('',(0,-0.810846760675145,0.5852585161299441));
#15159=DIRECTION('',(0,0.5852585161299441,0.810846760675145));
#15160=FACE_BOUND('',#15161,.T.);
#15161=EDGE_LOOP('',(#15162,#15163,#15164));
#15162=ORIENTED_EDGE('',*,*,#15165,.T.);
#15163=ORIENTED_EDGE('',*,*,#15166,.T.);
#15164=ORIENTED_EDGE('',*,*,#15167,.T.);
#15165=EDGE_CURVE('',#622,#728,#15168,.F.);
#15166=EDGE_CURVE('',#728,#626,#15169,.T.);
#15167=EDGE_CURVE('',#626,#622,#15170,.T.);
#15168=LINE('',#621,#15171);
#15169=LINE('',#727,#15172);
#15170=LINE('',#625,#15173);
#15171=VECTOR('',#15174,1.0);
#15172=VECTOR('',#15175,1.0);
#15173=VECTOR('',#15176,1.0);
#15174=DIRECTION('',(0,0.5852585161299441,0.810846760675145));
#15175=DIRECTION('',(-1,0,0));
#15176=DIRECTION('',(0.9989509061487983,-0.02680130719892083,-0.0371318870638686));
#15177=STYLED_ITEM('',(#25),#15178);
#15178=FACE_SURFACE('',(#15183),#15179,.T.);
#15179=PLANE('',#15180);
#15180=AXIS2_PLACEMENT_3D('',#625,#15181,#15182);
#15181=DIRECTION('',(0,-0.7428726480216733,0.6694327664681998));
#15182=DIRECTION('',(1,0,0));
#15183=FACE_BOUND('',#15184,.T.);
#15184=EDGE_LOOP('',(#15185,#15186,#15187));
#15185=ORIENTED_EDGE('',*,*,#15188,.T.);
#15186=ORIENTED_EDGE('',*,*,#15189,.T.);
#15187=ORIENTED_EDGE('',*,*,#15190,.T.);
#15188=EDGE_CURVE('',#626,#728,#15191,.F.);
#15189=EDGE_CURVE('',#728,#740,#15192,.T.);
#15190=EDGE_CURVE('',#740,#626,#15193,.T.);
#15191=LINE('',#625,#15194);
#15192=LINE('',#727,#15195);
#15193=LINE('',#739,#15196);
#15194=VECTOR('',#15197,1.0);
#15195=VECTOR('',#15198,1.0);
#15196=VECTOR('',#15199,1.0);
#15197=DIRECTION('',(1,0,0));
#15198=DIRECTION('',(-0.9989511618979312,0.03065224481768947,0.034014938341992956));
#15199=DIRECTION('',(0,-0.6694327664681998,-0.7428726480216732));
#15200=STYLED_ITEM('',(#25),#15201);
#15201=FACE_SURFACE('',(#15206),#15202,.T.);
#15202=PLANE('',#15203);
#15203=AXIS2_PLACEMENT_3D('',#625,#15204,#15205);
#15204=DIRECTION('',(0,-0.7428726480216732,0.6694327664681998));
#15205=DIRECTION('',(0,0.6694327664681998,0.7428726480216732));
#15206=FACE_BOUND('',#15207,.T.);
#15207=EDGE_LOOP('',(#15208,#15209,#15210));
#15208=ORIENTED_EDGE('',*,*,#15211,.T.);
#15209=ORIENTED_EDGE('',*,*,#15212,.T.);
#15210=ORIENTED_EDGE('',*,*,#15213,.T.);
#15211=EDGE_CURVE('',#626,#740,#15214,.F.);
#15212=EDGE_CURVE('',#740,#630,#15215,.T.);
#15213=EDGE_CURVE('',#630,#626,#15216,.T.);
#15214=LINE('',#625,#15217);
#15215=LINE('',#739,#15218);
#15216=LINE('',#629,#15219);
#15217=VECTOR('',#15220,1.0);
#15218=VECTOR('',#15221,1.0);
#15219=VECTOR('',#15222,1.0);
#15220=DIRECTION('',(0,0.6694327664681998,0.7428726480216732));
#15221=DIRECTION('',(-1,0,0));
#15222=DIRECTION('',(0.9989511652874148,-0.030652195314886107,-0.034014883408502304));
#15223=STYLED_ITEM('',(#25),#15224);
#15224=FACE_SURFACE('',(#15229),#15225,.T.);
#15225=PLANE('',#15226);
#15226=AXIS2_PLACEMENT_3D('',#629,#15227,#15228);
#15227=DIRECTION('',(0,-0.6663075935291843,0.7456770016604691));
#15228=DIRECTION('',(1,0,0));
#15229=FACE_BOUND('',#15230,.T.);
#15230=EDGE_LOOP('',(#15231,#15232,#15233));
#15231=ORIENTED_EDGE('',*,*,#15234,.T.);
#15232=ORIENTED_EDGE('',*,*,#15235,.T.);
#15233=ORIENTED_EDGE('',*,*,#15236,.T.);
#15234=EDGE_CURVE('',#630,#740,#15237,.F.);
#15235=EDGE_CURVE('',#740,#742,#15238,.T.);
#15236=EDGE_CURVE('',#742,#630,#15239,.T.);
#15237=LINE('',#629,#15240);
#15238=LINE('',#739,#15241);
#15239=LINE('',#741,#15242);
#15240=VECTOR('',#15243,1.0);
#15241=VECTOR('',#15244,1.0);
#15242=VECTOR('',#15245,1.0);
#15243=DIRECTION('',(1,0,0));
#15244=DIRECTION('',(-0.9989511083906185,0.03414421562121278,0.03050992600395491));
#15245=DIRECTION('',(0,-0.7456770016604691,-0.6663075935291843));
#15246=STYLED_ITEM('',(#25),#15247);
#15247=FACE_SURFACE('',(#15252),#15248,.T.);
#15248=PLANE('',#15249);
#15249=AXIS2_PLACEMENT_3D('',#629,#15250,#15251);
#15250=DIRECTION('',(0,-0.6663075935291843,0.7456770016604691));
#15251=DIRECTION('',(0,0.7456770016604691,0.6663075935291843));
#15252=FACE_BOUND('',#15253,.T.);
#15253=EDGE_LOOP('',(#15254,#15255,#15256));
#15254=ORIENTED_EDGE('',*,*,#15257,.T.);
#15255=ORIENTED_EDGE('',*,*,#15258,.T.);
#15256=ORIENTED_EDGE('',*,*,#15259,.T.);
#15257=EDGE_CURVE('',#630,#742,#15260,.F.);
#15258=EDGE_CURVE('',#742,#634,#15261,.T.);
#15259=EDGE_CURVE('',#634,#630,#15262,.T.);
#15260=LINE('',#629,#15263);
#15261=LINE('',#741,#15264);
#15262=LINE('',#633,#15265);
#15263=VECTOR('',#15266,1.0);
#15264=VECTOR('',#15267,1.0);
#15265=VECTOR('',#15268,1.0);
#15266=DIRECTION('',(0,0.7456770016604691,0.6663075935291843));
#15267=DIRECTION('',(-1,0,0));
#15268=DIRECTION('',(0.9989511050009513,-0.034144270763566596,-0.030509975276990002));
#15269=STYLED_ITEM('',(#25),#15270);
#15270=FACE_SURFACE('',(#15275),#15271,.T.);
#15271=PLANE('',#15272);
#15272=AXIS2_PLACEMENT_3D('',#633,#15273,#15274);
#15273=DIRECTION('',(0,-0.5820593846284957,0.8131462800541467));
#15274=DIRECTION('',(1,0,0));
#15275=FACE_BOUND('',#15276,.T.);
#15276=EDGE_LOOP('',(#15277,#15278,#15279));
#15277=ORIENTED_EDGE('',*,*,#15280,.T.);
#15278=ORIENTED_EDGE('',*,*,#15281,.T.);
#15279=ORIENTED_EDGE('',*,*,#15282,.T.);
#15280=EDGE_CURVE('',#634,#742,#15283,.F.);
#15281=EDGE_CURVE('',#742,#744,#15284,.T.);
#15282=EDGE_CURVE('',#744,#634,#15285,.T.);
#15283=LINE('',#633,#15286);
#15284=LINE('',#741,#15287);
#15285=LINE('',#743,#15288);
#15286=VECTOR('',#15289,1.0);
#15287=VECTOR('',#15290,1.0);
#15288=VECTOR('',#15291,1.0);
#15289=DIRECTION('',(1,0,0));
#15290=DIRECTION('',(-0.9989508275708736,0.03723858495956081,0.026655803977304795));
#15291=DIRECTION('',(0,-0.8131462800541467,-0.5820593846284957));
#15292=STYLED_ITEM('',(#25),#15293);
#15293=FACE_SURFACE('',(#15298),#15294,.T.);
#15294=PLANE('',#15295);
#15295=AXIS2_PLACEMENT_3D('',#633,#15296,#15297);
#15296=DIRECTION('',(0,-0.5820593846284957,0.8131462800541467));
#15297=DIRECTION('',(0,0.8131462800541467,0.5820593846284957));
#15298=FACE_BOUND('',#15299,.T.);
#15299=EDGE_LOOP('',(#15300,#15301,#15302));
#15300=ORIENTED_EDGE('',*,*,#15303,.T.);
#15301=ORIENTED_EDGE('',*,*,#15304,.T.);
#15302=ORIENTED_EDGE('',*,*,#15305,.T.);
#15303=EDGE_CURVE('',#634,#744,#15306,.F.);
#15304=EDGE_CURVE('',#744,#638,#15307,.T.);
#15305=EDGE_CURVE('',#638,#634,#15308,.T.);
#15306=LINE('',#633,#15309);
#15307=LINE('',#743,#15310);
#15308=LINE('',#637,#15311);
#15309=VECTOR('',#15312,1.0);
#15310=VECTOR('',#15313,1.0);
#15311=VECTOR('',#15314,1.0);
#15312=DIRECTION('',(0,0.8131462800541467,0.5820593846284957));
#15313=DIRECTION('',(-1,0,0));
#15314=DIRECTION('',(0.9989508309614359,-0.037238524819981286,-0.026655760928707625));
#15315=STYLED_ITEM('',(#25),#15316);
#15316=FACE_SURFACE('',(#15321),#15317,.T.);
#15317=PLANE('',#15318);
#15318=AXIS2_PLACEMENT_3D('',#637,#15319,#15320);
#15319=DIRECTION('',(0,-0.4908980879156942,0.8712170035534862));
#15320=DIRECTION('',(1,0,0));
#15321=FACE_BOUND('',#15322,.T.);
#15322=EDGE_LOOP('',(#15323,#15324,#15325));
#15323=ORIENTED_EDGE('',*,*,#15326,.T.);
#15324=ORIENTED_EDGE('',*,*,#15327,.T.);
#15325=ORIENTED_EDGE('',*,*,#15328,.T.);
#15326=EDGE_CURVE('',#638,#744,#15329,.F.);
#15327=EDGE_CURVE('',#744,#644,#15330,.T.);
#15328=EDGE_CURVE('',#644,#638,#15331,.T.);
#15329=LINE('',#637,#15332);
#15330=LINE('',#743,#15333);
#15331=LINE('',#643,#15334);
#15332=VECTOR('',#15335,1.0);
#15333=VECTOR('',#15336,1.0);
#15334=VECTOR('',#15337,1.0);
#15335=DIRECTION('',(1,0,0));
#15336=DIRECTION('',(-0.9989510830544197,0.03989311758048315,0.022478274713853046));
#15337=DIRECTION('',(0,-0.8712170035534862,-0.4908980879156943));
#15338=STYLED_ITEM('',(#25),#15339);
#15339=FACE_SURFACE('',(#15344),#15340,.T.);
#15340=PLANE('',#15341);
#15341=AXIS2_PLACEMENT_3D('',#739,#15342,#15343);
#15342=DIRECTION('',(0,-0.7428726480216733,0.6694327664681998));
#15343=DIRECTION('',(0.9989511618979312,-0.03065224481768947,-0.034014938341992956));
#15344=FACE_BOUND('',#15345,.T.);
#15345=EDGE_LOOP('',(#15346,#15347,#15348));
#15346=ORIENTED_EDGE('',*,*,#15349,.T.);
#15347=ORIENTED_EDGE('',*,*,#15350,.T.);
#15348=ORIENTED_EDGE('',*,*,#15351,.T.);
#15349=EDGE_CURVE('',#740,#728,#15352,.F.);
#15350=EDGE_CURVE('',#728,#730,#15353,.T.);
#15351=EDGE_CURVE('',#730,#740,#15354,.T.);
#15352=LINE('',#739,#15355);
#15353=LINE('',#727,#15356);
#15354=LINE('',#729,#15357);
#15355=VECTOR('',#15358,1.0);
#15356=VECTOR('',#15359,1.0);
#15357=VECTOR('',#15360,1.0);
#15358=DIRECTION('',(0.9989511618979312,-0.03065224481768947,-0.034014938341992956));
#15359=DIRECTION('',(0,0.6694327664681998,0.7428726480216732));
#15360=DIRECTION('',(-1,0,0));
#15361=STYLED_ITEM('',(#25),#15362);
#15362=FACE_SURFACE('',(#15367),#15363,.T.);
#15363=PLANE('',#15364);
#15364=AXIS2_PLACEMENT_3D('',#739,#15365,#15366);
#15365=DIRECTION('',(0,-0.6663075935291843,0.7456770016604691));
#15366=DIRECTION('',(1,0,0));
#15367=FACE_BOUND('',#15368,.T.);
#15368=EDGE_LOOP('',(#15369,#15370,#15371));
#15369=ORIENTED_EDGE('',*,*,#15372,.T.);
#15370=ORIENTED_EDGE('',*,*,#15373,.T.);
#15371=ORIENTED_EDGE('',*,*,#15374,.T.);
#15372=EDGE_CURVE('',#740,#730,#15375,.F.);
#15373=EDGE_CURVE('',#730,#746,#15376,.T.);
#15374=EDGE_CURVE('',#746,#740,#15377,.T.);
#15375=LINE('',#739,#15378);
#15376=LINE('',#729,#15379);
#15377=LINE('',#745,#15380);
#15378=VECTOR('',#15381,1.0);
#15379=VECTOR('',#15382,1.0);
#15380=VECTOR('',#15383,1.0);
#15381=DIRECTION('',(1,0,0));
#15382=DIRECTION('',(-0.9989511050009513,0.034144270763566596,0.030509975276990002));
#15383=DIRECTION('',(0,-0.7456770016604691,-0.6663075935291843));
#15384=STYLED_ITEM('',(#25),#15385);
#15385=FACE_SURFACE('',(#15390),#15386,.T.);
#15386=PLANE('',#15387);
#15387=AXIS2_PLACEMENT_3D('',#745,#15388,#15389);
#15388=DIRECTION('',(0,-0.6663075935291843,0.7456770016604691));
#15389=DIRECTION('',(0.9989511050009513,-0.034144270763566596,-0.030509975276990002));
#15390=FACE_BOUND('',#15391,.T.);
#15391=EDGE_LOOP('',(#15392,#15393,#15394));
#15392=ORIENTED_EDGE('',*,*,#15395,.T.);
#15393=ORIENTED_EDGE('',*,*,#15396,.T.);
#15394=ORIENTED_EDGE('',*,*,#15397,.T.);
#15395=EDGE_CURVE('',#746,#730,#15398,.F.);
#15396=EDGE_CURVE('',#730,#732,#15399,.T.);
#15397=EDGE_CURVE('',#732,#746,#15400,.T.);
#15398=LINE('',#745,#15401);
#15399=LINE('',#729,#15402);
#15400=LINE('',#731,#15403);
#15401=VECTOR('',#15404,1.0);
#15402=VECTOR('',#15405,1.0);
#15403=VECTOR('',#15406,1.0);
#15404=DIRECTION('',(0.9989511050009513,-0.034144270763566596,-0.030509975276990002));
#15405=DIRECTION('',(0,0.7456770016604691,0.6663075935291843));
#15406=DIRECTION('',(-1,0,0));
#15407=STYLED_ITEM('',(#25),#15408);
#15408=FACE_SURFACE('',(#15413),#15409,.T.);
#15409=PLANE('',#15410);
#15410=AXIS2_PLACEMENT_3D('',#745,#15411,#15412);
#15411=DIRECTION('',(0,-0.5820593846284957,0.8131462800541467));
#15412=DIRECTION('',(1,0,0));
#15413=FACE_BOUND('',#15414,.T.);
#15414=EDGE_LOOP('',(#15415,#15416,#15417));
#15415=ORIENTED_EDGE('',*,*,#15418,.T.);
#15416=ORIENTED_EDGE('',*,*,#15419,.T.);
#15417=ORIENTED_EDGE('',*,*,#15420,.T.);
#15418=EDGE_CURVE('',#746,#732,#15421,.F.);
#15419=EDGE_CURVE('',#732,#748,#15422,.T.);
#15420=EDGE_CURVE('',#748,#746,#15423,.T.);
#15421=LINE('',#745,#15424);
#15422=LINE('',#731,#15425);
#15423=LINE('',#747,#15426);
#15424=VECTOR('',#15427,1.0);
#15425=VECTOR('',#15428,1.0);
#15426=VECTOR('',#15429,1.0);
#15427=DIRECTION('',(1,0,0));
#15428=DIRECTION('',(-0.9989508275708736,0.03723858495956081,0.026655803977304795));
#15429=DIRECTION('',(0,-0.8131462800541467,-0.5820593846284957));
#15430=STYLED_ITEM('',(#25),#15431);
#15431=FACE_SURFACE('',(#15436),#15432,.T.);
#15432=PLANE('',#15433);
#15433=AXIS2_PLACEMENT_3D('',#747,#15434,#15435);
#15434=DIRECTION('',(0,-0.5820593846284957,0.8131462800541467));
#15435=DIRECTION('',(0.9989508275708736,-0.03723858495956081,-0.026655803977304795));
#15436=FACE_BOUND('',#15437,.T.);
#15437=EDGE_LOOP('',(#15438,#15439,#15440));
#15438=ORIENTED_EDGE('',*,*,#15441,.T.);
#15439=ORIENTED_EDGE('',*,*,#15442,.T.);
#15440=ORIENTED_EDGE('',*,*,#15443,.T.);
#15441=EDGE_CURVE('',#748,#732,#15444,.F.);
#15442=EDGE_CURVE('',#732,#734,#15445,.T.);
#15443=EDGE_CURVE('',#734,#748,#15446,.T.);
#15444=LINE('',#747,#15447);
#15445=LINE('',#731,#15448);
#15446=LINE('',#733,#15449);
#15447=VECTOR('',#15450,1.0);
#15448=VECTOR('',#15451,1.0);
#15449=VECTOR('',#15452,1.0);
#15450=DIRECTION('',(0.9989508275708736,-0.03723858495956081,-0.026655803977304795));
#15451=DIRECTION('',(0,0.8131462800541467,0.5820593846284957));
#15452=DIRECTION('',(-1,0,0));
#15453=STYLED_ITEM('',(#25),#15454);
#15454=FACE_SURFACE('',(#15459),#15455,.T.);
#15455=PLANE('',#15456);
#15456=AXIS2_PLACEMENT_3D('',#747,#15457,#15458);
#15457=DIRECTION('',(0,-0.49089808791569434,0.8712170035534863));
#15458=DIRECTION('',(1,0,0));
#15459=FACE_BOUND('',#15460,.T.);
#15460=EDGE_LOOP('',(#15461,#15462,#15463));
#15461=ORIENTED_EDGE('',*,*,#15464,.T.);
#15462=ORIENTED_EDGE('',*,*,#15465,.T.);
#15463=ORIENTED_EDGE('',*,*,#15466,.T.);
#15464=EDGE_CURVE('',#748,#734,#15467,.F.);
#15465=EDGE_CURVE('',#734,#750,#15468,.T.);
#15466=EDGE_CURVE('',#750,#748,#15469,.T.);
#15467=LINE('',#747,#15470);
#15468=LINE('',#733,#15471);
#15469=LINE('',#749,#15472);
#15470=VECTOR('',#15473,1.0);
#15471=VECTOR('',#15474,1.0);
#15472=VECTOR('',#15475,1.0);
#15473=DIRECTION('',(1,0,0));
#15474=DIRECTION('',(-0.9989510796646709,0.03989318200721702,0.02247831101589988));
#15475=DIRECTION('',(0,-0.8712170035534862,-0.4908980879156943));
#15476=STYLED_ITEM('',(#25),#15477);
#15477=FACE_SURFACE('',(#15482),#15478,.T.);
#15478=PLANE('',#15479);
#15479=AXIS2_PLACEMENT_3D('',#749,#15480,#15481);
#15480=DIRECTION('',(0,-0.49089808791569434,0.8712170035534863));
#15481=DIRECTION('',(0.9989510796646709,-0.03989318200721702,-0.02247831101589988));
#15482=FACE_BOUND('',#15483,.T.);
#15483=EDGE_LOOP('',(#15484,#15485,#15486));
#15484=ORIENTED_EDGE('',*,*,#15487,.T.);
#15485=ORIENTED_EDGE('',*,*,#15488,.T.);
#15486=ORIENTED_EDGE('',*,*,#15489,.T.);
#15487=EDGE_CURVE('',#750,#734,#15490,.F.);
#15488=EDGE_CURVE('',#734,#736,#15491,.T.);
#15489=EDGE_CURVE('',#736,#750,#15492,.T.);
#15490=LINE('',#749,#15493);
#15491=LINE('',#733,#15494);
#15492=LINE('',#735,#15495);
#15493=VECTOR('',#15496,1.0);
#15494=VECTOR('',#15497,1.0);
#15495=VECTOR('',#15498,1.0);
#15496=DIRECTION('',(0.9989510796646709,-0.03989318200721702,-0.02247831101589988));
#15497=DIRECTION('',(0,0.8712170035534862,0.4908980879156943));
#15498=DIRECTION('',(-1,0,0));
#15499=STYLED_ITEM('',(#25),#15500);
#15500=FACE_SURFACE('',(#15505),#15501,.T.);
#15501=PLANE('',#15502);
#15502=AXIS2_PLACEMENT_3D('',#749,#15503,#15504);
#15503=DIRECTION('',(0,-0.39423454423813753,0.9190098607356441));
#15504=DIRECTION('',(1,0,0));
#15505=FACE_BOUND('',#15506,.T.);
#15506=EDGE_LOOP('',(#15507,#15508,#15509));
#15507=ORIENTED_EDGE('',*,*,#15510,.T.);
#15508=ORIENTED_EDGE('',*,*,#15511,.T.);
#15509=ORIENTED_EDGE('',*,*,#15512,.T.);
#15510=EDGE_CURVE('',#750,#736,#15513,.F.);
#15511=EDGE_CURVE('',#736,#752,#15514,.T.);
#15512=EDGE_CURVE('',#752,#750,#15515,.T.);
#15513=LINE('',#749,#15516);
#15514=LINE('',#735,#15517);
#15515=LINE('',#751,#15518);
#15516=VECTOR('',#15519,1.0);
#15517=VECTOR('',#15520,1.0);
#15518=VECTOR('',#15521,1.0);
#15519=DIRECTION('',(1,0,0));
#15520=DIRECTION('',(-0.9989507308628204,0.042088617998751694,0.018055069747639967));
#15521=DIRECTION('',(0,-0.9190098607356442,-0.3942345442381376));
#15522=STYLED_ITEM('',(#25),#15523);
#15523=FACE_SURFACE('',(#15528),#15524,.T.);
#15524=PLANE('',#15525);
#15525=AXIS2_PLACEMENT_3D('',#751,#15526,#15527);
#15526=DIRECTION('',(0,-0.39423454423813753,0.9190098607356441));
#15527=DIRECTION('',(0.9989507308628204,-0.042088617998751694,-0.018055069747639967));
#15528=FACE_BOUND('',#15529,.T.);
#15529=EDGE_LOOP('',(#15530,#15531,#15532));
#15530=ORIENTED_EDGE('',*,*,#15533,.T.);
#15531=ORIENTED_EDGE('',*,*,#15534,.T.);
#15532=ORIENTED_EDGE('',*,*,#15535,.T.);
#15533=EDGE_CURVE('',#752,#736,#15536,.F.);
#15534=EDGE_CURVE('',#736,#738,#15537,.T.);
#15535=EDGE_CURVE('',#738,#752,#15538,.T.);
#15536=LINE('',#751,#15539);
#15537=LINE('',#735,#15540);
#15538=LINE('',#737,#15541);
#15539=VECTOR('',#15542,1.0);
#15540=VECTOR('',#15543,1.0);
#15541=VECTOR('',#15544,1.0);
#15542=DIRECTION('',(0.9989507308628204,-0.042088617998751694,-0.018055069747639967));
#15543=DIRECTION('',(0,0.9190098607356442,0.3942345442381376));
#15544=DIRECTION('',(-1,0,0));
#15545=STYLED_ITEM('',(#25),#15546);
#15546=FACE_SURFACE('',(#15551),#15547,.T.);
#15547=PLANE('',#15548);
#15548=AXIS2_PLACEMENT_3D('',#751,#15549,#15550);
#15549=DIRECTION('',(0,-0.29233873024681756,0.9563148366503985));
#15550=DIRECTION('',(1,0,0));
#15551=FACE_BOUND('',#15552,.T.);
#15552=EDGE_LOOP('',(#15553,#15554,#15555));
#15553=ORIENTED_EDGE('',*,*,#15556,.T.);
#15554=ORIENTED_EDGE('',*,*,#15557,.T.);
#15555=ORIENTED_EDGE('',*,*,#15558,.T.);
#15556=EDGE_CURVE('',#752,#738,#15559,.F.);
#15557=EDGE_CURVE('',#738,#754,#15560,.T.);
#15558=EDGE_CURVE('',#754,#752,#15561,.T.);
#15559=LINE('',#751,#15562);
#15560=LINE('',#737,#15563);
#15561=LINE('',#753,#15564);
#15562=VECTOR('',#15565,1.0);
#15563=VECTOR('',#15566,1.0);
#15564=VECTOR('',#15567,1.0);
#15565=DIRECTION('',(1,0,0));
#15566=DIRECTION('',(-0.9989511010689193,0.04378938041011736,0.013386106098935677));
#15567=DIRECTION('',(0,-0.9563148366503985,-0.29233873024681756));
#15568=STYLED_ITEM('',(#25),#15569);
#15569=FACE_SURFACE('',(#15574),#15570,.T.);
#15570=PLANE('',#15571);
#15571=AXIS2_PLACEMENT_3D('',#753,#15572,#15573);
#15572=DIRECTION('',(0,-0.29233873024681756,0.9563148366503985));
#15573=DIRECTION('',(0.9989511010689193,-0.04378938041011736,-0.013386106098935677));
#15574=FACE_BOUND('',#15575,.T.);
#15575=EDGE_LOOP('',(#15576,#15577,#15578));
#15576=ORIENTED_EDGE('',*,*,#15579,.T.);
#15577=ORIENTED_EDGE('',*,*,#15580,.T.);
#15578=ORIENTED_EDGE('',*,*,#15581,.T.);
#15579=EDGE_CURVE('',#754,#738,#15582,.F.);
#15580=EDGE_CURVE('',#738,#680,#15583,.T.);
#15581=EDGE_CURVE('',#680,#754,#15584,.T.);
#15582=LINE('',#753,#15585);
#15583=LINE('',#737,#15586);
#15584=LINE('',#679,#15587);
#15585=VECTOR('',#15588,1.0);
#15586=VECTOR('',#15589,1.0);
#15587=VECTOR('',#15590,1.0);
#15588=DIRECTION('',(0.9989511010689193,-0.04378938041011736,-0.013386106098935677));
#15589=DIRECTION('',(0,0.9563148366503985,0.29233873024681756));
#15590=DIRECTION('',(-1,0,0));
#15591=STYLED_ITEM('',(#25),#15592);
#15592=FACE_SURFACE('',(#15597),#15593,.T.);
#15593=PLANE('',#15594);
#15594=AXIS2_PLACEMENT_3D('',#753,#15595,#15596);
#15595=DIRECTION('',(0,-0.18781287070968733,0.982204828737767));
#15596=DIRECTION('',(1,0,0));
#15597=FACE_BOUND('',#15598,.T.);
#15598=EDGE_LOOP('',(#15599,#15600,#15601));
#15599=ORIENTED_EDGE('',*,*,#15602,.T.);
#15600=ORIENTED_EDGE('',*,*,#15603,.T.);
#15601=ORIENTED_EDGE('',*,*,#15604,.T.);
#15602=EDGE_CURVE('',#754,#680,#15605,.F.);
#15603=EDGE_CURVE('',#680,#676,#15606,.T.);
#15604=EDGE_CURVE('',#676,#754,#15607,.T.);
#15605=LINE('',#753,#15608);
#15606=LINE('',#679,#15609);
#15607=LINE('',#675,#15610);
#15608=VECTOR('',#15611,1.0);
#15609=VECTOR('',#15612,1.0);
#15610=VECTOR('',#15613,1.0);
#15611=DIRECTION('',(1,0,0));
#15612=DIRECTION('',(-0.9989508970419458,0.04497924732118313,0.008600733079889808));
#15613=DIRECTION('',(0,-0.982204828737767,-0.18781287070968733));
#15614=STYLED_ITEM('',(#25),#15615);
#15615=FACE_SURFACE('',(#15620),#15616,.T.);
#15616=PLANE('',#15617);
#15617=AXIS2_PLACEMENT_3D('',#739,#15618,#15619);
#15618=DIRECTION('',(0,-0.6663075935291843,0.7456770016604691));
#15619=DIRECTION('',(0,0.7456770016604691,0.6663075935291843));
#15620=FACE_BOUND('',#15621,.T.);
#15621=EDGE_LOOP('',(#15622,#15623,#15624));
#15622=ORIENTED_EDGE('',*,*,#15625,.T.);
#15623=ORIENTED_EDGE('',*,*,#15626,.T.);
#15624=ORIENTED_EDGE('',*,*,#15627,.T.);
#15625=EDGE_CURVE('',#740,#746,#15628,.F.);
#15626=EDGE_CURVE('',#746,#742,#15629,.T.);
#15627=EDGE_CURVE('',#742,#740,#15630,.T.);
#15628=LINE('',#739,#15631);
#15629=LINE('',#745,#15632);
#15630=LINE('',#741,#15633);
#15631=VECTOR('',#15634,1.0);
#15632=VECTOR('',#15635,1.0);
#15633=VECTOR('',#15636,1.0);
#15634=DIRECTION('',(0,0.7456770016604691,0.6663075935291843));
#15635=DIRECTION('',(-1,0,0));
#15636=DIRECTION('',(0.9989511083906185,-0.03414421562121278,-0.03050992600395491));
#15637=STYLED_ITEM('',(#25),#15638);
#15638=FACE_SURFACE('',(#15643),#15639,.T.);
#15639=PLANE('',#15640);
#15640=AXIS2_PLACEMENT_3D('',#741,#15641,#15642);
#15641=DIRECTION('',(0,-0.5820593846284957,0.8131462800541467));
#15642=DIRECTION('',(1,0,0));
#15643=FACE_BOUND('',#15644,.T.);
#15644=EDGE_LOOP('',(#15645,#15646,#15647));
#15645=ORIENTED_EDGE('',*,*,#15648,.T.);
#15646=ORIENTED_EDGE('',*,*,#15649,.T.);
#15647=ORIENTED_EDGE('',*,*,#15650,.T.);
#15648=EDGE_CURVE('',#742,#746,#15651,.F.);
#15649=EDGE_CURVE('',#746,#756,#15652,.T.);
#15650=EDGE_CURVE('',#756,#742,#15653,.T.);
#15651=LINE('',#741,#15654);
#15652=LINE('',#745,#15655);
#15653=LINE('',#755,#15656);
#15654=VECTOR('',#15657,1.0);
#15655=VECTOR('',#15658,1.0);
#15656=VECTOR('',#15659,1.0);
#15657=DIRECTION('',(1,0,0));
#15658=DIRECTION('',(-0.9989508309614359,0.037238524819981286,0.026655760928707625));
#15659=DIRECTION('',(0,-0.8131462800541467,-0.5820593846284957));
#15660=STYLED_ITEM('',(#25),#15661);
#15661=FACE_SURFACE('',(#15666),#15662,.T.);
#15662=PLANE('',#15663);
#15663=AXIS2_PLACEMENT_3D('',#741,#15664,#15665);
#15664=DIRECTION('',(0,-0.5820593846284957,0.8131462800541467));
#15665=DIRECTION('',(0,0.8131462800541467,0.5820593846284957));
#15666=FACE_BOUND('',#15667,.T.);
#15667=EDGE_LOOP('',(#15668,#15669,#15670));
#15668=ORIENTED_EDGE('',*,*,#15671,.T.);
#15669=ORIENTED_EDGE('',*,*,#15672,.T.);
#15670=ORIENTED_EDGE('',*,*,#15673,.T.);
#15671=EDGE_CURVE('',#742,#756,#15674,.F.);
#15672=EDGE_CURVE('',#756,#744,#15675,.T.);
#15673=EDGE_CURVE('',#744,#742,#15676,.T.);
#15674=LINE('',#741,#15677);
#15675=LINE('',#755,#15678);
#15676=LINE('',#743,#15679);
#15677=VECTOR('',#15680,1.0);
#15678=VECTOR('',#15681,1.0);
#15679=VECTOR('',#15682,1.0);
#15680=DIRECTION('',(0,0.8131462800541467,0.5820593846284957));
#15681=DIRECTION('',(-1,0,0));
#15682=DIRECTION('',(0.9989508275708736,-0.03723858495956081,-0.026655803977304795));
#15683=STYLED_ITEM('',(#25),#15684);
#15684=FACE_SURFACE('',(#15689),#15685,.T.);
#15685=PLANE('',#15686);
#15686=AXIS2_PLACEMENT_3D('',#743,#15687,#15688);
#15687=DIRECTION('',(0,-0.49089808791569434,0.8712170035534863));
#15688=DIRECTION('',(1,0,0));
#15689=FACE_BOUND('',#15690,.T.);
#15690=EDGE_LOOP('',(#15691,#15692,#15693));
#15691=ORIENTED_EDGE('',*,*,#15694,.T.);
#15692=ORIENTED_EDGE('',*,*,#15695,.T.);
#15693=ORIENTED_EDGE('',*,*,#15696,.T.);
#15694=EDGE_CURVE('',#744,#756,#15697,.F.);
#15695=EDGE_CURVE('',#756,#758,#15698,.T.);
#15696=EDGE_CURVE('',#758,#744,#15699,.T.);
#15697=LINE('',#743,#15700);
#15698=LINE('',#755,#15701);
#15699=LINE('',#757,#15702);
#15700=VECTOR('',#15703,1.0);
#15701=VECTOR('',#15704,1.0);
#15702=VECTOR('',#15705,1.0);
#15703=DIRECTION('',(1,0,0));
#15704=DIRECTION('',(-0.9989510796646709,0.03989318200721702,0.02247831101589988));
#15705=DIRECTION('',(0,-0.8712170035534862,-0.4908980879156943));
#15706=STYLED_ITEM('',(#25),#15707);
#15707=FACE_SURFACE('',(#15712),#15708,.T.);
#15708=PLANE('',#15709);
#15709=AXIS2_PLACEMENT_3D('',#743,#15710,#15711);
#15710=DIRECTION('',(0,-0.4908980879156942,0.8712170035534862));
#15711=DIRECTION('',(0,0.8712170035534862,0.4908980879156943));
#15712=FACE_BOUND('',#15713,.T.);
#15713=EDGE_LOOP('',(#15714,#15715,#15716));
#15714=ORIENTED_EDGE('',*,*,#15717,.T.);
#15715=ORIENTED_EDGE('',*,*,#15718,.T.);
#15716=ORIENTED_EDGE('',*,*,#15719,.T.);
#15717=EDGE_CURVE('',#744,#758,#15720,.F.);
#15718=EDGE_CURVE('',#758,#644,#15721,.T.);
#15719=EDGE_CURVE('',#644,#744,#15722,.T.);
#15720=LINE('',#743,#15723);
#15721=LINE('',#757,#15724);
#15722=LINE('',#643,#15725);
#15723=VECTOR('',#15726,1.0);
#15724=VECTOR('',#15727,1.0);
#15725=VECTOR('',#15728,1.0);
#15726=DIRECTION('',(0,0.8712170035534862,0.4908980879156943));
#15727=DIRECTION('',(-1,0,0));
#15728=DIRECTION('',(0.9989510830544197,-0.03989311758048315,-0.022478274713853046));
#15729=STYLED_ITEM('',(#25),#15730);
#15730=FACE_SURFACE('',(#15735),#15731,.T.);
#15731=PLANE('',#15732);
#15732=AXIS2_PLACEMENT_3D('',#643,#15733,#15734);
#15733=DIRECTION('',(0,-0.3942345442381376,0.9190098607356442));
#15734=DIRECTION('',(1,0,0));
#15735=FACE_BOUND('',#15736,.T.);
#15736=EDGE_LOOP('',(#15737,#15738,#15739));
#15737=ORIENTED_EDGE('',*,*,#15740,.T.);
#15738=ORIENTED_EDGE('',*,*,#15741,.T.);
#15739=ORIENTED_EDGE('',*,*,#15742,.T.);
#15740=EDGE_CURVE('',#644,#758,#15743,.F.);
#15741=EDGE_CURVE('',#758,#648,#15744,.T.);
#15742=EDGE_CURVE('',#648,#644,#15745,.T.);
#15743=LINE('',#643,#15746);
#15744=LINE('',#757,#15747);
#15745=LINE('',#647,#15748);
#15746=VECTOR('',#15749,1.0);
#15747=VECTOR('',#15750,1.0);
#15748=VECTOR('',#15751,1.0);
#15749=DIRECTION('',(1,0,0));
#15750=DIRECTION('',(-0.9989507342536947,0.04208855002647772,0.01805504058906442));
#15751=DIRECTION('',(0,-0.9190098607356442,-0.3942345442381376));
#15752=STYLED_ITEM('',(#25),#15753);
#15753=FACE_SURFACE('',(#15758),#15754,.T.);
#15754=PLANE('',#15755);
#15755=AXIS2_PLACEMENT_3D('',#755,#15756,#15757);
#15756=DIRECTION('',(0,-0.5820593846284957,0.8131462800541467));
#15757=DIRECTION('',(0.9989508309614359,-0.037238524819981286,-0.026655760928707625));
#15758=FACE_BOUND('',#15759,.T.);
#15759=EDGE_LOOP('',(#15760,#15761,#15762));
#15760=ORIENTED_EDGE('',*,*,#15763,.T.);
#15761=ORIENTED_EDGE('',*,*,#15764,.T.);
#15762=ORIENTED_EDGE('',*,*,#15765,.T.);
#15763=EDGE_CURVE('',#756,#746,#15766,.F.);
#15764=EDGE_CURVE('',#746,#748,#15767,.T.);
#15765=EDGE_CURVE('',#748,#756,#15768,.T.);
#15766=LINE('',#755,#15769);
#15767=LINE('',#745,#15770);
#15768=LINE('',#747,#15771);
#15769=VECTOR('',#15772,1.0);
#15770=VECTOR('',#15773,1.0);
#15771=VECTOR('',#15774,1.0);
#15772=DIRECTION('',(0.9989508309614359,-0.037238524819981286,-0.026655760928707625));
#15773=DIRECTION('',(0,0.8131462800541467,0.5820593846284957));
#15774=DIRECTION('',(-1,0,0));
#15775=STYLED_ITEM('',(#25),#15776);
#15776=FACE_SURFACE('',(#15781),#15777,.T.);
#15777=PLANE('',#15778);
#15778=AXIS2_PLACEMENT_3D('',#755,#15779,#15780);
#15779=DIRECTION('',(0,-0.4908980879156942,0.8712170035534862));
#15780=DIRECTION('',(1,0,0));
#15781=FACE_BOUND('',#15782,.T.);
#15782=EDGE_LOOP('',(#15783,#15784,#15785));
#15783=ORIENTED_EDGE('',*,*,#15786,.T.);
#15784=ORIENTED_EDGE('',*,*,#15787,.T.);
#15785=ORIENTED_EDGE('',*,*,#15788,.T.);
#15786=EDGE_CURVE('',#756,#748,#15789,.F.);
#15787=EDGE_CURVE('',#748,#760,#15790,.T.);
#15788=EDGE_CURVE('',#760,#756,#15791,.T.);
#15789=LINE('',#755,#15792);
#15790=LINE('',#747,#15793);
#15791=LINE('',#759,#15794);
#15792=VECTOR('',#15795,1.0);
#15793=VECTOR('',#15796,1.0);
#15794=VECTOR('',#15797,1.0);
#15795=DIRECTION('',(1,0,0));
#15796=DIRECTION('',(-0.9989510830544197,0.03989311758048315,0.022478274713853046));
#15797=DIRECTION('',(0,-0.8712170035534862,-0.4908980879156943));
#15798=STYLED_ITEM('',(#25),#15799);
#15799=FACE_SURFACE('',(#15804),#15800,.T.);
#15800=PLANE('',#15801);
#15801=AXIS2_PLACEMENT_3D('',#759,#15802,#15803);
#15802=DIRECTION('',(0,-0.4908980879156942,0.8712170035534862));
#15803=DIRECTION('',(0.9989510830544197,-0.03989311758048315,-0.022478274713853046));
#15804=FACE_BOUND('',#15805,.T.);
#15805=EDGE_LOOP('',(#15806,#15807,#15808));
#15806=ORIENTED_EDGE('',*,*,#15809,.T.);
#15807=ORIENTED_EDGE('',*,*,#15810,.T.);
#15808=ORIENTED_EDGE('',*,*,#15811,.T.);
#15809=EDGE_CURVE('',#760,#748,#15812,.F.);
#15810=EDGE_CURVE('',#748,#750,#15813,.T.);
#15811=EDGE_CURVE('',#750,#760,#15814,.T.);
#15812=LINE('',#759,#15815);
#15813=LINE('',#747,#15816);
#15814=LINE('',#749,#15817);
#15815=VECTOR('',#15818,1.0);
#15816=VECTOR('',#15819,1.0);
#15817=VECTOR('',#15820,1.0);
#15818=DIRECTION('',(0.9989510830544197,-0.03989311758048315,-0.022478274713853046));
#15819=DIRECTION('',(0,0.8712170035534862,0.4908980879156943));
#15820=DIRECTION('',(-1,0,0));
#15821=STYLED_ITEM('',(#25),#15822);
#15822=FACE_SURFACE('',(#15827),#15823,.T.);
#15823=PLANE('',#15824);
#15824=AXIS2_PLACEMENT_3D('',#759,#15825,#15826);
#15825=DIRECTION('',(0,-0.3942345442381376,0.9190098607356442));
#15826=DIRECTION('',(1,0,0));
#15827=FACE_BOUND('',#15828,.T.);
#15828=EDGE_LOOP('',(#15829,#15830,#15831));
#15829=ORIENTED_EDGE('',*,*,#15832,.T.);
#15830=ORIENTED_EDGE('',*,*,#15833,.T.);
#15831=ORIENTED_EDGE('',*,*,#15834,.T.);
#15832=EDGE_CURVE('',#760,#750,#15835,.F.);
#15833=EDGE_CURVE('',#750,#762,#15836,.T.);
#15834=EDGE_CURVE('',#762,#760,#15837,.T.);
#15835=LINE('',#759,#15838);
#15836=LINE('',#749,#15839);
#15837=LINE('',#761,#15840);
#15838=VECTOR('',#15841,1.0);
#15839=VECTOR('',#15842,1.0);
#15840=VECTOR('',#15843,1.0);
#15841=DIRECTION('',(1,0,0));
#15842=DIRECTION('',(-0.9989507342536947,0.04208855002647772,0.01805504058906442));
#15843=DIRECTION('',(0,-0.9190098607356442,-0.3942345442381376));
#15844=STYLED_ITEM('',(#25),#15845);
#15845=FACE_SURFACE('',(#15850),#15846,.T.);
#15846=PLANE('',#15847);
#15847=AXIS2_PLACEMENT_3D('',#761,#15848,#15849);
#15848=DIRECTION('',(0,-0.3942345442381376,0.9190098607356442));
#15849=DIRECTION('',(0.9989507342536947,-0.04208855002647772,-0.01805504058906442));
#15850=FACE_BOUND('',#15851,.T.);
#15851=EDGE_LOOP('',(#15852,#15853,#15854));
#15852=ORIENTED_EDGE('',*,*,#15855,.T.);
#15853=ORIENTED_EDGE('',*,*,#15856,.T.);
#15854=ORIENTED_EDGE('',*,*,#15857,.T.);
#15855=EDGE_CURVE('',#762,#750,#15858,.F.);
#15856=EDGE_CURVE('',#750,#752,#15859,.T.);
#15857=EDGE_CURVE('',#752,#762,#15860,.T.);
#15858=LINE('',#761,#15861);
#15859=LINE('',#749,#15862);
#15860=LINE('',#751,#15863);
#15861=VECTOR('',#15864,1.0);
#15862=VECTOR('',#15865,1.0);
#15863=VECTOR('',#15866,1.0);
#15864=DIRECTION('',(0.9989507342536947,-0.04208855002647772,-0.01805504058906442));
#15865=DIRECTION('',(0,0.9190098607356442,0.3942345442381376));
#15866=DIRECTION('',(-1,0,0));
#15867=STYLED_ITEM('',(#25),#15868);
#15868=FACE_SURFACE('',(#15873),#15869,.T.);
#15869=PLANE('',#15870);
#15870=AXIS2_PLACEMENT_3D('',#761,#15871,#15872);
#15871=DIRECTION('',(0,-0.29233873024681756,0.9563148366503986));
#15872=DIRECTION('',(1,0,0));
#15873=FACE_BOUND('',#15874,.T.);
#15874=EDGE_LOOP('',(#15875,#15876,#15877));
#15875=ORIENTED_EDGE('',*,*,#15878,.T.);
#15876=ORIENTED_EDGE('',*,*,#15879,.T.);
#15877=ORIENTED_EDGE('',*,*,#15880,.T.);
#15878=EDGE_CURVE('',#762,#752,#15881,.F.);
#15879=EDGE_CURVE('',#752,#764,#15882,.T.);
#15880=EDGE_CURVE('',#764,#762,#15883,.T.);
#15881=LINE('',#761,#15884);
#15882=LINE('',#751,#15885);
#15883=LINE('',#763,#15886);
#15884=VECTOR('',#15887,1.0);
#15885=VECTOR('',#15888,1.0);
#15886=VECTOR('',#15889,1.0);
#15887=DIRECTION('',(1,0,0));
#15888=DIRECTION('',(-0.9989511044585991,0.043789309691093785,0.013386084480626765));
#15889=DIRECTION('',(0,-0.9563148366503985,-0.29233873024681756));
#15890=STYLED_ITEM('',(#25),#15891);
#15891=FACE_SURFACE('',(#15896),#15892,.T.);
#15892=PLANE('',#15893);
#15893=AXIS2_PLACEMENT_3D('',#763,#15894,#15895);
#15894=DIRECTION('',(0,-0.29233873024681756,0.9563148366503986));
#15895=DIRECTION('',(0.9989511044585991,-0.043789309691093785,-0.013386084480626765));
#15896=FACE_BOUND('',#15897,.T.);
#15897=EDGE_LOOP('',(#15898,#15899,#15900));
#15898=ORIENTED_EDGE('',*,*,#15901,.T.);
#15899=ORIENTED_EDGE('',*,*,#15902,.T.);
#15900=ORIENTED_EDGE('',*,*,#15903,.T.);
#15901=EDGE_CURVE('',#764,#752,#15904,.F.);
#15902=EDGE_CURVE('',#752,#754,#15905,.T.);
#15903=EDGE_CURVE('',#754,#764,#15906,.T.);
#15904=LINE('',#763,#15907);
#15905=LINE('',#751,#15908);
#15906=LINE('',#753,#15909);
#15907=VECTOR('',#15910,1.0);
#15908=VECTOR('',#15911,1.0);
#15909=VECTOR('',#15912,1.0);
#15910=DIRECTION('',(0.9989511044585991,-0.043789309691093785,-0.013386084480626765));
#15911=DIRECTION('',(0,0.9563148366503985,0.29233873024681756));
#15912=DIRECTION('',(-1,0,0));
#15913=STYLED_ITEM('',(#25),#15914);
#15914=FACE_SURFACE('',(#15919),#15915,.T.);
#15915=PLANE('',#15916);
#15916=AXIS2_PLACEMENT_3D('',#763,#15917,#15918);
#15917=DIRECTION('',(0,-0.1878128707096873,0.9822048287377669));
#15918=DIRECTION('',(1,0,0));
#15919=FACE_BOUND('',#15920,.T.);
#15920=EDGE_LOOP('',(#15921,#15922,#15923));
#15921=ORIENTED_EDGE('',*,*,#15924,.T.);
#15922=ORIENTED_EDGE('',*,*,#15925,.T.);
#15923=ORIENTED_EDGE('',*,*,#15926,.T.);
#15924=EDGE_CURVE('',#764,#754,#15927,.F.);
#15925=EDGE_CURVE('',#754,#766,#15928,.T.);
#15926=EDGE_CURVE('',#766,#764,#15929,.T.);
#15927=LINE('',#763,#15930);
#15928=LINE('',#753,#15931);
#15929=LINE('',#765,#15932);
#15930=VECTOR('',#15933,1.0);
#15931=VECTOR('',#15934,1.0);
#15932=VECTOR('',#15935,1.0);
#15933=DIRECTION('',(1,0,0));
#15934=DIRECTION('',(-0.998950900432284,0.044979174680576606,0.008600719189873752));
#15935=DIRECTION('',(0,-0.982204828737767,-0.18781287070968733));
#15936=STYLED_ITEM('',(#25),#15937);
#15937=FACE_SURFACE('',(#15942),#15938,.T.);
#15938=PLANE('',#15939);
#15939=AXIS2_PLACEMENT_3D('',#765,#15940,#15941);
#15940=DIRECTION('',(0,-0.1878128707096873,0.9822048287377669));
#15941=DIRECTION('',(0.998950900432284,-0.044979174680576606,-0.008600719189873752));
#15942=FACE_BOUND('',#15943,.T.);
#15943=EDGE_LOOP('',(#15944,#15945,#15946));
#15944=ORIENTED_EDGE('',*,*,#15947,.T.);
#15945=ORIENTED_EDGE('',*,*,#15948,.T.);
#15946=ORIENTED_EDGE('',*,*,#15949,.T.);
#15947=EDGE_CURVE('',#766,#754,#15950,.F.);
#15948=EDGE_CURVE('',#754,#676,#15951,.T.);
#15949=EDGE_CURVE('',#676,#766,#15952,.T.);
#15950=LINE('',#765,#15953);
#15951=LINE('',#753,#15954);
#15952=LINE('',#675,#15955);
#15953=VECTOR('',#15956,1.0);
#15954=VECTOR('',#15957,1.0);
#15955=VECTOR('',#15958,1.0);
#15956=DIRECTION('',(0.998950900432284,-0.044979174680576606,-0.008600719189873752));
#15957=DIRECTION('',(0,0.982204828737767,0.18781287070968733));
#15958=DIRECTION('',(-1,0,0));
#15959=STYLED_ITEM('',(#25),#15960);
#15960=FACE_SURFACE('',(#15965),#15961,.T.);
#15961=PLANE('',#15962);
#15962=AXIS2_PLACEMENT_3D('',#765,#15963,#15964);
#15963=DIRECTION('',(0,-0.08049734333593091,0.9967548232719304));
#15964=DIRECTION('',(1,0,0));
#15965=FACE_BOUND('',#15966,.T.);
#15966=EDGE_LOOP('',(#15967,#15968,#15969));
#15967=ORIENTED_EDGE('',*,*,#15970,.T.);
#15968=ORIENTED_EDGE('',*,*,#15971,.T.);
#15969=ORIENTED_EDGE('',*,*,#15972,.T.);
#15970=EDGE_CURVE('',#766,#676,#15973,.F.);
#15971=EDGE_CURVE('',#676,#672,#15974,.T.);
#15972=EDGE_CURVE('',#672,#766,#15975,.T.);
#15973=LINE('',#765,#15976);
#15974=LINE('',#675,#15977);
#15975=LINE('',#671,#15978);
#15976=VECTOR('',#15979,1.0);
#15977=VECTOR('',#15980,1.0);
#15978=VECTOR('',#15981,1.0);
#15979=DIRECTION('',(1,0,0));
#15980=DIRECTION('',(-0.9989510595145237,0.04564201933020993,0.003686023096942428));
#15981=DIRECTION('',(0,-0.9967548232719304,-0.08049734333593091));
#15982=STYLED_ITEM('',(#25),#15983);
#15983=FACE_SURFACE('',(#15988),#15984,.T.);
#15984=PLANE('',#15985);
#15985=AXIS2_PLACEMENT_3D('',#755,#15986,#15987);
#15986=DIRECTION('',(0,-0.49089808791569434,0.8712170035534863));
#15987=DIRECTION('',(0,0.8712170035534862,0.4908980879156943));
#15988=FACE_BOUND('',#15989,.T.);
#15989=EDGE_LOOP('',(#15990,#15991,#15992));
#15990=ORIENTED_EDGE('',*,*,#15993,.T.);
#15991=ORIENTED_EDGE('',*,*,#15994,.T.);
#15992=ORIENTED_EDGE('',*,*,#15995,.T.);
#15993=EDGE_CURVE('',#756,#760,#15996,.F.);
#15994=EDGE_CURVE('',#760,#758,#15997,.T.);
#15995=EDGE_CURVE('',#758,#756,#15998,.T.);
#15996=LINE('',#755,#15999);
#15997=LINE('',#759,#16000);
#15998=LINE('',#757,#16001);
#15999=VECTOR('',#16002,1.0);
#16000=VECTOR('',#16003,1.0);
#16001=VECTOR('',#16004,1.0);
#16002=DIRECTION('',(0,0.8712170035534862,0.4908980879156943));
#16003=DIRECTION('',(-1,0,0));
#16004=DIRECTION('',(0.9989510796646709,-0.03989318200721702,-0.02247831101589988));
#16005=STYLED_ITEM('',(#25),#16006);
#16006=FACE_SURFACE('',(#16011),#16007,.T.);
#16007=PLANE('',#16008);
#16008=AXIS2_PLACEMENT_3D('',#757,#16009,#16010);
#16009=DIRECTION('',(0,-0.39423454423813753,0.9190098607356441));
#16010=DIRECTION('',(1,0,0));
#16011=FACE_BOUND('',#16012,.T.);
#16012=EDGE_LOOP('',(#16013,#16014,#16015));
#16013=ORIENTED_EDGE('',*,*,#16016,.T.);
#16014=ORIENTED_EDGE('',*,*,#16017,.T.);
#16015=ORIENTED_EDGE('',*,*,#16018,.T.);
#16016=EDGE_CURVE('',#758,#760,#16019,.F.);
#16017=EDGE_CURVE('',#760,#768,#16020,.T.);
#16018=EDGE_CURVE('',#768,#758,#16021,.T.);
#16019=LINE('',#757,#16022);
#16020=LINE('',#759,#16023);
#16021=LINE('',#767,#16024);
#16022=VECTOR('',#16025,1.0);
#16023=VECTOR('',#16026,1.0);
#16024=VECTOR('',#16027,1.0);
#16025=DIRECTION('',(1,0,0));
#16026=DIRECTION('',(-0.9989507308628204,0.042088617998751694,0.018055069747639967));
#16027=DIRECTION('',(0,-0.9190098607356442,-0.3942345442381376));
#16028=STYLED_ITEM('',(#25),#16029);
#16029=FACE_SURFACE('',(#16034),#16030,.T.);
#16030=PLANE('',#16031);
#16031=AXIS2_PLACEMENT_3D('',#757,#16032,#16033);
#16032=DIRECTION('',(0,-0.3942345442381376,0.9190098607356442));
#16033=DIRECTION('',(0,0.9190098607356442,0.3942345442381376));
#16034=FACE_BOUND('',#16035,.T.);
#16035=EDGE_LOOP('',(#16036,#16037,#16038));
#16036=ORIENTED_EDGE('',*,*,#16039,.T.);
#16037=ORIENTED_EDGE('',*,*,#16040,.T.);
#16038=ORIENTED_EDGE('',*,*,#16041,.T.);
#16039=EDGE_CURVE('',#758,#768,#16042,.F.);
#16040=EDGE_CURVE('',#768,#648,#16043,.T.);
#16041=EDGE_CURVE('',#648,#758,#16044,.T.);
#16042=LINE('',#757,#16045);
#16043=LINE('',#767,#16046);
#16044=LINE('',#647,#16047);
#16045=VECTOR('',#16048,1.0);
#16046=VECTOR('',#16049,1.0);
#16047=VECTOR('',#16050,1.0);
#16048=DIRECTION('',(0,0.9190098607356442,0.3942345442381376));
#16049=DIRECTION('',(-1,0,0));
#16050=DIRECTION('',(0.9989507342536947,-0.04208855002647772,-0.01805504058906442));
#16051=STYLED_ITEM('',(#25),#16052);
#16052=FACE_SURFACE('',(#16057),#16053,.T.);
#16053=PLANE('',#16054);
#16054=AXIS2_PLACEMENT_3D('',#647,#16055,#16056);
#16055=DIRECTION('',(0,-0.29233873024681756,0.9563148366503986));
#16056=DIRECTION('',(1,0,0));
#16057=FACE_BOUND('',#16058,.T.);
#16058=EDGE_LOOP('',(#16059,#16060,#16061));
#16059=ORIENTED_EDGE('',*,*,#16062,.T.);
#16060=ORIENTED_EDGE('',*,*,#16063,.T.);
#16061=ORIENTED_EDGE('',*,*,#16064,.T.);
#16062=EDGE_CURVE('',#648,#768,#16065,.F.);
#16063=EDGE_CURVE('',#768,#652,#16066,.T.);
#16064=EDGE_CURVE('',#652,#648,#16067,.T.);
#16065=LINE('',#647,#16068);
#16066=LINE('',#767,#16069);
#16067=LINE('',#651,#16070);
#16068=VECTOR('',#16071,1.0);
#16069=VECTOR('',#16072,1.0);
#16070=VECTOR('',#16073,1.0);
#16071=DIRECTION('',(1,0,0));
#16072=DIRECTION('',(-0.9989511044585991,0.043789309691093785,0.013386084480626765));
#16073=DIRECTION('',(0,-0.9563148366503985,-0.29233873024681756));
#16074=STYLED_ITEM('',(#25),#16075);
#16075=FACE_SURFACE('',(#16080),#16076,.T.);
#16076=PLANE('',#16077);
#16077=AXIS2_PLACEMENT_3D('',#767,#16078,#16079);
#16078=DIRECTION('',(0,-0.39423454423813753,0.9190098607356441));
#16079=DIRECTION('',(0.9989507308628204,-0.042088617998751694,-0.018055069747639967));
#16080=FACE_BOUND('',#16081,.T.);
#16081=EDGE_LOOP('',(#16082,#16083,#16084));
#16082=ORIENTED_EDGE('',*,*,#16085,.T.);
#16083=ORIENTED_EDGE('',*,*,#16086,.T.);
#16084=ORIENTED_EDGE('',*,*,#16087,.T.);
#16085=EDGE_CURVE('',#768,#760,#16088,.F.);
#16086=EDGE_CURVE('',#760,#762,#16089,.T.);
#16087=EDGE_CURVE('',#762,#768,#16090,.T.);
#16088=LINE('',#767,#16091);
#16089=LINE('',#759,#16092);
#16090=LINE('',#761,#16093);
#16091=VECTOR('',#16094,1.0);
#16092=VECTOR('',#16095,1.0);
#16093=VECTOR('',#16096,1.0);
#16094=DIRECTION('',(0.9989507308628204,-0.042088617998751694,-0.018055069747639967));
#16095=DIRECTION('',(0,0.9190098607356442,0.3942345442381376));
#16096=DIRECTION('',(-1,0,0));
#16097=STYLED_ITEM('',(#25),#16098);
#16098=FACE_SURFACE('',(#16103),#16099,.T.);
#16099=PLANE('',#16100);
#16100=AXIS2_PLACEMENT_3D('',#767,#16101,#16102);
#16101=DIRECTION('',(0,-0.29233873024681756,0.9563148366503985));
#16102=DIRECTION('',(1,0,0));
#16103=FACE_BOUND('',#16104,.T.);
#16104=EDGE_LOOP('',(#16105,#16106,#16107));
#16105=ORIENTED_EDGE('',*,*,#16108,.T.);
#16106=ORIENTED_EDGE('',*,*,#16109,.T.);
#16107=ORIENTED_EDGE('',*,*,#16110,.T.);
#16108=EDGE_CURVE('',#768,#762,#16111,.F.);
#16109=EDGE_CURVE('',#762,#770,#16112,.T.);
#16110=EDGE_CURVE('',#770,#768,#16113,.T.);
#16111=LINE('',#767,#16114);
#16112=LINE('',#761,#16115);
#16113=LINE('',#769,#16116);
#16114=VECTOR('',#16117,1.0);
#16115=VECTOR('',#16118,1.0);
#16116=VECTOR('',#16119,1.0);
#16117=DIRECTION('',(1,0,0));
#16118=DIRECTION('',(-0.9989511010689193,0.04378938041011736,0.013386106098935677));
#16119=DIRECTION('',(0,-0.9563148366503985,-0.29233873024681756));
#16120=STYLED_ITEM('',(#25),#16121);
#16121=FACE_SURFACE('',(#16126),#16122,.T.);
#16122=PLANE('',#16123);
#16123=AXIS2_PLACEMENT_3D('',#769,#16124,#16125);
#16124=DIRECTION('',(0,-0.29233873024681756,0.9563148366503985));
#16125=DIRECTION('',(0.9989511010689193,-0.04378938041011736,-0.013386106098935677));
#16126=FACE_BOUND('',#16127,.T.);
#16127=EDGE_LOOP('',(#16128,#16129,#16130));
#16128=ORIENTED_EDGE('',*,*,#16131,.T.);
#16129=ORIENTED_EDGE('',*,*,#16132,.T.);
#16130=ORIENTED_EDGE('',*,*,#16133,.T.);
#16131=EDGE_CURVE('',#770,#762,#16134,.F.);
#16132=EDGE_CURVE('',#762,#764,#16135,.T.);
#16133=EDGE_CURVE('',#764,#770,#16136,.T.);
#16134=LINE('',#769,#16137);
#16135=LINE('',#761,#16138);
#16136=LINE('',#763,#16139);
#16137=VECTOR('',#16140,1.0);
#16138=VECTOR('',#16141,1.0);
#16139=VECTOR('',#16142,1.0);
#16140=DIRECTION('',(0.9989511010689193,-0.04378938041011736,-0.013386106098935677));
#16141=DIRECTION('',(0,0.9563148366503985,0.29233873024681756));
#16142=DIRECTION('',(-1,0,0));
#16143=STYLED_ITEM('',(#25),#16144);
#16144=FACE_SURFACE('',(#16149),#16145,.T.);
#16145=PLANE('',#16146);
#16146=AXIS2_PLACEMENT_3D('',#769,#16147,#16148);
#16147=DIRECTION('',(0,-0.18781287070968733,0.982204828737767));
#16148=DIRECTION('',(1,0,0));
#16149=FACE_BOUND('',#16150,.T.);
#16150=EDGE_LOOP('',(#16151,#16152,#16153));
#16151=ORIENTED_EDGE('',*,*,#16154,.T.);
#16152=ORIENTED_EDGE('',*,*,#16155,.T.);
#16153=ORIENTED_EDGE('',*,*,#16156,.T.);
#16154=EDGE_CURVE('',#770,#764,#16157,.F.);
#16155=EDGE_CURVE('',#764,#772,#16158,.T.);
#16156=EDGE_CURVE('',#772,#770,#16159,.T.);
#16157=LINE('',#769,#16160);
#16158=LINE('',#763,#16161);
#16159=LINE('',#771,#16162);
#16160=VECTOR('',#16163,1.0);
#16161=VECTOR('',#16164,1.0);
#16162=VECTOR('',#16165,1.0);
#16163=DIRECTION('',(1,0,0));
#16164=DIRECTION('',(-0.9989508970419458,0.04497924732118313,0.008600733079889808));
#16165=DIRECTION('',(0,-0.982204828737767,-0.18781287070968733));
#16166=STYLED_ITEM('',(#25),#16167);
#16167=FACE_SURFACE('',(#16172),#16168,.T.);
#16168=PLANE('',#16169);
#16169=AXIS2_PLACEMENT_3D('',#771,#16170,#16171);
#16170=DIRECTION('',(0,-0.18781287070968733,0.982204828737767));
#16171=DIRECTION('',(0.9989508970419458,-0.04497924732118313,-0.008600733079889808));
#16172=FACE_BOUND('',#16173,.T.);
#16173=EDGE_LOOP('',(#16174,#16175,#16176));
#16174=ORIENTED_EDGE('',*,*,#16177,.T.);
#16175=ORIENTED_EDGE('',*,*,#16178,.T.);
#16176=ORIENTED_EDGE('',*,*,#16179,.T.);
#16177=EDGE_CURVE('',#772,#764,#16180,.F.);
#16178=EDGE_CURVE('',#764,#766,#16181,.T.);
#16179=EDGE_CURVE('',#766,#772,#16182,.T.);
#16180=LINE('',#771,#16183);
#16181=LINE('',#763,#16184);
#16182=LINE('',#765,#16185);
#16183=VECTOR('',#16186,1.0);
#16184=VECTOR('',#16187,1.0);
#16185=VECTOR('',#16188,1.0);
#16186=DIRECTION('',(0.9989508970419458,-0.04497924732118313,-0.008600733079889808));
#16187=DIRECTION('',(0,0.982204828737767,0.18781287070968733));
#16188=DIRECTION('',(-1,0,0));
#16189=STYLED_ITEM('',(#25),#16190);
#16190=FACE_SURFACE('',(#16195),#16191,.T.);
#16191=PLANE('',#16192);
#16192=AXIS2_PLACEMENT_3D('',#771,#16193,#16194);
#16193=DIRECTION('',(0,-0.0804973433359309,0.9967548232719303));
#16194=DIRECTION('',(1,0,0));
#16195=FACE_BOUND('',#16196,.T.);
#16196=EDGE_LOOP('',(#16197,#16198,#16199));
#16197=ORIENTED_EDGE('',*,*,#16200,.T.);
#16198=ORIENTED_EDGE('',*,*,#16201,.T.);
#16199=ORIENTED_EDGE('',*,*,#16202,.T.);
#16200=EDGE_CURVE('',#772,#766,#16203,.F.);
#16201=EDGE_CURVE('',#766,#774,#16204,.T.);
#16202=EDGE_CURVE('',#774,#772,#16205,.T.);
#16203=LINE('',#771,#16206);
#16204=LINE('',#765,#16207);
#16205=LINE('',#773,#16208);
#16206=VECTOR('',#16209,1.0);
#16207=VECTOR('',#16210,1.0);
#16208=VECTOR('',#16211,1.0);
#16209=DIRECTION('',(1,0,0));
#16210=DIRECTION('',(-0.9989510561246988,0.04564209304132282,0.0036860290498092955));
#16211=DIRECTION('',(0,-0.9967548232719304,-0.08049734333593091));
#16212=STYLED_ITEM('',(#25),#16213);
#16213=FACE_SURFACE('',(#16218),#16214,.T.);
#16214=PLANE('',#16215);
#16215=AXIS2_PLACEMENT_3D('',#773,#16216,#16217);
#16216=DIRECTION('',(0,-0.0804973433359309,0.9967548232719303));
#16217=DIRECTION('',(0.9989510561246988,-0.04564209304132282,-0.0036860290498092955));
#16218=FACE_BOUND('',#16219,.T.);
#16219=EDGE_LOOP('',(#16220,#16221,#16222));
#16220=ORIENTED_EDGE('',*,*,#16223,.T.);
#16221=ORIENTED_EDGE('',*,*,#16224,.T.);
#16222=ORIENTED_EDGE('',*,*,#16225,.T.);
#16223=EDGE_CURVE('',#774,#766,#16226,.F.);
#16224=EDGE_CURVE('',#766,#672,#16227,.T.);
#16225=EDGE_CURVE('',#672,#774,#16228,.T.);
#16226=LINE('',#773,#16229);
#16227=LINE('',#765,#16230);
#16228=LINE('',#671,#16231);
#16229=VECTOR('',#16232,1.0);
#16230=VECTOR('',#16233,1.0);
#16231=VECTOR('',#16234,1.0);
#16232=DIRECTION('',(0.9989510561246988,-0.04564209304132282,-0.0036860290498092955));
#16233=DIRECTION('',(0,0.9967548232719304,0.08049734333593091));
#16234=DIRECTION('',(-1,0,0));
#16235=STYLED_ITEM('',(#25),#16236);
#16236=FACE_SURFACE('',(#16241),#16237,.T.);
#16237=PLANE('',#16238);
#16238=AXIS2_PLACEMENT_3D('',#773,#16239,#16240);
#16239=DIRECTION('',(-0,0.02739664906751419,0.9996246413628825));
#16240=DIRECTION('',(1,0,0));
#16241=FACE_BOUND('',#16242,.T.);
#16242=EDGE_LOOP('',(#16243,#16244,#16245));
#16243=ORIENTED_EDGE('',*,*,#16246,.T.);
#16244=ORIENTED_EDGE('',*,*,#16247,.T.);
#16245=ORIENTED_EDGE('',*,*,#16248,.T.);
#16246=EDGE_CURVE('',#774,#672,#16249,.F.);
#16247=EDGE_CURVE('',#672,#668,#16250,.T.);
#16248=EDGE_CURVE('',#668,#774,#16251,.T.);
#16249=LINE('',#773,#16252);
#16250=LINE('',#671,#16253);
#16251=LINE('',#667,#16254);
#16252=VECTOR('',#16255,1.0);
#16253=VECTOR('',#16256,1.0);
#16254=VECTOR('',#16257,1.0);
#16255=DIRECTION('',(1,0,0));
#16256=DIRECTION('',(-0.9989510031910989,0.04577465832720148,-0.0012545431539841897));
#16257=DIRECTION('',(0,-0.9996246413628824,0.02739664906751419));
#16258=STYLED_ITEM('',(#25),#16259);
#16259=FACE_SURFACE('',(#16264),#16260,.T.);
#16260=PLANE('',#16261);
#16261=AXIS2_PLACEMENT_3D('',#655,#16262,#16263);
#16262=DIRECTION('',(0,-0.1878128707096873,0.9822048287377669));
#16263=DIRECTION('',(0,-0.982204828737767,-0.18781287070968733));
#16264=FACE_BOUND('',#16265,.T.);
#16265=EDGE_LOOP('',(#16266,#16267,#16268));
#16266=ORIENTED_EDGE('',*,*,#16269,.T.);
#16267=ORIENTED_EDGE('',*,*,#16270,.T.);
#16268=ORIENTED_EDGE('',*,*,#16271,.T.);
#16269=EDGE_CURVE('',#656,#652,#16272,.F.);
#16270=EDGE_CURVE('',#652,#770,#16273,.T.);
#16271=EDGE_CURVE('',#770,#656,#16274,.T.);
#16272=LINE('',#655,#16275);
#16273=LINE('',#651,#16276);
#16274=LINE('',#769,#16277);
#16275=VECTOR('',#16278,1.0);
#16276=VECTOR('',#16279,1.0);
#16277=VECTOR('',#16280,1.0);
#16278=DIRECTION('',(0,-0.982204828737767,-0.18781287070968733));
#16279=DIRECTION('',(1,0,0));
#16280=DIRECTION('',(-0.998950900432284,0.044979174680576606,0.008600719189873752));
#16281=STYLED_ITEM('',(#25),#16282);
#16282=FACE_SURFACE('',(#16287),#16283,.T.);
#16283=PLANE('',#16284);
#16284=AXIS2_PLACEMENT_3D('',#769,#16285,#16286);
#16285=DIRECTION('',(0,-0.29233873024681756,0.9563148366503986));
#16286=DIRECTION('',(-1,0,0));
#16287=FACE_BOUND('',#16288,.T.);
#16288=EDGE_LOOP('',(#16289,#16290,#16291));
#16289=ORIENTED_EDGE('',*,*,#16292,.T.);
#16290=ORIENTED_EDGE('',*,*,#16293,.T.);
#16291=ORIENTED_EDGE('',*,*,#16294,.T.);
#16292=EDGE_CURVE('',#770,#652,#16295,.F.);
#16293=EDGE_CURVE('',#652,#768,#16296,.T.);
#16294=EDGE_CURVE('',#768,#770,#16297,.T.);
#16295=LINE('',#769,#16298);
#16296=LINE('',#651,#16299);
#16297=LINE('',#767,#16300);
#16298=VECTOR('',#16301,1.0);
#16299=VECTOR('',#16302,1.0);
#16300=VECTOR('',#16303,1.0);
#16301=DIRECTION('',(-1,0,0));
#16302=DIRECTION('',(0.9989511044585991,-0.043789309691093785,-0.013386084480626765));
#16303=DIRECTION('',(0,0.9563148366503985,0.29233873024681756));
#16304=STYLED_ITEM('',(#25),#16305);
#16305=FACE_SURFACE('',(#16310),#16306,.T.);
#16306=PLANE('',#16307);
#16307=AXIS2_PLACEMENT_3D('',#655,#16308,#16309);
#16308=DIRECTION('',(0,-0.1878128707096873,0.9822048287377669));
#16309=DIRECTION('',(0.998950900432284,-0.044979174680576606,-0.008600719189873752));
#16310=FACE_BOUND('',#16311,.T.);
#16311=EDGE_LOOP('',(#16312,#16313,#16314));
#16312=ORIENTED_EDGE('',*,*,#16315,.T.);
#16313=ORIENTED_EDGE('',*,*,#16316,.T.);
#16314=ORIENTED_EDGE('',*,*,#16317,.T.);
#16315=EDGE_CURVE('',#656,#770,#16318,.F.);
#16316=EDGE_CURVE('',#770,#772,#16319,.T.);
#16317=EDGE_CURVE('',#772,#656,#16320,.T.);
#16318=LINE('',#655,#16321);
#16319=LINE('',#769,#16322);
#16320=LINE('',#771,#16323);
#16321=VECTOR('',#16324,1.0);
#16322=VECTOR('',#16325,1.0);
#16323=VECTOR('',#16326,1.0);
#16324=DIRECTION('',(0.998950900432284,-0.044979174680576606,-0.008600719189873752));
#16325=DIRECTION('',(0,0.982204828737767,0.18781287070968733));
#16326=DIRECTION('',(-1,0,0));
#16327=STYLED_ITEM('',(#25),#16328);
#16328=FACE_SURFACE('',(#16333),#16329,.T.);
#16329=PLANE('',#16330);
#16330=AXIS2_PLACEMENT_3D('',#659,#16331,#16332);
#16331=DIRECTION('',(0,-0.08049734333593091,0.9967548232719304));
#16332=DIRECTION('',(0,-0.9967548232719304,-0.08049734333593091));
#16333=FACE_BOUND('',#16334,.T.);
#16334=EDGE_LOOP('',(#16335,#16336,#16337));
#16335=ORIENTED_EDGE('',*,*,#16338,.T.);
#16336=ORIENTED_EDGE('',*,*,#16339,.T.);
#16337=ORIENTED_EDGE('',*,*,#16340,.T.);
#16338=EDGE_CURVE('',#660,#656,#16341,.F.);
#16339=EDGE_CURVE('',#656,#772,#16342,.T.);
#16340=EDGE_CURVE('',#772,#660,#16343,.T.);
#16341=LINE('',#659,#16344);
#16342=LINE('',#655,#16345);
#16343=LINE('',#771,#16346);
#16344=VECTOR('',#16347,1.0);
#16345=VECTOR('',#16348,1.0);
#16346=VECTOR('',#16349,1.0);
#16347=DIRECTION('',(0,-0.9967548232719304,-0.08049734333593091));
#16348=DIRECTION('',(1,0,0));
#16349=DIRECTION('',(-0.9989510595145237,0.04564201933020993,0.003686023096942428));
#16350=STYLED_ITEM('',(#25),#16351);
#16351=FACE_SURFACE('',(#16356),#16352,.T.);
#16352=PLANE('',#16353);
#16353=AXIS2_PLACEMENT_3D('',#659,#16354,#16355);
#16354=DIRECTION('',(0,-0.08049734333593091,0.9967548232719304));
#16355=DIRECTION('',(0.9989510595145237,-0.04564201933020993,-0.003686023096942428));
#16356=FACE_BOUND('',#16357,.T.);
#16357=EDGE_LOOP('',(#16358,#16359,#16360));
#16358=ORIENTED_EDGE('',*,*,#16361,.T.);
#16359=ORIENTED_EDGE('',*,*,#16362,.T.);
#16360=ORIENTED_EDGE('',*,*,#16363,.T.);
#16361=EDGE_CURVE('',#660,#772,#16364,.F.);
#16362=EDGE_CURVE('',#772,#774,#16365,.T.);
#16363=EDGE_CURVE('',#774,#660,#16366,.T.);
#16364=LINE('',#659,#16367);
#16365=LINE('',#771,#16368);
#16366=LINE('',#773,#16369);
#16367=VECTOR('',#16370,1.0);
#16368=VECTOR('',#16371,1.0);
#16369=VECTOR('',#16372,1.0);
#16370=DIRECTION('',(0.9989510595145237,-0.04564201933020993,-0.003686023096942428));
#16371=DIRECTION('',(0,0.9967548232719304,0.08049734333593091));
#16372=DIRECTION('',(-1,0,0));
#16373=STYLED_ITEM('',(#25),#16374);
#16374=FACE_SURFACE('',(#16379),#16375,.T.);
#16375=PLANE('',#16376);
#16376=AXIS2_PLACEMENT_3D('',#663,#16377,#16378);
#16377=DIRECTION('',(0,0.027396649067514194,0.9996246413628826));
#16378=DIRECTION('',(0,-0.9996246413628824,0.02739664906751419));
#16379=FACE_BOUND('',#16380,.T.);
#16380=EDGE_LOOP('',(#16381,#16382,#16383));
#16381=ORIENTED_EDGE('',*,*,#16384,.T.);
#16382=ORIENTED_EDGE('',*,*,#16385,.T.);
#16383=ORIENTED_EDGE('',*,*,#16386,.T.);
#16384=EDGE_CURVE('',#664,#660,#16387,.F.);
#16385=EDGE_CURVE('',#660,#774,#16388,.T.);
#16386=EDGE_CURVE('',#774,#664,#16389,.T.);
#16387=LINE('',#663,#16390);
#16388=LINE('',#659,#16391);
#16389=LINE('',#773,#16392);
#16390=VECTOR('',#16393,1.0);
#16391=VECTOR('',#16394,1.0);
#16392=VECTOR('',#16395,1.0);
#16393=DIRECTION('',(0,-0.9996246413628824,0.02739664906751419));
#16394=DIRECTION('',(1,0,0));
#16395=DIRECTION('',(-0.9989510065810945,0.04577458440200599,-0.0012545411279210514));
#16396=STYLED_ITEM('',(#25),#16397);
#16397=FACE_SURFACE('',(#16402),#16398,.T.);
#16398=PLANE('',#16399);
#16399=AXIS2_PLACEMENT_3D('',#663,#16400,#16401);
#16400=DIRECTION('',(-0,0.027396649067514194,0.9996246413628826));
#16401=DIRECTION('',(0.9989510065810945,-0.04577458440200599,0.0012545411279210514));
#16402=FACE_BOUND('',#16403,.T.);
#16403=EDGE_LOOP('',(#16404,#16405,#16406));
#16404=ORIENTED_EDGE('',*,*,#16407,.T.);
#16405=ORIENTED_EDGE('',*,*,#16408,.T.);
#16406=ORIENTED_EDGE('',*,*,#16409,.T.);
#16407=EDGE_CURVE('',#664,#774,#16410,.F.);
#16408=EDGE_CURVE('',#774,#668,#16411,.T.);
#16409=EDGE_CURVE('',#668,#664,#16412,.T.);
#16410=LINE('',#663,#16413);
#16411=LINE('',#773,#16414);
#16412=LINE('',#667,#16415);
#16413=VECTOR('',#16416,1.0);
#16414=VECTOR('',#16417,1.0);
#16415=VECTOR('',#16418,1.0);
#16416=DIRECTION('',(0.9989510065810945,-0.04577458440200599,0.0012545411279210514));
#16417=DIRECTION('',(0,0.9996246413628824,-0.02739664906751419));
#16418=DIRECTION('',(-1,0,0));
#16419=STYLED_ITEM('',(#25),#16420);
#16420=FACE_SURFACE('',(#16425),#16421,.T.);
#16421=PLANE('',#16422);
#16422=AXIS2_PLACEMENT_3D('',#595,#16423,#16424);
#16423=DIRECTION('',(0,0.18841654116304574,0.9820892052233108));
#16424=DIRECTION('',(0,0.9820892052233108,-0.1884165411630457));
#16425=FACE_BOUND('',#16426,.T.);
#16426=EDGE_LOOP('',(#16427,#16428,#16429));
#16427=ORIENTED_EDGE('',*,*,#16430,.T.);
#16428=ORIENTED_EDGE('',*,*,#16431,.T.);
#16429=ORIENTED_EDGE('',*,*,#16432,.T.);
#16430=EDGE_CURVE('',#596,#594,#16433,.F.);
#16431=EDGE_CURVE('',#594,#666,#16434,.T.);
#16432=EDGE_CURVE('',#666,#596,#16435,.T.);
#16433=LINE('',#595,#16436);
#16434=LINE('',#593,#16437);
#16435=LINE('',#665,#16438);
#16436=VECTOR('',#16439,1.0);
#16437=VECTOR('',#16440,1.0);
#16438=VECTOR('',#16441,1.0);
#16439=DIRECTION('',(0,0.9820892052233108,-0.1884165411630457));
#16440=DIRECTION('',(-0.9254298002948315,-0.37213235825726726,0.07139462629745379));
#16441=DIRECTION('',(1,0,0));
#16442=STYLED_ITEM('',(#25),#16443);
#16443=FACE_SURFACE('',(#16448),#16444,.T.);
#16444=PLANE('',#16445);
#16445=AXIS2_PLACEMENT_3D('',#665,#16446,#16447);
#16446=DIRECTION('',(0,0.18841654116304574,0.9820892052233108));
#16447=DIRECTION('',(0.9254298002948315,0.37213235825726726,-0.07139462629745379));
#16448=FACE_BOUND('',#16449,.T.);
#16449=EDGE_LOOP('',(#16450,#16451,#16452));
#16450=ORIENTED_EDGE('',*,*,#16453,.T.);
#16451=ORIENTED_EDGE('',*,*,#16454,.T.);
#16452=ORIENTED_EDGE('',*,*,#16455,.T.);
#16453=EDGE_CURVE('',#666,#594,#16456,.F.);
#16454=EDGE_CURVE('',#594,#776,#16457,.T.);
#16455=EDGE_CURVE('',#776,#666,#16458,.T.);
#16456=LINE('',#665,#16459);
#16457=LINE('',#593,#16460);
#16458=LINE('',#775,#16461);
#16459=VECTOR('',#16462,1.0);
#16460=VECTOR('',#16463,1.0);
#16461=VECTOR('',#16464,1.0);
#16462=DIRECTION('',(0.9254298002948315,0.37213235825726726,-0.07139462629745379));
#16463=DIRECTION('',(-1,0,0));
#16464=DIRECTION('',(0,-0.9820892052233108,0.1884165411630457));
#16465=STYLED_ITEM('',(#25),#16466);
#16466=FACE_SURFACE('',(#16471),#16467,.T.);
#16467=PLANE('',#16468);
#16468=AXIS2_PLACEMENT_3D('',#41,#16469,#16470);
#16469=DIRECTION('',(-0,-0.06311021468627707,-0.9980065635065994));
#16470=DIRECTION('',(0.7071060143847436,-0.7056979739966026,0.04462570915977935));
#16471=FACE_BOUND('',#16472,.T.);
#16472=EDGE_LOOP('',(#16473,#16474,#16475));
#16473=ORIENTED_EDGE('',*,*,#16476,.T.);
#16474=ORIENTED_EDGE('',*,*,#16477,.T.);
#16475=ORIENTED_EDGE('',*,*,#16478,.T.);
#16476=EDGE_CURVE('',#42,#196,#16479,.F.);
#16477=EDGE_CURVE('',#196,#44,#16480,.T.);
#16478=EDGE_CURVE('',#44,#42,#16481,.T.);
#16479=LINE('',#41,#16482);
#16480=LINE('',#195,#16483);
#16481=LINE('',#43,#16484);
#16482=VECTOR('',#16485,1.0);
#16483=VECTOR('',#16486,1.0);
#16484=VECTOR('',#16487,1.0);
#16485=DIRECTION('',(0.7071060143847436,-0.7056979739966026,0.04462570915977935));
#16486=DIRECTION('',(-0.9972677411158078,0.07372460674449967,-0.0046620692983808795));
#16487=DIRECTION('',(1,0,0));
#16488=STYLED_ITEM('',(#25),#16489);
#16489=FACE_SURFACE('',(#16494),#16490,.T.);
#16490=PLANE('',#16491);
#16491=AXIS2_PLACEMENT_3D('',#43,#16492,#16493);
#16492=DIRECTION('',(0,-0.06311021468627707,-0.9980065635065994));
#16493=DIRECTION('',(0.9972677411158078,-0.07372460674449967,0.0046620692983808795));
#16494=FACE_BOUND('',#16495,.T.);
#16495=EDGE_LOOP('',(#16496,#16497,#16498));
#16496=ORIENTED_EDGE('',*,*,#16499,.T.);
#16497=ORIENTED_EDGE('',*,*,#16500,.T.);
#16498=ORIENTED_EDGE('',*,*,#16501,.T.);
#16499=EDGE_CURVE('',#44,#196,#16502,.F.);
#16500=EDGE_CURVE('',#196,#336,#16503,.T.);
#16501=EDGE_CURVE('',#336,#44,#16504,.T.);
#16502=LINE('',#43,#16505);
#16503=LINE('',#195,#16506);
#16504=LINE('',#335,#16507);
#16505=VECTOR('',#16508,1.0);
#16506=VECTOR('',#16509,1.0);
#16507=VECTOR('',#16510,1.0);
#16508=DIRECTION('',(0.9972677411158078,-0.07372460674449967,0.0046620692983808795));
#16509=DIRECTION('',(-1,0,0));
#16510=DIRECTION('',(0.7071060143847436,0.7056979739966026,-0.04462570915977935));
#16511=STYLED_ITEM('',(#25),#16512);
#16512=FACE_SURFACE('',(#16517),#16513,.T.);
#16513=PLANE('',#16514);
#16514=AXIS2_PLACEMENT_3D('',#43,#16515,#16516);
#16515=DIRECTION('',(5.151287131048806E-06,-0.06311535569181966,-0.9980062383819849));
#16516=DIRECTION('',(-0.7071060143847436,-0.7056979739966026,0.04462570915977935));
#16517=FACE_BOUND('',#16518,.T.);
#16518=EDGE_LOOP('',(#16519,#16520,#16521));
#16519=ORIENTED_EDGE('',*,*,#16522,.T.);
#16520=ORIENTED_EDGE('',*,*,#16523,.T.);
#16521=ORIENTED_EDGE('',*,*,#16524,.T.);
#16522=EDGE_CURVE('',#44,#336,#16525,.F.);
#16523=EDGE_CURVE('',#336,#332,#16526,.T.);
#16524=EDGE_CURVE('',#332,#44,#16527,.T.);
#16525=LINE('',#43,#16528);
#16526=LINE('',#335,#16529);
#16527=LINE('',#331,#16530);
#16528=VECTOR('',#16531,1.0);
#16529=VECTOR('',#16532,1.0);
#16530=VECTOR('',#16533,1.0);
#16531=DIRECTION('',(-0.7071060143847436,-0.7056979739966026,0.04462570915977935));
#16532=DIRECTION('',(0,0.9980062383952263,-0.06311535569265705));
#16533=DIRECTION('',(0.22285724012324556,-0.972907398328264,0.06152921909774788));
#16534=STYLED_ITEM('',(#25),#16535);
#16535=FACE_SURFACE('',(#16540),#16536,.T.);
#16536=PLANE('',#16537);
#16537=AXIS2_PLACEMENT_3D('',#41,#16538,#16539);
#16538=DIRECTION('',(-8.061805077107854E-06,-0.06311826039910613,-0.9980060546605907));
#16539=DIRECTION('',(0,0.9980060546930223,-0.06311826040115726));
#16540=FACE_BOUND('',#16541,.T.);
#16541=EDGE_LOOP('',(#16542,#16543,#16544));
#16542=ORIENTED_EDGE('',*,*,#16545,.T.);
#16543=ORIENTED_EDGE('',*,*,#16546,.T.);
#16544=ORIENTED_EDGE('',*,*,#16547,.T.);
#16545=EDGE_CURVE('',#42,#50,#16548,.F.);
#16546=EDGE_CURVE('',#50,#196,#16549,.T.);
#16547=EDGE_CURVE('',#196,#42,#16550,.T.);
#16548=LINE('',#41,#16551);
#16549=LINE('',#49,#16552);
#16550=LINE('',#195,#16553);
#16551=VECTOR('',#16554,1.0);
#16552=VECTOR('',#16555,1.0);
#16553=VECTOR('',#16556,1.0);
#16554=DIRECTION('',(0,0.9980060546930223,-0.06311826040115726));
#16555=DIRECTION('',(0.22285687147312752,-0.9729074892092766,0.06152911731620437));
#16556=DIRECTION('',(-0.7071060143847436,0.7056979739966026,-0.04462570915977935));
#16557=STYLED_ITEM('',(#25),#16558);
#16558=FACE_SURFACE('',(#16563),#16559,.T.);
#16559=PLANE('',#16560);
#16560=AXIS2_PLACEMENT_3D('',#195,#16561,#16562);
#16561=DIRECTION('',(4.66975518150678E-06,-0.0631153556919689,-0.9980062383843448));
#16562=DIRECTION('',(-0.22285687147312752,0.9729074892092766,-0.06152911731620437));
#16563=FACE_BOUND('',#16564,.T.);
#16564=EDGE_LOOP('',(#16565,#16566,#16567));
#16565=ORIENTED_EDGE('',*,*,#16568,.T.);
#16566=ORIENTED_EDGE('',*,*,#16569,.T.);
#16567=ORIENTED_EDGE('',*,*,#16570,.T.);
#16568=EDGE_CURVE('',#196,#50,#16571,.F.);
#16569=EDGE_CURVE('',#50,#198,#16572,.T.);
#16570=EDGE_CURVE('',#198,#196,#16573,.T.);
#16571=LINE('',#195,#16574);
#16572=LINE('',#49,#16575);
#16573=LINE('',#197,#16576);
#16574=VECTOR('',#16577,1.0);
#16575=VECTOR('',#16578,1.0);
#16576=VECTOR('',#16579,1.0);
#16577=DIRECTION('',(-0.22285687147312752,0.9729074892092766,-0.06152911731620437));
#16578=DIRECTION('',(0.7071087064081202,0.7056952658481308,-0.044625879054321055));
#16579=DIRECTION('',(0,-0.9980062383952263,0.06311535569265705));
#16580=STYLED_ITEM('',(#25),#16581);
#16581=FACE_SURFACE('',(#16586),#16582,.T.);
#16582=PLANE('',#16583);
#16583=AXIS2_PLACEMENT_3D('',#197,#16584,#16585);
#16584=DIRECTION('',(0,-0.06311069522178805,-0.9980065331192088));
#16585=DIRECTION('',(-0.7071087064081202,-0.7056952658481308,0.044625879054321055));
#16586=FACE_BOUND('',#16587,.T.);
#16587=EDGE_LOOP('',(#16588,#16589,#16590));
#16588=ORIENTED_EDGE('',*,*,#16591,.T.);
#16589=ORIENTED_EDGE('',*,*,#16592,.T.);
#16590=ORIENTED_EDGE('',*,*,#16593,.T.);
#16591=EDGE_CURVE('',#198,#50,#16594,.F.);
#16592=EDGE_CURVE('',#50,#54,#16595,.T.);
#16593=EDGE_CURVE('',#54,#198,#16596,.T.);
#16594=LINE('',#197,#16597);
#16595=LINE('',#49,#16598);
#16596=LINE('',#53,#16599);
#16597=VECTOR('',#16600,1.0);
#16598=VECTOR('',#16601,1.0);
#16599=VECTOR('',#16602,1.0);
#16600=DIRECTION('',(-0.7071087064081202,-0.7056952658481308,0.044625879054321055));
#16601=DIRECTION('',(-1,0,0));
#16602=DIRECTION('',(0.997267782553046,0.0737240462114049,-0.004662069492093428));
#16603=STYLED_ITEM('',(#25),#16604);
#16604=FACE_SURFACE('',(#16609),#16605,.T.);
#16605=PLANE('',#16606);
#16606=AXIS2_PLACEMENT_3D('',#197,#16607,#16608);
#16607=DIRECTION('',(-0,-0.06311069522178805,-0.9980065331192088));
#16608=DIRECTION('',(-0.997267782553046,-0.0737240462114049,0.004662069492093428));
#16609=FACE_BOUND('',#16610,.T.);
#16610=EDGE_LOOP('',(#16611,#16612,#16613));
#16611=ORIENTED_EDGE('',*,*,#16614,.T.);
#16612=ORIENTED_EDGE('',*,*,#16615,.T.);
#16613=ORIENTED_EDGE('',*,*,#16616,.T.);
#16614=EDGE_CURVE('',#198,#54,#16617,.F.);
#16615=EDGE_CURVE('',#54,#332,#16618,.T.);
#16616=EDGE_CURVE('',#332,#198,#16619,.T.);
#16617=LINE('',#197,#16620);
#16618=LINE('',#53,#16621);
#16619=LINE('',#331,#16622);
#16620=VECTOR('',#16623,1.0);
#16621=VECTOR('',#16624,1.0);
#16622=VECTOR('',#16625,1.0);
#16623=DIRECTION('',(-0.997267782553046,-0.0737240462114049,0.004662069492093428));
#16624=DIRECTION('',(-0.7071087064081202,0.7056952658481308,-0.044625879054321055));
#16625=DIRECTION('',(1,0,0));
#16626=STYLED_ITEM('',(#25),#16627);
#16627=FACE_SURFACE('',(#16632),#16628,.T.);
#16628=PLANE('',#16629);
#16629=AXIS2_PLACEMENT_3D('',#331,#16630,#16631);
#16630=DIRECTION('',(-7.580250966425449E-06,-0.06311826039934386,-0.9980060546643493));
#16631=DIRECTION('',(0.7071087064081202,-0.7056952658481308,0.044625879054321055));
#16632=FACE_BOUND('',#16633,.T.);
#16633=EDGE_LOOP('',(#16634,#16635,#16636));
#16634=ORIENTED_EDGE('',*,*,#16637,.T.);
#16635=ORIENTED_EDGE('',*,*,#16638,.T.);
#16636=ORIENTED_EDGE('',*,*,#16639,.T.);
#16637=EDGE_CURVE('',#332,#54,#16640,.F.);
#16638=EDGE_CURVE('',#54,#44,#16641,.T.);
#16639=EDGE_CURVE('',#44,#332,#16642,.T.);
#16640=LINE('',#331,#16643);
#16641=LINE('',#53,#16644);
#16642=LINE('',#43,#16645);
#16643=VECTOR('',#16646,1.0);
#16644=VECTOR('',#16647,1.0);
#16645=VECTOR('',#16648,1.0);
#16646=DIRECTION('',(0.7071087064081202,-0.7056952658481308,0.044625879054321055));
#16647=DIRECTION('',(0,-0.9980060546930223,0.06311826040115726));
#16648=DIRECTION('',(-0.22285724012324556,0.972907398328264,-0.06152921909774788));
#16649=STYLED_ITEM('',(#25),#16650);
#16650=FACE_SURFACE('',(#16655),#16651,.T.);
#16651=PLANE('',#16652);
#16652=AXIS2_PLACEMENT_3D('',#195,#16653,#16654);
#16653=DIRECTION('',(0,-0.9926862279219943,0.1207230421005136));
#16654=DIRECTION('',(0,0.1207230421005136,0.9926862279219943));
#16655=FACE_BOUND('',#16656,.T.);
#16656=EDGE_LOOP('',(#16657,#16658,#16659));
#16657=ORIENTED_EDGE('',*,*,#16660,.T.);
#16658=ORIENTED_EDGE('',*,*,#16661,.T.);
#16659=ORIENTED_EDGE('',*,*,#16662,.T.);
#16660=EDGE_CURVE('',#196,#190,#16663,.F.);
#16661=EDGE_CURVE('',#190,#336,#16664,.T.);
#16662=EDGE_CURVE('',#336,#196,#16665,.T.);
#16663=LINE('',#195,#16666);
#16664=LINE('',#189,#16667);
#16665=LINE('',#335,#16668);
#16666=VECTOR('',#16669,1.0);
#16667=VECTOR('',#16670,1.0);
#16668=VECTOR('',#16671,1.0);
#16669=DIRECTION('',(0,0.1207230421005136,0.9926862279219943));
#16670=DIRECTION('',(-0.9411344701828734,-0.04080830065362904,-0.33556011627034144));
#16671=DIRECTION('',(1,0,0));
#16672=STYLED_ITEM('',(#25),#16673);
#16673=FACE_SURFACE('',(#16678),#16674,.T.);
#16674=PLANE('',#16675);
#16675=AXIS2_PLACEMENT_3D('',#335,#16676,#16677);
#16676=DIRECTION('',(0,-0.9926862279219943,0.1207230421005136));
#16677=DIRECTION('',(0.9411344701828734,0.04080830065362904,0.33556011627034144));
#16678=FACE_BOUND('',#16679,.T.);
#16679=EDGE_LOOP('',(#16680,#16681,#16682));
#16680=ORIENTED_EDGE('',*,*,#16683,.T.);
#16681=ORIENTED_EDGE('',*,*,#16684,.T.);
#16682=ORIENTED_EDGE('',*,*,#16685,.T.);
#16683=EDGE_CURVE('',#336,#190,#16686,.F.);
#16684=EDGE_CURVE('',#190,#328,#16687,.T.);
#16685=EDGE_CURVE('',#328,#336,#16688,.T.);
#16686=LINE('',#335,#16689);
#16687=LINE('',#189,#16690);
#16688=LINE('',#327,#16691);
#16689=VECTOR('',#16692,1.0);
#16690=VECTOR('',#16693,1.0);
#16691=VECTOR('',#16694,1.0);
#16692=DIRECTION('',(0.9411344701828734,0.04080830065362904,0.33556011627034144));
#16693=DIRECTION('',(-1,0,0));
#16694=DIRECTION('',(0,-0.1207230421005136,-0.9926862279219943));
#16695=STYLED_ITEM('',(#25),#16696);
#16696=FACE_SURFACE('',(#16701),#16697,.T.);
#16697=PLANE('',#16698);
#16698=AXIS2_PLACEMENT_3D('',#593,#16699,#16700);
#16699=DIRECTION('',(0,0.9820893752942015,-0.1884156546952643));
#16700=DIRECTION('',(0,-0.1884156546952643,-0.9820893752942015));
#16701=FACE_BOUND('',#16702,.T.);
#16702=EDGE_LOOP('',(#16703,#16704,#16705));
#16703=ORIENTED_EDGE('',*,*,#16706,.T.);
#16704=ORIENTED_EDGE('',*,*,#16707,.T.);
#16705=ORIENTED_EDGE('',*,*,#16708,.T.);
#16706=EDGE_CURVE('',#594,#592,#16709,.F.);
#16707=EDGE_CURVE('',#592,#776,#16710,.T.);
#16708=EDGE_CURVE('',#776,#594,#16711,.T.);
#16709=LINE('',#593,#16712);
#16710=LINE('',#591,#16713);
#16711=LINE('',#775,#16714);
#16712=VECTOR('',#16715,1.0);
#16713=VECTOR('',#16716,1.0);
#16714=VECTOR('',#16717,1.0);
#16715=DIRECTION('',(0,-0.1884156546952643,-0.9820893752942015));
#16716=DIRECTION('',(-0.9116757532160921,0.07742194382242171,0.40355069522010356));
#16717=DIRECTION('',(1,0,0));
#16718=STYLED_ITEM('',(#25),#16719);
#16719=FACE_SURFACE('',(#16724),#16720,.T.);
#16720=PLANE('',#16721);
#16721=AXIS2_PLACEMENT_3D('',#775,#16722,#16723);
#16722=DIRECTION('',(0,0.9820893752942015,-0.1884156546952643));
#16723=DIRECTION('',(0.9116757532160921,-0.07742194382242171,-0.40355069522010356));
#16724=FACE_BOUND('',#16725,.T.);
#16725=EDGE_LOOP('',(#16726,#16727,#16728));
#16726=ORIENTED_EDGE('',*,*,#16729,.T.);
#16727=ORIENTED_EDGE('',*,*,#16730,.T.);
#16728=ORIENTED_EDGE('',*,*,#16731,.T.);
#16729=EDGE_CURVE('',#776,#592,#16732,.F.);
#16730=EDGE_CURVE('',#592,#778,#16733,.T.);
#16731=EDGE_CURVE('',#778,#776,#16734,.T.);
#16732=LINE('',#775,#16735);
#16733=LINE('',#591,#16736);
#16734=LINE('',#777,#16737);
#16735=VECTOR('',#16738,1.0);
#16736=VECTOR('',#16739,1.0);
#16737=VECTOR('',#16740,1.0);
#16738=DIRECTION('',(0.9116757532160921,-0.07742194382242171,-0.40355069522010356));
#16739=DIRECTION('',(-1,0,0));
#16740=DIRECTION('',(0,0.1884156546952643,0.9820893752942015));
#16741=STYLED_ITEM('',(#25),#16742);
#16742=FACE_SURFACE('',(#16747),#16743,.T.);
#16743=PLANE('',#16744);
#16744=AXIS2_PLACEMENT_3D('',#331,#16745,#16746);
#16745=DIRECTION('',(0,0.992686072358946,-0.1207243212636515));
#16746=DIRECTION('',(0,0.1207243212636515,0.992686072358946));
#16747=FACE_BOUND('',#16748,.T.);
#16748=EDGE_LOOP('',(#16749,#16750,#16751));
#16749=ORIENTED_EDGE('',*,*,#16752,.T.);
#16750=ORIENTED_EDGE('',*,*,#16753,.T.);
#16751=ORIENTED_EDGE('',*,*,#16754,.T.);
#16752=EDGE_CURVE('',#332,#330,#16755,.F.);
#16753=EDGE_CURVE('',#330,#198,#16756,.T.);
#16754=EDGE_CURVE('',#198,#332,#16757,.T.);
#16755=LINE('',#331,#16758);
#16756=LINE('',#329,#16759);
#16757=LINE('',#197,#16760);
#16758=VECTOR('',#16761,1.0);
#16759=VECTOR('',#16762,1.0);
#16760=VECTOR('',#16763,1.0);
#16761=DIRECTION('',(0,0.1207243212636515,0.992686072358946));
#16762=DIRECTION('',(0.6881467378504464,-0.08759413232098082,-0.7202647674075994));
#16763=DIRECTION('',(-1,0,0));
#16764=STYLED_ITEM('',(#25),#16765);
#16765=FACE_SURFACE('',(#16770),#16766,.T.);
#16766=PLANE('',#16767);
#16767=AXIS2_PLACEMENT_3D('',#197,#16768,#16769);
#16768=DIRECTION('',(0,0.992686072358946,-0.1207243212636515));
#16769=DIRECTION('',(-0.6881467378504464,0.08759413232098082,0.7202647674075994));
#16770=FACE_BOUND('',#16771,.T.);
#16771=EDGE_LOOP('',(#16772,#16773,#16774));
#16772=ORIENTED_EDGE('',*,*,#16775,.T.);
#16773=ORIENTED_EDGE('',*,*,#16776,.T.);
#16774=ORIENTED_EDGE('',*,*,#16777,.T.);
#16775=EDGE_CURVE('',#198,#330,#16778,.F.);
#16776=EDGE_CURVE('',#330,#192,#16779,.T.);
#16777=EDGE_CURVE('',#192,#198,#16780,.T.);
#16778=LINE('',#197,#16781);
#16779=LINE('',#329,#16782);
#16780=LINE('',#191,#16783);
#16781=VECTOR('',#16784,1.0);
#16782=VECTOR('',#16785,1.0);
#16783=VECTOR('',#16786,1.0);
#16784=DIRECTION('',(-0.6881467378504464,0.08759413232098082,0.7202647674075994));
#16785=DIRECTION('',(1,0,0));
#16786=DIRECTION('',(0,-0.1207243212636515,-0.992686072358946));
#16787=STYLED_ITEM('',(#25),#16788);
#16788=FACE_SURFACE('',(#16793),#16789,.T.);
#16789=PLANE('',#16790);
#16790=AXIS2_PLACEMENT_3D('',#523,#16791,#16792);
#16791=DIRECTION('',(0,-0.18840533044885063,-0.9820913559636187));
#16792=DIRECTION('',(0.9059605539073221,0.415780267026833,-0.0797636779181709));
#16793=FACE_BOUND('',#16794,.T.);
#16794=EDGE_LOOP('',(#16795,#16796,#16797));
#16795=ORIENTED_EDGE('',*,*,#16798,.T.);
#16796=ORIENTED_EDGE('',*,*,#16799,.T.);
#16797=ORIENTED_EDGE('',*,*,#16800,.T.);
#16798=EDGE_CURVE('',#524,#334,#16801,.F.);
#16799=EDGE_CURVE('',#334,#342,#16802,.T.);
#16800=EDGE_CURVE('',#342,#524,#16803,.T.);
#16801=LINE('',#523,#16804);
#16802=LINE('',#333,#16805);
#16803=LINE('',#341,#16806);
#16804=VECTOR('',#16807,1.0);
#16805=VECTOR('',#16808,1.0);
#16806=VECTOR('',#16809,1.0);
#16807=DIRECTION('',(0.9059605539073221,0.415780267026833,-0.0797636779181709));
#16808=DIRECTION('',(0.9995458206533,-0.02959588012025983,0.0056777015092562165));
#16809=DIRECTION('',(-1,0,0));
#16810=STYLED_ITEM('',(#25),#16811);
#16811=FACE_SURFACE('',(#16816),#16812,.T.);
#16812=PLANE('',#16813);
#16813=AXIS2_PLACEMENT_3D('',#341,#16814,#16815);
#16814=DIRECTION('',(0,-0.18840533044885063,-0.9820913559636189));
#16815=DIRECTION('',(-0.9995458206533,0.02959588012025983,-0.0056777015092562165));
#16816=FACE_BOUND('',#16817,.T.);
#16817=EDGE_LOOP('',(#16818,#16819,#16820));
#16818=ORIENTED_EDGE('',*,*,#16821,.T.);
#16819=ORIENTED_EDGE('',*,*,#16822,.T.);
#16820=ORIENTED_EDGE('',*,*,#16823,.T.);
#16821=EDGE_CURVE('',#342,#334,#16824,.F.);
#16822=EDGE_CURVE('',#334,#194,#16825,.T.);
#16823=EDGE_CURVE('',#194,#342,#16826,.T.);
#16824=LINE('',#341,#16827);
#16825=LINE('',#333,#16828);
#16826=LINE('',#193,#16829);
#16827=VECTOR('',#16830,1.0);
#16828=VECTOR('',#16831,1.0);
#16829=VECTOR('',#16832,1.0);
#16830=DIRECTION('',(-0.9995458206533,0.02959588012025983,-0.0056777015092562165));
#16831=DIRECTION('',(1,0,0));
#16832=DIRECTION('',(0.9059283355976763,-0.4158479701749204,0.07977666615384815));
#16833=STYLED_ITEM('',(#25),#16834);
#16834=FACE_SURFACE('',(#16839),#16835,.T.);
#16835=PLANE('',#16836);
#16836=AXIS2_PLACEMENT_3D('',#341,#16837,#16838);
#16837=DIRECTION('',(-4.958642240383341E-06,-0.18841574943047293,-0.9820893571065542));
#16838=DIRECTION('',(-0.9059283355976763,0.4158479701749204,-0.07977666615384815));
#16839=FACE_BOUND('',#16840,.T.);
#16840=EDGE_LOOP('',(#16841,#16842,#16843));
#16841=ORIENTED_EDGE('',*,*,#16844,.T.);
#16842=ORIENTED_EDGE('',*,*,#16845,.T.);
#16843=ORIENTED_EDGE('',*,*,#16846,.T.);
#16844=EDGE_CURVE('',#342,#194,#16847,.F.);
#16845=EDGE_CURVE('',#194,#192,#16848,.T.);
#16846=EDGE_CURVE('',#192,#342,#16849,.T.);
#16847=LINE('',#341,#16850);
#16848=LINE('',#193,#16851);
#16849=LINE('',#191,#16852);
#16850=VECTOR('',#16853,1.0);
#16851=VECTOR('',#16854,1.0);
#16852=VECTOR('',#16855,1.0);
#16853=DIRECTION('',(-0.9059283355976763,0.4158479701749204,-0.07977666615384815));
#16854=DIRECTION('',(0,0.9820893571186282,-0.18841574943278935));
#16855=DIRECTION('',(0.1344016845236305,-0.9731789204742382,0.18670558626299));
#16856=STYLED_ITEM('',(#25),#16857);
#16857=FACE_SURFACE('',(#16862),#16858,.T.);
#16858=PLANE('',#16859);
#16859=AXIS2_PLACEMENT_3D('',#333,#16860,#16861);
#16860=DIRECTION('',(4.957658622995595E-06,-0.18841574943047387,-0.9820893571065591));
#16861=DIRECTION('',(-0.9059605539073221,-0.415780267026833,0.0797636779181709));
#16862=FACE_BOUND('',#16863,.T.);
#16863=EDGE_LOOP('',(#16864,#16865,#16866));
#16864=ORIENTED_EDGE('',*,*,#16867,.T.);
#16865=ORIENTED_EDGE('',*,*,#16868,.T.);
#16866=ORIENTED_EDGE('',*,*,#16869,.T.);
#16867=EDGE_CURVE('',#334,#524,#16870,.F.);
#16868=EDGE_CURVE('',#524,#330,#16871,.T.);
#16869=EDGE_CURVE('',#330,#334,#16872,.T.);
#16870=LINE('',#333,#16873);
#16871=LINE('',#523,#16874);
#16872=LINE('',#329,#16875);
#16873=VECTOR('',#16876,1.0);
#16874=VECTOR('',#16877,1.0);
#16875=VECTOR('',#16878,1.0);
#16876=DIRECTION('',(-0.9059605539073221,-0.415780267026833,0.0797636779181709));
#16877=DIRECTION('',(0.13442786847713914,0.9731754323460103,-0.1867049170612512));
#16878=DIRECTION('',(0,-0.9820893571186282,0.18841574943278935));
#16879=STYLED_ITEM('',(#25),#16880);
#16880=FACE_SURFACE('',(#16885),#16881,.T.);
#16881=PLANE('',#16882);
#16882=AXIS2_PLACEMENT_3D('',#329,#16883,#16884);
#16883=DIRECTION('',(-5.588932016911032E-07,-0.18841501446553158,-0.9820894981230791));
#16884=DIRECTION('',(-0.13442786847713914,-0.9731754323460103,0.1867049170612512));
#16885=FACE_BOUND('',#16886,.T.);
#16886=EDGE_LOOP('',(#16887,#16888,#16889));
#16887=ORIENTED_EDGE('',*,*,#16890,.T.);
#16888=ORIENTED_EDGE('',*,*,#16891,.T.);
#16889=ORIENTED_EDGE('',*,*,#16892,.T.);
#16890=EDGE_CURVE('',#330,#524,#16893,.F.);
#16891=EDGE_CURVE('',#524,#778,#16894,.T.);
#16892=EDGE_CURVE('',#778,#330,#16895,.T.);
#16893=LINE('',#329,#16896);
#16894=LINE('',#523,#16897);
#16895=LINE('',#777,#16898);
#16896=VECTOR('',#16899,1.0);
#16897=VECTOR('',#16900,1.0);
#16898=VECTOR('',#16901,1.0);
#16899=DIRECTION('',(-0.13442786847713914,-0.9731754323460103,0.1867049170612512));
#16900=DIRECTION('',(0,0.9820894981232324,-0.188415014465561));
#16901=DIRECTION('',(0.5373467139188979,-0.8282564644352934,0.158901661922428));
#16902=STYLED_ITEM('',(#25),#16903);
#16903=FACE_SURFACE('',(#16908),#16904,.T.);
#16904=PLANE('',#16905);
#16905=AXIS2_PLACEMENT_3D('',#329,#16906,#16907);
#16906=DIRECTION('',(0,-0.18841466474532034,-0.9820895652174035));
#16907=DIRECTION('',(-0.5373467139188979,0.8282564644352934,-0.158901661922428));
#16908=FACE_BOUND('',#16909,.T.);
#16909=EDGE_LOOP('',(#16910,#16911,#16912));
#16910=ORIENTED_EDGE('',*,*,#16913,.T.);
#16911=ORIENTED_EDGE('',*,*,#16914,.T.);
#16912=ORIENTED_EDGE('',*,*,#16915,.T.);
#16913=EDGE_CURVE('',#330,#778,#16916,.F.);
#16914=EDGE_CURVE('',#778,#592,#16917,.T.);
#16915=EDGE_CURVE('',#592,#330,#16918,.T.);
#16916=LINE('',#329,#16919);
#16917=LINE('',#777,#16920);
#16918=LINE('',#591,#16921);
#16919=VECTOR('',#16922,1.0);
#16920=VECTOR('',#16923,1.0);
#16921=VECTOR('',#16924,1.0);
#16922=DIRECTION('',(-0.5373467139188979,0.8282564644352934,-0.158901661922428));
#16923=DIRECTION('',(1,0,0));
#16924=DIRECTION('',(-0.9949124103151874,-0.09893934974599836,0.018981592995935773));
#16925=STYLED_ITEM('',(#25),#16926);
#16926=FACE_SURFACE('',(#16931),#16927,.T.);
#16927=PLANE('',#16928);
#16928=AXIS2_PLACEMENT_3D('',#329,#16929,#16930);
#16929=DIRECTION('',(0,-0.18841466474532034,-0.9820895652174034));
#16930=DIRECTION('',(0.9949124103151874,0.09893934974599836,-0.018981592995935773));
#16931=FACE_BOUND('',#16932,.T.);
#16932=EDGE_LOOP('',(#16933,#16934,#16935));
#16933=ORIENTED_EDGE('',*,*,#16936,.T.);
#16934=ORIENTED_EDGE('',*,*,#16937,.T.);
#16935=ORIENTED_EDGE('',*,*,#16938,.T.);
#16936=EDGE_CURVE('',#330,#592,#16939,.F.);
#16937=EDGE_CURVE('',#592,#192,#16940,.T.);
#16938=EDGE_CURVE('',#192,#330,#16941,.T.);
#16939=LINE('',#329,#16942);
#16940=LINE('',#591,#16943);
#16941=LINE('',#191,#16944);
#16942=VECTOR('',#16945,1.0);
#16943=VECTOR('',#16946,1.0);
#16944=VECTOR('',#16947,1.0);
#16945=DIRECTION('',(0.9949124103151874,0.09893934974599836,-0.018981592995935773));
#16946=DIRECTION('',(-0.5372708940890359,-0.8283039030157053,0.15891076305183702));
#16947=DIRECTION('',(-1,0,0));
#16948=STYLED_ITEM('',(#25),#16949);
#16949=FACE_SURFACE('',(#16954),#16950,.T.);
#16950=PLANE('',#16951);
#16951=AXIS2_PLACEMENT_3D('',#191,#16952,#16953);
#16952=DIRECTION('',(5.590040881221576E-07,-0.18841501446553155,-0.9820894981230789));
#16953=DIRECTION('',(0.5372708940890359,0.8283039030157053,-0.15891076305183702));
#16954=FACE_BOUND('',#16955,.T.);
#16955=EDGE_LOOP('',(#16956,#16957,#16958));
#16956=ORIENTED_EDGE('',*,*,#16959,.T.);
#16957=ORIENTED_EDGE('',*,*,#16960,.T.);
#16958=ORIENTED_EDGE('',*,*,#16961,.T.);
#16959=EDGE_CURVE('',#192,#592,#16962,.F.);
#16960=EDGE_CURVE('',#592,#342,#16963,.T.);
#16961=EDGE_CURVE('',#342,#192,#16964,.T.);
#16962=LINE('',#191,#16965);
#16963=LINE('',#591,#16966);
#16964=LINE('',#341,#16967);
#16965=VECTOR('',#16968,1.0);
#16966=VECTOR('',#16969,1.0);
#16967=VECTOR('',#16970,1.0);
#16968=DIRECTION('',(0.5372708940890359,0.8283039030157053,-0.15891076305183702));
#16969=DIRECTION('',(0,-0.9820894981232324,0.188415014465561));
#16970=DIRECTION('',(-0.1344016845236305,0.9731789204742382,-0.18670558626299));
#16971=STYLED_ITEM('',(#25),#16972);
#16972=FACE_SURFACE('',(#16977),#16973,.T.);
#16973=PLANE('',#16974);
#16974=AXIS2_PLACEMENT_3D('',#199,#16975,#16976);
#16975=DIRECTION('',(0,-0.992686182247973,0.12072341767007747));
#16976=DIRECTION('',(0,0.12072341767007747,0.992686182247973));
#16977=FACE_BOUND('',#16978,.T.);
#16978=EDGE_LOOP('',(#16979,#16980,#16981));
#16979=ORIENTED_EDGE('',*,*,#16982,.T.);
#16980=ORIENTED_EDGE('',*,*,#16983,.T.);
#16981=ORIENTED_EDGE('',*,*,#16984,.T.);
#16982=EDGE_CURVE('',#200,#194,#16985,.F.);
#16983=EDGE_CURVE('',#194,#242,#16986,.T.);
#16984=EDGE_CURVE('',#242,#200,#16987,.T.);
#16985=LINE('',#199,#16988);
#16986=LINE('',#193,#16989);
#16987=LINE('',#241,#16990);
#16988=VECTOR('',#16991,1.0);
#16989=VECTOR('',#16992,1.0);
#16990=VECTOR('',#16993,1.0);
#16991=DIRECTION('',(0,0.12072341767007747,0.992686182247973));
#16992=DIRECTION('',(-0.9498848840494274,-0.037738130140099455,-0.3103136165042307));
#16993=DIRECTION('',(1,0,0));
#16994=STYLED_ITEM('',(#25),#16995);
#16995=FACE_SURFACE('',(#17000),#16996,.T.);
#16996=PLANE('',#16997);
#16997=AXIS2_PLACEMENT_3D('',#241,#16998,#16999);
#16998=DIRECTION('',(0,-0.992686182247973,0.12072341767007747));
#16999=DIRECTION('',(0.9498848840494274,0.037738130140099455,0.3103136165042307));
#17000=FACE_BOUND('',#17001,.T.);
#17001=EDGE_LOOP('',(#17002,#17003,#17004));
#17002=ORIENTED_EDGE('',*,*,#17005,.T.);
#17003=ORIENTED_EDGE('',*,*,#17006,.T.);
#17004=ORIENTED_EDGE('',*,*,#17007,.T.);
#17005=EDGE_CURVE('',#242,#194,#17008,.F.);
#17006=EDGE_CURVE('',#194,#334,#17009,.T.);
#17007=EDGE_CURVE('',#334,#242,#17010,.T.);
#17008=LINE('',#241,#17011);
#17009=LINE('',#193,#17012);
#17010=LINE('',#333,#17013);
#17011=VECTOR('',#17014,1.0);
#17012=VECTOR('',#17015,1.0);
#17013=VECTOR('',#17016,1.0);
#17014=DIRECTION('',(0.9498848840494274,0.037738130140099455,0.3103136165042307));
#17015=DIRECTION('',(-1,0,0));
#17016=DIRECTION('',(0,-0.12072341767007747,-0.992686182247973));
#17017=STYLED_ITEM('',(#25),#17018);
#17018=FACE_SURFACE('',(#17023),#17019,.T.);
#17019=PLANE('',#17020);
#17020=AXIS2_PLACEMENT_3D('',#61,#17021,#17022);
#17021=DIRECTION('',(-0,-0.5212500943479399,-0.8534039718341272));
#17022=DIRECTION('',(-1,0,0));
#17023=FACE_BOUND('',#17024,.T.);
#17024=EDGE_LOOP('',(#17025,#17026,#17027));
#17025=ORIENTED_EDGE('',*,*,#17028,.T.);
#17026=ORIENTED_EDGE('',*,*,#17029,.T.);
#17027=ORIENTED_EDGE('',*,*,#17030,.T.);
#17028=EDGE_CURVE('',#62,#142,#17031,.F.);
#17029=EDGE_CURVE('',#142,#190,#17032,.T.);
#17030=EDGE_CURVE('',#190,#62,#17033,.T.);
#17031=LINE('',#61,#17034);
#17032=LINE('',#141,#17035);
#17033=LINE('',#189,#17036);
#17034=VECTOR('',#17037,1.0);
#17035=VECTOR('',#17038,1.0);
#17036=VECTOR('',#17039,1.0);
#17037=DIRECTION('',(-1,0,0));
#17038=DIRECTION('',(0.9992621911292916,0.03277641671069823,-0.02001948768309639));
#17039=DIRECTION('',(0,-0.8534039718341272,0.5212500943479399));
#17040=STYLED_ITEM('',(#25),#17041);
#17041=FACE_SURFACE('',(#17046),#17042,.T.);
#17042=PLANE('',#17043);
#17043=AXIS2_PLACEMENT_3D('',#189,#17044,#17045);
#17044=DIRECTION('',(-0,-0.5212500943479399,-0.8534039718341272));
#17045=DIRECTION('',(-0.9992621911292916,-0.03277641671069823,0.02001948768309639));
#17046=FACE_BOUND('',#17047,.T.);
#17047=EDGE_LOOP('',(#17048,#17049,#17050));
#17048=ORIENTED_EDGE('',*,*,#17051,.T.);
#17049=ORIENTED_EDGE('',*,*,#17052,.T.);
#17050=ORIENTED_EDGE('',*,*,#17053,.T.);
#17051=EDGE_CURVE('',#190,#142,#17054,.F.);
#17052=EDGE_CURVE('',#142,#328,#17055,.T.);
#17053=EDGE_CURVE('',#328,#190,#17056,.T.);
#17054=LINE('',#189,#17057);
#17055=LINE('',#141,#17058);
#17056=LINE('',#327,#17059);
#17057=VECTOR('',#17060,1.0);
#17058=VECTOR('',#17061,1.0);
#17059=VECTOR('',#17062,1.0);
#17060=DIRECTION('',(-0.9992621911292916,-0.03277641671069823,0.02001948768309639));
#17061=DIRECTION('',(0,0.8534039718341272,-0.5212500943479399));
#17062=DIRECTION('',(1,0,0));
#17063=STYLED_ITEM('',(#25),#17064);
#17064=FACE_SURFACE('',(#17069),#17065,.T.);
#17065=PLANE('',#17066);
#17066=AXIS2_PLACEMENT_3D('',#543,#17067,#17068);
#17067=DIRECTION('',(-1,0,0));
#17068=DIRECTION('',(0,-0.9130394232627804,0.4078713174126974));
#17069=FACE_BOUND('',#17070,.T.);
#17070=EDGE_LOOP('',(#17071,#17072,#17073));
#17071=ORIENTED_EDGE('',*,*,#17074,.T.);
#17072=ORIENTED_EDGE('',*,*,#17075,.T.);
#17073=ORIENTED_EDGE('',*,*,#17076,.T.);
#17074=EDGE_CURVE('',#544,#540,#17077,.F.);
#17075=EDGE_CURVE('',#540,#524,#17078,.T.);
#17076=EDGE_CURVE('',#524,#544,#17079,.T.);
#17077=LINE('',#543,#17080);
#17078=LINE('',#539,#17081);
#17079=LINE('',#523,#17082);
#17080=VECTOR('',#17083,1.0);
#17081=VECTOR('',#17084,1.0);
#17082=VECTOR('',#17085,1.0);
#17083=DIRECTION('',(0,-0.9130394232627804,0.4078713174126974));
#17084=DIRECTION('',(0,0.9416821366679003,-0.336503719861427));
#17085=DIRECTION('',(0,-0.9647546473638932,0.2631510410197352));
#17086=STYLED_ITEM('',(#25),#17087);
#17087=FACE_SURFACE('',(#17092),#17088,.T.);
#17088=PLANE('',#17089);
#17089=AXIS2_PLACEMENT_3D('',#523,#17090,#17091);
#17090=DIRECTION('',(-1,0,0));
#17091=DIRECTION('',(0,-0.9416821366679003,0.336503719861427));
#17092=FACE_BOUND('',#17093,.T.);
#17093=EDGE_LOOP('',(#17094,#17095,#17096));
#17094=ORIENTED_EDGE('',*,*,#17097,.T.);
#17095=ORIENTED_EDGE('',*,*,#17098,.T.);
#17096=ORIENTED_EDGE('',*,*,#17099,.T.);
#17097=EDGE_CURVE('',#524,#540,#17100,.F.);
#17098=EDGE_CURVE('',#540,#534,#17101,.T.);
#17099=EDGE_CURVE('',#534,#524,#17102,.T.);
#17100=LINE('',#523,#17103);
#17101=LINE('',#539,#17104);
#17102=LINE('',#533,#17105);
#17103=VECTOR('',#17106,1.0);
#17104=VECTOR('',#17107,1.0);
#17105=VECTOR('',#17108,1.0);
#17106=DIRECTION('',(0,-0.9416821366679003,0.336503719861427));
#17107=DIRECTION('',(0,-0.839764720473634,0.5429504712658781));
#17108=DIRECTION('',(0,0.9130388710642351,-0.4078725535332662));
#17109=STYLED_ITEM('',(#25),#17110);
#17110=FACE_SURFACE('',(#17115),#17111,.T.);
#17111=PLANE('',#17112);
#17112=AXIS2_PLACEMENT_3D('',#523,#17113,#17114);
#17113=DIRECTION('',(-1,0,0));
#17114=DIRECTION('',(0,-0.9130388710642351,0.4078725535332662));
#17115=FACE_BOUND('',#17116,.T.);
#17116=EDGE_LOOP('',(#17117,#17118,#17119));
#17117=ORIENTED_EDGE('',*,*,#17120,.T.);
#17118=ORIENTED_EDGE('',*,*,#17121,.T.);
#17119=ORIENTED_EDGE('',*,*,#17122,.T.);
#17120=EDGE_CURVE('',#524,#534,#17123,.F.);
#17121=EDGE_CURVE('',#534,#526,#17124,.T.);
#17122=EDGE_CURVE('',#526,#524,#17125,.T.);
#17123=LINE('',#523,#17126);
#17124=LINE('',#533,#17127);
#17125=LINE('',#525,#17128);
#17126=VECTOR('',#17129,1.0);
#17127=VECTOR('',#17130,1.0);
#17128=VECTOR('',#17131,1.0);
#17129=DIRECTION('',(0,-0.9130388710642351,0.4078725535332662));
#17130=DIRECTION('',(0,-0.7468608189307895,0.6649803885424219));
#17131=DIRECTION('',(0,0.8790340049520041,-0.4767590776671589));
#17132=STYLED_ITEM('',(#25),#17133);
#17133=FACE_SURFACE('',(#17138),#17134,.T.);
#17134=PLANE('',#17135);
#17135=AXIS2_PLACEMENT_3D('',#525,#17136,#17137);
#17136=DIRECTION('',(-1,0,0));
#17137=DIRECTION('',(0,-0.6363829547955637,0.7713732785400772));
#17138=FACE_BOUND('',#17139,.T.);
#17139=EDGE_LOOP('',(#17140,#17141,#17142));
#17140=ORIENTED_EDGE('',*,*,#17143,.T.);
#17141=ORIENTED_EDGE('',*,*,#17144,.T.);
#17142=ORIENTED_EDGE('',*,*,#17145,.T.);
#17143=EDGE_CURVE('',#526,#514,#17146,.F.);
#17144=EDGE_CURVE('',#514,#524,#17147,.T.);
#17145=EDGE_CURVE('',#524,#526,#17148,.T.);
#17146=LINE('',#525,#17149);
#17147=LINE('',#513,#17150);
#17148=LINE('',#523,#17151);
#17149=VECTOR('',#17152,1.0);
#17150=VECTOR('',#17153,1.0);
#17151=VECTOR('',#17154,1.0);
#17152=DIRECTION('',(0,-0.6363829547955637,0.7713732785400772));
#17153=DIRECTION('',(0,0.8398692767435068,-0.5427887231532531));
#17154=DIRECTION('',(0,-0.8790340049520041,0.4767590776671589));
#17155=STYLED_ITEM('',(#25),#17156);
#17156=FACE_SURFACE('',(#17161),#17157,.T.);
#17157=PLANE('',#17158);
#17158=AXIS2_PLACEMENT_3D('',#523,#17159,#17160);
#17159=DIRECTION('',(-1,0,0));
#17160=DIRECTION('',(0,-0.8398692767435068,0.5427887231532531));
#17161=FACE_BOUND('',#17162,.T.);
#17162=EDGE_LOOP('',(#17163,#17164,#17165));
#17163=ORIENTED_EDGE('',*,*,#17166,.T.);
#17164=ORIENTED_EDGE('',*,*,#17167,.T.);
#17165=ORIENTED_EDGE('',*,*,#17168,.T.);
#17166=EDGE_CURVE('',#524,#514,#17169,.F.);
#17167=EDGE_CURVE('',#514,#502,#17170,.T.);
#17168=EDGE_CURVE('',#502,#524,#17171,.T.);
#17169=LINE('',#523,#17172);
#17170=LINE('',#513,#17173);
#17171=LINE('',#501,#17174);
#17172=VECTOR('',#17175,1.0);
#17173=VECTOR('',#17176,1.0);
#17174=VECTOR('',#17177,1.0);
#17175=DIRECTION('',(0,-0.8398692767435068,0.5427887231532531));
#17176=DIRECTION('',(0,-0.5106030433367261,0.859816568888547));
#17177=DIRECTION('',(0,0.795711911258337,-0.6056752878247589));
#17178=STYLED_ITEM('',(#25),#17179);
#17179=FACE_SURFACE('',(#17184),#17180,.T.);
#17180=PLANE('',#17181);
#17181=AXIS2_PLACEMENT_3D('',#523,#17182,#17183);
#17182=DIRECTION('',(-1,0,0));
#17183=DIRECTION('',(0,-0.795711911258337,0.6056752878247589));
#17184=FACE_BOUND('',#17185,.T.);
#17185=EDGE_LOOP('',(#17186,#17187,#17188));
#17186=ORIENTED_EDGE('',*,*,#17189,.T.);
#17187=ORIENTED_EDGE('',*,*,#17190,.T.);
#17188=ORIENTED_EDGE('',*,*,#17191,.T.);
#17189=EDGE_CURVE('',#524,#502,#17192,.F.);
#17190=EDGE_CURVE('',#502,#488,#17193,.T.);
#17191=EDGE_CURVE('',#488,#524,#17194,.T.);
#17192=LINE('',#523,#17195);
#17193=LINE('',#501,#17196);
#17194=LINE('',#487,#17197);
#17195=VECTOR('',#17198,1.0);
#17196=VECTOR('',#17199,1.0);
#17197=VECTOR('',#17200,1.0);
#17198=DIRECTION('',(0,-0.795711911258337,0.6056752878247589));
#17199=DIRECTION('',(0,-0.3729316857926528,0.9278588026913631));
#17200=DIRECTION('',(0,0.7468405416359375,-0.6650031619240164));
#17201=STYLED_ITEM('',(#25),#17202);
#17202=FACE_SURFACE('',(#17207),#17203,.T.);
#17203=PLANE('',#17204);
#17204=AXIS2_PLACEMENT_3D('',#487,#17205,#17206);
#17205=DIRECTION('',(-1,0,0));
#17206=DIRECTION('',(0,-0.22650691633484135,0.9740095568589052));
#17207=FACE_BOUND('',#17208,.T.);
#17208=EDGE_LOOP('',(#17209,#17210,#17211));
#17209=ORIENTED_EDGE('',*,*,#17212,.T.);
#17210=ORIENTED_EDGE('',*,*,#17213,.T.);
#17211=ORIENTED_EDGE('',*,*,#17214,.T.);
#17212=EDGE_CURVE('',#488,#374,#17215,.F.);
#17213=EDGE_CURVE('',#374,#524,#17216,.T.);
#17214=EDGE_CURVE('',#524,#488,#17217,.T.);
#17215=LINE('',#487,#17218);
#17216=LINE('',#373,#17219);
#17217=LINE('',#523,#17220);
#17218=VECTOR('',#17221,1.0);
#17219=VECTOR('',#17222,1.0);
#17220=VECTOR('',#17223,1.0);
#17221=DIRECTION('',(0,-0.22650691633484135,0.9740095568589052));
#17222=DIRECTION('',(0,0.693587033128148,-0.7203728392134822));
#17223=DIRECTION('',(0,-0.7468405416359375,0.6650031619240164));
#17224=STYLED_ITEM('',(#25),#17225);
#17225=FACE_SURFACE('',(#17230),#17226,.T.);
#17226=PLANE('',#17227);
#17227=AXIS2_PLACEMENT_3D('',#523,#17228,#17229);
#17228=DIRECTION('',(-1,0,0));
#17229=DIRECTION('',(0,-0.693587033128148,0.7203728392134822));
#17230=FACE_BOUND('',#17231,.T.);
#17231=EDGE_LOOP('',(#17232,#17233,#17234));
#17232=ORIENTED_EDGE('',*,*,#17235,.T.);
#17233=ORIENTED_EDGE('',*,*,#17236,.T.);
#17234=ORIENTED_EDGE('',*,*,#17237,.T.);
#17235=EDGE_CURVE('',#524,#374,#17238,.F.);
#17236=EDGE_CURVE('',#374,#376,#17239,.T.);
#17237=EDGE_CURVE('',#376,#524,#17240,.T.);
#17238=LINE('',#523,#17241);
#17239=LINE('',#373,#17242);
#17240=LINE('',#375,#17243);
#17241=VECTOR('',#17244,1.0);
#17242=VECTOR('',#17245,1.0);
#17243=VECTOR('',#17246,1.0);
#17244=DIRECTION('',(0,-0.693587033128148,0.7203728392134822));
#17245=DIRECTION('',(0,-0.07484925534706513,0.9971948600820151));
#17246=DIRECTION('',(0,0.6362555371091503,-0.7714783804475318));
#17247=STYLED_ITEM('',(#25),#17248);
#17248=FACE_SURFACE('',(#17253),#17249,.T.);
#17249=PLANE('',#17250);
#17250=AXIS2_PLACEMENT_3D('',#523,#17251,#17252);
#17251=DIRECTION('',(-1,0,0));
#17252=DIRECTION('',(0,-0.6362555371091503,0.7714783804475318));
#17253=FACE_BOUND('',#17254,.T.);
#17254=EDGE_LOOP('',(#17255,#17256,#17257));
#17255=ORIENTED_EDGE('',*,*,#17258,.T.);
#17256=ORIENTED_EDGE('',*,*,#17259,.T.);
#17257=ORIENTED_EDGE('',*,*,#17260,.T.);
#17258=EDGE_CURVE('',#524,#376,#17261,.F.);
#17259=EDGE_CURVE('',#376,#380,#17262,.T.);
#17260=EDGE_CURVE('',#380,#524,#17263,.T.);
#17261=LINE('',#523,#17264);
#17262=LINE('',#375,#17265);
#17263=LINE('',#379,#17266);
#17264=VECTOR('',#17267,1.0);
#17265=VECTOR('',#17268,1.0);
#17266=VECTOR('',#17269,1.0);
#17267=DIRECTION('',(0,-0.6362555371091503,0.7714783804475318));
#17268=DIRECTION('',(0,0.07880124056887772,0.9968903472723597));
#17269=DIRECTION('',(0,0.5751423193158833,-0.8180533677774002));
#17270=STYLED_ITEM('',(#25),#17271);
#17271=FACE_SURFACE('',(#17276),#17272,.T.);
#17272=PLANE('',#17273);
#17273=AXIS2_PLACEMENT_3D('',#379,#17274,#17275);
#17274=DIRECTION('',(-1,0,0));
#17275=DIRECTION('',(0,0.23045152641718447,0.9730838062428074));
#17276=FACE_BOUND('',#17277,.T.);
#17277=EDGE_LOOP('',(#17278,#17279,#17280));
#17278=ORIENTED_EDGE('',*,*,#17281,.T.);
#17279=ORIENTED_EDGE('',*,*,#17282,.T.);
#17280=ORIENTED_EDGE('',*,*,#17283,.T.);
#17281=EDGE_CURVE('',#380,#384,#17284,.F.);
#17282=EDGE_CURVE('',#384,#524,#17285,.T.);
#17283=EDGE_CURVE('',#524,#380,#17286,.T.);
#17284=LINE('',#379,#17287);
#17285=LINE('',#383,#17288);
#17286=LINE('',#523,#17289);
#17287=VECTOR('',#17290,1.0);
#17288=VECTOR('',#17291,1.0);
#17289=VECTOR('',#17292,1.0);
#17290=DIRECTION('',(0,0.23045152641718447,0.9730838062428074));
#17291=DIRECTION('',(0,0.5106395897132325,-0.8597948647308273));
#17292=DIRECTION('',(0,-0.5751423193158833,0.8180533677774002));
#17293=STYLED_ITEM('',(#25),#17294);
#17294=FACE_SURFACE('',(#17299),#17295,.T.);
#17295=PLANE('',#17296);
#17296=AXIS2_PLACEMENT_3D('',#523,#17297,#17298);
#17297=DIRECTION('',(-1,0,0));
#17298=DIRECTION('',(0,-0.5106395897132325,0.8597948647308273));
#17299=FACE_BOUND('',#17300,.T.);
#17300=EDGE_LOOP('',(#17301,#17302,#17303));
#17301=ORIENTED_EDGE('',*,*,#17304,.T.);
#17302=ORIENTED_EDGE('',*,*,#17305,.T.);
#17303=ORIENTED_EDGE('',*,*,#17306,.T.);
#17304=EDGE_CURVE('',#524,#384,#17307,.F.);
#17305=EDGE_CURVE('',#384,#388,#17308,.T.);
#17306=EDGE_CURVE('',#388,#524,#17309,.T.);
#17307=LINE('',#523,#17310);
#17308=LINE('',#383,#17311);
#17309=LINE('',#387,#17312);
#17310=VECTOR('',#17313,1.0);
#17311=VECTOR('',#17314,1.0);
#17312=VECTOR('',#17315,1.0);
#17313=DIRECTION('',(0,-0.5106395897132325,0.8597948647308273));
#17314=DIRECTION('',(0,0.3766435246612658,0.9263582759012511));
#17315=DIRECTION('',(0,0.44311142642077245,-0.8964665435895243));
#17316=STYLED_ITEM('',(#25),#17317);
#17317=FACE_SURFACE('',(#17322),#17318,.T.);
#17318=PLANE('',#17319);
#17319=AXIS2_PLACEMENT_3D('',#523,#17320,#17321);
#17320=DIRECTION('',(-1,0,0));
#17321=DIRECTION('',(0,-0.44311142642077245,0.8964665435895243));
#17322=FACE_BOUND('',#17323,.T.);
#17323=EDGE_LOOP('',(#17324,#17325,#17326));
#17324=ORIENTED_EDGE('',*,*,#17327,.T.);
#17325=ORIENTED_EDGE('',*,*,#17328,.T.);
#17326=ORIENTED_EDGE('',*,*,#17329,.T.);
#17327=EDGE_CURVE('',#524,#388,#17330,.F.);
#17328=EDGE_CURVE('',#388,#778,#17331,.T.);
#17329=EDGE_CURVE('',#778,#524,#17332,.T.);
#17330=LINE('',#523,#17333);
#17331=LINE('',#387,#17334);
#17332=LINE('',#777,#17335);
#17333=VECTOR('',#17336,1.0);
#17334=VECTOR('',#17337,1.0);
#17335=VECTOR('',#17338,1.0);
#17336=DIRECTION('',(0,-0.44311142642077245,0.8964665435895243));
#17337=DIRECTION('',(0,0.9671953384110195,-0.2540338114424804));
#17338=DIRECTION('',(0,-0.9820894981232324,0.188415014465561));
#17339=STYLED_ITEM('',(#25),#17340);
#17340=FACE_SURFACE('',(#17345),#17341,.T.);
#17341=PLANE('',#17342);
#17342=AXIS2_PLACEMENT_3D('',#777,#17343,#17344);
#17343=DIRECTION('',(-1,0,0));
#17344=DIRECTION('',(0,-0.9671953384110195,0.2540338114424804));
#17345=FACE_BOUND('',#17346,.T.);
#17346=EDGE_LOOP('',(#17347,#17348,#17349));
#17347=ORIENTED_EDGE('',*,*,#17350,.T.);
#17348=ORIENTED_EDGE('',*,*,#17351,.T.);
#17349=ORIENTED_EDGE('',*,*,#17352,.T.);
#17350=EDGE_CURVE('',#778,#388,#17353,.F.);
#17351=EDGE_CURVE('',#388,#590,#17354,.T.);
#17352=EDGE_CURVE('',#590,#778,#17355,.T.);
#17353=LINE('',#777,#17356);
#17354=LINE('',#387,#17357);
#17355=LINE('',#589,#17358);
#17356=VECTOR('',#17359,1.0);
#17357=VECTOR('',#17360,1.0);
#17358=VECTOR('',#17361,1.0);
#17359=DIRECTION('',(0,-0.9671953384110195,0.2540338114424804));
#17360=DIRECTION('',(0,0.44671605676168236,0.8946757874399492));
#17361=DIRECTION('',(0,0.6177441791512818,-0.786379125565213));
#17362=STYLED_ITEM('',(#25),#17363);
#17363=FACE_SURFACE('',(#17368),#17364,.T.);
#17364=PLANE('',#17365);
#17365=AXIS2_PLACEMENT_3D('',#777,#17366,#17367);
#17366=DIRECTION('',(-1,0,0));
#17367=DIRECTION('',(0,-0.6177441791512818,0.786379125565213));
#17368=FACE_BOUND('',#17369,.T.);
#17369=EDGE_LOOP('',(#17370,#17371,#17372));
#17370=ORIENTED_EDGE('',*,*,#17373,.T.);
#17371=ORIENTED_EDGE('',*,*,#17374,.T.);
#17372=ORIENTED_EDGE('',*,*,#17375,.T.);
#17373=EDGE_CURVE('',#778,#590,#17376,.F.);
#17374=EDGE_CURVE('',#590,#776,#17377,.T.);
#17375=EDGE_CURVE('',#776,#778,#17378,.T.);
#17376=LINE('',#777,#17379);
#17377=LINE('',#589,#17380);
#17378=LINE('',#775,#17381);
#17379=VECTOR('',#17382,1.0);
#17380=VECTOR('',#17383,1.0);
#17381=VECTOR('',#17384,1.0);
#17382=DIRECTION('',(0,-0.6177441791512818,0.786379125565213));
#17383=DIRECTION('',(0,0.9954649313185285,-0.09512923060236197));
#17384=DIRECTION('',(0,-0.1884156546952643,-0.9820893752942015));
#17385=STYLED_ITEM('',(#25),#17386);
#17386=FACE_SURFACE('',(#17391),#17387,.T.);
#17387=PLANE('',#17388);
#17388=AXIS2_PLACEMENT_3D('',#775,#17389,#17390);
#17389=DIRECTION('',(-1,0,0));
#17390=DIRECTION('',(0,-0.9954649313185285,0.09512923060236197));
#17391=FACE_BOUND('',#17392,.T.);
#17392=EDGE_LOOP('',(#17393,#17394,#17395));
#17393=ORIENTED_EDGE('',*,*,#17396,.T.);
#17394=ORIENTED_EDGE('',*,*,#17397,.T.);
#17395=ORIENTED_EDGE('',*,*,#17398,.T.);
#17396=EDGE_CURVE('',#776,#590,#17399,.F.);
#17397=EDGE_CURVE('',#590,#666,#17400,.T.);
#17398=EDGE_CURVE('',#666,#776,#17401,.T.);
#17399=LINE('',#775,#17402);
#17400=LINE('',#589,#17403);
#17401=LINE('',#665,#17404);
#17402=VECTOR('',#17405,1.0);
#17403=VECTOR('',#17406,1.0);
#17404=VECTOR('',#17407,1.0);
#17405=DIRECTION('',(0,-0.9954649313185285,0.09512923060236197));
#17406=DIRECTION('',(0,0.8964625621654855,0.44311948121888417));
#17407=DIRECTION('',(0,0.9820892052233108,-0.1884165411630457));
#17408=STYLED_ITEM('',(#25),#17409);
#17409=FACE_SURFACE('',(#17414),#17410,.T.);
#17410=PLANE('',#17411);
#17411=AXIS2_PLACEMENT_3D('',#665,#17412,#17413);
#17412=DIRECTION('',(-1,0,0));
#17413=DIRECTION('',(0,-0.8964625621654855,-0.44311948121888417));
#17414=FACE_BOUND('',#17415,.T.);
#17415=EDGE_LOOP('',(#17416,#17417,#17418));
#17416=ORIENTED_EDGE('',*,*,#17419,.T.);
#17417=ORIENTED_EDGE('',*,*,#17420,.T.);
#17418=ORIENTED_EDGE('',*,*,#17421,.T.);
#17419=EDGE_CURVE('',#666,#590,#17422,.F.);
#17420=EDGE_CURVE('',#590,#726,#17423,.T.);
#17421=EDGE_CURVE('',#726,#666,#17424,.T.);
#17422=LINE('',#665,#17425);
#17423=LINE('',#589,#17426);
#17424=LINE('',#725,#17427);
#17425=VECTOR('',#17428,1.0);
#17426=VECTOR('',#17429,1.0);
#17427=VECTOR('',#17430,1.0);
#17428=DIRECTION('',(0,-0.8964625621654855,-0.44311948121888417));
#17429=DIRECTION('',(0,0.49435871365054657,0.8692579952107297));
#17430=DIRECTION('',(0,0.9190967654031603,0.3940318969645072));
#17431=STYLED_ITEM('',(#25),#17432);
#17432=FACE_SURFACE('',(#17437),#17433,.T.);
#17433=PLANE('',#17434);
#17434=AXIS2_PLACEMENT_3D('',#665,#17435,#17436);
#17435=DIRECTION('',(-1,0,0));
#17436=DIRECTION('',(0,-0.9190967654031603,-0.3940318969645072));
#17437=FACE_BOUND('',#17438,.T.);
#17438=EDGE_LOOP('',(#17439,#17440,#17441));
#17439=ORIENTED_EDGE('',*,*,#17442,.T.);
#17440=ORIENTED_EDGE('',*,*,#17443,.T.);
#17441=ORIENTED_EDGE('',*,*,#17444,.T.);
#17442=EDGE_CURVE('',#666,#726,#17445,.F.);
#17443=EDGE_CURVE('',#726,#722,#17446,.T.);
#17444=EDGE_CURVE('',#722,#666,#17447,.T.);
#17445=LINE('',#665,#17448);
#17446=LINE('',#725,#17449);
#17447=LINE('',#721,#17450);
#17448=VECTOR('',#17451,1.0);
#17449=VECTOR('',#17452,1.0);
#17450=VECTOR('',#17453,1.0);
#17451=DIRECTION('',(0,-0.9190967654031603,-0.3940318969645072));
#17452=DIRECTION('',(0,0.5852585161299441,0.810846760675145));
#17453=DIRECTION('',(0,0.9390448843399187,0.3437945683035562));
#17454=STYLED_ITEM('',(#25),#17455);
#17455=FACE_SURFACE('',(#17460),#17456,.T.);
#17456=PLANE('',#17457);
#17457=AXIS2_PLACEMENT_3D('',#721,#17458,#17459);
#17458=DIRECTION('',(-1,0,0));
#17459=DIRECTION('',(0,0.6694327664681998,0.7428726480216732));
#17460=FACE_BOUND('',#17461,.T.);
#17461=EDGE_LOOP('',(#17462,#17463,#17464));
#17462=ORIENTED_EDGE('',*,*,#17465,.T.);
#17463=ORIENTED_EDGE('',*,*,#17466,.T.);
#17464=ORIENTED_EDGE('',*,*,#17467,.T.);
#17465=EDGE_CURVE('',#722,#716,#17468,.F.);
#17466=EDGE_CURVE('',#716,#666,#17469,.T.);
#17467=EDGE_CURVE('',#666,#722,#17470,.T.);
#17468=LINE('',#721,#17471);
#17469=LINE('',#715,#17472);
#17470=LINE('',#665,#17473);
#17471=VECTOR('',#17474,1.0);
#17472=VECTOR('',#17475,1.0);
#17473=VECTOR('',#17476,1.0);
#17474=DIRECTION('',(0,0.6694327664681998,0.7428726480216732));
#17475=DIRECTION('',(0,0.9562435706418315,0.292571758046057));
#17476=DIRECTION('',(0,-0.9390448843399187,-0.3437945683035562));
#17477=STYLED_ITEM('',(#25),#17478);
#17478=FACE_SURFACE('',(#17483),#17479,.T.);
#17479=PLANE('',#17480);
#17480=AXIS2_PLACEMENT_3D('',#665,#17481,#17482);
#17481=DIRECTION('',(-1,0,0));
#17482=DIRECTION('',(0,-0.9562435706418315,-0.292571758046057));
#17483=FACE_BOUND('',#17484,.T.);
#17484=EDGE_LOOP('',(#17485,#17486,#17487));
#17485=ORIENTED_EDGE('',*,*,#17488,.T.);
#17486=ORIENTED_EDGE('',*,*,#17489,.T.);
#17487=ORIENTED_EDGE('',*,*,#17490,.T.);
#17488=EDGE_CURVE('',#666,#716,#17491,.F.);
#17489=EDGE_CURVE('',#716,#708,#17492,.T.);
#17490=EDGE_CURVE('',#708,#666,#17493,.T.);
#17491=LINE('',#665,#17494);
#17492=LINE('',#715,#17495);
#17493=LINE('',#707,#17496);
#17494=VECTOR('',#17497,1.0);
#17495=VECTOR('',#17498,1.0);
#17496=VECTOR('',#17499,1.0);
#17497=DIRECTION('',(0,-0.9562435706418315,-0.292571758046057));
#17498=DIRECTION('',(0,0.7456770016604691,0.6663075935291843));
#17499=DIRECTION('',(0,0.9706501143280384,0.24049606141258512));
#17500=STYLED_ITEM('',(#25),#17501);
#17501=FACE_SURFACE('',(#17506),#17502,.T.);
#17502=PLANE('',#17503);
#17503=AXIS2_PLACEMENT_3D('',#665,#17504,#17505);
#17504=DIRECTION('',(-1,0,0));
#17505=DIRECTION('',(0,-0.9706501143280384,-0.24049606141258512));
#17506=FACE_BOUND('',#17507,.T.);
#17507=EDGE_LOOP('',(#17508,#17509,#17510));
#17508=ORIENTED_EDGE('',*,*,#17511,.T.);
#17509=ORIENTED_EDGE('',*,*,#17512,.T.);
#17510=ORIENTED_EDGE('',*,*,#17513,.T.);
#17511=EDGE_CURVE('',#666,#708,#17514,.F.);
#17512=EDGE_CURVE('',#708,#640,#17515,.T.);
#17513=EDGE_CURVE('',#640,#666,#17516,.T.);
#17514=LINE('',#665,#17517);
#17515=LINE('',#707,#17518);
#17516=LINE('',#639,#17519);
#17517=VECTOR('',#17520,1.0);
#17518=VECTOR('',#17521,1.0);
#17519=VECTOR('',#17522,1.0);
#17520=DIRECTION('',(0,-0.9706501143280384,-0.24049606141258512));
#17521=DIRECTION('',(0,0.8131462800541467,0.5820593846284957));
#17522=DIRECTION('',(0,0.9822266728575794,0.18769859649749632));
#17523=STYLED_ITEM('',(#25),#17524);
#17524=FACE_SURFACE('',(#17529),#17525,.T.);
#17525=PLANE('',#17526);
#17526=AXIS2_PLACEMENT_3D('',#639,#17527,#17528);
#17527=DIRECTION('',(-1,0,0));
#17528=DIRECTION('',(0,0.8712170035534862,0.4908980879156943));
#17529=FACE_BOUND('',#17530,.T.);
#17530=EDGE_LOOP('',(#17531,#17532,#17533));
#17531=ORIENTED_EDGE('',*,*,#17534,.T.);
#17532=ORIENTED_EDGE('',*,*,#17535,.T.);
#17533=ORIENTED_EDGE('',*,*,#17536,.T.);
#17534=EDGE_CURVE('',#640,#642,#17537,.F.);
#17535=EDGE_CURVE('',#642,#666,#17538,.T.);
#17536=EDGE_CURVE('',#666,#640,#17539,.T.);
#17537=LINE('',#639,#17540);
#17538=LINE('',#641,#17541);
#17539=LINE('',#665,#17542);
#17540=VECTOR('',#17543,1.0);
#17541=VECTOR('',#17544,1.0);
#17542=VECTOR('',#17545,1.0);
#17543=DIRECTION('',(0,0.8712170035534862,0.4908980879156943));
#17544=DIRECTION('',(0,0.9909320881801383,0.13436367297357807));
#17545=DIRECTION('',(0,-0.9822266728575794,-0.18769859649749632));
#17546=STYLED_ITEM('',(#25),#17547);
#17547=FACE_SURFACE('',(#17552),#17548,.T.);
#17548=PLANE('',#17549);
#17549=AXIS2_PLACEMENT_3D('',#665,#17550,#17551);
#17550=DIRECTION('',(-1,0,0));
#17551=DIRECTION('',(0,-0.9909320881801383,-0.13436367297357807));
#17552=FACE_BOUND('',#17553,.T.);
#17553=EDGE_LOOP('',(#17554,#17555,#17556));
#17554=ORIENTED_EDGE('',*,*,#17557,.T.);
#17555=ORIENTED_EDGE('',*,*,#17558,.T.);
#17556=ORIENTED_EDGE('',*,*,#17559,.T.);
#17557=EDGE_CURVE('',#666,#642,#17560,.F.);
#17558=EDGE_CURVE('',#642,#646,#17561,.T.);
#17559=EDGE_CURVE('',#646,#666,#17562,.T.);
#17560=LINE('',#665,#17563);
#17561=LINE('',#641,#17564);
#17562=LINE('',#645,#17565);
#17563=VECTOR('',#17566,1.0);
#17564=VECTOR('',#17567,1.0);
#17565=VECTOR('',#17568,1.0);
#17566=DIRECTION('',(0,-0.9909320881801383,-0.13436367297357807));
#17567=DIRECTION('',(0,0.9190098607356442,0.3942345442381376));
#17568=DIRECTION('',(0,0.9967476854195645,0.08058567869504507));
#17569=STYLED_ITEM('',(#25),#17570);
#17570=FACE_SURFACE('',(#17575),#17571,.T.);
#17571=PLANE('',#17572);
#17572=AXIS2_PLACEMENT_3D('',#665,#17573,#17574);
#17573=DIRECTION('',(-1,0,0));
#17574=DIRECTION('',(0,-0.9967476854195645,-0.08058567869504507));
#17575=FACE_BOUND('',#17576,.T.);
#17576=EDGE_LOOP('',(#17577,#17578,#17579));
#17577=ORIENTED_EDGE('',*,*,#17580,.T.);
#17578=ORIENTED_EDGE('',*,*,#17581,.T.);
#17579=ORIENTED_EDGE('',*,*,#17582,.T.);
#17580=EDGE_CURVE('',#666,#646,#17583,.F.);
#17581=EDGE_CURVE('',#646,#650,#17584,.T.);
#17582=EDGE_CURVE('',#650,#666,#17585,.T.);
#17583=LINE('',#665,#17586);
#17584=LINE('',#645,#17587);
#17585=LINE('',#649,#17588);
#17586=VECTOR('',#17589,1.0);
#17587=VECTOR('',#17590,1.0);
#17588=VECTOR('',#17591,1.0);
#17589=DIRECTION('',(0,-0.9967476854195645,-0.08058567869504507));
#17590=DIRECTION('',(0,0.9563148366503985,0.29233873024681756));
#17591=DIRECTION('',(0,0.9996442168544303,0.026672827174727312));
#17592=STYLED_ITEM('',(#25),#17593);
#17593=FACE_SURFACE('',(#17598),#17594,.T.);
#17594=PLANE('',#17595);
#17595=AXIS2_PLACEMENT_3D('',#649,#17596,#17597);
#17596=DIRECTION('',(-1,0,0));
#17597=DIRECTION('',(0,0.982204828737767,0.18781287070968733));
#17598=FACE_BOUND('',#17599,.T.);
#17599=EDGE_LOOP('',(#17600,#17601,#17602));
#17600=ORIENTED_EDGE('',*,*,#17603,.T.);
#17601=ORIENTED_EDGE('',*,*,#17604,.T.);
#17602=ORIENTED_EDGE('',*,*,#17605,.T.);
#17603=EDGE_CURVE('',#650,#654,#17606,.F.);
#17604=EDGE_CURVE('',#654,#666,#17607,.T.);
#17605=EDGE_CURVE('',#666,#650,#17608,.T.);
#17606=LINE('',#649,#17609);
#17607=LINE('',#653,#17610);
#17608=LINE('',#665,#17611);
#17609=VECTOR('',#17612,1.0);
#17610=VECTOR('',#17613,1.0);
#17611=VECTOR('',#17614,1.0);
#17612=DIRECTION('',(0,0.982204828737767,0.18781287070968733));
#17613=DIRECTION('',(0,0.9996243034088208,-0.02740897725982679));
#17614=DIRECTION('',(0,-0.9996442168544303,-0.026672827174727312));
#17615=STYLED_ITEM('',(#25),#17616);
#17616=FACE_SURFACE('',(#17621),#17617,.T.);
#17617=PLANE('',#17618);
#17618=AXIS2_PLACEMENT_3D('',#665,#17619,#17620);
#17619=DIRECTION('',(-1,0,0));
#17620=DIRECTION('',(0,-0.9996243034088208,0.02740897725982679));
#17621=FACE_BOUND('',#17622,.T.);
#17622=EDGE_LOOP('',(#17623,#17624,#17625));
#17623=ORIENTED_EDGE('',*,*,#17626,.T.);
#17624=ORIENTED_EDGE('',*,*,#17627,.T.);
#17625=ORIENTED_EDGE('',*,*,#17628,.T.);
#17626=EDGE_CURVE('',#666,#654,#17629,.F.);
#17627=EDGE_CURVE('',#654,#658,#17630,.T.);
#17628=EDGE_CURVE('',#658,#666,#17631,.T.);
#17629=LINE('',#665,#17632);
#17630=LINE('',#653,#17633);
#17631=LINE('',#657,#17634);
#17632=VECTOR('',#17635,1.0);
#17633=VECTOR('',#17636,1.0);
#17634=VECTOR('',#17637,1.0);
#17635=DIRECTION('',(0,-0.9996243034088208,0.02740897725982679));
#17636=DIRECTION('',(0,0.9967548232719304,0.08049734333593091));
#17637=DIRECTION('',(0,0.9966881256358171,-0.08131900280107766));
#17638=STYLED_ITEM('',(#25),#17639);
#17639=FACE_SURFACE('',(#17644),#17640,.T.);
#17640=PLANE('',#17641);
#17641=AXIS2_PLACEMENT_3D('',#665,#17642,#17643);
#17642=DIRECTION('',(-1,0,0));
#17643=DIRECTION('',(0,-0.9966881256358171,0.08131900280107766));
#17644=FACE_BOUND('',#17645,.T.);
#17645=EDGE_LOOP('',(#17646,#17647,#17648));
#17646=ORIENTED_EDGE('',*,*,#17649,.T.);
#17647=ORIENTED_EDGE('',*,*,#17650,.T.);
#17648=ORIENTED_EDGE('',*,*,#17651,.T.);
#17649=EDGE_CURVE('',#666,#658,#17652,.F.);
#17650=EDGE_CURVE('',#658,#662,#17653,.T.);
#17651=EDGE_CURVE('',#662,#666,#17654,.T.);
#17652=LINE('',#665,#17655);
#17653=LINE('',#657,#17656);
#17654=LINE('',#661,#17657);
#17655=VECTOR('',#17658,1.0);
#17656=VECTOR('',#17659,1.0);
#17657=VECTOR('',#17660,1.0);
#17658=DIRECTION('',(0,-0.9966881256358171,0.08131900280107766));
#17659=DIRECTION('',(0,0.9996246413628824,-0.02739664906751419));
#17660=DIRECTION('',(0,0.9908452001697259,-0.1350029233039632));
ENDSEC;
END-ISO-10303-21;
