ISO-10303-21;
HEADER;
FILE_DESCRIPTION((''),'2;1');
FILE_NAME('Middle Finger P2 Inner', '2025-03-27T08:04:12', (''), (''), 'ImageToStl.com STEP Converter','', '');
FILE_SCHEMA(('AUTOMOTIVE_DESIGN_CC2'));
ENDSEC;
DATA;
#1=PRODUCT_DEFINITION_CONTEXT('',#4,'design');
#2=APPLICATION_PROTOCOL_DEFINITION('INTERNATIONAL STANDARD','automotive_design',1994,#4);
#3=(GEOMETRIC_REPRESENTATION_CONTEXT(3)GLOBAL_UNCERTAINTY_ASSIGNED_CONTEXT((#5))GLOBAL_UNIT_ASSIGNED_CONTEXT((#6,#7,#8))REPRESENTATION_CONTEXT('NONE','WORKSPACE'));
#4=APPLICATION_CONTEXT(' ');
#5=UNCERTAINTY_MEASURE_WITH_UNIT(LENGTH_MEASURE(1.0E-006),#6,'','');
#6=(CONVERSION_BASED_UNIT('METRE',#10)LENGTH_UNIT()NAMED_UNIT(#11));
#7=(NAMED_UNIT(#12)PLANE_ANGLE_UNIT()SI_UNIT($,.RADIAN.));
#8=(NAMED_UNIT(#12)SOLID_ANGLE_UNIT()SI_UNIT($,.STERADIAN.));
#9=AXIS2_PLACEMENT_3D('',#14,#15,#16);
#10=LENGTH_MEASURE_WITH_UNIT(LENGTH_MEASURE(1.0),#17);
#11=DIMENSIONAL_EXPONENTS(1.0,0.0,0.0,0.0,0.0,0.0,0.0);
#12=DIMENSIONAL_EXPONENTS(0.0,0.0,0.0,0.0,0.0,0.0,0.0);
#13=PRODUCT_CONTEXT('',#4,'mechanical');
#14=CARTESIAN_POINT('',(0.0,0.0,0.0));
#15=DIRECTION('',(0.0,0.0,1.0));
#16=DIRECTION('',(1.0,0.0,0.0));
#17=(NAMED_UNIT(#11)LENGTH_UNIT()SI_UNIT(.MILLI.,.METRE.));
#18=PRESENTATION_STYLE_ASSIGNMENT((#19));
#19=SURFACE_STYLE_USAGE(.BOTH.,#20);
#20=SURFACE_SIDE_STYLE('',(#21));
#21=SURFACE_STYLE_FILL_AREA(#22);
#22=FILL_AREA_STYLE('',(#23));
#23=FILL_AREA_STYLE_COLOUR('',#24);
#24=COLOUR_RGB('',0.70196,0.70196,0.70196);
#25=PRESENTATION_STYLE_ASSIGNMENT((#26));
#26=SURFACE_STYLE_USAGE(.BOTH.,#27);
#27=SURFACE_SIDE_STYLE('',(#28));
#28=SURFACE_STYLE_FILL_AREA(#29);
#29=FILL_AREA_STYLE('',(#30));
#30=FILL_AREA_STYLE_COLOUR('',#31);
#31=COLOUR_RGB('',0.65882,0.65882,0.65882);
#32=SHAPE_DEFINITION_REPRESENTATION(#33,#34);
#33=PRODUCT_DEFINITION_SHAPE('productshape0','',#37);
#34=MANIFOLD_SURFACE_SHAPE_REPRESENTATION('',(#35,#9),#3);
#35=SHELL_BASED_SURFACE_MODEL('shell0',(#40));
#36=PRODUCT('product0','','',(#13));
#37=PRODUCT_DEFINITION('mesh0','',#38,#2);
#38=PRODUCT_DEFINITION_FORMATION_WITH_SPECIFIED_SOURCE('prodsource0','',#36,.NOT_KNOWN.);
#39=STYLED_ITEM('',(#18),#40);
#40=CLOSED_SHELL('',(#720,#743,#766,#789,#812,#835,#858,#881,#904,#927,#950,#973,#996,#1019,#1042,#1065,#1088,#1111,#1134,#1157,#1180,#1203,#1226,#1249,#1272,#1295,#1318,#1341,#1364,#1387,#1410,#1433,#1456,#1479,#1502,#1525,#1548,#1571,#1594,#1617,#1640,#1663,#1686,#1709,#1732,#1755,#1778,#1801,#1824,#1847,#1870,#1893,#1916,#1939,#1962,#1985,#2008,#2031,#2054,#2077,#2100,#2123,#2146,#2169,#2192,#2215,#2238,#2261,#2284,#2307,#2330,#2353,#2376,#2399,#2422,#2445,#2468,#2491,#2514,#2537,#2560,#2583,#2606,#2629,#2652,#2675,#2698,#2721,#2744,#2767,#2790,#2813,#2836,#2859,#2882,#2905,#2928,#2951,#2974,#2997,#3020,#3043,#3066,#3089,#3112,#3135,#3158,#3181,#3204,#3227,#3250,#3273,#3296,#3319,#3342,#3365,#3388,#3411,#3434,#3457,#3480,#3503,#3526,#3549,#3572,#3595,#3618,#3641,#3664,#3687,#3710,#3733,#3756,#3779,#3802,#3825,#3848,#3871,#3894,#3917,#3940,#3963,#3986,#4009,#4032,#4055,#4078,#4101,#4124,#4147,#4170,#4193,#4216,#4239,#4262,#4285,#4308,#4331,#4354,#4377,#4400,#4423,#4446,#4469,#4492,#4515,#4538,#4561,#4584,#4607,#4630,#4653,#4676,#4699,#4722,#4745,#4768,#4791,#4814,#4837,#4860,#4883,#4906,#4929,#4952,#4975,#4998,#5021,#5044,#5067,#5090,#5113,#5136,#5159,#5182,#5205,#5228,#5251,#5274,#5297,#5320,#5343,#5366,#5389,#5412,#5435,#5458,#5481,#5504,#5527,#5550,#5573,#5596,#5619,#5642,#5665,#5688,#5711,#5734,#5757,#5780,#5803,#5826,#5849,#5872,#5895,#5918,#5941,#5964,#5987,#6010,#6033,#6056,#6079,#6102,#6125,#6148,#6171,#6194,#6217,#6240,#6263,#6286,#6309,#6332,#6355,#6378,#6401,#6424,#6447,#6470,#6493,#6516,#6539,#6562,#6585,#6608,#6631,#6654,#6677,#6700,#6723,#6746,#6769,#6792,#6815,#6838,#6861,#6884,#6907,#6930,#6953,#6976,#6999,#7022,#7045,#7068,#7091,#7114,#7137,#7160,#7183,#7206,#7229,#7252,#7275,#7298,#7321,#7344,#7367,#7390,#7413,#7436,#7459,#7482,#7505,#7528,#7551,#7574,#7597,#7620,#7643,#7666,#7689,#7712,#7735,#7758,#7781,#7804,#7827,#7850,#7873,#7896,#7919,#7942,#7965,#7988,#8011,#8034,#8057,#8080,#8103,#8126,#8149,#8172,#8195,#8218,#8241,#8264,#8287,#8310,#8333,#8356,#8379,#8402,#8425,#8448,#8471,#8494,#8517,#8540,#8563,#8586,#8609,#8632,#8655,#8678,#8701,#8724,#8747,#8770,#8793,#8816,#8839,#8862,#8885,#8908,#8931,#8954,#8977,#9000,#9023,#9046,#9069,#9092,#9115,#9138,#9161,#9184,#9207,#9230,#9253,#9276,#9299,#9322,#9345,#9368,#9391,#9414,#9437,#9460,#9483,#9506,#9529,#9552,#9575,#9598,#9621,#9644,#9667,#9690,#9713,#9736,#9759,#9782,#9805,#9828,#9851,#9874,#9897,#9920,#9943,#9966,#9989,#10012,#10035,#10058,#10081,#10104,#10127,#10150,#10173,#10196,#10219,#10242,#10265,#10288,#10311,#10334,#10357,#10380,#10403,#10426,#10449,#10472,#10495,#10518,#10541,#10564,#10587,#10610,#10633,#10656,#10679,#10702,#10725,#10748,#10771,#10794,#10817,#10840,#10863,#10886,#10909,#10932,#10955,#10978,#11001,#11024,#11047,#11070,#11093,#11116,#11139,#11162,#11185,#11208,#11231,#11254,#11277,#11300,#11323,#11346,#11369,#11392,#11415,#11438,#11461,#11484,#11507,#11530,#11553,#11576,#11599,#11622,#11645,#11668,#11691,#11714,#11737,#11760,#11783,#11806,#11829,#11852,#11875,#11898,#11921,#11944,#11967,#11990,#12013,#12036,#12059,#12082,#12105,#12128,#12151,#12174,#12197,#12220,#12243,#12266,#12289,#12312,#12335,#12358,#12381,#12404,#12427,#12450,#12473,#12496,#12519,#12542,#12565,#12588,#12611,#12634,#12657,#12680,#12703,#12726,#12749,#12772,#12795,#12818,#12841,#12864,#12887,#12910,#12933,#12956,#12979,#13002,#13025,#13048,#13071,#13094,#13117,#13140,#13163,#13186,#13209,#13232,#13255,#13278,#13301,#13324,#13347,#13370,#13393,#13416,#13439,#13462,#13485,#13508,#13531,#13554,#13577,#13600,#13623,#13646,#13669,#13692,#13715,#13738,#13761,#13784,#13807,#13830,#13853,#13876,#13899,#13922,#13945,#13968,#13991,#14014,#14037,#14060,#14083,#14106,#14129,#14152,#14175,#14198,#14221,#14244,#14267,#14290,#14313,#14336,#14359,#14382,#14405,#14428,#14451,#14474,#14497,#14520,#14543,#14566,#14589,#14612,#14635,#14658,#14681,#14704,#14727,#14750,#14773,#14796,#14819,#14842,#14865,#14888,#14911,#14934,#14957,#14980,#15003,#15026,#15049,#15072,#15095,#15118,#15141,#15164,#15187,#15210,#15233,#15256,#15279,#15302,#15325,#15348,#15371,#15394,#15417,#15440,#15463,#15486,#15509,#15532,#15555,#15578,#15601,#15624,#15647,#15670,#15693,#15716,#15739,#15762,#15785,#15808,#15831,#15854,#15877,#15900,#15923,#15946,#15969,#15992,#16015,#16038,#16061,#16084,#16107,#16130,#16153,#16176,#16199));
#41=CARTESIAN_POINT('',(15.726117134094238,-81.19955444335938,341.2463684082031));
#42=VERTEX_POINT('',#41);
#43=CARTESIAN_POINT('',(30.93499755859375,-76.47190856933594,342.3916320800781));
#44=VERTEX_POINT('',#43);
#45=CARTESIAN_POINT('',(26.726118087768555,-81.19955444335938,341.2463684082031));
#46=VERTEX_POINT('',#45);
#47=CARTESIAN_POINT('',(30.93499755859375,-81.52597045898438,341.1672668457031));
#48=VERTEX_POINT('',#47);
#49=CARTESIAN_POINT('',(26.726118087768555,-81.52597045898438,341.1672668457031));
#50=VERTEX_POINT('',#49);
#51=CARTESIAN_POINT('',(15.726117134094238,-81.52597045898438,341.1672668457031));
#52=VERTEX_POINT('',#51);
#53=CARTESIAN_POINT('',(11.434996604919434,-81.52597045898438,341.1672668457031));
#54=VERTEX_POINT('',#53);
#55=CARTESIAN_POINT('',(11.434996604919434,-76.47190856933594,342.3916320800781));
#56=VERTEX_POINT('',#55);
#57=CARTESIAN_POINT('',(26.726118087768555,-81.8791275024414,342.6251220703125));
#58=VERTEX_POINT('',#57);
#59=CARTESIAN_POINT('',(26.726118087768555,-79.99781799316406,344.8204650878906));
#60=VERTEX_POINT('',#59);
#61=CARTESIAN_POINT('',(26.726118087768555,-85.68494415283203,346.732666015625));
#62=VERTEX_POINT('',#61);
#63=CARTESIAN_POINT('',(26.726118087768555,-86.68502807617188,343.7583312988281));
#64=VERTEX_POINT('',#63);
#65=CARTESIAN_POINT('',(30.93499755859375,-81.8791275024414,342.6251220703125));
#66=VERTEX_POINT('',#65);
#67=CARTESIAN_POINT('',(15.726117134094238,-86.68502807617188,343.7583312988281));
#68=VERTEX_POINT('',#67);
#69=CARTESIAN_POINT('',(15.726117134094238,-85.68494415283203,346.732666015625));
#70=VERTEX_POINT('',#69);
#71=CARTESIAN_POINT('',(15.726117134094238,-79.99781799316406,344.8204650878906));
#72=VERTEX_POINT('',#71);
#73=CARTESIAN_POINT('',(15.726117134094238,-81.8791275024414,342.6251220703125));
#74=VERTEX_POINT('',#73);
#75=CARTESIAN_POINT('',(11.434996604919434,-81.8791275024414,342.6251220703125));
#76=VERTEX_POINT('',#75);
#77=CARTESIAN_POINT('',(11.434996604919434,-87.57178497314453,343.9674072265625));
#78=VERTEX_POINT('',#77);
#79=CARTESIAN_POINT('',(30.93499755859375,-87.57178497314453,343.9674072265625));
#80=VERTEX_POINT('',#79);
#81=CARTESIAN_POINT('',(28.68499755859375,-84.74056243896484,361.131591796875));
#82=VERTEX_POINT('',#81);
#83=CARTESIAN_POINT('',(28.68499755859375,-84.41404724121094,361.3663635253906));
#84=VERTEX_POINT('',#83);
#85=CARTESIAN_POINT('',(28.68499755859375,-84.74056243896484,367.131591796875));
#86=VERTEX_POINT('',#85);
#87=CARTESIAN_POINT('',(28.68499755859375,-84.07835388183594,361.58782958984375));
#88=VERTEX_POINT('',#87);
#89=CARTESIAN_POINT('',(28.68499755859375,-83.7340316772461,361.79559326171875));
#90=VERTEX_POINT('',#89);
#91=CARTESIAN_POINT('',(28.68499755859375,-83.38162994384766,361.9893798828125));
#92=VERTEX_POINT('',#91);
#93=CARTESIAN_POINT('',(28.68499755859375,-83.021728515625,362.1688232421875));
#94=VERTEX_POINT('',#93);
#95=CARTESIAN_POINT('',(28.68499755859375,-82.65489196777344,362.3336486816406));
#96=VERTEX_POINT('',#95);
#97=CARTESIAN_POINT('',(28.68499755859375,-82.28173065185547,362.48358154296875));
#98=VERTEX_POINT('',#97);
#99=CARTESIAN_POINT('',(28.68499755859375,-81.90283966064453,362.618408203125));
#100=VERTEX_POINT('',#99);
#101=CARTESIAN_POINT('',(28.68499755859375,-81.51883697509766,362.7378845214844));
#102=VERTEX_POINT('',#101);
#103=CARTESIAN_POINT('',(28.68499755859375,-81.13034057617188,362.8418273925781));
#104=VERTEX_POINT('',#103);
#105=CARTESIAN_POINT('',(28.68499755859375,-80.73798370361328,362.9300842285156));
#106=VERTEX_POINT('',#105);
#107=CARTESIAN_POINT('',(28.68499755859375,-80.3423843383789,363.0024719238281));
#108=VERTEX_POINT('',#107);
#109=CARTESIAN_POINT('',(28.68499755859375,-79.94420623779297,363.0588684082031));
#110=VERTEX_POINT('',#109);
#111=CARTESIAN_POINT('',(28.68499755859375,-79.54407501220703,363.0992431640625));
#112=VERTEX_POINT('',#111);
#113=CARTESIAN_POINT('',(28.68499755859375,-79.14264678955078,363.1235046386719));
#114=VERTEX_POINT('',#113);
#115=CARTESIAN_POINT('',(28.68499755859375,-78.74056243896484,363.131591796875));
#116=VERTEX_POINT('',#115);
#117=CARTESIAN_POINT('',(28.68499755859375,-72.74056243896484,367.131591796875));
#118=VERTEX_POINT('',#117);
#119=CARTESIAN_POINT('',(28.68499755859375,-72.74056243896484,363.131591796875));
#120=VERTEX_POINT('',#119);
#121=CARTESIAN_POINT('',(13.684996604919434,-72.74056243896484,363.131591796875));
#122=VERTEX_POINT('',#121);
#123=CARTESIAN_POINT('',(13.684996604919434,-72.74056243896484,367.131591796875));
#124=VERTEX_POINT('',#123);
#125=CARTESIAN_POINT('',(13.684996604919434,-84.74056243896484,361.131591796875));
#126=VERTEX_POINT('',#125);
#127=CARTESIAN_POINT('',(13.684996604919434,-84.74056243896484,367.131591796875));
#128=VERTEX_POINT('',#127);
#129=CARTESIAN_POINT('',(13.684996604919434,-79.14264678955078,363.1235046386719));
#130=VERTEX_POINT('',#129);
#131=CARTESIAN_POINT('',(13.684996604919434,-78.74056243896484,363.131591796875));
#132=VERTEX_POINT('',#131);
#133=CARTESIAN_POINT('',(13.684996604919434,-79.54407501220703,363.0992431640625));
#134=VERTEX_POINT('',#133);
#135=CARTESIAN_POINT('',(13.684996604919434,-79.94420623779297,363.0588684082031));
#136=VERTEX_POINT('',#135);
#137=CARTESIAN_POINT('',(13.684996604919434,-80.3423843383789,363.0024719238281));
#138=VERTEX_POINT('',#137);
#139=CARTESIAN_POINT('',(13.684996604919434,-80.73798370361328,362.9300842285156));
#140=VERTEX_POINT('',#139);
#141=CARTESIAN_POINT('',(13.684996604919434,-81.13034057617188,362.8418273925781));
#142=VERTEX_POINT('',#141);
#143=CARTESIAN_POINT('',(13.684996604919434,-81.51883697509766,362.7378845214844));
#144=VERTEX_POINT('',#143);
#145=CARTESIAN_POINT('',(13.684996604919434,-81.90283966064453,362.618408203125));
#146=VERTEX_POINT('',#145);
#147=CARTESIAN_POINT('',(13.684996604919434,-82.28173065185547,362.48358154296875));
#148=VERTEX_POINT('',#147);
#149=CARTESIAN_POINT('',(13.684996604919434,-82.65489196777344,362.3336486816406));
#150=VERTEX_POINT('',#149);
#151=CARTESIAN_POINT('',(13.684996604919434,-83.021728515625,362.1688232421875));
#152=VERTEX_POINT('',#151);
#153=CARTESIAN_POINT('',(13.684996604919434,-83.38162994384766,361.9893798828125));
#154=VERTEX_POINT('',#153);
#155=CARTESIAN_POINT('',(13.684996604919434,-83.7340316772461,361.79559326171875));
#156=VERTEX_POINT('',#155);
#157=CARTESIAN_POINT('',(13.684996604919434,-84.07835388183594,361.58782958984375));
#158=VERTEX_POINT('',#157);
#159=CARTESIAN_POINT('',(13.684996604919434,-84.41404724121094,361.3663635253906));
#160=VERTEX_POINT('',#159);
#161=CARTESIAN_POINT('',(30.93499755859375,-78.74056243896484,363.131591796875));
#162=VERTEX_POINT('',#161);
#163=CARTESIAN_POINT('',(30.93499755859375,-79.14322662353516,363.12347412109375));
#164=VERTEX_POINT('',#163);
#165=CARTESIAN_POINT('',(30.93499755859375,-79.54523468017578,363.0991516113281));
#166=VERTEX_POINT('',#165);
#167=CARTESIAN_POINT('',(30.93499755859375,-79.94593048095703,363.0586853027344));
#168=VERTEX_POINT('',#167);
#169=CARTESIAN_POINT('',(30.93499755859375,-80.34468078613281,363.0020751953125));
#170=VERTEX_POINT('',#169);
#171=CARTESIAN_POINT('',(30.93499755859375,-80.7408218383789,362.92950439453125));
#172=VERTEX_POINT('',#171);
#173=CARTESIAN_POINT('',(30.93499755859375,-81.13372039794922,362.84100341796875));
#174=VERTEX_POINT('',#173);
#175=CARTESIAN_POINT('',(30.93499755859375,-81.52274322509766,362.73675537109375));
#176=VERTEX_POINT('',#175);
#177=CARTESIAN_POINT('',(30.93499755859375,-81.90724182128906,362.616943359375));
#178=VERTEX_POINT('',#177);
#179=CARTESIAN_POINT('',(30.93499755859375,-82.28661346435547,362.48175048828125));
#180=VERTEX_POINT('',#179);
#181=CARTESIAN_POINT('',(30.93499755859375,-82.66023254394531,362.3313903808594));
#182=VERTEX_POINT('',#181);
#183=CARTESIAN_POINT('',(30.93499755859375,-83.0274887084961,362.16607666015625));
#184=VERTEX_POINT('',#183);
#185=CARTESIAN_POINT('',(30.93499755859375,-83.3877944946289,361.98614501953125));
#186=VERTEX_POINT('',#185);
#187=CARTESIAN_POINT('',(30.93499755859375,-83.74056243896484,361.7918395996094));
#188=VERTEX_POINT('',#187);
#189=CARTESIAN_POINT('',(30.93499755859375,-84.08522033691406,361.58349609375));
#190=VERTEX_POINT('',#189);
#191=CARTESIAN_POINT('',(30.93499755859375,-84.42121124267578,361.3614196777344));
#192=VERTEX_POINT('',#191);
#193=CARTESIAN_POINT('',(30.93499755859375,-84.74798583984375,361.1260070800781));
#194=VERTEX_POINT('',#193);
#195=CARTESIAN_POINT('',(24.43499755859375,-84.74798583984375,361.1260070800781));
#196=VERTEX_POINT('',#195);
#197=CARTESIAN_POINT('',(30.93499755859375,-85.06501770019531,360.87762451171875));
#198=VERTEX_POINT('',#197);
#199=CARTESIAN_POINT('',(24.43499755859375,-85.06501770019531,360.87762451171875));
#200=VERTEX_POINT('',#199);
#201=CARTESIAN_POINT('',(30.93499755859375,-85.37178802490234,360.61669921875));
#202=VERTEX_POINT('',#201);
#203=CARTESIAN_POINT('',(24.43499755859375,-85.37178802490234,360.61669921875));
#204=VERTEX_POINT('',#203);
#205=CARTESIAN_POINT('',(30.93499755859375,-85.66780853271484,360.3435974121094));
#206=VERTEX_POINT('',#205);
#207=CARTESIAN_POINT('',(24.43499755859375,-85.66780853271484,360.3435974121094));
#208=VERTEX_POINT('',#207);
#209=CARTESIAN_POINT('',(30.93499755859375,-85.95259094238281,360.058837890625));
#210=VERTEX_POINT('',#209);
#211=CARTESIAN_POINT('',(24.43499755859375,-85.95259094238281,360.058837890625));
#212=VERTEX_POINT('',#211);
#213=CARTESIAN_POINT('',(30.93499755859375,-86.22566986083984,359.7628173828125));
#214=VERTEX_POINT('',#213);
#215=CARTESIAN_POINT('',(24.43499755859375,-86.22566986083984,359.7628173828125));
#216=VERTEX_POINT('',#215);
#217=CARTESIAN_POINT('',(30.93499755859375,-86.48661804199219,359.4560241699219));
#218=VERTEX_POINT('',#217);
#219=CARTESIAN_POINT('',(24.43499755859375,-86.48661804199219,359.4560241699219));
#220=VERTEX_POINT('',#219);
#221=CARTESIAN_POINT('',(30.93499755859375,-86.73499298095703,359.1390075683594));
#222=VERTEX_POINT('',#221);
#223=CARTESIAN_POINT('',(24.43499755859375,-86.73499298095703,359.1390075683594));
#224=VERTEX_POINT('',#223);
#225=CARTESIAN_POINT('',(30.93499755859375,-86.97040557861328,358.8122253417969));
#226=VERTEX_POINT('',#225);
#227=CARTESIAN_POINT('',(24.43499755859375,-86.97040557861328,358.8122253417969));
#228=VERTEX_POINT('',#227);
#229=CARTESIAN_POINT('',(30.93499755859375,-87.19246673583984,358.4762268066406));
#230=VERTEX_POINT('',#229);
#231=CARTESIAN_POINT('',(24.43499755859375,-87.19246673583984,358.4762268066406));
#232=VERTEX_POINT('',#231);
#233=CARTESIAN_POINT('',(30.93499755859375,-87.40081787109375,358.131591796875));
#234=VERTEX_POINT('',#233);
#235=CARTESIAN_POINT('',(24.43499755859375,-87.40081787109375,358.131591796875));
#236=VERTEX_POINT('',#235);
#237=CARTESIAN_POINT('',(30.93499755859375,-87.59512329101562,357.77880859375));
#238=VERTEX_POINT('',#237);
#239=CARTESIAN_POINT('',(24.43499755859375,-87.59512329101562,357.77880859375));
#240=VERTEX_POINT('',#239);
#241=CARTESIAN_POINT('',(30.93499755859375,-87.77507019042969,357.41851806640625));
#242=VERTEX_POINT('',#241);
#243=CARTESIAN_POINT('',(24.43499755859375,-87.77507019042969,357.41851806640625));
#244=VERTEX_POINT('',#243);
#245=CARTESIAN_POINT('',(30.93499755859375,-87.94036102294922,357.0512390136719));
#246=VERTEX_POINT('',#245);
#247=CARTESIAN_POINT('',(24.43499755859375,-87.94036102294922,357.0512390136719));
#248=VERTEX_POINT('',#247);
#249=CARTESIAN_POINT('',(30.93499755859375,-88.09072875976562,356.6776428222656));
#250=VERTEX_POINT('',#249);
#251=CARTESIAN_POINT('',(24.43499755859375,-88.09072875976562,356.6776428222656));
#252=VERTEX_POINT('',#251);
#253=CARTESIAN_POINT('',(30.93499755859375,-88.2259292602539,356.29827880859375));
#254=VERTEX_POINT('',#253);
#255=CARTESIAN_POINT('',(24.43499755859375,-88.2259292602539,356.29827880859375));
#256=VERTEX_POINT('',#255);
#257=CARTESIAN_POINT('',(30.93499755859375,-88.34574890136719,355.91375732421875));
#258=VERTEX_POINT('',#257);
#259=CARTESIAN_POINT('',(24.43499755859375,-88.34574890136719,355.91375732421875));
#260=VERTEX_POINT('',#259);
#261=CARTESIAN_POINT('',(30.93499755859375,-88.44998168945312,355.5247497558594));
#262=VERTEX_POINT('',#261);
#263=CARTESIAN_POINT('',(24.43499755859375,-88.44998168945312,355.5247497558594));
#264=VERTEX_POINT('',#263);
#265=CARTESIAN_POINT('',(30.93499755859375,-88.5384750366211,355.1318359375));
#266=VERTEX_POINT('',#265);
#267=CARTESIAN_POINT('',(24.43499755859375,-88.5384750366211,355.1318359375));
#268=VERTEX_POINT('',#267);
#269=CARTESIAN_POINT('',(30.93499755859375,-88.61106872558594,354.7356872558594));
#270=VERTEX_POINT('',#269);
#271=CARTESIAN_POINT('',(24.43499755859375,-88.61106872558594,354.7356872558594));
#272=VERTEX_POINT('',#271);
#273=CARTESIAN_POINT('',(30.93499755859375,-88.66765594482422,354.3369445800781));
#274=VERTEX_POINT('',#273);
#275=CARTESIAN_POINT('',(24.43499755859375,-88.66765594482422,354.3369445800781));
#276=VERTEX_POINT('',#275);
#277=CARTESIAN_POINT('',(30.93499755859375,-88.70813751220703,353.9362487792969));
#278=VERTEX_POINT('',#277);
#279=CARTESIAN_POINT('',(24.43499755859375,-88.70813751220703,353.9362487792969));
#280=VERTEX_POINT('',#279);
#281=CARTESIAN_POINT('',(30.93499755859375,-88.73245239257812,353.53424072265625));
#282=VERTEX_POINT('',#281);
#283=CARTESIAN_POINT('',(24.43499755859375,-88.73245239257812,353.53424072265625));
#284=VERTEX_POINT('',#283);
#285=CARTESIAN_POINT('',(30.93499755859375,-88.74056243896484,353.131591796875));
#286=VERTEX_POINT('',#285);
#287=CARTESIAN_POINT('',(17.93499755859375,-88.73245239257812,353.53424072265625));
#288=VERTEX_POINT('',#287);
#289=CARTESIAN_POINT('',(11.434996604919434,-88.74056243896484,353.131591796875));
#290=VERTEX_POINT('',#289);
#291=CARTESIAN_POINT('',(11.434996604919434,-88.73245239257812,353.53424072265625));
#292=VERTEX_POINT('',#291);
#293=CARTESIAN_POINT('',(11.434996604919434,-88.70813751220703,353.9362487792969));
#294=VERTEX_POINT('',#293);
#295=CARTESIAN_POINT('',(17.93499755859375,-88.70813751220703,353.9362487792969));
#296=VERTEX_POINT('',#295);
#297=CARTESIAN_POINT('',(11.434996604919434,-88.66765594482422,354.3369445800781));
#298=VERTEX_POINT('',#297);
#299=CARTESIAN_POINT('',(17.93499755859375,-88.66765594482422,354.3369445800781));
#300=VERTEX_POINT('',#299);
#301=CARTESIAN_POINT('',(11.434996604919434,-88.61106872558594,354.7356872558594));
#302=VERTEX_POINT('',#301);
#303=CARTESIAN_POINT('',(17.93499755859375,-88.61106872558594,354.7356872558594));
#304=VERTEX_POINT('',#303);
#305=CARTESIAN_POINT('',(11.434996604919434,-88.5384750366211,355.1318359375));
#306=VERTEX_POINT('',#305);
#307=CARTESIAN_POINT('',(17.93499755859375,-88.5384750366211,355.1318359375));
#308=VERTEX_POINT('',#307);
#309=CARTESIAN_POINT('',(11.434996604919434,-88.44998168945312,355.5247497558594));
#310=VERTEX_POINT('',#309);
#311=CARTESIAN_POINT('',(17.93499755859375,-88.44998168945312,355.5247497558594));
#312=VERTEX_POINT('',#311);
#313=CARTESIAN_POINT('',(11.434996604919434,-88.34574890136719,355.91375732421875));
#314=VERTEX_POINT('',#313);
#315=CARTESIAN_POINT('',(17.93499755859375,-88.34574890136719,355.91375732421875));
#316=VERTEX_POINT('',#315);
#317=CARTESIAN_POINT('',(11.434996604919434,-88.2259292602539,356.29827880859375));
#318=VERTEX_POINT('',#317);
#319=CARTESIAN_POINT('',(17.93499755859375,-88.2259292602539,356.29827880859375));
#320=VERTEX_POINT('',#319);
#321=CARTESIAN_POINT('',(11.434996604919434,-88.09072875976562,356.6776428222656));
#322=VERTEX_POINT('',#321);
#323=CARTESIAN_POINT('',(17.93499755859375,-88.09072875976562,356.6776428222656));
#324=VERTEX_POINT('',#323);
#325=CARTESIAN_POINT('',(11.434996604919434,-87.94036102294922,357.0512390136719));
#326=VERTEX_POINT('',#325);
#327=CARTESIAN_POINT('',(17.93499755859375,-87.94036102294922,357.0512390136719));
#328=VERTEX_POINT('',#327);
#329=CARTESIAN_POINT('',(11.434996604919434,-87.77507019042969,357.41851806640625));
#330=VERTEX_POINT('',#329);
#331=CARTESIAN_POINT('',(17.93499755859375,-87.77507019042969,357.41851806640625));
#332=VERTEX_POINT('',#331);
#333=CARTESIAN_POINT('',(11.434996604919434,-87.59512329101562,357.77880859375));
#334=VERTEX_POINT('',#333);
#335=CARTESIAN_POINT('',(17.93499755859375,-87.59512329101562,357.77880859375));
#336=VERTEX_POINT('',#335);
#337=CARTESIAN_POINT('',(11.434996604919434,-87.40081787109375,358.131591796875));
#338=VERTEX_POINT('',#337);
#339=CARTESIAN_POINT('',(17.93499755859375,-87.40081787109375,358.131591796875));
#340=VERTEX_POINT('',#339);
#341=CARTESIAN_POINT('',(11.434996604919434,-87.19246673583984,358.4762268066406));
#342=VERTEX_POINT('',#341);
#343=CARTESIAN_POINT('',(17.93499755859375,-87.19246673583984,358.4762268066406));
#344=VERTEX_POINT('',#343);
#345=CARTESIAN_POINT('',(11.434996604919434,-86.97040557861328,358.8122253417969));
#346=VERTEX_POINT('',#345);
#347=CARTESIAN_POINT('',(17.93499755859375,-86.97040557861328,358.8122253417969));
#348=VERTEX_POINT('',#347);
#349=CARTESIAN_POINT('',(11.434996604919434,-86.73499298095703,359.1390075683594));
#350=VERTEX_POINT('',#349);
#351=CARTESIAN_POINT('',(17.93499755859375,-86.73499298095703,359.1390075683594));
#352=VERTEX_POINT('',#351);
#353=CARTESIAN_POINT('',(11.434996604919434,-86.48661804199219,359.4560241699219));
#354=VERTEX_POINT('',#353);
#355=CARTESIAN_POINT('',(17.93499755859375,-86.48661804199219,359.4560241699219));
#356=VERTEX_POINT('',#355);
#357=CARTESIAN_POINT('',(11.434996604919434,-86.22566986083984,359.7628173828125));
#358=VERTEX_POINT('',#357);
#359=CARTESIAN_POINT('',(17.93499755859375,-86.22566986083984,359.7628173828125));
#360=VERTEX_POINT('',#359);
#361=CARTESIAN_POINT('',(11.434996604919434,-85.95259094238281,360.058837890625));
#362=VERTEX_POINT('',#361);
#363=CARTESIAN_POINT('',(17.93499755859375,-85.95259094238281,360.058837890625));
#364=VERTEX_POINT('',#363);
#365=CARTESIAN_POINT('',(11.434996604919434,-85.66780853271484,360.3435974121094));
#366=VERTEX_POINT('',#365);
#367=CARTESIAN_POINT('',(17.93499755859375,-85.66780853271484,360.3435974121094));
#368=VERTEX_POINT('',#367);
#369=CARTESIAN_POINT('',(11.434996604919434,-85.37178802490234,360.61669921875));
#370=VERTEX_POINT('',#369);
#371=CARTESIAN_POINT('',(17.93499755859375,-85.37178802490234,360.61669921875));
#372=VERTEX_POINT('',#371);
#373=CARTESIAN_POINT('',(11.434996604919434,-85.06501770019531,360.87762451171875));
#374=VERTEX_POINT('',#373);
#375=CARTESIAN_POINT('',(17.93499755859375,-85.06501770019531,360.87762451171875));
#376=VERTEX_POINT('',#375);
#377=CARTESIAN_POINT('',(11.434996604919434,-84.74798583984375,361.1260070800781));
#378=VERTEX_POINT('',#377);
#379=CARTESIAN_POINT('',(17.93499755859375,-84.74798583984375,361.1260070800781));
#380=VERTEX_POINT('',#379);
#381=CARTESIAN_POINT('',(11.434996604919434,-84.42121124267578,361.3614196777344));
#382=VERTEX_POINT('',#381);
#383=CARTESIAN_POINT('',(11.434996604919434,-84.08522033691406,361.58349609375));
#384=VERTEX_POINT('',#383);
#385=CARTESIAN_POINT('',(11.434996604919434,-83.74056243896484,361.7918395996094));
#386=VERTEX_POINT('',#385);
#387=CARTESIAN_POINT('',(11.434996604919434,-83.3877944946289,361.98614501953125));
#388=VERTEX_POINT('',#387);
#389=CARTESIAN_POINT('',(11.434996604919434,-83.0274887084961,362.16607666015625));
#390=VERTEX_POINT('',#389);
#391=CARTESIAN_POINT('',(11.434996604919434,-82.66023254394531,362.3313903808594));
#392=VERTEX_POINT('',#391);
#393=CARTESIAN_POINT('',(11.434996604919434,-82.28661346435547,362.48175048828125));
#394=VERTEX_POINT('',#393);
#395=CARTESIAN_POINT('',(11.434996604919434,-81.90724182128906,362.616943359375));
#396=VERTEX_POINT('',#395);
#397=CARTESIAN_POINT('',(11.434996604919434,-81.52274322509766,362.73675537109375));
#398=VERTEX_POINT('',#397);
#399=CARTESIAN_POINT('',(11.434996604919434,-81.13372039794922,362.84100341796875));
#400=VERTEX_POINT('',#399);
#401=CARTESIAN_POINT('',(11.434996604919434,-80.7408218383789,362.92950439453125));
#402=VERTEX_POINT('',#401);
#403=CARTESIAN_POINT('',(11.434996604919434,-80.34468078613281,363.0020751953125));
#404=VERTEX_POINT('',#403);
#405=CARTESIAN_POINT('',(11.434996604919434,-79.94593048095703,363.0586853027344));
#406=VERTEX_POINT('',#405);
#407=CARTESIAN_POINT('',(11.434996604919434,-79.54523468017578,363.0991516113281));
#408=VERTEX_POINT('',#407);
#409=CARTESIAN_POINT('',(11.434996604919434,-79.14322662353516,363.12347412109375));
#410=VERTEX_POINT('',#409);
#411=CARTESIAN_POINT('',(11.434996604919434,-78.74056243896484,363.131591796875));
#412=VERTEX_POINT('',#411);
#413=CARTESIAN_POINT('',(30.93499755859375,-76.1412353515625,342.5574951171875));
#414=VERTEX_POINT('',#413);
#415=CARTESIAN_POINT('',(30.93499755859375,-75.81551361083984,342.7328796386719));
#416=VERTEX_POINT('',#415);
#417=CARTESIAN_POINT('',(30.93499755859375,-75.49488067626953,342.91748046875));
#418=VERTEX_POINT('',#417);
#419=CARTESIAN_POINT('',(30.93499755859375,-75.17950439453125,343.11090087890625));
#420=VERTEX_POINT('',#419);
#421=CARTESIAN_POINT('',(30.93499755859375,-88.74056243896484,350.0517883300781));
#422=VERTEX_POINT('',#421);
#423=CARTESIAN_POINT('',(30.93499755859375,-70.34101867675781,347.7889099121094));
#424=VERTEX_POINT('',#423);
#425=CARTESIAN_POINT('',(30.93499755859375,-70.03199005126953,348.21356201171875));
#426=VERTEX_POINT('',#425);
#427=CARTESIAN_POINT('',(30.93499755859375,-69.7292251586914,348.646484375));
#428=VERTEX_POINT('',#427);
#429=CARTESIAN_POINT('',(30.93499755859375,-69.43272399902344,349.0870056152344));
#430=VERTEX_POINT('',#429);
#431=CARTESIAN_POINT('',(30.93499755859375,-69.14248657226562,349.5344543457031));
#432=VERTEX_POINT('',#431);
#433=CARTESIAN_POINT('',(30.93499755859375,-68.85851287841797,349.9881591796875));
#434=VERTEX_POINT('',#433);
#435=CARTESIAN_POINT('',(30.93499755859375,-68.58080291748047,350.44744873046875));
#436=VERTEX_POINT('',#435);
#437=CARTESIAN_POINT('',(30.93499755859375,-68.30936431884766,350.9116516113281));
#438=VERTEX_POINT('',#437);
#439=CARTESIAN_POINT('',(30.93499755859375,-68.04419708251953,351.38006591796875));
#440=VERTEX_POINT('',#439);
#441=CARTESIAN_POINT('',(30.93499755859375,-67.78529357910156,351.85205078125));
#442=VERTEX_POINT('',#441);
#443=CARTESIAN_POINT('',(30.93499755859375,-67.53267669677734,352.326904296875));
#444=VERTEX_POINT('',#443);
#445=CARTESIAN_POINT('',(30.93499755859375,-67.28632354736328,352.8039855957031));
#446=VERTEX_POINT('',#445);
#447=CARTESIAN_POINT('',(30.93499755859375,-67.04625701904297,353.2825622558594));
#448=VERTEX_POINT('',#447);
#449=CARTESIAN_POINT('',(30.93499755859375,-66.81246185302734,353.7619934082031));
#450=VERTEX_POINT('',#449);
#451=CARTESIAN_POINT('',(30.93499755859375,-66.58494567871094,354.24163818359375));
#452=VERTEX_POINT('',#451);
#453=CARTESIAN_POINT('',(30.93499755859375,-66.36371612548828,354.72076416015625));
#454=VERTEX_POINT('',#453);
#455=CARTESIAN_POINT('',(30.93499755859375,-66.14877319335938,355.19873046875));
#456=VERTEX_POINT('',#455);
#457=CARTESIAN_POINT('',(30.93499755859375,-65.93925476074219,355.67681884765625));
#458=VERTEX_POINT('',#457);
#459=CARTESIAN_POINT('',(30.93499755859375,-65.73294067382812,356.1597900390625));
#460=VERTEX_POINT('',#459);
#461=CARTESIAN_POINT('',(30.93499755859375,-65.52989959716797,356.6473388671875));
#462=VERTEX_POINT('',#461);
#463=CARTESIAN_POINT('',(30.93499755859375,-65.33035278320312,357.1388854980469));
#464=VERTEX_POINT('',#463);
#465=CARTESIAN_POINT('',(30.93499755859375,-65.13449096679688,357.6338195800781));
#466=VERTEX_POINT('',#465);
#467=CARTESIAN_POINT('',(30.93499755859375,-64.94253540039062,358.1315612792969));
#468=VERTEX_POINT('',#467);
#469=CARTESIAN_POINT('',(30.93499755859375,-64.75469970703125,358.6314697265625));
#470=VERTEX_POINT('',#469);
#471=CARTESIAN_POINT('',(30.93499755859375,-64.57118225097656,359.1330261230469));
#472=VERTEX_POINT('',#471);
#473=CARTESIAN_POINT('',(30.93499755859375,-64.39219665527344,359.63555908203125));
#474=VERTEX_POINT('',#473);
#475=CARTESIAN_POINT('',(30.93499755859375,-64.21795654296875,360.1385192871094));
#476=VERTEX_POINT('',#475);
#477=CARTESIAN_POINT('',(30.93499755859375,-64.04866027832031,360.64129638671875));
#478=VERTEX_POINT('',#477);
#479=CARTESIAN_POINT('',(30.93499755859375,-63.884525299072266,361.143310546875));
#480=VERTEX_POINT('',#479);
#481=CARTESIAN_POINT('',(30.93499755859375,-63.72575759887695,361.6439208984375));
#482=VERTEX_POINT('',#481);
#483=CARTESIAN_POINT('',(30.93499755859375,-63.572566986083984,362.142578125));
#484=VERTEX_POINT('',#483);
#485=CARTESIAN_POINT('',(30.93499755859375,-63.42516326904297,362.638671875));
#486=VERTEX_POINT('',#485);
#487=CARTESIAN_POINT('',(30.93499755859375,-63.283756256103516,363.131591796875));
#488=VERTEX_POINT('',#487);
#489=CARTESIAN_POINT('',(30.93499755859375,-87.22753143310547,345.4273681640625));
#490=VERTEX_POINT('',#489);
#491=CARTESIAN_POINT('',(11.434996604919434,-63.283756256103516,363.131591796875));
#492=VERTEX_POINT('',#491);
#493=CARTESIAN_POINT('',(24.43499755859375,-63.4251594543457,362.638671875));
#494=VERTEX_POINT('',#493);
#495=CARTESIAN_POINT('',(17.93499755859375,-63.4251594543457,362.638671875));
#496=VERTEX_POINT('',#495);
#497=CARTESIAN_POINT('',(11.434996604919434,-63.42516326904297,362.638671875));
#498=VERTEX_POINT('',#497);
#499=CARTESIAN_POINT('',(17.93499755859375,-63.57252883911133,362.142578125));
#500=VERTEX_POINT('',#499);
#501=CARTESIAN_POINT('',(11.434996604919434,-63.572566986083984,362.142578125));
#502=VERTEX_POINT('',#501);
#503=CARTESIAN_POINT('',(17.93499755859375,-63.72563552856445,361.6438903808594));
#504=VERTEX_POINT('',#503);
#505=CARTESIAN_POINT('',(11.434996604919434,-63.72575759887695,361.6439208984375));
#506=VERTEX_POINT('',#505);
#507=CARTESIAN_POINT('',(17.93499755859375,-63.8842658996582,361.1432189941406));
#508=VERTEX_POINT('',#507);
#509=CARTESIAN_POINT('',(11.434996604919434,-63.884525299072266,361.143310546875));
#510=VERTEX_POINT('',#509);
#511=CARTESIAN_POINT('',(17.93499755859375,-64.0482177734375,360.6411437988281));
#512=VERTEX_POINT('',#511);
#513=CARTESIAN_POINT('',(11.434996604919434,-64.04866027832031,360.64129638671875));
#514=VERTEX_POINT('',#513);
#515=CARTESIAN_POINT('',(17.93499755859375,-64.21729278564453,360.1383056640625));
#516=VERTEX_POINT('',#515);
#517=CARTESIAN_POINT('',(11.434996604919434,-64.21795654296875,360.1385192871094));
#518=VERTEX_POINT('',#517);
#519=CARTESIAN_POINT('',(17.93499755859375,-64.39130401611328,359.63525390625));
#520=VERTEX_POINT('',#519);
#521=CARTESIAN_POINT('',(11.434996604919434,-64.39219665527344,359.63555908203125));
#522=VERTEX_POINT('',#521);
#523=CARTESIAN_POINT('',(17.93499755859375,-64.57006072998047,359.13262939453125));
#524=VERTEX_POINT('',#523);
#525=CARTESIAN_POINT('',(11.434996604919434,-64.57118225097656,359.1330261230469));
#526=VERTEX_POINT('',#525);
#527=CARTESIAN_POINT('',(17.93499755859375,-64.75336456298828,358.6309814453125));
#528=VERTEX_POINT('',#527);
#529=CARTESIAN_POINT('',(11.434996604919434,-64.75469970703125,358.6314697265625));
#530=VERTEX_POINT('',#529);
#531=CARTESIAN_POINT('',(17.93499755859375,-64.94004821777344,358.1335754394531));
#532=VERTEX_POINT('',#531);
#533=CARTESIAN_POINT('',(11.434996604919434,-64.94253540039062,358.1315612792969));
#534=VERTEX_POINT('',#533);
#535=CARTESIAN_POINT('',(17.93499755859375,-65.13286590576172,357.6331787109375));
#536=VERTEX_POINT('',#535);
#537=CARTESIAN_POINT('',(11.434996604919434,-65.13449096679688,357.6338195800781));
#538=VERTEX_POINT('',#537);
#539=CARTESIAN_POINT('',(17.93499755859375,-65.32765197753906,357.1407165527344));
#540=VERTEX_POINT('',#539);
#541=CARTESIAN_POINT('',(11.434996604919434,-65.33035278320312,357.1388854980469));
#542=VERTEX_POINT('',#541);
#543=CARTESIAN_POINT('',(17.93499755859375,-65.52822875976562,356.6466369628906));
#544=VERTEX_POINT('',#543);
#545=CARTESIAN_POINT('',(11.434996604919434,-65.52989959716797,356.6473388671875));
#546=VERTEX_POINT('',#545);
#547=CARTESIAN_POINT('',(17.93499755859375,-65.73028564453125,356.16162109375));
#548=VERTEX_POINT('',#547);
#549=CARTESIAN_POINT('',(11.434996604919434,-65.73294067382812,356.1597900390625));
#550=VERTEX_POINT('',#549);
#551=CARTESIAN_POINT('',(17.93499755859375,-65.93779754638672,355.6761779785156));
#552=VERTEX_POINT('',#551);
#553=CARTESIAN_POINT('',(11.434996604919434,-65.93925476074219,355.67681884765625));
#554=VERTEX_POINT('',#553);
#555=CARTESIAN_POINT('',(11.434996604919434,-66.14877319335938,355.19873046875));
#556=VERTEX_POINT('',#555);
#557=CARTESIAN_POINT('',(17.93499755859375,-66.1476058959961,355.1978759765625));
#558=VERTEX_POINT('',#557);
#559=CARTESIAN_POINT('',(11.434996604919434,-66.36371612548828,354.72076416015625));
#560=VERTEX_POINT('',#559);
#561=CARTESIAN_POINT('',(17.93499755859375,-66.36262512207031,354.7202453613281));
#562=VERTEX_POINT('',#561);
#563=CARTESIAN_POINT('',(11.434996604919434,-66.58494567871094,354.24163818359375));
#564=VERTEX_POINT('',#563);
#565=CARTESIAN_POINT('',(17.93499755859375,-66.58458709716797,354.24005126953125));
#566=VERTEX_POINT('',#565);
#567=CARTESIAN_POINT('',(11.434996604919434,-66.81246185302734,353.7619934082031));
#568=VERTEX_POINT('',#567);
#569=CARTESIAN_POINT('',(17.93499755859375,-66.81173706054688,353.76165771484375));
#570=VERTEX_POINT('',#569);
#571=CARTESIAN_POINT('',(11.434996604919434,-67.04625701904297,353.2825622558594));
#572=VERTEX_POINT('',#571);
#573=CARTESIAN_POINT('',(17.93499755859375,-67.04622650146484,353.2812194824219));
#574=VERTEX_POINT('',#573);
#575=CARTESIAN_POINT('',(11.434996604919434,-67.28632354736328,352.8039855957031));
#576=VERTEX_POINT('',#575);
#577=CARTESIAN_POINT('',(17.93499755859375,-67.28590393066406,352.80377197265625));
#578=VERTEX_POINT('',#577);
#579=CARTESIAN_POINT('',(11.434996604919434,-67.53267669677734,352.326904296875));
#580=VERTEX_POINT('',#579);
#581=CARTESIAN_POINT('',(17.93499755859375,-67.53289031982422,352.32574462890625));
#582=VERTEX_POINT('',#581);
#583=CARTESIAN_POINT('',(11.434996604919434,-67.78529357910156,351.85205078125));
#584=VERTEX_POINT('',#583);
#585=CARTESIAN_POINT('',(17.93499755859375,-67.78504943847656,351.8519287109375));
#586=VERTEX_POINT('',#585);
#587=CARTESIAN_POINT('',(11.434996604919434,-68.04419708251953,351.38006591796875));
#588=VERTEX_POINT('',#587);
#589=CARTESIAN_POINT('',(17.93499755859375,-68.04452514648438,351.3789978027344));
#590=VERTEX_POINT('',#589);
#591=CARTESIAN_POINT('',(11.434996604919434,-68.30936431884766,350.9116516113281));
#592=VERTEX_POINT('',#591);
#593=CARTESIAN_POINT('',(17.93499755859375,-68.30916595458984,350.9115295410156));
#594=VERTEX_POINT('',#593);
#595=CARTESIAN_POINT('',(11.434996604919434,-68.58080291748047,350.44744873046875));
#596=VERTEX_POINT('',#595);
#597=CARTESIAN_POINT('',(17.93499755859375,-68.5811767578125,350.4463806152344));
#598=VERTEX_POINT('',#597);
#599=CARTESIAN_POINT('',(11.434996604919434,-68.85851287841797,349.9881591796875));
#600=VERTEX_POINT('',#599);
#601=CARTESIAN_POINT('',(17.93499755859375,-68.85832214355469,349.9880676269531));
#602=VERTEX_POINT('',#601);
#603=CARTESIAN_POINT('',(17.93499755859375,-69.0020751953125,349.75640869140625));
#604=VERTEX_POINT('',#603);
#605=CARTESIAN_POINT('',(24.43499755859375,-69.0020751953125,349.75640869140625));
#606=VERTEX_POINT('',#605);
#607=CARTESIAN_POINT('',(24.43499755859375,-69.145751953125,349.52899169921875));
#608=VERTEX_POINT('',#607);
#609=CARTESIAN_POINT('',(24.43499755859375,-69.28925323486328,349.30584716796875));
#610=VERTEX_POINT('',#609);
#611=CARTESIAN_POINT('',(24.43499755859375,-69.4325942993164,349.0869445800781));
#612=VERTEX_POINT('',#611);
#613=CARTESIAN_POINT('',(24.43499755859375,-69.58096313476562,348.8644714355469));
#614=VERTEX_POINT('',#613);
#615=CARTESIAN_POINT('',(17.93499755859375,-69.4325942993164,349.0869445800781));
#616=VERTEX_POINT('',#615);
#617=CARTESIAN_POINT('',(17.93499755859375,-69.58096313476562,348.8644714355469));
#618=VERTEX_POINT('',#617);
#619=CARTESIAN_POINT('',(11.434996604919434,-69.43272399902344,349.0870056152344));
#620=VERTEX_POINT('',#619);
#621=CARTESIAN_POINT('',(11.434996604919434,-69.7292251586914,348.646484375));
#622=VERTEX_POINT('',#621);
#623=CARTESIAN_POINT('',(17.93499755859375,-69.72914123535156,348.6464538574219));
#624=VERTEX_POINT('',#623);
#625=CARTESIAN_POINT('',(17.93499755859375,-69.88066101074219,348.427734375));
#626=VERTEX_POINT('',#625);
#627=CARTESIAN_POINT('',(24.43499755859375,-69.88066101074219,348.427734375));
#628=VERTEX_POINT('',#627);
#629=CARTESIAN_POINT('',(24.43499755859375,-70.03195190429688,348.21356201171875));
#630=VERTEX_POINT('',#629);
#631=CARTESIAN_POINT('',(24.43499755859375,-70.18660736083984,347.9989013671875));
#632=VERTEX_POINT('',#631);
#633=CARTESIAN_POINT('',(11.434996604919434,-70.34101867675781,347.7889099121094));
#634=VERTEX_POINT('',#633);
#635=CARTESIAN_POINT('',(24.43499755859375,-63.57252883911133,362.142578125));
#636=VERTEX_POINT('',#635);
#637=CARTESIAN_POINT('',(24.43499755859375,-63.72563552856445,361.6438903808594));
#638=VERTEX_POINT('',#637);
#639=CARTESIAN_POINT('',(24.43499755859375,-63.8842658996582,361.1432189941406));
#640=VERTEX_POINT('',#639);
#641=CARTESIAN_POINT('',(24.43499755859375,-64.0482177734375,360.6411437988281));
#642=VERTEX_POINT('',#641);
#643=CARTESIAN_POINT('',(24.43499755859375,-64.21729278564453,360.1383056640625));
#644=VERTEX_POINT('',#643);
#645=CARTESIAN_POINT('',(24.43499755859375,-64.39130401611328,359.63525390625));
#646=VERTEX_POINT('',#645);
#647=CARTESIAN_POINT('',(24.43499755859375,-64.57006072998047,359.13262939453125));
#648=VERTEX_POINT('',#647);
#649=CARTESIAN_POINT('',(24.43499755859375,-64.75336456298828,358.6309814453125));
#650=VERTEX_POINT('',#649);
#651=CARTESIAN_POINT('',(24.43499755859375,-64.94004821777344,358.1335754394531));
#652=VERTEX_POINT('',#651);
#653=CARTESIAN_POINT('',(24.43499755859375,-65.13286590576172,357.6331787109375));
#654=VERTEX_POINT('',#653);
#655=CARTESIAN_POINT('',(24.43499755859375,-65.32765197753906,357.1407165527344));
#656=VERTEX_POINT('',#655);
#657=CARTESIAN_POINT('',(24.43499755859375,-65.52822875976562,356.6466369628906));
#658=VERTEX_POINT('',#657);
#659=CARTESIAN_POINT('',(24.43499755859375,-65.73028564453125,356.16162109375));
#660=VERTEX_POINT('',#659);
#661=CARTESIAN_POINT('',(24.43499755859375,-65.93779754638672,355.6761779785156));
#662=VERTEX_POINT('',#661);
#663=CARTESIAN_POINT('',(24.43499755859375,-66.1476058959961,355.1978759765625));
#664=VERTEX_POINT('',#663);
#665=CARTESIAN_POINT('',(24.43499755859375,-66.36262512207031,354.7202453613281));
#666=VERTEX_POINT('',#665);
#667=CARTESIAN_POINT('',(24.43499755859375,-66.58458709716797,354.24005126953125));
#668=VERTEX_POINT('',#667);
#669=CARTESIAN_POINT('',(24.43499755859375,-66.81173706054688,353.76165771484375));
#670=VERTEX_POINT('',#669);
#671=CARTESIAN_POINT('',(24.43499755859375,-67.04622650146484,353.2812194824219));
#672=VERTEX_POINT('',#671);
#673=CARTESIAN_POINT('',(24.43499755859375,-67.28590393066406,352.80377197265625));
#674=VERTEX_POINT('',#673);
#675=CARTESIAN_POINT('',(24.43499755859375,-67.53289031982422,352.32574462890625));
#676=VERTEX_POINT('',#675);
#677=CARTESIAN_POINT('',(24.43499755859375,-67.78504943847656,351.8519287109375));
#678=VERTEX_POINT('',#677);
#679=CARTESIAN_POINT('',(24.43499755859375,-68.04452514648438,351.3789978027344));
#680=VERTEX_POINT('',#679);
#681=CARTESIAN_POINT('',(24.43499755859375,-68.30916595458984,350.9115295410156));
#682=VERTEX_POINT('',#681);
#683=CARTESIAN_POINT('',(24.43499755859375,-68.5811767578125,350.4463806152344));
#684=VERTEX_POINT('',#683);
#685=CARTESIAN_POINT('',(24.43499755859375,-68.85832214355469,349.9880676269531));
#686=VERTEX_POINT('',#685);
#687=CARTESIAN_POINT('',(24.43499755859375,-69.72914123535156,348.6464538574219));
#688=VERTEX_POINT('',#687);
#689=CARTESIAN_POINT('',(17.93499755859375,-70.18660736083984,347.9989013671875));
#690=VERTEX_POINT('',#689);
#691=CARTESIAN_POINT('',(11.434996604919434,-70.03199005126953,348.21356201171875));
#692=VERTEX_POINT('',#691);
#693=CARTESIAN_POINT('',(17.93499755859375,-70.03195190429688,348.21356201171875));
#694=VERTEX_POINT('',#693);
#695=CARTESIAN_POINT('',(17.93499755859375,-69.28925323486328,349.30584716796875));
#696=VERTEX_POINT('',#695);
#697=CARTESIAN_POINT('',(11.434996604919434,-69.14248657226562,349.5344543457031));
#698=VERTEX_POINT('',#697);
#699=CARTESIAN_POINT('',(17.93499755859375,-69.145751953125,349.52899169921875));
#700=VERTEX_POINT('',#699);
#701=CARTESIAN_POINT('',(11.434996604919434,-75.17950439453125,343.11090087890625));
#702=VERTEX_POINT('',#701);
#703=CARTESIAN_POINT('',(21.18499755859375,-75.49488067626953,342.91748046875));
#704=VERTEX_POINT('',#703);
#705=CARTESIAN_POINT('',(21.18499755859375,-75.81551361083984,342.7328796386719));
#706=VERTEX_POINT('',#705);
#707=CARTESIAN_POINT('',(21.18499755859375,-76.1412353515625,342.5574951171875));
#708=VERTEX_POINT('',#707);
#709=CARTESIAN_POINT('',(11.434996604919434,-76.1412353515625,342.5574951171875));
#710=VERTEX_POINT('',#709);
#711=CARTESIAN_POINT('',(11.434996604919434,-75.81551361083984,342.7328796386719));
#712=VERTEX_POINT('',#711);
#713=CARTESIAN_POINT('',(11.434996604919434,-75.49488067626953,342.91748046875));
#714=VERTEX_POINT('',#713);
#715=CARTESIAN_POINT('',(11.434996604919434,-87.22753143310547,345.4273681640625));
#716=VERTEX_POINT('',#715);
#717=CARTESIAN_POINT('',(11.434996604919434,-88.74056243896484,350.0517883300781));
#718=VERTEX_POINT('',#717);
#719=STYLED_ITEM('',(#25),#720);
#720=FACE_SURFACE('',(#725),#721,.T.);
#721=PLANE('',#722);
#722=AXIS2_PLACEMENT_3D('',#41,#723,#724);
#723=DIRECTION('',(0,0.23543841949937475,-0.971889268704844));
#724=DIRECTION('',(0.9524687545035185,0.296072745112202,0.07172308760950787));
#725=FACE_BOUND('',#726,.T.);
#726=EDGE_LOOP('',(#727,#728,#729));
#727=ORIENTED_EDGE('',*,*,#730,.T.);
#728=ORIENTED_EDGE('',*,*,#731,.T.);
#729=ORIENTED_EDGE('',*,*,#732,.T.);
#730=EDGE_CURVE('',#42,#44,#733,.F.);
#731=EDGE_CURVE('',#44,#46,#734,.T.);
#732=EDGE_CURVE('',#46,#42,#735,.T.);
#733=LINE('',#41,#736);
#734=LINE('',#43,#737);
#735=LINE('',#45,#738);
#736=VECTOR('',#739,1.0);
#737=VECTOR('',#740,1.0);
#738=VECTOR('',#741,1.0);
#739=DIRECTION('',(0.9524687545035185,0.296072745112202,0.07172308760950787));
#740=DIRECTION('',(-0.6543157173468829,-0.7349635509560429,-0.17804359241185277));
#741=DIRECTION('',(-1,0,0));
#742=STYLED_ITEM('',(#25),#743);
#743=FACE_SURFACE('',(#748),#744,.T.);
#744=PLANE('',#745);
#745=AXIS2_PLACEMENT_3D('',#45,#746,#747);
#746=DIRECTION('',(-6.020449691151013E-06,0.23544348221363157,-0.9718880422388546));
#747=DIRECTION('',(0.6543157173468829,0.7349635509560429,0.17804359241185277));
#748=FACE_BOUND('',#749,.T.);
#749=EDGE_LOOP('',(#750,#751,#752));
#750=ORIENTED_EDGE('',*,*,#753,.T.);
#751=ORIENTED_EDGE('',*,*,#754,.T.);
#752=ORIENTED_EDGE('',*,*,#755,.T.);
#753=EDGE_CURVE('',#46,#44,#756,.F.);
#754=EDGE_CURVE('',#44,#48,#757,.T.);
#755=EDGE_CURVE('',#48,#46,#758,.T.);
#756=LINE('',#45,#759);
#757=LINE('',#43,#760);
#758=LINE('',#47,#761);
#759=VECTOR('',#762,1.0);
#760=VECTOR('',#763,1.0);
#761=VECTOR('',#764,1.0);
#762=DIRECTION('',(0.6543157173468829,0.7349635509560429,0.17804359241185277));
#763=DIRECTION('',(0,-0.9718880422564681,-0.23544348221789851));
#764=DIRECTION('',(-0.9968311970763578,0.07730838334901743,0.018734417505670644));
#765=STYLED_ITEM('',(#25),#766);
#766=FACE_SURFACE('',(#771),#767,.T.);
#767=PLANE('',#768);
#768=AXIS2_PLACEMENT_3D('',#45,#769,#770);
#769=DIRECTION('',(0,0.2355168059448185,-0.9718702763834022));
#770=DIRECTION('',(0.9968311970763578,-0.07730838334901743,-0.018734417505670644));
#771=FACE_BOUND('',#772,.T.);
#772=EDGE_LOOP('',(#773,#774,#775));
#773=ORIENTED_EDGE('',*,*,#776,.T.);
#774=ORIENTED_EDGE('',*,*,#777,.T.);
#775=ORIENTED_EDGE('',*,*,#778,.T.);
#776=EDGE_CURVE('',#46,#48,#779,.F.);
#777=EDGE_CURVE('',#48,#50,#780,.T.);
#778=EDGE_CURVE('',#50,#46,#781,.T.);
#779=LINE('',#45,#782);
#780=LINE('',#47,#783);
#781=LINE('',#49,#784);
#782=VECTOR('',#785,1.0);
#783=VECTOR('',#786,1.0);
#784=VECTOR('',#787,1.0);
#785=DIRECTION('',(0.9968311970763578,-0.07730838334901743,-0.018734417505670644));
#786=DIRECTION('',(-1,0,0));
#787=DIRECTION('',(0,0.9718702763834022,0.23551680594481847));
#788=STYLED_ITEM('',(#25),#789);
#789=FACE_SURFACE('',(#794),#790,.T.);
#790=PLANE('',#791);
#791=AXIS2_PLACEMENT_3D('',#51,#792,#793);
#792=DIRECTION('',(0,0.2355168059448185,-0.9718702763834023));
#793=DIRECTION('',(-1,0,0));
#794=FACE_BOUND('',#795,.T.);
#795=EDGE_LOOP('',(#796,#797,#798));
#796=ORIENTED_EDGE('',*,*,#799,.T.);
#797=ORIENTED_EDGE('',*,*,#800,.T.);
#798=ORIENTED_EDGE('',*,*,#801,.T.);
#799=EDGE_CURVE('',#52,#54,#802,.F.);
#800=EDGE_CURVE('',#54,#42,#803,.T.);
#801=EDGE_CURVE('',#42,#52,#804,.T.);
#802=LINE('',#51,#805);
#803=LINE('',#53,#806);
#804=LINE('',#41,#807);
#805=VECTOR('',#808,1.0);
#806=VECTOR('',#809,1.0);
#807=VECTOR('',#810,1.0);
#808=DIRECTION('',(-1,0,0));
#809=DIRECTION('',(0.9969509462846882,0.07583584600976022,0.018377572256665902));
#810=DIRECTION('',(0,-0.9718702763834022,-0.23551680594481847));
#811=STYLED_ITEM('',(#25),#812);
#812=FACE_SURFACE('',(#817),#813,.T.);
#813=PLANE('',#814);
#814=AXIS2_PLACEMENT_3D('',#41,#815,#816);
#815=DIRECTION('',(5.9050653408497134E-06,0.23544348221379358,-0.9718880422395233));
#816=DIRECTION('',(-0.9969509462846882,-0.07583584600976022,-0.018377572256665902));
#817=FACE_BOUND('',#818,.T.);
#818=EDGE_LOOP('',(#819,#820,#821));
#819=ORIENTED_EDGE('',*,*,#822,.T.);
#820=ORIENTED_EDGE('',*,*,#823,.T.);
#821=ORIENTED_EDGE('',*,*,#824,.T.);
#822=EDGE_CURVE('',#42,#54,#825,.F.);
#823=EDGE_CURVE('',#54,#56,#826,.T.);
#824=EDGE_CURVE('',#56,#42,#827,.T.);
#825=LINE('',#41,#828);
#826=LINE('',#53,#829);
#827=LINE('',#55,#830);
#828=VECTOR('',#831,1.0);
#829=VECTOR('',#832,1.0);
#830=VECTOR('',#833,1.0);
#831=DIRECTION('',(-0.9969509462846882,-0.07583584600976022,-0.018377572256665902));
#832=DIRECTION('',(0,0.9718880422564681,0.23544348221789851));
#833=DIRECTION('',(0.6615361696023562,-0.7288326490655058,-0.17655839250514185));
#834=STYLED_ITEM('',(#25),#835);
#835=FACE_SURFACE('',(#840),#836,.T.);
#836=PLANE('',#837);
#837=AXIS2_PLACEMENT_3D('',#41,#838,#839);
#838=DIRECTION('',(0,0.2354384194993747,-0.9718892687048439));
#839=DIRECTION('',(-0.6615361696023562,0.7288326490655058,0.17655839250514185));
#840=FACE_BOUND('',#841,.T.);
#841=EDGE_LOOP('',(#842,#843,#844));
#842=ORIENTED_EDGE('',*,*,#845,.T.);
#843=ORIENTED_EDGE('',*,*,#846,.T.);
#844=ORIENTED_EDGE('',*,*,#847,.T.);
#845=EDGE_CURVE('',#42,#56,#848,.F.);
#846=EDGE_CURVE('',#56,#44,#849,.T.);
#847=EDGE_CURVE('',#44,#42,#850,.T.);
#848=LINE('',#41,#851);
#849=LINE('',#55,#852);
#850=LINE('',#43,#853);
#851=VECTOR('',#854,1.0);
#852=VECTOR('',#855,1.0);
#853=VECTOR('',#856,1.0);
#854=DIRECTION('',(-0.6615361696023562,0.7288326490655058,0.17655839250514185));
#855=DIRECTION('',(1,0,0));
#856=DIRECTION('',(-0.9524687545035185,-0.296072745112202,-0.07172308760950787));
#857=STYLED_ITEM('',(#25),#858);
#858=FACE_SURFACE('',(#863),#859,.T.);
#859=PLANE('',#860);
#860=AXIS2_PLACEMENT_3D('',#49,#861,#862);
#861=DIRECTION('',(-1,0,0));
#862=DIRECTION('',(0,-0.23543479813412627,0.9718901459668903));
#863=FACE_BOUND('',#864,.T.);
#864=EDGE_LOOP('',(#865,#866,#867));
#865=ORIENTED_EDGE('',*,*,#868,.T.);
#866=ORIENTED_EDGE('',*,*,#869,.T.);
#867=ORIENTED_EDGE('',*,*,#870,.T.);
#868=EDGE_CURVE('',#50,#58,#871,.F.);
#869=EDGE_CURVE('',#58,#46,#872,.T.);
#870=EDGE_CURVE('',#46,#50,#873,.T.);
#871=LINE('',#49,#874);
#872=LINE('',#57,#875);
#873=LINE('',#45,#876);
#874=VECTOR('',#877,1.0);
#875=VECTOR('',#878,1.0);
#876=VECTOR('',#879,1.0);
#877=DIRECTION('',(0,-0.23543479813412627,0.9718901459668903));
#878=DIRECTION('',(0,0.44210395471859126,-0.8969638193495777));
#879=DIRECTION('',(0,-0.9718702763834022,-0.23551680594481847));
#880=STYLED_ITEM('',(#25),#881);
#881=FACE_SURFACE('',(#886),#882,.T.);
#882=PLANE('',#883);
#883=AXIS2_PLACEMENT_3D('',#45,#884,#885);
#884=DIRECTION('',(-1,0,0));
#885=DIRECTION('',(0,-0.44210395471859126,0.8969638193495777));
#886=FACE_BOUND('',#887,.T.);
#887=EDGE_LOOP('',(#888,#889,#890));
#888=ORIENTED_EDGE('',*,*,#891,.T.);
#889=ORIENTED_EDGE('',*,*,#892,.T.);
#890=ORIENTED_EDGE('',*,*,#893,.T.);
#891=EDGE_CURVE('',#46,#58,#894,.F.);
#892=EDGE_CURVE('',#58,#60,#895,.T.);
#893=EDGE_CURVE('',#60,#46,#896,.T.);
#894=LINE('',#45,#897);
#895=LINE('',#57,#898);
#896=LINE('',#59,#899);
#897=VECTOR('',#900,1.0);
#898=VECTOR('',#901,1.0);
#899=VECTOR('',#902,1.0);
#900=DIRECTION('',(0,-0.44210395471859126,0.8969638193495777));
#901=DIRECTION('',(0,0.6507090060942926,0.7593271952115096));
#902=DIRECTION('',(0,-0.31870202545384063,-0.9478549567162793));
#903=STYLED_ITEM('',(#25),#904);
#904=FACE_SURFACE('',(#909),#905,.T.);
#905=PLANE('',#906);
#906=AXIS2_PLACEMENT_3D('',#59,#907,#908);
#907=DIRECTION('',(-1,-0,0));
#908=DIRECTION('',(0,-0.6507090060942926,-0.7593271952115096));
#909=FACE_BOUND('',#910,.T.);
#910=EDGE_LOOP('',(#911,#912,#913));
#911=ORIENTED_EDGE('',*,*,#914,.T.);
#912=ORIENTED_EDGE('',*,*,#915,.T.);
#913=ORIENTED_EDGE('',*,*,#916,.T.);
#914=EDGE_CURVE('',#60,#58,#917,.F.);
#915=EDGE_CURVE('',#58,#62,#918,.T.);
#916=EDGE_CURVE('',#62,#60,#919,.T.);
#917=LINE('',#59,#920);
#918=LINE('',#57,#921);
#919=LINE('',#61,#922);
#920=VECTOR('',#923,1.0);
#921=VECTOR('',#924,1.0);
#922=VECTOR('',#925,1.0);
#923=DIRECTION('',(0,-0.6507090060942926,-0.7593271952115096));
#924=DIRECTION('',(0,-0.6796517543323172,0.7335349295248343));
#925=DIRECTION('',(0,0.9478554612479254,-0.3187005249171746));
#926=STYLED_ITEM('',(#25),#927);
#927=FACE_SURFACE('',(#932),#928,.T.);
#928=PLANE('',#929);
#929=AXIS2_PLACEMENT_3D('',#61,#930,#931);
#930=DIRECTION('',(-1,0,-0));
#931=DIRECTION('',(0,0.6796517543323172,-0.7335349295248343));
#932=FACE_BOUND('',#933,.T.);
#933=EDGE_LOOP('',(#934,#935,#936));
#934=ORIENTED_EDGE('',*,*,#937,.T.);
#935=ORIENTED_EDGE('',*,*,#938,.T.);
#936=ORIENTED_EDGE('',*,*,#939,.T.);
#937=EDGE_CURVE('',#62,#58,#940,.F.);
#938=EDGE_CURVE('',#58,#64,#941,.T.);
#939=EDGE_CURVE('',#64,#62,#942,.T.);
#940=LINE('',#61,#943);
#941=LINE('',#57,#944);
#942=LINE('',#63,#945);
#943=VECTOR('',#946,1.0);
#944=VECTOR('',#947,1.0);
#945=VECTOR('',#948,1.0);
#946=DIRECTION('',(0,0.6796517543323172,-0.7335349295248343));
#947=DIRECTION('',(0,-0.9733082812292205,0.22950161152074883));
#948=DIRECTION('',(0,0.3187044435202393,0.9478541436742547));
#949=STYLED_ITEM('',(#25),#950);
#950=FACE_SURFACE('',(#955),#951,.T.);
#951=PLANE('',#952);
#952=AXIS2_PLACEMENT_3D('',#57,#953,#954);
#953=DIRECTION('',(0,-0.9718901459668903,-0.23543479813412627));
#954=DIRECTION('',(0,0.23543479813412627,-0.9718901459668903));
#955=FACE_BOUND('',#956,.T.);
#956=EDGE_LOOP('',(#957,#958,#959));
#957=ORIENTED_EDGE('',*,*,#960,.T.);
#958=ORIENTED_EDGE('',*,*,#961,.T.);
#959=ORIENTED_EDGE('',*,*,#962,.T.);
#960=EDGE_CURVE('',#58,#50,#963,.F.);
#961=EDGE_CURVE('',#50,#66,#964,.T.);
#962=EDGE_CURVE('',#66,#58,#965,.T.);
#963=LINE('',#57,#966);
#964=LINE('',#49,#967);
#965=LINE('',#65,#968);
#966=VECTOR('',#969,1.0);
#967=VECTOR('',#970,1.0);
#968=VECTOR('',#971,1.0);
#969=DIRECTION('',(0,0.23543479813412627,-0.9718901459668903));
#970=DIRECTION('',(0.9419650483013337,-0.07903804178852782,0.3262741726353788));
#971=DIRECTION('',(-1,0,0));
#972=STYLED_ITEM('',(#25),#973);
#973=FACE_SURFACE('',(#978),#974,.T.);
#974=PLANE('',#975);
#975=AXIS2_PLACEMENT_3D('',#65,#976,#977);
#976=DIRECTION('',(0,-0.9718901459668903,-0.23543479813412627));
#977=DIRECTION('',(-0.9419650483013337,0.07903804178852782,-0.3262741726353788));
#978=FACE_BOUND('',#979,.T.);
#979=EDGE_LOOP('',(#980,#981,#982));
#980=ORIENTED_EDGE('',*,*,#983,.T.);
#981=ORIENTED_EDGE('',*,*,#984,.T.);
#982=ORIENTED_EDGE('',*,*,#985,.T.);
#983=EDGE_CURVE('',#66,#50,#986,.F.);
#984=EDGE_CURVE('',#50,#48,#987,.T.);
#985=EDGE_CURVE('',#48,#66,#988,.T.);
#986=LINE('',#65,#989);
#987=LINE('',#49,#990);
#988=LINE('',#47,#991);
#989=VECTOR('',#992,1.0);
#990=VECTOR('',#993,1.0);
#991=VECTOR('',#994,1.0);
#992=DIRECTION('',(-0.9419650483013337,0.07903804178852782,-0.3262741726353788));
#993=DIRECTION('',(1,0,0));
#994=DIRECTION('',(0,-0.23543479813412627,0.9718901459668903));
#995=STYLED_ITEM('',(#25),#996);
#996=FACE_SURFACE('',(#1001),#997,.T.);
#997=PLANE('',#998);
#998=AXIS2_PLACEMENT_3D('',#63,#999,#1000);
#999=DIRECTION('',(0,0.9478541436742546,-0.31870444352023924));
#1000=DIRECTION('',(-1,0,0));
#1001=FACE_BOUND('',#1002,.T.);
#1002=EDGE_LOOP('',(#1003,#1004,#1005));
#1003=ORIENTED_EDGE('',*,*,#1006,.T.);
#1004=ORIENTED_EDGE('',*,*,#1007,.T.);
#1005=ORIENTED_EDGE('',*,*,#1008,.T.);
#1006=EDGE_CURVE('',#64,#68,#1009,.F.);
#1007=EDGE_CURVE('',#68,#62,#1010,.T.);
#1008=EDGE_CURVE('',#62,#64,#1011,.T.);
#1009=LINE('',#63,#1012);
#1010=LINE('',#67,#1013);
#1011=LINE('',#61,#1014);
#1012=VECTOR('',#1015,1.0);
#1013=VECTOR('',#1016,1.0);
#1014=VECTOR('',#1017,1.0);
#1015=DIRECTION('',(-1,0,0));
#1016=DIRECTION('',(0.9616368056684377,0.08742885691474825,0.2600208625521878));
#1017=DIRECTION('',(0,-0.3187044435202393,-0.9478541436742547));
#1018=STYLED_ITEM('',(#25),#1019);
#1019=FACE_SURFACE('',(#1024),#1020,.T.);
#1020=PLANE('',#1021);
#1021=AXIS2_PLACEMENT_3D('',#61,#1022,#1023);
#1022=DIRECTION('',(0,0.9478541436742546,-0.31870444352023924));
#1023=DIRECTION('',(-0.9616368056684377,-0.08742885691474825,-0.2600208625521878));
#1024=FACE_BOUND('',#1025,.T.);
#1025=EDGE_LOOP('',(#1026,#1027,#1028));
#1026=ORIENTED_EDGE('',*,*,#1029,.T.);
#1027=ORIENTED_EDGE('',*,*,#1030,.T.);
#1028=ORIENTED_EDGE('',*,*,#1031,.T.);
#1029=EDGE_CURVE('',#62,#68,#1032,.F.);
#1030=EDGE_CURVE('',#68,#70,#1033,.T.);
#1031=EDGE_CURVE('',#70,#62,#1034,.T.);
#1032=LINE('',#61,#1035);
#1033=LINE('',#67,#1036);
#1034=LINE('',#69,#1037);
#1035=VECTOR('',#1038,1.0);
#1036=VECTOR('',#1039,1.0);
#1037=VECTOR('',#1040,1.0);
#1038=DIRECTION('',(-0.9616368056684377,-0.08742885691474825,-0.2600208625521878));
#1039=DIRECTION('',(0,0.3187044435202393,0.9478541436742547));
#1040=DIRECTION('',(1,0,0));
#1041=STYLED_ITEM('',(#25),#1042);
#1042=FACE_SURFACE('',(#1047),#1043,.T.);
#1043=PLANE('',#1044);
#1044=AXIS2_PLACEMENT_3D('',#41,#1045,#1046);
#1045=DIRECTION('',(0,-0.9478549567162793,0.3187020254538407));
#1046=DIRECTION('',(1,0,0));
#1047=FACE_BOUND('',#1048,.T.);
#1048=EDGE_LOOP('',(#1049,#1050,#1051));
#1049=ORIENTED_EDGE('',*,*,#1052,.T.);
#1050=ORIENTED_EDGE('',*,*,#1053,.T.);
#1051=ORIENTED_EDGE('',*,*,#1054,.T.);
#1052=EDGE_CURVE('',#42,#46,#1055,.F.);
#1053=EDGE_CURVE('',#46,#72,#1056,.T.);
#1054=EDGE_CURVE('',#72,#42,#1057,.T.);
#1055=LINE('',#41,#1058);
#1056=LINE('',#45,#1059);
#1057=LINE('',#71,#1060);
#1058=VECTOR('',#1061,1.0);
#1059=VECTOR('',#1062,1.0);
#1060=VECTOR('',#1063,1.0);
#1061=DIRECTION('',(1,0,0));
#1062=DIRECTION('',(-0.9459646185367495,0.10334546037570955,0.30736079173563235));
#1063=DIRECTION('',(0,-0.31870202545384063,-0.9478549567162793));
#1064=STYLED_ITEM('',(#25),#1065);
#1065=FACE_SURFACE('',(#1070),#1066,.T.);
#1066=PLANE('',#1067);
#1067=AXIS2_PLACEMENT_3D('',#71,#1068,#1069);
#1068=DIRECTION('',(0,-0.9478549567162793,0.3187020254538407));
#1069=DIRECTION('',(0.9459646185367495,-0.10334546037570955,-0.30736079173563235));
#1070=FACE_BOUND('',#1071,.T.);
#1071=EDGE_LOOP('',(#1072,#1073,#1074));
#1072=ORIENTED_EDGE('',*,*,#1075,.T.);
#1073=ORIENTED_EDGE('',*,*,#1076,.T.);
#1074=ORIENTED_EDGE('',*,*,#1077,.T.);
#1075=EDGE_CURVE('',#72,#46,#1078,.F.);
#1076=EDGE_CURVE('',#46,#60,#1079,.T.);
#1077=EDGE_CURVE('',#60,#72,#1080,.T.);
#1078=LINE('',#71,#1081);
#1079=LINE('',#45,#1082);
#1080=LINE('',#59,#1083);
#1081=VECTOR('',#1084,1.0);
#1082=VECTOR('',#1085,1.0);
#1083=VECTOR('',#1086,1.0);
#1084=DIRECTION('',(0.9459646185367495,-0.10334546037570955,-0.30736079173563235));
#1085=DIRECTION('',(0,0.31870202545384063,0.9478549567162793));
#1086=DIRECTION('',(-1,0,0));
#1087=STYLED_ITEM('',(#25),#1088);
#1088=FACE_SURFACE('',(#1093),#1089,.T.);
#1089=PLANE('',#1090);
#1090=AXIS2_PLACEMENT_3D('',#51,#1091,#1092);
#1091=DIRECTION('',(1,0,-0));
#1092=DIRECTION('',(0,0.9718702763834022,0.23551680594481847));
#1093=FACE_BOUND('',#1094,.T.);
#1094=EDGE_LOOP('',(#1095,#1096,#1097));
#1095=ORIENTED_EDGE('',*,*,#1098,.T.);
#1096=ORIENTED_EDGE('',*,*,#1099,.T.);
#1097=ORIENTED_EDGE('',*,*,#1100,.T.);
#1098=EDGE_CURVE('',#52,#42,#1101,.F.);
#1099=EDGE_CURVE('',#42,#74,#1102,.T.);
#1100=EDGE_CURVE('',#74,#52,#1103,.T.);
#1101=LINE('',#51,#1104);
#1102=LINE('',#41,#1105);
#1103=LINE('',#73,#1106);
#1104=VECTOR('',#1107,1.0);
#1105=VECTOR('',#1108,1.0);
#1106=VECTOR('',#1109,1.0);
#1107=DIRECTION('',(0,0.9718702763834022,0.23551680594481847));
#1108=DIRECTION('',(0,-0.44210395471859126,0.8969638193495777));
#1109=DIRECTION('',(0,0.23543479813412627,-0.9718901459668903));
#1110=STYLED_ITEM('',(#25),#1111);
#1111=FACE_SURFACE('',(#1116),#1112,.T.);
#1112=PLANE('',#1113);
#1113=AXIS2_PLACEMENT_3D('',#73,#1114,#1115);
#1114=DIRECTION('',(1,-0,0));
#1115=DIRECTION('',(0,0.44210395471859126,-0.8969638193495777));
#1116=FACE_BOUND('',#1117,.T.);
#1117=EDGE_LOOP('',(#1118,#1119,#1120));
#1118=ORIENTED_EDGE('',*,*,#1121,.T.);
#1119=ORIENTED_EDGE('',*,*,#1122,.T.);
#1120=ORIENTED_EDGE('',*,*,#1123,.T.);
#1121=EDGE_CURVE('',#74,#42,#1124,.F.);
#1122=EDGE_CURVE('',#42,#72,#1125,.T.);
#1123=EDGE_CURVE('',#72,#74,#1126,.T.);
#1124=LINE('',#73,#1127);
#1125=LINE('',#41,#1128);
#1126=LINE('',#71,#1129);
#1127=VECTOR('',#1130,1.0);
#1128=VECTOR('',#1131,1.0);
#1129=VECTOR('',#1132,1.0);
#1130=DIRECTION('',(0,0.44210395471859126,-0.8969638193495777));
#1131=DIRECTION('',(0,0.31870202545384063,0.9478549567162793));
#1132=DIRECTION('',(0,-0.6507090060942926,-0.7593271952115096));
#1133=STYLED_ITEM('',(#25),#1134);
#1134=FACE_SURFACE('',(#1139),#1135,.T.);
#1135=PLANE('',#1136);
#1136=AXIS2_PLACEMENT_3D('',#73,#1137,#1138);
#1137=DIRECTION('',(1,0,-0));
#1138=DIRECTION('',(0,0.6507090060942926,0.7593271952115096));
#1139=FACE_BOUND('',#1140,.T.);
#1140=EDGE_LOOP('',(#1141,#1142,#1143));
#1141=ORIENTED_EDGE('',*,*,#1144,.T.);
#1142=ORIENTED_EDGE('',*,*,#1145,.T.);
#1143=ORIENTED_EDGE('',*,*,#1146,.T.);
#1144=EDGE_CURVE('',#74,#72,#1147,.F.);
#1145=EDGE_CURVE('',#72,#70,#1148,.T.);
#1146=EDGE_CURVE('',#70,#74,#1149,.T.);
#1147=LINE('',#73,#1150);
#1148=LINE('',#71,#1151);
#1149=LINE('',#69,#1152);
#1150=VECTOR('',#1153,1.0);
#1151=VECTOR('',#1154,1.0);
#1152=VECTOR('',#1155,1.0);
#1153=DIRECTION('',(0,0.6507090060942926,0.7593271952115096));
#1154=DIRECTION('',(0,-0.9478554612479254,0.3187005249171746));
#1155=DIRECTION('',(0,0.6796517543323172,-0.7335349295248343));
#1156=STYLED_ITEM('',(#25),#1157);
#1157=FACE_SURFACE('',(#1162),#1158,.T.);
#1158=PLANE('',#1159);
#1159=AXIS2_PLACEMENT_3D('',#69,#1160,#1161);
#1160=DIRECTION('',(1,0,0));
#1161=DIRECTION('',(0,-0.3187044435202393,-0.9478541436742547));
#1162=FACE_BOUND('',#1163,.T.);
#1163=EDGE_LOOP('',(#1164,#1165,#1166));
#1164=ORIENTED_EDGE('',*,*,#1167,.T.);
#1165=ORIENTED_EDGE('',*,*,#1168,.T.);
#1166=ORIENTED_EDGE('',*,*,#1169,.T.);
#1167=EDGE_CURVE('',#70,#68,#1170,.F.);
#1168=EDGE_CURVE('',#68,#74,#1171,.T.);
#1169=EDGE_CURVE('',#74,#70,#1172,.T.);
#1170=LINE('',#69,#1173);
#1171=LINE('',#67,#1174);
#1172=LINE('',#73,#1175);
#1173=VECTOR('',#1176,1.0);
#1174=VECTOR('',#1177,1.0);
#1175=VECTOR('',#1178,1.0);
#1176=DIRECTION('',(0,-0.3187044435202393,-0.9478541436742547));
#1177=DIRECTION('',(0,0.9733082812292205,-0.22950161152074883));
#1178=DIRECTION('',(0,-0.6796517543323172,0.7335349295248343));
#1179=STYLED_ITEM('',(#25),#1180);
#1180=FACE_SURFACE('',(#1185),#1181,.T.);
#1181=PLANE('',#1182);
#1182=AXIS2_PLACEMENT_3D('',#71,#1183,#1184);
#1183=DIRECTION('',(0,-0.31870052491717454,-0.9478554612479253));
#1184=DIRECTION('',(1,0,0));
#1185=FACE_BOUND('',#1186,.T.);
#1186=EDGE_LOOP('',(#1187,#1188,#1189));
#1187=ORIENTED_EDGE('',*,*,#1190,.T.);
#1188=ORIENTED_EDGE('',*,*,#1191,.T.);
#1189=ORIENTED_EDGE('',*,*,#1192,.T.);
#1190=EDGE_CURVE('',#72,#60,#1193,.F.);
#1191=EDGE_CURVE('',#60,#70,#1194,.T.);
#1192=EDGE_CURVE('',#70,#72,#1195,.T.);
#1193=LINE('',#71,#1196);
#1194=LINE('',#59,#1197);
#1195=LINE('',#69,#1198);
#1196=VECTOR('',#1199,1.0);
#1197=VECTOR('',#1200,1.0);
#1198=VECTOR('',#1201,1.0);
#1199=DIRECTION('',(1,0,0));
#1200=DIRECTION('',(-0.877895824256019,-0.4538821704303555,0.15261027855054457));
#1201=DIRECTION('',(0,0.9478554612479254,-0.3187005249171746));
#1202=STYLED_ITEM('',(#25),#1203);
#1203=FACE_SURFACE('',(#1208),#1204,.T.);
#1204=PLANE('',#1205);
#1205=AXIS2_PLACEMENT_3D('',#69,#1206,#1207);
#1206=DIRECTION('',(0,-0.31870052491717454,-0.9478554612479253));
#1207=DIRECTION('',(0.877895824256019,0.4538821704303555,-0.15261027855054457));
#1208=FACE_BOUND('',#1209,.T.);
#1209=EDGE_LOOP('',(#1210,#1211,#1212));
#1210=ORIENTED_EDGE('',*,*,#1213,.T.);
#1211=ORIENTED_EDGE('',*,*,#1214,.T.);
#1212=ORIENTED_EDGE('',*,*,#1215,.T.);
#1213=EDGE_CURVE('',#70,#60,#1216,.F.);
#1214=EDGE_CURVE('',#60,#62,#1217,.T.);
#1215=EDGE_CURVE('',#62,#70,#1218,.T.);
#1216=LINE('',#69,#1219);
#1217=LINE('',#59,#1220);
#1218=LINE('',#61,#1221);
#1219=VECTOR('',#1222,1.0);
#1220=VECTOR('',#1223,1.0);
#1221=VECTOR('',#1224,1.0);
#1222=DIRECTION('',(0.877895824256019,0.4538821704303555,-0.15261027855054457));
#1223=DIRECTION('',(0,-0.9478554612479254,0.3187005249171746));
#1224=DIRECTION('',(-1,0,0));
#1225=STYLED_ITEM('',(#25),#1226);
#1226=FACE_SURFACE('',(#1231),#1227,.T.);
#1227=PLANE('',#1228);
#1228=AXIS2_PLACEMENT_3D('',#73,#1229,#1230);
#1229=DIRECTION('',(-0,-0.22950161152074883,-0.9733082812292205));
#1230=DIRECTION('',(0,-0.9733082812292205,0.22950161152074883));
#1231=FACE_BOUND('',#1232,.T.);
#1232=EDGE_LOOP('',(#1233,#1234,#1235));
#1233=ORIENTED_EDGE('',*,*,#1236,.T.);
#1234=ORIENTED_EDGE('',*,*,#1237,.T.);
#1235=ORIENTED_EDGE('',*,*,#1238,.T.);
#1236=EDGE_CURVE('',#74,#68,#1239,.F.);
#1237=EDGE_CURVE('',#68,#76,#1240,.T.);
#1238=EDGE_CURVE('',#76,#74,#1241,.T.);
#1239=LINE('',#73,#1242);
#1240=LINE('',#67,#1243);
#1241=LINE('',#75,#1244);
#1242=VECTOR('',#1245,1.0);
#1243=VECTOR('',#1246,1.0);
#1244=VECTOR('',#1247,1.0);
#1245=DIRECTION('',(0,-0.9733082812292205,0.22950161152074883));
#1246=DIRECTION('',(-0.6559586088623028,0.7346500368007632,-0.17322709628712735));
#1247=DIRECTION('',(1,0,0));
#1248=STYLED_ITEM('',(#25),#1249);
#1249=FACE_SURFACE('',(#1254),#1250,.T.);
#1250=PLANE('',#1251);
#1251=AXIS2_PLACEMENT_3D('',#75,#1252,#1253);
#1252=DIRECTION('',(3.306192663019165E-06,-0.22949881495349386,-0.9733089406370472));
#1253=DIRECTION('',(0.6559586088623028,-0.7346500368007632,0.17322709628712735));
#1254=FACE_BOUND('',#1255,.T.);
#1255=EDGE_LOOP('',(#1256,#1257,#1258));
#1256=ORIENTED_EDGE('',*,*,#1259,.T.);
#1257=ORIENTED_EDGE('',*,*,#1260,.T.);
#1258=ORIENTED_EDGE('',*,*,#1261,.T.);
#1259=EDGE_CURVE('',#76,#68,#1262,.F.);
#1260=EDGE_CURVE('',#68,#78,#1263,.T.);
#1261=EDGE_CURVE('',#78,#76,#1264,.T.);
#1262=LINE('',#75,#1265);
#1263=LINE('',#67,#1266);
#1264=LINE('',#77,#1267);
#1265=VECTOR('',#1268,1.0);
#1266=VECTOR('',#1269,1.0);
#1267=VECTOR('',#1270,1.0);
#1268=DIRECTION('',(0.6559586088623028,-0.7346500368007632,0.17322709628712735));
#1269=DIRECTION('',(-0.978195544288317,-0.2021433887927623,0.04766054449816189));
#1270=DIRECTION('',(0,0.9733089406423667,-0.22949881495474816));
#1271=STYLED_ITEM('',(#25),#1272);
#1272=FACE_SURFACE('',(#1277),#1273,.T.);
#1273=PLANE('',#1274);
#1274=AXIS2_PLACEMENT_3D('',#77,#1275,#1276);
#1275=DIRECTION('',(0,-0.2294836584830333,-0.9733125142980761));
#1276=DIRECTION('',(0.978195544288317,0.2021433887927623,-0.04766054449816189));
#1277=FACE_BOUND('',#1278,.T.);
#1278=EDGE_LOOP('',(#1279,#1280,#1281));
#1279=ORIENTED_EDGE('',*,*,#1282,.T.);
#1280=ORIENTED_EDGE('',*,*,#1283,.T.);
#1281=ORIENTED_EDGE('',*,*,#1284,.T.);
#1282=EDGE_CURVE('',#78,#68,#1285,.F.);
#1283=EDGE_CURVE('',#68,#80,#1286,.T.);
#1284=EDGE_CURVE('',#80,#78,#1287,.T.);
#1285=LINE('',#77,#1288);
#1286=LINE('',#67,#1289);
#1287=LINE('',#79,#1290);
#1288=VECTOR('',#1291,1.0);
#1289=VECTOR('',#1292,1.0);
#1290=VECTOR('',#1293,1.0);
#1291=DIRECTION('',(0.978195544288317,0.2021433887927623,-0.04766054449816189));
#1292=DIRECTION('',(0.9982105765456336,-0.058200872692575005,0.013722364601496404));
#1293=DIRECTION('',(-1,0,0));
#1294=STYLED_ITEM('',(#25),#1295);
#1295=FACE_SURFACE('',(#1300),#1296,.T.);
#1296=PLANE('',#1297);
#1297=AXIS2_PLACEMENT_3D('',#79,#1298,#1299);
#1298=DIRECTION('',(0,-0.22948365848303331,-0.9733125142980762));
#1299=DIRECTION('',(-0.9982105765456336,0.058200872692575005,-0.013722364601496404));
#1300=FACE_BOUND('',#1301,.T.);
#1301=EDGE_LOOP('',(#1302,#1303,#1304));
#1302=ORIENTED_EDGE('',*,*,#1305,.T.);
#1303=ORIENTED_EDGE('',*,*,#1306,.T.);
#1304=ORIENTED_EDGE('',*,*,#1307,.T.);
#1305=EDGE_CURVE('',#80,#68,#1308,.F.);
#1306=EDGE_CURVE('',#68,#64,#1309,.T.);
#1307=EDGE_CURVE('',#64,#80,#1310,.T.);
#1308=LINE('',#79,#1311);
#1309=LINE('',#67,#1312);
#1310=LINE('',#63,#1313);
#1311=VECTOR('',#1314,1.0);
#1312=VECTOR('',#1315,1.0);
#1313=VECTOR('',#1316,1.0);
#1314=DIRECTION('',(-0.9982105765456336,0.058200872692575005,-0.013722364601496404));
#1315=DIRECTION('',(1,0,0));
#1316=DIRECTION('',(0.9773641044886766,-0.20591807546793808,0.048550524741014504));
#1317=STYLED_ITEM('',(#25),#1318);
#1318=FACE_SURFACE('',(#1323),#1319,.T.);
#1319=PLANE('',#1320);
#1320=AXIS2_PLACEMENT_3D('',#79,#1321,#1322);
#1321=DIRECTION('',(-3.3707953169074793E-06,-0.22949881495344437,-0.9733089406368374));
#1322=DIRECTION('',(-0.9773641044886766,0.20591807546793808,-0.048550524741014504));
#1323=FACE_BOUND('',#1324,.T.);
#1324=EDGE_LOOP('',(#1325,#1326,#1327));
#1325=ORIENTED_EDGE('',*,*,#1328,.T.);
#1326=ORIENTED_EDGE('',*,*,#1329,.T.);
#1327=ORIENTED_EDGE('',*,*,#1330,.T.);
#1328=EDGE_CURVE('',#80,#64,#1331,.F.);
#1329=EDGE_CURVE('',#64,#66,#1332,.T.);
#1330=EDGE_CURVE('',#66,#80,#1333,.T.);
#1331=LINE('',#79,#1334);
#1332=LINE('',#63,#1335);
#1333=LINE('',#65,#1336);
#1334=VECTOR('',#1337,1.0);
#1335=VECTOR('',#1338,1.0);
#1336=VECTOR('',#1339,1.0);
#1337=DIRECTION('',(-0.9773641044886766,0.20591807546793808,-0.048550524741014504));
#1338=DIRECTION('',(0.6487070263810455,0.7407248156850665,-0.1746595011792537));
#1339=DIRECTION('',(0,-0.9733089406423667,0.22949881495474816));
#1340=STYLED_ITEM('',(#25),#1341);
#1341=FACE_SURFACE('',(#1346),#1342,.T.);
#1342=PLANE('',#1343);
#1343=AXIS2_PLACEMENT_3D('',#65,#1344,#1345);
#1344=DIRECTION('',(-0,-0.2295016115207488,-0.9733082812292204));
#1345=DIRECTION('',(-0.6487070263810455,-0.7407248156850665,0.1746595011792537));
#1346=FACE_BOUND('',#1347,.T.);
#1347=EDGE_LOOP('',(#1348,#1349,#1350));
#1348=ORIENTED_EDGE('',*,*,#1351,.T.);
#1349=ORIENTED_EDGE('',*,*,#1352,.T.);
#1350=ORIENTED_EDGE('',*,*,#1353,.T.);
#1351=EDGE_CURVE('',#66,#64,#1354,.F.);
#1352=EDGE_CURVE('',#64,#58,#1355,.T.);
#1353=EDGE_CURVE('',#58,#66,#1356,.T.);
#1354=LINE('',#65,#1357);
#1355=LINE('',#63,#1358);
#1356=LINE('',#57,#1359);
#1357=VECTOR('',#1360,1.0);
#1358=VECTOR('',#1361,1.0);
#1359=VECTOR('',#1362,1.0);
#1360=DIRECTION('',(-0.6487070263810455,-0.7407248156850665,0.1746595011792537));
#1361=DIRECTION('',(0,0.9733082812292205,-0.22950161152074883));
#1362=DIRECTION('',(1,0,0));
#1363=STYLED_ITEM('',(#25),#1364);
#1364=FACE_SURFACE('',(#1369),#1365,.T.);
#1365=PLANE('',#1366);
#1366=AXIS2_PLACEMENT_3D('',#81,#1367,#1368);
#1367=DIRECTION('',(1,0,0));
#1368=DIRECTION('',(0,0.811910558543306,0.5837818470335446));
#1369=FACE_BOUND('',#1370,.T.);
#1370=EDGE_LOOP('',(#1371,#1372,#1373));
#1371=ORIENTED_EDGE('',*,*,#1374,.T.);
#1372=ORIENTED_EDGE('',*,*,#1375,.T.);
#1373=ORIENTED_EDGE('',*,*,#1376,.T.);
#1374=EDGE_CURVE('',#82,#84,#1377,.F.);
#1375=EDGE_CURVE('',#84,#86,#1378,.T.);
#1376=EDGE_CURVE('',#86,#82,#1379,.T.);
#1377=LINE('',#81,#1380);
#1378=LINE('',#83,#1381);
#1379=LINE('',#85,#1382);
#1380=VECTOR('',#1383,1.0);
#1381=VECTOR('',#1384,1.0);
#1382=VECTOR('',#1385,1.0);
#1383=DIRECTION('',(0,0.811910558543306,0.5837818470335446));
#1384=DIRECTION('',(0,-0.0565446468821141,0.9984000715689965));
#1385=DIRECTION('',(0,0,-1));
#1386=STYLED_ITEM('',(#25),#1387);
#1387=FACE_SURFACE('',(#1392),#1388,.T.);
#1388=PLANE('',#1389);
#1389=AXIS2_PLACEMENT_3D('',#85,#1390,#1391);
#1390=DIRECTION('',(1,0,0));
#1391=DIRECTION('',(0,0.0565446468821141,-0.9984000715689965));
#1392=FACE_BOUND('',#1393,.T.);
#1393=EDGE_LOOP('',(#1394,#1395,#1396));
#1394=ORIENTED_EDGE('',*,*,#1397,.T.);
#1395=ORIENTED_EDGE('',*,*,#1398,.T.);
#1396=ORIENTED_EDGE('',*,*,#1399,.T.);
#1397=EDGE_CURVE('',#86,#84,#1400,.F.);
#1398=EDGE_CURVE('',#84,#88,#1401,.T.);
#1399=EDGE_CURVE('',#88,#86,#1402,.T.);
#1400=LINE('',#85,#1403);
#1401=LINE('',#83,#1404);
#1402=LINE('',#87,#1405);
#1403=VECTOR('',#1406,1.0);
#1404=VECTOR('',#1407,1.0);
#1405=VECTOR('',#1408,1.0);
#1406=DIRECTION('',(0,0.0565446468821141,-0.9984000715689965));
#1407=DIRECTION('',(0,0.8347140505451583,0.5506836240732922));
#1408=DIRECTION('',(0,-0.1186079259090383,0.9929411663898098));
#1409=STYLED_ITEM('',(#25),#1410);
#1410=FACE_SURFACE('',(#1415),#1411,.T.);
#1411=PLANE('',#1412);
#1412=AXIS2_PLACEMENT_3D('',#85,#1413,#1414);
#1413=DIRECTION('',(1,0,0));
#1414=DIRECTION('',(0,0.1186079259090383,-0.9929411663898098));
#1415=FACE_BOUND('',#1416,.T.);
#1416=EDGE_LOOP('',(#1417,#1418,#1419));
#1417=ORIENTED_EDGE('',*,*,#1420,.T.);
#1418=ORIENTED_EDGE('',*,*,#1421,.T.);
#1419=ORIENTED_EDGE('',*,*,#1422,.T.);
#1420=EDGE_CURVE('',#86,#88,#1423,.F.);
#1421=EDGE_CURVE('',#88,#90,#1424,.T.);
#1422=EDGE_CURVE('',#90,#86,#1425,.T.);
#1423=LINE('',#85,#1426);
#1424=LINE('',#87,#1427);
#1425=LINE('',#89,#1428);
#1426=VECTOR('',#1429,1.0);
#1427=VECTOR('',#1430,1.0);
#1428=VECTOR('',#1431,1.0);
#1429=DIRECTION('',(0,0.1186079259090383,-0.9929411663898098));
#1430=DIRECTION('',(0,0.8562063261592155,0.5166340358947897));
#1431=DIRECTION('',(0,-0.18536137212637913,0.9826704237553026));
#1432=STYLED_ITEM('',(#25),#1433);
#1433=FACE_SURFACE('',(#1438),#1434,.T.);
#1434=PLANE('',#1435);
#1435=AXIS2_PLACEMENT_3D('',#89,#1436,#1437);
#1436=DIRECTION('',(1,0,-0));
#1437=DIRECTION('',(0,0.8762519540041025,0.4818532070081014));
#1438=FACE_BOUND('',#1439,.T.);
#1439=EDGE_LOOP('',(#1440,#1441,#1442));
#1440=ORIENTED_EDGE('',*,*,#1443,.T.);
#1441=ORIENTED_EDGE('',*,*,#1444,.T.);
#1442=ORIENTED_EDGE('',*,*,#1445,.T.);
#1443=EDGE_CURVE('',#90,#92,#1446,.F.);
#1444=EDGE_CURVE('',#92,#86,#1447,.T.);
#1445=EDGE_CURVE('',#86,#90,#1448,.T.);
#1446=LINE('',#89,#1449);
#1447=LINE('',#91,#1450);
#1448=LINE('',#85,#1451);
#1449=VECTOR('',#1452,1.0);
#1450=VECTOR('',#1453,1.0);
#1451=VECTOR('',#1454,1.0);
#1452=DIRECTION('',(0,0.8762519540041025,0.4818532070081014));
#1453=DIRECTION('',(0,-0.25549874543108037,0.9668093871509232));
#1454=DIRECTION('',(0,0.18536137212637913,-0.9826704237553026));
#1455=STYLED_ITEM('',(#25),#1456);
#1456=FACE_SURFACE('',(#1461),#1457,.T.);
#1457=PLANE('',#1458);
#1458=AXIS2_PLACEMENT_3D('',#85,#1459,#1460);
#1459=DIRECTION('',(1,0,0));
#1460=DIRECTION('',(0,0.25549874543108037,-0.9668093871509232));
#1461=FACE_BOUND('',#1462,.T.);
#1462=EDGE_LOOP('',(#1463,#1464,#1465));
#1463=ORIENTED_EDGE('',*,*,#1466,.T.);
#1464=ORIENTED_EDGE('',*,*,#1467,.T.);
#1465=ORIENTED_EDGE('',*,*,#1468,.T.);
#1466=EDGE_CURVE('',#86,#92,#1469,.F.);
#1467=EDGE_CURVE('',#92,#94,#1470,.T.);
#1468=EDGE_CURVE('',#94,#86,#1471,.T.);
#1469=LINE('',#85,#1472);
#1470=LINE('',#91,#1473);
#1471=LINE('',#93,#1474);
#1472=VECTOR('',#1475,1.0);
#1473=VECTOR('',#1476,1.0);
#1474=VECTOR('',#1477,1.0);
#1475=DIRECTION('',(0,0.25549874543108037,-0.9668093871509232));
#1476=DIRECTION('',(0,0.8949312570904883,0.446204039742401));
#1477=DIRECTION('',(0,-0.3272725130769027,0.9449299985630303));
#1478=STYLED_ITEM('',(#25),#1479);
#1479=FACE_SURFACE('',(#1484),#1480,.T.);
#1480=PLANE('',#1481);
#1481=AXIS2_PLACEMENT_3D('',#85,#1482,#1483);
#1482=DIRECTION('',(1,0,0));
#1483=DIRECTION('',(0,0.3272725130769027,-0.9449299985630303));
#1484=FACE_BOUND('',#1485,.T.);
#1485=EDGE_LOOP('',(#1486,#1487,#1488));
#1486=ORIENTED_EDGE('',*,*,#1489,.T.);
#1487=ORIENTED_EDGE('',*,*,#1490,.T.);
#1488=ORIENTED_EDGE('',*,*,#1491,.T.);
#1489=EDGE_CURVE('',#86,#94,#1492,.F.);
#1490=EDGE_CURVE('',#94,#96,#1493,.T.);
#1491=EDGE_CURVE('',#96,#86,#1494,.T.);
#1492=LINE('',#85,#1495);
#1493=LINE('',#93,#1496);
#1494=LINE('',#95,#1497);
#1495=VECTOR('',#1498,1.0);
#1496=VECTOR('',#1499,1.0);
#1497=VECTOR('',#1500,1.0);
#1498=DIRECTION('',(0,0.3272725130769027,-0.9449299985630303));
#1499=DIRECTION('',(0,0.9121549233512004,0.409845575560071));
#1500=DIRECTION('',(0,-0.39866313411560084,0.9170974351164255));
#1501=STYLED_ITEM('',(#25),#1502);
#1502=FACE_SURFACE('',(#1507),#1503,.T.);
#1503=PLANE('',#1504);
#1504=AXIS2_PLACEMENT_3D('',#95,#1505,#1506);
#1505=DIRECTION('',(1,0,-0));
#1506=DIRECTION('',(0,0.9279025231679213,0.37282289025568865));
#1507=FACE_BOUND('',#1508,.T.);
#1508=EDGE_LOOP('',(#1509,#1510,#1511));
#1509=ORIENTED_EDGE('',*,*,#1512,.T.);
#1510=ORIENTED_EDGE('',*,*,#1513,.T.);
#1511=ORIENTED_EDGE('',*,*,#1514,.T.);
#1512=EDGE_CURVE('',#96,#98,#1515,.F.);
#1513=EDGE_CURVE('',#98,#86,#1516,.T.);
#1514=EDGE_CURVE('',#86,#96,#1517,.T.);
#1515=LINE('',#95,#1518);
#1516=LINE('',#97,#1519);
#1517=LINE('',#85,#1520);
#1518=VECTOR('',#1521,1.0);
#1519=VECTOR('',#1522,1.0);
#1520=VECTOR('',#1523,1.0);
#1521=DIRECTION('',(0,0.9279025231679213,0.37282289025568865));
#1522=DIRECTION('',(0,-0.4676085085701266,0.883935677927315));
#1523=DIRECTION('',(0,0.39866313411560084,-0.9170974351164255));
#1524=STYLED_ITEM('',(#25),#1525);
#1525=FACE_SURFACE('',(#1530),#1526,.T.);
#1526=PLANE('',#1527);
#1527=AXIS2_PLACEMENT_3D('',#85,#1528,#1529);
#1528=DIRECTION('',(1,0,0));
#1529=DIRECTION('',(0,0.4676085085701266,-0.883935677927315));
#1530=FACE_BOUND('',#1531,.T.);
#1531=EDGE_LOOP('',(#1532,#1533,#1534));
#1532=ORIENTED_EDGE('',*,*,#1535,.T.);
#1533=ORIENTED_EDGE('',*,*,#1536,.T.);
#1534=ORIENTED_EDGE('',*,*,#1537,.T.);
#1535=EDGE_CURVE('',#86,#98,#1538,.F.);
#1536=EDGE_CURVE('',#98,#100,#1539,.T.);
#1537=EDGE_CURVE('',#100,#86,#1540,.T.);
#1538=LINE('',#85,#1541);
#1539=LINE('',#97,#1542);
#1540=LINE('',#99,#1543);
#1541=VECTOR('',#1544,1.0);
#1542=VECTOR('',#1545,1.0);
#1543=VECTOR('',#1546,1.0);
#1544=DIRECTION('',(0,0.4676085085701266,-0.883935677927315));
#1545=DIRECTION('',(0,0.9421284296193254,0.3352521768803656));
#1546=DIRECTION('',(0,-0.5322877774437459,0.8465634778231323));
#1547=STYLED_ITEM('',(#25),#1548);
#1548=FACE_SURFACE('',(#1553),#1549,.T.);
#1549=PLANE('',#1550);
#1550=AXIS2_PLACEMENT_3D('',#85,#1551,#1552);
#1551=DIRECTION('',(1,0,0));
#1552=DIRECTION('',(0,0.5322877774437459,-0.8465634778231323));
#1553=FACE_BOUND('',#1554,.T.);
#1554=EDGE_LOOP('',(#1555,#1556,#1557));
#1555=ORIENTED_EDGE('',*,*,#1558,.T.);
#1556=ORIENTED_EDGE('',*,*,#1559,.T.);
#1557=ORIENTED_EDGE('',*,*,#1560,.T.);
#1558=EDGE_CURVE('',#86,#100,#1561,.F.);
#1559=EDGE_CURVE('',#100,#102,#1562,.T.);
#1560=EDGE_CURVE('',#102,#86,#1563,.T.);
#1561=LINE('',#85,#1564);
#1562=LINE('',#99,#1565);
#1563=LINE('',#101,#1566);
#1564=VECTOR('',#1567,1.0);
#1565=VECTOR('',#1568,1.0);
#1566=VECTOR('',#1569,1.0);
#1567=DIRECTION('',(0,0.5322877774437459,-0.8465634778231323));
#1568=DIRECTION('',(0,0.9548505577876801,0.2970865400730166));
#1569=DIRECTION('',(0,-0.5913246886888552,0.8064335760290666));
#1570=STYLED_ITEM('',(#25),#1571);
#1571=FACE_SURFACE('',(#1576),#1572,.T.);
#1572=PLANE('',#1573);
#1573=AXIS2_PLACEMENT_3D('',#101,#1574,#1575);
#1574=DIRECTION('',(1,0,-0));
#1575=DIRECTION('',(0,0.9660217569807189,0.2584607611222347));
#1576=FACE_BOUND('',#1577,.T.);
#1577=EDGE_LOOP('',(#1578,#1579,#1580));
#1578=ORIENTED_EDGE('',*,*,#1581,.T.);
#1579=ORIENTED_EDGE('',*,*,#1582,.T.);
#1580=ORIENTED_EDGE('',*,*,#1583,.T.);
#1581=EDGE_CURVE('',#102,#104,#1584,.F.);
#1582=EDGE_CURVE('',#104,#86,#1585,.T.);
#1583=EDGE_CURVE('',#86,#102,#1586,.T.);
#1584=LINE('',#101,#1587);
#1585=LINE('',#103,#1588);
#1586=LINE('',#85,#1589);
#1587=VECTOR('',#1590,1.0);
#1588=VECTOR('',#1591,1.0);
#1589=VECTOR('',#1592,1.0);
#1590=DIRECTION('',(0,0.9660217569807189,0.2584607611222347));
#1591=DIRECTION('',(0,-0.6439049559750003,0.7651054879366851));
#1592=DIRECTION('',(0,0.5913246886888552,-0.8064335760290666));
#1593=STYLED_ITEM('',(#25),#1594);
#1594=FACE_SURFACE('',(#1599),#1595,.T.);
#1595=PLANE('',#1596);
#1596=AXIS2_PLACEMENT_3D('',#85,#1597,#1598);
#1597=DIRECTION('',(1,0,0));
#1598=DIRECTION('',(0,0.6439049559750003,-0.7651054879366851));
#1599=FACE_BOUND('',#1600,.T.);
#1600=EDGE_LOOP('',(#1601,#1602,#1603));
#1601=ORIENTED_EDGE('',*,*,#1604,.T.);
#1602=ORIENTED_EDGE('',*,*,#1605,.T.);
#1603=ORIENTED_EDGE('',*,*,#1606,.T.);
#1604=EDGE_CURVE('',#86,#104,#1607,.F.);
#1605=EDGE_CURVE('',#104,#106,#1608,.T.);
#1606=EDGE_CURVE('',#106,#86,#1609,.T.);
#1607=LINE('',#85,#1610);
#1608=LINE('',#103,#1611);
#1609=LINE('',#105,#1612);
#1610=VECTOR('',#1613,1.0);
#1611=VECTOR('',#1614,1.0);
#1612=VECTOR('',#1615,1.0);
#1613=DIRECTION('',(0,0.6439049559750003,-0.7651054879366851));
#1614=DIRECTION('',(0,0.9756222476231515,0.21945666985250195));
#1615=DIRECTION('',(0,-0.6897584484921,0.724039558818281));
#1616=STYLED_ITEM('',(#25),#1617);
#1617=FACE_SURFACE('',(#1622),#1618,.T.);
#1618=PLANE('',#1619);
#1619=AXIS2_PLACEMENT_3D('',#85,#1620,#1621);
#1620=DIRECTION('',(1,0,0));
#1621=DIRECTION('',(0,0.6897584484921,-0.724039558818281));
#1622=FACE_BOUND('',#1623,.T.);
#1623=EDGE_LOOP('',(#1624,#1625,#1626));
#1624=ORIENTED_EDGE('',*,*,#1627,.T.);
#1625=ORIENTED_EDGE('',*,*,#1628,.T.);
#1626=ORIENTED_EDGE('',*,*,#1629,.T.);
#1627=EDGE_CURVE('',#86,#106,#1630,.F.);
#1628=EDGE_CURVE('',#106,#108,#1631,.T.);
#1629=EDGE_CURVE('',#108,#86,#1632,.T.);
#1630=LINE('',#85,#1633);
#1631=LINE('',#105,#1634);
#1632=LINE('',#107,#1635);
#1633=VECTOR('',#1636,1.0);
#1634=VECTOR('',#1637,1.0);
#1635=VECTOR('',#1638,1.0);
#1636=DIRECTION('',(0,0.6897584484921,-0.724039558818281));
#1637=DIRECTION('',(0,0.9836677411339654,0.1799938194838977));
#1638=DIRECTION('',(0,-0.7290550018943406,0.6844551148270009));
#1639=STYLED_ITEM('',(#25),#1640);
#1640=FACE_SURFACE('',(#1645),#1641,.T.);
#1641=PLANE('',#1642);
#1642=AXIS2_PLACEMENT_3D('',#107,#1643,#1644);
#1643=DIRECTION('',(1,0,-0));
#1644=DIRECTION('',(0,0.9901180099269037,0.14023668000344267));
#1645=FACE_BOUND('',#1646,.T.);
#1646=EDGE_LOOP('',(#1647,#1648,#1649));
#1647=ORIENTED_EDGE('',*,*,#1650,.T.);
#1648=ORIENTED_EDGE('',*,*,#1651,.T.);
#1649=ORIENTED_EDGE('',*,*,#1652,.T.);
#1650=EDGE_CURVE('',#108,#110,#1653,.F.);
#1651=EDGE_CURVE('',#110,#86,#1654,.T.);
#1652=EDGE_CURVE('',#86,#108,#1655,.T.);
#1653=LINE('',#107,#1656);
#1654=LINE('',#109,#1657);
#1655=LINE('',#85,#1658);
#1656=VECTOR('',#1659,1.0);
#1657=VECTOR('',#1660,1.0);
#1658=VECTOR('',#1661,1.0);
#1659=DIRECTION('',(0,0.9901180099269037,0.14023668000344267));
#1660=DIRECTION('',(0,-0.7622669888841725,0.6472627269181014));
#1661=DIRECTION('',(0,0.7290550018943406,-0.6844551148270009));
#1662=STYLED_ITEM('',(#25),#1663);
#1663=FACE_SURFACE('',(#1668),#1664,.T.);
#1664=PLANE('',#1665);
#1665=AXIS2_PLACEMENT_3D('',#85,#1666,#1667);
#1666=DIRECTION('',(1,0,0));
#1667=DIRECTION('',(0,0.7622669888841725,-0.6472627269181014));
#1668=FACE_BOUND('',#1669,.T.);
#1669=EDGE_LOOP('',(#1670,#1671,#1672));
#1670=ORIENTED_EDGE('',*,*,#1673,.T.);
#1671=ORIENTED_EDGE('',*,*,#1674,.T.);
#1672=ORIENTED_EDGE('',*,*,#1675,.T.);
#1673=EDGE_CURVE('',#86,#110,#1676,.F.);
#1674=EDGE_CURVE('',#110,#112,#1677,.T.);
#1675=EDGE_CURVE('',#112,#86,#1678,.T.);
#1676=LINE('',#85,#1679);
#1677=LINE('',#109,#1680);
#1678=LINE('',#111,#1681);
#1679=VECTOR('',#1682,1.0);
#1680=VECTOR('',#1683,1.0);
#1681=VECTOR('',#1684,1.0);
#1682=DIRECTION('',(0,0.7622669888841725,-0.6472627269181014));
#1683=DIRECTION('',(0,0.994947760157578,0.10039399662040771));
#1684=DIRECTION('',(0,-0.7900416249419147,0.6130532039384013));
#1685=STYLED_ITEM('',(#25),#1686);
#1686=FACE_SURFACE('',(#1691),#1687,.T.);
#1687=PLANE('',#1688);
#1688=AXIS2_PLACEMENT_3D('',#85,#1689,#1690);
#1689=DIRECTION('',(1,0,0));
#1690=DIRECTION('',(0,0.7900416249419147,-0.6130532039384013));
#1691=FACE_BOUND('',#1692,.T.);
#1692=EDGE_LOOP('',(#1693,#1694,#1695));
#1693=ORIENTED_EDGE('',*,*,#1696,.T.);
#1694=ORIENTED_EDGE('',*,*,#1697,.T.);
#1695=ORIENTED_EDGE('',*,*,#1698,.T.);
#1696=EDGE_CURVE('',#86,#112,#1699,.F.);
#1697=EDGE_CURVE('',#112,#114,#1700,.T.);
#1698=EDGE_CURVE('',#114,#86,#1701,.T.);
#1699=LINE('',#85,#1702);
#1700=LINE('',#111,#1703);
#1701=LINE('',#113,#1704);
#1702=VECTOR('',#1705,1.0);
#1703=VECTOR('',#1706,1.0);
#1704=VECTOR('',#1707,1.0);
#1705=DIRECTION('',(0,0.7900416249419147,-0.6130532039384013));
#1706=DIRECTION('',(0,0.9981786190046948,0.060327809191784425));
#1707=DIRECTION('',(0,-0.8130751045786334,0.582158805064773));
#1708=STYLED_ITEM('',(#25),#1709);
#1709=FACE_SURFACE('',(#1714),#1710,.T.);
#1710=PLANE('',#1711);
#1711=AXIS2_PLACEMENT_3D('',#113,#1712,#1713);
#1712=DIRECTION('',(1,0,-0));
#1713=DIRECTION('',(0,0.9997977931796647,0.020109021683625754));
#1714=FACE_BOUND('',#1715,.T.);
#1715=EDGE_LOOP('',(#1716,#1717,#1718));
#1716=ORIENTED_EDGE('',*,*,#1719,.T.);
#1717=ORIENTED_EDGE('',*,*,#1720,.T.);
#1718=ORIENTED_EDGE('',*,*,#1721,.T.);
#1719=EDGE_CURVE('',#114,#116,#1722,.F.);
#1720=EDGE_CURVE('',#116,#86,#1723,.T.);
#1721=EDGE_CURVE('',#86,#114,#1724,.T.);
#1722=LINE('',#113,#1725);
#1723=LINE('',#115,#1726);
#1724=LINE('',#85,#1727);
#1725=VECTOR('',#1728,1.0);
#1726=VECTOR('',#1729,1.0);
#1727=VECTOR('',#1730,1.0);
#1728=DIRECTION('',(0,0.9997977931796647,0.020109021683625754));
#1729=DIRECTION('',(0,-0.8320502943378437,0.5547001962252291));
#1730=DIRECTION('',(0,0.8130751045786334,-0.582158805064773));
#1731=STYLED_ITEM('',(#25),#1732);
#1732=FACE_SURFACE('',(#1737),#1733,.T.);
#1733=PLANE('',#1734);
#1734=AXIS2_PLACEMENT_3D('',#85,#1735,#1736);
#1735=DIRECTION('',(1,-0,0));
#1736=DIRECTION('',(0,0.8320502943378437,-0.5547001962252291));
#1737=FACE_BOUND('',#1738,.T.);
#1738=EDGE_LOOP('',(#1739,#1740,#1741));
#1739=ORIENTED_EDGE('',*,*,#1742,.T.);
#1740=ORIENTED_EDGE('',*,*,#1743,.T.);
#1741=ORIENTED_EDGE('',*,*,#1744,.T.);
#1742=EDGE_CURVE('',#86,#116,#1745,.F.);
#1743=EDGE_CURVE('',#116,#118,#1746,.T.);
#1744=EDGE_CURVE('',#118,#86,#1747,.T.);
#1745=LINE('',#85,#1748);
#1746=LINE('',#115,#1749);
#1747=LINE('',#117,#1750);
#1748=VECTOR('',#1751,1.0);
#1749=VECTOR('',#1752,1.0);
#1750=VECTOR('',#1753,1.0);
#1751=DIRECTION('',(0,0.8320502943378437,-0.5547001962252291));
#1752=DIRECTION('',(0,0.8320502943378437,0.5547001962252291));
#1753=DIRECTION('',(0,-1,0));
#1754=STYLED_ITEM('',(#25),#1755);
#1755=FACE_SURFACE('',(#1760),#1756,.T.);
#1756=PLANE('',#1757);
#1757=AXIS2_PLACEMENT_3D('',#117,#1758,#1759);
#1758=DIRECTION('',(1,0,0));
#1759=DIRECTION('',(0,-0.8320502943378437,-0.5547001962252291));
#1760=FACE_BOUND('',#1761,.T.);
#1761=EDGE_LOOP('',(#1762,#1763,#1764));
#1762=ORIENTED_EDGE('',*,*,#1765,.T.);
#1763=ORIENTED_EDGE('',*,*,#1766,.T.);
#1764=ORIENTED_EDGE('',*,*,#1767,.T.);
#1765=EDGE_CURVE('',#118,#116,#1768,.F.);
#1766=EDGE_CURVE('',#116,#120,#1769,.T.);
#1767=EDGE_CURVE('',#120,#118,#1770,.T.);
#1768=LINE('',#117,#1771);
#1769=LINE('',#115,#1772);
#1770=LINE('',#119,#1773);
#1771=VECTOR('',#1774,1.0);
#1772=VECTOR('',#1775,1.0);
#1773=VECTOR('',#1776,1.0);
#1774=DIRECTION('',(0,-0.8320502943378437,-0.5547001962252291));
#1775=DIRECTION('',(0,1,0));
#1776=DIRECTION('',(0,0,1));
#1777=STYLED_ITEM('',(#25),#1778);
#1778=FACE_SURFACE('',(#1783),#1779,.T.);
#1779=PLANE('',#1780);
#1780=AXIS2_PLACEMENT_3D('',#119,#1781,#1782);
#1781=DIRECTION('',(0,1,-0));
#1782=DIRECTION('',(-1,0,0));
#1783=FACE_BOUND('',#1784,.T.);
#1784=EDGE_LOOP('',(#1785,#1786,#1787));
#1785=ORIENTED_EDGE('',*,*,#1788,.T.);
#1786=ORIENTED_EDGE('',*,*,#1789,.T.);
#1787=ORIENTED_EDGE('',*,*,#1790,.T.);
#1788=EDGE_CURVE('',#120,#122,#1791,.F.);
#1789=EDGE_CURVE('',#122,#118,#1792,.T.);
#1790=EDGE_CURVE('',#118,#120,#1793,.T.);
#1791=LINE('',#119,#1794);
#1792=LINE('',#121,#1795);
#1793=LINE('',#117,#1796);
#1794=VECTOR('',#1797,1.0);
#1795=VECTOR('',#1798,1.0);
#1796=VECTOR('',#1799,1.0);
#1797=DIRECTION('',(-1,0,0));
#1798=DIRECTION('',(0.96623494367969,0,0.25766263526616817));
#1799=DIRECTION('',(0,0,-1));
#1800=STYLED_ITEM('',(#25),#1801);
#1801=FACE_SURFACE('',(#1806),#1802,.T.);
#1802=PLANE('',#1803);
#1803=AXIS2_PLACEMENT_3D('',#117,#1804,#1805);
#1804=DIRECTION('',(0,1,0));
#1805=DIRECTION('',(-0.96623494367969,0,-0.25766263526616817));
#1806=FACE_BOUND('',#1807,.T.);
#1807=EDGE_LOOP('',(#1808,#1809,#1810));
#1808=ORIENTED_EDGE('',*,*,#1811,.T.);
#1809=ORIENTED_EDGE('',*,*,#1812,.T.);
#1810=ORIENTED_EDGE('',*,*,#1813,.T.);
#1811=EDGE_CURVE('',#118,#122,#1814,.F.);
#1812=EDGE_CURVE('',#122,#124,#1815,.T.);
#1813=EDGE_CURVE('',#124,#118,#1816,.T.);
#1814=LINE('',#117,#1817);
#1815=LINE('',#121,#1818);
#1816=LINE('',#123,#1819);
#1817=VECTOR('',#1820,1.0);
#1818=VECTOR('',#1821,1.0);
#1819=VECTOR('',#1822,1.0);
#1820=DIRECTION('',(-0.96623494367969,0,-0.25766263526616817));
#1821=DIRECTION('',(0,0,1));
#1822=DIRECTION('',(1,0,0));
#1823=STYLED_ITEM('',(#25),#1824);
#1824=FACE_SURFACE('',(#1829),#1825,.T.);
#1825=PLANE('',#1826);
#1826=AXIS2_PLACEMENT_3D('',#125,#1827,#1828);
#1827=DIRECTION('',(0,-1,0));
#1828=DIRECTION('',(1,0,0));
#1829=FACE_BOUND('',#1830,.T.);
#1830=EDGE_LOOP('',(#1831,#1832,#1833));
#1831=ORIENTED_EDGE('',*,*,#1834,.T.);
#1832=ORIENTED_EDGE('',*,*,#1835,.T.);
#1833=ORIENTED_EDGE('',*,*,#1836,.T.);
#1834=EDGE_CURVE('',#126,#82,#1837,.F.);
#1835=EDGE_CURVE('',#82,#128,#1838,.T.);
#1836=EDGE_CURVE('',#128,#126,#1839,.T.);
#1837=LINE('',#125,#1840);
#1838=LINE('',#81,#1841);
#1839=LINE('',#127,#1842);
#1840=VECTOR('',#1843,1.0);
#1841=VECTOR('',#1844,1.0);
#1842=VECTOR('',#1845,1.0);
#1843=DIRECTION('',(1,0,0));
#1844=DIRECTION('',(-0.9284766990274599,0,0.37139065599860194));
#1845=DIRECTION('',(0,0,-1));
#1846=STYLED_ITEM('',(#25),#1847);
#1847=FACE_SURFACE('',(#1852),#1848,.T.);
#1848=PLANE('',#1849);
#1849=AXIS2_PLACEMENT_3D('',#127,#1850,#1851);
#1850=DIRECTION('',(0,-1,0));
#1851=DIRECTION('',(0.9284766990274599,0,-0.37139065599860194));
#1852=FACE_BOUND('',#1853,.T.);
#1853=EDGE_LOOP('',(#1854,#1855,#1856));
#1854=ORIENTED_EDGE('',*,*,#1857,.T.);
#1855=ORIENTED_EDGE('',*,*,#1858,.T.);
#1856=ORIENTED_EDGE('',*,*,#1859,.T.);
#1857=EDGE_CURVE('',#128,#82,#1860,.F.);
#1858=EDGE_CURVE('',#82,#86,#1861,.T.);
#1859=EDGE_CURVE('',#86,#128,#1862,.T.);
#1860=LINE('',#127,#1863);
#1861=LINE('',#81,#1864);
#1862=LINE('',#85,#1865);
#1863=VECTOR('',#1866,1.0);
#1864=VECTOR('',#1867,1.0);
#1865=VECTOR('',#1868,1.0);
#1866=DIRECTION('',(0.9284766990274599,0,-0.37139065599860194));
#1867=DIRECTION('',(0,0,1));
#1868=DIRECTION('',(-1,0,0));
#1869=STYLED_ITEM('',(#25),#1870);
#1870=FACE_SURFACE('',(#1875),#1871,.T.);
#1871=PLANE('',#1872);
#1872=AXIS2_PLACEMENT_3D('',#129,#1873,#1874);
#1873=DIRECTION('',(-1,0,0));
#1874=DIRECTION('',(0,-0.8130751045786334,0.582158805064773));
#1875=FACE_BOUND('',#1876,.T.);
#1876=EDGE_LOOP('',(#1877,#1878,#1879));
#1877=ORIENTED_EDGE('',*,*,#1880,.T.);
#1878=ORIENTED_EDGE('',*,*,#1881,.T.);
#1879=ORIENTED_EDGE('',*,*,#1882,.T.);
#1880=EDGE_CURVE('',#130,#128,#1883,.F.);
#1881=EDGE_CURVE('',#128,#132,#1884,.T.);
#1882=EDGE_CURVE('',#132,#130,#1885,.T.);
#1883=LINE('',#129,#1886);
#1884=LINE('',#127,#1887);
#1885=LINE('',#131,#1888);
#1886=VECTOR('',#1889,1.0);
#1887=VECTOR('',#1890,1.0);
#1888=VECTOR('',#1891,1.0);
#1889=DIRECTION('',(0,-0.8130751045786334,0.582158805064773));
#1890=DIRECTION('',(0,0.8320502943378437,-0.5547001962252291));
#1891=DIRECTION('',(0,-0.9997977931796647,-0.020109021683625754));
#1892=STYLED_ITEM('',(#25),#1893);
#1893=FACE_SURFACE('',(#1898),#1894,.T.);
#1894=PLANE('',#1895);
#1895=AXIS2_PLACEMENT_3D('',#131,#1896,#1897);
#1896=DIRECTION('',(-1,0,0));
#1897=DIRECTION('',(0,-0.8320502943378437,0.5547001962252291));
#1898=FACE_BOUND('',#1899,.T.);
#1899=EDGE_LOOP('',(#1900,#1901,#1902));
#1900=ORIENTED_EDGE('',*,*,#1903,.T.);
#1901=ORIENTED_EDGE('',*,*,#1904,.T.);
#1902=ORIENTED_EDGE('',*,*,#1905,.T.);
#1903=EDGE_CURVE('',#132,#128,#1906,.F.);
#1904=EDGE_CURVE('',#128,#124,#1907,.T.);
#1905=EDGE_CURVE('',#124,#132,#1908,.T.);
#1906=LINE('',#131,#1909);
#1907=LINE('',#127,#1910);
#1908=LINE('',#123,#1911);
#1909=VECTOR('',#1912,1.0);
#1910=VECTOR('',#1913,1.0);
#1911=VECTOR('',#1914,1.0);
#1912=DIRECTION('',(0,-0.8320502943378437,0.5547001962252291));
#1913=DIRECTION('',(0,1,0));
#1914=DIRECTION('',(0,-0.8320502943378437,-0.5547001962252291));
#1915=STYLED_ITEM('',(#25),#1916);
#1916=FACE_SURFACE('',(#1921),#1917,.T.);
#1917=PLANE('',#1918);
#1918=AXIS2_PLACEMENT_3D('',#131,#1919,#1920);
#1919=DIRECTION('',(-1,0,0));
#1920=DIRECTION('',(0,0.8320502943378437,0.5547001962252291));
#1921=FACE_BOUND('',#1922,.T.);
#1922=EDGE_LOOP('',(#1923,#1924,#1925));
#1923=ORIENTED_EDGE('',*,*,#1926,.T.);
#1924=ORIENTED_EDGE('',*,*,#1927,.T.);
#1925=ORIENTED_EDGE('',*,*,#1928,.T.);
#1926=EDGE_CURVE('',#132,#124,#1929,.F.);
#1927=EDGE_CURVE('',#124,#122,#1930,.T.);
#1928=EDGE_CURVE('',#122,#132,#1931,.T.);
#1929=LINE('',#131,#1932);
#1930=LINE('',#123,#1933);
#1931=LINE('',#121,#1934);
#1932=VECTOR('',#1935,1.0);
#1933=VECTOR('',#1936,1.0);
#1934=VECTOR('',#1937,1.0);
#1935=DIRECTION('',(0,0.8320502943378437,0.5547001962252291));
#1936=DIRECTION('',(0,0,-1));
#1937=DIRECTION('',(0,-1,0));
#1938=STYLED_ITEM('',(#25),#1939);
#1939=FACE_SURFACE('',(#1944),#1940,.T.);
#1940=PLANE('',#1941);
#1941=AXIS2_PLACEMENT_3D('',#129,#1942,#1943);
#1942=DIRECTION('',(-1,-0,0));
#1943=DIRECTION('',(0,-0.9981786190046948,-0.060327809191784425));
#1944=FACE_BOUND('',#1945,.T.);
#1945=EDGE_LOOP('',(#1946,#1947,#1948));
#1946=ORIENTED_EDGE('',*,*,#1949,.T.);
#1947=ORIENTED_EDGE('',*,*,#1950,.T.);
#1948=ORIENTED_EDGE('',*,*,#1951,.T.);
#1949=EDGE_CURVE('',#130,#134,#1952,.F.);
#1950=EDGE_CURVE('',#134,#128,#1953,.T.);
#1951=EDGE_CURVE('',#128,#130,#1954,.T.);
#1952=LINE('',#129,#1955);
#1953=LINE('',#133,#1956);
#1954=LINE('',#127,#1957);
#1955=VECTOR('',#1958,1.0);
#1956=VECTOR('',#1959,1.0);
#1957=VECTOR('',#1960,1.0);
#1958=DIRECTION('',(0,-0.9981786190046948,-0.060327809191784425));
#1959=DIRECTION('',(0,-0.7900416249419147,0.6130532039384013));
#1960=DIRECTION('',(0,0.8130751045786334,-0.582158805064773));
#1961=STYLED_ITEM('',(#25),#1962);
#1962=FACE_SURFACE('',(#1967),#1963,.T.);
#1963=PLANE('',#1964);
#1964=AXIS2_PLACEMENT_3D('',#127,#1965,#1966);
#1965=DIRECTION('',(-1,0,0));
#1966=DIRECTION('',(0,0.7900416249419147,-0.6130532039384013));
#1967=FACE_BOUND('',#1968,.T.);
#1968=EDGE_LOOP('',(#1969,#1970,#1971));
#1969=ORIENTED_EDGE('',*,*,#1972,.T.);
#1970=ORIENTED_EDGE('',*,*,#1973,.T.);
#1971=ORIENTED_EDGE('',*,*,#1974,.T.);
#1972=EDGE_CURVE('',#128,#134,#1975,.F.);
#1973=EDGE_CURVE('',#134,#136,#1976,.T.);
#1974=EDGE_CURVE('',#136,#128,#1977,.T.);
#1975=LINE('',#127,#1978);
#1976=LINE('',#133,#1979);
#1977=LINE('',#135,#1980);
#1978=VECTOR('',#1981,1.0);
#1979=VECTOR('',#1982,1.0);
#1980=VECTOR('',#1983,1.0);
#1981=DIRECTION('',(0,0.7900416249419147,-0.6130532039384013));
#1982=DIRECTION('',(0,-0.994947760157578,-0.10039399662040771));
#1983=DIRECTION('',(0,-0.7622669888841725,0.6472627269181014));
#1984=STYLED_ITEM('',(#25),#1985);
#1985=FACE_SURFACE('',(#1990),#1986,.T.);
#1986=PLANE('',#1987);
#1987=AXIS2_PLACEMENT_3D('',#127,#1988,#1989);
#1988=DIRECTION('',(-1,0,0));
#1989=DIRECTION('',(0,0.7622669888841725,-0.6472627269181014));
#1990=FACE_BOUND('',#1991,.T.);
#1991=EDGE_LOOP('',(#1992,#1993,#1994));
#1992=ORIENTED_EDGE('',*,*,#1995,.T.);
#1993=ORIENTED_EDGE('',*,*,#1996,.T.);
#1994=ORIENTED_EDGE('',*,*,#1997,.T.);
#1995=EDGE_CURVE('',#128,#136,#1998,.F.);
#1996=EDGE_CURVE('',#136,#138,#1999,.T.);
#1997=EDGE_CURVE('',#138,#128,#2000,.T.);
#1998=LINE('',#127,#2001);
#1999=LINE('',#135,#2002);
#2000=LINE('',#137,#2003);
#2001=VECTOR('',#2004,1.0);
#2002=VECTOR('',#2005,1.0);
#2003=VECTOR('',#2006,1.0);
#2004=DIRECTION('',(0,0.7622669888841725,-0.6472627269181014));
#2005=DIRECTION('',(0,-0.9901180099269037,-0.14023668000344267));
#2006=DIRECTION('',(0,-0.7290550018943406,0.6844551148270009));
#2007=STYLED_ITEM('',(#25),#2008);
#2008=FACE_SURFACE('',(#2013),#2009,.T.);
#2009=PLANE('',#2010);
#2010=AXIS2_PLACEMENT_3D('',#137,#2011,#2012);
#2011=DIRECTION('',(-1,-0,0));
#2012=DIRECTION('',(0,-0.9836677411339654,-0.1799938194838977));
#2013=FACE_BOUND('',#2014,.T.);
#2014=EDGE_LOOP('',(#2015,#2016,#2017));
#2015=ORIENTED_EDGE('',*,*,#2018,.T.);
#2016=ORIENTED_EDGE('',*,*,#2019,.T.);
#2017=ORIENTED_EDGE('',*,*,#2020,.T.);
#2018=EDGE_CURVE('',#138,#140,#2021,.F.);
#2019=EDGE_CURVE('',#140,#128,#2022,.T.);
#2020=EDGE_CURVE('',#128,#138,#2023,.T.);
#2021=LINE('',#137,#2024);
#2022=LINE('',#139,#2025);
#2023=LINE('',#127,#2026);
#2024=VECTOR('',#2027,1.0);
#2025=VECTOR('',#2028,1.0);
#2026=VECTOR('',#2029,1.0);
#2027=DIRECTION('',(0,-0.9836677411339654,-0.1799938194838977));
#2028=DIRECTION('',(0,-0.6897584484921,0.724039558818281));
#2029=DIRECTION('',(0,0.7290550018943406,-0.6844551148270009));
#2030=STYLED_ITEM('',(#25),#2031);
#2031=FACE_SURFACE('',(#2036),#2032,.T.);
#2032=PLANE('',#2033);
#2033=AXIS2_PLACEMENT_3D('',#127,#2034,#2035);
#2034=DIRECTION('',(-1,0,0));
#2035=DIRECTION('',(0,0.6897584484921,-0.724039558818281));
#2036=FACE_BOUND('',#2037,.T.);
#2037=EDGE_LOOP('',(#2038,#2039,#2040));
#2038=ORIENTED_EDGE('',*,*,#2041,.T.);
#2039=ORIENTED_EDGE('',*,*,#2042,.T.);
#2040=ORIENTED_EDGE('',*,*,#2043,.T.);
#2041=EDGE_CURVE('',#128,#140,#2044,.F.);
#2042=EDGE_CURVE('',#140,#142,#2045,.T.);
#2043=EDGE_CURVE('',#142,#128,#2046,.T.);
#2044=LINE('',#127,#2047);
#2045=LINE('',#139,#2048);
#2046=LINE('',#141,#2049);
#2047=VECTOR('',#2050,1.0);
#2048=VECTOR('',#2051,1.0);
#2049=VECTOR('',#2052,1.0);
#2050=DIRECTION('',(0,0.6897584484921,-0.724039558818281));
#2051=DIRECTION('',(0,-0.9756222476231515,-0.21945666985250195));
#2052=DIRECTION('',(0,-0.6439049559750003,0.7651054879366851));
#2053=STYLED_ITEM('',(#25),#2054);
#2054=FACE_SURFACE('',(#2059),#2055,.T.);
#2055=PLANE('',#2056);
#2056=AXIS2_PLACEMENT_3D('',#127,#2057,#2058);
#2057=DIRECTION('',(-1,0,0));
#2058=DIRECTION('',(0,0.6439049559750003,-0.7651054879366851));
#2059=FACE_BOUND('',#2060,.T.);
#2060=EDGE_LOOP('',(#2061,#2062,#2063));
#2061=ORIENTED_EDGE('',*,*,#2064,.T.);
#2062=ORIENTED_EDGE('',*,*,#2065,.T.);
#2063=ORIENTED_EDGE('',*,*,#2066,.T.);
#2064=EDGE_CURVE('',#128,#142,#2067,.F.);
#2065=EDGE_CURVE('',#142,#144,#2068,.T.);
#2066=EDGE_CURVE('',#144,#128,#2069,.T.);
#2067=LINE('',#127,#2070);
#2068=LINE('',#141,#2071);
#2069=LINE('',#143,#2072);
#2070=VECTOR('',#2073,1.0);
#2071=VECTOR('',#2074,1.0);
#2072=VECTOR('',#2075,1.0);
#2073=DIRECTION('',(0,0.6439049559750003,-0.7651054879366851));
#2074=DIRECTION('',(0,-0.9660217569807189,-0.2584607611222347));
#2075=DIRECTION('',(0,-0.5913246886888552,0.8064335760290666));
#2076=STYLED_ITEM('',(#25),#2077);
#2077=FACE_SURFACE('',(#2082),#2078,.T.);
#2078=PLANE('',#2079);
#2079=AXIS2_PLACEMENT_3D('',#143,#2080,#2081);
#2080=DIRECTION('',(-1,-0,0));
#2081=DIRECTION('',(0,-0.9548505577876801,-0.2970865400730166));
#2082=FACE_BOUND('',#2083,.T.);
#2083=EDGE_LOOP('',(#2084,#2085,#2086));
#2084=ORIENTED_EDGE('',*,*,#2087,.T.);
#2085=ORIENTED_EDGE('',*,*,#2088,.T.);
#2086=ORIENTED_EDGE('',*,*,#2089,.T.);
#2087=EDGE_CURVE('',#144,#146,#2090,.F.);
#2088=EDGE_CURVE('',#146,#128,#2091,.T.);
#2089=EDGE_CURVE('',#128,#144,#2092,.T.);
#2090=LINE('',#143,#2093);
#2091=LINE('',#145,#2094);
#2092=LINE('',#127,#2095);
#2093=VECTOR('',#2096,1.0);
#2094=VECTOR('',#2097,1.0);
#2095=VECTOR('',#2098,1.0);
#2096=DIRECTION('',(0,-0.9548505577876801,-0.2970865400730166));
#2097=DIRECTION('',(0,-0.5322877774437459,0.8465634778231323));
#2098=DIRECTION('',(0,0.5913246886888552,-0.8064335760290666));
#2099=STYLED_ITEM('',(#25),#2100);
#2100=FACE_SURFACE('',(#2105),#2101,.T.);
#2101=PLANE('',#2102);
#2102=AXIS2_PLACEMENT_3D('',#127,#2103,#2104);
#2103=DIRECTION('',(-1,0,0));
#2104=DIRECTION('',(0,0.5322877774437459,-0.8465634778231323));
#2105=FACE_BOUND('',#2106,.T.);
#2106=EDGE_LOOP('',(#2107,#2108,#2109));
#2107=ORIENTED_EDGE('',*,*,#2110,.T.);
#2108=ORIENTED_EDGE('',*,*,#2111,.T.);
#2109=ORIENTED_EDGE('',*,*,#2112,.T.);
#2110=EDGE_CURVE('',#128,#146,#2113,.F.);
#2111=EDGE_CURVE('',#146,#148,#2114,.T.);
#2112=EDGE_CURVE('',#148,#128,#2115,.T.);
#2113=LINE('',#127,#2116);
#2114=LINE('',#145,#2117);
#2115=LINE('',#147,#2118);
#2116=VECTOR('',#2119,1.0);
#2117=VECTOR('',#2120,1.0);
#2118=VECTOR('',#2121,1.0);
#2119=DIRECTION('',(0,0.5322877774437459,-0.8465634778231323));
#2120=DIRECTION('',(0,-0.9421284296193254,-0.3352521768803656));
#2121=DIRECTION('',(0,-0.4676085085701266,0.883935677927315));
#2122=STYLED_ITEM('',(#25),#2123);
#2123=FACE_SURFACE('',(#2128),#2124,.T.);
#2124=PLANE('',#2125);
#2125=AXIS2_PLACEMENT_3D('',#127,#2126,#2127);
#2126=DIRECTION('',(-1,0,0));
#2127=DIRECTION('',(0,0.4676085085701266,-0.883935677927315));
#2128=FACE_BOUND('',#2129,.T.);
#2129=EDGE_LOOP('',(#2130,#2131,#2132));
#2130=ORIENTED_EDGE('',*,*,#2133,.T.);
#2131=ORIENTED_EDGE('',*,*,#2134,.T.);
#2132=ORIENTED_EDGE('',*,*,#2135,.T.);
#2133=EDGE_CURVE('',#128,#148,#2136,.F.);
#2134=EDGE_CURVE('',#148,#150,#2137,.T.);
#2135=EDGE_CURVE('',#150,#128,#2138,.T.);
#2136=LINE('',#127,#2139);
#2137=LINE('',#147,#2140);
#2138=LINE('',#149,#2141);
#2139=VECTOR('',#2142,1.0);
#2140=VECTOR('',#2143,1.0);
#2141=VECTOR('',#2144,1.0);
#2142=DIRECTION('',(0,0.4676085085701266,-0.883935677927315));
#2143=DIRECTION('',(0,-0.9279025231679213,-0.37282289025568865));
#2144=DIRECTION('',(0,-0.39866313411560084,0.9170974351164255));
#2145=STYLED_ITEM('',(#25),#2146);
#2146=FACE_SURFACE('',(#2151),#2147,.T.);
#2147=PLANE('',#2148);
#2148=AXIS2_PLACEMENT_3D('',#149,#2149,#2150);
#2149=DIRECTION('',(-1,-0,0));
#2150=DIRECTION('',(0,-0.9121549233512004,-0.409845575560071));
#2151=FACE_BOUND('',#2152,.T.);
#2152=EDGE_LOOP('',(#2153,#2154,#2155));
#2153=ORIENTED_EDGE('',*,*,#2156,.T.);
#2154=ORIENTED_EDGE('',*,*,#2157,.T.);
#2155=ORIENTED_EDGE('',*,*,#2158,.T.);
#2156=EDGE_CURVE('',#150,#152,#2159,.F.);
#2157=EDGE_CURVE('',#152,#128,#2160,.T.);
#2158=EDGE_CURVE('',#128,#150,#2161,.T.);
#2159=LINE('',#149,#2162);
#2160=LINE('',#151,#2163);
#2161=LINE('',#127,#2164);
#2162=VECTOR('',#2165,1.0);
#2163=VECTOR('',#2166,1.0);
#2164=VECTOR('',#2167,1.0);
#2165=DIRECTION('',(0,-0.9121549233512004,-0.409845575560071));
#2166=DIRECTION('',(0,-0.3272725130769027,0.9449299985630303));
#2167=DIRECTION('',(0,0.39866313411560084,-0.9170974351164255));
#2168=STYLED_ITEM('',(#25),#2169);
#2169=FACE_SURFACE('',(#2174),#2170,.T.);
#2170=PLANE('',#2171);
#2171=AXIS2_PLACEMENT_3D('',#127,#2172,#2173);
#2172=DIRECTION('',(-1,0,0));
#2173=DIRECTION('',(0,0.3272725130769027,-0.9449299985630303));
#2174=FACE_BOUND('',#2175,.T.);
#2175=EDGE_LOOP('',(#2176,#2177,#2178));
#2176=ORIENTED_EDGE('',*,*,#2179,.T.);
#2177=ORIENTED_EDGE('',*,*,#2180,.T.);
#2178=ORIENTED_EDGE('',*,*,#2181,.T.);
#2179=EDGE_CURVE('',#128,#152,#2182,.F.);
#2180=EDGE_CURVE('',#152,#154,#2183,.T.);
#2181=EDGE_CURVE('',#154,#128,#2184,.T.);
#2182=LINE('',#127,#2185);
#2183=LINE('',#151,#2186);
#2184=LINE('',#153,#2187);
#2185=VECTOR('',#2188,1.0);
#2186=VECTOR('',#2189,1.0);
#2187=VECTOR('',#2190,1.0);
#2188=DIRECTION('',(0,0.3272725130769027,-0.9449299985630303));
#2189=DIRECTION('',(0,-0.8949312570904883,-0.446204039742401));
#2190=DIRECTION('',(0,-0.25549874543108037,0.9668093871509232));
#2191=STYLED_ITEM('',(#25),#2192);
#2192=FACE_SURFACE('',(#2197),#2193,.T.);
#2193=PLANE('',#2194);
#2194=AXIS2_PLACEMENT_3D('',#127,#2195,#2196);
#2195=DIRECTION('',(-1,0,0));
#2196=DIRECTION('',(0,0.25549874543108037,-0.9668093871509232));
#2197=FACE_BOUND('',#2198,.T.);
#2198=EDGE_LOOP('',(#2199,#2200,#2201));
#2199=ORIENTED_EDGE('',*,*,#2202,.T.);
#2200=ORIENTED_EDGE('',*,*,#2203,.T.);
#2201=ORIENTED_EDGE('',*,*,#2204,.T.);
#2202=EDGE_CURVE('',#128,#154,#2205,.F.);
#2203=EDGE_CURVE('',#154,#156,#2206,.T.);
#2204=EDGE_CURVE('',#156,#128,#2207,.T.);
#2205=LINE('',#127,#2208);
#2206=LINE('',#153,#2209);
#2207=LINE('',#155,#2210);
#2208=VECTOR('',#2211,1.0);
#2209=VECTOR('',#2212,1.0);
#2210=VECTOR('',#2213,1.0);
#2211=DIRECTION('',(0,0.25549874543108037,-0.9668093871509232));
#2212=DIRECTION('',(0,-0.8762519540041025,-0.4818532070081014));
#2213=DIRECTION('',(0,-0.18536137212637913,0.9826704237553026));
#2214=STYLED_ITEM('',(#25),#2215);
#2215=FACE_SURFACE('',(#2220),#2216,.T.);
#2216=PLANE('',#2217);
#2217=AXIS2_PLACEMENT_3D('',#155,#2218,#2219);
#2218=DIRECTION('',(-1,-0,0));
#2219=DIRECTION('',(0,-0.8562063261592155,-0.5166340358947897));
#2220=FACE_BOUND('',#2221,.T.);
#2221=EDGE_LOOP('',(#2222,#2223,#2224));
#2222=ORIENTED_EDGE('',*,*,#2225,.T.);
#2223=ORIENTED_EDGE('',*,*,#2226,.T.);
#2224=ORIENTED_EDGE('',*,*,#2227,.T.);
#2225=EDGE_CURVE('',#156,#158,#2228,.F.);
#2226=EDGE_CURVE('',#158,#128,#2229,.T.);
#2227=EDGE_CURVE('',#128,#156,#2230,.T.);
#2228=LINE('',#155,#2231);
#2229=LINE('',#157,#2232);
#2230=LINE('',#127,#2233);
#2231=VECTOR('',#2234,1.0);
#2232=VECTOR('',#2235,1.0);
#2233=VECTOR('',#2236,1.0);
#2234=DIRECTION('',(0,-0.8562063261592155,-0.5166340358947897));
#2235=DIRECTION('',(0,-0.1186079259090383,0.9929411663898098));
#2236=DIRECTION('',(0,0.18536137212637913,-0.9826704237553026));
#2237=STYLED_ITEM('',(#25),#2238);
#2238=FACE_SURFACE('',(#2243),#2239,.T.);
#2239=PLANE('',#2240);
#2240=AXIS2_PLACEMENT_3D('',#127,#2241,#2242);
#2241=DIRECTION('',(-1,0,0));
#2242=DIRECTION('',(0,0.1186079259090383,-0.9929411663898098));
#2243=FACE_BOUND('',#2244,.T.);
#2244=EDGE_LOOP('',(#2245,#2246,#2247));
#2245=ORIENTED_EDGE('',*,*,#2248,.T.);
#2246=ORIENTED_EDGE('',*,*,#2249,.T.);
#2247=ORIENTED_EDGE('',*,*,#2250,.T.);
#2248=EDGE_CURVE('',#128,#158,#2251,.F.);
#2249=EDGE_CURVE('',#158,#160,#2252,.T.);
#2250=EDGE_CURVE('',#160,#128,#2253,.T.);
#2251=LINE('',#127,#2254);
#2252=LINE('',#157,#2255);
#2253=LINE('',#159,#2256);
#2254=VECTOR('',#2257,1.0);
#2255=VECTOR('',#2258,1.0);
#2256=VECTOR('',#2259,1.0);
#2257=DIRECTION('',(0,0.1186079259090383,-0.9929411663898098));
#2258=DIRECTION('',(0,-0.8347140505451583,-0.5506836240732922));
#2259=DIRECTION('',(0,-0.0565446468821141,0.9984000715689965));
#2260=STYLED_ITEM('',(#25),#2261);
#2261=FACE_SURFACE('',(#2266),#2262,.T.);
#2262=PLANE('',#2263);
#2263=AXIS2_PLACEMENT_3D('',#127,#2264,#2265);
#2264=DIRECTION('',(-1,0,0));
#2265=DIRECTION('',(0,0.0565446468821141,-0.9984000715689965));
#2266=FACE_BOUND('',#2267,.T.);
#2267=EDGE_LOOP('',(#2268,#2269,#2270));
#2268=ORIENTED_EDGE('',*,*,#2271,.T.);
#2269=ORIENTED_EDGE('',*,*,#2272,.T.);
#2270=ORIENTED_EDGE('',*,*,#2273,.T.);
#2271=EDGE_CURVE('',#128,#160,#2274,.F.);
#2272=EDGE_CURVE('',#160,#126,#2275,.T.);
#2273=EDGE_CURVE('',#126,#128,#2276,.T.);
#2274=LINE('',#127,#2277);
#2275=LINE('',#159,#2278);
#2276=LINE('',#125,#2279);
#2277=VECTOR('',#2280,1.0);
#2278=VECTOR('',#2281,1.0);
#2279=VECTOR('',#2282,1.0);
#2280=DIRECTION('',(0,0.0565446468821141,-0.9984000715689965));
#2281=DIRECTION('',(0,-0.811910558543306,-0.5837818470335446));
#2282=DIRECTION('',(0,0,1));
#2283=STYLED_ITEM('',(#25),#2284);
#2284=FACE_SURFACE('',(#2289),#2285,.T.);
#2285=PLANE('',#2286);
#2286=AXIS2_PLACEMENT_3D('',#117,#2287,#2288);
#2287=DIRECTION('',(0,0,1));
#2288=DIRECTION('',(-1,0,0));
#2289=FACE_BOUND('',#2290,.T.);
#2290=EDGE_LOOP('',(#2291,#2292,#2293));
#2291=ORIENTED_EDGE('',*,*,#2294,.T.);
#2292=ORIENTED_EDGE('',*,*,#2295,.T.);
#2293=ORIENTED_EDGE('',*,*,#2296,.T.);
#2294=EDGE_CURVE('',#118,#124,#2297,.F.);
#2295=EDGE_CURVE('',#124,#86,#2298,.T.);
#2296=EDGE_CURVE('',#86,#118,#2299,.T.);
#2297=LINE('',#117,#2300);
#2298=LINE('',#123,#2301);
#2299=LINE('',#85,#2302);
#2300=VECTOR('',#2303,1.0);
#2301=VECTOR('',#2304,1.0);
#2302=VECTOR('',#2305,1.0);
#2303=DIRECTION('',(-1,0,0));
#2304=DIRECTION('',(0.7808688288171958,-0.6246950233367167,0));
#2305=DIRECTION('',(0,1,0));
#2306=STYLED_ITEM('',(#25),#2307);
#2307=FACE_SURFACE('',(#2312),#2308,.T.);
#2308=PLANE('',#2309);
#2309=AXIS2_PLACEMENT_3D('',#85,#2310,#2311);
#2310=DIRECTION('',(0,0,1));
#2311=DIRECTION('',(-0.7808688288171958,0.6246950233367167,0));
#2312=FACE_BOUND('',#2313,.T.);
#2313=EDGE_LOOP('',(#2314,#2315,#2316));
#2314=ORIENTED_EDGE('',*,*,#2317,.T.);
#2315=ORIENTED_EDGE('',*,*,#2318,.T.);
#2316=ORIENTED_EDGE('',*,*,#2319,.T.);
#2317=EDGE_CURVE('',#86,#124,#2320,.F.);
#2318=EDGE_CURVE('',#124,#128,#2321,.T.);
#2319=EDGE_CURVE('',#128,#86,#2322,.T.);
#2320=LINE('',#85,#2323);
#2321=LINE('',#123,#2324);
#2322=LINE('',#127,#2325);
#2323=VECTOR('',#2326,1.0);
#2324=VECTOR('',#2327,1.0);
#2325=VECTOR('',#2328,1.0);
#2326=DIRECTION('',(-0.7808688288171958,0.6246950233367167,0));
#2327=DIRECTION('',(0,-1,0));
#2328=DIRECTION('',(1,0,0));
#2329=STYLED_ITEM('',(#25),#2330);
#2330=FACE_SURFACE('',(#2335),#2331,.T.);
#2331=PLANE('',#2332);
#2332=AXIS2_PLACEMENT_3D('',#115,#2333,#2334);
#2333=DIRECTION('',(0,-0.020109021683625754,0.9997977931796647));
#2334=DIRECTION('',(0,-0.9997977931796647,-0.020109021683625754));
#2335=FACE_BOUND('',#2336,.T.);
#2336=EDGE_LOOP('',(#2337,#2338,#2339));
#2337=ORIENTED_EDGE('',*,*,#2340,.T.);
#2338=ORIENTED_EDGE('',*,*,#2341,.T.);
#2339=ORIENTED_EDGE('',*,*,#2342,.T.);
#2340=EDGE_CURVE('',#116,#114,#2343,.F.);
#2341=EDGE_CURVE('',#114,#162,#2344,.T.);
#2342=EDGE_CURVE('',#162,#116,#2345,.T.);
#2343=LINE('',#115,#2346);
#2344=LINE('',#113,#2347);
#2345=LINE('',#161,#2348);
#2346=VECTOR('',#2349,1.0);
#2347=VECTOR('',#2350,1.0);
#2348=VECTOR('',#2351,1.0);
#2349=DIRECTION('',(0,-0.9997977931796647,-0.020109021683625754));
#2350=DIRECTION('',(0.9843987948049826,0.17591615561188487,0.0035382172393571016));
#2351=DIRECTION('',(-1,0,0));
#2352=STYLED_ITEM('',(#25),#2353);
#2353=FACE_SURFACE('',(#2358),#2354,.T.);
#2354=PLANE('',#2355);
#2355=AXIS2_PLACEMENT_3D('',#161,#2356,#2357);
#2356=DIRECTION('',(8.36637746220626E-06,-0.0201558196454668,0.9997968507974123));
#2357=DIRECTION('',(-0.9843987948049826,-0.17591615561188487,-0.0035382172393571016));
#2358=FACE_BOUND('',#2359,.T.);
#2359=EDGE_LOOP('',(#2360,#2361,#2362));
#2360=ORIENTED_EDGE('',*,*,#2363,.T.);
#2361=ORIENTED_EDGE('',*,*,#2364,.T.);
#2362=ORIENTED_EDGE('',*,*,#2365,.T.);
#2363=EDGE_CURVE('',#162,#114,#2366,.F.);
#2364=EDGE_CURVE('',#114,#164,#2367,.T.);
#2365=EDGE_CURVE('',#164,#162,#2368,.T.);
#2366=LINE('',#161,#2369);
#2367=LINE('',#113,#2370);
#2368=LINE('',#163,#2371);
#2369=VECTOR('',#2372,1.0);
#2370=VECTOR('',#2373,1.0);
#2371=VECTOR('',#2374,1.0);
#2372=DIRECTION('',(-0.9843987948049826,-0.17591615561188487,-0.0035382172393571016));
#2373=DIRECTION('',(0.9999999667023451,-0.0002577039844746169,-1.3563367603927206E-05));
#2374=DIRECTION('',(0,0.9997968508324033,0.020155819646172215));
#2375=STYLED_ITEM('',(#25),#2376);
#2376=FACE_SURFACE('',(#2381),#2377,.T.);
#2377=PLANE('',#2378);
#2378=AXIS2_PLACEMENT_3D('',#163,#2379,#2380);
#2379=DIRECTION('',(-2.008053326265609E-06,-0.06032780919166279,0.9981786190026822));
#2380=DIRECTION('',(-0.9999999667023451,0.0002577039844746169,1.3563367603927206E-05));
#2381=FACE_BOUND('',#2382,.T.);
#2382=EDGE_LOOP('',(#2383,#2384,#2385));
#2383=ORIENTED_EDGE('',*,*,#2386,.T.);
#2384=ORIENTED_EDGE('',*,*,#2387,.T.);
#2385=ORIENTED_EDGE('',*,*,#2388,.T.);
#2386=EDGE_CURVE('',#164,#114,#2389,.F.);
#2387=EDGE_CURVE('',#114,#112,#2390,.T.);
#2388=EDGE_CURVE('',#112,#164,#2391,.T.);
#2389=LINE('',#163,#2392);
#2390=LINE('',#113,#2393);
#2391=LINE('',#111,#2394);
#2392=VECTOR('',#2395,1.0);
#2393=VECTOR('',#2396,1.0);
#2394=VECTOR('',#2397,1.0);
#2395=DIRECTION('',(-0.9999999667023451,0.0002577039844746169,1.3563367603927206E-05));
#2396=DIRECTION('',(0,-0.9981786190046948,-0.060327809191784425));
#2397=DIRECTION('',(0.9844431405729357,0.17538330961677395,0.010601777528414048));
#2398=STYLED_ITEM('',(#25),#2399);
#2399=FACE_SURFACE('',(#2404),#2400,.T.);
#2400=PLANE('',#2401);
#2401=AXIS2_PLACEMENT_3D('',#163,#2402,#2403);
#2402=DIRECTION('',(9.489258159000079E-06,-0.06039210964591855,0.9981747306972208));
#2403=DIRECTION('',(-0.9844431405729357,-0.17538330961677395,-0.010601777528414048));
#2404=FACE_BOUND('',#2405,.T.);
#2405=EDGE_LOOP('',(#2406,#2407,#2408));
#2406=ORIENTED_EDGE('',*,*,#2409,.T.);
#2407=ORIENTED_EDGE('',*,*,#2410,.T.);
#2408=ORIENTED_EDGE('',*,*,#2411,.T.);
#2409=EDGE_CURVE('',#164,#112,#2412,.F.);
#2410=EDGE_CURVE('',#112,#166,#2413,.T.);
#2411=EDGE_CURVE('',#166,#164,#2414,.T.);
#2412=LINE('',#163,#2415);
#2413=LINE('',#111,#2416);
#2414=LINE('',#165,#2417);
#2415=VECTOR('',#2418,1.0);
#2416=VECTOR('',#2419,1.0);
#2417=VECTOR('',#2420,1.0);
#2418=DIRECTION('',(-0.9844431405729357,-0.17538330961677395,-0.010601777528414048));
#2419=DIRECTION('',(0.9999998663494885,-0.00051540791722657,-4.069009872841343E-05));
#2420=DIRECTION('',(0,0.9981747307421617,0.06039210964863758));
#2421=STYLED_ITEM('',(#25),#2422);
#2422=FACE_SURFACE('',(#2427),#2423,.T.);
#2423=PLANE('',#2424);
#2424=AXIS2_PLACEMENT_3D('',#165,#2425,#2426);
#2425=DIRECTION('',(-1.1259339613852813E-05,-0.1003939966140441,0.9949477600945119));
#2426=DIRECTION('',(-0.9999998663494885,0.00051540791722657,4.069009872841343E-05));
#2427=FACE_BOUND('',#2428,.T.);
#2428=EDGE_LOOP('',(#2429,#2430,#2431));
#2429=ORIENTED_EDGE('',*,*,#2432,.T.);
#2430=ORIENTED_EDGE('',*,*,#2433,.T.);
#2431=ORIENTED_EDGE('',*,*,#2434,.T.);
#2432=EDGE_CURVE('',#166,#112,#2435,.F.);
#2433=EDGE_CURVE('',#112,#110,#2436,.T.);
#2434=EDGE_CURVE('',#110,#166,#2437,.T.);
#2435=LINE('',#165,#2438);
#2436=LINE('',#111,#2439);
#2437=LINE('',#109,#2440);
#2438=VECTOR('',#2441,1.0);
#2439=VECTOR('',#2442,1.0);
#2440=VECTOR('',#2443,1.0);
#2441=DIRECTION('',(-0.9999998663494885,0.00051540791722657,4.069009872841343E-05));
#2442=DIRECTION('',(0,-0.994947760157578,-0.10039399662040771));
#2443=DIRECTION('',(0.9844870091287531,0.17456991799377106,0.017625906738958797));
#2444=STYLED_ITEM('',(#25),#2445);
#2445=FACE_SURFACE('',(#2450),#2446,.T.);
#2446=PLANE('',#2447);
#2447=AXIS2_PLACEMENT_3D('',#165,#2448,#2449);
#2448=DIRECTION('',(3.9682511913298815E-06,-0.10047900616533902,0.994939178696004));
#2449=DIRECTION('',(-0.9844870091287531,-0.17456991799377106,-0.017625906738958797));
#2450=FACE_BOUND('',#2451,.T.);
#2451=EDGE_LOOP('',(#2452,#2453,#2454));
#2452=ORIENTED_EDGE('',*,*,#2455,.T.);
#2453=ORIENTED_EDGE('',*,*,#2456,.T.);
#2454=ORIENTED_EDGE('',*,*,#2457,.T.);
#2455=EDGE_CURVE('',#166,#110,#2458,.F.);
#2456=EDGE_CURVE('',#110,#168,#2459,.T.);
#2457=EDGE_CURVE('',#168,#166,#2460,.T.);
#2458=LINE('',#165,#2461);
#2459=LINE('',#109,#2462);
#2460=LINE('',#167,#2463);
#2461=VECTOR('',#2464,1.0);
#2462=VECTOR('',#2465,1.0);
#2463=VECTOR('',#2466,1.0);
#2464=DIRECTION('',(-0.9844870091287531,-0.17456991799377106,-0.017625906738958797));
#2465=DIRECTION('',(0.9999997030577025,-0.0007663300675830103,-8.138018416810729E-05));
#2466=DIRECTION('',(0,0.9949391787038375,0.10047900616613012));
#2467=STYLED_ITEM('',(#25),#2468);
#2468=FACE_SURFACE('',(#2473),#2469,.T.);
#2469=PLANE('',#2470);
#2470=AXIS2_PLACEMENT_3D('',#167,#2471,#2472);
#2471=DIRECTION('',(-2.6891606444175853E-05,-0.14023667995273598,0.9901180095688975));
#2472=DIRECTION('',(-0.9999997030577025,0.0007663300675830103,8.138018416810729E-05));
#2473=FACE_BOUND('',#2474,.T.);
#2474=EDGE_LOOP('',(#2475,#2476,#2477));
#2475=ORIENTED_EDGE('',*,*,#2478,.T.);
#2476=ORIENTED_EDGE('',*,*,#2479,.T.);
#2477=ORIENTED_EDGE('',*,*,#2480,.T.);
#2478=EDGE_CURVE('',#168,#110,#2481,.F.);
#2479=EDGE_CURVE('',#110,#108,#2482,.T.);
#2480=EDGE_CURVE('',#108,#168,#2483,.T.);
#2481=LINE('',#167,#2484);
#2482=LINE('',#109,#2485);
#2483=LINE('',#107,#2486);
#2484=VECTOR('',#2487,1.0);
#2485=VECTOR('',#2488,1.0);
#2486=VECTOR('',#2489,1.0);
#2487=DIRECTION('',(-0.9999997030577025,0.0007663300675830103,8.138018416810729E-05));
#2488=DIRECTION('',(0,-0.9901180099269037,-0.14023668000344267));
#2489=DIRECTION('',(0.9845308746400587,0.17347602800088166,0.024597247600463706));
#2490=STYLED_ITEM('',(#25),#2491);
#2491=FACE_SURFACE('',(#2496),#2492,.T.);
#2492=PLANE('',#2493);
#2493=AXIS2_PLACEMENT_3D('',#167,#2494,#2495);
#2494=DIRECTION('',(3.111227431709603E-05,-0.14055938182767655,0.9900722494910398));
#2495=DIRECTION('',(-0.9845308746400587,-0.17347602800088166,-0.024597247600463706));
#2496=FACE_BOUND('',#2497,.T.);
#2497=EDGE_LOOP('',(#2498,#2499,#2500));
#2498=ORIENTED_EDGE('',*,*,#2501,.T.);
#2499=ORIENTED_EDGE('',*,*,#2502,.T.);
#2500=ORIENTED_EDGE('',*,*,#2503,.T.);
#2501=EDGE_CURVE('',#168,#108,#2504,.F.);
#2502=EDGE_CURVE('',#108,#170,#2505,.T.);
#2503=EDGE_CURVE('',#170,#168,#2506,.T.);
#2504=LINE('',#167,#2507);
#2505=LINE('',#107,#2508);
#2506=LINE('',#169,#2509);
#2507=VECTOR('',#2510,1.0);
#2508=VECTOR('',#2511,1.0);
#2509=VECTOR('',#2512,1.0);
#2510=DIRECTION('',(-0.9845308746400587,-0.17347602800088166,-0.024597247600463706));
#2511=DIRECTION('',(0.999999463598871,-0.0010206428987062587,-0.00017632369014194504));
#2512=DIRECTION('',(0,0.9900722499702218,0.14055938189570547));
#2513=STYLED_ITEM('',(#25),#2514);
#2514=FACE_SURFACE('',(#2519),#2515,.T.);
#2515=PLANE('',#2516);
#2516=AXIS2_PLACEMENT_3D('',#169,#2517,#2518);
#2517=DIRECTION('',(-1.0265493182805356E-05,-0.1799938194744138,0.9836677410821358));
#2518=DIRECTION('',(-0.999999463598871,0.0010206428987062587,0.00017632369014194504));
#2519=FACE_BOUND('',#2520,.T.);
#2520=EDGE_LOOP('',(#2521,#2522,#2523));
#2521=ORIENTED_EDGE('',*,*,#2524,.T.);
#2522=ORIENTED_EDGE('',*,*,#2525,.T.);
#2523=ORIENTED_EDGE('',*,*,#2526,.T.);
#2524=EDGE_CURVE('',#170,#108,#2527,.F.);
#2525=EDGE_CURVE('',#108,#106,#2528,.T.);
#2526=EDGE_CURVE('',#106,#170,#2529,.T.);
#2527=LINE('',#169,#2530);
#2528=LINE('',#107,#2531);
#2529=LINE('',#105,#2532);
#2530=VECTOR('',#2533,1.0);
#2531=VECTOR('',#2534,1.0);
#2532=VECTOR('',#2535,1.0);
#2533=DIRECTION('',(-0.999999463598871,0.0010206428987062587,0.00017632369014194504));
#2534=DIRECTION('',(0,-0.9836677411339654,-0.1799938194838977));
#2535=DIRECTION('',(0.984574772939873,0.17210494696663206,0.03150243990566896));
#2536=STYLED_ITEM('',(#25),#2537);
#2537=FACE_SURFACE('',(#2542),#2538,.T.);
#2538=PLANE('',#2539);
#2539=AXIS2_PLACEMENT_3D('',#169,#2540,#2541);
#2540=DIRECTION('',(2.6188074261734177E-05,-0.18019560006452873,0.9836307971142269));
#2541=DIRECTION('',(-0.984574772939873,-0.17210494696663206,-0.03150243990566896));
#2542=FACE_BOUND('',#2543,.T.);
#2543=EDGE_LOOP('',(#2544,#2545,#2546));
#2544=ORIENTED_EDGE('',*,*,#2547,.T.);
#2545=ORIENTED_EDGE('',*,*,#2548,.T.);
#2546=ORIENTED_EDGE('',*,*,#2549,.T.);
#2547=EDGE_CURVE('',#170,#106,#2550,.F.);
#2548=EDGE_CURVE('',#106,#172,#2551,.T.);
#2549=EDGE_CURVE('',#172,#170,#2552,.T.);
#2550=LINE('',#169,#2553);
#2551=LINE('',#105,#2554);
#2552=LINE('',#171,#2555);
#2553=VECTOR('',#2556,1.0);
#2554=VECTOR('',#2557,1.0);
#2555=VECTOR('',#2558,1.0);
#2556=DIRECTION('',(-0.984574772939873,-0.17210494696663206,-0.03150243990566896));
#2557=DIRECTION('',(0.9999991712389169,-0.0012613921837730478,-0.00025770377948051515));
#2558=DIRECTION('',(0,0.9836307974515213,0.18019560012631916));
#2559=STYLED_ITEM('',(#25),#2560);
#2560=FACE_SURFACE('',(#2565),#2561,.T.);
#2561=PLANE('',#2562);
#2562=AXIS2_PLACEMENT_3D('',#171,#2563,#2564);
#2563=DIRECTION('',(-2.5399408512895375E-05,-0.21945666978171288,0.9756222473084499));
#2564=DIRECTION('',(-0.9999991712389169,0.0012613921837730478,0.00025770377948051515));
#2565=FACE_BOUND('',#2566,.T.);
#2566=EDGE_LOOP('',(#2567,#2568,#2569));
#2567=ORIENTED_EDGE('',*,*,#2570,.T.);
#2568=ORIENTED_EDGE('',*,*,#2571,.T.);
#2569=ORIENTED_EDGE('',*,*,#2572,.T.);
#2570=EDGE_CURVE('',#172,#106,#2573,.F.);
#2571=EDGE_CURVE('',#106,#104,#2574,.T.);
#2572=EDGE_CURVE('',#104,#172,#2575,.T.);
#2573=LINE('',#171,#2576);
#2574=LINE('',#105,#2577);
#2575=LINE('',#103,#2578);
#2576=VECTOR('',#2579,1.0);
#2577=VECTOR('',#2580,1.0);
#2578=VECTOR('',#2581,1.0);
#2579=DIRECTION('',(-0.9999991712389169,0.0012613921837730478,0.00025770377948051515));
#2580=DIRECTION('',(0,-0.9756222476231515,-0.21945666985250195));
#2581=DIRECTION('',(0.9846179285102743,0.17045650343184426,0.0383681546849232));
#2582=STYLED_ITEM('',(#25),#2583);
#2583=FACE_SURFACE('',(#2588),#2584,.T.);
#2584=PLANE('',#2585);
#2585=AXIS2_PLACEMENT_3D('',#171,#2586,#2587);
#2586=DIRECTION('',(2.717026453970588E-05,-0.21974568742276634,0.9755571905946225));
#2587=DIRECTION('',(-0.9846179285102743,-0.17045650343184426,-0.0383681546849232));
#2588=FACE_BOUND('',#2589,.T.);
#2589=EDGE_LOOP('',(#2590,#2591,#2592));
#2590=ORIENTED_EDGE('',*,*,#2593,.T.);
#2591=ORIENTED_EDGE('',*,*,#2594,.T.);
#2592=ORIENTED_EDGE('',*,*,#2595,.T.);
#2593=EDGE_CURVE('',#172,#104,#2596,.F.);
#2594=EDGE_CURVE('',#104,#174,#2597,.T.);
#2595=EDGE_CURVE('',#174,#172,#2598,.T.);
#2596=LINE('',#171,#2599);
#2597=LINE('',#103,#2600);
#2598=LINE('',#173,#2601);
#2599=VECTOR('',#2602,1.0);
#2600=VECTOR('',#2603,1.0);
#2601=VECTOR('',#2604,1.0);
#2602=DIRECTION('',(-0.9846179285102743,-0.17045650343184426,-0.0383681546849232));
#2603=DIRECTION('',(0.9999988047301032,-0.0015021412166864546,-0.0003662104997790905));
#2604=DIRECTION('',(0,0.9755571909547119,0.21974568750387702));
#2605=STYLED_ITEM('',(#25),#2606);
#2606=FACE_SURFACE('',(#2611),#2607,.T.);
#2607=PLANE('',#2608);
#2608=AXIS2_PLACEMENT_3D('',#173,#2609,#2610);
#2609=DIRECTION('',(-3.447729294565569E-05,-0.2584607609686207,0.9660217564065717));
#2610=DIRECTION('',(-0.9999988047301032,0.0015021412166864546,0.0003662104997790905));
#2611=FACE_BOUND('',#2612,.T.);
#2612=EDGE_LOOP('',(#2613,#2614,#2615));
#2613=ORIENTED_EDGE('',*,*,#2616,.T.);
#2614=ORIENTED_EDGE('',*,*,#2617,.T.);
#2615=ORIENTED_EDGE('',*,*,#2618,.T.);
#2616=EDGE_CURVE('',#174,#104,#2619,.F.);
#2617=EDGE_CURVE('',#104,#102,#2620,.T.);
#2618=EDGE_CURVE('',#102,#174,#2621,.T.);
#2619=LINE('',#173,#2622);
#2620=LINE('',#103,#2623);
#2621=LINE('',#101,#2624);
#2622=VECTOR('',#2625,1.0);
#2623=VECTOR('',#2626,1.0);
#2624=VECTOR('',#2627,1.0);
#2625=DIRECTION('',(-0.9999988047301032,0.0015021412166864546,0.0003662104997790905));
#2626=DIRECTION('',(0,-0.9660217569807189,-0.2584607611222347));
#2627=DIRECTION('',(0.984661659128108,0.16853756791676378,0.04512765497767303));
#2628=STYLED_ITEM('',(#25),#2629);
#2629=FACE_SURFACE('',(#2634),#2630,.T.);
#2630=PLANE('',#2631);
#2631=AXIS2_PLACEMENT_3D('',#173,#2632,#2633);
#2632=DIRECTION('',(3.536404710111072E-05,-0.25884150328586814,0.9659198077097788));
#2633=DIRECTION('',(-0.984661659128108,-0.16853756791676378,-0.04512765497767303));
#2634=FACE_BOUND('',#2635,.T.);
#2635=EDGE_LOOP('',(#2636,#2637,#2638));
#2636=ORIENTED_EDGE('',*,*,#2639,.T.);
#2637=ORIENTED_EDGE('',*,*,#2640,.T.);
#2638=ORIENTED_EDGE('',*,*,#2641,.T.);
#2639=EDGE_CURVE('',#174,#102,#2642,.F.);
#2640=EDGE_CURVE('',#102,#176,#2643,.T.);
#2641=EDGE_CURVE('',#176,#174,#2644,.T.);
#2642=LINE('',#173,#2645);
#2643=LINE('',#101,#2646);
#2644=LINE('',#175,#2647);
#2645=VECTOR('',#2648,1.0);
#2646=VECTOR('',#2649,1.0);
#2647=VECTOR('',#2650,1.0);
#2648=DIRECTION('',(-0.984661659128108,-0.16853756791676378,-0.04512765497767303));
#2649=DIRECTION('',(0.9999983670390944,-0.001736108276109539,-0.0005018437985629136));
#2650=DIRECTION('',(0,0.9659198083137761,0.2588415034477238));
#2651=STYLED_ITEM('',(#25),#2652);
#2652=FACE_SURFACE('',(#2657),#2653,.T.);
#2653=PLANE('',#2654);
#2654=AXIS2_PLACEMENT_3D('',#175,#2655,#2656);
#2655=DIRECTION('',(-3.6588629684736844E-05,-0.29708653987415756,0.9548505571485376));
#2656=DIRECTION('',(-0.9999983670390944,0.001736108276109539,0.0005018437985629136));
#2657=FACE_BOUND('',#2658,.T.);
#2658=EDGE_LOOP('',(#2659,#2660,#2661));
#2659=ORIENTED_EDGE('',*,*,#2662,.T.);
#2660=ORIENTED_EDGE('',*,*,#2663,.T.);
#2661=ORIENTED_EDGE('',*,*,#2664,.T.);
#2662=EDGE_CURVE('',#176,#102,#2665,.F.);
#2663=EDGE_CURVE('',#102,#100,#2666,.T.);
#2664=EDGE_CURVE('',#100,#176,#2667,.T.);
#2665=LINE('',#175,#2668);
#2666=LINE('',#101,#2669);
#2667=LINE('',#99,#2670);
#2668=VECTOR('',#2671,1.0);
#2669=VECTOR('',#2672,1.0);
#2670=VECTOR('',#2673,1.0);
#2671=DIRECTION('',(-0.9999983670390944,0.001736108276109539,0.0005018437985629136));
#2672=DIRECTION('',(0,-0.9548505577876801,-0.2970865400730166));
#2673=DIRECTION('',(0.9847058777777574,0.16634808631350326,0.05179428974096874));
#2674=STYLED_ITEM('',(#25),#2675);
#2675=FACE_SURFACE('',(#2680),#2676,.T.);
#2676=PLANE('',#2677);
#2677=AXIS2_PLACEMENT_3D('',#175,#2678,#2679);
#2678=DIRECTION('',(3.950631593087885E-05,-0.29749717707238593,0.9547226969509065));
#2679=DIRECTION('',(-0.9847058777777574,-0.16634808631350326,-0.05179428974096874));
#2680=FACE_BOUND('',#2681,.T.);
#2681=EDGE_LOOP('',(#2682,#2683,#2684));
#2682=ORIENTED_EDGE('',*,*,#2685,.T.);
#2683=ORIENTED_EDGE('',*,*,#2686,.T.);
#2684=ORIENTED_EDGE('',*,*,#2687,.T.);
#2685=EDGE_CURVE('',#176,#100,#2688,.F.);
#2686=EDGE_CURVE('',#100,#178,#2689,.T.);
#2687=EDGE_CURVE('',#178,#176,#2690,.T.);
#2688=LINE('',#175,#2691);
#2689=LINE('',#99,#2692);
#2690=LINE('',#177,#2693);
#2691=VECTOR('',#2694,1.0);
#2692=VECTOR('',#2695,1.0);
#2693=VECTOR('',#2696,1.0);
#2694=DIRECTION('',(-0.9847058777777574,-0.16634808631350326,-0.05179428974096874));
#2695=DIRECTION('',(0.9999978741020333,-0.0019565116826608386,-0.0006510402826185112));
#2696=DIRECTION('',(0,0.9547226976959478,0.29749717730454517));
#2697=STYLED_ITEM('',(#25),#2698);
#2698=FACE_SURFACE('',(#2703),#2699,.T.);
#2699=PLANE('',#2700);
#2700=AXIS2_PLACEMENT_3D('',#177,#2701,#2702);
#2701=DIRECTION('',(-4.2561332064113594E-05,-0.33525217657671647,0.942128428766008));
#2702=DIRECTION('',(-0.9999978741020333,0.0019565116826608386,0.0006510402826185112));
#2703=FACE_BOUND('',#2704,.T.);
#2704=EDGE_LOOP('',(#2705,#2706,#2707));
#2705=ORIENTED_EDGE('',*,*,#2708,.T.);
#2706=ORIENTED_EDGE('',*,*,#2709,.T.);
#2707=ORIENTED_EDGE('',*,*,#2710,.T.);
#2708=EDGE_CURVE('',#178,#100,#2711,.F.);
#2709=EDGE_CURVE('',#100,#98,#2712,.T.);
#2710=EDGE_CURVE('',#98,#178,#2713,.T.);
#2711=LINE('',#177,#2714);
#2712=LINE('',#99,#2715);
#2713=LINE('',#97,#2716);
#2714=VECTOR('',#2717,1.0);
#2715=VECTOR('',#2718,1.0);
#2716=VECTOR('',#2719,1.0);
#2717=DIRECTION('',(-0.9999978741020333,0.0019565116826608386,0.0006510402826185112));
#2718=DIRECTION('',(0,-0.9421284296193254,-0.3352521768803656));
#2719=DIRECTION('',(0.9847485142916629,0.1639010308973737,0.05836793358635209));
#2720=STYLED_ITEM('',(#25),#2721);
#2721=FACE_SURFACE('',(#2726),#2722,.T.);
#2722=PLANE('',#2723);
#2723=AXIS2_PLACEMENT_3D('',#177,#2724,#2725);
#2724=DIRECTION('',(3.8104248901769915E-05,-0.33568228669511896,0.9419752655708121));
#2725=DIRECTION('',(-0.9847485142916629,-0.1639010308973737,-0.05836793358635209));
#2726=FACE_BOUND('',#2727,.T.);
#2727=EDGE_LOOP('',(#2728,#2729,#2730));
#2728=ORIENTED_EDGE('',*,*,#2731,.T.);
#2729=ORIENTED_EDGE('',*,*,#2732,.T.);
#2730=ORIENTED_EDGE('',*,*,#2733,.T.);
#2731=EDGE_CURVE('',#178,#98,#2734,.F.);
#2732=EDGE_CURVE('',#98,#180,#2735,.T.);
#2733=EDGE_CURVE('',#180,#178,#2736,.T.);
#2734=LINE('',#177,#2737);
#2735=LINE('',#97,#2738);
#2736=LINE('',#179,#2739);
#2737=VECTOR('',#2740,1.0);
#2738=VECTOR('',#2741,1.0);
#2739=VECTOR('',#2742,1.0);
#2740=DIRECTION('',(-0.9847485142916629,-0.1639010308973737,-0.05836793358635209));
#2741=DIRECTION('',(0.999997314122507,-0.0021701330601616906,-0.0008137998975606339));
#2742=DIRECTION('',(0,0.9419752662546551,0.33568228693881325));
#2743=STYLED_ITEM('',(#25),#2744);
#2744=FACE_SURFACE('',(#2749),#2745,.T.);
#2745=PLANE('',#2746);
#2746=AXIS2_PLACEMENT_3D('',#179,#2747,#2748);
#2747=DIRECTION('',(-5.3948446249006733E-05,-0.3728228897131503,0.9279025218176213));
#2748=DIRECTION('',(-0.999997314122507,0.0021701330601616906,0.0008137998975606339));
#2749=FACE_BOUND('',#2750,.T.);
#2750=EDGE_LOOP('',(#2751,#2752,#2753));
#2751=ORIENTED_EDGE('',*,*,#2754,.T.);
#2752=ORIENTED_EDGE('',*,*,#2755,.T.);
#2753=ORIENTED_EDGE('',*,*,#2756,.T.);
#2754=EDGE_CURVE('',#180,#98,#2757,.F.);
#2755=EDGE_CURVE('',#98,#96,#2758,.T.);
#2756=EDGE_CURVE('',#96,#180,#2759,.T.);
#2757=LINE('',#179,#2760);
#2758=LINE('',#97,#2761);
#2759=LINE('',#95,#2762);
#2760=VECTOR('',#2763,1.0);
#2761=VECTOR('',#2764,1.0);
#2762=VECTOR('',#2765,1.0);
#2763=DIRECTION('',(-0.999997314122507,0.0021701330601616906,0.0008137998975606339));
#2764=DIRECTION('',(0,-0.9279025231679213,-0.37282289025568865));
#2765=DIRECTION('',(0.9847922847740112,0.16119014613961552,0.06482200735145774));
#2766=STYLED_ITEM('',(#25),#2767);
#2767=FACE_SURFACE('',(#2772),#2768,.T.);
#2768=PLANE('',#2769);
#2769=AXIS2_PLACEMENT_3D('',#179,#2770,#2771);
#2770=DIRECTION('',(4.495281609309514E-05,-0.37334301805366066,0.9276933700581396));
#2771=DIRECTION('',(-0.9847922847740112,-0.16119014613961552,-0.06482200735145774));
#2772=FACE_BOUND('',#2773,.T.);
#2773=EDGE_LOOP('',(#2774,#2775,#2776));
#2774=ORIENTED_EDGE('',*,*,#2777,.T.);
#2775=ORIENTED_EDGE('',*,*,#2778,.T.);
#2776=ORIENTED_EDGE('',*,*,#2779,.T.);
#2777=EDGE_CURVE('',#180,#96,#2780,.F.);
#2778=EDGE_CURVE('',#96,#182,#2781,.T.);
#2779=EDGE_CURVE('',#182,#180,#2782,.T.);
#2780=LINE('',#179,#2783);
#2781=LINE('',#95,#2784);
#2782=LINE('',#181,#2785);
#2783=VECTOR('',#2786,1.0);
#2784=VECTOR('',#2787,1.0);
#2785=VECTOR('',#2788,1.0);
#2786=DIRECTION('',(-0.9847922847740112,-0.16119014613961552,-0.06482200735145774));
#2787=DIRECTION('',(0.9999966793571557,-0.0023735815278795335,-0.0010036859032176314));
#2788=DIRECTION('',(0,0.9276933709954605,0.3733430184308782));
#2789=STYLED_ITEM('',(#25),#2790);
#2790=FACE_SURFACE('',(#2795),#2791,.T.);
#2791=PLANE('',#2792);
#2792=AXIS2_PLACEMENT_3D('',#181,#2793,#2794);
#2793=DIRECTION('',(-5.728503944354529E-05,-0.4098455748876013,0.9121549218545476));
#2794=DIRECTION('',(-0.9999966793571557,0.0023735815278795335,0.0010036859032176314));
#2795=FACE_BOUND('',#2796,.T.);
#2796=EDGE_LOOP('',(#2797,#2798,#2799));
#2797=ORIENTED_EDGE('',*,*,#2800,.T.);
#2798=ORIENTED_EDGE('',*,*,#2801,.T.);
#2799=ORIENTED_EDGE('',*,*,#2802,.T.);
#2800=EDGE_CURVE('',#182,#96,#2803,.F.);
#2801=EDGE_CURVE('',#96,#94,#2804,.T.);
#2802=EDGE_CURVE('',#94,#182,#2805,.T.);
#2803=LINE('',#181,#2806);
#2804=LINE('',#95,#2807);
#2805=LINE('',#93,#2808);
#2806=VECTOR('',#2809,1.0);
#2807=VECTOR('',#2810,1.0);
#2808=VECTOR('',#2811,1.0);
#2809=DIRECTION('',(-0.9999966793571557,0.0023735815278795335,0.0010036859032176314));
#2810=DIRECTION('',(0,-0.9121549233512004,-0.409845575560071));
#2811=DIRECTION('',(0.9848352810904778,0.1582284386143291,0.07115637942666253));
#2812=STYLED_ITEM('',(#25),#2813);
#2813=FACE_SURFACE('',(#2818),#2814,.T.);
#2814=PLANE('',#2815);
#2815=AXIS2_PLACEMENT_3D('',#181,#2816,#2817);
#2816=DIRECTION('',(6.230563550237342E-05,-0.4104647076026467,0.9118764828257616));
#2817=DIRECTION('',(-0.9848352810904778,-0.1582284386143291,-0.07115637942666253));
#2818=FACE_BOUND('',#2819,.T.);
#2819=EDGE_LOOP('',(#2820,#2821,#2822));
#2820=ORIENTED_EDGE('',*,*,#2823,.T.);
#2821=ORIENTED_EDGE('',*,*,#2824,.T.);
#2822=ORIENTED_EDGE('',*,*,#2825,.T.);
#2823=EDGE_CURVE('',#182,#94,#2826,.F.);
#2824=EDGE_CURVE('',#94,#184,#2827,.T.);
#2825=EDGE_CURVE('',#184,#182,#2828,.T.);
#2826=LINE('',#181,#2829);
#2827=LINE('',#93,#2830);
#2828=LINE('',#183,#2831);
#2829=VECTOR('',#2832,1.0);
#2830=VECTOR('',#2833,1.0);
#2831=VECTOR('',#2834,1.0);
#2832=DIRECTION('',(-0.9848352810904778,-0.1582284386143291,-0.07115637942666253));
#2833=DIRECTION('',(0.9999959779467578,-0.0025600754236850386,-0.0012206982152670382));
#2834=DIRECTION('',(0,0.9118764845957104,0.4104647083993571));
#2835=STYLED_ITEM('',(#25),#2836);
#2836=FACE_SURFACE('',(#2841),#2837,.T.);
#2837=PLANE('',#2838);
#2838=AXIS2_PLACEMENT_3D('',#183,#2839,#2840);
#2839=DIRECTION('',(-4.9875208315167483E-05,-0.44620403918742674,0.8949312559774014));
#2840=DIRECTION('',(-0.9999959779467578,0.0025600754236850386,0.0012206982152670382));
#2841=FACE_BOUND('',#2842,.T.);
#2842=EDGE_LOOP('',(#2843,#2844,#2845));
#2843=ORIENTED_EDGE('',*,*,#2846,.T.);
#2844=ORIENTED_EDGE('',*,*,#2847,.T.);
#2845=ORIENTED_EDGE('',*,*,#2848,.T.);
#2846=EDGE_CURVE('',#184,#94,#2849,.F.);
#2847=EDGE_CURVE('',#94,#92,#2850,.T.);
#2848=EDGE_CURVE('',#92,#184,#2851,.T.);
#2849=LINE('',#183,#2852);
#2850=LINE('',#93,#2853);
#2851=LINE('',#91,#2854);
#2852=VECTOR('',#2855,1.0);
#2853=VECTOR('',#2856,1.0);
#2854=VECTOR('',#2857,1.0);
#2855=DIRECTION('',(-0.9999959779467578,0.0025600754236850386,0.0012206982152670382));
#2856=DIRECTION('',(0,-0.8949312570904883,-0.446204039742401));
#2857=DIRECTION('',(0.9848795905125344,0.1550162110474,0.07734446654008754));
#2858=STYLED_ITEM('',(#25),#2859);
#2859=FACE_SURFACE('',(#2864),#2860,.T.);
#2860=PLANE('',#2861);
#2861=AXIS2_PLACEMENT_3D('',#183,#2862,#2863);
#2862=DIRECTION('',(6.217729757571683E-05,-0.44677404108014956,0.8946468310740817));
#2863=DIRECTION('',(-0.9848795905125344,-0.1550162110474,-0.07734446654008754));
#2864=FACE_BOUND('',#2865,.T.);
#2865=EDGE_LOOP('',(#2866,#2867,#2868));
#2866=ORIENTED_EDGE('',*,*,#2869,.T.);
#2867=ORIENTED_EDGE('',*,*,#2870,.T.);
#2868=ORIENTED_EDGE('',*,*,#2871,.T.);
#2869=EDGE_CURVE('',#184,#92,#2872,.F.);
#2870=EDGE_CURVE('',#92,#186,#2873,.T.);
#2871=EDGE_CURVE('',#186,#184,#2874,.T.);
#2872=LINE('',#183,#2875);
#2873=LINE('',#91,#2876);
#2874=LINE('',#185,#2877);
#2875=VECTOR('',#2878,1.0);
#2876=VECTOR('',#2879,1.0);
#2877=VECTOR('',#2880,1.0);
#2878=DIRECTION('',(-0.9848795905125344,-0.1550162110474,-0.07734446654008754));
#2879=DIRECTION('',(0.999995213266292,-0.002739787232527547,-0.001437710131920396));
#2880=DIRECTION('',(0,0.8946468328034414,0.4467740419437674));
#2881=STYLED_ITEM('',(#25),#2882);
#2882=FACE_SURFACE('',(#2887),#2883,.T.);
#2883=PLANE('',#2884);
#2884=AXIS2_PLACEMENT_3D('',#185,#2885,#2886);
#2885=DIRECTION('',(-6.037924103579439E-05,-0.4818532061297666,0.8762519524068473));
#2886=DIRECTION('',(-0.999995213266292,0.002739787232527547,0.001437710131920396));
#2887=FACE_BOUND('',#2888,.T.);
#2888=EDGE_LOOP('',(#2889,#2890,#2891));
#2889=ORIENTED_EDGE('',*,*,#2892,.T.);
#2890=ORIENTED_EDGE('',*,*,#2893,.T.);
#2891=ORIENTED_EDGE('',*,*,#2894,.T.);
#2892=EDGE_CURVE('',#186,#92,#2895,.F.);
#2893=EDGE_CURVE('',#92,#90,#2896,.T.);
#2894=EDGE_CURVE('',#90,#186,#2897,.T.);
#2895=LINE('',#185,#2898);
#2896=LINE('',#91,#2899);
#2897=LINE('',#89,#2900);
#2898=VECTOR('',#2901,1.0);
#2899=VECTOR('',#2902,1.0);
#2900=VECTOR('',#2903,1.0);
#2901=DIRECTION('',(-0.999995213266292,0.002739787232527547,0.001437710131920396));
#2902=DIRECTION('',(0,-0.8762519540041025,-0.4818532070081014));
#2903=DIRECTION('',(0.9849218261316327,0.15156291474577419,0.08341270456768005));
#2904=STYLED_ITEM('',(#25),#2905);
#2905=FACE_SURFACE('',(#2910),#2906,.T.);
#2906=PLANE('',#2907);
#2907=AXIS2_PLACEMENT_3D('',#185,#2908,#2909);
#2908=DIRECTION('',(6.092622737098529E-05,-0.4824582439903199,0.8759189683376949));
#2909=DIRECTION('',(-0.9849218261316327,-0.15156291474577419,-0.08341270456768005));
#2910=FACE_BOUND('',#2911,.T.);
#2911=EDGE_LOOP('',(#2912,#2913,#2914));
#2912=ORIENTED_EDGE('',*,*,#2915,.T.);
#2913=ORIENTED_EDGE('',*,*,#2916,.T.);
#2914=ORIENTED_EDGE('',*,*,#2917,.T.);
#2915=EDGE_CURVE('',#186,#90,#2918,.F.);
#2916=EDGE_CURVE('',#90,#188,#2919,.T.);
#2917=EDGE_CURVE('',#188,#186,#2920,.T.);
#2918=LINE('',#185,#2921);
#2919=LINE('',#89,#2922);
#2920=LINE('',#187,#2923);
#2921=VECTOR('',#2924,1.0);
#2922=VECTOR('',#2925,1.0);
#2923=VECTOR('',#2926,1.0);
#2924=DIRECTION('',(-0.9849218261316327,-0.15156291474577419,-0.08341270456768005));
#2925=DIRECTION('',(0.9999943960147262,-0.0029025444979811116,-0.0016682849217368072));
#2926=DIRECTION('',(0,0.8759189699634027,0.48245824488576367));
#2927=STYLED_ITEM('',(#25),#2928);
#2928=FACE_SURFACE('',(#2933),#2929,.T.);
#2929=PLANE('',#2930);
#2930=AXIS2_PLACEMENT_3D('',#187,#2931,#2932);
#2931=DIRECTION('',(-7.115757311495537E-05,-0.5166340345868273,0.8562063239915579));
#2932=DIRECTION('',(-0.9999943960147262,0.0029025444979811116,0.0016682849217368072));
#2933=FACE_BOUND('',#2934,.T.);
#2934=EDGE_LOOP('',(#2935,#2936,#2937));
#2935=ORIENTED_EDGE('',*,*,#2938,.T.);
#2936=ORIENTED_EDGE('',*,*,#2939,.T.);
#2937=ORIENTED_EDGE('',*,*,#2940,.T.);
#2938=EDGE_CURVE('',#188,#90,#2941,.F.);
#2939=EDGE_CURVE('',#90,#88,#2942,.T.);
#2940=EDGE_CURVE('',#88,#188,#2943,.T.);
#2941=LINE('',#187,#2944);
#2942=LINE('',#89,#2945);
#2943=LINE('',#87,#2946);
#2944=VECTOR('',#2947,1.0);
#2945=VECTOR('',#2948,1.0);
#2946=VECTOR('',#2949,1.0);
#2947=DIRECTION('',(-0.9999943960147262,0.0029025444979811116,0.0016682849217368072));
#2948=DIRECTION('',(0,-0.8562063261592155,-0.5166340358947897));
#2949=DIRECTION('',(0.9849658989910492,0.14787246764400466,0.08930795674309847));
#2950=STYLED_ITEM('',(#25),#2951);
#2951=FACE_SURFACE('',(#2956),#2952,.T.);
#2952=PLANE('',#2953);
#2953=AXIS2_PLACEMENT_3D('',#187,#2954,#2955);
#2954=DIRECTION('',(6.951603238162581E-05,-0.5173206157515835,0.8557916660530902));
#2955=DIRECTION('',(-0.9849658989910492,-0.14787246764400466,-0.08930795674309847));
#2956=FACE_BOUND('',#2957,.T.);
#2957=EDGE_LOOP('',(#2958,#2959,#2960));
#2958=ORIENTED_EDGE('',*,*,#2961,.T.);
#2959=ORIENTED_EDGE('',*,*,#2962,.T.);
#2960=ORIENTED_EDGE('',*,*,#2963,.T.);
#2961=EDGE_CURVE('',#188,#88,#2964,.F.);
#2962=EDGE_CURVE('',#88,#190,#2965,.T.);
#2963=EDGE_CURVE('',#190,#188,#2966,.T.);
#2964=LINE('',#187,#2967);
#2965=LINE('',#87,#2968);
#2966=LINE('',#189,#2969);
#2967=VECTOR('',#2970,1.0);
#2968=VECTOR('',#2971,1.0);
#2969=VECTOR('',#2972,1.0);
#2970=DIRECTION('',(-0.9849658989910492,-0.14787246764400466,-0.08930795674309847));
#2971=DIRECTION('',(0.9999934887160664,-0.0030517379416383863,-0.001925985723167337));
#2972=DIRECTION('',(0,0.8557916681208877,0.517320617001554));
#2973=STYLED_ITEM('',(#25),#2974);
#2974=FACE_SURFACE('',(#2979),#2975,.T.);
#2975=PLANE('',#2976);
#2976=AXIS2_PLACEMENT_3D('',#189,#2977,#2978);
#2977=DIRECTION('',(-7.289523959417299E-05,-0.550683622610204,0.8347140483274417));
#2978=DIRECTION('',(-0.9999934887160664,0.0030517379416383863,0.001925985723167337));
#2979=FACE_BOUND('',#2980,.T.);
#2980=EDGE_LOOP('',(#2981,#2982,#2983));
#2981=ORIENTED_EDGE('',*,*,#2984,.T.);
#2982=ORIENTED_EDGE('',*,*,#2985,.T.);
#2983=ORIENTED_EDGE('',*,*,#2986,.T.);
#2984=EDGE_CURVE('',#190,#88,#2987,.F.);
#2985=EDGE_CURVE('',#88,#84,#2988,.T.);
#2986=EDGE_CURVE('',#84,#190,#2989,.T.);
#2987=LINE('',#189,#2990);
#2988=LINE('',#87,#2991);
#2989=LINE('',#83,#2992);
#2990=VECTOR('',#2993,1.0);
#2991=VECTOR('',#2994,1.0);
#2992=VECTOR('',#2995,1.0);
#2993=DIRECTION('',(-0.9999934887160664,0.0030517379416383863,0.001925985723167337));
#2994=DIRECTION('',(0,-0.8347140505451583,-0.5506836240732922));
#2995=DIRECTION('',(0.9850083204365144,0.1439543274292459,0.09505661620965983));
#2996=STYLED_ITEM('',(#25),#2997);
#2997=FACE_SURFACE('',(#3002),#2998,.T.);
#2998=PLANE('',#2999);
#2999=AXIS2_PLACEMENT_3D('',#189,#3000,#3001);
#3000=DIRECTION('',(7.73924002895783E-05,-0.5513997189778538,0.8342411785098841));
#3001=DIRECTION('',(-0.9850083204365144,-0.1439543274292459,-0.09505661620965983));
#3002=FACE_BOUND('',#3003,.T.);
#3003=EDGE_LOOP('',(#3004,#3005,#3006));
#3004=ORIENTED_EDGE('',*,*,#3007,.T.);
#3005=ORIENTED_EDGE('',*,*,#3008,.T.);
#3006=ORIENTED_EDGE('',*,*,#3009,.T.);
#3007=EDGE_CURVE('',#190,#84,#3010,.F.);
#3008=EDGE_CURVE('',#84,#192,#3011,.T.);
#3009=EDGE_CURVE('',#192,#190,#3012,.T.);
#3010=LINE('',#189,#3013);
#3011=LINE('',#83,#3014);
#3012=LINE('',#191,#3015);
#3013=VECTOR('',#3016,1.0);
#3014=VECTOR('',#3017,1.0);
#3015=VECTOR('',#3018,1.0);
#3016=DIRECTION('',(-0.9850083204365144,-0.1439543274292459,-0.09505661620965983));
#3017=DIRECTION('',(0.9999925171658036,-0.003183976825692714,-0.0021972491832256426));
#3018=DIRECTION('',(0,0.8342411810082626,0.5513997206291812));
#3019=STYLED_ITEM('',(#25),#3020);
#3020=FACE_SURFACE('',(#3025),#3021,.T.);
#3021=PLANE('',#3022);
#3022=AXIS2_PLACEMENT_3D('',#191,#3023,#3024);
#3023=DIRECTION('',(-7.47786199502815E-05,-0.5837818454013367,0.8119105562732681));
#3024=DIRECTION('',(-0.9999925171658036,0.003183976825692714,0.0021972491832256426));
#3025=FACE_BOUND('',#3026,.T.);
#3026=EDGE_LOOP('',(#3027,#3028,#3029));
#3027=ORIENTED_EDGE('',*,*,#3030,.T.);
#3028=ORIENTED_EDGE('',*,*,#3031,.T.);
#3029=ORIENTED_EDGE('',*,*,#3032,.T.);
#3030=EDGE_CURVE('',#192,#84,#3033,.F.);
#3031=EDGE_CURVE('',#84,#82,#3034,.T.);
#3032=EDGE_CURVE('',#82,#192,#3035,.T.);
#3033=LINE('',#191,#3036);
#3034=LINE('',#83,#3037);
#3035=LINE('',#81,#3038);
#3036=VECTOR('',#3039,1.0);
#3037=VECTOR('',#3040,1.0);
#3038=VECTOR('',#3041,1.0);
#3039=DIRECTION('',(-0.9999925171658036,0.003183976825692714,0.0021972491832256426));
#3040=DIRECTION('',(0,-0.811910558543306,-0.5837818470335446));
#3041=DIRECTION('',(0.9850524641716565,0.13981230348475884,0.10061889794483432));
#3042=STYLED_ITEM('',(#25),#3043);
#3043=FACE_SURFACE('',(#3048),#3044,.T.);
#3044=PLANE('',#3045);
#3045=AXIS2_PLACEMENT_3D('',#191,#3046,#3047);
#3046=DIRECTION('',(8.539416744184837E-05,-0.5845252788835312,0.8113754932544895));
#3047=DIRECTION('',(-0.9850524641716565,-0.13981230348475884,-0.10061889794483432));
#3048=FACE_BOUND('',#3049,.T.);
#3049=EDGE_LOOP('',(#3050,#3051,#3052));
#3050=ORIENTED_EDGE('',*,*,#3053,.T.);
#3051=ORIENTED_EDGE('',*,*,#3054,.T.);
#3052=ORIENTED_EDGE('',*,*,#3055,.T.);
#3053=EDGE_CURVE('',#192,#82,#3056,.F.);
#3054=EDGE_CURVE('',#82,#194,#3057,.T.);
#3055=EDGE_CURVE('',#194,#192,#3058,.T.);
#3056=LINE('',#191,#3059);
#3057=LINE('',#81,#3060);
#3058=LINE('',#193,#3061);
#3059=VECTOR('',#3062,1.0);
#3060=VECTOR('',#3063,1.0);
#3061=VECTOR('',#3064,1.0);
#3062=DIRECTION('',(-0.9850524641716565,-0.13981230348475884,-0.10061889794483432));
#3063=DIRECTION('',(0.9999914770529316,-0.003299261159845996,-0.0024820751993908214));
#3064=DIRECTION('',(0,0.8113754962128311,0.5845252810147583));
#3065=STYLED_ITEM('',(#25),#3066);
#3066=FACE_SURFACE('',(#3071),#3067,.T.);
#3067=PLANE('',#3068);
#3068=AXIS2_PLACEMENT_3D('',#193,#3069,#3070);
#3069=DIRECTION('',(0,-0.6011819974836434,0.7991121359994331));
#3070=DIRECTION('',(-0.9999914770529316,0.003299261159845996,0.0024820751993908214));
#3071=FACE_BOUND('',#3072,.T.);
#3072=EDGE_LOOP('',(#3073,#3074,#3075));
#3073=ORIENTED_EDGE('',*,*,#3076,.T.);
#3074=ORIENTED_EDGE('',*,*,#3077,.T.);
#3075=ORIENTED_EDGE('',*,*,#3078,.T.);
#3076=EDGE_CURVE('',#194,#82,#3079,.F.);
#3077=EDGE_CURVE('',#82,#196,#3080,.T.);
#3078=EDGE_CURVE('',#196,#194,#3081,.T.);
#3079=LINE('',#193,#3082);
#3080=LINE('',#81,#3083);
#3081=LINE('',#195,#3084);
#3082=VECTOR('',#3085,1.0);
#3083=VECTOR('',#3086,1.0);
#3084=VECTOR('',#3087,1.0);
#3085=DIRECTION('',(-0.9999914770529316,0.003299261159845996,0.0024820751993908214));
#3086=DIRECTION('',(-0.9999976111935476,-0.001746678387256078,-0.001314047872015878));
#3087=DIRECTION('',(1,0,0));
#3088=STYLED_ITEM('',(#25),#3089);
#3089=FACE_SURFACE('',(#3094),#3090,.T.);
#3090=PLANE('',#3091);
#3091=AXIS2_PLACEMENT_3D('',#193,#3092,#3093);
#3092=DIRECTION('',(0,-0.6167249770167862,0.7871786980880799));
#3093=DIRECTION('',(-1,0,0));
#3094=FACE_BOUND('',#3095,.T.);
#3095=EDGE_LOOP('',(#3096,#3097,#3098));
#3096=ORIENTED_EDGE('',*,*,#3099,.T.);
#3097=ORIENTED_EDGE('',*,*,#3100,.T.);
#3098=ORIENTED_EDGE('',*,*,#3101,.T.);
#3099=EDGE_CURVE('',#194,#196,#3102,.F.);
#3100=EDGE_CURVE('',#196,#198,#3103,.T.);
#3101=EDGE_CURVE('',#198,#194,#3104,.T.);
#3102=LINE('',#193,#3105);
#3103=LINE('',#195,#3106);
#3104=LINE('',#197,#3107);
#3105=VECTOR('',#3108,1.0);
#3106=VECTOR('',#3109,1.0);
#3107=VECTOR('',#3110,1.0);
#3108=DIRECTION('',(-1,0,0));
#3109=DIRECTION('',(0.9980859461391696,-0.04868077604542313,-0.03813956165314519));
#3110=DIRECTION('',(0,0.7871786980880799,0.6167249770167862));
#3111=STYLED_ITEM('',(#25),#3112);
#3112=FACE_SURFACE('',(#3117),#3113,.T.);
#3113=PLANE('',#3114);
#3114=AXIS2_PLACEMENT_3D('',#197,#3115,#3116);
#3115=DIRECTION('',(0,-0.6167249770167862,0.7871786980880799));
#3116=DIRECTION('',(-0.9980859461391696,0.04868077604542313,0.03813956165314519));
#3117=FACE_BOUND('',#3118,.T.);
#3118=EDGE_LOOP('',(#3119,#3120,#3121));
#3119=ORIENTED_EDGE('',*,*,#3122,.T.);
#3120=ORIENTED_EDGE('',*,*,#3123,.T.);
#3121=ORIENTED_EDGE('',*,*,#3124,.T.);
#3122=EDGE_CURVE('',#198,#196,#3125,.F.);
#3123=EDGE_CURVE('',#196,#200,#3126,.T.);
#3124=EDGE_CURVE('',#200,#198,#3127,.T.);
#3125=LINE('',#197,#3128);
#3126=LINE('',#195,#3129);
#3127=LINE('',#199,#3130);
#3128=VECTOR('',#3131,1.0);
#3129=VECTOR('',#3132,1.0);
#3130=VECTOR('',#3133,1.0);
#3131=DIRECTION('',(-0.9980859461391696,0.04868077604542313,0.03813956165314519));
#3132=DIRECTION('',(0,-0.7871786980880799,-0.6167249770167862));
#3133=DIRECTION('',(1,0,0));
#3134=STYLED_ITEM('',(#25),#3135);
#3135=FACE_SURFACE('',(#3140),#3136,.T.);
#3136=PLANE('',#3137);
#3137=AXIS2_PLACEMENT_3D('',#197,#3138,#3139);
#3138=DIRECTION('',(0,-0.647894194543723,0.7617303411815368));
#3139=DIRECTION('',(-1,0,0));
#3140=FACE_BOUND('',#3141,.T.);
#3141=EDGE_LOOP('',(#3142,#3143,#3144));
#3142=ORIENTED_EDGE('',*,*,#3145,.T.);
#3143=ORIENTED_EDGE('',*,*,#3146,.T.);
#3144=ORIENTED_EDGE('',*,*,#3147,.T.);
#3145=EDGE_CURVE('',#198,#200,#3148,.F.);
#3146=EDGE_CURVE('',#200,#202,#3149,.T.);
#3147=EDGE_CURVE('',#202,#198,#3150,.T.);
#3148=LINE('',#197,#3151);
#3149=LINE('',#199,#3152);
#3150=LINE('',#201,#3153);
#3151=VECTOR('',#3154,1.0);
#3152=VECTOR('',#3155,1.0);
#3153=VECTOR('',#3156,1.0);
#3154=DIRECTION('',(-1,0,0));
#3155=DIRECTION('',(0.9980860998109361,-0.04710510721916542,-0.04006552430787778));
#3156=DIRECTION('',(0,0.7617303411815367,0.647894194543723));
#3157=STYLED_ITEM('',(#25),#3158);
#3158=FACE_SURFACE('',(#3163),#3159,.T.);
#3159=PLANE('',#3160);
#3160=AXIS2_PLACEMENT_3D('',#201,#3161,#3162);
#3161=DIRECTION('',(0,-0.647894194543723,0.7617303411815368));
#3162=DIRECTION('',(-0.9980860998109361,0.04710510721916542,0.04006552430787778));
#3163=FACE_BOUND('',#3164,.T.);
#3164=EDGE_LOOP('',(#3165,#3166,#3167));
#3165=ORIENTED_EDGE('',*,*,#3168,.T.);
#3166=ORIENTED_EDGE('',*,*,#3169,.T.);
#3167=ORIENTED_EDGE('',*,*,#3170,.T.);
#3168=EDGE_CURVE('',#202,#200,#3171,.F.);
#3169=EDGE_CURVE('',#200,#204,#3172,.T.);
#3170=EDGE_CURVE('',#204,#202,#3173,.T.);
#3171=LINE('',#201,#3174);
#3172=LINE('',#199,#3175);
#3173=LINE('',#203,#3176);
#3174=VECTOR('',#3177,1.0);
#3175=VECTOR('',#3178,1.0);
#3176=VECTOR('',#3179,1.0);
#3177=DIRECTION('',(-0.9980860998109361,0.04710510721916542,0.04006552430787778));
#3178=DIRECTION('',(0,-0.7617303411815367,-0.647894194543723));
#3179=DIRECTION('',(1,0,0));
#3180=STYLED_ITEM('',(#25),#3181);
#3181=FACE_SURFACE('',(#3186),#3182,.T.);
#3182=PLANE('',#3183);
#3183=AXIS2_PLACEMENT_3D('',#201,#3184,#3185);
#3184=DIRECTION('',(0,-0.6780818125413771,0.7349864321881057));
#3185=DIRECTION('',(-1,0,0));
#3186=FACE_BOUND('',#3187,.T.);
#3187=EDGE_LOOP('',(#3188,#3189,#3190));
#3188=ORIENTED_EDGE('',*,*,#3191,.T.);
#3189=ORIENTED_EDGE('',*,*,#3192,.T.);
#3190=ORIENTED_EDGE('',*,*,#3193,.T.);
#3191=EDGE_CURVE('',#202,#204,#3194,.F.);
#3192=EDGE_CURVE('',#204,#206,#3195,.T.);
#3193=EDGE_CURVE('',#206,#202,#3196,.T.);
#3194=LINE('',#201,#3197);
#3195=LINE('',#203,#3198);
#3196=LINE('',#205,#3199);
#3197=VECTOR('',#3200,1.0);
#3198=VECTOR('',#3201,1.0);
#3199=VECTOR('',#3202,1.0);
#3200=DIRECTION('',(-1,0,0));
#3201=DIRECTION('',(0.9980858327443809,-0.04545444231530055,-0.04193523755460048));
#3202=DIRECTION('',(0,0.7349864321881057,0.6780818125413771));
#3203=STYLED_ITEM('',(#25),#3204);
#3204=FACE_SURFACE('',(#3209),#3205,.T.);
#3205=PLANE('',#3206);
#3206=AXIS2_PLACEMENT_3D('',#205,#3207,#3208);
#3207=DIRECTION('',(0,-0.6780818125413771,0.7349864321881057));
#3208=DIRECTION('',(-0.9980858327443809,0.04545444231530055,0.04193523755460048));
#3209=FACE_BOUND('',#3210,.T.);
#3210=EDGE_LOOP('',(#3211,#3212,#3213));
#3211=ORIENTED_EDGE('',*,*,#3214,.T.);
#3212=ORIENTED_EDGE('',*,*,#3215,.T.);
#3213=ORIENTED_EDGE('',*,*,#3216,.T.);
#3214=EDGE_CURVE('',#206,#204,#3217,.F.);
#3215=EDGE_CURVE('',#204,#208,#3218,.T.);
#3216=EDGE_CURVE('',#208,#206,#3219,.T.);
#3217=LINE('',#205,#3220);
#3218=LINE('',#203,#3221);
#3219=LINE('',#207,#3222);
#3220=VECTOR('',#3223,1.0);
#3221=VECTOR('',#3224,1.0);
#3222=VECTOR('',#3225,1.0);
#3223=DIRECTION('',(-0.9980858327443809,0.04545444231530055,0.04193523755460048));
#3224=DIRECTION('',(0,-0.7349864321881057,-0.6780818125413771));
#3225=DIRECTION('',(1,0,0));
#3226=STYLED_ITEM('',(#25),#3227);
#3227=FACE_SURFACE('',(#3232),#3228,.T.);
#3228=PLANE('',#3229);
#3229=AXIS2_PLACEMENT_3D('',#205,#3230,#3231);
#3230=DIRECTION('',(0,-0.7070783641128767,0.7071351971182442));
#3231=DIRECTION('',(-1,0,0));
#3232=FACE_BOUND('',#3233,.T.);
#3233=EDGE_LOOP('',(#3234,#3235,#3236));
#3234=ORIENTED_EDGE('',*,*,#3237,.T.);
#3235=ORIENTED_EDGE('',*,*,#3238,.T.);
#3236=ORIENTED_EDGE('',*,*,#3239,.T.);
#3237=EDGE_CURVE('',#206,#208,#3240,.F.);
#3238=EDGE_CURVE('',#208,#210,#3241,.T.);
#3239=EDGE_CURVE('',#210,#206,#3242,.T.);
#3240=LINE('',#205,#3243);
#3241=LINE('',#207,#3244);
#3242=LINE('',#209,#3245);
#3243=VECTOR('',#3246,1.0);
#3244=VECTOR('',#3247,1.0);
#3245=VECTOR('',#3248,1.0);
#3246=DIRECTION('',(-1,0,0));
#3247=DIRECTION('',(0.9980861119857268,-0.043728825850373756,-0.043725311330654756));
#3248=DIRECTION('',(0,0.7071351971182442,0.7070783641128767));
#3249=STYLED_ITEM('',(#25),#3250);
#3250=FACE_SURFACE('',(#3255),#3251,.T.);
#3251=PLANE('',#3252);
#3252=AXIS2_PLACEMENT_3D('',#209,#3253,#3254);
#3253=DIRECTION('',(0,-0.7070783641128767,0.7071351971182442));
#3254=DIRECTION('',(-0.9980861119857268,0.043728825850373756,0.043725311330654756));
#3255=FACE_BOUND('',#3256,.T.);
#3256=EDGE_LOOP('',(#3257,#3258,#3259));
#3257=ORIENTED_EDGE('',*,*,#3260,.T.);
#3258=ORIENTED_EDGE('',*,*,#3261,.T.);
#3259=ORIENTED_EDGE('',*,*,#3262,.T.);
#3260=EDGE_CURVE('',#210,#208,#3263,.F.);
#3261=EDGE_CURVE('',#208,#212,#3264,.T.);
#3262=EDGE_CURVE('',#212,#210,#3265,.T.);
#3263=LINE('',#209,#3266);
#3264=LINE('',#207,#3267);
#3265=LINE('',#211,#3268);
#3266=VECTOR('',#3269,1.0);
#3267=VECTOR('',#3270,1.0);
#3268=VECTOR('',#3271,1.0);
#3269=DIRECTION('',(-0.9980861119857268,0.043728825850373756,0.043725311330654756));
#3270=DIRECTION('',(0,-0.7071351971182442,-0.7070783641128767));
#3271=DIRECTION('',(1,0,0));
#3272=STYLED_ITEM('',(#25),#3273);
#3273=FACE_SURFACE('',(#3278),#3274,.T.);
#3274=PLANE('',#3275);
#3275=AXIS2_PLACEMENT_3D('',#209,#3276,#3277);
#3276=DIRECTION('',(0,-0.7350147550525006,0.6780511115359318));
#3277=DIRECTION('',(-1,0,0));
#3278=FACE_BOUND('',#3279,.T.);
#3279=EDGE_LOOP('',(#3280,#3281,#3282));
#3280=ORIENTED_EDGE('',*,*,#3283,.T.);
#3281=ORIENTED_EDGE('',*,*,#3284,.T.);
#3282=ORIENTED_EDGE('',*,*,#3285,.T.);
#3283=EDGE_CURVE('',#210,#212,#3286,.F.);
#3284=EDGE_CURVE('',#212,#214,#3287,.T.);
#3285=EDGE_CURVE('',#214,#210,#3288,.T.);
#3286=LINE('',#209,#3289);
#3287=LINE('',#211,#3290);
#3288=LINE('',#213,#3291);
#3289=VECTOR('',#3292,1.0);
#3290=VECTOR('',#3293,1.0);
#3291=VECTOR('',#3294,1.0);
#3292=DIRECTION('',(-1,0,0));
#3293=DIRECTION('',(0.9980859798383132,-0.04193172921559583,-0.04545444901419601));
#3294=DIRECTION('',(0,0.6780511115359318,0.7350147550525006));
#3295=STYLED_ITEM('',(#25),#3296);
#3296=FACE_SURFACE('',(#3301),#3297,.T.);
#3297=PLANE('',#3298);
#3298=AXIS2_PLACEMENT_3D('',#213,#3299,#3300);
#3299=DIRECTION('',(0,-0.7350147550525006,0.6780511115359318));
#3300=DIRECTION('',(-0.9980859798383132,0.04193172921559583,0.04545444901419601));
#3301=FACE_BOUND('',#3302,.T.);
#3302=EDGE_LOOP('',(#3303,#3304,#3305));
#3303=ORIENTED_EDGE('',*,*,#3306,.T.);
#3304=ORIENTED_EDGE('',*,*,#3307,.T.);
#3305=ORIENTED_EDGE('',*,*,#3308,.T.);
#3306=EDGE_CURVE('',#214,#212,#3309,.F.);
#3307=EDGE_CURVE('',#212,#216,#3310,.T.);
#3308=EDGE_CURVE('',#216,#214,#3311,.T.);
#3309=LINE('',#213,#3312);
#3310=LINE('',#211,#3313);
#3311=LINE('',#215,#3314);
#3312=VECTOR('',#3315,1.0);
#3313=VECTOR('',#3316,1.0);
#3314=VECTOR('',#3317,1.0);
#3315=DIRECTION('',(-0.9980859798383132,0.04193172921559583,0.04545444901419601));
#3316=DIRECTION('',(0,-0.6780511115359318,-0.7350147550525006));
#3317=DIRECTION('',(1,0,0));
#3318=STYLED_ITEM('',(#25),#3319);
#3319=FACE_SURFACE('',(#3324),#3320,.T.);
#3320=PLANE('',#3321);
#3321=AXIS2_PLACEMENT_3D('',#213,#3322,#3323);
#3322=DIRECTION('',(0,-0.7617261498658543,0.6478991222486277));
#3323=DIRECTION('',(-1,0,0));
#3324=FACE_BOUND('',#3325,.T.);
#3325=EDGE_LOOP('',(#3326,#3327,#3328));
#3326=ORIENTED_EDGE('',*,*,#3329,.T.);
#3327=ORIENTED_EDGE('',*,*,#3330,.T.);
#3328=ORIENTED_EDGE('',*,*,#3331,.T.);
#3329=EDGE_CURVE('',#214,#216,#3332,.F.);
#3330=EDGE_CURVE('',#216,#218,#3333,.T.);
#3331=EDGE_CURVE('',#218,#214,#3334,.T.);
#3332=LINE('',#213,#3335);
#3333=LINE('',#215,#3336);
#3334=LINE('',#217,#3337);
#3335=VECTOR('',#3338,1.0);
#3336=VECTOR('',#3339,1.0);
#3337=VECTOR('',#3340,1.0);
#3338=DIRECTION('',(-1,0,0));
#3339=DIRECTION('',(0.9980857940221967,-0.0400690265513977,-0.04710860730593235));
#3340=DIRECTION('',(0,0.6478991222486277,0.7617261498658543));
#3341=STYLED_ITEM('',(#25),#3342);
#3342=FACE_SURFACE('',(#3347),#3343,.T.);
#3343=PLANE('',#3344);
#3344=AXIS2_PLACEMENT_3D('',#217,#3345,#3346);
#3345=DIRECTION('',(0,-0.7617261498658543,0.6478991222486277));
#3346=DIRECTION('',(-0.9980857940221967,0.0400690265513977,0.04710860730593235));
#3347=FACE_BOUND('',#3348,.T.);
#3348=EDGE_LOOP('',(#3349,#3350,#3351));
#3349=ORIENTED_EDGE('',*,*,#3352,.T.);
#3350=ORIENTED_EDGE('',*,*,#3353,.T.);
#3351=ORIENTED_EDGE('',*,*,#3354,.T.);
#3352=EDGE_CURVE('',#218,#216,#3355,.F.);
#3353=EDGE_CURVE('',#216,#220,#3356,.T.);
#3354=EDGE_CURVE('',#220,#218,#3357,.T.);
#3355=LINE('',#217,#3358);
#3356=LINE('',#215,#3359);
#3357=LINE('',#219,#3360);
#3358=VECTOR('',#3361,1.0);
#3359=VECTOR('',#3362,1.0);
#3360=VECTOR('',#3363,1.0);
#3361=DIRECTION('',(-0.9980857940221967,0.0400690265513977,0.04710860730593235));
#3362=DIRECTION('',(0,-0.6478991222486277,-0.7617261498658543));
#3363=DIRECTION('',(1,0,0));
#3364=STYLED_ITEM('',(#25),#3365);
#3365=FACE_SURFACE('',(#3370),#3366,.T.);
#3366=PLANE('',#3367);
#3367=AXIS2_PLACEMENT_3D('',#217,#3368,#3369);
#3368=DIRECTION('',(0,-0.7871734840845607,0.6167316320363129));
#3369=DIRECTION('',(-1,0,0));
#3370=FACE_BOUND('',#3371,.T.);
#3371=EDGE_LOOP('',(#3372,#3373,#3374));
#3372=ORIENTED_EDGE('',*,*,#3375,.T.);
#3373=ORIENTED_EDGE('',*,*,#3376,.T.);
#3374=ORIENTED_EDGE('',*,*,#3377,.T.);
#3375=EDGE_CURVE('',#218,#220,#3378,.F.);
#3376=EDGE_CURVE('',#220,#222,#3379,.T.);
#3377=EDGE_CURVE('',#222,#218,#3380,.T.);
#3378=LINE('',#217,#3381);
#3379=LINE('',#219,#3382);
#3380=LINE('',#221,#3383);
#3381=VECTOR('',#3384,1.0);
#3382=VECTOR('',#3385,1.0);
#3383=VECTOR('',#3386,1.0);
#3384=DIRECTION('',(-1,0,0));
#3385=DIRECTION('',(0.998086104572364,-0.03813839620074148,-0.04867844075973613));
#3386=DIRECTION('',(0,0.6167316320363128,0.7871734840845606));
#3387=STYLED_ITEM('',(#25),#3388);
#3388=FACE_SURFACE('',(#3393),#3389,.T.);
#3389=PLANE('',#3390);
#3390=AXIS2_PLACEMENT_3D('',#221,#3391,#3392);
#3391=DIRECTION('',(0,-0.7871734840845607,0.6167316320363129));
#3392=DIRECTION('',(-0.998086104572364,0.03813839620074148,0.04867844075973613));
#3393=FACE_BOUND('',#3394,.T.);
#3394=EDGE_LOOP('',(#3395,#3396,#3397));
#3395=ORIENTED_EDGE('',*,*,#3398,.T.);
#3396=ORIENTED_EDGE('',*,*,#3399,.T.);
#3397=ORIENTED_EDGE('',*,*,#3400,.T.);
#3398=EDGE_CURVE('',#222,#220,#3401,.F.);
#3399=EDGE_CURVE('',#220,#224,#3402,.T.);
#3400=EDGE_CURVE('',#224,#222,#3403,.T.);
#3401=LINE('',#221,#3404);
#3402=LINE('',#219,#3405);
#3403=LINE('',#223,#3406);
#3404=VECTOR('',#3407,1.0);
#3405=VECTOR('',#3408,1.0);
#3406=VECTOR('',#3409,1.0);
#3407=DIRECTION('',(-0.998086104572364,0.03813839620074148,0.04867844075973613));
#3408=DIRECTION('',(0,-0.6167316320363128,-0.7871734840845606));
#3409=DIRECTION('',(1,0,0));
#3410=STYLED_ITEM('',(#25),#3411);
#3411=FACE_SURFACE('',(#3416),#3412,.T.);
#3412=PLANE('',#3413);
#3413=AXIS2_PLACEMENT_3D('',#221,#3414,#3415);
#3414=DIRECTION('',(0,-0.811381968536976,0.5845162967215384));
#3415=DIRECTION('',(-1,0,0));
#3416=FACE_BOUND('',#3417,.T.);
#3417=EDGE_LOOP('',(#3418,#3419,#3420));
#3418=ORIENTED_EDGE('',*,*,#3421,.T.);
#3419=ORIENTED_EDGE('',*,*,#3422,.T.);
#3420=ORIENTED_EDGE('',*,*,#3423,.T.);
#3421=EDGE_CURVE('',#222,#224,#3424,.F.);
#3422=EDGE_CURVE('',#224,#226,#3425,.T.);
#3423=EDGE_CURVE('',#226,#222,#3426,.T.);
#3424=LINE('',#221,#3427);
#3425=LINE('',#223,#3428);
#3426=LINE('',#225,#3429);
#3427=VECTOR('',#3430,1.0);
#3428=VECTOR('',#3431,1.0);
#3429=VECTOR('',#3432,1.0);
#3430=DIRECTION('',(-1,0,0));
#3431=DIRECTION('',(0.9980859153816751,-0.03614799969601789,-0.05017795965062996));
#3432=DIRECTION('',(0,0.5845162967215384,0.8113819685369761));
#3433=STYLED_ITEM('',(#25),#3434);
#3434=FACE_SURFACE('',(#3439),#3435,.T.);
#3435=PLANE('',#3436);
#3436=AXIS2_PLACEMENT_3D('',#225,#3437,#3438);
#3437=DIRECTION('',(0,-0.811381968536976,0.5845162967215384));
#3438=DIRECTION('',(-0.9980859153816751,0.03614799969601789,0.05017795965062996));
#3439=FACE_BOUND('',#3440,.T.);
#3440=EDGE_LOOP('',(#3441,#3442,#3443));
#3441=ORIENTED_EDGE('',*,*,#3444,.T.);
#3442=ORIENTED_EDGE('',*,*,#3445,.T.);
#3443=ORIENTED_EDGE('',*,*,#3446,.T.);
#3444=EDGE_CURVE('',#226,#224,#3447,.F.);
#3445=EDGE_CURVE('',#224,#228,#3448,.T.);
#3446=EDGE_CURVE('',#228,#226,#3449,.T.);
#3447=LINE('',#225,#3450);
#3448=LINE('',#223,#3451);
#3449=LINE('',#227,#3452);
#3450=VECTOR('',#3453,1.0);
#3451=VECTOR('',#3454,1.0);
#3452=VECTOR('',#3455,1.0);
#3453=DIRECTION('',(-0.9980859153816751,0.03614799969601789,0.05017795965062996));
#3454=DIRECTION('',(0,-0.5845162967215384,-0.8113819685369761));
#3455=DIRECTION('',(1,0,0));
#3456=STYLED_ITEM('',(#25),#3457);
#3457=FACE_SURFACE('',(#3462),#3458,.T.);
#3458=PLANE('',#3459);
#3459=AXIS2_PLACEMENT_3D('',#225,#3460,#3461);
#3460=DIRECTION('',(0,-0.834264367712186,0.5513646386610102));
#3461=DIRECTION('',(-1,0,0));
#3462=FACE_BOUND('',#3463,.T.);
#3463=EDGE_LOOP('',(#3464,#3465,#3466));
#3464=ORIENTED_EDGE('',*,*,#3467,.T.);
#3465=ORIENTED_EDGE('',*,*,#3468,.T.);
#3466=ORIENTED_EDGE('',*,*,#3469,.T.);
#3467=EDGE_CURVE('',#226,#228,#3470,.F.);
#3468=EDGE_CURVE('',#228,#230,#3471,.T.);
#3469=EDGE_CURVE('',#230,#226,#3472,.T.);
#3470=LINE('',#225,#3473);
#3471=LINE('',#227,#3474);
#3472=LINE('',#229,#3475);
#3473=VECTOR('',#3476,1.0);
#3474=VECTOR('',#3477,1.0);
#3475=VECTOR('',#3478,1.0);
#3476=DIRECTION('',(-1,0,0));
#3477=DIRECTION('',(0.9980859099874021,-0.03409786341281988,-0.051593139033209216));
#3478=DIRECTION('',(0,0.5513646386610103,0.8342643677121862));
#3479=STYLED_ITEM('',(#25),#3480);
#3480=FACE_SURFACE('',(#3485),#3481,.T.);
#3481=PLANE('',#3482);
#3482=AXIS2_PLACEMENT_3D('',#229,#3483,#3484);
#3483=DIRECTION('',(0,-0.834264367712186,0.5513646386610102));
#3484=DIRECTION('',(-0.9980859099874021,0.03409786341281988,0.051593139033209216));
#3485=FACE_BOUND('',#3486,.T.);
#3486=EDGE_LOOP('',(#3487,#3488,#3489));
#3487=ORIENTED_EDGE('',*,*,#3490,.T.);
#3488=ORIENTED_EDGE('',*,*,#3491,.T.);
#3489=ORIENTED_EDGE('',*,*,#3492,.T.);
#3490=EDGE_CURVE('',#230,#228,#3493,.F.);
#3491=EDGE_CURVE('',#228,#232,#3494,.T.);
#3492=EDGE_CURVE('',#232,#230,#3495,.T.);
#3493=LINE('',#229,#3496);
#3494=LINE('',#227,#3497);
#3495=LINE('',#231,#3498);
#3496=VECTOR('',#3499,1.0);
#3497=VECTOR('',#3500,1.0);
#3498=VECTOR('',#3501,1.0);
#3499=DIRECTION('',(-0.9980859099874021,0.03409786341281988,0.051593139033209216));
#3500=DIRECTION('',(0,-0.5513646386610103,-0.8342643677121862));
#3501=DIRECTION('',(1,0,0));
#3502=STYLED_ITEM('',(#25),#3503);
#3503=FACE_SURFACE('',(#3508),#3504,.T.);
#3504=PLANE('',#3505);
#3505=AXIS2_PLACEMENT_3D('',#229,#3506,#3507);
#3506=DIRECTION('',(0,-0.8557680701339015,0.5173596526008748));
#3507=DIRECTION('',(-1,0,0));
#3508=FACE_BOUND('',#3509,.T.);
#3509=EDGE_LOOP('',(#3510,#3511,#3512));
#3510=ORIENTED_EDGE('',*,*,#3513,.T.);
#3511=ORIENTED_EDGE('',*,*,#3514,.T.);
#3512=ORIENTED_EDGE('',*,*,#3515,.T.);
#3513=EDGE_CURVE('',#230,#232,#3516,.F.);
#3514=EDGE_CURVE('',#232,#234,#3517,.T.);
#3515=EDGE_CURVE('',#234,#230,#3518,.T.);
#3516=LINE('',#229,#3519);
#3517=LINE('',#231,#3520);
#3518=LINE('',#233,#3521);
#3519=VECTOR('',#3522,1.0);
#3520=VECTOR('',#3523,1.0);
#3521=VECTOR('',#3524,1.0);
#3522=DIRECTION('',(-1,0,0));
#3523=DIRECTION('',(0.9980861769416955,-0.03199267508415899,-0.05291929835957486));
#3524=DIRECTION('',(0,0.5173596526008748,0.8557680701339014));
#3525=STYLED_ITEM('',(#25),#3526);
#3526=FACE_SURFACE('',(#3531),#3527,.T.);
#3527=PLANE('',#3528);
#3528=AXIS2_PLACEMENT_3D('',#233,#3529,#3530);
#3529=DIRECTION('',(0,-0.8557680701339015,0.5173596526008748));
#3530=DIRECTION('',(-0.9980861769416955,0.03199267508415899,0.05291929835957486));
#3531=FACE_BOUND('',#3532,.T.);
#3532=EDGE_LOOP('',(#3533,#3534,#3535));
#3533=ORIENTED_EDGE('',*,*,#3536,.T.);
#3534=ORIENTED_EDGE('',*,*,#3537,.T.);
#3535=ORIENTED_EDGE('',*,*,#3538,.T.);
#3536=EDGE_CURVE('',#234,#232,#3539,.F.);
#3537=EDGE_CURVE('',#232,#236,#3540,.T.);
#3538=EDGE_CURVE('',#236,#234,#3541,.T.);
#3539=LINE('',#233,#3542);
#3540=LINE('',#231,#3543);
#3541=LINE('',#235,#3544);
#3542=VECTOR('',#3545,1.0);
#3543=VECTOR('',#3546,1.0);
#3544=VECTOR('',#3547,1.0);
#3545=DIRECTION('',(-0.9980861769416955,0.03199267508415899,0.05291929835957486));
#3546=DIRECTION('',(0,-0.5173596526008748,-0.8557680701339014));
#3547=DIRECTION('',(1,0,0));
#3548=STYLED_ITEM('',(#25),#3549);
#3549=FACE_SURFACE('',(#3554),#3550,.T.);
#3550=PLANE('',#3551);
#3551=AXIS2_PLACEMENT_3D('',#233,#3552,#3553);
#3552=DIRECTION('',(0,-0.8759277884230853,0.4824422343330263));
#3553=DIRECTION('',(-1,0,0));
#3554=FACE_BOUND('',#3555,.T.);
#3555=EDGE_LOOP('',(#3556,#3557,#3558));
#3556=ORIENTED_EDGE('',*,*,#3559,.T.);
#3557=ORIENTED_EDGE('',*,*,#3560,.T.);
#3558=ORIENTED_EDGE('',*,*,#3561,.T.);
#3559=EDGE_CURVE('',#234,#236,#3562,.F.);
#3560=EDGE_CURVE('',#236,#238,#3563,.T.);
#3561=EDGE_CURVE('',#238,#234,#3564,.T.);
#3562=LINE('',#233,#3565);
#3563=LINE('',#235,#3566);
#3564=LINE('',#237,#3567);
#3565=VECTOR('',#3568,1.0);
#3566=VECTOR('',#3569,1.0);
#3567=VECTOR('',#3570,1.0);
#3568=DIRECTION('',(-1,0,0));
#3569=DIRECTION('',(0.9980858580801995,-0.029835921811132014,-0.054170450154968755));
#3570=DIRECTION('',(0,0.4824422343330263,0.8759277884230853));
#3571=STYLED_ITEM('',(#25),#3572);
#3572=FACE_SURFACE('',(#3577),#3573,.T.);
#3573=PLANE('',#3574);
#3574=AXIS2_PLACEMENT_3D('',#237,#3575,#3576);
#3575=DIRECTION('',(0,-0.8759277884230853,0.4824422343330263));
#3576=DIRECTION('',(-0.9980858580801995,0.029835921811132014,0.054170450154968755));
#3577=FACE_BOUND('',#3578,.T.);
#3578=EDGE_LOOP('',(#3579,#3580,#3581));
#3579=ORIENTED_EDGE('',*,*,#3582,.T.);
#3580=ORIENTED_EDGE('',*,*,#3583,.T.);
#3581=ORIENTED_EDGE('',*,*,#3584,.T.);
#3582=EDGE_CURVE('',#238,#236,#3585,.F.);
#3583=EDGE_CURVE('',#236,#240,#3586,.T.);
#3584=EDGE_CURVE('',#240,#238,#3587,.T.);
#3585=LINE('',#237,#3588);
#3586=LINE('',#235,#3589);
#3587=LINE('',#239,#3590);
#3588=VECTOR('',#3591,1.0);
#3589=VECTOR('',#3592,1.0);
#3590=VECTOR('',#3593,1.0);
#3591=DIRECTION('',(-0.9980858580801995,0.029835921811132014,0.054170450154968755));
#3592=DIRECTION('',(0,-0.4824422343330263,-0.8759277884230853));
#3593=DIRECTION('',(1,0,0));
#3594=STYLED_ITEM('',(#25),#3595);
#3595=FACE_SURFACE('',(#3600),#3596,.T.);
#3596=PLANE('',#3597);
#3597=AXIS2_PLACEMENT_3D('',#237,#3598,#3599);
#3598=DIRECTION('',(0,-0.8946241245923509,0.44681951132126013));
#3599=DIRECTION('',(-1,0,0));
#3600=FACE_BOUND('',#3601,.T.);
#3601=EDGE_LOOP('',(#3602,#3603,#3604));
#3602=ORIENTED_EDGE('',*,*,#3605,.T.);
#3603=ORIENTED_EDGE('',*,*,#3606,.T.);
#3604=ORIENTED_EDGE('',*,*,#3607,.T.);
#3605=EDGE_CURVE('',#238,#240,#3608,.F.);
#3606=EDGE_CURVE('',#240,#242,#3609,.T.);
#3607=EDGE_CURVE('',#242,#238,#3610,.T.);
#3608=LINE('',#237,#3611);
#3609=LINE('',#239,#3612);
#3610=LINE('',#241,#3613);
#3611=VECTOR('',#3614,1.0);
#3612=VECTOR('',#3615,1.0);
#3613=VECTOR('',#3616,1.0);
#3614=DIRECTION('',(-1,0,0));
#3615=DIRECTION('',(0.9980860985157892,-0.027631153657876124,-0.05532322565672611));
#3616=DIRECTION('',(0,0.44681951132126013,0.894624124592351));
#3617=STYLED_ITEM('',(#25),#3618);
#3618=FACE_SURFACE('',(#3623),#3619,.T.);
#3619=PLANE('',#3620);
#3620=AXIS2_PLACEMENT_3D('',#241,#3621,#3622);
#3621=DIRECTION('',(0,-0.8946241245923509,0.44681951132126013));
#3622=DIRECTION('',(-0.9980860985157892,0.027631153657876124,0.05532322565672611));
#3623=FACE_BOUND('',#3624,.T.);
#3624=EDGE_LOOP('',(#3625,#3626,#3627));
#3625=ORIENTED_EDGE('',*,*,#3628,.T.);
#3626=ORIENTED_EDGE('',*,*,#3629,.T.);
#3627=ORIENTED_EDGE('',*,*,#3630,.T.);
#3628=EDGE_CURVE('',#242,#240,#3631,.F.);
#3629=EDGE_CURVE('',#240,#244,#3632,.T.);
#3630=EDGE_CURVE('',#244,#242,#3633,.T.);
#3631=LINE('',#241,#3634);
#3632=LINE('',#239,#3635);
#3633=LINE('',#243,#3636);
#3634=VECTOR('',#3637,1.0);
#3635=VECTOR('',#3638,1.0);
#3636=VECTOR('',#3639,1.0);
#3637=DIRECTION('',(-0.9980860985157892,0.027631153657876124,0.05532322565672611));
#3638=DIRECTION('',(0,-0.44681951132126013,-0.894624124592351));
#3639=DIRECTION('',(1,0,0));
#3640=STYLED_ITEM('',(#25),#3641);
#3641=FACE_SURFACE('',(#3646),#3642,.T.);
#3642=PLANE('',#3643);
#3643=AXIS2_PLACEMENT_3D('',#241,#3644,#3645);
#3644=DIRECTION('',(0,-0.911907327052918,0.4103961828126603));
#3645=DIRECTION('',(-1,0,0));
#3646=FACE_BOUND('',#3647,.T.);
#3647=EDGE_LOOP('',(#3648,#3649,#3650));
#3648=ORIENTED_EDGE('',*,*,#3651,.T.);
#3649=ORIENTED_EDGE('',*,*,#3652,.T.);
#3650=ORIENTED_EDGE('',*,*,#3653,.T.);
#3651=EDGE_CURVE('',#242,#244,#3654,.F.);
#3652=EDGE_CURVE('',#244,#246,#3655,.T.);
#3653=EDGE_CURVE('',#246,#242,#3656,.T.);
#3654=LINE('',#241,#3657);
#3655=LINE('',#243,#3658);
#3656=LINE('',#245,#3659);
#3657=VECTOR('',#3660,1.0);
#3658=VECTOR('',#3661,1.0);
#3659=VECTOR('',#3662,1.0);
#3660=DIRECTION('',(-1,0,0));
#3661=DIRECTION('',(0.9980858065750411,-0.025380682137648675,-0.056396309167154726));
#3662=DIRECTION('',(0,0.4103961828126603,0.911907327052918));
#3663=STYLED_ITEM('',(#25),#3664);
#3664=FACE_SURFACE('',(#3669),#3665,.T.);
#3665=PLANE('',#3666);
#3666=AXIS2_PLACEMENT_3D('',#245,#3667,#3668);
#3667=DIRECTION('',(0,-0.911907327052918,0.4103961828126603));
#3668=DIRECTION('',(-0.9980858065750411,0.025380682137648675,0.056396309167154726));
#3669=FACE_BOUND('',#3670,.T.);
#3670=EDGE_LOOP('',(#3671,#3672,#3673));
#3671=ORIENTED_EDGE('',*,*,#3674,.T.);
#3672=ORIENTED_EDGE('',*,*,#3675,.T.);
#3673=ORIENTED_EDGE('',*,*,#3676,.T.);
#3674=EDGE_CURVE('',#246,#244,#3677,.F.);
#3675=EDGE_CURVE('',#244,#248,#3678,.T.);
#3676=EDGE_CURVE('',#248,#246,#3679,.T.);
#3677=LINE('',#245,#3680);
#3678=LINE('',#243,#3681);
#3679=LINE('',#247,#3682);
#3680=VECTOR('',#3683,1.0);
#3681=VECTOR('',#3684,1.0);
#3682=VECTOR('',#3685,1.0);
#3683=DIRECTION('',(-0.9980858065750411,0.025380682137648675,0.056396309167154726));
#3684=DIRECTION('',(0,-0.4103961828126603,-0.911907327052918));
#3685=DIRECTION('',(1,0,0));
#3686=STYLED_ITEM('',(#25),#3687);
#3687=FACE_SURFACE('',(#3692),#3688,.T.);
#3688=PLANE('',#3689);
#3689=AXIS2_PLACEMENT_3D('',#245,#3690,#3691);
#3690=DIRECTION('',(0,-0.9276788871007695,0.3733790064096771));
#3691=DIRECTION('',(-1,0,0));
#3692=FACE_BOUND('',#3693,.T.);
#3693=EDGE_LOOP('',(#3694,#3695,#3696));
#3694=ORIENTED_EDGE('',*,*,#3697,.T.);
#3695=ORIENTED_EDGE('',*,*,#3698,.T.);
#3696=ORIENTED_EDGE('',*,*,#3699,.T.);
#3697=EDGE_CURVE('',#246,#248,#3700,.F.);
#3698=EDGE_CURVE('',#248,#250,#3701,.T.);
#3699=EDGE_CURVE('',#250,#246,#3702,.T.);
#3700=LINE('',#245,#3703);
#3701=LINE('',#247,#3704);
#3702=LINE('',#249,#3705);
#3703=VECTOR('',#3706,1.0);
#3704=VECTOR('',#3707,1.0);
#3705=VECTOR('',#3708,1.0);
#3706=DIRECTION('',(-1,0,0));
#3707=DIRECTION('',(0.9980861641751483,-0.02308922425458233,-0.0573663368663244));
#3708=DIRECTION('',(0,0.3733790064096771,0.9276788871007696));
#3709=STYLED_ITEM('',(#25),#3710);
#3710=FACE_SURFACE('',(#3715),#3711,.T.);
#3711=PLANE('',#3712);
#3712=AXIS2_PLACEMENT_3D('',#249,#3713,#3714);
#3713=DIRECTION('',(0,-0.9276788871007695,0.3733790064096771));
#3714=DIRECTION('',(-0.9980861641751483,0.02308922425458233,0.0573663368663244));
#3715=FACE_BOUND('',#3716,.T.);
#3716=EDGE_LOOP('',(#3717,#3718,#3719));
#3717=ORIENTED_EDGE('',*,*,#3720,.T.);
#3718=ORIENTED_EDGE('',*,*,#3721,.T.);
#3719=ORIENTED_EDGE('',*,*,#3722,.T.);
#3720=EDGE_CURVE('',#250,#248,#3723,.F.);
#3721=EDGE_CURVE('',#248,#252,#3724,.T.);
#3722=EDGE_CURVE('',#252,#250,#3725,.T.);
#3723=LINE('',#249,#3726);
#3724=LINE('',#247,#3727);
#3725=LINE('',#251,#3728);
#3726=VECTOR('',#3729,1.0);
#3727=VECTOR('',#3730,1.0);
#3728=VECTOR('',#3731,1.0);
#3729=DIRECTION('',(-0.9980861641751483,0.02308922425458233,0.0573663368663244));
#3730=DIRECTION('',(0,-0.3733790064096771,-0.9276788871007696));
#3731=DIRECTION('',(1,0,0));
#3732=STYLED_ITEM('',(#25),#3733);
#3733=FACE_SURFACE('',(#3738),#3734,.T.);
#3734=PLANE('',#3735);
#3735=AXIS2_PLACEMENT_3D('',#249,#3736,#3737);
#3736=DIRECTION('',(0,-0.9419671411804496,0.3357050862532931));
#3737=DIRECTION('',(-1,0,0));
#3738=FACE_BOUND('',#3739,.T.);
#3739=EDGE_LOOP('',(#3740,#3741,#3742));
#3740=ORIENTED_EDGE('',*,*,#3743,.T.);
#3741=ORIENTED_EDGE('',*,*,#3744,.T.);
#3742=ORIENTED_EDGE('',*,*,#3745,.T.);
#3743=EDGE_CURVE('',#250,#252,#3746,.F.);
#3744=EDGE_CURVE('',#252,#254,#3747,.T.);
#3745=EDGE_CURVE('',#254,#250,#3748,.T.);
#3746=LINE('',#249,#3749);
#3747=LINE('',#251,#3750);
#3748=LINE('',#253,#3751);
#3749=VECTOR('',#3752,1.0);
#3750=VECTOR('',#3753,1.0);
#3751=VECTOR('',#3754,1.0);
#3752=DIRECTION('',(-1,0,0));
#3753=DIRECTION('',(0.9980860269813683,-0.020760266212037106,-0.058251987874687265));
#3754=DIRECTION('',(0,0.33570508625329315,0.9419671411804496));
#3755=STYLED_ITEM('',(#25),#3756);
#3756=FACE_SURFACE('',(#3761),#3757,.T.);
#3757=PLANE('',#3758);
#3758=AXIS2_PLACEMENT_3D('',#253,#3759,#3760);
#3759=DIRECTION('',(0,-0.9419671411804496,0.3357050862532931));
#3760=DIRECTION('',(-0.9980860269813683,0.020760266212037106,0.058251987874687265));
#3761=FACE_BOUND('',#3762,.T.);
#3762=EDGE_LOOP('',(#3763,#3764,#3765));
#3763=ORIENTED_EDGE('',*,*,#3766,.T.);
#3764=ORIENTED_EDGE('',*,*,#3767,.T.);
#3765=ORIENTED_EDGE('',*,*,#3768,.T.);
#3766=EDGE_CURVE('',#254,#252,#3769,.F.);
#3767=EDGE_CURVE('',#252,#256,#3770,.T.);
#3768=EDGE_CURVE('',#256,#254,#3771,.T.);
#3769=LINE('',#253,#3772);
#3770=LINE('',#251,#3773);
#3771=LINE('',#255,#3774);
#3772=VECTOR('',#3775,1.0);
#3773=VECTOR('',#3776,1.0);
#3774=VECTOR('',#3777,1.0);
#3775=DIRECTION('',(-0.9980860269813683,0.020760266212037106,0.058251987874687265));
#3776=DIRECTION('',(0,-0.33570508625329315,-0.9419671411804496));
#3777=DIRECTION('',(1,0,0));
#3778=STYLED_ITEM('',(#25),#3779);
#3779=FACE_SURFACE('',(#3784),#3780,.T.);
#3780=PLANE('',#3781);
#3781=AXIS2_PLACEMENT_3D('',#253,#3782,#3783);
#3782=DIRECTION('',(0,-0.9547223469940149,0.29749830276867073));
#3783=DIRECTION('',(-1,0,0));
#3784=FACE_BOUND('',#3785,.T.);
#3785=EDGE_LOOP('',(#3786,#3787,#3788));
#3786=ORIENTED_EDGE('',*,*,#3789,.T.);
#3787=ORIENTED_EDGE('',*,*,#3790,.T.);
#3788=ORIENTED_EDGE('',*,*,#3791,.T.);
#3789=EDGE_CURVE('',#254,#256,#3792,.F.);
#3790=EDGE_CURVE('',#256,#258,#3793,.T.);
#3791=EDGE_CURVE('',#258,#254,#3794,.T.);
#3792=LINE('',#253,#3795);
#3793=LINE('',#255,#3796);
#3794=LINE('',#257,#3797);
#3795=VECTOR('',#3798,1.0);
#3796=VECTOR('',#3799,1.0);
#3797=VECTOR('',#3800,1.0);
#3798=DIRECTION('',(-1,0,0));
#3799=DIRECTION('',(0.998085823560558,-0.018398505412196894,-0.05904391421679232));
#3800=DIRECTION('',(0,0.29749830276867073,0.9547223469940149));
#3801=STYLED_ITEM('',(#25),#3802);
#3802=FACE_SURFACE('',(#3807),#3803,.T.);
#3803=PLANE('',#3804);
#3804=AXIS2_PLACEMENT_3D('',#257,#3805,#3806);
#3805=DIRECTION('',(0,-0.9547223469940149,0.29749830276867073));
#3806=DIRECTION('',(-0.998085823560558,0.018398505412196894,0.05904391421679232));
#3807=FACE_BOUND('',#3808,.T.);
#3808=EDGE_LOOP('',(#3809,#3810,#3811));
#3809=ORIENTED_EDGE('',*,*,#3812,.T.);
#3810=ORIENTED_EDGE('',*,*,#3813,.T.);
#3811=ORIENTED_EDGE('',*,*,#3814,.T.);
#3812=EDGE_CURVE('',#258,#256,#3815,.F.);
#3813=EDGE_CURVE('',#256,#260,#3816,.T.);
#3814=EDGE_CURVE('',#260,#258,#3817,.T.);
#3815=LINE('',#257,#3818);
#3816=LINE('',#255,#3819);
#3817=LINE('',#259,#3820);
#3818=VECTOR('',#3821,1.0);
#3819=VECTOR('',#3822,1.0);
#3820=VECTOR('',#3823,1.0);
#3821=DIRECTION('',(-0.998085823560558,0.018398505412196894,0.05904391421679232));
#3822=DIRECTION('',(0,-0.29749830276867073,-0.9547223469940149));
#3823=DIRECTION('',(1,0,0));
#3824=STYLED_ITEM('',(#25),#3825);
#3825=FACE_SURFACE('',(#3830),#3826,.T.);
#3826=PLANE('',#3827);
#3827=AXIS2_PLACEMENT_3D('',#257,#3828,#3829);
#3828=DIRECTION('',(0,-0.965926742347108,0.25881562630317306));
#3829=DIRECTION('',(-1,0,0));
#3830=FACE_BOUND('',#3831,.T.);
#3831=EDGE_LOOP('',(#3832,#3833,#3834));
#3832=ORIENTED_EDGE('',*,*,#3835,.T.);
#3833=ORIENTED_EDGE('',*,*,#3836,.T.);
#3834=ORIENTED_EDGE('',*,*,#3837,.T.);
#3835=EDGE_CURVE('',#258,#260,#3838,.F.);
#3836=EDGE_CURVE('',#260,#262,#3839,.T.);
#3837=EDGE_CURVE('',#262,#258,#3840,.T.);
#3838=LINE('',#257,#3841);
#3839=LINE('',#259,#3842);
#3840=LINE('',#261,#3843);
#3841=VECTOR('',#3844,1.0);
#3842=VECTOR('',#3845,1.0);
#3843=VECTOR('',#3846,1.0);
#3844=DIRECTION('',(-1,0,0));
#3845=DIRECTION('',(0.9980860842589016,-0.016005122355704806,-0.05973277548475162));
#3846=DIRECTION('',(0,0.25881562630317306,0.965926742347108));
#3847=STYLED_ITEM('',(#25),#3848);
#3848=FACE_SURFACE('',(#3853),#3849,.T.);
#3849=PLANE('',#3850);
#3850=AXIS2_PLACEMENT_3D('',#261,#3851,#3852);
#3851=DIRECTION('',(0,-0.965926742347108,0.25881562630317306));
#3852=DIRECTION('',(-0.9980860842589016,0.016005122355704806,0.05973277548475162));
#3853=FACE_BOUND('',#3854,.T.);
#3854=EDGE_LOOP('',(#3855,#3856,#3857));
#3855=ORIENTED_EDGE('',*,*,#3858,.T.);
#3856=ORIENTED_EDGE('',*,*,#3859,.T.);
#3857=ORIENTED_EDGE('',*,*,#3860,.T.);
#3858=EDGE_CURVE('',#262,#260,#3861,.F.);
#3859=EDGE_CURVE('',#260,#264,#3862,.T.);
#3860=EDGE_CURVE('',#264,#262,#3863,.T.);
#3861=LINE('',#261,#3864);
#3862=LINE('',#259,#3865);
#3863=LINE('',#263,#3866);
#3864=VECTOR('',#3867,1.0);
#3865=VECTOR('',#3868,1.0);
#3866=VECTOR('',#3869,1.0);
#3867=DIRECTION('',(-0.9980860842589016,0.016005122355704806,0.05973277548475162));
#3868=DIRECTION('',(0,-0.25881562630317306,-0.965926742347108));
#3869=DIRECTION('',(1,0,0));
#3870=STYLED_ITEM('',(#25),#3871);
#3871=FACE_SURFACE('',(#3876),#3872,.T.);
#3872=PLANE('',#3873);
#3873=AXIS2_PLACEMENT_3D('',#261,#3874,#3875);
#3874=DIRECTION('',(0,-0.9755630809370479,0.21971953739395766));
#3875=DIRECTION('',(-1,0,0));
#3876=FACE_BOUND('',#3877,.T.);
#3877=EDGE_LOOP('',(#3878,#3879,#3880));
#3878=ORIENTED_EDGE('',*,*,#3881,.T.);
#3879=ORIENTED_EDGE('',*,*,#3882,.T.);
#3880=ORIENTED_EDGE('',*,*,#3883,.T.);
#3881=EDGE_CURVE('',#262,#264,#3884,.F.);
#3882=EDGE_CURVE('',#264,#266,#3885,.T.);
#3883=EDGE_CURVE('',#266,#262,#3886,.T.);
#3884=LINE('',#261,#3887);
#3885=LINE('',#263,#3888);
#3886=LINE('',#265,#3889);
#3887=VECTOR('',#3890,1.0);
#3888=VECTOR('',#3891,1.0);
#3889=VECTOR('',#3892,1.0);
#3890=DIRECTION('',(-1,0,0));
#3891=DIRECTION('',(0.9980858374119739,-0.013588301002081634,-0.06033257191199277));
#3892=DIRECTION('',(0,0.21971953739395766,0.9755630809370479));
#3893=STYLED_ITEM('',(#25),#3894);
#3894=FACE_SURFACE('',(#3899),#3895,.T.);
#3895=PLANE('',#3896);
#3896=AXIS2_PLACEMENT_3D('',#265,#3897,#3898);
#3897=DIRECTION('',(0,-0.9755630809370479,0.21971953739395766));
#3898=DIRECTION('',(-0.9980858374119739,0.013588301002081634,0.06033257191199277));
#3899=FACE_BOUND('',#3900,.T.);
#3900=EDGE_LOOP('',(#3901,#3902,#3903));
#3901=ORIENTED_EDGE('',*,*,#3904,.T.);
#3902=ORIENTED_EDGE('',*,*,#3905,.T.);
#3903=ORIENTED_EDGE('',*,*,#3906,.T.);
#3904=EDGE_CURVE('',#266,#264,#3907,.F.);
#3905=EDGE_CURVE('',#264,#268,#3908,.T.);
#3906=EDGE_CURVE('',#268,#266,#3909,.T.);
#3907=LINE('',#265,#3910);
#3908=LINE('',#263,#3911);
#3909=LINE('',#267,#3912);
#3910=VECTOR('',#3913,1.0);
#3911=VECTOR('',#3914,1.0);
#3912=VECTOR('',#3915,1.0);
#3913=DIRECTION('',(-0.9980858374119739,0.013588301002081634,0.06033257191199277));
#3914=DIRECTION('',(0,-0.21971953739395766,-0.9755630809370479));
#3915=DIRECTION('',(1,0,0));
#3916=STYLED_ITEM('',(#25),#3917);
#3917=FACE_SURFACE('',(#3922),#3918,.T.);
#3918=PLANE('',#3919);
#3919=AXIS2_PLACEMENT_3D('',#265,#3920,#3921);
#3920=DIRECTION('',(0,-0.9836213382343876,0.18024722735729523));
#3921=DIRECTION('',(-1,0,0));
#3922=FACE_BOUND('',#3923,.T.);
#3923=EDGE_LOOP('',(#3924,#3925,#3926));
#3924=ORIENTED_EDGE('',*,*,#3927,.T.);
#3925=ORIENTED_EDGE('',*,*,#3928,.T.);
#3926=ORIENTED_EDGE('',*,*,#3929,.T.);
#3927=EDGE_CURVE('',#266,#268,#3930,.F.);
#3928=EDGE_CURVE('',#268,#270,#3931,.T.);
#3929=EDGE_CURVE('',#270,#266,#3932,.T.);
#3930=LINE('',#265,#3933);
#3931=LINE('',#267,#3934);
#3932=LINE('',#269,#3935);
#3933=VECTOR('',#3936,1.0);
#3934=VECTOR('',#3937,1.0);
#3935=VECTOR('',#3938,1.0);
#3936=DIRECTION('',(-1,0,0));
#3937=DIRECTION('',(0.9980859400099982,-0.011146883121426077,-0.06082929681523149));
#3938=DIRECTION('',(0,0.18024722735729523,0.9836213382343876));
#3939=STYLED_ITEM('',(#25),#3940);
#3940=FACE_SURFACE('',(#3945),#3941,.T.);
#3941=PLANE('',#3942);
#3942=AXIS2_PLACEMENT_3D('',#269,#3943,#3944);
#3943=DIRECTION('',(0,-0.9836213382343876,0.18024722735729523));
#3944=DIRECTION('',(-0.9980859400099982,0.011146883121426077,0.06082929681523149));
#3945=FACE_BOUND('',#3946,.T.);
#3946=EDGE_LOOP('',(#3947,#3948,#3949));
#3947=ORIENTED_EDGE('',*,*,#3950,.T.);
#3948=ORIENTED_EDGE('',*,*,#3951,.T.);
#3949=ORIENTED_EDGE('',*,*,#3952,.T.);
#3950=EDGE_CURVE('',#270,#268,#3953,.F.);
#3951=EDGE_CURVE('',#268,#272,#3954,.T.);
#3952=EDGE_CURVE('',#272,#270,#3955,.T.);
#3953=LINE('',#269,#3956);
#3954=LINE('',#267,#3957);
#3955=LINE('',#271,#3958);
#3956=VECTOR('',#3959,1.0);
#3957=VECTOR('',#3960,1.0);
#3958=VECTOR('',#3961,1.0);
#3959=DIRECTION('',(-0.9980859400099982,0.011146883121426077,0.06082929681523149));
#3960=DIRECTION('',(0,-0.18024722735729523,-0.9836213382343876));
#3961=DIRECTION('',(1,0,0));
#3962=STYLED_ITEM('',(#25),#3963);
#3963=FACE_SURFACE('',(#3968),#3964,.T.);
#3964=PLANE('',#3965);
#3965=AXIS2_PLACEMENT_3D('',#269,#3966,#3967);
#3966=DIRECTION('',(0,-0.9900797831657461,0.14050630934754973));
#3967=DIRECTION('',(-1,0,0));
#3968=FACE_BOUND('',#3969,.T.);
#3969=EDGE_LOOP('',(#3970,#3971,#3972));
#3970=ORIENTED_EDGE('',*,*,#3973,.T.);
#3971=ORIENTED_EDGE('',*,*,#3974,.T.);
#3972=ORIENTED_EDGE('',*,*,#3975,.T.);
#3973=EDGE_CURVE('',#270,#272,#3976,.F.);
#3974=EDGE_CURVE('',#272,#274,#3977,.T.);
#3975=EDGE_CURVE('',#274,#270,#3978,.T.);
#3976=LINE('',#269,#3979);
#3977=LINE('',#271,#3980);
#3978=LINE('',#273,#3981);
#3979=VECTOR('',#3982,1.0);
#3980=VECTOR('',#3983,1.0);
#3981=VECTOR('',#3984,1.0);
#3982=DIRECTION('',(-1,0,0));
#3983=DIRECTION('',(0.998086008100037,-0.008689063347541192,-0.0612276131584054));
#3984=DIRECTION('',(0,0.1405063093475497,0.9900797831657461));
#3985=STYLED_ITEM('',(#25),#3986);
#3986=FACE_SURFACE('',(#3991),#3987,.T.);
#3987=PLANE('',#3988);
#3988=AXIS2_PLACEMENT_3D('',#273,#3989,#3990);
#3989=DIRECTION('',(0,-0.9900797831657461,0.14050630934754973));
#3990=DIRECTION('',(-0.998086008100037,0.008689063347541192,0.0612276131584054));
#3991=FACE_BOUND('',#3992,.T.);
#3992=EDGE_LOOP('',(#3993,#3994,#3995));
#3993=ORIENTED_EDGE('',*,*,#3996,.T.);
#3994=ORIENTED_EDGE('',*,*,#3997,.T.);
#3995=ORIENTED_EDGE('',*,*,#3998,.T.);
#3996=EDGE_CURVE('',#274,#272,#3999,.F.);
#3997=EDGE_CURVE('',#272,#276,#4000,.T.);
#3998=EDGE_CURVE('',#276,#274,#4001,.T.);
#3999=LINE('',#273,#4002);
#4000=LINE('',#271,#4003);
#4001=LINE('',#275,#4004);
#4002=VECTOR('',#4005,1.0);
#4003=VECTOR('',#4006,1.0);
#4004=VECTOR('',#4007,1.0);
#4005=DIRECTION('',(-0.998086008100037,0.008689063347541192,0.0612276131584054));
#4006=DIRECTION('',(0,-0.1405063093475497,-0.9900797831657461));
#4007=DIRECTION('',(1,0,0));
#4008=STYLED_ITEM('',(#25),#4009);
#4009=FACE_SURFACE('',(#4014),#4010,.T.);
#4010=PLANE('',#4011);
#4011=AXIS2_PLACEMENT_3D('',#273,#4012,#4013);
#4012=DIRECTION('',(0,-0.9949353903279203,0.1005165114447819));
#4013=DIRECTION('',(-1,0,0));
#4014=FACE_BOUND('',#4015,.T.);
#4015=EDGE_LOOP('',(#4016,#4017,#4018));
#4016=ORIENTED_EDGE('',*,*,#4019,.T.);
#4017=ORIENTED_EDGE('',*,*,#4020,.T.);
#4018=ORIENTED_EDGE('',*,*,#4021,.T.);
#4019=EDGE_CURVE('',#274,#276,#4022,.F.);
#4020=EDGE_CURVE('',#276,#278,#4023,.T.);
#4021=EDGE_CURVE('',#278,#274,#4024,.T.);
#4022=LINE('',#273,#4025);
#4023=LINE('',#275,#4026);
#4024=LINE('',#277,#4027);
#4025=VECTOR('',#4028,1.0);
#4026=VECTOR('',#4029,1.0);
#4027=VECTOR('',#4030,1.0);
#4028=DIRECTION('',(-1,0,0));
#4029=DIRECTION('',(0.9980860310777572,-0.006216013372448941,-0.061527520226350996));
#4030=DIRECTION('',(0,0.10051651144478188,0.9949353903279202));
#4031=STYLED_ITEM('',(#25),#4032);
#4032=FACE_SURFACE('',(#4037),#4033,.T.);
#4033=PLANE('',#4034);
#4034=AXIS2_PLACEMENT_3D('',#277,#4035,#4036);
#4035=DIRECTION('',(0,-0.9949353903279203,0.1005165114447819));
#4036=DIRECTION('',(-0.9980860310777572,0.006216013372448941,0.061527520226350996));
#4037=FACE_BOUND('',#4038,.T.);
#4038=EDGE_LOOP('',(#4039,#4040,#4041));
#4039=ORIENTED_EDGE('',*,*,#4042,.T.);
#4040=ORIENTED_EDGE('',*,*,#4043,.T.);
#4041=ORIENTED_EDGE('',*,*,#4044,.T.);
#4042=EDGE_CURVE('',#278,#276,#4045,.F.);
#4043=EDGE_CURVE('',#276,#280,#4046,.T.);
#4044=EDGE_CURVE('',#280,#278,#4047,.T.);
#4045=LINE('',#277,#4048);
#4046=LINE('',#275,#4049);
#4047=LINE('',#279,#4050);
#4048=VECTOR('',#4051,1.0);
#4049=VECTOR('',#4052,1.0);
#4050=VECTOR('',#4053,1.0);
#4051=DIRECTION('',(-0.9980860310777572,0.006216013372448941,0.061527520226350996));
#4052=DIRECTION('',(0,-0.10051651144478188,-0.9949353903279202));
#4053=DIRECTION('',(1,0,0));
#4054=STYLED_ITEM('',(#25),#4055);
#4055=FACE_SURFACE('',(#4060),#4056,.T.);
#4056=PLANE('',#4057);
#4057=AXIS2_PLACEMENT_3D('',#277,#4058,#4059);
#4058=DIRECTION('',(0,-0.9981758725191509,0.060373235134717484));
#4059=DIRECTION('',(-1,0,0));
#4060=FACE_BOUND('',#4061,.T.);
#4061=EDGE_LOOP('',(#4062,#4063,#4064));
#4062=ORIENTED_EDGE('',*,*,#4065,.T.);
#4063=ORIENTED_EDGE('',*,*,#4066,.T.);
#4064=ORIENTED_EDGE('',*,*,#4067,.T.);
#4065=EDGE_CURVE('',#278,#280,#4068,.F.);
#4066=EDGE_CURVE('',#280,#282,#4069,.T.);
#4067=EDGE_CURVE('',#282,#278,#4070,.T.);
#4068=LINE('',#277,#4071);
#4069=LINE('',#279,#4072);
#4070=LINE('',#281,#4073);
#4071=VECTOR('',#4074,1.0);
#4072=VECTOR('',#4075,1.0);
#4073=VECTOR('',#4076,1.0);
#4074=DIRECTION('',(-1,0,0));
#4075=DIRECTION('',(0.9980859627267666,-0.0037335908898106563,-0.06172901511324227));
#4076=DIRECTION('',(0,0.060373235134717484,0.9981758725191509));
#4077=STYLED_ITEM('',(#25),#4078);
#4078=FACE_SURFACE('',(#4083),#4079,.T.);
#4079=PLANE('',#4080);
#4080=AXIS2_PLACEMENT_3D('',#281,#4081,#4082);
#4081=DIRECTION('',(0,-0.9981758725191509,0.060373235134717484));
#4082=DIRECTION('',(-0.9980859627267666,0.0037335908898106563,0.06172901511324227));
#4083=FACE_BOUND('',#4084,.T.);
#4084=EDGE_LOOP('',(#4085,#4086,#4087));
#4085=ORIENTED_EDGE('',*,*,#4088,.T.);
#4086=ORIENTED_EDGE('',*,*,#4089,.T.);
#4087=ORIENTED_EDGE('',*,*,#4090,.T.);
#4088=EDGE_CURVE('',#282,#280,#4091,.F.);
#4089=EDGE_CURVE('',#280,#284,#4092,.T.);
#4090=EDGE_CURVE('',#284,#282,#4093,.T.);
#4091=LINE('',#281,#4094);
#4092=LINE('',#279,#4095);
#4093=LINE('',#283,#4096);
#4094=VECTOR('',#4097,1.0);
#4095=VECTOR('',#4098,1.0);
#4096=VECTOR('',#4099,1.0);
#4097=DIRECTION('',(-0.9980859627267666,0.0037335908898106563,0.06172901511324227));
#4098=DIRECTION('',(0,-0.060373235134717484,-0.9981758725191509));
#4099=DIRECTION('',(1,0,0));
#4100=STYLED_ITEM('',(#25),#4101);
#4101=FACE_SURFACE('',(#4106),#4102,.T.);
#4102=PLANE('',#4103);
#4103=AXIS2_PLACEMENT_3D('',#281,#4104,#4105);
#4104=DIRECTION('',(0,-0.9997972170324306,0.020137646689886952));
#4105=DIRECTION('',(-1,0,0));
#4106=FACE_BOUND('',#4107,.T.);
#4107=EDGE_LOOP('',(#4108,#4109,#4110));
#4108=ORIENTED_EDGE('',*,*,#4111,.T.);
#4109=ORIENTED_EDGE('',*,*,#4112,.T.);
#4110=ORIENTED_EDGE('',*,*,#4113,.T.);
#4111=EDGE_CURVE('',#282,#284,#4114,.F.);
#4112=EDGE_CURVE('',#284,#286,#4115,.T.);
#4113=EDGE_CURVE('',#286,#282,#4116,.T.);
#4114=LINE('',#281,#4117);
#4115=LINE('',#283,#4118);
#4116=LINE('',#285,#4119);
#4117=VECTOR('',#4120,1.0);
#4118=VECTOR('',#4121,1.0);
#4119=VECTOR('',#4122,1.0);
#4120=DIRECTION('',(-1,0,0));
#4121=DIRECTION('',(0.9980860775763282,-0.0012453114441664907,-0.06182742876512767));
#4122=DIRECTION('',(0,0.020137646689886952,0.9997972170324306));
#4123=STYLED_ITEM('',(#25),#4124);
#4124=FACE_SURFACE('',(#4129),#4125,.T.);
#4125=PLANE('',#4126);
#4126=AXIS2_PLACEMENT_3D('',#285,#4127,#4128);
#4127=DIRECTION('',(0,-0.9997972170324306,0.020137646689886952));
#4128=DIRECTION('',(-0.9980860775763282,0.0012453114441664907,0.06182742876512767));
#4129=FACE_BOUND('',#4130,.T.);
#4130=EDGE_LOOP('',(#4131,#4132,#4133));
#4131=ORIENTED_EDGE('',*,*,#4134,.T.);
#4132=ORIENTED_EDGE('',*,*,#4135,.T.);
#4133=ORIENTED_EDGE('',*,*,#4136,.T.);
#4134=EDGE_CURVE('',#286,#284,#4137,.F.);
#4135=EDGE_CURVE('',#284,#288,#4138,.T.);
#4136=EDGE_CURVE('',#288,#286,#4139,.T.);
#4137=LINE('',#285,#4140);
#4138=LINE('',#283,#4141);
#4139=LINE('',#287,#4142);
#4140=VECTOR('',#4143,1.0);
#4141=VECTOR('',#4144,1.0);
#4142=VECTOR('',#4145,1.0);
#4143=DIRECTION('',(-0.9980860775763282,0.0012453114441664907,0.06182742876512767));
#4144=DIRECTION('',(-1,0,0));
#4145=DIRECTION('',(0.9995204873373249,-0.0006235505782139566,-0.03095814234790195));
#4146=STYLED_ITEM('',(#25),#4147);
#4147=FACE_SURFACE('',(#4152),#4148,.T.);
#4148=PLANE('',#4149);
#4149=AXIS2_PLACEMENT_3D('',#285,#4150,#4151);
#4150=DIRECTION('',(0,-0.9997972170324307,0.020137646689886955));
#4151=DIRECTION('',(-0.9995204873373249,0.0006235505782139566,0.03095814234790195));
#4152=FACE_BOUND('',#4153,.T.);
#4153=EDGE_LOOP('',(#4154,#4155,#4156));
#4154=ORIENTED_EDGE('',*,*,#4157,.T.);
#4155=ORIENTED_EDGE('',*,*,#4158,.T.);
#4156=ORIENTED_EDGE('',*,*,#4159,.T.);
#4157=EDGE_CURVE('',#286,#288,#4160,.F.);
#4158=EDGE_CURVE('',#288,#290,#4161,.T.);
#4159=EDGE_CURVE('',#290,#286,#4162,.T.);
#4160=LINE('',#285,#4163);
#4161=LINE('',#287,#4164);
#4162=LINE('',#289,#4165);
#4163=VECTOR('',#4166,1.0);
#4164=VECTOR('',#4167,1.0);
#4165=VECTOR('',#4168,1.0);
#4166=DIRECTION('',(-0.9995204873373249,0.0006235505782139566,0.03095814234790195));
#4167=DIRECTION('',(-0.9980860781363348,-0.0012453112621542313,-0.06182741972855287));
#4168=DIRECTION('',(1,0,0));
#4169=STYLED_ITEM('',(#25),#4170);
#4170=FACE_SURFACE('',(#4175),#4171,.T.);
#4171=PLANE('',#4172);
#4172=AXIS2_PLACEMENT_3D('',#289,#4173,#4174);
#4173=DIRECTION('',(0,-0.9997972170324306,0.020137646689886952));
#4174=DIRECTION('',(0.9980860781363348,0.0012453112621542313,0.06182741972855287));
#4175=FACE_BOUND('',#4176,.T.);
#4176=EDGE_LOOP('',(#4177,#4178,#4179));
#4177=ORIENTED_EDGE('',*,*,#4180,.T.);
#4178=ORIENTED_EDGE('',*,*,#4181,.T.);
#4179=ORIENTED_EDGE('',*,*,#4182,.T.);
#4180=EDGE_CURVE('',#290,#288,#4183,.F.);
#4181=EDGE_CURVE('',#288,#292,#4184,.T.);
#4182=EDGE_CURVE('',#292,#290,#4185,.T.);
#4183=LINE('',#289,#4186);
#4184=LINE('',#287,#4187);
#4185=LINE('',#291,#4188);
#4186=VECTOR('',#4189,1.0);
#4187=VECTOR('',#4190,1.0);
#4188=VECTOR('',#4191,1.0);
#4189=DIRECTION('',(0.9980860781363348,0.0012453112621542313,0.06182741972855287));
#4190=DIRECTION('',(-1,0,0));
#4191=DIRECTION('',(0,-0.020137646689886952,-0.9997972170324306));
#4192=STYLED_ITEM('',(#25),#4193);
#4193=FACE_SURFACE('',(#4198),#4194,.T.);
#4194=PLANE('',#4195);
#4195=AXIS2_PLACEMENT_3D('',#291,#4196,#4197);
#4196=DIRECTION('',(0,-0.998175872519151,0.06037323513471749));
#4197=DIRECTION('',(1,0,0));
#4198=FACE_BOUND('',#4199,.T.);
#4199=EDGE_LOOP('',(#4200,#4201,#4202));
#4200=ORIENTED_EDGE('',*,*,#4203,.T.);
#4201=ORIENTED_EDGE('',*,*,#4204,.T.);
#4202=ORIENTED_EDGE('',*,*,#4205,.T.);
#4203=EDGE_CURVE('',#292,#288,#4206,.F.);
#4204=EDGE_CURVE('',#288,#294,#4207,.T.);
#4205=EDGE_CURVE('',#294,#292,#4208,.T.);
#4206=LINE('',#291,#4209);
#4207=LINE('',#287,#4210);
#4208=LINE('',#293,#4211);
#4209=VECTOR('',#4212,1.0);
#4210=VECTOR('',#4213,1.0);
#4211=VECTOR('',#4214,1.0);
#4212=DIRECTION('',(1,0,0));
#4213=DIRECTION('',(-0.9980859632868069,0.0037335903441165167,0.061729006091053494));
#4214=DIRECTION('',(0,-0.060373235134717484,-0.9981758725191509));
#4215=STYLED_ITEM('',(#25),#4216);
#4216=FACE_SURFACE('',(#4221),#4217,.T.);
#4217=PLANE('',#4218);
#4218=AXIS2_PLACEMENT_3D('',#293,#4219,#4220);
#4219=DIRECTION('',(0,-0.998175872519151,0.06037323513471749));
#4220=DIRECTION('',(0.9980859632868069,-0.0037335903441165167,-0.061729006091053494));
#4221=FACE_BOUND('',#4222,.T.);
#4222=EDGE_LOOP('',(#4223,#4224,#4225));
#4223=ORIENTED_EDGE('',*,*,#4226,.T.);
#4224=ORIENTED_EDGE('',*,*,#4227,.T.);
#4225=ORIENTED_EDGE('',*,*,#4228,.T.);
#4226=EDGE_CURVE('',#294,#288,#4229,.F.);
#4227=EDGE_CURVE('',#288,#296,#4230,.T.);
#4228=EDGE_CURVE('',#296,#294,#4231,.T.);
#4229=LINE('',#293,#4232);
#4230=LINE('',#287,#4233);
#4231=LINE('',#295,#4234);
#4232=VECTOR('',#4235,1.0);
#4233=VECTOR('',#4236,1.0);
#4234=VECTOR('',#4237,1.0);
#4235=DIRECTION('',(0.9980859632868069,-0.0037335903441165167,-0.061729006091053494));
#4236=DIRECTION('',(0,0.060373235134717484,0.9981758725191509));
#4237=DIRECTION('',(-1,0,0));
#4238=STYLED_ITEM('',(#25),#4239);
#4239=FACE_SURFACE('',(#4244),#4240,.T.);
#4240=PLANE('',#4241);
#4241=AXIS2_PLACEMENT_3D('',#293,#4242,#4243);
#4242=DIRECTION('',(0,-0.9949353903279203,0.1005165114447819));
#4243=DIRECTION('',(1,0,0));
#4244=FACE_BOUND('',#4245,.T.);
#4245=EDGE_LOOP('',(#4246,#4247,#4248));
#4246=ORIENTED_EDGE('',*,*,#4249,.T.);
#4247=ORIENTED_EDGE('',*,*,#4250,.T.);
#4248=ORIENTED_EDGE('',*,*,#4251,.T.);
#4249=EDGE_CURVE('',#294,#296,#4252,.F.);
#4250=EDGE_CURVE('',#296,#298,#4253,.T.);
#4251=EDGE_CURVE('',#298,#294,#4254,.T.);
#4252=LINE('',#293,#4255);
#4253=LINE('',#295,#4256);
#4254=LINE('',#297,#4257);
#4255=VECTOR('',#4258,1.0);
#4256=VECTOR('',#4259,1.0);
#4257=VECTOR('',#4260,1.0);
#4258=DIRECTION('',(1,0,0));
#4259=DIRECTION('',(-0.9980860316377773,0.0062160124639287955,0.061527511233611075));
#4260=DIRECTION('',(0,-0.10051651144478188,-0.9949353903279202));
#4261=STYLED_ITEM('',(#25),#4262);
#4262=FACE_SURFACE('',(#4267),#4263,.T.);
#4263=PLANE('',#4264);
#4264=AXIS2_PLACEMENT_3D('',#297,#4265,#4266);
#4265=DIRECTION('',(0,-0.9949353903279203,0.1005165114447819));
#4266=DIRECTION('',(0.9980860316377773,-0.0062160124639287955,-0.061527511233611075));
#4267=FACE_BOUND('',#4268,.T.);
#4268=EDGE_LOOP('',(#4269,#4270,#4271));
#4269=ORIENTED_EDGE('',*,*,#4272,.T.);
#4270=ORIENTED_EDGE('',*,*,#4273,.T.);
#4271=ORIENTED_EDGE('',*,*,#4274,.T.);
#4272=EDGE_CURVE('',#298,#296,#4275,.F.);
#4273=EDGE_CURVE('',#296,#300,#4276,.T.);
#4274=EDGE_CURVE('',#300,#298,#4277,.T.);
#4275=LINE('',#297,#4278);
#4276=LINE('',#295,#4279);
#4277=LINE('',#299,#4280);
#4278=VECTOR('',#4281,1.0);
#4279=VECTOR('',#4282,1.0);
#4280=VECTOR('',#4283,1.0);
#4281=DIRECTION('',(0.9980860316377773,-0.0062160124639287955,-0.061527511233611075));
#4282=DIRECTION('',(0,0.10051651144478188,0.9949353903279202));
#4283=DIRECTION('',(-1,0,0));
#4284=STYLED_ITEM('',(#25),#4285);
#4285=FACE_SURFACE('',(#4290),#4286,.T.);
#4286=PLANE('',#4287);
#4287=AXIS2_PLACEMENT_3D('',#297,#4288,#4289);
#4288=DIRECTION('',(0,-0.9900797831657461,0.1405063093475497));
#4289=DIRECTION('',(1,0,0));
#4290=FACE_BOUND('',#4291,.T.);
#4291=EDGE_LOOP('',(#4292,#4293,#4294));
#4292=ORIENTED_EDGE('',*,*,#4295,.T.);
#4293=ORIENTED_EDGE('',*,*,#4296,.T.);
#4294=ORIENTED_EDGE('',*,*,#4297,.T.);
#4295=EDGE_CURVE('',#298,#300,#4298,.F.);
#4296=EDGE_CURVE('',#300,#302,#4299,.T.);
#4297=EDGE_CURVE('',#302,#298,#4300,.T.);
#4298=LINE('',#297,#4301);
#4299=LINE('',#299,#4302);
#4300=LINE('',#301,#4303);
#4301=VECTOR('',#4304,1.0);
#4302=VECTOR('',#4305,1.0);
#4303=VECTOR('',#4306,1.0);
#4304=DIRECTION('',(1,0,0));
#4305=DIRECTION('',(-0.9980860086600639,0.008689062077565042,0.061227604209499714));
#4306=DIRECTION('',(0,-0.1405063093475497,-0.9900797831657461));
#4307=STYLED_ITEM('',(#25),#4308);
#4308=FACE_SURFACE('',(#4313),#4309,.T.);
#4309=PLANE('',#4310);
#4310=AXIS2_PLACEMENT_3D('',#301,#4311,#4312);
#4311=DIRECTION('',(0,-0.9900797831657461,0.1405063093475497));
#4312=DIRECTION('',(0.9980860086600639,-0.008689062077565042,-0.061227604209499714));
#4313=FACE_BOUND('',#4314,.T.);
#4314=EDGE_LOOP('',(#4315,#4316,#4317));
#4315=ORIENTED_EDGE('',*,*,#4318,.T.);
#4316=ORIENTED_EDGE('',*,*,#4319,.T.);
#4317=ORIENTED_EDGE('',*,*,#4320,.T.);
#4318=EDGE_CURVE('',#302,#300,#4321,.F.);
#4319=EDGE_CURVE('',#300,#304,#4322,.T.);
#4320=EDGE_CURVE('',#304,#302,#4323,.T.);
#4321=LINE('',#301,#4324);
#4322=LINE('',#299,#4325);
#4323=LINE('',#303,#4326);
#4324=VECTOR('',#4327,1.0);
#4325=VECTOR('',#4328,1.0);
#4326=VECTOR('',#4329,1.0);
#4327=DIRECTION('',(0.9980860086600639,-0.008689062077565042,-0.061227604209499714));
#4328=DIRECTION('',(0,0.1405063093475497,0.9900797831657461));
#4329=DIRECTION('',(-1,0,0));
#4330=STYLED_ITEM('',(#25),#4331);
#4331=FACE_SURFACE('',(#4336),#4332,.T.);
#4332=PLANE('',#4333);
#4333=AXIS2_PLACEMENT_3D('',#301,#4334,#4335);
#4334=DIRECTION('',(0,-0.9836213382343876,0.18024722735729523));
#4335=DIRECTION('',(1,0,0));
#4336=FACE_BOUND('',#4337,.T.);
#4337=EDGE_LOOP('',(#4338,#4339,#4340));
#4338=ORIENTED_EDGE('',*,*,#4341,.T.);
#4339=ORIENTED_EDGE('',*,*,#4342,.T.);
#4340=ORIENTED_EDGE('',*,*,#4343,.T.);
#4341=EDGE_CURVE('',#302,#304,#4344,.F.);
#4342=EDGE_CURVE('',#304,#306,#4345,.T.);
#4343=EDGE_CURVE('',#306,#302,#4346,.T.);
#4344=LINE('',#301,#4347);
#4345=LINE('',#303,#4348);
#4346=LINE('',#305,#4349);
#4347=VECTOR('',#4350,1.0);
#4348=VECTOR('',#4351,1.0);
#4349=VECTOR('',#4352,1.0);
#4350=DIRECTION('',(1,0,0));
#4351=DIRECTION('',(-0.998085940570045,0.01114688149222012,0.06082928792454414));
#4352=DIRECTION('',(0,-0.18024722735729523,-0.9836213382343876));
#4353=STYLED_ITEM('',(#25),#4354);
#4354=FACE_SURFACE('',(#4359),#4355,.T.);
#4355=PLANE('',#4356);
#4356=AXIS2_PLACEMENT_3D('',#305,#4357,#4358);
#4357=DIRECTION('',(0,-0.9836213382343876,0.18024722735729523));
#4358=DIRECTION('',(0.998085940570045,-0.01114688149222012,-0.06082928792454414));
#4359=FACE_BOUND('',#4360,.T.);
#4360=EDGE_LOOP('',(#4361,#4362,#4363));
#4361=ORIENTED_EDGE('',*,*,#4364,.T.);
#4362=ORIENTED_EDGE('',*,*,#4365,.T.);
#4363=ORIENTED_EDGE('',*,*,#4366,.T.);
#4364=EDGE_CURVE('',#306,#304,#4367,.F.);
#4365=EDGE_CURVE('',#304,#308,#4368,.T.);
#4366=EDGE_CURVE('',#308,#306,#4369,.T.);
#4367=LINE('',#305,#4370);
#4368=LINE('',#303,#4371);
#4369=LINE('',#307,#4372);
#4370=VECTOR('',#4373,1.0);
#4371=VECTOR('',#4374,1.0);
#4372=VECTOR('',#4375,1.0);
#4373=DIRECTION('',(0.998085940570045,-0.01114688149222012,-0.06082928792454414));
#4374=DIRECTION('',(0,0.18024722735729523,0.9836213382343876));
#4375=DIRECTION('',(-1,0,0));
#4376=STYLED_ITEM('',(#25),#4377);
#4377=FACE_SURFACE('',(#4382),#4378,.T.);
#4378=PLANE('',#4379);
#4379=AXIS2_PLACEMENT_3D('',#305,#4380,#4381);
#4380=DIRECTION('',(0,-0.9755630809370479,0.21971953739395766));
#4381=DIRECTION('',(1,0,0));
#4382=FACE_BOUND('',#4383,.T.);
#4383=EDGE_LOOP('',(#4384,#4385,#4386));
#4384=ORIENTED_EDGE('',*,*,#4387,.T.);
#4385=ORIENTED_EDGE('',*,*,#4388,.T.);
#4386=ORIENTED_EDGE('',*,*,#4389,.T.);
#4387=EDGE_CURVE('',#306,#308,#4390,.F.);
#4388=EDGE_CURVE('',#308,#310,#4391,.T.);
#4389=EDGE_CURVE('',#310,#306,#4392,.T.);
#4390=LINE('',#305,#4393);
#4391=LINE('',#307,#4394);
#4392=LINE('',#309,#4395);
#4393=VECTOR('',#4396,1.0);
#4394=VECTOR('',#4397,1.0);
#4395=VECTOR('',#4398,1.0);
#4396=DIRECTION('',(1,0,0));
#4397=DIRECTION('',(-0.9980858379720505,0.01358829901604337,0.06033256309390753));
#4398=DIRECTION('',(0,-0.21971953739395766,-0.9755630809370479));
#4399=STYLED_ITEM('',(#25),#4400);
#4400=FACE_SURFACE('',(#4405),#4401,.T.);
#4401=PLANE('',#4402);
#4402=AXIS2_PLACEMENT_3D('',#309,#4403,#4404);
#4403=DIRECTION('',(0,-0.9755630809370479,0.21971953739395766));
#4404=DIRECTION('',(0.9980858379720505,-0.01358829901604337,-0.06033256309390753));
#4405=FACE_BOUND('',#4406,.T.);
#4406=EDGE_LOOP('',(#4407,#4408,#4409));
#4407=ORIENTED_EDGE('',*,*,#4410,.T.);
#4408=ORIENTED_EDGE('',*,*,#4411,.T.);
#4409=ORIENTED_EDGE('',*,*,#4412,.T.);
#4410=EDGE_CURVE('',#310,#308,#4413,.F.);
#4411=EDGE_CURVE('',#308,#312,#4414,.T.);
#4412=EDGE_CURVE('',#312,#310,#4415,.T.);
#4413=LINE('',#309,#4416);
#4414=LINE('',#307,#4417);
#4415=LINE('',#311,#4418);
#4416=VECTOR('',#4419,1.0);
#4417=VECTOR('',#4420,1.0);
#4418=VECTOR('',#4421,1.0);
#4419=DIRECTION('',(0.9980858379720505,-0.01358829901604337,-0.06033256309390753));
#4420=DIRECTION('',(0,0.21971953739395766,0.9755630809370479));
#4421=DIRECTION('',(-1,0,0));
#4422=STYLED_ITEM('',(#25),#4423);
#4423=FACE_SURFACE('',(#4428),#4424,.T.);
#4424=PLANE('',#4425);
#4425=AXIS2_PLACEMENT_3D('',#309,#4426,#4427);
#4426=DIRECTION('',(0,-0.965926742347108,0.25881562630317306));
#4427=DIRECTION('',(1,0,0));
#4428=FACE_BOUND('',#4429,.T.);
#4429=EDGE_LOOP('',(#4430,#4431,#4432));
#4430=ORIENTED_EDGE('',*,*,#4433,.T.);
#4431=ORIENTED_EDGE('',*,*,#4434,.T.);
#4432=ORIENTED_EDGE('',*,*,#4435,.T.);
#4433=EDGE_CURVE('',#310,#312,#4436,.F.);
#4434=EDGE_CURVE('',#312,#314,#4437,.T.);
#4435=EDGE_CURVE('',#314,#310,#4438,.T.);
#4436=LINE('',#309,#4439);
#4437=LINE('',#311,#4440);
#4438=LINE('',#313,#4441);
#4439=VECTOR('',#4442,1.0);
#4440=VECTOR('',#4443,1.0);
#4441=VECTOR('',#4444,1.0);
#4442=DIRECTION('',(1,0,0));
#4443=DIRECTION('',(-0.9980860848189063,0.016005120016427725,0.059732766754327093));
#4444=DIRECTION('',(0,-0.25881562630317306,-0.965926742347108));
#4445=STYLED_ITEM('',(#25),#4446);
#4446=FACE_SURFACE('',(#4451),#4447,.T.);
#4447=PLANE('',#4448);
#4448=AXIS2_PLACEMENT_3D('',#313,#4449,#4450);
#4449=DIRECTION('',(0,-0.965926742347108,0.25881562630317306));
#4450=DIRECTION('',(0.9980860848189063,-0.016005120016427725,-0.059732766754327093));
#4451=FACE_BOUND('',#4452,.T.);
#4452=EDGE_LOOP('',(#4453,#4454,#4455));
#4453=ORIENTED_EDGE('',*,*,#4456,.T.);
#4454=ORIENTED_EDGE('',*,*,#4457,.T.);
#4455=ORIENTED_EDGE('',*,*,#4458,.T.);
#4456=EDGE_CURVE('',#314,#312,#4459,.F.);
#4457=EDGE_CURVE('',#312,#316,#4460,.T.);
#4458=EDGE_CURVE('',#316,#314,#4461,.T.);
#4459=LINE('',#313,#4462);
#4460=LINE('',#311,#4463);
#4461=LINE('',#315,#4464);
#4462=VECTOR('',#4465,1.0);
#4463=VECTOR('',#4466,1.0);
#4464=VECTOR('',#4467,1.0);
#4465=DIRECTION('',(0.9980860848189063,-0.016005120016427725,-0.059732766754327093));
#4466=DIRECTION('',(0,0.25881562630317306,0.965926742347108));
#4467=DIRECTION('',(-1,0,0));
#4468=STYLED_ITEM('',(#25),#4469);
#4469=FACE_SURFACE('',(#4474),#4470,.T.);
#4470=PLANE('',#4471);
#4471=AXIS2_PLACEMENT_3D('',#313,#4472,#4473);
#4472=DIRECTION('',(0,-0.954722346994015,0.29749830276867073));
#4473=DIRECTION('',(1,0,0));
#4474=FACE_BOUND('',#4475,.T.);
#4475=EDGE_LOOP('',(#4476,#4477,#4478));
#4476=ORIENTED_EDGE('',*,*,#4479,.T.);
#4477=ORIENTED_EDGE('',*,*,#4480,.T.);
#4478=ORIENTED_EDGE('',*,*,#4481,.T.);
#4479=EDGE_CURVE('',#314,#316,#4482,.F.);
#4480=EDGE_CURVE('',#316,#318,#4483,.T.);
#4481=EDGE_CURVE('',#318,#314,#4484,.T.);
#4482=LINE('',#313,#4485);
#4483=LINE('',#315,#4486);
#4484=LINE('',#317,#4487);
#4485=VECTOR('',#4488,1.0);
#4486=VECTOR('',#4489,1.0);
#4487=VECTOR('',#4490,1.0);
#4488=DIRECTION('',(1,0,0));
#4489=DIRECTION('',(-0.9980858241206387,0.018398502723109073,0.059043905587054905));
#4490=DIRECTION('',(0,-0.29749830276867073,-0.9547223469940149));
#4491=STYLED_ITEM('',(#25),#4492);
#4492=FACE_SURFACE('',(#4497),#4493,.T.);
#4493=PLANE('',#4494);
#4494=AXIS2_PLACEMENT_3D('',#317,#4495,#4496);
#4495=DIRECTION('',(0,-0.954722346994015,0.29749830276867073));
#4496=DIRECTION('',(0.9980858241206387,-0.018398502723109073,-0.059043905587054905));
#4497=FACE_BOUND('',#4498,.T.);
#4498=EDGE_LOOP('',(#4499,#4500,#4501));
#4499=ORIENTED_EDGE('',*,*,#4502,.T.);
#4500=ORIENTED_EDGE('',*,*,#4503,.T.);
#4501=ORIENTED_EDGE('',*,*,#4504,.T.);
#4502=EDGE_CURVE('',#318,#316,#4505,.F.);
#4503=EDGE_CURVE('',#316,#320,#4506,.T.);
#4504=EDGE_CURVE('',#320,#318,#4507,.T.);
#4505=LINE('',#317,#4508);
#4506=LINE('',#315,#4509);
#4507=LINE('',#319,#4510);
#4508=VECTOR('',#4511,1.0);
#4509=VECTOR('',#4512,1.0);
#4510=VECTOR('',#4513,1.0);
#4511=DIRECTION('',(0.9980858241206387,-0.018398502723109073,-0.059043905587054905));
#4512=DIRECTION('',(0,0.29749830276867073,0.9547223469940149));
#4513=DIRECTION('',(-1,0,0));
#4514=STYLED_ITEM('',(#25),#4515);
#4515=FACE_SURFACE('',(#4520),#4516,.T.);
#4516=PLANE('',#4517);
#4517=AXIS2_PLACEMENT_3D('',#317,#4518,#4519);
#4518=DIRECTION('',(0,-0.9419671411804496,0.3357050862532931));
#4519=DIRECTION('',(1,0,0));
#4520=FACE_BOUND('',#4521,.T.);
#4521=EDGE_LOOP('',(#4522,#4523,#4524));
#4522=ORIENTED_EDGE('',*,*,#4525,.T.);
#4523=ORIENTED_EDGE('',*,*,#4526,.T.);
#4524=ORIENTED_EDGE('',*,*,#4527,.T.);
#4525=EDGE_CURVE('',#318,#320,#4528,.F.);
#4526=EDGE_CURVE('',#320,#322,#4529,.T.);
#4527=EDGE_CURVE('',#322,#318,#4530,.T.);
#4528=LINE('',#317,#4531);
#4529=LINE('',#319,#4532);
#4530=LINE('',#321,#4533);
#4531=VECTOR('',#4534,1.0);
#4532=VECTOR('',#4535,1.0);
#4533=VECTOR('',#4536,1.0);
#4534=DIRECTION('',(1,0,0));
#4535=DIRECTION('',(-0.9980860275413896,0.02076026317775793,0.0582519793606927));
#4536=DIRECTION('',(0,-0.33570508625329315,-0.9419671411804496));
#4537=STYLED_ITEM('',(#25),#4538);
#4538=FACE_SURFACE('',(#4543),#4539,.T.);
#4539=PLANE('',#4540);
#4540=AXIS2_PLACEMENT_3D('',#321,#4541,#4542);
#4541=DIRECTION('',(0,-0.9419671411804496,0.3357050862532931));
#4542=DIRECTION('',(0.9980860275413896,-0.02076026317775793,-0.0582519793606927));
#4543=FACE_BOUND('',#4544,.T.);
#4544=EDGE_LOOP('',(#4545,#4546,#4547));
#4545=ORIENTED_EDGE('',*,*,#4548,.T.);
#4546=ORIENTED_EDGE('',*,*,#4549,.T.);
#4547=ORIENTED_EDGE('',*,*,#4550,.T.);
#4548=EDGE_CURVE('',#322,#320,#4551,.F.);
#4549=EDGE_CURVE('',#320,#324,#4552,.T.);
#4550=EDGE_CURVE('',#324,#322,#4553,.T.);
#4551=LINE('',#321,#4554);
#4552=LINE('',#319,#4555);
#4553=LINE('',#323,#4556);
#4554=VECTOR('',#4557,1.0);
#4555=VECTOR('',#4558,1.0);
#4556=VECTOR('',#4559,1.0);
#4557=DIRECTION('',(0.9980860275413896,-0.02076026317775793,-0.0582519793606927));
#4558=DIRECTION('',(0,0.33570508625329315,0.9419671411804496));
#4559=DIRECTION('',(-1,0,0));
#4560=STYLED_ITEM('',(#25),#4561);
#4561=FACE_SURFACE('',(#4566),#4562,.T.);
#4562=PLANE('',#4563);
#4563=AXIS2_PLACEMENT_3D('',#321,#4564,#4565);
#4564=DIRECTION('',(0,-0.9276788871007695,0.37337900640967703));
#4565=DIRECTION('',(1,0,0));
#4566=FACE_BOUND('',#4567,.T.);
#4567=EDGE_LOOP('',(#4568,#4569,#4570));
#4568=ORIENTED_EDGE('',*,*,#4571,.T.);
#4569=ORIENTED_EDGE('',*,*,#4572,.T.);
#4570=ORIENTED_EDGE('',*,*,#4573,.T.);
#4571=EDGE_CURVE('',#322,#324,#4574,.F.);
#4572=EDGE_CURVE('',#324,#326,#4575,.T.);
#4573=EDGE_CURVE('',#326,#322,#4576,.T.);
#4574=LINE('',#321,#4577);
#4575=LINE('',#323,#4578);
#4576=LINE('',#325,#4579);
#4577=VECTOR('',#4580,1.0);
#4578=VECTOR('',#4581,1.0);
#4579=VECTOR('',#4582,1.0);
#4580=DIRECTION('',(1,0,0));
#4581=DIRECTION('',(-0.9980861647351297,0.023089220879906357,0.05736632848177252));
#4582=DIRECTION('',(0,-0.3733790064096771,-0.9276788871007696));
#4583=STYLED_ITEM('',(#25),#4584);
#4584=FACE_SURFACE('',(#4589),#4585,.T.);
#4585=PLANE('',#4586);
#4586=AXIS2_PLACEMENT_3D('',#325,#4587,#4588);
#4587=DIRECTION('',(0,-0.9276788871007695,0.37337900640967703));
#4588=DIRECTION('',(0.9980861647351297,-0.023089220879906357,-0.05736632848177252));
#4589=FACE_BOUND('',#4590,.T.);
#4590=EDGE_LOOP('',(#4591,#4592,#4593));
#4591=ORIENTED_EDGE('',*,*,#4594,.T.);
#4592=ORIENTED_EDGE('',*,*,#4595,.T.);
#4593=ORIENTED_EDGE('',*,*,#4596,.T.);
#4594=EDGE_CURVE('',#326,#324,#4597,.F.);
#4595=EDGE_CURVE('',#324,#328,#4598,.T.);
#4596=EDGE_CURVE('',#328,#326,#4599,.T.);
#4597=LINE('',#325,#4600);
#4598=LINE('',#323,#4601);
#4599=LINE('',#327,#4602);
#4600=VECTOR('',#4603,1.0);
#4601=VECTOR('',#4604,1.0);
#4602=VECTOR('',#4605,1.0);
#4603=DIRECTION('',(0.9980861647351297,-0.023089220879906357,-0.05736632848177252));
#4604=DIRECTION('',(0,0.3733790064096771,0.9276788871007696));
#4605=DIRECTION('',(-1,0,0));
#4606=STYLED_ITEM('',(#25),#4607);
#4607=FACE_SURFACE('',(#4612),#4608,.T.);
#4608=PLANE('',#4609);
#4609=AXIS2_PLACEMENT_3D('',#325,#4610,#4611);
#4610=DIRECTION('',(0,-0.911907327052918,0.4103961828126603));
#4611=DIRECTION('',(1,0,0));
#4612=FACE_BOUND('',#4613,.T.);
#4613=EDGE_LOOP('',(#4614,#4615,#4616));
#4614=ORIENTED_EDGE('',*,*,#4617,.T.);
#4615=ORIENTED_EDGE('',*,*,#4618,.T.);
#4616=ORIENTED_EDGE('',*,*,#4619,.T.);
#4617=EDGE_CURVE('',#326,#328,#4620,.F.);
#4618=EDGE_CURVE('',#328,#330,#4621,.T.);
#4619=EDGE_CURVE('',#330,#326,#4622,.T.);
#4620=LINE('',#325,#4623);
#4621=LINE('',#327,#4624);
#4622=LINE('',#329,#4625);
#4623=VECTOR('',#4626,1.0);
#4624=VECTOR('',#4627,1.0);
#4625=VECTOR('',#4628,1.0);
#4626=DIRECTION('',(1,0,0));
#4627=DIRECTION('',(-0.9980858071351267,0.025380678428060348,0.05639630092438611));
#4628=DIRECTION('',(0,-0.4103961828126603,-0.911907327052918));
#4629=STYLED_ITEM('',(#25),#4630);
#4630=FACE_SURFACE('',(#4635),#4631,.T.);
#4631=PLANE('',#4632);
#4632=AXIS2_PLACEMENT_3D('',#329,#4633,#4634);
#4633=DIRECTION('',(0,-0.911907327052918,0.4103961828126603));
#4634=DIRECTION('',(0.9980858071351267,-0.025380678428060348,-0.05639630092438611));
#4635=FACE_BOUND('',#4636,.T.);
#4636=EDGE_LOOP('',(#4637,#4638,#4639));
#4637=ORIENTED_EDGE('',*,*,#4640,.T.);
#4638=ORIENTED_EDGE('',*,*,#4641,.T.);
#4639=ORIENTED_EDGE('',*,*,#4642,.T.);
#4640=EDGE_CURVE('',#330,#328,#4643,.F.);
#4641=EDGE_CURVE('',#328,#332,#4644,.T.);
#4642=EDGE_CURVE('',#332,#330,#4645,.T.);
#4643=LINE('',#329,#4646);
#4644=LINE('',#327,#4647);
#4645=LINE('',#331,#4648);
#4646=VECTOR('',#4649,1.0);
#4647=VECTOR('',#4650,1.0);
#4648=VECTOR('',#4651,1.0);
#4649=DIRECTION('',(0.9980858071351267,-0.025380678428060348,-0.05639630092438611));
#4650=DIRECTION('',(0,0.4103961828126603,0.911907327052918));
#4651=DIRECTION('',(-1,0,0));
#4652=STYLED_ITEM('',(#25),#4653);
#4653=FACE_SURFACE('',(#4658),#4654,.T.);
#4654=PLANE('',#4655);
#4655=AXIS2_PLACEMENT_3D('',#329,#4656,#4657);
#4656=DIRECTION('',(0,-0.8946241245923509,0.44681951132126013));
#4657=DIRECTION('',(1,0,0));
#4658=FACE_BOUND('',#4659,.T.);
#4659=EDGE_LOOP('',(#4660,#4661,#4662));
#4660=ORIENTED_EDGE('',*,*,#4663,.T.);
#4661=ORIENTED_EDGE('',*,*,#4664,.T.);
#4662=ORIENTED_EDGE('',*,*,#4665,.T.);
#4663=EDGE_CURVE('',#330,#332,#4666,.F.);
#4664=EDGE_CURVE('',#332,#334,#4667,.T.);
#4665=EDGE_CURVE('',#334,#330,#4668,.T.);
#4666=LINE('',#329,#4669);
#4667=LINE('',#331,#4670);
#4668=LINE('',#333,#4671);
#4669=VECTOR('',#4672,1.0);
#4670=VECTOR('',#4673,1.0);
#4671=VECTOR('',#4674,1.0);
#4672=DIRECTION('',(1,0,0));
#4673=DIRECTION('',(-0.9980860990757897,0.027631149619361143,0.05532321757079245));
#4674=DIRECTION('',(0,-0.44681951132126013,-0.894624124592351));
#4675=STYLED_ITEM('',(#25),#4676);
#4676=FACE_SURFACE('',(#4681),#4677,.T.);
#4677=PLANE('',#4678);
#4678=AXIS2_PLACEMENT_3D('',#333,#4679,#4680);
#4679=DIRECTION('',(0,-0.8946241245923509,0.44681951132126013));
#4680=DIRECTION('',(0.9980860990757897,-0.027631149619361143,-0.05532321757079245));
#4681=FACE_BOUND('',#4682,.T.);
#4682=EDGE_LOOP('',(#4683,#4684,#4685));
#4683=ORIENTED_EDGE('',*,*,#4686,.T.);
#4684=ORIENTED_EDGE('',*,*,#4687,.T.);
#4685=ORIENTED_EDGE('',*,*,#4688,.T.);
#4686=EDGE_CURVE('',#334,#332,#4689,.F.);
#4687=EDGE_CURVE('',#332,#336,#4690,.T.);
#4688=EDGE_CURVE('',#336,#334,#4691,.T.);
#4689=LINE('',#333,#4692);
#4690=LINE('',#331,#4693);
#4691=LINE('',#335,#4694);
#4692=VECTOR('',#4695,1.0);
#4693=VECTOR('',#4696,1.0);
#4694=VECTOR('',#4697,1.0);
#4695=DIRECTION('',(0.9980860990757897,-0.027631149619361143,-0.05532321757079245));
#4696=DIRECTION('',(0,0.44681951132126013,0.894624124592351));
#4697=DIRECTION('',(-1,0,0));
#4698=STYLED_ITEM('',(#25),#4699);
#4699=FACE_SURFACE('',(#4704),#4700,.T.);
#4700=PLANE('',#4701);
#4701=AXIS2_PLACEMENT_3D('',#333,#4702,#4703);
#4702=DIRECTION('',(0,-0.8759277884230854,0.4824422343330263));
#4703=DIRECTION('',(1,0,0));
#4704=FACE_BOUND('',#4705,.T.);
#4705=EDGE_LOOP('',(#4706,#4707,#4708));
#4706=ORIENTED_EDGE('',*,*,#4709,.T.);
#4707=ORIENTED_EDGE('',*,*,#4710,.T.);
#4708=ORIENTED_EDGE('',*,*,#4711,.T.);
#4709=EDGE_CURVE('',#334,#336,#4712,.F.);
#4710=EDGE_CURVE('',#336,#338,#4713,.T.);
#4711=EDGE_CURVE('',#338,#334,#4714,.T.);
#4712=LINE('',#333,#4715);
#4713=LINE('',#335,#4716);
#4714=LINE('',#337,#4717);
#4715=VECTOR('',#4718,1.0);
#4716=VECTOR('',#4719,1.0);
#4717=VECTOR('',#4720,1.0);
#4718=DIRECTION('',(1,0,0));
#4719=DIRECTION('',(-0.9980858586402701,0.029835917450374567,0.0541704422375263));
#4720=DIRECTION('',(0,-0.4824422343330263,-0.8759277884230853));
#4721=STYLED_ITEM('',(#25),#4722);
#4722=FACE_SURFACE('',(#4727),#4723,.T.);
#4723=PLANE('',#4724);
#4724=AXIS2_PLACEMENT_3D('',#337,#4725,#4726);
#4725=DIRECTION('',(0,-0.8759277884230854,0.4824422343330263));
#4726=DIRECTION('',(0.9980858586402701,-0.029835917450374567,-0.0541704422375263));
#4727=FACE_BOUND('',#4728,.T.);
#4728=EDGE_LOOP('',(#4729,#4730,#4731));
#4729=ORIENTED_EDGE('',*,*,#4732,.T.);
#4730=ORIENTED_EDGE('',*,*,#4733,.T.);
#4731=ORIENTED_EDGE('',*,*,#4734,.T.);
#4732=EDGE_CURVE('',#338,#336,#4735,.F.);
#4733=EDGE_CURVE('',#336,#340,#4736,.T.);
#4734=EDGE_CURVE('',#340,#338,#4737,.T.);
#4735=LINE('',#337,#4738);
#4736=LINE('',#335,#4739);
#4737=LINE('',#339,#4740);
#4738=VECTOR('',#4741,1.0);
#4739=VECTOR('',#4742,1.0);
#4740=VECTOR('',#4743,1.0);
#4741=DIRECTION('',(0.9980858586402701,-0.029835917450374567,-0.0541704422375263));
#4742=DIRECTION('',(0,0.4824422343330263,0.8759277884230853));
#4743=DIRECTION('',(-1,0,0));
#4744=STYLED_ITEM('',(#25),#4745);
#4745=FACE_SURFACE('',(#4750),#4746,.T.);
#4746=PLANE('',#4747);
#4747=AXIS2_PLACEMENT_3D('',#337,#4748,#4749);
#4748=DIRECTION('',(0,-0.8557680701339015,0.5173596526008748));
#4749=DIRECTION('',(1,0,0));
#4750=FACE_BOUND('',#4751,.T.);
#4751=EDGE_LOOP('',(#4752,#4753,#4754));
#4752=ORIENTED_EDGE('',*,*,#4755,.T.);
#4753=ORIENTED_EDGE('',*,*,#4756,.T.);
#4754=ORIENTED_EDGE('',*,*,#4757,.T.);
#4755=EDGE_CURVE('',#338,#340,#4758,.F.);
#4756=EDGE_CURVE('',#340,#342,#4759,.T.);
#4757=EDGE_CURVE('',#342,#338,#4760,.T.);
#4758=LINE('',#337,#4761);
#4759=LINE('',#339,#4762);
#4760=LINE('',#341,#4763);
#4761=VECTOR('',#4764,1.0);
#4762=VECTOR('',#4765,1.0);
#4763=VECTOR('',#4766,1.0);
#4764=DIRECTION('',(1,0,0));
#4765=DIRECTION('',(-0.9980861775016733,0.03199267040817189,0.05291929062499326));
#4766=DIRECTION('',(0,-0.5173596526008748,-0.8557680701339014));
#4767=STYLED_ITEM('',(#25),#4768);
#4768=FACE_SURFACE('',(#4773),#4769,.T.);
#4769=PLANE('',#4770);
#4770=AXIS2_PLACEMENT_3D('',#341,#4771,#4772);
#4771=DIRECTION('',(0,-0.8557680701339015,0.5173596526008748));
#4772=DIRECTION('',(0.9980861775016733,-0.03199267040817189,-0.05291929062499326));
#4773=FACE_BOUND('',#4774,.T.);
#4774=EDGE_LOOP('',(#4775,#4776,#4777));
#4775=ORIENTED_EDGE('',*,*,#4778,.T.);
#4776=ORIENTED_EDGE('',*,*,#4779,.T.);
#4777=ORIENTED_EDGE('',*,*,#4780,.T.);
#4778=EDGE_CURVE('',#342,#340,#4781,.F.);
#4779=EDGE_CURVE('',#340,#344,#4782,.T.);
#4780=EDGE_CURVE('',#344,#342,#4783,.T.);
#4781=LINE('',#341,#4784);
#4782=LINE('',#339,#4785);
#4783=LINE('',#343,#4786);
#4784=VECTOR('',#4787,1.0);
#4785=VECTOR('',#4788,1.0);
#4786=VECTOR('',#4789,1.0);
#4787=DIRECTION('',(0.9980861775016733,-0.03199267040817189,-0.05291929062499326));
#4788=DIRECTION('',(0,0.5173596526008748,0.8557680701339014));
#4789=DIRECTION('',(-1,0,0));
#4790=STYLED_ITEM('',(#25),#4791);
#4791=FACE_SURFACE('',(#4796),#4792,.T.);
#4792=PLANE('',#4793);
#4793=AXIS2_PLACEMENT_3D('',#341,#4794,#4795);
#4794=DIRECTION('',(0,-0.8342643677121862,0.5513646386610102));
#4795=DIRECTION('',(1,0,0));
#4796=FACE_BOUND('',#4797,.T.);
#4797=EDGE_LOOP('',(#4798,#4799,#4800));
#4798=ORIENTED_EDGE('',*,*,#4801,.T.);
#4799=ORIENTED_EDGE('',*,*,#4802,.T.);
#4800=ORIENTED_EDGE('',*,*,#4803,.T.);
#4801=EDGE_CURVE('',#342,#344,#4804,.F.);
#4802=EDGE_CURVE('',#344,#346,#4805,.T.);
#4803=EDGE_CURVE('',#346,#342,#4806,.T.);
#4804=LINE('',#341,#4807);
#4805=LINE('',#343,#4808);
#4806=LINE('',#345,#4809);
#4807=VECTOR('',#4810,1.0);
#4808=VECTOR('',#4811,1.0);
#4809=VECTOR('',#4812,1.0);
#4810=DIRECTION('',(1,0,0));
#4811=DIRECTION('',(-0.9980859105474575,0.03409785842914522,0.05159313149246051));
#4812=DIRECTION('',(0,-0.5513646386610103,-0.8342643677121862));
#4813=STYLED_ITEM('',(#25),#4814);
#4814=FACE_SURFACE('',(#4819),#4815,.T.);
#4815=PLANE('',#4816);
#4816=AXIS2_PLACEMENT_3D('',#345,#4817,#4818);
#4817=DIRECTION('',(0,-0.8342643677121862,0.5513646386610102));
#4818=DIRECTION('',(0.9980859105474575,-0.03409785842914522,-0.05159313149246051));
#4819=FACE_BOUND('',#4820,.T.);
#4820=EDGE_LOOP('',(#4821,#4822,#4823));
#4821=ORIENTED_EDGE('',*,*,#4824,.T.);
#4822=ORIENTED_EDGE('',*,*,#4825,.T.);
#4823=ORIENTED_EDGE('',*,*,#4826,.T.);
#4824=EDGE_CURVE('',#346,#344,#4827,.F.);
#4825=EDGE_CURVE('',#344,#348,#4828,.T.);
#4826=EDGE_CURVE('',#348,#346,#4829,.T.);
#4827=LINE('',#345,#4830);
#4828=LINE('',#343,#4831);
#4829=LINE('',#347,#4832);
#4830=VECTOR('',#4833,1.0);
#4831=VECTOR('',#4834,1.0);
#4832=VECTOR('',#4835,1.0);
#4833=DIRECTION('',(0.9980859105474575,-0.03409785842914522,-0.05159313149246051));
#4834=DIRECTION('',(0,0.5513646386610103,0.8342643677121862));
#4835=DIRECTION('',(-1,0,0));
#4836=STYLED_ITEM('',(#25),#4837);
#4837=FACE_SURFACE('',(#4842),#4838,.T.);
#4838=PLANE('',#4839);
#4839=AXIS2_PLACEMENT_3D('',#345,#4840,#4841);
#4840=DIRECTION('',(0,-0.811381968536976,0.5845162967215384));
#4841=DIRECTION('',(1,0,0));
#4842=FACE_BOUND('',#4843,.T.);
#4843=EDGE_LOOP('',(#4844,#4845,#4846));
#4844=ORIENTED_EDGE('',*,*,#4847,.T.);
#4845=ORIENTED_EDGE('',*,*,#4848,.T.);
#4846=ORIENTED_EDGE('',*,*,#4849,.T.);
#4847=EDGE_CURVE('',#346,#348,#4850,.F.);
#4848=EDGE_CURVE('',#348,#350,#4851,.T.);
#4849=EDGE_CURVE('',#350,#346,#4852,.T.);
#4850=LINE('',#345,#4853);
#4851=LINE('',#347,#4854);
#4852=LINE('',#349,#4855);
#4853=VECTOR('',#4856,1.0);
#4854=VECTOR('',#4857,1.0);
#4855=VECTOR('',#4858,1.0);
#4856=DIRECTION('',(1,0,0));
#4857=DIRECTION('',(-0.9980859159417291,0.03614799441269941,0.05017795231672094));
#4858=DIRECTION('',(0,-0.5845162967215384,-0.8113819685369761));
#4859=STYLED_ITEM('',(#25),#4860);
#4860=FACE_SURFACE('',(#4865),#4861,.T.);
#4861=PLANE('',#4862);
#4862=AXIS2_PLACEMENT_3D('',#349,#4863,#4864);
#4863=DIRECTION('',(0,-0.811381968536976,0.5845162967215384));
#4864=DIRECTION('',(0.9980859159417291,-0.03614799441269941,-0.05017795231672094));
#4865=FACE_BOUND('',#4866,.T.);
#4866=EDGE_LOOP('',(#4867,#4868,#4869));
#4867=ORIENTED_EDGE('',*,*,#4870,.T.);
#4868=ORIENTED_EDGE('',*,*,#4871,.T.);
#4869=ORIENTED_EDGE('',*,*,#4872,.T.);
#4870=EDGE_CURVE('',#350,#348,#4873,.F.);
#4871=EDGE_CURVE('',#348,#352,#4874,.T.);
#4872=EDGE_CURVE('',#352,#350,#4875,.T.);
#4873=LINE('',#349,#4876);
#4874=LINE('',#347,#4877);
#4875=LINE('',#351,#4878);
#4876=VECTOR('',#4879,1.0);
#4877=VECTOR('',#4880,1.0);
#4878=VECTOR('',#4881,1.0);
#4879=DIRECTION('',(0.9980859159417291,-0.03614799441269941,-0.05017795231672094));
#4880=DIRECTION('',(0,0.5845162967215384,0.8113819685369761));
#4881=DIRECTION('',(-1,0,0));
#4882=STYLED_ITEM('',(#25),#4883);
#4883=FACE_SURFACE('',(#4888),#4884,.T.);
#4884=PLANE('',#4885);
#4885=AXIS2_PLACEMENT_3D('',#349,#4886,#4887);
#4886=DIRECTION('',(0,-0.7871734840845606,0.6167316320363128));
#4887=DIRECTION('',(1,0,0));
#4888=FACE_BOUND('',#4889,.T.);
#4889=EDGE_LOOP('',(#4890,#4891,#4892));
#4890=ORIENTED_EDGE('',*,*,#4893,.T.);
#4891=ORIENTED_EDGE('',*,*,#4894,.T.);
#4892=ORIENTED_EDGE('',*,*,#4895,.T.);
#4893=EDGE_CURVE('',#350,#352,#4896,.F.);
#4894=EDGE_CURVE('',#352,#354,#4897,.T.);
#4895=EDGE_CURVE('',#354,#350,#4898,.T.);
#4896=LINE('',#349,#4899);
#4897=LINE('',#351,#4900);
#4898=LINE('',#353,#4901);
#4899=VECTOR('',#4902,1.0);
#4900=VECTOR('',#4903,1.0);
#4901=VECTOR('',#4904,1.0);
#4902=DIRECTION('',(1,0,0));
#4903=DIRECTION('',(-0.9980861051323628,0.03813839062650856,0.048678433644991054));
#4904=DIRECTION('',(0,-0.6167316320363128,-0.7871734840845606));
#4905=STYLED_ITEM('',(#25),#4906);
#4906=FACE_SURFACE('',(#4911),#4907,.T.);
#4907=PLANE('',#4908);
#4908=AXIS2_PLACEMENT_3D('',#353,#4909,#4910);
#4909=DIRECTION('',(0,-0.7871734840845606,0.6167316320363128));
#4910=DIRECTION('',(0.9980861051323628,-0.03813839062650856,-0.048678433644991054));
#4911=FACE_BOUND('',#4912,.T.);
#4912=EDGE_LOOP('',(#4913,#4914,#4915));
#4913=ORIENTED_EDGE('',*,*,#4916,.T.);
#4914=ORIENTED_EDGE('',*,*,#4917,.T.);
#4915=ORIENTED_EDGE('',*,*,#4918,.T.);
#4916=EDGE_CURVE('',#354,#352,#4919,.F.);
#4917=EDGE_CURVE('',#352,#356,#4920,.T.);
#4918=EDGE_CURVE('',#356,#354,#4921,.T.);
#4919=LINE('',#353,#4922);
#4920=LINE('',#351,#4923);
#4921=LINE('',#355,#4924);
#4922=VECTOR('',#4925,1.0);
#4923=VECTOR('',#4926,1.0);
#4924=VECTOR('',#4927,1.0);
#4925=DIRECTION('',(0.9980861051323628,-0.03813839062650856,-0.048678433644991054));
#4926=DIRECTION('',(0,0.6167316320363128,0.7871734840845606));
#4927=DIRECTION('',(-1,0,0));
#4928=STYLED_ITEM('',(#25),#4929);
#4929=FACE_SURFACE('',(#4934),#4930,.T.);
#4930=PLANE('',#4931);
#4931=AXIS2_PLACEMENT_3D('',#353,#4932,#4933);
#4932=DIRECTION('',(0,-0.7617261498658542,0.6478991222486276));
#4933=DIRECTION('',(1,0,0));
#4934=FACE_BOUND('',#4935,.T.);
#4935=EDGE_LOOP('',(#4936,#4937,#4938));
#4936=ORIENTED_EDGE('',*,*,#4939,.T.);
#4937=ORIENTED_EDGE('',*,*,#4940,.T.);
#4938=ORIENTED_EDGE('',*,*,#4941,.T.);
#4939=EDGE_CURVE('',#354,#356,#4942,.F.);
#4940=EDGE_CURVE('',#356,#358,#4943,.T.);
#4941=EDGE_CURVE('',#358,#354,#4944,.T.);
#4942=LINE('',#353,#4945);
#4943=LINE('',#355,#4946);
#4944=LINE('',#357,#4947);
#4945=VECTOR('',#4948,1.0);
#4946=VECTOR('',#4949,1.0);
#4947=VECTOR('',#4950,1.0);
#4948=DIRECTION('',(1,0,0));
#4949=DIRECTION('',(-0.9980857945822861,0.0400690206949913,0.047108600420635326));
#4950=DIRECTION('',(0,-0.6478991222486277,-0.7617261498658543));
#4951=STYLED_ITEM('',(#25),#4952);
#4952=FACE_SURFACE('',(#4957),#4953,.T.);
#4953=PLANE('',#4954);
#4954=AXIS2_PLACEMENT_3D('',#357,#4955,#4956);
#4955=DIRECTION('',(0,-0.7617261498658542,0.6478991222486276));
#4956=DIRECTION('',(0.9980857945822861,-0.0400690206949913,-0.047108600420635326));
#4957=FACE_BOUND('',#4958,.T.);
#4958=EDGE_LOOP('',(#4959,#4960,#4961));
#4959=ORIENTED_EDGE('',*,*,#4962,.T.);
#4960=ORIENTED_EDGE('',*,*,#4963,.T.);
#4961=ORIENTED_EDGE('',*,*,#4964,.T.);
#4962=EDGE_CURVE('',#358,#356,#4965,.F.);
#4963=EDGE_CURVE('',#356,#360,#4966,.T.);
#4964=EDGE_CURVE('',#360,#358,#4967,.T.);
#4965=LINE('',#357,#4968);
#4966=LINE('',#355,#4969);
#4967=LINE('',#359,#4970);
#4968=VECTOR('',#4971,1.0);
#4969=VECTOR('',#4972,1.0);
#4970=VECTOR('',#4973,1.0);
#4971=DIRECTION('',(0.9980857945822861,-0.0400690206949913,-0.047108600420635326));
#4972=DIRECTION('',(0,0.6478991222486277,0.7617261498658543));
#4973=DIRECTION('',(-1,0,0));
#4974=STYLED_ITEM('',(#25),#4975);
#4975=FACE_SURFACE('',(#4980),#4976,.T.);
#4976=PLANE('',#4977);
#4977=AXIS2_PLACEMENT_3D('',#357,#4978,#4979);
#4978=DIRECTION('',(0,-0.7350147550525006,0.6780511115359318));
#4979=DIRECTION('',(1,0,0));
#4980=FACE_BOUND('',#4981,.T.);
#4981=EDGE_LOOP('',(#4982,#4983,#4984));
#4982=ORIENTED_EDGE('',*,*,#4985,.T.);
#4983=ORIENTED_EDGE('',*,*,#4986,.T.);
#4984=ORIENTED_EDGE('',*,*,#4987,.T.);
#4985=EDGE_CURVE('',#358,#360,#4988,.F.);
#4986=EDGE_CURVE('',#360,#362,#4989,.T.);
#4987=EDGE_CURVE('',#362,#358,#4990,.T.);
#4988=LINE('',#357,#4991);
#4989=LINE('',#359,#4992);
#4990=LINE('',#361,#4993);
#4991=VECTOR('',#4994,1.0);
#4992=VECTOR('',#4995,1.0);
#4993=VECTOR('',#4996,1.0);
#4994=DIRECTION('',(1,0,0));
#4995=DIRECTION('',(-0.9980859803983484,0.041931723086938356,0.045454442370664885));
#4996=DIRECTION('',(0,-0.6780511115359318,-0.7350147550525006));
#4997=STYLED_ITEM('',(#25),#4998);
#4998=FACE_SURFACE('',(#5003),#4999,.T.);
#4999=PLANE('',#5000);
#5000=AXIS2_PLACEMENT_3D('',#361,#5001,#5002);
#5001=DIRECTION('',(0,-0.7350147550525006,0.6780511115359318));
#5002=DIRECTION('',(0.9980859803983484,-0.041931723086938356,-0.045454442370664885));
#5003=FACE_BOUND('',#5004,.T.);
#5004=EDGE_LOOP('',(#5005,#5006,#5007));
#5005=ORIENTED_EDGE('',*,*,#5008,.T.);
#5006=ORIENTED_EDGE('',*,*,#5009,.T.);
#5007=ORIENTED_EDGE('',*,*,#5010,.T.);
#5008=EDGE_CURVE('',#362,#360,#5011,.F.);
#5009=EDGE_CURVE('',#360,#364,#5012,.T.);
#5010=EDGE_CURVE('',#364,#362,#5013,.T.);
#5011=LINE('',#361,#5014);
#5012=LINE('',#359,#5015);
#5013=LINE('',#363,#5016);
#5014=VECTOR('',#5017,1.0);
#5015=VECTOR('',#5018,1.0);
#5016=VECTOR('',#5019,1.0);
#5017=DIRECTION('',(0.9980859803983484,-0.041931723086938356,-0.045454442370664885));
#5018=DIRECTION('',(0,0.6780511115359318,0.7350147550525006));
#5019=DIRECTION('',(-1,0,0));
#5020=STYLED_ITEM('',(#25),#5021);
#5021=FACE_SURFACE('',(#5026),#5022,.T.);
#5022=PLANE('',#5023);
#5023=AXIS2_PLACEMENT_3D('',#361,#5024,#5025);
#5024=DIRECTION('',(0,-0.7070783641128767,0.7071351971182442));
#5025=DIRECTION('',(1,0,0));
#5026=FACE_BOUND('',#5027,.T.);
#5027=EDGE_LOOP('',(#5028,#5029,#5030));
#5028=ORIENTED_EDGE('',*,*,#5031,.T.);
#5029=ORIENTED_EDGE('',*,*,#5032,.T.);
#5030=ORIENTED_EDGE('',*,*,#5033,.T.);
#5031=EDGE_CURVE('',#362,#364,#5034,.F.);
#5032=EDGE_CURVE('',#364,#366,#5035,.T.);
#5033=EDGE_CURVE('',#366,#362,#5036,.T.);
#5034=LINE('',#361,#5037);
#5035=LINE('',#363,#5038);
#5036=LINE('',#365,#5039);
#5037=VECTOR('',#5040,1.0);
#5038=VECTOR('',#5041,1.0);
#5039=VECTOR('',#5042,1.0);
#5040=DIRECTION('',(1,0,0));
#5041=DIRECTION('',(-0.9980861125457235,0.04372881945905455,0.04372530493984923));
#5042=DIRECTION('',(0,-0.7071351971182442,-0.7070783641128767));
#5043=STYLED_ITEM('',(#25),#5044);
#5044=FACE_SURFACE('',(#5049),#5045,.T.);
#5045=PLANE('',#5046);
#5046=AXIS2_PLACEMENT_3D('',#365,#5047,#5048);
#5047=DIRECTION('',(0,-0.7070783641128767,0.7071351971182442));
#5048=DIRECTION('',(0.9980861125457235,-0.04372881945905455,-0.04372530493984923));
#5049=FACE_BOUND('',#5050,.T.);
#5050=EDGE_LOOP('',(#5051,#5052,#5053));
#5051=ORIENTED_EDGE('',*,*,#5054,.T.);
#5052=ORIENTED_EDGE('',*,*,#5055,.T.);
#5053=ORIENTED_EDGE('',*,*,#5056,.T.);
#5054=EDGE_CURVE('',#366,#364,#5057,.F.);
#5055=EDGE_CURVE('',#364,#368,#5058,.T.);
#5056=EDGE_CURVE('',#368,#366,#5059,.T.);
#5057=LINE('',#365,#5060);
#5058=LINE('',#363,#5061);
#5059=LINE('',#367,#5062);
#5060=VECTOR('',#5063,1.0);
#5061=VECTOR('',#5064,1.0);
#5062=VECTOR('',#5065,1.0);
#5063=DIRECTION('',(0.9980861125457235,-0.04372881945905455,-0.04372530493984923));
#5064=DIRECTION('',(0,0.7071351971182442,0.7070783641128767));
#5065=DIRECTION('',(-1,0,0));
#5066=STYLED_ITEM('',(#25),#5067);
#5067=FACE_SURFACE('',(#5072),#5068,.T.);
#5068=PLANE('',#5069);
#5069=AXIS2_PLACEMENT_3D('',#365,#5070,#5071);
#5070=DIRECTION('',(0,-0.6780818125413771,0.7349864321881057));
#5071=DIRECTION('',(1,0,0));
#5072=FACE_BOUND('',#5073,.T.);
#5073=EDGE_LOOP('',(#5074,#5075,#5076));
#5074=ORIENTED_EDGE('',*,*,#5077,.T.);
#5075=ORIENTED_EDGE('',*,*,#5078,.T.);
#5076=ORIENTED_EDGE('',*,*,#5079,.T.);
#5077=EDGE_CURVE('',#366,#368,#5080,.F.);
#5078=EDGE_CURVE('',#368,#370,#5081,.T.);
#5079=EDGE_CURVE('',#370,#366,#5082,.T.);
#5080=LINE('',#365,#5083);
#5081=LINE('',#367,#5084);
#5082=LINE('',#369,#5085);
#5083=VECTOR('',#5086,1.0);
#5084=VECTOR('',#5087,1.0);
#5085=VECTOR('',#5088,1.0);
#5086=DIRECTION('',(1,0,0));
#5087=DIRECTION('',(-0.9980858333044589,0.045454435671772354,0.04193523142543204));
#5088=DIRECTION('',(0,-0.7349864321881057,-0.6780818125413771));
#5089=STYLED_ITEM('',(#25),#5090);
#5090=FACE_SURFACE('',(#5095),#5091,.T.);
#5091=PLANE('',#5092);
#5092=AXIS2_PLACEMENT_3D('',#369,#5093,#5094);
#5093=DIRECTION('',(0,-0.6780818125413771,0.7349864321881057));
#5094=DIRECTION('',(0.9980858333044589,-0.045454435671772354,-0.04193523142543204));
#5095=FACE_BOUND('',#5096,.T.);
#5096=EDGE_LOOP('',(#5097,#5098,#5099));
#5097=ORIENTED_EDGE('',*,*,#5100,.T.);
#5098=ORIENTED_EDGE('',*,*,#5101,.T.);
#5099=ORIENTED_EDGE('',*,*,#5102,.T.);
#5100=EDGE_CURVE('',#370,#368,#5103,.F.);
#5101=EDGE_CURVE('',#368,#372,#5104,.T.);
#5102=EDGE_CURVE('',#372,#370,#5105,.T.);
#5103=LINE('',#369,#5106);
#5104=LINE('',#367,#5107);
#5105=LINE('',#371,#5108);
#5106=VECTOR('',#5109,1.0);
#5107=VECTOR('',#5110,1.0);
#5108=VECTOR('',#5111,1.0);
#5109=DIRECTION('',(0.9980858333044589,-0.045454435671772354,-0.04193523142543204));
#5110=DIRECTION('',(0,0.7349864321881057,0.6780818125413771));
#5111=DIRECTION('',(-1,0,0));
#5112=STYLED_ITEM('',(#25),#5113);
#5113=FACE_SURFACE('',(#5118),#5114,.T.);
#5114=PLANE('',#5115);
#5115=AXIS2_PLACEMENT_3D('',#369,#5116,#5117);
#5116=DIRECTION('',(0,-0.6478941945437231,0.7617303411815368));
#5117=DIRECTION('',(1,0,0));
#5118=FACE_BOUND('',#5119,.T.);
#5119=EDGE_LOOP('',(#5120,#5121,#5122));
#5120=ORIENTED_EDGE('',*,*,#5123,.T.);
#5121=ORIENTED_EDGE('',*,*,#5124,.T.);
#5122=ORIENTED_EDGE('',*,*,#5125,.T.);
#5123=EDGE_CURVE('',#370,#372,#5126,.F.);
#5124=EDGE_CURVE('',#372,#374,#5127,.T.);
#5125=EDGE_CURVE('',#374,#370,#5128,.T.);
#5126=LINE('',#369,#5129);
#5127=LINE('',#371,#5130);
#5128=LINE('',#373,#5131);
#5129=VECTOR('',#5132,1.0);
#5130=VECTOR('',#5133,1.0);
#5131=VECTOR('',#5134,1.0);
#5132=DIRECTION('',(1,0,0));
#5133=DIRECTION('',(-0.9980861003709361,0.04710510033437574,0.04006551845197966));
#5134=DIRECTION('',(0,-0.7617303411815367,-0.647894194543723));
#5135=STYLED_ITEM('',(#25),#5136);
#5136=FACE_SURFACE('',(#5141),#5137,.T.);
#5137=PLANE('',#5138);
#5138=AXIS2_PLACEMENT_3D('',#373,#5139,#5140);
#5139=DIRECTION('',(0,-0.6478941945437231,0.7617303411815368));
#5140=DIRECTION('',(0.9980861003709361,-0.04710510033437574,-0.04006551845197966));
#5141=FACE_BOUND('',#5142,.T.);
#5142=EDGE_LOOP('',(#5143,#5144,#5145));
#5143=ORIENTED_EDGE('',*,*,#5146,.T.);
#5144=ORIENTED_EDGE('',*,*,#5147,.T.);
#5145=ORIENTED_EDGE('',*,*,#5148,.T.);
#5146=EDGE_CURVE('',#374,#372,#5149,.F.);
#5147=EDGE_CURVE('',#372,#376,#5150,.T.);
#5148=EDGE_CURVE('',#376,#374,#5151,.T.);
#5149=LINE('',#373,#5152);
#5150=LINE('',#371,#5153);
#5151=LINE('',#375,#5154);
#5152=VECTOR('',#5155,1.0);
#5153=VECTOR('',#5156,1.0);
#5154=VECTOR('',#5157,1.0);
#5155=DIRECTION('',(0.9980861003709361,-0.04710510033437574,-0.04006551845197966));
#5156=DIRECTION('',(0,0.7617303411815367,0.647894194543723));
#5157=DIRECTION('',(-1,0,0));
#5158=STYLED_ITEM('',(#25),#5159);
#5159=FACE_SURFACE('',(#5164),#5160,.T.);
#5160=PLANE('',#5161);
#5161=AXIS2_PLACEMENT_3D('',#373,#5162,#5163);
#5162=DIRECTION('',(0,-0.6167249770167862,0.7871786980880799));
#5163=DIRECTION('',(1,0,0));
#5164=FACE_BOUND('',#5165,.T.);
#5165=EDGE_LOOP('',(#5166,#5167,#5168));
#5166=ORIENTED_EDGE('',*,*,#5169,.T.);
#5167=ORIENTED_EDGE('',*,*,#5170,.T.);
#5168=ORIENTED_EDGE('',*,*,#5171,.T.);
#5169=EDGE_CURVE('',#374,#376,#5172,.F.);
#5170=EDGE_CURVE('',#376,#378,#5173,.T.);
#5171=EDGE_CURVE('',#378,#374,#5174,.T.);
#5172=LINE('',#373,#5175);
#5173=LINE('',#375,#5176);
#5174=LINE('',#377,#5177);
#5175=VECTOR('',#5178,1.0);
#5176=VECTOR('',#5179,1.0);
#5177=VECTOR('',#5180,1.0);
#5178=DIRECTION('',(1,0,0));
#5179=DIRECTION('',(-0.9980859466992146,0.048680768930338986,0.038139556078743704));
#5180=DIRECTION('',(0,-0.7871786980880799,-0.6167249770167862));
#5181=STYLED_ITEM('',(#25),#5182);
#5182=FACE_SURFACE('',(#5187),#5183,.T.);
#5183=PLANE('',#5184);
#5184=AXIS2_PLACEMENT_3D('',#377,#5185,#5186);
#5185=DIRECTION('',(0,-0.6167249770167862,0.7871786980880799));
#5186=DIRECTION('',(0.9980859466992146,-0.048680768930338986,-0.038139556078743704));
#5187=FACE_BOUND('',#5188,.T.);
#5188=EDGE_LOOP('',(#5189,#5190,#5191));
#5189=ORIENTED_EDGE('',*,*,#5192,.T.);
#5190=ORIENTED_EDGE('',*,*,#5193,.T.);
#5191=ORIENTED_EDGE('',*,*,#5194,.T.);
#5192=EDGE_CURVE('',#378,#376,#5195,.F.);
#5193=EDGE_CURVE('',#376,#380,#5196,.T.);
#5194=EDGE_CURVE('',#380,#378,#5197,.T.);
#5195=LINE('',#377,#5198);
#5196=LINE('',#375,#5199);
#5197=LINE('',#379,#5200);
#5198=VECTOR('',#5201,1.0);
#5199=VECTOR('',#5202,1.0);
#5200=VECTOR('',#5203,1.0);
#5201=DIRECTION('',(0.9980859466992146,-0.048680768930338986,-0.038139556078743704));
#5202=DIRECTION('',(0,0.7871786980880799,0.6167249770167862));
#5203=DIRECTION('',(-1,0,0));
#5204=STYLED_ITEM('',(#25),#5205);
#5205=FACE_SURFACE('',(#5210),#5206,.T.);
#5206=PLANE('',#5207);
#5207=AXIS2_PLACEMENT_3D('',#377,#5208,#5209);
#5208=DIRECTION('',(0,-0.6011819974836434,0.7991121359994331));
#5209=DIRECTION('',(1,0,0));
#5210=FACE_BOUND('',#5211,.T.);
#5211=EDGE_LOOP('',(#5212,#5213,#5214));
#5212=ORIENTED_EDGE('',*,*,#5215,.T.);
#5213=ORIENTED_EDGE('',*,*,#5216,.T.);
#5214=ORIENTED_EDGE('',*,*,#5217,.T.);
#5215=EDGE_CURVE('',#378,#380,#5218,.F.);
#5216=EDGE_CURVE('',#380,#126,#5219,.T.);
#5217=EDGE_CURVE('',#126,#378,#5220,.T.);
#5218=LINE('',#377,#5221);
#5219=LINE('',#379,#5222);
#5220=LINE('',#125,#5223);
#5221=VECTOR('',#5224,1.0);
#5222=VECTOR('',#5225,1.0);
#5223=VECTOR('',#5226,1.0);
#5224=DIRECTION('',(1,0,0));
#5225=DIRECTION('',(-0.9999976111946197,0.001746677995313964,0.0013140475771529513));
#5226=DIRECTION('',(-0.9999914770529316,-0.003299261159845996,-0.0024820751993908214));
#5227=STYLED_ITEM('',(#25),#5228);
#5228=FACE_SURFACE('',(#5233),#5229,.T.);
#5229=PLANE('',#5230);
#5230=AXIS2_PLACEMENT_3D('',#125,#5231,#5232);
#5231=DIRECTION('',(0,-0.6011819974836434,0.7991121359994331));
#5232=DIRECTION('',(0.9999976111946197,-0.001746677995313964,-0.0013140475771529513));
#5233=FACE_BOUND('',#5234,.T.);
#5234=EDGE_LOOP('',(#5235,#5236,#5237));
#5235=ORIENTED_EDGE('',*,*,#5238,.T.);
#5236=ORIENTED_EDGE('',*,*,#5239,.T.);
#5237=ORIENTED_EDGE('',*,*,#5240,.T.);
#5238=EDGE_CURVE('',#126,#380,#5241,.F.);
#5239=EDGE_CURVE('',#380,#196,#5242,.T.);
#5240=EDGE_CURVE('',#196,#126,#5243,.T.);
#5241=LINE('',#125,#5244);
#5242=LINE('',#379,#5245);
#5243=LINE('',#195,#5246);
#5244=VECTOR('',#5247,1.0);
#5245=VECTOR('',#5248,1.0);
#5246=VECTOR('',#5249,1.0);
#5247=DIRECTION('',(0.9999976111946197,-0.001746677995313964,-0.0013140475771529513));
#5248=DIRECTION('',(1,0,0));
#5249=DIRECTION('',(-0.9999996266268094,0.0006905485998743177,0.0005195082991860232));
#5250=STYLED_ITEM('',(#25),#5251);
#5251=FACE_SURFACE('',(#5256),#5252,.T.);
#5252=PLANE('',#5253);
#5253=AXIS2_PLACEMENT_3D('',#125,#5254,#5255);
#5254=DIRECTION('',(0,-0.6011819974836434,0.7991121359994331));
#5255=DIRECTION('',(0.9999996266268094,-0.0006905485998743177,-0.0005195082991860232));
#5256=FACE_BOUND('',#5257,.T.);
#5257=EDGE_LOOP('',(#5258,#5259,#5260));
#5258=ORIENTED_EDGE('',*,*,#5261,.T.);
#5259=ORIENTED_EDGE('',*,*,#5262,.T.);
#5260=ORIENTED_EDGE('',*,*,#5263,.T.);
#5261=EDGE_CURVE('',#126,#196,#5264,.F.);
#5262=EDGE_CURVE('',#196,#82,#5265,.T.);
#5263=EDGE_CURVE('',#82,#126,#5266,.T.);
#5264=LINE('',#125,#5267);
#5265=LINE('',#195,#5268);
#5266=LINE('',#81,#5269);
#5267=VECTOR('',#5270,1.0);
#5268=VECTOR('',#5271,1.0);
#5269=VECTOR('',#5272,1.0);
#5270=DIRECTION('',(0.9999996266268094,-0.0006905485998743177,-0.0005195082991860232));
#5271=DIRECTION('',(0.9999976111935476,0.001746678387256078,0.001314047872015878));
#5272=DIRECTION('',(-1,0,0));
#5273=STYLED_ITEM('',(#25),#5274);
#5274=FACE_SURFACE('',(#5279),#5275,.T.);
#5275=PLANE('',#5276);
#5276=AXIS2_PLACEMENT_3D('',#377,#5277,#5278);
#5277=DIRECTION('',(-8.539416744184837E-05,-0.5845252788835312,0.8113754932544895));
#5278=DIRECTION('',(0.9999914770529316,0.003299261159845996,0.0024820751993908214));
#5279=FACE_BOUND('',#5280,.T.);
#5280=EDGE_LOOP('',(#5281,#5282,#5283));
#5281=ORIENTED_EDGE('',*,*,#5284,.T.);
#5282=ORIENTED_EDGE('',*,*,#5285,.T.);
#5283=ORIENTED_EDGE('',*,*,#5286,.T.);
#5284=EDGE_CURVE('',#378,#126,#5287,.F.);
#5285=EDGE_CURVE('',#126,#382,#5288,.T.);
#5286=EDGE_CURVE('',#382,#378,#5289,.T.);
#5287=LINE('',#377,#5290);
#5288=LINE('',#125,#5291);
#5289=LINE('',#381,#5292);
#5290=VECTOR('',#5293,1.0);
#5291=VECTOR('',#5294,1.0);
#5292=VECTOR('',#5295,1.0);
#5293=DIRECTION('',(0.9999914770529316,0.003299261159845996,0.0024820751993908214));
#5294=DIRECTION('',(-0.9850524641716565,0.13981230348475884,0.10061889794483432));
#5295=DIRECTION('',(0,-0.8113754962128311,-0.5845252810147583));
#5296=STYLED_ITEM('',(#25),#5297);
#5297=FACE_SURFACE('',(#5302),#5298,.T.);
#5298=PLANE('',#5299);
#5299=AXIS2_PLACEMENT_3D('',#381,#5300,#5301);
#5300=DIRECTION('',(7.47786199502815E-05,-0.5837818454013367,0.8119105562732681));
#5301=DIRECTION('',(0.9850524641716565,-0.13981230348475884,-0.10061889794483432));
#5302=FACE_BOUND('',#5303,.T.);
#5303=EDGE_LOOP('',(#5304,#5305,#5306));
#5304=ORIENTED_EDGE('',*,*,#5307,.T.);
#5305=ORIENTED_EDGE('',*,*,#5308,.T.);
#5306=ORIENTED_EDGE('',*,*,#5309,.T.);
#5307=EDGE_CURVE('',#382,#126,#5310,.F.);
#5308=EDGE_CURVE('',#126,#160,#5311,.T.);
#5309=EDGE_CURVE('',#160,#382,#5312,.T.);
#5310=LINE('',#381,#5313);
#5311=LINE('',#125,#5314);
#5312=LINE('',#159,#5315);
#5313=VECTOR('',#5316,1.0);
#5314=VECTOR('',#5317,1.0);
#5315=VECTOR('',#5318,1.0);
#5316=DIRECTION('',(0.9850524641716565,-0.13981230348475884,-0.10061889794483432));
#5317=DIRECTION('',(0,0.811910558543306,0.5837818470335446));
#5318=DIRECTION('',(-0.9999925171658036,-0.003183976825692714,-0.0021972491832256426));
#5319=STYLED_ITEM('',(#25),#5320);
#5320=FACE_SURFACE('',(#5325),#5321,.T.);
#5321=PLANE('',#5322);
#5322=AXIS2_PLACEMENT_3D('',#381,#5323,#5324);
#5323=DIRECTION('',(-7.73924002895783E-05,-0.5513997189778538,0.8342411785098841));
#5324=DIRECTION('',(0.9999925171658036,0.003183976825692714,0.0021972491832256426));
#5325=FACE_BOUND('',#5326,.T.);
#5326=EDGE_LOOP('',(#5327,#5328,#5329));
#5327=ORIENTED_EDGE('',*,*,#5330,.T.);
#5328=ORIENTED_EDGE('',*,*,#5331,.T.);
#5329=ORIENTED_EDGE('',*,*,#5332,.T.);
#5330=EDGE_CURVE('',#382,#160,#5333,.F.);
#5331=EDGE_CURVE('',#160,#384,#5334,.T.);
#5332=EDGE_CURVE('',#384,#382,#5335,.T.);
#5333=LINE('',#381,#5336);
#5334=LINE('',#159,#5337);
#5335=LINE('',#383,#5338);
#5336=VECTOR('',#5339,1.0);
#5337=VECTOR('',#5340,1.0);
#5338=VECTOR('',#5341,1.0);
#5339=DIRECTION('',(0.9999925171658036,0.003183976825692714,0.0021972491832256426));
#5340=DIRECTION('',(-0.9850083204365144,0.1439543274292459,0.09505661620965983));
#5341=DIRECTION('',(0,-0.8342411810082626,-0.5513997206291812));
#5342=STYLED_ITEM('',(#25),#5343);
#5343=FACE_SURFACE('',(#5348),#5344,.T.);
#5344=PLANE('',#5345);
#5345=AXIS2_PLACEMENT_3D('',#383,#5346,#5347);
#5346=DIRECTION('',(7.289523959417299E-05,-0.550683622610204,0.8347140483274417));
#5347=DIRECTION('',(0.9850083204365144,-0.1439543274292459,-0.09505661620965983));
#5348=FACE_BOUND('',#5349,.T.);
#5349=EDGE_LOOP('',(#5350,#5351,#5352));
#5350=ORIENTED_EDGE('',*,*,#5353,.T.);
#5351=ORIENTED_EDGE('',*,*,#5354,.T.);
#5352=ORIENTED_EDGE('',*,*,#5355,.T.);
#5353=EDGE_CURVE('',#384,#160,#5356,.F.);
#5354=EDGE_CURVE('',#160,#158,#5357,.T.);
#5355=EDGE_CURVE('',#158,#384,#5358,.T.);
#5356=LINE('',#383,#5359);
#5357=LINE('',#159,#5360);
#5358=LINE('',#157,#5361);
#5359=VECTOR('',#5362,1.0);
#5360=VECTOR('',#5363,1.0);
#5361=VECTOR('',#5364,1.0);
#5362=DIRECTION('',(0.9850083204365144,-0.1439543274292459,-0.09505661620965983));
#5363=DIRECTION('',(0,0.8347140505451583,0.5506836240732922));
#5364=DIRECTION('',(-0.9999934887160664,-0.0030517379416383863,-0.001925985723167337));
#5365=STYLED_ITEM('',(#25),#5366);
#5366=FACE_SURFACE('',(#5371),#5367,.T.);
#5367=PLANE('',#5368);
#5368=AXIS2_PLACEMENT_3D('',#383,#5369,#5370);
#5369=DIRECTION('',(-6.951603238162581E-05,-0.5173206157515835,0.8557916660530902));
#5370=DIRECTION('',(0.9999934887160664,0.0030517379416383863,0.001925985723167337));
#5371=FACE_BOUND('',#5372,.T.);
#5372=EDGE_LOOP('',(#5373,#5374,#5375));
#5373=ORIENTED_EDGE('',*,*,#5376,.T.);
#5374=ORIENTED_EDGE('',*,*,#5377,.T.);
#5375=ORIENTED_EDGE('',*,*,#5378,.T.);
#5376=EDGE_CURVE('',#384,#158,#5379,.F.);
#5377=EDGE_CURVE('',#158,#386,#5380,.T.);
#5378=EDGE_CURVE('',#386,#384,#5381,.T.);
#5379=LINE('',#383,#5382);
#5380=LINE('',#157,#5383);
#5381=LINE('',#385,#5384);
#5382=VECTOR('',#5385,1.0);
#5383=VECTOR('',#5386,1.0);
#5384=VECTOR('',#5387,1.0);
#5385=DIRECTION('',(0.9999934887160664,0.0030517379416383863,0.001925985723167337));
#5386=DIRECTION('',(-0.9849658989910492,0.14787246764400466,0.08930795674309847));
#5387=DIRECTION('',(0,-0.8557916681208877,-0.517320617001554));
#5388=STYLED_ITEM('',(#25),#5389);
#5389=FACE_SURFACE('',(#5394),#5390,.T.);
#5390=PLANE('',#5391);
#5391=AXIS2_PLACEMENT_3D('',#385,#5392,#5393);
#5392=DIRECTION('',(7.115757311495537E-05,-0.5166340345868273,0.8562063239915579));
#5393=DIRECTION('',(0.9849658989910492,-0.14787246764400466,-0.08930795674309847));
#5394=FACE_BOUND('',#5395,.T.);
#5395=EDGE_LOOP('',(#5396,#5397,#5398));
#5396=ORIENTED_EDGE('',*,*,#5399,.T.);
#5397=ORIENTED_EDGE('',*,*,#5400,.T.);
#5398=ORIENTED_EDGE('',*,*,#5401,.T.);
#5399=EDGE_CURVE('',#386,#158,#5402,.F.);
#5400=EDGE_CURVE('',#158,#156,#5403,.T.);
#5401=EDGE_CURVE('',#156,#386,#5404,.T.);
#5402=LINE('',#385,#5405);
#5403=LINE('',#157,#5406);
#5404=LINE('',#155,#5407);
#5405=VECTOR('',#5408,1.0);
#5406=VECTOR('',#5409,1.0);
#5407=VECTOR('',#5410,1.0);
#5408=DIRECTION('',(0.9849658989910492,-0.14787246764400466,-0.08930795674309847));
#5409=DIRECTION('',(0,0.8562063261592155,0.5166340358947897));
#5410=DIRECTION('',(-0.9999943960147262,-0.0029025444979811116,-0.0016682849217368072));
#5411=STYLED_ITEM('',(#25),#5412);
#5412=FACE_SURFACE('',(#5417),#5413,.T.);
#5413=PLANE('',#5414);
#5414=AXIS2_PLACEMENT_3D('',#385,#5415,#5416);
#5415=DIRECTION('',(-6.092622737098529E-05,-0.4824582439903199,0.8759189683376949));
#5416=DIRECTION('',(0.9999943960147262,0.0029025444979811116,0.0016682849217368072));
#5417=FACE_BOUND('',#5418,.T.);
#5418=EDGE_LOOP('',(#5419,#5420,#5421));
#5419=ORIENTED_EDGE('',*,*,#5422,.T.);
#5420=ORIENTED_EDGE('',*,*,#5423,.T.);
#5421=ORIENTED_EDGE('',*,*,#5424,.T.);
#5422=EDGE_CURVE('',#386,#156,#5425,.F.);
#5423=EDGE_CURVE('',#156,#388,#5426,.T.);
#5424=EDGE_CURVE('',#388,#386,#5427,.T.);
#5425=LINE('',#385,#5428);
#5426=LINE('',#155,#5429);
#5427=LINE('',#387,#5430);
#5428=VECTOR('',#5431,1.0);
#5429=VECTOR('',#5432,1.0);
#5430=VECTOR('',#5433,1.0);
#5431=DIRECTION('',(0.9999943960147262,0.0029025444979811116,0.0016682849217368072));
#5432=DIRECTION('',(-0.9849218261316327,0.15156291474577419,0.08341270456768005));
#5433=DIRECTION('',(0,-0.8759189699634027,-0.48245824488576367));
#5434=STYLED_ITEM('',(#25),#5435);
#5435=FACE_SURFACE('',(#5440),#5436,.T.);
#5436=PLANE('',#5437);
#5437=AXIS2_PLACEMENT_3D('',#387,#5438,#5439);
#5438=DIRECTION('',(6.037924103579439E-05,-0.4818532061297666,0.8762519524068473));
#5439=DIRECTION('',(0.9849218261316327,-0.15156291474577419,-0.08341270456768005));
#5440=FACE_BOUND('',#5441,.T.);
#5441=EDGE_LOOP('',(#5442,#5443,#5444));
#5442=ORIENTED_EDGE('',*,*,#5445,.T.);
#5443=ORIENTED_EDGE('',*,*,#5446,.T.);
#5444=ORIENTED_EDGE('',*,*,#5447,.T.);
#5445=EDGE_CURVE('',#388,#156,#5448,.F.);
#5446=EDGE_CURVE('',#156,#154,#5449,.T.);
#5447=EDGE_CURVE('',#154,#388,#5450,.T.);
#5448=LINE('',#387,#5451);
#5449=LINE('',#155,#5452);
#5450=LINE('',#153,#5453);
#5451=VECTOR('',#5454,1.0);
#5452=VECTOR('',#5455,1.0);
#5453=VECTOR('',#5456,1.0);
#5454=DIRECTION('',(0.9849218261316327,-0.15156291474577419,-0.08341270456768005));
#5455=DIRECTION('',(0,0.8762519540041025,0.4818532070081014));
#5456=DIRECTION('',(-0.999995213266292,-0.002739787232527547,-0.001437710131920396));
#5457=STYLED_ITEM('',(#25),#5458);
#5458=FACE_SURFACE('',(#5463),#5459,.T.);
#5459=PLANE('',#5460);
#5460=AXIS2_PLACEMENT_3D('',#387,#5461,#5462);
#5461=DIRECTION('',(-6.217729757571683E-05,-0.44677404108014956,0.8946468310740817));
#5462=DIRECTION('',(0.999995213266292,0.002739787232527547,0.001437710131920396));
#5463=FACE_BOUND('',#5464,.T.);
#5464=EDGE_LOOP('',(#5465,#5466,#5467));
#5465=ORIENTED_EDGE('',*,*,#5468,.T.);
#5466=ORIENTED_EDGE('',*,*,#5469,.T.);
#5467=ORIENTED_EDGE('',*,*,#5470,.T.);
#5468=EDGE_CURVE('',#388,#154,#5471,.F.);
#5469=EDGE_CURVE('',#154,#390,#5472,.T.);
#5470=EDGE_CURVE('',#390,#388,#5473,.T.);
#5471=LINE('',#387,#5474);
#5472=LINE('',#153,#5475);
#5473=LINE('',#389,#5476);
#5474=VECTOR('',#5477,1.0);
#5475=VECTOR('',#5478,1.0);
#5476=VECTOR('',#5479,1.0);
#5477=DIRECTION('',(0.999995213266292,0.002739787232527547,0.001437710131920396));
#5478=DIRECTION('',(-0.9848795905125344,0.1550162110474,0.07734446654008754));
#5479=DIRECTION('',(0,-0.8946468328034414,-0.4467740419437674));
#5480=STYLED_ITEM('',(#25),#5481);
#5481=FACE_SURFACE('',(#5486),#5482,.T.);
#5482=PLANE('',#5483);
#5483=AXIS2_PLACEMENT_3D('',#389,#5484,#5485);
#5484=DIRECTION('',(4.9875208315167483E-05,-0.44620403918742674,0.8949312559774014));
#5485=DIRECTION('',(0.9848795905125344,-0.1550162110474,-0.07734446654008754));
#5486=FACE_BOUND('',#5487,.T.);
#5487=EDGE_LOOP('',(#5488,#5489,#5490));
#5488=ORIENTED_EDGE('',*,*,#5491,.T.);
#5489=ORIENTED_EDGE('',*,*,#5492,.T.);
#5490=ORIENTED_EDGE('',*,*,#5493,.T.);
#5491=EDGE_CURVE('',#390,#154,#5494,.F.);
#5492=EDGE_CURVE('',#154,#152,#5495,.T.);
#5493=EDGE_CURVE('',#152,#390,#5496,.T.);
#5494=LINE('',#389,#5497);
#5495=LINE('',#153,#5498);
#5496=LINE('',#151,#5499);
#5497=VECTOR('',#5500,1.0);
#5498=VECTOR('',#5501,1.0);
#5499=VECTOR('',#5502,1.0);
#5500=DIRECTION('',(0.9848795905125344,-0.1550162110474,-0.07734446654008754));
#5501=DIRECTION('',(0,0.8949312570904883,0.446204039742401));
#5502=DIRECTION('',(-0.9999959779467578,-0.0025600754236850386,-0.0012206982152670382));
#5503=STYLED_ITEM('',(#25),#5504);
#5504=FACE_SURFACE('',(#5509),#5505,.T.);
#5505=PLANE('',#5506);
#5506=AXIS2_PLACEMENT_3D('',#389,#5507,#5508);
#5507=DIRECTION('',(-6.230563550237342E-05,-0.4104647076026467,0.9118764828257616));
#5508=DIRECTION('',(0.9999959779467578,0.0025600754236850386,0.0012206982152670382));
#5509=FACE_BOUND('',#5510,.T.);
#5510=EDGE_LOOP('',(#5511,#5512,#5513));
#5511=ORIENTED_EDGE('',*,*,#5514,.T.);
#5512=ORIENTED_EDGE('',*,*,#5515,.T.);
#5513=ORIENTED_EDGE('',*,*,#5516,.T.);
#5514=EDGE_CURVE('',#390,#152,#5517,.F.);
#5515=EDGE_CURVE('',#152,#392,#5518,.T.);
#5516=EDGE_CURVE('',#392,#390,#5519,.T.);
#5517=LINE('',#389,#5520);
#5518=LINE('',#151,#5521);
#5519=LINE('',#391,#5522);
#5520=VECTOR('',#5523,1.0);
#5521=VECTOR('',#5524,1.0);
#5522=VECTOR('',#5525,1.0);
#5523=DIRECTION('',(0.9999959779467578,0.0025600754236850386,0.0012206982152670382));
#5524=DIRECTION('',(-0.9848352810904778,0.1582284386143291,0.07115637942666253));
#5525=DIRECTION('',(0,-0.9118764845957104,-0.4104647083993571));
#5526=STYLED_ITEM('',(#25),#5527);
#5527=FACE_SURFACE('',(#5532),#5528,.T.);
#5528=PLANE('',#5529);
#5529=AXIS2_PLACEMENT_3D('',#391,#5530,#5531);
#5530=DIRECTION('',(5.728503944354529E-05,-0.4098455748876013,0.9121549218545476));
#5531=DIRECTION('',(0.9848352810904778,-0.1582284386143291,-0.07115637942666253));
#5532=FACE_BOUND('',#5533,.T.);
#5533=EDGE_LOOP('',(#5534,#5535,#5536));
#5534=ORIENTED_EDGE('',*,*,#5537,.T.);
#5535=ORIENTED_EDGE('',*,*,#5538,.T.);
#5536=ORIENTED_EDGE('',*,*,#5539,.T.);
#5537=EDGE_CURVE('',#392,#152,#5540,.F.);
#5538=EDGE_CURVE('',#152,#150,#5541,.T.);
#5539=EDGE_CURVE('',#150,#392,#5542,.T.);
#5540=LINE('',#391,#5543);
#5541=LINE('',#151,#5544);
#5542=LINE('',#149,#5545);
#5543=VECTOR('',#5546,1.0);
#5544=VECTOR('',#5547,1.0);
#5545=VECTOR('',#5548,1.0);
#5546=DIRECTION('',(0.9848352810904778,-0.1582284386143291,-0.07115637942666253));
#5547=DIRECTION('',(0,0.9121549233512004,0.409845575560071));
#5548=DIRECTION('',(-0.9999966793571557,-0.0023735815278795335,-0.0010036859032176314));
#5549=STYLED_ITEM('',(#25),#5550);
#5550=FACE_SURFACE('',(#5555),#5551,.T.);
#5551=PLANE('',#5552);
#5552=AXIS2_PLACEMENT_3D('',#391,#5553,#5554);
#5553=DIRECTION('',(-4.495281609309514E-05,-0.37334301805366066,0.9276933700581396));
#5554=DIRECTION('',(0.9999966793571557,0.0023735815278795335,0.0010036859032176314));
#5555=FACE_BOUND('',#5556,.T.);
#5556=EDGE_LOOP('',(#5557,#5558,#5559));
#5557=ORIENTED_EDGE('',*,*,#5560,.T.);
#5558=ORIENTED_EDGE('',*,*,#5561,.T.);
#5559=ORIENTED_EDGE('',*,*,#5562,.T.);
#5560=EDGE_CURVE('',#392,#150,#5563,.F.);
#5561=EDGE_CURVE('',#150,#394,#5564,.T.);
#5562=EDGE_CURVE('',#394,#392,#5565,.T.);
#5563=LINE('',#391,#5566);
#5564=LINE('',#149,#5567);
#5565=LINE('',#393,#5568);
#5566=VECTOR('',#5569,1.0);
#5567=VECTOR('',#5570,1.0);
#5568=VECTOR('',#5571,1.0);
#5569=DIRECTION('',(0.9999966793571557,0.0023735815278795335,0.0010036859032176314));
#5570=DIRECTION('',(-0.9847922847740112,0.16119014613961552,0.06482200735145774));
#5571=DIRECTION('',(0,-0.9276933709954605,-0.3733430184308782));
#5572=STYLED_ITEM('',(#25),#5573);
#5573=FACE_SURFACE('',(#5578),#5574,.T.);
#5574=PLANE('',#5575);
#5575=AXIS2_PLACEMENT_3D('',#393,#5576,#5577);
#5576=DIRECTION('',(5.3948446249006733E-05,-0.3728228897131503,0.9279025218176213));
#5577=DIRECTION('',(0.9847922847740112,-0.16119014613961552,-0.06482200735145774));
#5578=FACE_BOUND('',#5579,.T.);
#5579=EDGE_LOOP('',(#5580,#5581,#5582));
#5580=ORIENTED_EDGE('',*,*,#5583,.T.);
#5581=ORIENTED_EDGE('',*,*,#5584,.T.);
#5582=ORIENTED_EDGE('',*,*,#5585,.T.);
#5583=EDGE_CURVE('',#394,#150,#5586,.F.);
#5584=EDGE_CURVE('',#150,#148,#5587,.T.);
#5585=EDGE_CURVE('',#148,#394,#5588,.T.);
#5586=LINE('',#393,#5589);
#5587=LINE('',#149,#5590);
#5588=LINE('',#147,#5591);
#5589=VECTOR('',#5592,1.0);
#5590=VECTOR('',#5593,1.0);
#5591=VECTOR('',#5594,1.0);
#5592=DIRECTION('',(0.9847922847740112,-0.16119014613961552,-0.06482200735145774));
#5593=DIRECTION('',(0,0.9279025231679213,0.37282289025568865));
#5594=DIRECTION('',(-0.999997314122507,-0.0021701330601616906,-0.0008137998975606339));
#5595=STYLED_ITEM('',(#25),#5596);
#5596=FACE_SURFACE('',(#5601),#5597,.T.);
#5597=PLANE('',#5598);
#5598=AXIS2_PLACEMENT_3D('',#393,#5599,#5600);
#5599=DIRECTION('',(-3.8104248901769915E-05,-0.33568228669511896,0.9419752655708121));
#5600=DIRECTION('',(0.999997314122507,0.0021701330601616906,0.0008137998975606339));
#5601=FACE_BOUND('',#5602,.T.);
#5602=EDGE_LOOP('',(#5603,#5604,#5605));
#5603=ORIENTED_EDGE('',*,*,#5606,.T.);
#5604=ORIENTED_EDGE('',*,*,#5607,.T.);
#5605=ORIENTED_EDGE('',*,*,#5608,.T.);
#5606=EDGE_CURVE('',#394,#148,#5609,.F.);
#5607=EDGE_CURVE('',#148,#396,#5610,.T.);
#5608=EDGE_CURVE('',#396,#394,#5611,.T.);
#5609=LINE('',#393,#5612);
#5610=LINE('',#147,#5613);
#5611=LINE('',#395,#5614);
#5612=VECTOR('',#5615,1.0);
#5613=VECTOR('',#5616,1.0);
#5614=VECTOR('',#5617,1.0);
#5615=DIRECTION('',(0.999997314122507,0.0021701330601616906,0.0008137998975606339));
#5616=DIRECTION('',(-0.9847485142916629,0.1639010308973737,0.05836793358635209));
#5617=DIRECTION('',(0,-0.9419752662546551,-0.33568228693881325));
#5618=STYLED_ITEM('',(#25),#5619);
#5619=FACE_SURFACE('',(#5624),#5620,.T.);
#5620=PLANE('',#5621);
#5621=AXIS2_PLACEMENT_3D('',#395,#5622,#5623);
#5622=DIRECTION('',(4.2561332064113594E-05,-0.33525217657671647,0.942128428766008));
#5623=DIRECTION('',(0.9847485142916629,-0.1639010308973737,-0.05836793358635209));
#5624=FACE_BOUND('',#5625,.T.);
#5625=EDGE_LOOP('',(#5626,#5627,#5628));
#5626=ORIENTED_EDGE('',*,*,#5629,.T.);
#5627=ORIENTED_EDGE('',*,*,#5630,.T.);
#5628=ORIENTED_EDGE('',*,*,#5631,.T.);
#5629=EDGE_CURVE('',#396,#148,#5632,.F.);
#5630=EDGE_CURVE('',#148,#146,#5633,.T.);
#5631=EDGE_CURVE('',#146,#396,#5634,.T.);
#5632=LINE('',#395,#5635);
#5633=LINE('',#147,#5636);
#5634=LINE('',#145,#5637);
#5635=VECTOR('',#5638,1.0);
#5636=VECTOR('',#5639,1.0);
#5637=VECTOR('',#5640,1.0);
#5638=DIRECTION('',(0.9847485142916629,-0.1639010308973737,-0.05836793358635209));
#5639=DIRECTION('',(0,0.9421284296193254,0.3352521768803656));
#5640=DIRECTION('',(-0.9999978741020333,-0.0019565116826608386,-0.0006510402826185112));
#5641=STYLED_ITEM('',(#25),#5642);
#5642=FACE_SURFACE('',(#5647),#5643,.T.);
#5643=PLANE('',#5644);
#5644=AXIS2_PLACEMENT_3D('',#395,#5645,#5646);
#5645=DIRECTION('',(-3.950631593087885E-05,-0.29749717707238593,0.9547226969509065));
#5646=DIRECTION('',(0.9999978741020333,0.0019565116826608386,0.0006510402826185112));
#5647=FACE_BOUND('',#5648,.T.);
#5648=EDGE_LOOP('',(#5649,#5650,#5651));
#5649=ORIENTED_EDGE('',*,*,#5652,.T.);
#5650=ORIENTED_EDGE('',*,*,#5653,.T.);
#5651=ORIENTED_EDGE('',*,*,#5654,.T.);
#5652=EDGE_CURVE('',#396,#146,#5655,.F.);
#5653=EDGE_CURVE('',#146,#398,#5656,.T.);
#5654=EDGE_CURVE('',#398,#396,#5657,.T.);
#5655=LINE('',#395,#5658);
#5656=LINE('',#145,#5659);
#5657=LINE('',#397,#5660);
#5658=VECTOR('',#5661,1.0);
#5659=VECTOR('',#5662,1.0);
#5660=VECTOR('',#5663,1.0);
#5661=DIRECTION('',(0.9999978741020333,0.0019565116826608386,0.0006510402826185112));
#5662=DIRECTION('',(-0.9847058777777574,0.16634808631350326,0.05179428974096874));
#5663=DIRECTION('',(0,-0.9547226976959478,-0.29749717730454517));
#5664=STYLED_ITEM('',(#25),#5665);
#5665=FACE_SURFACE('',(#5670),#5666,.T.);
#5666=PLANE('',#5667);
#5667=AXIS2_PLACEMENT_3D('',#397,#5668,#5669);
#5668=DIRECTION('',(3.6588629684736844E-05,-0.29708653987415756,0.9548505571485376));
#5669=DIRECTION('',(0.9847058777777574,-0.16634808631350326,-0.05179428974096874));
#5670=FACE_BOUND('',#5671,.T.);
#5671=EDGE_LOOP('',(#5672,#5673,#5674));
#5672=ORIENTED_EDGE('',*,*,#5675,.T.);
#5673=ORIENTED_EDGE('',*,*,#5676,.T.);
#5674=ORIENTED_EDGE('',*,*,#5677,.T.);
#5675=EDGE_CURVE('',#398,#146,#5678,.F.);
#5676=EDGE_CURVE('',#146,#144,#5679,.T.);
#5677=EDGE_CURVE('',#144,#398,#5680,.T.);
#5678=LINE('',#397,#5681);
#5679=LINE('',#145,#5682);
#5680=LINE('',#143,#5683);
#5681=VECTOR('',#5684,1.0);
#5682=VECTOR('',#5685,1.0);
#5683=VECTOR('',#5686,1.0);
#5684=DIRECTION('',(0.9847058777777574,-0.16634808631350326,-0.05179428974096874));
#5685=DIRECTION('',(0,0.9548505577876801,0.2970865400730166));
#5686=DIRECTION('',(-0.9999983670390944,-0.001736108276109539,-0.0005018437985629136));
#5687=STYLED_ITEM('',(#25),#5688);
#5688=FACE_SURFACE('',(#5693),#5689,.T.);
#5689=PLANE('',#5690);
#5690=AXIS2_PLACEMENT_3D('',#397,#5691,#5692);
#5691=DIRECTION('',(-3.536404710111072E-05,-0.25884150328586814,0.9659198077097788));
#5692=DIRECTION('',(0.9999983670390944,0.001736108276109539,0.0005018437985629136));
#5693=FACE_BOUND('',#5694,.T.);
#5694=EDGE_LOOP('',(#5695,#5696,#5697));
#5695=ORIENTED_EDGE('',*,*,#5698,.T.);
#5696=ORIENTED_EDGE('',*,*,#5699,.T.);
#5697=ORIENTED_EDGE('',*,*,#5700,.T.);
#5698=EDGE_CURVE('',#398,#144,#5701,.F.);
#5699=EDGE_CURVE('',#144,#400,#5702,.T.);
#5700=EDGE_CURVE('',#400,#398,#5703,.T.);
#5701=LINE('',#397,#5704);
#5702=LINE('',#143,#5705);
#5703=LINE('',#399,#5706);
#5704=VECTOR('',#5707,1.0);
#5705=VECTOR('',#5708,1.0);
#5706=VECTOR('',#5709,1.0);
#5707=DIRECTION('',(0.9999983670390944,0.001736108276109539,0.0005018437985629136));
#5708=DIRECTION('',(-0.984661659128108,0.16853756791676378,0.04512765497767303));
#5709=DIRECTION('',(0,-0.9659198083137761,-0.2588415034477238));
#5710=STYLED_ITEM('',(#25),#5711);
#5711=FACE_SURFACE('',(#5716),#5712,.T.);
#5712=PLANE('',#5713);
#5713=AXIS2_PLACEMENT_3D('',#399,#5714,#5715);
#5714=DIRECTION('',(3.447729294565569E-05,-0.2584607609686207,0.9660217564065717));
#5715=DIRECTION('',(0.984661659128108,-0.16853756791676378,-0.04512765497767303));
#5716=FACE_BOUND('',#5717,.T.);
#5717=EDGE_LOOP('',(#5718,#5719,#5720));
#5718=ORIENTED_EDGE('',*,*,#5721,.T.);
#5719=ORIENTED_EDGE('',*,*,#5722,.T.);
#5720=ORIENTED_EDGE('',*,*,#5723,.T.);
#5721=EDGE_CURVE('',#400,#144,#5724,.F.);
#5722=EDGE_CURVE('',#144,#142,#5725,.T.);
#5723=EDGE_CURVE('',#142,#400,#5726,.T.);
#5724=LINE('',#399,#5727);
#5725=LINE('',#143,#5728);
#5726=LINE('',#141,#5729);
#5727=VECTOR('',#5730,1.0);
#5728=VECTOR('',#5731,1.0);
#5729=VECTOR('',#5732,1.0);
#5730=DIRECTION('',(0.984661659128108,-0.16853756791676378,-0.04512765497767303));
#5731=DIRECTION('',(0,0.9660217569807189,0.2584607611222347));
#5732=DIRECTION('',(-0.9999988047301032,-0.0015021412166864546,-0.0003662104997790905));
#5733=STYLED_ITEM('',(#25),#5734);
#5734=FACE_SURFACE('',(#5739),#5735,.T.);
#5735=PLANE('',#5736);
#5736=AXIS2_PLACEMENT_3D('',#399,#5737,#5738);
#5737=DIRECTION('',(-2.717026453970588E-05,-0.21974568742276634,0.9755571905946225));
#5738=DIRECTION('',(0.9999988047301032,0.0015021412166864546,0.0003662104997790905));
#5739=FACE_BOUND('',#5740,.T.);
#5740=EDGE_LOOP('',(#5741,#5742,#5743));
#5741=ORIENTED_EDGE('',*,*,#5744,.T.);
#5742=ORIENTED_EDGE('',*,*,#5745,.T.);
#5743=ORIENTED_EDGE('',*,*,#5746,.T.);
#5744=EDGE_CURVE('',#400,#142,#5747,.F.);
#5745=EDGE_CURVE('',#142,#402,#5748,.T.);
#5746=EDGE_CURVE('',#402,#400,#5749,.T.);
#5747=LINE('',#399,#5750);
#5748=LINE('',#141,#5751);
#5749=LINE('',#401,#5752);
#5750=VECTOR('',#5753,1.0);
#5751=VECTOR('',#5754,1.0);
#5752=VECTOR('',#5755,1.0);
#5753=DIRECTION('',(0.9999988047301032,0.0015021412166864546,0.0003662104997790905));
#5754=DIRECTION('',(-0.9846179285102743,0.17045650343184426,0.0383681546849232));
#5755=DIRECTION('',(0,-0.9755571909547119,-0.21974568750387702));
#5756=STYLED_ITEM('',(#25),#5757);
#5757=FACE_SURFACE('',(#5762),#5758,.T.);
#5758=PLANE('',#5759);
#5759=AXIS2_PLACEMENT_3D('',#401,#5760,#5761);
#5760=DIRECTION('',(2.5399408512895375E-05,-0.21945666978171288,0.9756222473084499));
#5761=DIRECTION('',(0.9846179285102743,-0.17045650343184426,-0.0383681546849232));
#5762=FACE_BOUND('',#5763,.T.);
#5763=EDGE_LOOP('',(#5764,#5765,#5766));
#5764=ORIENTED_EDGE('',*,*,#5767,.T.);
#5765=ORIENTED_EDGE('',*,*,#5768,.T.);
#5766=ORIENTED_EDGE('',*,*,#5769,.T.);
#5767=EDGE_CURVE('',#402,#142,#5770,.F.);
#5768=EDGE_CURVE('',#142,#140,#5771,.T.);
#5769=EDGE_CURVE('',#140,#402,#5772,.T.);
#5770=LINE('',#401,#5773);
#5771=LINE('',#141,#5774);
#5772=LINE('',#139,#5775);
#5773=VECTOR('',#5776,1.0);
#5774=VECTOR('',#5777,1.0);
#5775=VECTOR('',#5778,1.0);
#5776=DIRECTION('',(0.9846179285102743,-0.17045650343184426,-0.0383681546849232));
#5777=DIRECTION('',(0,0.9756222476231515,0.21945666985250195));
#5778=DIRECTION('',(-0.9999991712389169,-0.0012613921837730478,-0.00025770377948051515));
#5779=STYLED_ITEM('',(#25),#5780);
#5780=FACE_SURFACE('',(#5785),#5781,.T.);
#5781=PLANE('',#5782);
#5782=AXIS2_PLACEMENT_3D('',#401,#5783,#5784);
#5783=DIRECTION('',(-2.6188074261734177E-05,-0.18019560006452873,0.9836307971142269));
#5784=DIRECTION('',(0.9999991712389169,0.0012613921837730478,0.00025770377948051515));
#5785=FACE_BOUND('',#5786,.T.);
#5786=EDGE_LOOP('',(#5787,#5788,#5789));
#5787=ORIENTED_EDGE('',*,*,#5790,.T.);
#5788=ORIENTED_EDGE('',*,*,#5791,.T.);
#5789=ORIENTED_EDGE('',*,*,#5792,.T.);
#5790=EDGE_CURVE('',#402,#140,#5793,.F.);
#5791=EDGE_CURVE('',#140,#404,#5794,.T.);
#5792=EDGE_CURVE('',#404,#402,#5795,.T.);
#5793=LINE('',#401,#5796);
#5794=LINE('',#139,#5797);
#5795=LINE('',#403,#5798);
#5796=VECTOR('',#5799,1.0);
#5797=VECTOR('',#5800,1.0);
#5798=VECTOR('',#5801,1.0);
#5799=DIRECTION('',(0.9999991712389169,0.0012613921837730478,0.00025770377948051515));
#5800=DIRECTION('',(-0.984574772939873,0.17210494696663206,0.03150243990566896));
#5801=DIRECTION('',(0,-0.9836307974515213,-0.18019560012631916));
#5802=STYLED_ITEM('',(#25),#5803);
#5803=FACE_SURFACE('',(#5808),#5804,.T.);
#5804=PLANE('',#5805);
#5805=AXIS2_PLACEMENT_3D('',#403,#5806,#5807);
#5806=DIRECTION('',(1.0265493182805356E-05,-0.1799938194744138,0.9836677410821358));
#5807=DIRECTION('',(0.984574772939873,-0.17210494696663206,-0.03150243990566896));
#5808=FACE_BOUND('',#5809,.T.);
#5809=EDGE_LOOP('',(#5810,#5811,#5812));
#5810=ORIENTED_EDGE('',*,*,#5813,.T.);
#5811=ORIENTED_EDGE('',*,*,#5814,.T.);
#5812=ORIENTED_EDGE('',*,*,#5815,.T.);
#5813=EDGE_CURVE('',#404,#140,#5816,.F.);
#5814=EDGE_CURVE('',#140,#138,#5817,.T.);
#5815=EDGE_CURVE('',#138,#404,#5818,.T.);
#5816=LINE('',#403,#5819);
#5817=LINE('',#139,#5820);
#5818=LINE('',#137,#5821);
#5819=VECTOR('',#5822,1.0);
#5820=VECTOR('',#5823,1.0);
#5821=VECTOR('',#5824,1.0);
#5822=DIRECTION('',(0.984574772939873,-0.17210494696663206,-0.03150243990566896));
#5823=DIRECTION('',(0,0.9836677411339654,0.1799938194838977));
#5824=DIRECTION('',(-0.999999463598871,-0.0010206428987062587,-0.00017632369014194504));
#5825=STYLED_ITEM('',(#25),#5826);
#5826=FACE_SURFACE('',(#5831),#5827,.T.);
#5827=PLANE('',#5828);
#5828=AXIS2_PLACEMENT_3D('',#403,#5829,#5830);
#5829=DIRECTION('',(-3.111227431709603E-05,-0.14055938182767655,0.9900722494910398));
#5830=DIRECTION('',(0.999999463598871,0.0010206428987062587,0.00017632369014194504));
#5831=FACE_BOUND('',#5832,.T.);
#5832=EDGE_LOOP('',(#5833,#5834,#5835));
#5833=ORIENTED_EDGE('',*,*,#5836,.T.);
#5834=ORIENTED_EDGE('',*,*,#5837,.T.);
#5835=ORIENTED_EDGE('',*,*,#5838,.T.);
#5836=EDGE_CURVE('',#404,#138,#5839,.F.);
#5837=EDGE_CURVE('',#138,#406,#5840,.T.);
#5838=EDGE_CURVE('',#406,#404,#5841,.T.);
#5839=LINE('',#403,#5842);
#5840=LINE('',#137,#5843);
#5841=LINE('',#405,#5844);
#5842=VECTOR('',#5845,1.0);
#5843=VECTOR('',#5846,1.0);
#5844=VECTOR('',#5847,1.0);
#5845=DIRECTION('',(0.999999463598871,0.0010206428987062587,0.00017632369014194504));
#5846=DIRECTION('',(-0.9845308746400587,0.17347602800088166,0.024597247600463706));
#5847=DIRECTION('',(0,-0.9900722499702218,-0.14055938189570547));
#5848=STYLED_ITEM('',(#25),#5849);
#5849=FACE_SURFACE('',(#5854),#5850,.T.);
#5850=PLANE('',#5851);
#5851=AXIS2_PLACEMENT_3D('',#405,#5852,#5853);
#5852=DIRECTION('',(2.6891606444175853E-05,-0.14023667995273598,0.9901180095688975));
#5853=DIRECTION('',(0.9845308746400587,-0.17347602800088166,-0.024597247600463706));
#5854=FACE_BOUND('',#5855,.T.);
#5855=EDGE_LOOP('',(#5856,#5857,#5858));
#5856=ORIENTED_EDGE('',*,*,#5859,.T.);
#5857=ORIENTED_EDGE('',*,*,#5860,.T.);
#5858=ORIENTED_EDGE('',*,*,#5861,.T.);
#5859=EDGE_CURVE('',#406,#138,#5862,.F.);
#5860=EDGE_CURVE('',#138,#136,#5863,.T.);
#5861=EDGE_CURVE('',#136,#406,#5864,.T.);
#5862=LINE('',#405,#5865);
#5863=LINE('',#137,#5866);
#5864=LINE('',#135,#5867);
#5865=VECTOR('',#5868,1.0);
#5866=VECTOR('',#5869,1.0);
#5867=VECTOR('',#5870,1.0);
#5868=DIRECTION('',(0.9845308746400587,-0.17347602800088166,-0.024597247600463706));
#5869=DIRECTION('',(0,0.9901180099269037,0.14023668000344267));
#5870=DIRECTION('',(-0.9999997030577025,-0.0007663300675830103,-8.138018416810729E-05));
#5871=STYLED_ITEM('',(#25),#5872);
#5872=FACE_SURFACE('',(#5877),#5873,.T.);
#5873=PLANE('',#5874);
#5874=AXIS2_PLACEMENT_3D('',#405,#5875,#5876);
#5875=DIRECTION('',(-3.9682511913298815E-06,-0.10047900616533902,0.994939178696004));
#5876=DIRECTION('',(0.9999997030577025,0.0007663300675830103,8.138018416810729E-05));
#5877=FACE_BOUND('',#5878,.T.);
#5878=EDGE_LOOP('',(#5879,#5880,#5881));
#5879=ORIENTED_EDGE('',*,*,#5882,.T.);
#5880=ORIENTED_EDGE('',*,*,#5883,.T.);
#5881=ORIENTED_EDGE('',*,*,#5884,.T.);
#5882=EDGE_CURVE('',#406,#136,#5885,.F.);
#5883=EDGE_CURVE('',#136,#408,#5886,.T.);
#5884=EDGE_CURVE('',#408,#406,#5887,.T.);
#5885=LINE('',#405,#5888);
#5886=LINE('',#135,#5889);
#5887=LINE('',#407,#5890);
#5888=VECTOR('',#5891,1.0);
#5889=VECTOR('',#5892,1.0);
#5890=VECTOR('',#5893,1.0);
#5891=DIRECTION('',(0.9999997030577025,0.0007663300675830103,8.138018416810729E-05));
#5892=DIRECTION('',(-0.9844870091287531,0.17456991799377106,0.017625906738958797));
#5893=DIRECTION('',(0,-0.9949391787038375,-0.10047900616613012));
#5894=STYLED_ITEM('',(#25),#5895);
#5895=FACE_SURFACE('',(#5900),#5896,.T.);
#5896=PLANE('',#5897);
#5897=AXIS2_PLACEMENT_3D('',#407,#5898,#5899);
#5898=DIRECTION('',(1.1259339613852813E-05,-0.1003939966140441,0.9949477600945119));
#5899=DIRECTION('',(0.9844870091287531,-0.17456991799377106,-0.017625906738958797));
#5900=FACE_BOUND('',#5901,.T.);
#5901=EDGE_LOOP('',(#5902,#5903,#5904));
#5902=ORIENTED_EDGE('',*,*,#5905,.T.);
#5903=ORIENTED_EDGE('',*,*,#5906,.T.);
#5904=ORIENTED_EDGE('',*,*,#5907,.T.);
#5905=EDGE_CURVE('',#408,#136,#5908,.F.);
#5906=EDGE_CURVE('',#136,#134,#5909,.T.);
#5907=EDGE_CURVE('',#134,#408,#5910,.T.);
#5908=LINE('',#407,#5911);
#5909=LINE('',#135,#5912);
#5910=LINE('',#133,#5913);
#5911=VECTOR('',#5914,1.0);
#5912=VECTOR('',#5915,1.0);
#5913=VECTOR('',#5916,1.0);
#5914=DIRECTION('',(0.9844870091287531,-0.17456991799377106,-0.017625906738958797));
#5915=DIRECTION('',(0,0.994947760157578,0.10039399662040771));
#5916=DIRECTION('',(-0.9999998663494885,-0.00051540791722657,-4.069009872841343E-05));
#5917=STYLED_ITEM('',(#25),#5918);
#5918=FACE_SURFACE('',(#5923),#5919,.T.);
#5919=PLANE('',#5920);
#5920=AXIS2_PLACEMENT_3D('',#407,#5921,#5922);
#5921=DIRECTION('',(-9.489258159000079E-06,-0.06039210964591855,0.9981747306972208));
#5922=DIRECTION('',(0.9999998663494885,0.00051540791722657,4.069009872841343E-05));
#5923=FACE_BOUND('',#5924,.T.);
#5924=EDGE_LOOP('',(#5925,#5926,#5927));
#5925=ORIENTED_EDGE('',*,*,#5928,.T.);
#5926=ORIENTED_EDGE('',*,*,#5929,.T.);
#5927=ORIENTED_EDGE('',*,*,#5930,.T.);
#5928=EDGE_CURVE('',#408,#134,#5931,.F.);
#5929=EDGE_CURVE('',#134,#410,#5932,.T.);
#5930=EDGE_CURVE('',#410,#408,#5933,.T.);
#5931=LINE('',#407,#5934);
#5932=LINE('',#133,#5935);
#5933=LINE('',#409,#5936);
#5934=VECTOR('',#5937,1.0);
#5935=VECTOR('',#5938,1.0);
#5936=VECTOR('',#5939,1.0);
#5937=DIRECTION('',(0.9999998663494885,0.00051540791722657,4.069009872841343E-05));
#5938=DIRECTION('',(-0.9844431405729357,0.17538330961677395,0.010601777528414048));
#5939=DIRECTION('',(0,-0.9981747307421617,-0.06039210964863758));
#5940=STYLED_ITEM('',(#25),#5941);
#5941=FACE_SURFACE('',(#5946),#5942,.T.);
#5942=PLANE('',#5943);
#5943=AXIS2_PLACEMENT_3D('',#409,#5944,#5945);
#5944=DIRECTION('',(2.008053326265609E-06,-0.06032780919166279,0.9981786190026822));
#5945=DIRECTION('',(0.9844431405729357,-0.17538330961677395,-0.010601777528414048));
#5946=FACE_BOUND('',#5947,.T.);
#5947=EDGE_LOOP('',(#5948,#5949,#5950));
#5948=ORIENTED_EDGE('',*,*,#5951,.T.);
#5949=ORIENTED_EDGE('',*,*,#5952,.T.);
#5950=ORIENTED_EDGE('',*,*,#5953,.T.);
#5951=EDGE_CURVE('',#410,#134,#5954,.F.);
#5952=EDGE_CURVE('',#134,#130,#5955,.T.);
#5953=EDGE_CURVE('',#130,#410,#5956,.T.);
#5954=LINE('',#409,#5957);
#5955=LINE('',#133,#5958);
#5956=LINE('',#129,#5959);
#5957=VECTOR('',#5960,1.0);
#5958=VECTOR('',#5961,1.0);
#5959=VECTOR('',#5962,1.0);
#5960=DIRECTION('',(0.9844431405729357,-0.17538330961677395,-0.010601777528414048));
#5961=DIRECTION('',(0,0.9981786190046948,0.060327809191784425));
#5962=DIRECTION('',(-0.9999999667023451,-0.0002577039844746169,-1.3563367603927206E-05));
#5963=STYLED_ITEM('',(#25),#5964);
#5964=FACE_SURFACE('',(#5969),#5965,.T.);
#5965=PLANE('',#5966);
#5966=AXIS2_PLACEMENT_3D('',#409,#5967,#5968);
#5967=DIRECTION('',(-8.36637746220626E-06,-0.0201558196454668,0.9997968507974123));
#5968=DIRECTION('',(0.9999999667023451,0.0002577039844746169,1.3563367603927206E-05));
#5969=FACE_BOUND('',#5970,.T.);
#5970=EDGE_LOOP('',(#5971,#5972,#5973));
#5971=ORIENTED_EDGE('',*,*,#5974,.T.);
#5972=ORIENTED_EDGE('',*,*,#5975,.T.);
#5973=ORIENTED_EDGE('',*,*,#5976,.T.);
#5974=EDGE_CURVE('',#410,#130,#5977,.F.);
#5975=EDGE_CURVE('',#130,#412,#5978,.T.);
#5976=EDGE_CURVE('',#412,#410,#5979,.T.);
#5977=LINE('',#409,#5980);
#5978=LINE('',#129,#5981);
#5979=LINE('',#411,#5982);
#5980=VECTOR('',#5983,1.0);
#5981=VECTOR('',#5984,1.0);
#5982=VECTOR('',#5985,1.0);
#5983=DIRECTION('',(0.9999999667023451,0.0002577039844746169,1.3563367603927206E-05));
#5984=DIRECTION('',(-0.9843987948049826,0.17591615561188487,0.0035382172393571016));
#5985=DIRECTION('',(0,-0.9997968508324033,-0.020155819646172215));
#5986=STYLED_ITEM('',(#25),#5987);
#5987=FACE_SURFACE('',(#5992),#5988,.T.);
#5988=PLANE('',#5989);
#5989=AXIS2_PLACEMENT_3D('',#411,#5990,#5991);
#5990=DIRECTION('',(0,-0.020109021683625754,0.9997977931796647));
#5991=DIRECTION('',(0.9843987948049826,-0.17591615561188487,-0.0035382172393571016));
#5992=FACE_BOUND('',#5993,.T.);
#5993=EDGE_LOOP('',(#5994,#5995,#5996));
#5994=ORIENTED_EDGE('',*,*,#5997,.T.);
#5995=ORIENTED_EDGE('',*,*,#5998,.T.);
#5996=ORIENTED_EDGE('',*,*,#5999,.T.);
#5997=EDGE_CURVE('',#412,#130,#6000,.F.);
#5998=EDGE_CURVE('',#130,#132,#6001,.T.);
#5999=EDGE_CURVE('',#132,#412,#6002,.T.);
#6000=LINE('',#411,#6003);
#6001=LINE('',#129,#6004);
#6002=LINE('',#131,#6005);
#6003=VECTOR('',#6006,1.0);
#6004=VECTOR('',#6007,1.0);
#6005=VECTOR('',#6008,1.0);
#6006=DIRECTION('',(0.9843987948049826,-0.17591615561188487,-0.0035382172393571016));
#6007=DIRECTION('',(0,0.9997977931796647,0.020109021683625754));
#6008=DIRECTION('',(-1,0,0));
#6009=STYLED_ITEM('',(#25),#6010);
#6010=FACE_SURFACE('',(#6015),#6011,.T.);
#6011=PLANE('',#6012);
#6012=AXIS2_PLACEMENT_3D('',#199,#6013,#6014);
#6013=DIRECTION('',(0,-0.6167249770167862,0.7871786980880799));
#6014=DIRECTION('',(0,0.7871786980880799,0.6167249770167862));
#6015=FACE_BOUND('',#6016,.T.);
#6016=EDGE_LOOP('',(#6017,#6018,#6019));
#6017=ORIENTED_EDGE('',*,*,#6020,.T.);
#6018=ORIENTED_EDGE('',*,*,#6021,.T.);
#6019=ORIENTED_EDGE('',*,*,#6022,.T.);
#6020=EDGE_CURVE('',#200,#196,#6023,.F.);
#6021=EDGE_CURVE('',#196,#380,#6024,.T.);
#6022=EDGE_CURVE('',#380,#200,#6025,.T.);
#6023=LINE('',#199,#6026);
#6024=LINE('',#195,#6027);
#6025=LINE('',#379,#6028);
#6026=VECTOR('',#6029,1.0);
#6027=VECTOR('',#6030,1.0);
#6028=VECTOR('',#6031,1.0);
#6029=DIRECTION('',(0,0.7871786980880799,0.6167249770167862));
#6030=DIRECTION('',(-1,0,0));
#6031=DIRECTION('',(0.9980859461391696,-0.04868077604542313,-0.03813956165314519));
#6032=STYLED_ITEM('',(#25),#6033);
#6033=FACE_SURFACE('',(#6038),#6034,.T.);
#6034=PLANE('',#6035);
#6035=AXIS2_PLACEMENT_3D('',#199,#6036,#6037);
#6036=DIRECTION('',(0,-0.6167249770167862,0.7871786980880799));
#6037=DIRECTION('',(-0.9980859461391696,0.04868077604542313,0.03813956165314519));
#6038=FACE_BOUND('',#6039,.T.);
#6039=EDGE_LOOP('',(#6040,#6041,#6042));
#6040=ORIENTED_EDGE('',*,*,#6043,.T.);
#6041=ORIENTED_EDGE('',*,*,#6044,.T.);
#6042=ORIENTED_EDGE('',*,*,#6045,.T.);
#6043=EDGE_CURVE('',#200,#380,#6046,.F.);
#6044=EDGE_CURVE('',#380,#376,#6047,.T.);
#6045=EDGE_CURVE('',#376,#200,#6048,.T.);
#6046=LINE('',#199,#6049);
#6047=LINE('',#379,#6050);
#6048=LINE('',#375,#6051);
#6049=VECTOR('',#6052,1.0);
#6050=VECTOR('',#6053,1.0);
#6051=VECTOR('',#6054,1.0);
#6052=DIRECTION('',(-0.9980859461391696,0.04868077604542313,0.03813956165314519));
#6053=DIRECTION('',(0,-0.7871786980880799,-0.6167249770167862));
#6054=DIRECTION('',(1,0,0));
#6055=STYLED_ITEM('',(#25),#6056);
#6056=FACE_SURFACE('',(#6061),#6057,.T.);
#6057=PLANE('',#6058);
#6058=AXIS2_PLACEMENT_3D('',#203,#6059,#6060);
#6059=DIRECTION('',(0,-0.647894194543723,0.7617303411815368));
#6060=DIRECTION('',(0,0.7617303411815367,0.647894194543723));
#6061=FACE_BOUND('',#6062,.T.);
#6062=EDGE_LOOP('',(#6063,#6064,#6065));
#6063=ORIENTED_EDGE('',*,*,#6066,.T.);
#6064=ORIENTED_EDGE('',*,*,#6067,.T.);
#6065=ORIENTED_EDGE('',*,*,#6068,.T.);
#6066=EDGE_CURVE('',#204,#200,#6069,.F.);
#6067=EDGE_CURVE('',#200,#376,#6070,.T.);
#6068=EDGE_CURVE('',#376,#204,#6071,.T.);
#6069=LINE('',#203,#6072);
#6070=LINE('',#199,#6073);
#6071=LINE('',#375,#6074);
#6072=VECTOR('',#6075,1.0);
#6073=VECTOR('',#6076,1.0);
#6074=VECTOR('',#6077,1.0);
#6075=DIRECTION('',(0,0.7617303411815367,0.647894194543723));
#6076=DIRECTION('',(-1,0,0));
#6077=DIRECTION('',(0.9980860998109361,-0.04710510721916542,-0.04006552430787778));
#6078=STYLED_ITEM('',(#25),#6079);
#6079=FACE_SURFACE('',(#6084),#6080,.T.);
#6080=PLANE('',#6081);
#6081=AXIS2_PLACEMENT_3D('',#203,#6082,#6083);
#6082=DIRECTION('',(0,-0.647894194543723,0.7617303411815368));
#6083=DIRECTION('',(-0.9980860998109361,0.04710510721916542,0.04006552430787778));
#6084=FACE_BOUND('',#6085,.T.);
#6085=EDGE_LOOP('',(#6086,#6087,#6088));
#6086=ORIENTED_EDGE('',*,*,#6089,.T.);
#6087=ORIENTED_EDGE('',*,*,#6090,.T.);
#6088=ORIENTED_EDGE('',*,*,#6091,.T.);
#6089=EDGE_CURVE('',#204,#376,#6092,.F.);
#6090=EDGE_CURVE('',#376,#372,#6093,.T.);
#6091=EDGE_CURVE('',#372,#204,#6094,.T.);
#6092=LINE('',#203,#6095);
#6093=LINE('',#375,#6096);
#6094=LINE('',#371,#6097);
#6095=VECTOR('',#6098,1.0);
#6096=VECTOR('',#6099,1.0);
#6097=VECTOR('',#6100,1.0);
#6098=DIRECTION('',(-0.9980860998109361,0.04710510721916542,0.04006552430787778));
#6099=DIRECTION('',(0,-0.7617303411815367,-0.647894194543723));
#6100=DIRECTION('',(1,0,0));
#6101=STYLED_ITEM('',(#25),#6102);
#6102=FACE_SURFACE('',(#6107),#6103,.T.);
#6103=PLANE('',#6104);
#6104=AXIS2_PLACEMENT_3D('',#207,#6105,#6106);
#6105=DIRECTION('',(0,-0.6780818125413771,0.7349864321881057));
#6106=DIRECTION('',(0,0.7349864321881057,0.6780818125413771));
#6107=FACE_BOUND('',#6108,.T.);
#6108=EDGE_LOOP('',(#6109,#6110,#6111));
#6109=ORIENTED_EDGE('',*,*,#6112,.T.);
#6110=ORIENTED_EDGE('',*,*,#6113,.T.);
#6111=ORIENTED_EDGE('',*,*,#6114,.T.);
#6112=EDGE_CURVE('',#208,#204,#6115,.F.);
#6113=EDGE_CURVE('',#204,#372,#6116,.T.);
#6114=EDGE_CURVE('',#372,#208,#6117,.T.);
#6115=LINE('',#207,#6118);
#6116=LINE('',#203,#6119);
#6117=LINE('',#371,#6120);
#6118=VECTOR('',#6121,1.0);
#6119=VECTOR('',#6122,1.0);
#6120=VECTOR('',#6123,1.0);
#6121=DIRECTION('',(0,0.7349864321881057,0.6780818125413771));
#6122=DIRECTION('',(-1,0,0));
#6123=DIRECTION('',(0.9980858327443809,-0.04545444231530055,-0.04193523755460048));
#6124=STYLED_ITEM('',(#25),#6125);
#6125=FACE_SURFACE('',(#6130),#6126,.T.);
#6126=PLANE('',#6127);
#6127=AXIS2_PLACEMENT_3D('',#207,#6128,#6129);
#6128=DIRECTION('',(0,-0.6780818125413771,0.7349864321881057));
#6129=DIRECTION('',(-0.9980858327443809,0.04545444231530055,0.04193523755460048));
#6130=FACE_BOUND('',#6131,.T.);
#6131=EDGE_LOOP('',(#6132,#6133,#6134));
#6132=ORIENTED_EDGE('',*,*,#6135,.T.);
#6133=ORIENTED_EDGE('',*,*,#6136,.T.);
#6134=ORIENTED_EDGE('',*,*,#6137,.T.);
#6135=EDGE_CURVE('',#208,#372,#6138,.F.);
#6136=EDGE_CURVE('',#372,#368,#6139,.T.);
#6137=EDGE_CURVE('',#368,#208,#6140,.T.);
#6138=LINE('',#207,#6141);
#6139=LINE('',#371,#6142);
#6140=LINE('',#367,#6143);
#6141=VECTOR('',#6144,1.0);
#6142=VECTOR('',#6145,1.0);
#6143=VECTOR('',#6146,1.0);
#6144=DIRECTION('',(-0.9980858327443809,0.04545444231530055,0.04193523755460048));
#6145=DIRECTION('',(0,-0.7349864321881057,-0.6780818125413771));
#6146=DIRECTION('',(1,0,0));
#6147=STYLED_ITEM('',(#25),#6148);
#6148=FACE_SURFACE('',(#6153),#6149,.T.);
#6149=PLANE('',#6150);
#6150=AXIS2_PLACEMENT_3D('',#211,#6151,#6152);
#6151=DIRECTION('',(0,-0.7070783641128767,0.7071351971182442));
#6152=DIRECTION('',(0,0.7071351971182442,0.7070783641128767));
#6153=FACE_BOUND('',#6154,.T.);
#6154=EDGE_LOOP('',(#6155,#6156,#6157));
#6155=ORIENTED_EDGE('',*,*,#6158,.T.);
#6156=ORIENTED_EDGE('',*,*,#6159,.T.);
#6157=ORIENTED_EDGE('',*,*,#6160,.T.);
#6158=EDGE_CURVE('',#212,#208,#6161,.F.);
#6159=EDGE_CURVE('',#208,#368,#6162,.T.);
#6160=EDGE_CURVE('',#368,#212,#6163,.T.);
#6161=LINE('',#211,#6164);
#6162=LINE('',#207,#6165);
#6163=LINE('',#367,#6166);
#6164=VECTOR('',#6167,1.0);
#6165=VECTOR('',#6168,1.0);
#6166=VECTOR('',#6169,1.0);
#6167=DIRECTION('',(0,0.7071351971182442,0.7070783641128767));
#6168=DIRECTION('',(-1,0,0));
#6169=DIRECTION('',(0.9980861119857268,-0.043728825850373756,-0.043725311330654756));
#6170=STYLED_ITEM('',(#25),#6171);
#6171=FACE_SURFACE('',(#6176),#6172,.T.);
#6172=PLANE('',#6173);
#6173=AXIS2_PLACEMENT_3D('',#211,#6174,#6175);
#6174=DIRECTION('',(0,-0.7070783641128767,0.7071351971182442));
#6175=DIRECTION('',(-0.9980861119857268,0.043728825850373756,0.043725311330654756));
#6176=FACE_BOUND('',#6177,.T.);
#6177=EDGE_LOOP('',(#6178,#6179,#6180));
#6178=ORIENTED_EDGE('',*,*,#6181,.T.);
#6179=ORIENTED_EDGE('',*,*,#6182,.T.);
#6180=ORIENTED_EDGE('',*,*,#6183,.T.);
#6181=EDGE_CURVE('',#212,#368,#6184,.F.);
#6182=EDGE_CURVE('',#368,#364,#6185,.T.);
#6183=EDGE_CURVE('',#364,#212,#6186,.T.);
#6184=LINE('',#211,#6187);
#6185=LINE('',#367,#6188);
#6186=LINE('',#363,#6189);
#6187=VECTOR('',#6190,1.0);
#6188=VECTOR('',#6191,1.0);
#6189=VECTOR('',#6192,1.0);
#6190=DIRECTION('',(-0.9980861119857268,0.043728825850373756,0.043725311330654756));
#6191=DIRECTION('',(0,-0.7071351971182442,-0.7070783641128767));
#6192=DIRECTION('',(1,0,0));
#6193=STYLED_ITEM('',(#25),#6194);
#6194=FACE_SURFACE('',(#6199),#6195,.T.);
#6195=PLANE('',#6196);
#6196=AXIS2_PLACEMENT_3D('',#215,#6197,#6198);
#6197=DIRECTION('',(0,-0.7350147550525006,0.6780511115359318));
#6198=DIRECTION('',(0,0.6780511115359318,0.7350147550525006));
#6199=FACE_BOUND('',#6200,.T.);
#6200=EDGE_LOOP('',(#6201,#6202,#6203));
#6201=ORIENTED_EDGE('',*,*,#6204,.T.);
#6202=ORIENTED_EDGE('',*,*,#6205,.T.);
#6203=ORIENTED_EDGE('',*,*,#6206,.T.);
#6204=EDGE_CURVE('',#216,#212,#6207,.F.);
#6205=EDGE_CURVE('',#212,#364,#6208,.T.);
#6206=EDGE_CURVE('',#364,#216,#6209,.T.);
#6207=LINE('',#215,#6210);
#6208=LINE('',#211,#6211);
#6209=LINE('',#363,#6212);
#6210=VECTOR('',#6213,1.0);
#6211=VECTOR('',#6214,1.0);
#6212=VECTOR('',#6215,1.0);
#6213=DIRECTION('',(0,0.6780511115359318,0.7350147550525006));
#6214=DIRECTION('',(-1,0,0));
#6215=DIRECTION('',(0.9980859798383132,-0.04193172921559583,-0.04545444901419601));
#6216=STYLED_ITEM('',(#25),#6217);
#6217=FACE_SURFACE('',(#6222),#6218,.T.);
#6218=PLANE('',#6219);
#6219=AXIS2_PLACEMENT_3D('',#215,#6220,#6221);
#6220=DIRECTION('',(0,-0.7350147550525006,0.6780511115359318));
#6221=DIRECTION('',(-0.9980859798383132,0.04193172921559583,0.04545444901419601));
#6222=FACE_BOUND('',#6223,.T.);
#6223=EDGE_LOOP('',(#6224,#6225,#6226));
#6224=ORIENTED_EDGE('',*,*,#6227,.T.);
#6225=ORIENTED_EDGE('',*,*,#6228,.T.);
#6226=ORIENTED_EDGE('',*,*,#6229,.T.);
#6227=EDGE_CURVE('',#216,#364,#6230,.F.);
#6228=EDGE_CURVE('',#364,#360,#6231,.T.);
#6229=EDGE_CURVE('',#360,#216,#6232,.T.);
#6230=LINE('',#215,#6233);
#6231=LINE('',#363,#6234);
#6232=LINE('',#359,#6235);
#6233=VECTOR('',#6236,1.0);
#6234=VECTOR('',#6237,1.0);
#6235=VECTOR('',#6238,1.0);
#6236=DIRECTION('',(-0.9980859798383132,0.04193172921559583,0.04545444901419601));
#6237=DIRECTION('',(0,-0.6780511115359318,-0.7350147550525006));
#6238=DIRECTION('',(1,0,0));
#6239=STYLED_ITEM('',(#25),#6240);
#6240=FACE_SURFACE('',(#6245),#6241,.T.);
#6241=PLANE('',#6242);
#6242=AXIS2_PLACEMENT_3D('',#219,#6243,#6244);
#6243=DIRECTION('',(0,-0.7617261498658543,0.6478991222486277));
#6244=DIRECTION('',(0,0.6478991222486277,0.7617261498658543));
#6245=FACE_BOUND('',#6246,.T.);
#6246=EDGE_LOOP('',(#6247,#6248,#6249));
#6247=ORIENTED_EDGE('',*,*,#6250,.T.);
#6248=ORIENTED_EDGE('',*,*,#6251,.T.);
#6249=ORIENTED_EDGE('',*,*,#6252,.T.);
#6250=EDGE_CURVE('',#220,#216,#6253,.F.);
#6251=EDGE_CURVE('',#216,#360,#6254,.T.);
#6252=EDGE_CURVE('',#360,#220,#6255,.T.);
#6253=LINE('',#219,#6256);
#6254=LINE('',#215,#6257);
#6255=LINE('',#359,#6258);
#6256=VECTOR('',#6259,1.0);
#6257=VECTOR('',#6260,1.0);
#6258=VECTOR('',#6261,1.0);
#6259=DIRECTION('',(0,0.6478991222486277,0.7617261498658543));
#6260=DIRECTION('',(-1,0,0));
#6261=DIRECTION('',(0.9980857940221967,-0.0400690265513977,-0.04710860730593235));
#6262=STYLED_ITEM('',(#25),#6263);
#6263=FACE_SURFACE('',(#6268),#6264,.T.);
#6264=PLANE('',#6265);
#6265=AXIS2_PLACEMENT_3D('',#219,#6266,#6267);
#6266=DIRECTION('',(0,-0.7617261498658543,0.6478991222486277));
#6267=DIRECTION('',(-0.9980857940221967,0.0400690265513977,0.04710860730593235));
#6268=FACE_BOUND('',#6269,.T.);
#6269=EDGE_LOOP('',(#6270,#6271,#6272));
#6270=ORIENTED_EDGE('',*,*,#6273,.T.);
#6271=ORIENTED_EDGE('',*,*,#6274,.T.);
#6272=ORIENTED_EDGE('',*,*,#6275,.T.);
#6273=EDGE_CURVE('',#220,#360,#6276,.F.);
#6274=EDGE_CURVE('',#360,#356,#6277,.T.);
#6275=EDGE_CURVE('',#356,#220,#6278,.T.);
#6276=LINE('',#219,#6279);
#6277=LINE('',#359,#6280);
#6278=LINE('',#355,#6281);
#6279=VECTOR('',#6282,1.0);
#6280=VECTOR('',#6283,1.0);
#6281=VECTOR('',#6284,1.0);
#6282=DIRECTION('',(-0.9980857940221967,0.0400690265513977,0.04710860730593235));
#6283=DIRECTION('',(0,-0.6478991222486277,-0.7617261498658543));
#6284=DIRECTION('',(1,0,0));
#6285=STYLED_ITEM('',(#25),#6286);
#6286=FACE_SURFACE('',(#6291),#6287,.T.);
#6287=PLANE('',#6288);
#6288=AXIS2_PLACEMENT_3D('',#223,#6289,#6290);
#6289=DIRECTION('',(0,-0.7871734840845607,0.6167316320363129));
#6290=DIRECTION('',(0,0.6167316320363128,0.7871734840845606));
#6291=FACE_BOUND('',#6292,.T.);
#6292=EDGE_LOOP('',(#6293,#6294,#6295));
#6293=ORIENTED_EDGE('',*,*,#6296,.T.);
#6294=ORIENTED_EDGE('',*,*,#6297,.T.);
#6295=ORIENTED_EDGE('',*,*,#6298,.T.);
#6296=EDGE_CURVE('',#224,#220,#6299,.F.);
#6297=EDGE_CURVE('',#220,#356,#6300,.T.);
#6298=EDGE_CURVE('',#356,#224,#6301,.T.);
#6299=LINE('',#223,#6302);
#6300=LINE('',#219,#6303);
#6301=LINE('',#355,#6304);
#6302=VECTOR('',#6305,1.0);
#6303=VECTOR('',#6306,1.0);
#6304=VECTOR('',#6307,1.0);
#6305=DIRECTION('',(0,0.6167316320363128,0.7871734840845606));
#6306=DIRECTION('',(-1,0,0));
#6307=DIRECTION('',(0.998086104572364,-0.03813839620074148,-0.04867844075973613));
#6308=STYLED_ITEM('',(#25),#6309);
#6309=FACE_SURFACE('',(#6314),#6310,.T.);
#6310=PLANE('',#6311);
#6311=AXIS2_PLACEMENT_3D('',#223,#6312,#6313);
#6312=DIRECTION('',(0,-0.7871734840845607,0.6167316320363129));
#6313=DIRECTION('',(-0.998086104572364,0.03813839620074148,0.04867844075973613));
#6314=FACE_BOUND('',#6315,.T.);
#6315=EDGE_LOOP('',(#6316,#6317,#6318));
#6316=ORIENTED_EDGE('',*,*,#6319,.T.);
#6317=ORIENTED_EDGE('',*,*,#6320,.T.);
#6318=ORIENTED_EDGE('',*,*,#6321,.T.);
#6319=EDGE_CURVE('',#224,#356,#6322,.F.);
#6320=EDGE_CURVE('',#356,#352,#6323,.T.);
#6321=EDGE_CURVE('',#352,#224,#6324,.T.);
#6322=LINE('',#223,#6325);
#6323=LINE('',#355,#6326);
#6324=LINE('',#351,#6327);
#6325=VECTOR('',#6328,1.0);
#6326=VECTOR('',#6329,1.0);
#6327=VECTOR('',#6330,1.0);
#6328=DIRECTION('',(-0.998086104572364,0.03813839620074148,0.04867844075973613));
#6329=DIRECTION('',(0,-0.6167316320363128,-0.7871734840845606));
#6330=DIRECTION('',(1,0,0));
#6331=STYLED_ITEM('',(#25),#6332);
#6332=FACE_SURFACE('',(#6337),#6333,.T.);
#6333=PLANE('',#6334);
#6334=AXIS2_PLACEMENT_3D('',#227,#6335,#6336);
#6335=DIRECTION('',(0,-0.811381968536976,0.5845162967215384));
#6336=DIRECTION('',(0,0.5845162967215384,0.8113819685369761));
#6337=FACE_BOUND('',#6338,.T.);
#6338=EDGE_LOOP('',(#6339,#6340,#6341));
#6339=ORIENTED_EDGE('',*,*,#6342,.T.);
#6340=ORIENTED_EDGE('',*,*,#6343,.T.);
#6341=ORIENTED_EDGE('',*,*,#6344,.T.);
#6342=EDGE_CURVE('',#228,#224,#6345,.F.);
#6343=EDGE_CURVE('',#224,#352,#6346,.T.);
#6344=EDGE_CURVE('',#352,#228,#6347,.T.);
#6345=LINE('',#227,#6348);
#6346=LINE('',#223,#6349);
#6347=LINE('',#351,#6350);
#6348=VECTOR('',#6351,1.0);
#6349=VECTOR('',#6352,1.0);
#6350=VECTOR('',#6353,1.0);
#6351=DIRECTION('',(0,0.5845162967215384,0.8113819685369761));
#6352=DIRECTION('',(-1,0,0));
#6353=DIRECTION('',(0.9980859153816751,-0.03614799969601789,-0.05017795965062996));
#6354=STYLED_ITEM('',(#25),#6355);
#6355=FACE_SURFACE('',(#6360),#6356,.T.);
#6356=PLANE('',#6357);
#6357=AXIS2_PLACEMENT_3D('',#227,#6358,#6359);
#6358=DIRECTION('',(0,-0.811381968536976,0.5845162967215384));
#6359=DIRECTION('',(-0.9980859153816751,0.03614799969601789,0.05017795965062996));
#6360=FACE_BOUND('',#6361,.T.);
#6361=EDGE_LOOP('',(#6362,#6363,#6364));
#6362=ORIENTED_EDGE('',*,*,#6365,.T.);
#6363=ORIENTED_EDGE('',*,*,#6366,.T.);
#6364=ORIENTED_EDGE('',*,*,#6367,.T.);
#6365=EDGE_CURVE('',#228,#352,#6368,.F.);
#6366=EDGE_CURVE('',#352,#348,#6369,.T.);
#6367=EDGE_CURVE('',#348,#228,#6370,.T.);
#6368=LINE('',#227,#6371);
#6369=LINE('',#351,#6372);
#6370=LINE('',#347,#6373);
#6371=VECTOR('',#6374,1.0);
#6372=VECTOR('',#6375,1.0);
#6373=VECTOR('',#6376,1.0);
#6374=DIRECTION('',(-0.9980859153816751,0.03614799969601789,0.05017795965062996));
#6375=DIRECTION('',(0,-0.5845162967215384,-0.8113819685369761));
#6376=DIRECTION('',(1,0,0));
#6377=STYLED_ITEM('',(#25),#6378);
#6378=FACE_SURFACE('',(#6383),#6379,.T.);
#6379=PLANE('',#6380);
#6380=AXIS2_PLACEMENT_3D('',#231,#6381,#6382);
#6381=DIRECTION('',(0,-0.834264367712186,0.5513646386610102));
#6382=DIRECTION('',(0,0.5513646386610103,0.8342643677121862));
#6383=FACE_BOUND('',#6384,.T.);
#6384=EDGE_LOOP('',(#6385,#6386,#6387));
#6385=ORIENTED_EDGE('',*,*,#6388,.T.);
#6386=ORIENTED_EDGE('',*,*,#6389,.T.);
#6387=ORIENTED_EDGE('',*,*,#6390,.T.);
#6388=EDGE_CURVE('',#232,#228,#6391,.F.);
#6389=EDGE_CURVE('',#228,#348,#6392,.T.);
#6390=EDGE_CURVE('',#348,#232,#6393,.T.);
#6391=LINE('',#231,#6394);
#6392=LINE('',#227,#6395);
#6393=LINE('',#347,#6396);
#6394=VECTOR('',#6397,1.0);
#6395=VECTOR('',#6398,1.0);
#6396=VECTOR('',#6399,1.0);
#6397=DIRECTION('',(0,0.5513646386610103,0.8342643677121862));
#6398=DIRECTION('',(-1,0,0));
#6399=DIRECTION('',(0.9980859099874021,-0.03409786341281988,-0.051593139033209216));
#6400=STYLED_ITEM('',(#25),#6401);
#6401=FACE_SURFACE('',(#6406),#6402,.T.);
#6402=PLANE('',#6403);
#6403=AXIS2_PLACEMENT_3D('',#231,#6404,#6405);
#6404=DIRECTION('',(0,-0.834264367712186,0.5513646386610102));
#6405=DIRECTION('',(-0.9980859099874021,0.03409786341281988,0.051593139033209216));
#6406=FACE_BOUND('',#6407,.T.);
#6407=EDGE_LOOP('',(#6408,#6409,#6410));
#6408=ORIENTED_EDGE('',*,*,#6411,.T.);
#6409=ORIENTED_EDGE('',*,*,#6412,.T.);
#6410=ORIENTED_EDGE('',*,*,#6413,.T.);
#6411=EDGE_CURVE('',#232,#348,#6414,.F.);
#6412=EDGE_CURVE('',#348,#344,#6415,.T.);
#6413=EDGE_CURVE('',#344,#232,#6416,.T.);
#6414=LINE('',#231,#6417);
#6415=LINE('',#347,#6418);
#6416=LINE('',#343,#6419);
#6417=VECTOR('',#6420,1.0);
#6418=VECTOR('',#6421,1.0);
#6419=VECTOR('',#6422,1.0);
#6420=DIRECTION('',(-0.9980859099874021,0.03409786341281988,0.051593139033209216));
#6421=DIRECTION('',(0,-0.5513646386610103,-0.8342643677121862));
#6422=DIRECTION('',(1,0,0));
#6423=STYLED_ITEM('',(#25),#6424);
#6424=FACE_SURFACE('',(#6429),#6425,.T.);
#6425=PLANE('',#6426);
#6426=AXIS2_PLACEMENT_3D('',#235,#6427,#6428);
#6427=DIRECTION('',(0,-0.8557680701339015,0.5173596526008748));
#6428=DIRECTION('',(0,0.5173596526008748,0.8557680701339014));
#6429=FACE_BOUND('',#6430,.T.);
#6430=EDGE_LOOP('',(#6431,#6432,#6433));
#6431=ORIENTED_EDGE('',*,*,#6434,.T.);
#6432=ORIENTED_EDGE('',*,*,#6435,.T.);
#6433=ORIENTED_EDGE('',*,*,#6436,.T.);
#6434=EDGE_CURVE('',#236,#232,#6437,.F.);
#6435=EDGE_CURVE('',#232,#344,#6438,.T.);
#6436=EDGE_CURVE('',#344,#236,#6439,.T.);
#6437=LINE('',#235,#6440);
#6438=LINE('',#231,#6441);
#6439=LINE('',#343,#6442);
#6440=VECTOR('',#6443,1.0);
#6441=VECTOR('',#6444,1.0);
#6442=VECTOR('',#6445,1.0);
#6443=DIRECTION('',(0,0.5173596526008748,0.8557680701339014));
#6444=DIRECTION('',(-1,0,0));
#6445=DIRECTION('',(0.9980861769416955,-0.03199267508415899,-0.05291929835957486));
#6446=STYLED_ITEM('',(#25),#6447);
#6447=FACE_SURFACE('',(#6452),#6448,.T.);
#6448=PLANE('',#6449);
#6449=AXIS2_PLACEMENT_3D('',#235,#6450,#6451);
#6450=DIRECTION('',(0,-0.8557680701339015,0.5173596526008748));
#6451=DIRECTION('',(-0.9980861769416955,0.03199267508415899,0.05291929835957486));
#6452=FACE_BOUND('',#6453,.T.);
#6453=EDGE_LOOP('',(#6454,#6455,#6456));
#6454=ORIENTED_EDGE('',*,*,#6457,.T.);
#6455=ORIENTED_EDGE('',*,*,#6458,.T.);
#6456=ORIENTED_EDGE('',*,*,#6459,.T.);
#6457=EDGE_CURVE('',#236,#344,#6460,.F.);
#6458=EDGE_CURVE('',#344,#340,#6461,.T.);
#6459=EDGE_CURVE('',#340,#236,#6462,.T.);
#6460=LINE('',#235,#6463);
#6461=LINE('',#343,#6464);
#6462=LINE('',#339,#6465);
#6463=VECTOR('',#6466,1.0);
#6464=VECTOR('',#6467,1.0);
#6465=VECTOR('',#6468,1.0);
#6466=DIRECTION('',(-0.9980861769416955,0.03199267508415899,0.05291929835957486));
#6467=DIRECTION('',(0,-0.5173596526008748,-0.8557680701339014));
#6468=DIRECTION('',(1,0,0));
#6469=STYLED_ITEM('',(#25),#6470);
#6470=FACE_SURFACE('',(#6475),#6471,.T.);
#6471=PLANE('',#6472);
#6472=AXIS2_PLACEMENT_3D('',#239,#6473,#6474);
#6473=DIRECTION('',(0,-0.8759277884230853,0.4824422343330263));
#6474=DIRECTION('',(0,0.4824422343330263,0.8759277884230853));
#6475=FACE_BOUND('',#6476,.T.);
#6476=EDGE_LOOP('',(#6477,#6478,#6479));
#6477=ORIENTED_EDGE('',*,*,#6480,.T.);
#6478=ORIENTED_EDGE('',*,*,#6481,.T.);
#6479=ORIENTED_EDGE('',*,*,#6482,.T.);
#6480=EDGE_CURVE('',#240,#236,#6483,.F.);
#6481=EDGE_CURVE('',#236,#340,#6484,.T.);
#6482=EDGE_CURVE('',#340,#240,#6485,.T.);
#6483=LINE('',#239,#6486);
#6484=LINE('',#235,#6487);
#6485=LINE('',#339,#6488);
#6486=VECTOR('',#6489,1.0);
#6487=VECTOR('',#6490,1.0);
#6488=VECTOR('',#6491,1.0);
#6489=DIRECTION('',(0,0.4824422343330263,0.8759277884230853));
#6490=DIRECTION('',(-1,0,0));
#6491=DIRECTION('',(0.9980858580801995,-0.029835921811132014,-0.054170450154968755));
#6492=STYLED_ITEM('',(#25),#6493);
#6493=FACE_SURFACE('',(#6498),#6494,.T.);
#6494=PLANE('',#6495);
#6495=AXIS2_PLACEMENT_3D('',#239,#6496,#6497);
#6496=DIRECTION('',(0,-0.8759277884230853,0.4824422343330263));
#6497=DIRECTION('',(-0.9980858580801995,0.029835921811132014,0.054170450154968755));
#6498=FACE_BOUND('',#6499,.T.);
#6499=EDGE_LOOP('',(#6500,#6501,#6502));
#6500=ORIENTED_EDGE('',*,*,#6503,.T.);
#6501=ORIENTED_EDGE('',*,*,#6504,.T.);
#6502=ORIENTED_EDGE('',*,*,#6505,.T.);
#6503=EDGE_CURVE('',#240,#340,#6506,.F.);
#6504=EDGE_CURVE('',#340,#336,#6507,.T.);
#6505=EDGE_CURVE('',#336,#240,#6508,.T.);
#6506=LINE('',#239,#6509);
#6507=LINE('',#339,#6510);
#6508=LINE('',#335,#6511);
#6509=VECTOR('',#6512,1.0);
#6510=VECTOR('',#6513,1.0);
#6511=VECTOR('',#6514,1.0);
#6512=DIRECTION('',(-0.9980858580801995,0.029835921811132014,0.054170450154968755));
#6513=DIRECTION('',(0,-0.4824422343330263,-0.8759277884230853));
#6514=DIRECTION('',(1,0,0));
#6515=STYLED_ITEM('',(#25),#6516);
#6516=FACE_SURFACE('',(#6521),#6517,.T.);
#6517=PLANE('',#6518);
#6518=AXIS2_PLACEMENT_3D('',#243,#6519,#6520);
#6519=DIRECTION('',(0,-0.8946241245923509,0.44681951132126013));
#6520=DIRECTION('',(0,0.44681951132126013,0.894624124592351));
#6521=FACE_BOUND('',#6522,.T.);
#6522=EDGE_LOOP('',(#6523,#6524,#6525));
#6523=ORIENTED_EDGE('',*,*,#6526,.T.);
#6524=ORIENTED_EDGE('',*,*,#6527,.T.);
#6525=ORIENTED_EDGE('',*,*,#6528,.T.);
#6526=EDGE_CURVE('',#244,#240,#6529,.F.);
#6527=EDGE_CURVE('',#240,#336,#6530,.T.);
#6528=EDGE_CURVE('',#336,#244,#6531,.T.);
#6529=LINE('',#243,#6532);
#6530=LINE('',#239,#6533);
#6531=LINE('',#335,#6534);
#6532=VECTOR('',#6535,1.0);
#6533=VECTOR('',#6536,1.0);
#6534=VECTOR('',#6537,1.0);
#6535=DIRECTION('',(0,0.44681951132126013,0.894624124592351));
#6536=DIRECTION('',(-1,0,0));
#6537=DIRECTION('',(0.9980860985157892,-0.027631153657876124,-0.05532322565672611));
#6538=STYLED_ITEM('',(#25),#6539);
#6539=FACE_SURFACE('',(#6544),#6540,.T.);
#6540=PLANE('',#6541);
#6541=AXIS2_PLACEMENT_3D('',#243,#6542,#6543);
#6542=DIRECTION('',(0,-0.8946241245923509,0.44681951132126013));
#6543=DIRECTION('',(-0.9980860985157892,0.027631153657876124,0.05532322565672611));
#6544=FACE_BOUND('',#6545,.T.);
#6545=EDGE_LOOP('',(#6546,#6547,#6548));
#6546=ORIENTED_EDGE('',*,*,#6549,.T.);
#6547=ORIENTED_EDGE('',*,*,#6550,.T.);
#6548=ORIENTED_EDGE('',*,*,#6551,.T.);
#6549=EDGE_CURVE('',#244,#336,#6552,.F.);
#6550=EDGE_CURVE('',#336,#332,#6553,.T.);
#6551=EDGE_CURVE('',#332,#244,#6554,.T.);
#6552=LINE('',#243,#6555);
#6553=LINE('',#335,#6556);
#6554=LINE('',#331,#6557);
#6555=VECTOR('',#6558,1.0);
#6556=VECTOR('',#6559,1.0);
#6557=VECTOR('',#6560,1.0);
#6558=DIRECTION('',(-0.9980860985157892,0.027631153657876124,0.05532322565672611));
#6559=DIRECTION('',(0,-0.44681951132126013,-0.894624124592351));
#6560=DIRECTION('',(1,0,0));
#6561=STYLED_ITEM('',(#25),#6562);
#6562=FACE_SURFACE('',(#6567),#6563,.T.);
#6563=PLANE('',#6564);
#6564=AXIS2_PLACEMENT_3D('',#247,#6565,#6566);
#6565=DIRECTION('',(0,-0.911907327052918,0.4103961828126603));
#6566=DIRECTION('',(0,0.4103961828126603,0.911907327052918));
#6567=FACE_BOUND('',#6568,.T.);
#6568=EDGE_LOOP('',(#6569,#6570,#6571));
#6569=ORIENTED_EDGE('',*,*,#6572,.T.);
#6570=ORIENTED_EDGE('',*,*,#6573,.T.);
#6571=ORIENTED_EDGE('',*,*,#6574,.T.);
#6572=EDGE_CURVE('',#248,#244,#6575,.F.);
#6573=EDGE_CURVE('',#244,#332,#6576,.T.);
#6574=EDGE_CURVE('',#332,#248,#6577,.T.);
#6575=LINE('',#247,#6578);
#6576=LINE('',#243,#6579);
#6577=LINE('',#331,#6580);
#6578=VECTOR('',#6581,1.0);
#6579=VECTOR('',#6582,1.0);
#6580=VECTOR('',#6583,1.0);
#6581=DIRECTION('',(0,0.4103961828126603,0.911907327052918));
#6582=DIRECTION('',(-1,0,0));
#6583=DIRECTION('',(0.9980858065750411,-0.025380682137648675,-0.056396309167154726));
#6584=STYLED_ITEM('',(#25),#6585);
#6585=FACE_SURFACE('',(#6590),#6586,.T.);
#6586=PLANE('',#6587);
#6587=AXIS2_PLACEMENT_3D('',#247,#6588,#6589);
#6588=DIRECTION('',(0,-0.911907327052918,0.4103961828126603));
#6589=DIRECTION('',(-0.9980858065750411,0.025380682137648675,0.056396309167154726));
#6590=FACE_BOUND('',#6591,.T.);
#6591=EDGE_LOOP('',(#6592,#6593,#6594));
#6592=ORIENTED_EDGE('',*,*,#6595,.T.);
#6593=ORIENTED_EDGE('',*,*,#6596,.T.);
#6594=ORIENTED_EDGE('',*,*,#6597,.T.);
#6595=EDGE_CURVE('',#248,#332,#6598,.F.);
#6596=EDGE_CURVE('',#332,#328,#6599,.T.);
#6597=EDGE_CURVE('',#328,#248,#6600,.T.);
#6598=LINE('',#247,#6601);
#6599=LINE('',#331,#6602);
#6600=LINE('',#327,#6603);
#6601=VECTOR('',#6604,1.0);
#6602=VECTOR('',#6605,1.0);
#6603=VECTOR('',#6606,1.0);
#6604=DIRECTION('',(-0.9980858065750411,0.025380682137648675,0.056396309167154726));
#6605=DIRECTION('',(0,-0.4103961828126603,-0.911907327052918));
#6606=DIRECTION('',(1,0,0));
#6607=STYLED_ITEM('',(#25),#6608);
#6608=FACE_SURFACE('',(#6613),#6609,.T.);
#6609=PLANE('',#6610);
#6610=AXIS2_PLACEMENT_3D('',#251,#6611,#6612);
#6611=DIRECTION('',(0,-0.9276788871007695,0.3733790064096771));
#6612=DIRECTION('',(0,0.3733790064096771,0.9276788871007696));
#6613=FACE_BOUND('',#6614,.T.);
#6614=EDGE_LOOP('',(#6615,#6616,#6617));
#6615=ORIENTED_EDGE('',*,*,#6618,.T.);
#6616=ORIENTED_EDGE('',*,*,#6619,.T.);
#6617=ORIENTED_EDGE('',*,*,#6620,.T.);
#6618=EDGE_CURVE('',#252,#248,#6621,.F.);
#6619=EDGE_CURVE('',#248,#328,#6622,.T.);
#6620=EDGE_CURVE('',#328,#252,#6623,.T.);
#6621=LINE('',#251,#6624);
#6622=LINE('',#247,#6625);
#6623=LINE('',#327,#6626);
#6624=VECTOR('',#6627,1.0);
#6625=VECTOR('',#6628,1.0);
#6626=VECTOR('',#6629,1.0);
#6627=DIRECTION('',(0,0.3733790064096771,0.9276788871007696));
#6628=DIRECTION('',(-1,0,0));
#6629=DIRECTION('',(0.9980861641751483,-0.02308922425458233,-0.0573663368663244));
#6630=STYLED_ITEM('',(#25),#6631);
#6631=FACE_SURFACE('',(#6636),#6632,.T.);
#6632=PLANE('',#6633);
#6633=AXIS2_PLACEMENT_3D('',#251,#6634,#6635);
#6634=DIRECTION('',(0,-0.9276788871007695,0.3733790064096771));
#6635=DIRECTION('',(-0.9980861641751483,0.02308922425458233,0.0573663368663244));
#6636=FACE_BOUND('',#6637,.T.);
#6637=EDGE_LOOP('',(#6638,#6639,#6640));
#6638=ORIENTED_EDGE('',*,*,#6641,.T.);
#6639=ORIENTED_EDGE('',*,*,#6642,.T.);
#6640=ORIENTED_EDGE('',*,*,#6643,.T.);
#6641=EDGE_CURVE('',#252,#328,#6644,.F.);
#6642=EDGE_CURVE('',#328,#324,#6645,.T.);
#6643=EDGE_CURVE('',#324,#252,#6646,.T.);
#6644=LINE('',#251,#6647);
#6645=LINE('',#327,#6648);
#6646=LINE('',#323,#6649);
#6647=VECTOR('',#6650,1.0);
#6648=VECTOR('',#6651,1.0);
#6649=VECTOR('',#6652,1.0);
#6650=DIRECTION('',(-0.9980861641751483,0.02308922425458233,0.0573663368663244));
#6651=DIRECTION('',(0,-0.3733790064096771,-0.9276788871007696));
#6652=DIRECTION('',(1,0,0));
#6653=STYLED_ITEM('',(#25),#6654);
#6654=FACE_SURFACE('',(#6659),#6655,.T.);
#6655=PLANE('',#6656);
#6656=AXIS2_PLACEMENT_3D('',#255,#6657,#6658);
#6657=DIRECTION('',(0,-0.9419671411804496,0.3357050862532931));
#6658=DIRECTION('',(0,0.33570508625329315,0.9419671411804496));
#6659=FACE_BOUND('',#6660,.T.);
#6660=EDGE_LOOP('',(#6661,#6662,#6663));
#6661=ORIENTED_EDGE('',*,*,#6664,.T.);
#6662=ORIENTED_EDGE('',*,*,#6665,.T.);
#6663=ORIENTED_EDGE('',*,*,#6666,.T.);
#6664=EDGE_CURVE('',#256,#252,#6667,.F.);
#6665=EDGE_CURVE('',#252,#324,#6668,.T.);
#6666=EDGE_CURVE('',#324,#256,#6669,.T.);
#6667=LINE('',#255,#6670);
#6668=LINE('',#251,#6671);
#6669=LINE('',#323,#6672);
#6670=VECTOR('',#6673,1.0);
#6671=VECTOR('',#6674,1.0);
#6672=VECTOR('',#6675,1.0);
#6673=DIRECTION('',(0,0.33570508625329315,0.9419671411804496));
#6674=DIRECTION('',(-1,0,0));
#6675=DIRECTION('',(0.9980860269813683,-0.020760266212037106,-0.058251987874687265));
#6676=STYLED_ITEM('',(#25),#6677);
#6677=FACE_SURFACE('',(#6682),#6678,.T.);
#6678=PLANE('',#6679);
#6679=AXIS2_PLACEMENT_3D('',#255,#6680,#6681);
#6680=DIRECTION('',(0,-0.9419671411804496,0.3357050862532931));
#6681=DIRECTION('',(-0.9980860269813683,0.020760266212037106,0.058251987874687265));
#6682=FACE_BOUND('',#6683,.T.);
#6683=EDGE_LOOP('',(#6684,#6685,#6686));
#6684=ORIENTED_EDGE('',*,*,#6687,.T.);
#6685=ORIENTED_EDGE('',*,*,#6688,.T.);
#6686=ORIENTED_EDGE('',*,*,#6689,.T.);
#6687=EDGE_CURVE('',#256,#324,#6690,.F.);
#6688=EDGE_CURVE('',#324,#320,#6691,.T.);
#6689=EDGE_CURVE('',#320,#256,#6692,.T.);
#6690=LINE('',#255,#6693);
#6691=LINE('',#323,#6694);
#6692=LINE('',#319,#6695);
#6693=VECTOR('',#6696,1.0);
#6694=VECTOR('',#6697,1.0);
#6695=VECTOR('',#6698,1.0);
#6696=DIRECTION('',(-0.9980860269813683,0.020760266212037106,0.058251987874687265));
#6697=DIRECTION('',(0,-0.33570508625329315,-0.9419671411804496));
#6698=DIRECTION('',(1,0,0));
#6699=STYLED_ITEM('',(#25),#6700);
#6700=FACE_SURFACE('',(#6705),#6701,.T.);
#6701=PLANE('',#6702);
#6702=AXIS2_PLACEMENT_3D('',#259,#6703,#6704);
#6703=DIRECTION('',(0,-0.9547223469940149,0.29749830276867073));
#6704=DIRECTION('',(0,0.29749830276867073,0.9547223469940149));
#6705=FACE_BOUND('',#6706,.T.);
#6706=EDGE_LOOP('',(#6707,#6708,#6709));
#6707=ORIENTED_EDGE('',*,*,#6710,.T.);
#6708=ORIENTED_EDGE('',*,*,#6711,.T.);
#6709=ORIENTED_EDGE('',*,*,#6712,.T.);
#6710=EDGE_CURVE('',#260,#256,#6713,.F.);
#6711=EDGE_CURVE('',#256,#320,#6714,.T.);
#6712=EDGE_CURVE('',#320,#260,#6715,.T.);
#6713=LINE('',#259,#6716);
#6714=LINE('',#255,#6717);
#6715=LINE('',#319,#6718);
#6716=VECTOR('',#6719,1.0);
#6717=VECTOR('',#6720,1.0);
#6718=VECTOR('',#6721,1.0);
#6719=DIRECTION('',(0,0.29749830276867073,0.9547223469940149));
#6720=DIRECTION('',(-1,0,0));
#6721=DIRECTION('',(0.998085823560558,-0.018398505412196894,-0.05904391421679232));
#6722=STYLED_ITEM('',(#25),#6723);
#6723=FACE_SURFACE('',(#6728),#6724,.T.);
#6724=PLANE('',#6725);
#6725=AXIS2_PLACEMENT_3D('',#259,#6726,#6727);
#6726=DIRECTION('',(0,-0.9547223469940149,0.29749830276867073));
#6727=DIRECTION('',(-0.998085823560558,0.018398505412196894,0.05904391421679232));
#6728=FACE_BOUND('',#6729,.T.);
#6729=EDGE_LOOP('',(#6730,#6731,#6732));
#6730=ORIENTED_EDGE('',*,*,#6733,.T.);
#6731=ORIENTED_EDGE('',*,*,#6734,.T.);
#6732=ORIENTED_EDGE('',*,*,#6735,.T.);
#6733=EDGE_CURVE('',#260,#320,#6736,.F.);
#6734=EDGE_CURVE('',#320,#316,#6737,.T.);
#6735=EDGE_CURVE('',#316,#260,#6738,.T.);
#6736=LINE('',#259,#6739);
#6737=LINE('',#319,#6740);
#6738=LINE('',#315,#6741);
#6739=VECTOR('',#6742,1.0);
#6740=VECTOR('',#6743,1.0);
#6741=VECTOR('',#6744,1.0);
#6742=DIRECTION('',(-0.998085823560558,0.018398505412196894,0.05904391421679232));
#6743=DIRECTION('',(0,-0.29749830276867073,-0.9547223469940149));
#6744=DIRECTION('',(1,0,0));
#6745=STYLED_ITEM('',(#25),#6746);
#6746=FACE_SURFACE('',(#6751),#6747,.T.);
#6747=PLANE('',#6748);
#6748=AXIS2_PLACEMENT_3D('',#263,#6749,#6750);
#6749=DIRECTION('',(0,-0.965926742347108,0.25881562630317306));
#6750=DIRECTION('',(0,0.25881562630317306,0.965926742347108));
#6751=FACE_BOUND('',#6752,.T.);
#6752=EDGE_LOOP('',(#6753,#6754,#6755));
#6753=ORIENTED_EDGE('',*,*,#6756,.T.);
#6754=ORIENTED_EDGE('',*,*,#6757,.T.);
#6755=ORIENTED_EDGE('',*,*,#6758,.T.);
#6756=EDGE_CURVE('',#264,#260,#6759,.F.);
#6757=EDGE_CURVE('',#260,#316,#6760,.T.);
#6758=EDGE_CURVE('',#316,#264,#6761,.T.);
#6759=LINE('',#263,#6762);
#6760=LINE('',#259,#6763);
#6761=LINE('',#315,#6764);
#6762=VECTOR('',#6765,1.0);
#6763=VECTOR('',#6766,1.0);
#6764=VECTOR('',#6767,1.0);
#6765=DIRECTION('',(0,0.25881562630317306,0.965926742347108));
#6766=DIRECTION('',(-1,0,0));
#6767=DIRECTION('',(0.9980860842589016,-0.016005122355704806,-0.05973277548475162));
#6768=STYLED_ITEM('',(#25),#6769);
#6769=FACE_SURFACE('',(#6774),#6770,.T.);
#6770=PLANE('',#6771);
#6771=AXIS2_PLACEMENT_3D('',#263,#6772,#6773);
#6772=DIRECTION('',(0,-0.965926742347108,0.25881562630317306));
#6773=DIRECTION('',(-0.9980860842589016,0.016005122355704806,0.05973277548475162));
#6774=FACE_BOUND('',#6775,.T.);
#6775=EDGE_LOOP('',(#6776,#6777,#6778));
#6776=ORIENTED_EDGE('',*,*,#6779,.T.);
#6777=ORIENTED_EDGE('',*,*,#6780,.T.);
#6778=ORIENTED_EDGE('',*,*,#6781,.T.);
#6779=EDGE_CURVE('',#264,#316,#6782,.F.);
#6780=EDGE_CURVE('',#316,#312,#6783,.T.);
#6781=EDGE_CURVE('',#312,#264,#6784,.T.);
#6782=LINE('',#263,#6785);
#6783=LINE('',#315,#6786);
#6784=LINE('',#311,#6787);
#6785=VECTOR('',#6788,1.0);
#6786=VECTOR('',#6789,1.0);
#6787=VECTOR('',#6790,1.0);
#6788=DIRECTION('',(-0.9980860842589016,0.016005122355704806,0.05973277548475162));
#6789=DIRECTION('',(0,-0.25881562630317306,-0.965926742347108));
#6790=DIRECTION('',(1,0,0));
#6791=STYLED_ITEM('',(#25),#6792);
#6792=FACE_SURFACE('',(#6797),#6793,.T.);
#6793=PLANE('',#6794);
#6794=AXIS2_PLACEMENT_3D('',#267,#6795,#6796);
#6795=DIRECTION('',(0,-0.9755630809370479,0.21971953739395766));
#6796=DIRECTION('',(0,0.21971953739395766,0.9755630809370479));
#6797=FACE_BOUND('',#6798,.T.);
#6798=EDGE_LOOP('',(#6799,#6800,#6801));
#6799=ORIENTED_EDGE('',*,*,#6802,.T.);
#6800=ORIENTED_EDGE('',*,*,#6803,.T.);
#6801=ORIENTED_EDGE('',*,*,#6804,.T.);
#6802=EDGE_CURVE('',#268,#264,#6805,.F.);
#6803=EDGE_CURVE('',#264,#312,#6806,.T.);
#6804=EDGE_CURVE('',#312,#268,#6807,.T.);
#6805=LINE('',#267,#6808);
#6806=LINE('',#263,#6809);
#6807=LINE('',#311,#6810);
#6808=VECTOR('',#6811,1.0);
#6809=VECTOR('',#6812,1.0);
#6810=VECTOR('',#6813,1.0);
#6811=DIRECTION('',(0,0.21971953739395766,0.9755630809370479));
#6812=DIRECTION('',(-1,0,0));
#6813=DIRECTION('',(0.9980858374119739,-0.013588301002081634,-0.06033257191199277));
#6814=STYLED_ITEM('',(#25),#6815);
#6815=FACE_SURFACE('',(#6820),#6816,.T.);
#6816=PLANE('',#6817);
#6817=AXIS2_PLACEMENT_3D('',#267,#6818,#6819);
#6818=DIRECTION('',(0,-0.9755630809370479,0.21971953739395766));
#6819=DIRECTION('',(-0.9980858374119739,0.013588301002081634,0.06033257191199277));
#6820=FACE_BOUND('',#6821,.T.);
#6821=EDGE_LOOP('',(#6822,#6823,#6824));
#6822=ORIENTED_EDGE('',*,*,#6825,.T.);
#6823=ORIENTED_EDGE('',*,*,#6826,.T.);
#6824=ORIENTED_EDGE('',*,*,#6827,.T.);
#6825=EDGE_CURVE('',#268,#312,#6828,.F.);
#6826=EDGE_CURVE('',#312,#308,#6829,.T.);
#6827=EDGE_CURVE('',#308,#268,#6830,.T.);
#6828=LINE('',#267,#6831);
#6829=LINE('',#311,#6832);
#6830=LINE('',#307,#6833);
#6831=VECTOR('',#6834,1.0);
#6832=VECTOR('',#6835,1.0);
#6833=VECTOR('',#6836,1.0);
#6834=DIRECTION('',(-0.9980858374119739,0.013588301002081634,0.06033257191199277));
#6835=DIRECTION('',(0,-0.21971953739395766,-0.9755630809370479));
#6836=DIRECTION('',(1,0,0));
#6837=STYLED_ITEM('',(#25),#6838);
#6838=FACE_SURFACE('',(#6843),#6839,.T.);
#6839=PLANE('',#6840);
#6840=AXIS2_PLACEMENT_3D('',#271,#6841,#6842);
#6841=DIRECTION('',(0,-0.9836213382343876,0.18024722735729523));
#6842=DIRECTION('',(0,0.18024722735729523,0.9836213382343876));
#6843=FACE_BOUND('',#6844,.T.);
#6844=EDGE_LOOP('',(#6845,#6846,#6847));
#6845=ORIENTED_EDGE('',*,*,#6848,.T.);
#6846=ORIENTED_EDGE('',*,*,#6849,.T.);
#6847=ORIENTED_EDGE('',*,*,#6850,.T.);
#6848=EDGE_CURVE('',#272,#268,#6851,.F.);
#6849=EDGE_CURVE('',#268,#308,#6852,.T.);
#6850=EDGE_CURVE('',#308,#272,#6853,.T.);
#6851=LINE('',#271,#6854);
#6852=LINE('',#267,#6855);
#6853=LINE('',#307,#6856);
#6854=VECTOR('',#6857,1.0);
#6855=VECTOR('',#6858,1.0);
#6856=VECTOR('',#6859,1.0);
#6857=DIRECTION('',(0,0.18024722735729523,0.9836213382343876));
#6858=DIRECTION('',(-1,0,0));
#6859=DIRECTION('',(0.9980859400099982,-0.011146883121426077,-0.06082929681523149));
#6860=STYLED_ITEM('',(#25),#6861);
#6861=FACE_SURFACE('',(#6866),#6862,.T.);
#6862=PLANE('',#6863);
#6863=AXIS2_PLACEMENT_3D('',#271,#6864,#6865);
#6864=DIRECTION('',(0,-0.9836213382343876,0.18024722735729523));
#6865=DIRECTION('',(-0.9980859400099982,0.011146883121426077,0.06082929681523149));
#6866=FACE_BOUND('',#6867,.T.);
#6867=EDGE_LOOP('',(#6868,#6869,#6870));
#6868=ORIENTED_EDGE('',*,*,#6871,.T.);
#6869=ORIENTED_EDGE('',*,*,#6872,.T.);
#6870=ORIENTED_EDGE('',*,*,#6873,.T.);
#6871=EDGE_CURVE('',#272,#308,#6874,.F.);
#6872=EDGE_CURVE('',#308,#304,#6875,.T.);
#6873=EDGE_CURVE('',#304,#272,#6876,.T.);
#6874=LINE('',#271,#6877);
#6875=LINE('',#307,#6878);
#6876=LINE('',#303,#6879);
#6877=VECTOR('',#6880,1.0);
#6878=VECTOR('',#6881,1.0);
#6879=VECTOR('',#6882,1.0);
#6880=DIRECTION('',(-0.9980859400099982,0.011146883121426077,0.06082929681523149));
#6881=DIRECTION('',(0,-0.18024722735729523,-0.9836213382343876));
#6882=DIRECTION('',(1,0,0));
#6883=STYLED_ITEM('',(#25),#6884);
#6884=FACE_SURFACE('',(#6889),#6885,.T.);
#6885=PLANE('',#6886);
#6886=AXIS2_PLACEMENT_3D('',#275,#6887,#6888);
#6887=DIRECTION('',(0,-0.9900797831657461,0.14050630934754973));
#6888=DIRECTION('',(0,0.1405063093475497,0.9900797831657461));
#6889=FACE_BOUND('',#6890,.T.);
#6890=EDGE_LOOP('',(#6891,#6892,#6893));
#6891=ORIENTED_EDGE('',*,*,#6894,.T.);
#6892=ORIENTED_EDGE('',*,*,#6895,.T.);
#6893=ORIENTED_EDGE('',*,*,#6896,.T.);
#6894=EDGE_CURVE('',#276,#272,#6897,.F.);
#6895=EDGE_CURVE('',#272,#304,#6898,.T.);
#6896=EDGE_CURVE('',#304,#276,#6899,.T.);
#6897=LINE('',#275,#6900);
#6898=LINE('',#271,#6901);
#6899=LINE('',#303,#6902);
#6900=VECTOR('',#6903,1.0);
#6901=VECTOR('',#6904,1.0);
#6902=VECTOR('',#6905,1.0);
#6903=DIRECTION('',(0,0.1405063093475497,0.9900797831657461));
#6904=DIRECTION('',(-1,0,0));
#6905=DIRECTION('',(0.998086008100037,-0.008689063347541192,-0.0612276131584054));
#6906=STYLED_ITEM('',(#25),#6907);
#6907=FACE_SURFACE('',(#6912),#6908,.T.);
#6908=PLANE('',#6909);
#6909=AXIS2_PLACEMENT_3D('',#275,#6910,#6911);
#6910=DIRECTION('',(0,-0.9900797831657461,0.14050630934754973));
#6911=DIRECTION('',(-0.998086008100037,0.008689063347541192,0.0612276131584054));
#6912=FACE_BOUND('',#6913,.T.);
#6913=EDGE_LOOP('',(#6914,#6915,#6916));
#6914=ORIENTED_EDGE('',*,*,#6917,.T.);
#6915=ORIENTED_EDGE('',*,*,#6918,.T.);
#6916=ORIENTED_EDGE('',*,*,#6919,.T.);
#6917=EDGE_CURVE('',#276,#304,#6920,.F.);
#6918=EDGE_CURVE('',#304,#300,#6921,.T.);
#6919=EDGE_CURVE('',#300,#276,#6922,.T.);
#6920=LINE('',#275,#6923);
#6921=LINE('',#303,#6924);
#6922=LINE('',#299,#6925);
#6923=VECTOR('',#6926,1.0);
#6924=VECTOR('',#6927,1.0);
#6925=VECTOR('',#6928,1.0);
#6926=DIRECTION('',(-0.998086008100037,0.008689063347541192,0.0612276131584054));
#6927=DIRECTION('',(0,-0.1405063093475497,-0.9900797831657461));
#6928=DIRECTION('',(1,0,0));
#6929=STYLED_ITEM('',(#25),#6930);
#6930=FACE_SURFACE('',(#6935),#6931,.T.);
#6931=PLANE('',#6932);
#6932=AXIS2_PLACEMENT_3D('',#279,#6933,#6934);
#6933=DIRECTION('',(0,-0.9949353903279203,0.1005165114447819));
#6934=DIRECTION('',(0,0.10051651144478188,0.9949353903279202));
#6935=FACE_BOUND('',#6936,.T.);
#6936=EDGE_LOOP('',(#6937,#6938,#6939));
#6937=ORIENTED_EDGE('',*,*,#6940,.T.);
#6938=ORIENTED_EDGE('',*,*,#6941,.T.);
#6939=ORIENTED_EDGE('',*,*,#6942,.T.);
#6940=EDGE_CURVE('',#280,#276,#6943,.F.);
#6941=EDGE_CURVE('',#276,#300,#6944,.T.);
#6942=EDGE_CURVE('',#300,#280,#6945,.T.);
#6943=LINE('',#279,#6946);
#6944=LINE('',#275,#6947);
#6945=LINE('',#299,#6948);
#6946=VECTOR('',#6949,1.0);
#6947=VECTOR('',#6950,1.0);
#6948=VECTOR('',#6951,1.0);
#6949=DIRECTION('',(0,0.10051651144478188,0.9949353903279202));
#6950=DIRECTION('',(-1,0,0));
#6951=DIRECTION('',(0.9980860310777572,-0.006216013372448941,-0.061527520226350996));
#6952=STYLED_ITEM('',(#25),#6953);
#6953=FACE_SURFACE('',(#6958),#6954,.T.);
#6954=PLANE('',#6955);
#6955=AXIS2_PLACEMENT_3D('',#279,#6956,#6957);
#6956=DIRECTION('',(0,-0.9949353903279203,0.1005165114447819));
#6957=DIRECTION('',(-0.9980860310777572,0.006216013372448941,0.061527520226350996));
#6958=FACE_BOUND('',#6959,.T.);
#6959=EDGE_LOOP('',(#6960,#6961,#6962));
#6960=ORIENTED_EDGE('',*,*,#6963,.T.);
#6961=ORIENTED_EDGE('',*,*,#6964,.T.);
#6962=ORIENTED_EDGE('',*,*,#6965,.T.);
#6963=EDGE_CURVE('',#280,#300,#6966,.F.);
#6964=EDGE_CURVE('',#300,#296,#6967,.T.);
#6965=EDGE_CURVE('',#296,#280,#6968,.T.);
#6966=LINE('',#279,#6969);
#6967=LINE('',#299,#6970);
#6968=LINE('',#295,#6971);
#6969=VECTOR('',#6972,1.0);
#6970=VECTOR('',#6973,1.0);
#6971=VECTOR('',#6974,1.0);
#6972=DIRECTION('',(-0.9980860310777572,0.006216013372448941,0.061527520226350996));
#6973=DIRECTION('',(0,-0.10051651144478188,-0.9949353903279202));
#6974=DIRECTION('',(1,0,0));
#6975=STYLED_ITEM('',(#25),#6976);
#6976=FACE_SURFACE('',(#6981),#6977,.T.);
#6977=PLANE('',#6978);
#6978=AXIS2_PLACEMENT_3D('',#283,#6979,#6980);
#6979=DIRECTION('',(0,-0.9981758725191509,0.060373235134717484));
#6980=DIRECTION('',(0,0.060373235134717484,0.9981758725191509));
#6981=FACE_BOUND('',#6982,.T.);
#6982=EDGE_LOOP('',(#6983,#6984,#6985));
#6983=ORIENTED_EDGE('',*,*,#6986,.T.);
#6984=ORIENTED_EDGE('',*,*,#6987,.T.);
#6985=ORIENTED_EDGE('',*,*,#6988,.T.);
#6986=EDGE_CURVE('',#284,#280,#6989,.F.);
#6987=EDGE_CURVE('',#280,#296,#6990,.T.);
#6988=EDGE_CURVE('',#296,#284,#6991,.T.);
#6989=LINE('',#283,#6992);
#6990=LINE('',#279,#6993);
#6991=LINE('',#295,#6994);
#6992=VECTOR('',#6995,1.0);
#6993=VECTOR('',#6996,1.0);
#6994=VECTOR('',#6997,1.0);
#6995=DIRECTION('',(0,0.060373235134717484,0.9981758725191509));
#6996=DIRECTION('',(-1,0,0));
#6997=DIRECTION('',(0.9980859627267666,-0.0037335908898106563,-0.06172901511324227));
#6998=STYLED_ITEM('',(#25),#6999);
#6999=FACE_SURFACE('',(#7004),#7000,.T.);
#7000=PLANE('',#7001);
#7001=AXIS2_PLACEMENT_3D('',#283,#7002,#7003);
#7002=DIRECTION('',(0,-0.9981758725191509,0.060373235134717484));
#7003=DIRECTION('',(-0.9980859627267666,0.0037335908898106563,0.06172901511324227));
#7004=FACE_BOUND('',#7005,.T.);
#7005=EDGE_LOOP('',(#7006,#7007,#7008));
#7006=ORIENTED_EDGE('',*,*,#7009,.T.);
#7007=ORIENTED_EDGE('',*,*,#7010,.T.);
#7008=ORIENTED_EDGE('',*,*,#7011,.T.);
#7009=EDGE_CURVE('',#284,#296,#7012,.F.);
#7010=EDGE_CURVE('',#296,#288,#7013,.T.);
#7011=EDGE_CURVE('',#288,#284,#7014,.T.);
#7012=LINE('',#283,#7015);
#7013=LINE('',#295,#7016);
#7014=LINE('',#287,#7017);
#7015=VECTOR('',#7018,1.0);
#7016=VECTOR('',#7019,1.0);
#7017=VECTOR('',#7020,1.0);
#7018=DIRECTION('',(-0.9980859627267666,0.0037335908898106563,0.06172901511324227));
#7019=DIRECTION('',(0,-0.060373235134717484,-0.9981758725191509));
#7020=DIRECTION('',(1,0,0));
#7021=STYLED_ITEM('',(#25),#7022);
#7022=FACE_SURFACE('',(#7027),#7023,.T.);
#7023=PLANE('',#7024);
#7024=AXIS2_PLACEMENT_3D('',#47,#7025,#7026);
#7025=DIRECTION('',(1,0,-0));
#7026=DIRECTION('',(0,0.9718880422564681,0.23544348221789851));
#7027=FACE_BOUND('',#7028,.T.);
#7028=EDGE_LOOP('',(#7029,#7030,#7031));
#7029=ORIENTED_EDGE('',*,*,#7032,.T.);
#7030=ORIENTED_EDGE('',*,*,#7033,.T.);
#7031=ORIENTED_EDGE('',*,*,#7034,.T.);
#7032=EDGE_CURVE('',#48,#44,#7035,.F.);
#7033=EDGE_CURVE('',#44,#66,#7036,.T.);
#7034=EDGE_CURVE('',#66,#48,#7037,.T.);
#7035=LINE('',#47,#7038);
#7036=LINE('',#43,#7039);
#7037=LINE('',#65,#7040);
#7038=VECTOR('',#7041,1.0);
#7039=VECTOR('',#7042,1.0);
#7040=VECTOR('',#7043,1.0);
#7041=DIRECTION('',(0,0.9718880422564681,0.23544348221789851));
#7042=DIRECTION('',(0,-0.9990689954459896,0.04314095894322852));
#7043=DIRECTION('',(0,0.23543479813412627,-0.9718901459668903));
#7044=STYLED_ITEM('',(#25),#7045);
#7045=FACE_SURFACE('',(#7050),#7046,.T.);
#7046=PLANE('',#7047);
#7047=AXIS2_PLACEMENT_3D('',#65,#7048,#7049);
#7048=DIRECTION('',(1,0,0));
#7049=DIRECTION('',(0,0.9990689954459896,-0.04314095894322852));
#7050=FACE_BOUND('',#7051,.T.);
#7051=EDGE_LOOP('',(#7052,#7053,#7054));
#7052=ORIENTED_EDGE('',*,*,#7055,.T.);
#7053=ORIENTED_EDGE('',*,*,#7056,.T.);
#7054=ORIENTED_EDGE('',*,*,#7057,.T.);
#7055=EDGE_CURVE('',#66,#44,#7058,.F.);
#7056=EDGE_CURVE('',#44,#414,#7059,.T.);
#7057=EDGE_CURVE('',#414,#66,#7060,.T.);
#7058=LINE('',#65,#7061);
#7059=LINE('',#43,#7062);
#7060=LINE('',#413,#7063);
#7061=VECTOR('',#7064,1.0);
#7062=VECTOR('',#7065,1.0);
#7063=VECTOR('',#7066,1.0);
#7064=DIRECTION('',(0,0.9990689954459896,-0.04314095894322852));
#7065=DIRECTION('',(0,0.8938572620508235,0.44835164221736196));
#7066=DIRECTION('',(0,-0.9999305520162871,0.011785208712767933));
#7067=STYLED_ITEM('',(#25),#7068);
#7068=FACE_SURFACE('',(#7073),#7069,.T.);
#7069=PLANE('',#7070);
#7070=AXIS2_PLACEMENT_3D('',#65,#7071,#7072);
#7071=DIRECTION('',(1,-0,0));
#7072=DIRECTION('',(0,0.9999305520162871,-0.011785208712767933));
#7073=FACE_BOUND('',#7074,.T.);
#7074=EDGE_LOOP('',(#7075,#7076,#7077));
#7075=ORIENTED_EDGE('',*,*,#7078,.T.);
#7076=ORIENTED_EDGE('',*,*,#7079,.T.);
#7077=ORIENTED_EDGE('',*,*,#7080,.T.);
#7078=EDGE_CURVE('',#66,#414,#7081,.F.);
#7079=EDGE_CURVE('',#414,#416,#7082,.T.);
#7080=EDGE_CURVE('',#416,#66,#7083,.T.);
#7081=LINE('',#65,#7084);
#7082=LINE('',#413,#7085);
#7083=LINE('',#415,#7086);
#7084=VECTOR('',#7087,1.0);
#7085=VECTOR('',#7088,1.0);
#7086=VECTOR('',#7089,1.0);
#7087=DIRECTION('',(0,0.9999305520162871,-0.011785208712767933));
#7088=DIRECTION('',(0,0.8804757354197904,0.47409121415290895));
#7089=DIRECTION('',(0,-0.9998421299892766,-0.01776837354702435));
#7090=STYLED_ITEM('',(#25),#7091);
#7091=FACE_SURFACE('',(#7096),#7092,.T.);
#7092=PLANE('',#7093);
#7093=AXIS2_PLACEMENT_3D('',#415,#7094,#7095);
#7094=DIRECTION('',(1,0,-0));
#7095=DIRECTION('',(0,0.8666294822415439,0.4989522427144243));
#7096=FACE_BOUND('',#7097,.T.);
#7097=EDGE_LOOP('',(#7098,#7099,#7100));
#7098=ORIENTED_EDGE('',*,*,#7101,.T.);
#7099=ORIENTED_EDGE('',*,*,#7102,.T.);
#7100=ORIENTED_EDGE('',*,*,#7103,.T.);
#7101=EDGE_CURVE('',#416,#418,#7104,.F.);
#7102=EDGE_CURVE('',#418,#66,#7105,.T.);
#7103=EDGE_CURVE('',#66,#416,#7106,.T.);
#7104=LINE('',#415,#7107);
#7105=LINE('',#417,#7108);
#7106=LINE('',#65,#7109);
#7107=VECTOR('',#7110,1.0);
#7108=VECTOR('',#7111,1.0);
#7109=VECTOR('',#7112,1.0);
#7110=DIRECTION('',(0,0.8666294822415439,0.4989522427144243));
#7111=DIRECTION('',(0,-0.998953113951785,-0.04574577713879177));
#7112=DIRECTION('',(0,0.9998421299892766,0.01776837354702435));
#7113=STYLED_ITEM('',(#25),#7114);
#7114=FACE_SURFACE('',(#7119),#7115,.T.);
#7115=PLANE('',#7116);
#7116=AXIS2_PLACEMENT_3D('',#65,#7117,#7118);
#7117=DIRECTION('',(1,0,0));
#7118=DIRECTION('',(0,0.998953113951785,0.04574577713879177));
#7119=FACE_BOUND('',#7120,.T.);
#7120=EDGE_LOOP('',(#7121,#7122,#7123));
#7121=ORIENTED_EDGE('',*,*,#7124,.T.);
#7122=ORIENTED_EDGE('',*,*,#7125,.T.);
#7123=ORIENTED_EDGE('',*,*,#7126,.T.);
#7124=EDGE_CURVE('',#66,#418,#7127,.F.);
#7125=EDGE_CURVE('',#418,#420,#7128,.T.);
#7126=EDGE_CURVE('',#420,#66,#7129,.T.);
#7127=LINE('',#65,#7130);
#7128=LINE('',#417,#7131);
#7129=LINE('',#419,#7132);
#7130=VECTOR('',#7133,1.0);
#7131=VECTOR('',#7134,1.0);
#7132=VECTOR('',#7135,1.0);
#7133=DIRECTION('',(0,0.998953113951785,0.04574577713879177));
#7134=DIRECTION('',(0,0.8524503582828984,0.5228081738681578));
#7135=DIRECTION('',(0,-0.9973815876651995,-0.07231852173852775));
#7136=STYLED_ITEM('',(#25),#7137);
#7137=FACE_SURFACE('',(#7142),#7138,.T.);
#7138=PLANE('',#7139);
#7139=AXIS2_PLACEMENT_3D('',#65,#7140,#7141);
#7140=DIRECTION('',(1,0,-0));
#7141=DIRECTION('',(0,0.9973815876651995,0.07231852173852775));
#7142=FACE_BOUND('',#7143,.T.);
#7143=EDGE_LOOP('',(#7144,#7145,#7146));
#7144=ORIENTED_EDGE('',*,*,#7147,.T.);
#7145=ORIENTED_EDGE('',*,*,#7148,.T.);
#7146=ORIENTED_EDGE('',*,*,#7149,.T.);
#7147=EDGE_CURVE('',#66,#420,#7150,.F.);
#7148=EDGE_CURVE('',#420,#422,#7151,.T.);
#7149=EDGE_CURVE('',#422,#66,#7152,.T.);
#7150=LINE('',#65,#7153);
#7151=LINE('',#419,#7154);
#7152=LINE('',#421,#7155);
#7153=VECTOR('',#7156,1.0);
#7154=VECTOR('',#7157,1.0);
#7155=VECTOR('',#7158,1.0);
#7156=DIRECTION('',(0,0.9973815876651995,0.07231852173852775));
#7157=DIRECTION('',(0,-0.8901770392707637,0.4556147920723571));
#7158=DIRECTION('',(0,0.6786031458742651,-0.7345051193896138));
#7159=STYLED_ITEM('',(#25),#7160);
#7160=FACE_SURFACE('',(#7165),#7161,.T.);
#7161=PLANE('',#7162);
#7162=AXIS2_PLACEMENT_3D('',#421,#7163,#7164);
#7163=DIRECTION('',(1,0,0));
#7164=DIRECTION('',(0,0.8901770392707637,-0.4556147920723571));
#7165=FACE_BOUND('',#7166,.T.);
#7166=EDGE_LOOP('',(#7167,#7168,#7169));
#7167=ORIENTED_EDGE('',*,*,#7170,.T.);
#7168=ORIENTED_EDGE('',*,*,#7171,.T.);
#7169=ORIENTED_EDGE('',*,*,#7172,.T.);
#7170=EDGE_CURVE('',#422,#420,#7173,.F.);
#7171=EDGE_CURVE('',#420,#424,#7174,.T.);
#7172=EDGE_CURVE('',#424,#422,#7175,.T.);
#7173=LINE('',#421,#7176);
#7174=LINE('',#419,#7177);
#7175=LINE('',#423,#7178);
#7176=VECTOR('',#7179,1.0);
#7177=VECTOR('',#7180,1.0);
#7178=VECTOR('',#7181,1.0);
#7179=DIRECTION('',(0,0.8901770392707637,-0.4556147920723571));
#7180=DIRECTION('',(0,0.7189285150233007,0.695084016710492));
#7181=DIRECTION('',(0,-0.992521999487243,0.1220658860363758));
#7182=STYLED_ITEM('',(#25),#7183);
#7183=FACE_SURFACE('',(#7188),#7184,.T.);
#7184=PLANE('',#7185);
#7185=AXIS2_PLACEMENT_3D('',#421,#7186,#7187);
#7186=DIRECTION('',(1,-0,0));
#7187=DIRECTION('',(0,0.992521999487243,-0.1220658860363758));
#7188=FACE_BOUND('',#7189,.T.);
#7189=EDGE_LOOP('',(#7190,#7191,#7192));
#7190=ORIENTED_EDGE('',*,*,#7193,.T.);
#7191=ORIENTED_EDGE('',*,*,#7194,.T.);
#7192=ORIENTED_EDGE('',*,*,#7195,.T.);
#7193=EDGE_CURVE('',#422,#424,#7196,.F.);
#7194=EDGE_CURVE('',#424,#286,#7197,.T.);
#7195=EDGE_CURVE('',#286,#422,#7198,.T.);
#7196=LINE('',#421,#7199);
#7197=LINE('',#423,#7200);
#7198=LINE('',#285,#7201);
#7199=VECTOR('',#7202,1.0);
#7200=VECTOR('',#7203,1.0);
#7201=VECTOR('',#7204,1.0);
#7202=DIRECTION('',(0,0.992521999487243,-0.1220658860363758));
#7203=DIRECTION('',(0,-0.9603339437978853,0.27885249934257367));
#7204=DIRECTION('',(0,0,-1));
#7205=STYLED_ITEM('',(#25),#7206);
#7206=FACE_SURFACE('',(#7211),#7207,.T.);
#7207=PLANE('',#7208);
#7208=AXIS2_PLACEMENT_3D('',#285,#7209,#7210);
#7209=DIRECTION('',(1,0,0));
#7210=DIRECTION('',(0,0.9603339437978853,-0.27885249934257367));
#7211=FACE_BOUND('',#7212,.T.);
#7212=EDGE_LOOP('',(#7213,#7214,#7215));
#7213=ORIENTED_EDGE('',*,*,#7216,.T.);
#7214=ORIENTED_EDGE('',*,*,#7217,.T.);
#7215=ORIENTED_EDGE('',*,*,#7218,.T.);
#7216=EDGE_CURVE('',#286,#424,#7219,.F.);
#7217=EDGE_CURVE('',#424,#426,#7220,.T.);
#7218=EDGE_CURVE('',#426,#286,#7221,.T.);
#7219=LINE('',#285,#7222);
#7220=LINE('',#423,#7223);
#7221=LINE('',#425,#7224);
#7222=VECTOR('',#7225,1.0);
#7223=VECTOR('',#7226,1.0);
#7224=VECTOR('',#7227,1.0);
#7225=DIRECTION('',(0,0.9603339437978853,-0.27885249934257367));
#7226=DIRECTION('',(0,0.588409205589457,0.8085632979412214));
#7227=DIRECTION('',(0,-0.9671416643852293,0.2542380793865633));
#7228=STYLED_ITEM('',(#25),#7229);
#7229=FACE_SURFACE('',(#7234),#7230,.T.);
#7230=PLANE('',#7231);
#7231=AXIS2_PLACEMENT_3D('',#285,#7232,#7233);
#7232=DIRECTION('',(1,0,0));
#7233=DIRECTION('',(0,0.9671416643852293,-0.2542380793865633));
#7234=FACE_BOUND('',#7235,.T.);
#7235=EDGE_LOOP('',(#7236,#7237,#7238));
#7236=ORIENTED_EDGE('',*,*,#7239,.T.);
#7237=ORIENTED_EDGE('',*,*,#7240,.T.);
#7238=ORIENTED_EDGE('',*,*,#7241,.T.);
#7239=EDGE_CURVE('',#286,#426,#7242,.F.);
#7240=EDGE_CURVE('',#426,#428,#7243,.T.);
#7241=EDGE_CURVE('',#428,#286,#7244,.T.);
#7242=LINE('',#285,#7245);
#7243=LINE('',#425,#7246);
#7244=LINE('',#427,#7247);
#7245=VECTOR('',#7248,1.0);
#7246=VECTOR('',#7249,1.0);
#7247=VECTOR('',#7250,1.0);
#7248=DIRECTION('',(0,0.9671416643852293,-0.2542380793865633));
#7249=DIRECTION('',(0,0.5731056083598224,0.819481520027461));
#7250=DIRECTION('',(0,-0.9732817253979471,0.22961420471389654));
#7251=STYLED_ITEM('',(#25),#7252);
#7252=FACE_SURFACE('',(#7257),#7253,.T.);
#7253=PLANE('',#7254);
#7254=AXIS2_PLACEMENT_3D('',#429,#7255,#7256);
#7255=DIRECTION('',(1,0,0));
#7256=DIRECTION('',(0,-0.9697816761066128,0.24397438531093543));
#7257=FACE_BOUND('',#7258,.T.);
#7258=EDGE_LOOP('',(#7259,#7260,#7261));
#7259=ORIENTED_EDGE('',*,*,#7262,.T.);
#7260=ORIENTED_EDGE('',*,*,#7263,.T.);
#7261=ORIENTED_EDGE('',*,*,#7264,.T.);
#7262=EDGE_CURVE('',#430,#278,#7265,.F.);
#7263=EDGE_CURVE('',#278,#428,#7266,.T.);
#7264=EDGE_CURVE('',#428,#430,#7267,.T.);
#7265=LINE('',#429,#7268);
#7266=LINE('',#277,#7269);
#7267=LINE('',#427,#7270);
#7268=VECTOR('',#7271,1.0);
#7269=VECTOR('',#7272,1.0);
#7270=VECTOR('',#7273,1.0);
#7271=DIRECTION('',(0,-0.9697816761066128,0.24397438531093543));
#7272=DIRECTION('',(0,0.9632839820592087,-0.26848458039178735));
#7273=DIRECTION('',(0,0.5583718048539423,0.8295908193465926));
#7274=STYLED_ITEM('',(#25),#7275);
#7275=FACE_SURFACE('',(#7280),#7276,.T.);
#7276=PLANE('',#7277);
#7277=AXIS2_PLACEMENT_3D('',#427,#7278,#7279);
#7278=DIRECTION('',(1,0,0));
#7279=DIRECTION('',(0,-0.9632839820592087,0.26848458039178735));
#7280=FACE_BOUND('',#7281,.T.);
#7281=EDGE_LOOP('',(#7282,#7283,#7284));
#7282=ORIENTED_EDGE('',*,*,#7285,.T.);
#7283=ORIENTED_EDGE('',*,*,#7286,.T.);
#7284=ORIENTED_EDGE('',*,*,#7287,.T.);
#7285=EDGE_CURVE('',#428,#278,#7288,.F.);
#7286=EDGE_CURVE('',#278,#282,#7289,.T.);
#7287=EDGE_CURVE('',#282,#428,#7290,.T.);
#7288=LINE('',#427,#7291);
#7289=LINE('',#277,#7292);
#7290=LINE('',#281,#7293);
#7291=VECTOR('',#7294,1.0);
#7292=VECTOR('',#7295,1.0);
#7293=VECTOR('',#7296,1.0);
#7294=DIRECTION('',(0,-0.9632839820592087,0.26848458039178735));
#7295=DIRECTION('',(0,-0.060373235134717484,-0.9981758725191509));
#7296=DIRECTION('',(0,0.968478030230488,-0.2490989862702658));
#7297=STYLED_ITEM('',(#25),#7298);
#7298=FACE_SURFACE('',(#7303),#7299,.T.);
#7299=PLANE('',#7300);
#7300=AXIS2_PLACEMENT_3D('',#427,#7301,#7302);
#7301=DIRECTION('',(1,0,0));
#7302=DIRECTION('',(0,-0.968478030230488,0.2490989862702658));
#7303=FACE_BOUND('',#7304,.T.);
#7304=EDGE_LOOP('',(#7305,#7306,#7307));
#7305=ORIENTED_EDGE('',*,*,#7308,.T.);
#7306=ORIENTED_EDGE('',*,*,#7309,.T.);
#7307=ORIENTED_EDGE('',*,*,#7310,.T.);
#7308=EDGE_CURVE('',#428,#282,#7311,.F.);
#7309=EDGE_CURVE('',#282,#286,#7312,.T.);
#7310=EDGE_CURVE('',#286,#428,#7313,.T.);
#7311=LINE('',#427,#7314);
#7312=LINE('',#281,#7315);
#7313=LINE('',#285,#7316);
#7314=VECTOR('',#7317,1.0);
#7315=VECTOR('',#7318,1.0);
#7316=VECTOR('',#7319,1.0);
#7317=DIRECTION('',(0,-0.968478030230488,0.2490989862702658));
#7318=DIRECTION('',(0,-0.020137646689886952,-0.9997972170324306));
#7319=DIRECTION('',(0,0.9732817253979471,-0.22961420471389654));
#7320=STYLED_ITEM('',(#25),#7321);
#7321=FACE_SURFACE('',(#7326),#7322,.T.);
#7322=PLANE('',#7323);
#7323=AXIS2_PLACEMENT_3D('',#431,#7324,#7325);
#7324=DIRECTION('',(1,0,0));
#7325=DIRECTION('',(0,-0.5766870670096924,0.816965131902065));
#7326=FACE_BOUND('',#7327,.T.);
#7327=EDGE_LOOP('',(#7328,#7329,#7330));
#7328=ORIENTED_EDGE('',*,*,#7331,.T.);
#7329=ORIENTED_EDGE('',*,*,#7332,.T.);
#7330=ORIENTED_EDGE('',*,*,#7333,.T.);
#7331=EDGE_CURVE('',#432,#162,#7334,.F.);
#7332=EDGE_CURVE('',#162,#430,#7335,.T.);
#7333=EDGE_CURVE('',#430,#432,#7336,.T.);
#7334=LINE('',#431,#7337);
#7335=LINE('',#161,#7338);
#7336=LINE('',#429,#7339);
#7337=VECTOR('',#7340,1.0);
#7338=VECTOR('',#7341,1.0);
#7339=VECTOR('',#7342,1.0);
#7340=DIRECTION('',(0,-0.5766870670096924,0.816965131902065));
#7341=DIRECTION('',(0,0.5524292324770631,-0.8335598017567802));
#7342=DIRECTION('',(0,0.5441916493516747,0.8389609339986599));
#7343=STYLED_ITEM('',(#25),#7344);
#7344=FACE_SURFACE('',(#7349),#7345,.T.);
#7345=PLANE('',#7346);
#7346=AXIS2_PLACEMENT_3D('',#429,#7347,#7348);
#7347=DIRECTION('',(1,0,0));
#7348=DIRECTION('',(0,-0.5524292324770631,0.8335598017567802));
#7349=FACE_BOUND('',#7350,.T.);
#7350=EDGE_LOOP('',(#7351,#7352,#7353));
#7351=ORIENTED_EDGE('',*,*,#7354,.T.);
#7352=ORIENTED_EDGE('',*,*,#7355,.T.);
#7353=ORIENTED_EDGE('',*,*,#7356,.T.);
#7354=EDGE_CURVE('',#430,#162,#7357,.F.);
#7355=EDGE_CURVE('',#162,#164,#7358,.T.);
#7356=EDGE_CURVE('',#164,#430,#7359,.T.);
#7357=LINE('',#429,#7360);
#7358=LINE('',#161,#7361);
#7359=LINE('',#163,#7362);
#7360=VECTOR('',#7363,1.0);
#7361=VECTOR('',#7364,1.0);
#7362=VECTOR('',#7365,1.0);
#7363=DIRECTION('',(0,-0.5524292324770631,0.8335598017567802));
#7364=DIRECTION('',(0,-0.9997968508324033,-0.020155819646172215));
#7365=DIRECTION('',(0,0.5689306227371473,-0.8223855218277629));
#7366=STYLED_ITEM('',(#25),#7367);
#7367=FACE_SURFACE('',(#7372),#7368,.T.);
#7368=PLANE('',#7369);
#7369=AXIS2_PLACEMENT_3D('',#429,#7370,#7371);
#7370=DIRECTION('',(1,0,0));
#7371=DIRECTION('',(0,-0.5689306227371473,0.8223855218277629));
#7372=FACE_BOUND('',#7373,.T.);
#7373=EDGE_LOOP('',(#7374,#7375,#7376));
#7374=ORIENTED_EDGE('',*,*,#7377,.T.);
#7375=ORIENTED_EDGE('',*,*,#7378,.T.);
#7376=ORIENTED_EDGE('',*,*,#7379,.T.);
#7377=EDGE_CURVE('',#430,#164,#7380,.F.);
#7378=EDGE_CURVE('',#164,#166,#7381,.T.);
#7379=EDGE_CURVE('',#166,#430,#7382,.T.);
#7380=LINE('',#429,#7383);
#7381=LINE('',#163,#7384);
#7382=LINE('',#165,#7385);
#7383=VECTOR('',#7386,1.0);
#7384=VECTOR('',#7387,1.0);
#7385=VECTOR('',#7388,1.0);
#7386=DIRECTION('',(0,-0.5689306227371473,0.8223855218277629));
#7387=DIRECTION('',(0,-0.9981747307421617,-0.06039210964863758));
#7388=DIRECTION('',(0,0.5852101253092825,-0.8108816863362335));
#7389=STYLED_ITEM('',(#25),#7390);
#7390=FACE_SURFACE('',(#7395),#7391,.T.);
#7391=PLANE('',#7392);
#7392=AXIS2_PLACEMENT_3D('',#431,#7393,#7394);
#7393=DIRECTION('',(1,0,-0));
#7394=DIRECTION('',(0,0.5305472068325059,0.8476553906642879));
#7395=FACE_BOUND('',#7396,.T.);
#7396=EDGE_LOOP('',(#7397,#7398,#7399));
#7397=ORIENTED_EDGE('',*,*,#7400,.T.);
#7398=ORIENTED_EDGE('',*,*,#7401,.T.);
#7399=ORIENTED_EDGE('',*,*,#7402,.T.);
#7400=EDGE_CURVE('',#432,#434,#7403,.F.);
#7401=EDGE_CURVE('',#434,#162,#7404,.T.);
#7402=EDGE_CURVE('',#162,#432,#7405,.T.);
#7403=LINE('',#431,#7406);
#7404=LINE('',#433,#7407);
#7405=LINE('',#161,#7408);
#7406=VECTOR('',#7409,1.0);
#7407=VECTOR('',#7410,1.0);
#7408=VECTOR('',#7411,1.0);
#7409=DIRECTION('',(0,0.5305472068325059,0.8476553906642879));
#7410=DIRECTION('',(0,-0.600952145471444,0.7992850047719328));
#7411=DIRECTION('',(0,0.5766870670096924,-0.816965131902065));
#7412=STYLED_ITEM('',(#25),#7413);
#7413=FACE_SURFACE('',(#7418),#7414,.T.);
#7414=PLANE('',#7415);
#7415=AXIS2_PLACEMENT_3D('',#161,#7416,#7417);
#7416=DIRECTION('',(1,0,0));
#7417=DIRECTION('',(0,0.600952145471444,-0.7992850047719328));
#7418=FACE_BOUND('',#7419,.T.);
#7419=EDGE_LOOP('',(#7420,#7421,#7422));
#7420=ORIENTED_EDGE('',*,*,#7423,.T.);
#7421=ORIENTED_EDGE('',*,*,#7424,.T.);
#7422=ORIENTED_EDGE('',*,*,#7425,.T.);
#7423=EDGE_CURVE('',#162,#434,#7426,.F.);
#7424=EDGE_CURVE('',#434,#436,#7427,.T.);
#7425=EDGE_CURVE('',#436,#162,#7428,.T.);
#7426=LINE('',#161,#7429);
#7427=LINE('',#433,#7430);
#7428=LINE('',#435,#7431);
#7429=VECTOR('',#7432,1.0);
#7430=VECTOR('',#7433,1.0);
#7431=VECTOR('',#7434,1.0);
#7432=DIRECTION('',(0,0.600952145471444,-0.7992850047719328));
#7433=DIRECTION('',(0,0.5174193389091943,0.8557319835805907));
#7434=DIRECTION('',(0,-0.6251618773906085,0.7804951166134544));
#7435=STYLED_ITEM('',(#25),#7436);
#7436=FACE_SURFACE('',(#7441),#7437,.T.);
#7437=PLANE('',#7438);
#7438=AXIS2_PLACEMENT_3D('',#161,#7439,#7440);
#7439=DIRECTION('',(1,0,0));
#7440=DIRECTION('',(0,0.6251618773906085,-0.7804951166134544));
#7441=FACE_BOUND('',#7442,.T.);
#7442=EDGE_LOOP('',(#7443,#7444,#7445));
#7443=ORIENTED_EDGE('',*,*,#7446,.T.);
#7444=ORIENTED_EDGE('',*,*,#7447,.T.);
#7445=ORIENTED_EDGE('',*,*,#7448,.T.);
#7446=EDGE_CURVE('',#162,#436,#7449,.F.);
#7447=EDGE_CURVE('',#436,#438,#7450,.T.);
#7448=EDGE_CURVE('',#438,#162,#7451,.T.);
#7449=LINE('',#161,#7452);
#7450=LINE('',#435,#7453);
#7451=LINE('',#437,#7454);
#7452=VECTOR('',#7455,1.0);
#7453=VECTOR('',#7456,1.0);
#7454=VECTOR('',#7457,1.0);
#7455=DIRECTION('',(0,0.6251618773906085,-0.7804951166134544));
#7456=DIRECTION('',(0,0.5047775981218992,0.863249428864153));
#7457=DIRECTION('',(0,-0.649245885191243,0.7605785827659357));
#7458=STYLED_ITEM('',(#25),#7459);
#7459=FACE_SURFACE('',(#7464),#7460,.T.);
#7460=PLANE('',#7461);
#7461=AXIS2_PLACEMENT_3D('',#437,#7462,#7463);
#7462=DIRECTION('',(1,0,-0));
#7463=DIRECTION('',(0,0.49263629732542197,0.8702353006845324));
#7464=FACE_BOUND('',#7465,.T.);
#7465=EDGE_LOOP('',(#7466,#7467,#7468));
#7466=ORIENTED_EDGE('',*,*,#7469,.T.);
#7467=ORIENTED_EDGE('',*,*,#7470,.T.);
#7468=ORIENTED_EDGE('',*,*,#7471,.T.);
#7469=EDGE_CURVE('',#438,#440,#7472,.F.);
#7470=EDGE_CURVE('',#440,#162,#7473,.T.);
#7471=EDGE_CURVE('',#162,#438,#7474,.T.);
#7472=LINE('',#437,#7475);
#7473=LINE('',#439,#7476);
#7474=LINE('',#161,#7477);
#7475=VECTOR('',#7478,1.0);
#7476=VECTOR('',#7479,1.0);
#7477=VECTOR('',#7480,1.0);
#7478=DIRECTION('',(0,0.49263629732542197,0.8702353006845324));
#7479=DIRECTION('',(0,-0.673126096998216,0.7395277260116407));
#7480=DIRECTION('',(0,0.649245885191243,-0.7605785827659357));
#7481=STYLED_ITEM('',(#25),#7482);
#7482=FACE_SURFACE('',(#7487),#7483,.T.);
#7483=PLANE('',#7484);
#7484=AXIS2_PLACEMENT_3D('',#161,#7485,#7486);
#7485=DIRECTION('',(1,0,0));
#7486=DIRECTION('',(0,0.673126096998216,-0.7395277260116407));
#7487=FACE_BOUND('',#7488,.T.);
#7488=EDGE_LOOP('',(#7489,#7490,#7491));
#7489=ORIENTED_EDGE('',*,*,#7492,.T.);
#7490=ORIENTED_EDGE('',*,*,#7493,.T.);
#7491=ORIENTED_EDGE('',*,*,#7494,.T.);
#7492=EDGE_CURVE('',#162,#440,#7495,.F.);
#7493=EDGE_CURVE('',#440,#442,#7496,.T.);
#7494=EDGE_CURVE('',#442,#162,#7497,.T.);
#7495=LINE('',#161,#7498);
#7496=LINE('',#439,#7499);
#7497=LINE('',#441,#7500);
#7498=VECTOR('',#7501,1.0);
#7499=VECTOR('',#7502,1.0);
#7500=VECTOR('',#7503,1.0);
#7501=DIRECTION('',(0,0.673126096998216,-0.7395277260116407));
#7502=DIRECTION('',(0,0.48093699529101064,0.8767551577039364));
#7503=DIRECTION('',(0,-0.6967202560962696,0.7173429338504342));
#7504=STYLED_ITEM('',(#25),#7505);
#7505=FACE_SURFACE('',(#7510),#7506,.T.);
#7506=PLANE('',#7507);
#7507=AXIS2_PLACEMENT_3D('',#161,#7508,#7509);
#7508=DIRECTION('',(1,0,0));
#7509=DIRECTION('',(0,0.6967202560962696,-0.7173429338504342));
#7510=FACE_BOUND('',#7511,.T.);
#7511=EDGE_LOOP('',(#7512,#7513,#7514));
#7512=ORIENTED_EDGE('',*,*,#7515,.T.);
#7513=ORIENTED_EDGE('',*,*,#7516,.T.);
#7514=ORIENTED_EDGE('',*,*,#7517,.T.);
#7515=EDGE_CURVE('',#162,#442,#7518,.F.);
#7516=EDGE_CURVE('',#442,#444,#7519,.T.);
#7517=EDGE_CURVE('',#444,#162,#7520,.T.);
#7518=LINE('',#161,#7521);
#7519=LINE('',#441,#7522);
#7520=LINE('',#443,#7523);
#7521=VECTOR('',#7524,1.0);
#7522=VECTOR('',#7525,1.0);
#7523=VECTOR('',#7526,1.0);
#7524=DIRECTION('',(0,0.6967202560962696,-0.7173429338504342));
#7525=DIRECTION('',(0,0.4696640194889978,0.8828452349066842));
#7526=DIRECTION('',(0,-0.7199379010532347,0.6940384849754824));
#7527=STYLED_ITEM('',(#25),#7528);
#7528=FACE_SURFACE('',(#7533),#7529,.T.);
#7529=PLANE('',#7530);
#7530=AXIS2_PLACEMENT_3D('',#443,#7531,#7532);
#7531=DIRECTION('',(1,0,-0));
#7532=DIRECTION('',(0,0.45881592037652835,0.8885313450908972));
#7533=FACE_BOUND('',#7534,.T.);
#7534=EDGE_LOOP('',(#7535,#7536,#7537));
#7535=ORIENTED_EDGE('',*,*,#7538,.T.);
#7536=ORIENTED_EDGE('',*,*,#7539,.T.);
#7537=ORIENTED_EDGE('',*,*,#7540,.T.);
#7538=EDGE_CURVE('',#444,#446,#7541,.F.);
#7539=EDGE_CURVE('',#446,#162,#7542,.T.);
#7540=EDGE_CURVE('',#162,#444,#7543,.T.);
#7541=LINE('',#443,#7544);
#7542=LINE('',#445,#7545);
#7543=LINE('',#161,#7546);
#7544=VECTOR('',#7547,1.0);
#7545=VECTOR('',#7548,1.0);
#7546=VECTOR('',#7549,1.0);
#7547=DIRECTION('',(0,0.45881592037652835,0.8885313450908972));
#7548=DIRECTION('',(0,-0.7426880005261306,0.6696376138438597));
#7549=DIRECTION('',(0,0.7199379010532347,-0.6940384849754824));
#7550=STYLED_ITEM('',(#25),#7551);
#7551=FACE_SURFACE('',(#7556),#7552,.T.);
#7552=PLANE('',#7553);
#7553=AXIS2_PLACEMENT_3D('',#161,#7554,#7555);
#7554=DIRECTION('',(1,0,0));
#7555=DIRECTION('',(0,0.7426880005261306,-0.6696376138438597));
#7556=FACE_BOUND('',#7557,.T.);
#7557=EDGE_LOOP('',(#7558,#7559,#7560));
#7558=ORIENTED_EDGE('',*,*,#7561,.T.);
#7559=ORIENTED_EDGE('',*,*,#7562,.T.);
#7560=ORIENTED_EDGE('',*,*,#7563,.T.);
#7561=EDGE_CURVE('',#162,#446,#7564,.F.);
#7562=EDGE_CURVE('',#446,#448,#7565,.T.);
#7563=EDGE_CURVE('',#448,#162,#7566,.T.);
#7564=LINE('',#161,#7567);
#7565=LINE('',#445,#7568);
#7566=LINE('',#447,#7569);
#7567=VECTOR('',#7570,1.0);
#7568=VECTOR('',#7571,1.0);
#7569=VECTOR('',#7572,1.0);
#7570=DIRECTION('',(0,0.7426880005261306,-0.6696376138438597));
#7571=DIRECTION('',(0,0.4483759799452628,0.8938450540267732));
#7572=DIRECTION('',(0,-0.764872738598534,0.6441814136939832));
#7573=STYLED_ITEM('',(#25),#7574);
#7574=FACE_SURFACE('',(#7579),#7575,.T.);
#7575=PLANE('',#7576);
#7576=AXIS2_PLACEMENT_3D('',#161,#7577,#7578);
#7577=DIRECTION('',(1,0,0));
#7578=DIRECTION('',(0,0.764872738598534,-0.6441814136939832));
#7579=FACE_BOUND('',#7580,.T.);
#7580=EDGE_LOOP('',(#7581,#7582,#7583));
#7581=ORIENTED_EDGE('',*,*,#7584,.T.);
#7582=ORIENTED_EDGE('',*,*,#7585,.T.);
#7583=ORIENTED_EDGE('',*,*,#7586,.T.);
#7584=EDGE_CURVE('',#162,#448,#7587,.F.);
#7585=EDGE_CURVE('',#448,#450,#7588,.T.);
#7586=EDGE_CURVE('',#450,#162,#7589,.T.);
#7587=LINE('',#161,#7590);
#7588=LINE('',#447,#7591);
#7589=LINE('',#449,#7592);
#7590=VECTOR('',#7593,1.0);
#7591=VECTOR('',#7594,1.0);
#7592=VECTOR('',#7595,1.0);
#7593=DIRECTION('',(0,0.764872738598534,-0.6441814136939832));
#7594=DIRECTION('',(0,0.43831203359912396,0.8988228753220516));
#7595=DIRECTION('',(0,-0.7863977828394378,0.6177204279811511));
#7596=STYLED_ITEM('',(#25),#7597);
#7597=FACE_SURFACE('',(#7602),#7598,.T.);
#7598=PLANE('',#7599);
#7599=AXIS2_PLACEMENT_3D('',#449,#7600,#7601);
#7600=DIRECTION('',(1,0,-0));
#7601=DIRECTION('',(0,0.4285724751574403,0.903507406465174));
#7602=FACE_BOUND('',#7603,.T.);
#7603=EDGE_LOOP('',(#7604,#7605,#7606));
#7604=ORIENTED_EDGE('',*,*,#7607,.T.);
#7605=ORIENTED_EDGE('',*,*,#7608,.T.);
#7606=ORIENTED_EDGE('',*,*,#7609,.T.);
#7607=EDGE_CURVE('',#450,#452,#7610,.F.);
#7608=EDGE_CURVE('',#452,#162,#7611,.T.);
#7609=EDGE_CURVE('',#162,#450,#7612,.T.);
#7610=LINE('',#449,#7613);
#7611=LINE('',#451,#7614);
#7612=LINE('',#161,#7615);
#7613=VECTOR('',#7616,1.0);
#7614=VECTOR('',#7617,1.0);
#7615=VECTOR('',#7618,1.0);
#7616=DIRECTION('',(0,0.4285724751574403,0.903507406465174));
#7617=DIRECTION('',(0,-0.8071695447494682,0.5903196812142859));
#7618=DIRECTION('',(0,0.7863977828394378,-0.6177204279811511));
#7619=STYLED_ITEM('',(#25),#7620);
#7620=FACE_SURFACE('',(#7625),#7621,.T.);
#7621=PLANE('',#7622);
#7622=AXIS2_PLACEMENT_3D('',#161,#7623,#7624);
#7623=DIRECTION('',(1,0,0));
#7624=DIRECTION('',(0,0.8071695447494682,-0.5903196812142859));
#7625=FACE_BOUND('',#7626,.T.);
#7626=EDGE_LOOP('',(#7627,#7628,#7629));
#7627=ORIENTED_EDGE('',*,*,#7630,.T.);
#7628=ORIENTED_EDGE('',*,*,#7631,.T.);
#7629=ORIENTED_EDGE('',*,*,#7632,.T.);
#7630=EDGE_CURVE('',#162,#452,#7633,.F.);
#7631=EDGE_CURVE('',#452,#454,#7634,.T.);
#7632=EDGE_CURVE('',#454,#162,#7635,.T.);
#7633=LINE('',#161,#7636);
#7634=LINE('',#451,#7637);
#7635=LINE('',#453,#7638);
#7636=VECTOR('',#7639,1.0);
#7637=VECTOR('',#7640,1.0);
#7638=VECTOR('',#7641,1.0);
#7639=DIRECTION('',(0,0.8071695447494682,-0.5903196812142859));
#7640=DIRECTION('',(0,0.41920577301076234,0.9078912489249189));
#7641=DIRECTION('',(0,-0.8270951266017605,0.562061964156638));
#7642=STYLED_ITEM('',(#25),#7643);
#7643=FACE_SURFACE('',(#7648),#7644,.T.);
#7644=PLANE('',#7645);
#7645=AXIS2_PLACEMENT_3D('',#161,#7646,#7647);
#7646=DIRECTION('',(1,0,0));
#7647=DIRECTION('',(0,0.8270951266017605,-0.562061964156638));
#7648=FACE_BOUND('',#7649,.T.);
#7649=EDGE_LOOP('',(#7650,#7651,#7652));
#7650=ORIENTED_EDGE('',*,*,#7653,.T.);
#7651=ORIENTED_EDGE('',*,*,#7654,.T.);
#7652=ORIENTED_EDGE('',*,*,#7655,.T.);
#7653=EDGE_CURVE('',#162,#454,#7656,.F.);
#7654=EDGE_CURVE('',#454,#456,#7657,.T.);
#7655=EDGE_CURVE('',#456,#162,#7658,.T.);
#7656=LINE('',#161,#7659);
#7657=LINE('',#453,#7660);
#7658=LINE('',#455,#7661);
#7659=VECTOR('',#7662,1.0);
#7660=VECTOR('',#7663,1.0);
#7661=VECTOR('',#7664,1.0);
#7662=DIRECTION('',(0,0.8270951266017605,-0.562061964156638));
#7663=DIRECTION('',(0,0.410139486616049,0.9120228075647691));
#7664=DIRECTION('',(0,-0.8460904845570577,0.533039296808409));
#7665=STYLED_ITEM('',(#25),#7666);
#7666=FACE_SURFACE('',(#7671),#7667,.T.);
#7667=PLANE('',#7668);
#7668=AXIS2_PLACEMENT_3D('',#455,#7669,#7670);
#7669=DIRECTION('',(1,0,-0));
#7670=DIRECTION('',(0,0.40138921818449547,0.915907580231346));
#7671=FACE_BOUND('',#7672,.T.);
#7672=EDGE_LOOP('',(#7673,#7674,#7675));
#7673=ORIENTED_EDGE('',*,*,#7676,.T.);
#7674=ORIENTED_EDGE('',*,*,#7677,.T.);
#7675=ORIENTED_EDGE('',*,*,#7678,.T.);
#7676=EDGE_CURVE('',#456,#458,#7679,.F.);
#7677=EDGE_CURVE('',#458,#162,#7680,.T.);
#7678=EDGE_CURVE('',#162,#456,#7681,.T.);
#7679=LINE('',#455,#7682);
#7680=LINE('',#457,#7683);
#7681=LINE('',#161,#7684);
#7682=VECTOR('',#7685,1.0);
#7683=VECTOR('',#7686,1.0);
#7684=VECTOR('',#7687,1.0);
#7685=DIRECTION('',(0,0.40138921818449547,0.915907580231346));
#7686=DIRECTION('',(0,-0.8641505190113886,0.5032334254521927));
#7687=DIRECTION('',(0,0.8460904845570577,-0.533039296808409));
#7688=STYLED_ITEM('',(#25),#7689);
#7689=FACE_SURFACE('',(#7694),#7690,.T.);
#7690=PLANE('',#7691);
#7691=AXIS2_PLACEMENT_3D('',#161,#7692,#7693);
#7692=DIRECTION('',(1,0,0));
#7693=DIRECTION('',(0,0.8641505190113886,-0.5032334254521927));
#7694=FACE_BOUND('',#7695,.T.);
#7695=EDGE_LOOP('',(#7696,#7697,#7698));
#7696=ORIENTED_EDGE('',*,*,#7699,.T.);
#7697=ORIENTED_EDGE('',*,*,#7700,.T.);
#7698=ORIENTED_EDGE('',*,*,#7701,.T.);
#7699=EDGE_CURVE('',#162,#458,#7702,.F.);
#7700=EDGE_CURVE('',#458,#460,#7703,.T.);
#7701=EDGE_CURVE('',#460,#162,#7704,.T.);
#7702=LINE('',#161,#7705);
#7703=LINE('',#457,#7706);
#7704=LINE('',#459,#7707);
#7705=VECTOR('',#7708,1.0);
#7706=VECTOR('',#7709,1.0);
#7707=VECTOR('',#7710,1.0);
#7708=DIRECTION('',(0,0.8641505190113886,-0.5032334254521927));
#7709=DIRECTION('',(0,0.39283552101962843,0.9196087501895776));
#7710=DIRECTION('',(0,-0.8813831252572955,0.4724021449058871));
#7711=STYLED_ITEM('',(#25),#7712);
#7712=FACE_SURFACE('',(#7717),#7713,.T.);
#7713=PLANE('',#7714);
#7714=AXIS2_PLACEMENT_3D('',#161,#7715,#7716);
#7715=DIRECTION('',(1,0,0));
#7716=DIRECTION('',(0,0.8813831252572955,-0.4724021449058871));
#7717=FACE_BOUND('',#7718,.T.);
#7718=EDGE_LOOP('',(#7719,#7720,#7721));
#7719=ORIENTED_EDGE('',*,*,#7722,.T.);
#7720=ORIENTED_EDGE('',*,*,#7723,.T.);
#7721=ORIENTED_EDGE('',*,*,#7724,.T.);
#7722=EDGE_CURVE('',#162,#460,#7725,.F.);
#7723=EDGE_CURVE('',#460,#462,#7726,.T.);
#7724=EDGE_CURVE('',#462,#162,#7727,.T.);
#7725=LINE('',#161,#7728);
#7726=LINE('',#459,#7729);
#7727=LINE('',#461,#7730);
#7728=VECTOR('',#7731,1.0);
#7729=VECTOR('',#7732,1.0);
#7730=VECTOR('',#7733,1.0);
#7731=DIRECTION('',(0,0.8813831252572955,-0.4724021449058871));
#7732=DIRECTION('',(0,0.3844471568417723,0.9231469999931092));
#7733=DIRECTION('',(0,-0.8976939935886139,0.44061944336913406));
#7734=STYLED_ITEM('',(#25),#7735);
#7735=FACE_SURFACE('',(#7740),#7736,.T.);
#7736=PLANE('',#7737);
#7737=AXIS2_PLACEMENT_3D('',#461,#7738,#7739);
#7738=DIRECTION('',(1,0,-0));
#7739=DIRECTION('',(0,0.3761440404116803,0.9265612018980592));
#7740=FACE_BOUND('',#7741,.T.);
#7741=EDGE_LOOP('',(#7742,#7743,#7744));
#7742=ORIENTED_EDGE('',*,*,#7745,.T.);
#7743=ORIENTED_EDGE('',*,*,#7746,.T.);
#7744=ORIENTED_EDGE('',*,*,#7747,.T.);
#7745=EDGE_CURVE('',#462,#464,#7748,.F.);
#7746=EDGE_CURVE('',#464,#162,#7749,.T.);
#7747=EDGE_CURVE('',#162,#462,#7750,.T.);
#7748=LINE('',#461,#7751);
#7749=LINE('',#463,#7752);
#7750=LINE('',#161,#7753);
#7751=VECTOR('',#7754,1.0);
#7752=VECTOR('',#7755,1.0);
#7753=VECTOR('',#7756,1.0);
#7754=DIRECTION('',(0,0.3761440404116803,0.9265612018980592));
#7755=DIRECTION('',(0,-0.9129856216325558,0.407991733607699));
#7756=DIRECTION('',(0,0.8976939935886139,-0.44061944336913406));
#7757=STYLED_ITEM('',(#25),#7758);
#7758=FACE_SURFACE('',(#7763),#7759,.T.);
#7759=PLANE('',#7760);
#7760=AXIS2_PLACEMENT_3D('',#161,#7761,#7762);
#7761=DIRECTION('',(1,0,0));
#7762=DIRECTION('',(0,0.9129856216325558,-0.407991733607699));
#7763=FACE_BOUND('',#7764,.T.);
#7764=EDGE_LOOP('',(#7765,#7766,#7767));
#7765=ORIENTED_EDGE('',*,*,#7768,.T.);
#7766=ORIENTED_EDGE('',*,*,#7769,.T.);
#7767=ORIENTED_EDGE('',*,*,#7770,.T.);
#7768=EDGE_CURVE('',#162,#464,#7771,.F.);
#7769=EDGE_CURVE('',#464,#466,#7772,.T.);
#7770=EDGE_CURVE('',#466,#162,#7773,.T.);
#7771=LINE('',#161,#7774);
#7772=LINE('',#463,#7775);
#7773=LINE('',#465,#7776);
#7774=VECTOR('',#7777,1.0);
#7775=VECTOR('',#7778,1.0);
#7776=VECTOR('',#7779,1.0);
#7777=DIRECTION('',(0,0.9129856216325558,-0.407991733607699));
#7778=DIRECTION('',(0,0.3679679027225044,0.9298384927319377));
#7779=DIRECTION('',(0,-0.9271705402580174,0.37463954580056824));
#7780=STYLED_ITEM('',(#25),#7781);
#7781=FACE_SURFACE('',(#7786),#7782,.T.);
#7782=PLANE('',#7783);
#7783=AXIS2_PLACEMENT_3D('',#161,#7784,#7785);
#7784=DIRECTION('',(1,0,0));
#7785=DIRECTION('',(0,0.9271705402580174,-0.37463954580056824));
#7786=FACE_BOUND('',#7787,.T.);
#7787=EDGE_LOOP('',(#7788,#7789,#7790));
#7788=ORIENTED_EDGE('',*,*,#7791,.T.);
#7789=ORIENTED_EDGE('',*,*,#7792,.T.);
#7790=ORIENTED_EDGE('',*,*,#7793,.T.);
#7791=EDGE_CURVE('',#162,#466,#7794,.F.);
#7792=EDGE_CURVE('',#466,#468,#7795,.T.);
#7793=EDGE_CURVE('',#468,#162,#7796,.T.);
#7794=LINE('',#161,#7797);
#7795=LINE('',#465,#7798);
#7796=LINE('',#467,#7799);
#7797=VECTOR('',#7800,1.0);
#7798=VECTOR('',#7801,1.0);
#7799=VECTOR('',#7802,1.0);
#7800=DIRECTION('',(0,0.9271705402580174,-0.37463954580056824));
#7801=DIRECTION('',(0,0.3598222708230134,0.9330208644075275));
#7802=DIRECTION('',(0,-0.9401743576345227,0.34069367068748535));
#7803=STYLED_ITEM('',(#25),#7804);
#7804=FACE_SURFACE('',(#7809),#7805,.T.);
#7805=PLANE('',#7806);
#7806=AXIS2_PLACEMENT_3D('',#467,#7807,#7808);
#7807=DIRECTION('',(1,0,-0));
#7808=DIRECTION('',(0,0.3517308326703839,0.9361011811492379));
#7809=FACE_BOUND('',#7810,.T.);
#7810=EDGE_LOOP('',(#7811,#7812,#7813));
#7811=ORIENTED_EDGE('',*,*,#7814,.T.);
#7812=ORIENTED_EDGE('',*,*,#7815,.T.);
#7813=ORIENTED_EDGE('',*,*,#7816,.T.);
#7814=EDGE_CURVE('',#468,#470,#7817,.F.);
#7815=EDGE_CURVE('',#470,#162,#7818,.T.);
#7816=EDGE_CURVE('',#162,#468,#7819,.T.);
#7817=LINE('',#467,#7820);
#7818=LINE('',#469,#7821);
#7819=LINE('',#161,#7822);
#7820=VECTOR('',#7823,1.0);
#7821=VECTOR('',#7824,1.0);
#7822=VECTOR('',#7825,1.0);
#7823=DIRECTION('',(0,0.3517308326703839,0.9361011811492379));
#7824=DIRECTION('',(0,-0.9519359913922306,0.30629702625407745));
#7825=DIRECTION('',(0,0.9401743576345227,-0.34069367068748535));
#7826=STYLED_ITEM('',(#25),#7827);
#7827=FACE_SURFACE('',(#7832),#7828,.T.);
#7828=PLANE('',#7829);
#7829=AXIS2_PLACEMENT_3D('',#161,#7830,#7831);
#7830=DIRECTION('',(1,0,0));
#7831=DIRECTION('',(0,0.9519359913922306,-0.30629702625407745));
#7832=FACE_BOUND('',#7833,.T.);
#7833=EDGE_LOOP('',(#7834,#7835,#7836));
#7834=ORIENTED_EDGE('',*,*,#7837,.T.);
#7835=ORIENTED_EDGE('',*,*,#7838,.T.);
#7836=ORIENTED_EDGE('',*,*,#7839,.T.);
#7837=EDGE_CURVE('',#162,#470,#7840,.F.);
#7838=EDGE_CURVE('',#470,#472,#7841,.T.);
#7839=EDGE_CURVE('',#472,#162,#7842,.T.);
#7840=LINE('',#161,#7843);
#7841=LINE('',#469,#7844);
#7842=LINE('',#471,#7845);
#7843=VECTOR('',#7846,1.0);
#7844=VECTOR('',#7847,1.0);
#7845=VECTOR('',#7848,1.0);
#7846=DIRECTION('',(0,0.9519359913922306,-0.30629702625407745));
#7847=DIRECTION('',(0,0.3436165620292153,0.9391100352457227));
#7848=DIRECTION('',(0,-0.9624128655159864,0.2715906410193621));
#7849=STYLED_ITEM('',(#25),#7850);
#7850=FACE_SURFACE('',(#7855),#7851,.T.);
#7851=PLANE('',#7852);
#7852=AXIS2_PLACEMENT_3D('',#161,#7853,#7854);
#7853=DIRECTION('',(1,0,0));
#7854=DIRECTION('',(0,0.9624128655159864,-0.2715906410193621));
#7855=FACE_BOUND('',#7856,.T.);
#7856=EDGE_LOOP('',(#7857,#7858,#7859));
#7857=ORIENTED_EDGE('',*,*,#7860,.T.);
#7858=ORIENTED_EDGE('',*,*,#7861,.T.);
#7859=ORIENTED_EDGE('',*,*,#7862,.T.);
#7860=EDGE_CURVE('',#162,#472,#7863,.F.);
#7861=EDGE_CURVE('',#472,#474,#7864,.T.);
#7862=EDGE_CURVE('',#474,#162,#7865,.T.);
#7863=LINE('',#161,#7866);
#7864=LINE('',#471,#7867);
#7865=LINE('',#473,#7868);
#7866=VECTOR('',#7869,1.0);
#7867=VECTOR('',#7870,1.0);
#7868=VECTOR('',#7871,1.0);
#7869=DIRECTION('',(0,0.9624128655159864,-0.2715906410193621));
#7870=DIRECTION('',(0,0.3355208726171697,0.9420327722739869));
#7871=DIRECTION('',(0,-0.9715759413341571,0.23672809343347154));
#7872=STYLED_ITEM('',(#25),#7873);
#7873=FACE_SURFACE('',(#7878),#7874,.T.);
#7874=PLANE('',#7875);
#7875=AXIS2_PLACEMENT_3D('',#473,#7876,#7877);
#7876=DIRECTION('',(1,0,-0));
#7877=DIRECTION('',(0,0.32734291558715845,0.9449056120136542));
#7878=FACE_BOUND('',#7879,.T.);
#7879=EDGE_LOOP('',(#7880,#7881,#7882));
#7880=ORIENTED_EDGE('',*,*,#7883,.T.);
#7881=ORIENTED_EDGE('',*,*,#7884,.T.);
#7882=ORIENTED_EDGE('',*,*,#7885,.T.);
#7883=EDGE_CURVE('',#474,#476,#7886,.F.);
#7884=EDGE_CURVE('',#476,#162,#7887,.T.);
#7885=EDGE_CURVE('',#162,#474,#7888,.T.);
#7886=LINE('',#473,#7889);
#7887=LINE('',#475,#7890);
#7888=LINE('',#161,#7891);
#7889=VECTOR('',#7892,1.0);
#7890=VECTOR('',#7893,1.0);
#7891=VECTOR('',#7894,1.0);
#7892=DIRECTION('',(0,0.32734291558715845,0.9449056120136542));
#7893=DIRECTION('',(0,-0.9794154067888747,0.20185504934131046));
#7894=DIRECTION('',(0,0.9715759413341571,-0.23672809343347154));
#7895=STYLED_ITEM('',(#25),#7896);
#7896=FACE_SURFACE('',(#7901),#7897,.T.);
#7897=PLANE('',#7898);
#7898=AXIS2_PLACEMENT_3D('',#161,#7899,#7900);
#7899=DIRECTION('',(1,0,0));
#7900=DIRECTION('',(0,0.9794154067888747,-0.20185504934131046));
#7901=FACE_BOUND('',#7902,.T.);
#7902=EDGE_LOOP('',(#7903,#7904,#7905));
#7903=ORIENTED_EDGE('',*,*,#7906,.T.);
#7904=ORIENTED_EDGE('',*,*,#7907,.T.);
#7905=ORIENTED_EDGE('',*,*,#7908,.T.);
#7906=EDGE_CURVE('',#162,#476,#7909,.F.);
#7907=EDGE_CURVE('',#476,#478,#7910,.T.);
#7908=EDGE_CURVE('',#478,#162,#7911,.T.);
#7909=LINE('',#161,#7912);
#7910=LINE('',#475,#7913);
#7911=LINE('',#477,#7914);
#7912=VECTOR('',#7915,1.0);
#7913=VECTOR('',#7916,1.0);
#7914=VECTOR('',#7917,1.0);
#7915=DIRECTION('',(0,0.9794154067888747,-0.20185504934131046));
#7916=DIRECTION('',(0,0.31911690183845837,0.9477153596734749));
#7917=DIRECTION('',(0,-0.9859369820178334,0.16711752597967228));
#7918=STYLED_ITEM('',(#25),#7919);
#7919=FACE_SURFACE('',(#7924),#7920,.T.);
#7920=PLANE('',#7921);
#7921=AXIS2_PLACEMENT_3D('',#161,#7922,#7923);
#7922=DIRECTION('',(1,0,0));
#7923=DIRECTION('',(0,0.9859369820178334,-0.16711752597967228));
#7924=FACE_BOUND('',#7925,.T.);
#7925=EDGE_LOOP('',(#7926,#7927,#7928));
#7926=ORIENTED_EDGE('',*,*,#7929,.T.);
#7927=ORIENTED_EDGE('',*,*,#7930,.T.);
#7928=ORIENTED_EDGE('',*,*,#7931,.T.);
#7929=EDGE_CURVE('',#162,#478,#7932,.F.);
#7930=EDGE_CURVE('',#478,#480,#7933,.T.);
#7931=EDGE_CURVE('',#480,#162,#7934,.T.);
#7932=LINE('',#161,#7935);
#7933=LINE('',#477,#7936);
#7934=LINE('',#479,#7937);
#7935=VECTOR('',#7938,1.0);
#7936=VECTOR('',#7939,1.0);
#7937=VECTOR('',#7940,1.0);
#7938=DIRECTION('',(0,0.9859369820178334,-0.16711752597967228));
#7939=DIRECTION('',(0,0.3107644548449472,0.9504869560414403));
#7940=DIRECTION('',(0,-0.9911624342442803,0.13265379354904536));
#7941=STYLED_ITEM('',(#25),#7942);
#7942=FACE_SURFACE('',(#7947),#7943,.T.);
#7943=PLANE('',#7944);
#7944=AXIS2_PLACEMENT_3D('',#479,#7945,#7946);
#7945=DIRECTION('',(1,0,-0));
#7946=DIRECTION('',(0,0.3023088943113937,0.9532100148551853));
#7947=FACE_BOUND('',#7948,.T.);
#7948=EDGE_LOOP('',(#7949,#7950,#7951));
#7949=ORIENTED_EDGE('',*,*,#7952,.T.);
#7950=ORIENTED_EDGE('',*,*,#7953,.T.);
#7951=ORIENTED_EDGE('',*,*,#7954,.T.);
#7952=EDGE_CURVE('',#480,#482,#7955,.F.);
#7953=EDGE_CURVE('',#482,#162,#7956,.T.);
#7954=EDGE_CURVE('',#162,#480,#7957,.T.);
#7955=LINE('',#479,#7958);
#7956=LINE('',#481,#7959);
#7957=LINE('',#161,#7960);
#7958=VECTOR('',#7961,1.0);
#7959=VECTOR('',#7962,1.0);
#7960=VECTOR('',#7963,1.0);
#7961=DIRECTION('',(0,0.3023088943113937,0.9532100148551853));
#7962=DIRECTION('',(0,-0.9951273963646166,0.09859748984928222));
#7963=DIRECTION('',(0,0.9911624342442803,-0.13265379354904536));
#7964=STYLED_ITEM('',(#25),#7965);
#7965=FACE_SURFACE('',(#7970),#7966,.T.);
#7966=PLANE('',#7967);
#7967=AXIS2_PLACEMENT_3D('',#161,#7968,#7969);
#7968=DIRECTION('',(1,0,0));
#7969=DIRECTION('',(0,0.9951273963646166,-0.09859748984928222));
#7970=FACE_BOUND('',#7971,.T.);
#7971=EDGE_LOOP('',(#7972,#7973,#7974));
#7972=ORIENTED_EDGE('',*,*,#7975,.T.);
#7973=ORIENTED_EDGE('',*,*,#7976,.T.);
#7974=ORIENTED_EDGE('',*,*,#7977,.T.);
#7975=EDGE_CURVE('',#162,#482,#7978,.F.);
#7976=EDGE_CURVE('',#482,#484,#7979,.T.);
#7977=EDGE_CURVE('',#484,#162,#7980,.T.);
#7978=LINE('',#161,#7981);
#7979=LINE('',#481,#7982);
#7980=LINE('',#483,#7983);
#7981=VECTOR('',#7984,1.0);
#7982=VECTOR('',#7985,1.0);
#7983=VECTOR('',#7986,1.0);
#7984=DIRECTION('',(0,0.9951273963646166,-0.09859748984928222));
#7985=DIRECTION('',(0,0.2936613699574317,0.9559095144388533));
#7986=DIRECTION('',(0,-0.9978809749783356,0.0650658111167935));
#7987=STYLED_ITEM('',(#25),#7988);
#7988=FACE_SURFACE('',(#7993),#7989,.T.);
#7989=PLANE('',#7990);
#7990=AXIS2_PLACEMENT_3D('',#161,#7991,#7992);
#7991=DIRECTION('',(1,0,0));
#7992=DIRECTION('',(0,0.9978809749783356,-0.0650658111167935));
#7993=FACE_BOUND('',#7994,.T.);
#7994=EDGE_LOOP('',(#7995,#7996,#7997));
#7995=ORIENTED_EDGE('',*,*,#7998,.T.);
#7996=ORIENTED_EDGE('',*,*,#7999,.T.);
#7997=ORIENTED_EDGE('',*,*,#8000,.T.);
#7998=EDGE_CURVE('',#162,#484,#8001,.F.);
#7999=EDGE_CURVE('',#484,#486,#8002,.T.);
#8000=EDGE_CURVE('',#486,#162,#8003,.T.);
#8001=LINE('',#161,#8004);
#8002=LINE('',#483,#8005);
#8003=LINE('',#485,#8006);
#8004=VECTOR('',#8007,1.0);
#8005=VECTOR('',#8008,1.0);
#8006=VECTOR('',#8009,1.0);
#8007=DIRECTION('',(0,0.9978809749783356,-0.0650658111167935));
#8008=DIRECTION('',(0,0.2848218211567818,0.9585804766387297));
#8009=DIRECTION('',(0,-0.9994824779384719,0.03216793891395363));
#8010=STYLED_ITEM('',(#25),#8011);
#8011=FACE_SURFACE('',(#8016),#8012,.T.);
#8012=PLANE('',#8013);
#8013=AXIS2_PLACEMENT_3D('',#485,#8014,#8015);
#8014=DIRECTION('',(1,0,-0));
#8015=DIRECTION('',(0,0.2757535767275636,0.9612283625247204));
#8016=FACE_BOUND('',#8017,.T.);
#8017=EDGE_LOOP('',(#8018,#8019,#8020));
#8018=ORIENTED_EDGE('',*,*,#8021,.T.);
#8019=ORIENTED_EDGE('',*,*,#8022,.T.);
#8020=ORIENTED_EDGE('',*,*,#8023,.T.);
#8021=EDGE_CURVE('',#486,#488,#8024,.F.);
#8022=EDGE_CURVE('',#488,#162,#8025,.T.);
#8023=EDGE_CURVE('',#162,#486,#8026,.T.);
#8024=LINE('',#485,#8027);
#8025=LINE('',#487,#8028);
#8026=LINE('',#161,#8029);
#8027=VECTOR('',#8030,1.0);
#8028=VECTOR('',#8031,1.0);
#8029=VECTOR('',#8032,1.0);
#8030=DIRECTION('',(0,0.2757535767275636,0.9612283625247204));
#8031=DIRECTION('',(0,-1,0));
#8032=DIRECTION('',(0,0.9994824779384719,-0.03216793891395363));
#8033=STYLED_ITEM('',(#25),#8034);
#8034=FACE_SURFACE('',(#8039),#8035,.T.);
#8035=PLANE('',#8036);
#8036=AXIS2_PLACEMENT_3D('',#165,#8037,#8038);
#8037=DIRECTION('',(1,0,0));
#8038=DIRECTION('',(0,-0.9949391787038375,-0.10047900616613012));
#8039=FACE_BOUND('',#8040,.T.);
#8040=EDGE_LOOP('',(#8041,#8042,#8043));
#8041=ORIENTED_EDGE('',*,*,#8044,.T.);
#8042=ORIENTED_EDGE('',*,*,#8045,.T.);
#8043=ORIENTED_EDGE('',*,*,#8046,.T.);
#8044=EDGE_CURVE('',#166,#168,#8047,.F.);
#8045=EDGE_CURVE('',#168,#430,#8048,.T.);
#8046=EDGE_CURVE('',#430,#166,#8049,.T.);
#8047=LINE('',#165,#8050);
#8048=LINE('',#167,#8051);
#8049=LINE('',#429,#8052);
#8050=VECTOR('',#8053,1.0);
#8051=VECTOR('',#8054,1.0);
#8052=VECTOR('',#8055,1.0);
#8053=DIRECTION('',(0,-0.9949391787038375,-0.10047900616613012));
#8054=DIRECTION('',(0,0.601260080321976,-0.7990533873347958));
#8055=DIRECTION('',(0,-0.5852101253092825,0.8108816863362335));
#8056=STYLED_ITEM('',(#25),#8057);
#8057=FACE_SURFACE('',(#8062),#8058,.T.);
#8058=PLANE('',#8059);
#8059=AXIS2_PLACEMENT_3D('',#429,#8060,#8061);
#8060=DIRECTION('',(1,0,0));
#8061=DIRECTION('',(0,-0.601260080321976,0.7990533873347958));
#8062=FACE_BOUND('',#8063,.T.);
#8063=EDGE_LOOP('',(#8064,#8065,#8066));
#8064=ORIENTED_EDGE('',*,*,#8067,.T.);
#8065=ORIENTED_EDGE('',*,*,#8068,.T.);
#8066=ORIENTED_EDGE('',*,*,#8069,.T.);
#8067=EDGE_CURVE('',#430,#168,#8070,.F.);
#8068=EDGE_CURVE('',#168,#170,#8071,.T.);
#8069=EDGE_CURVE('',#170,#430,#8072,.T.);
#8070=LINE('',#429,#8073);
#8071=LINE('',#167,#8074);
#8072=LINE('',#169,#8075);
#8073=VECTOR('',#8076,1.0);
#8074=VECTOR('',#8077,1.0);
#8075=VECTOR('',#8078,1.0);
#8076=DIRECTION('',(0,-0.601260080321976,0.7990533873347958));
#8077=DIRECTION('',(0,-0.9900722499702218,-0.14055938189570547));
#8078=DIRECTION('',(0,0.6170760956164774,-0.7869034834201233));
#8079=STYLED_ITEM('',(#25),#8080);
#8080=FACE_SURFACE('',(#8085),#8081,.T.);
#8081=PLANE('',#8082);
#8082=AXIS2_PLACEMENT_3D('',#429,#8083,#8084);
#8083=DIRECTION('',(1,0,0));
#8084=DIRECTION('',(0,-0.6170760956164774,0.7869034834201233));
#8085=FACE_BOUND('',#8086,.T.);
#8086=EDGE_LOOP('',(#8087,#8088,#8089));
#8087=ORIENTED_EDGE('',*,*,#8090,.T.);
#8088=ORIENTED_EDGE('',*,*,#8091,.T.);
#8089=ORIENTED_EDGE('',*,*,#8092,.T.);
#8090=EDGE_CURVE('',#430,#170,#8093,.F.);
#8091=EDGE_CURVE('',#170,#172,#8094,.T.);
#8092=EDGE_CURVE('',#172,#430,#8095,.T.);
#8093=LINE('',#429,#8096);
#8094=LINE('',#169,#8097);
#8095=LINE('',#171,#8098);
#8096=VECTOR('',#8099,1.0);
#8097=VECTOR('',#8100,1.0);
#8098=VECTOR('',#8101,1.0);
#8099=DIRECTION('',(0,-0.6170760956164774,0.7869034834201233));
#8100=DIRECTION('',(0,-0.9836307974515213,-0.18019560012631916));
#8101=DIRECTION('',(0,0.6326483571086196,-0.7744391882180063));
#8102=STYLED_ITEM('',(#25),#8103);
#8103=FACE_SURFACE('',(#8108),#8104,.T.);
#8104=PLANE('',#8105);
#8105=AXIS2_PLACEMENT_3D('',#171,#8106,#8107);
#8106=DIRECTION('',(1,0,0));
#8107=DIRECTION('',(0,-0.9755571909547119,-0.21974568750387702));
#8108=FACE_BOUND('',#8109,.T.);
#8109=EDGE_LOOP('',(#8110,#8111,#8112));
#8110=ORIENTED_EDGE('',*,*,#8113,.T.);
#8111=ORIENTED_EDGE('',*,*,#8114,.T.);
#8112=ORIENTED_EDGE('',*,*,#8115,.T.);
#8113=EDGE_CURVE('',#172,#174,#8116,.F.);
#8114=EDGE_CURVE('',#174,#430,#8117,.T.);
#8115=EDGE_CURVE('',#430,#172,#8118,.T.);
#8116=LINE('',#171,#8119);
#8117=LINE('',#173,#8120);
#8118=LINE('',#429,#8121);
#8119=VECTOR('',#8122,1.0);
#8120=VECTOR('',#8123,1.0);
#8121=VECTOR('',#8124,1.0);
#8122=DIRECTION('',(0,-0.9755571909547119,-0.21974568750387702));
#8123=DIRECTION('',(0,0.6479730159909687,-0.7616632921098192));
#8124=DIRECTION('',(0,-0.6326483571086196,0.7744391882180063));
#8125=STYLED_ITEM('',(#25),#8126);
#8126=FACE_SURFACE('',(#8131),#8127,.T.);
#8127=PLANE('',#8128);
#8128=AXIS2_PLACEMENT_3D('',#429,#8129,#8130);
#8129=DIRECTION('',(1,0,0));
#8130=DIRECTION('',(0,-0.6479730159909687,0.7616632921098192));
#8131=FACE_BOUND('',#8132,.T.);
#8132=EDGE_LOOP('',(#8133,#8134,#8135));
#8133=ORIENTED_EDGE('',*,*,#8136,.T.);
#8134=ORIENTED_EDGE('',*,*,#8137,.T.);
#8135=ORIENTED_EDGE('',*,*,#8138,.T.);
#8136=EDGE_CURVE('',#430,#174,#8139,.F.);
#8137=EDGE_CURVE('',#174,#176,#8140,.T.);
#8138=EDGE_CURVE('',#176,#430,#8141,.T.);
#8139=LINE('',#429,#8142);
#8140=LINE('',#173,#8143);
#8141=LINE('',#175,#8144);
#8142=VECTOR('',#8145,1.0);
#8143=VECTOR('',#8146,1.0);
#8144=VECTOR('',#8147,1.0);
#8145=DIRECTION('',(0,-0.6479730159909687,0.7616632921098192));
#8146=DIRECTION('',(0,-0.9659198083137761,-0.2588415034477238));
#8147=DIRECTION('',(0,0.6630426478711046,-0.748581623541531));
#8148=STYLED_ITEM('',(#25),#8149);
#8149=FACE_SURFACE('',(#8154),#8150,.T.);
#8150=PLANE('',#8151);
#8151=AXIS2_PLACEMENT_3D('',#429,#8152,#8153);
#8152=DIRECTION('',(1,0,0));
#8153=DIRECTION('',(0,-0.6630426478711046,0.748581623541531));
#8154=FACE_BOUND('',#8155,.T.);
#8155=EDGE_LOOP('',(#8156,#8157,#8158));
#8156=ORIENTED_EDGE('',*,*,#8159,.T.);
#8157=ORIENTED_EDGE('',*,*,#8160,.T.);
#8158=ORIENTED_EDGE('',*,*,#8161,.T.);
#8159=EDGE_CURVE('',#430,#176,#8162,.F.);
#8160=EDGE_CURVE('',#176,#178,#8163,.T.);
#8161=EDGE_CURVE('',#178,#430,#8164,.T.);
#8162=LINE('',#429,#8165);
#8163=LINE('',#175,#8166);
#8164=LINE('',#177,#8167);
#8165=VECTOR('',#8168,1.0);
#8166=VECTOR('',#8169,1.0);
#8167=VECTOR('',#8170,1.0);
#8168=DIRECTION('',(0,-0.6630426478711046,0.748581623541531));
#8169=DIRECTION('',(0,-0.9547226976959478,-0.29749717730454517));
#8170=DIRECTION('',(0,0.6778500026499497,-0.735200227086107));
#8171=STYLED_ITEM('',(#25),#8172);
#8172=FACE_SURFACE('',(#8177),#8173,.T.);
#8173=PLANE('',#8174);
#8174=AXIS2_PLACEMENT_3D('',#177,#8175,#8176);
#8175=DIRECTION('',(1,0,0));
#8176=DIRECTION('',(0,-0.9419752662546551,-0.33568228693881325));
#8177=FACE_BOUND('',#8178,.T.);
#8178=EDGE_LOOP('',(#8179,#8180,#8181));
#8179=ORIENTED_EDGE('',*,*,#8182,.T.);
#8180=ORIENTED_EDGE('',*,*,#8183,.T.);
#8181=ORIENTED_EDGE('',*,*,#8184,.T.);
#8182=EDGE_CURVE('',#178,#180,#8185,.F.);
#8183=EDGE_CURVE('',#180,#430,#8186,.T.);
#8184=EDGE_CURVE('',#430,#178,#8187,.T.);
#8185=LINE('',#177,#8188);
#8186=LINE('',#179,#8189);
#8187=LINE('',#429,#8190);
#8188=VECTOR('',#8191,1.0);
#8189=VECTOR('',#8192,1.0);
#8190=VECTOR('',#8193,1.0);
#8191=DIRECTION('',(0,-0.9419752662546551,-0.33568228693881325));
#8192=DIRECTION('',(0,0.6923898158305352,-0.7215236260401717));
#8193=DIRECTION('',(0,-0.6778500026499497,0.735200227086107));
#8194=STYLED_ITEM('',(#25),#8195);
#8195=FACE_SURFACE('',(#8200),#8196,.T.);
#8196=PLANE('',#8197);
#8197=AXIS2_PLACEMENT_3D('',#429,#8198,#8199);
#8198=DIRECTION('',(1,0,0));
#8199=DIRECTION('',(0,-0.6923898158305352,0.7215236260401717));
#8200=FACE_BOUND('',#8201,.T.);
#8201=EDGE_LOOP('',(#8202,#8203,#8204));
#8202=ORIENTED_EDGE('',*,*,#8205,.T.);
#8203=ORIENTED_EDGE('',*,*,#8206,.T.);
#8204=ORIENTED_EDGE('',*,*,#8207,.T.);
#8205=EDGE_CURVE('',#430,#180,#8208,.F.);
#8206=EDGE_CURVE('',#180,#182,#8209,.T.);
#8207=EDGE_CURVE('',#182,#430,#8210,.T.);
#8208=LINE('',#429,#8211);
#8209=LINE('',#179,#8212);
#8210=LINE('',#181,#8213);
#8211=VECTOR('',#8214,1.0);
#8212=VECTOR('',#8215,1.0);
#8213=VECTOR('',#8216,1.0);
#8214=DIRECTION('',(0,-0.6923898158305352,0.7215236260401717));
#8215=DIRECTION('',(0,-0.9276933709954605,-0.3733430184308782));
#8216=DIRECTION('',(0,0.7066558466289915,-0.707557428358337));
#8217=STYLED_ITEM('',(#25),#8218);
#8218=FACE_SURFACE('',(#8223),#8219,.T.);
#8219=PLANE('',#8220);
#8220=AXIS2_PLACEMENT_3D('',#429,#8221,#8222);
#8221=DIRECTION('',(1,0,0));
#8222=DIRECTION('',(0,-0.7066558466289915,0.707557428358337));
#8223=FACE_BOUND('',#8224,.T.);
#8224=EDGE_LOOP('',(#8225,#8226,#8227));
#8225=ORIENTED_EDGE('',*,*,#8228,.T.);
#8226=ORIENTED_EDGE('',*,*,#8229,.T.);
#8227=ORIENTED_EDGE('',*,*,#8230,.T.);
#8228=EDGE_CURVE('',#430,#182,#8231,.F.);
#8229=EDGE_CURVE('',#182,#184,#8232,.T.);
#8230=EDGE_CURVE('',#184,#430,#8233,.T.);
#8231=LINE('',#429,#8234);
#8232=LINE('',#181,#8235);
#8233=LINE('',#183,#8236);
#8234=VECTOR('',#8237,1.0);
#8235=VECTOR('',#8238,1.0);
#8236=VECTOR('',#8239,1.0);
#8237=DIRECTION('',(0,-0.7066558466289915,0.707557428358337));
#8238=DIRECTION('',(0,-0.9118764845957104,-0.4104647083993571));
#8239=DIRECTION('',(0,0.7206428319128892,-0.6933065042335685));
#8240=STYLED_ITEM('',(#25),#8241);
#8241=FACE_SURFACE('',(#8246),#8242,.T.);
#8242=PLANE('',#8243);
#8243=AXIS2_PLACEMENT_3D('',#183,#8244,#8245);
#8244=DIRECTION('',(1,0,0));
#8245=DIRECTION('',(0,-0.8946468328034414,-0.4467740419437674));
#8246=FACE_BOUND('',#8247,.T.);
#8247=EDGE_LOOP('',(#8248,#8249,#8250));
#8248=ORIENTED_EDGE('',*,*,#8251,.T.);
#8249=ORIENTED_EDGE('',*,*,#8252,.T.);
#8250=ORIENTED_EDGE('',*,*,#8253,.T.);
#8251=EDGE_CURVE('',#184,#186,#8254,.F.);
#8252=EDGE_CURVE('',#186,#430,#8255,.T.);
#8253=EDGE_CURVE('',#430,#184,#8256,.T.);
#8254=LINE('',#183,#8257);
#8255=LINE('',#185,#8258);
#8256=LINE('',#429,#8259);
#8257=VECTOR('',#8260,1.0);
#8258=VECTOR('',#8261,1.0);
#8259=VECTOR('',#8262,1.0);
#8260=DIRECTION('',(0,-0.8946468328034414,-0.4467740419437674));
#8261=DIRECTION('',(0,0.7343433637385266,-0.6787781847799661));
#8262=DIRECTION('',(0,-0.7206428319128892,0.6933065042335685));
#8263=STYLED_ITEM('',(#25),#8264);
#8264=FACE_SURFACE('',(#8269),#8265,.T.);
#8265=PLANE('',#8266);
#8266=AXIS2_PLACEMENT_3D('',#429,#8267,#8268);
#8267=DIRECTION('',(1,0,0));
#8268=DIRECTION('',(0,-0.7343433637385266,0.6787781847799661));
#8269=FACE_BOUND('',#8270,.T.);
#8270=EDGE_LOOP('',(#8271,#8272,#8273));
#8271=ORIENTED_EDGE('',*,*,#8274,.T.);
#8272=ORIENTED_EDGE('',*,*,#8275,.T.);
#8273=ORIENTED_EDGE('',*,*,#8276,.T.);
#8274=EDGE_CURVE('',#430,#186,#8277,.F.);
#8275=EDGE_CURVE('',#186,#188,#8278,.T.);
#8276=EDGE_CURVE('',#188,#430,#8279,.T.);
#8277=LINE('',#429,#8280);
#8278=LINE('',#185,#8281);
#8279=LINE('',#187,#8282);
#8280=VECTOR('',#8283,1.0);
#8281=VECTOR('',#8284,1.0);
#8282=VECTOR('',#8285,1.0);
#8283=DIRECTION('',(0,-0.7343433637385266,0.6787781847799661));
#8284=DIRECTION('',(0,-0.8759189699634027,-0.48245824488576367));
#8285=DIRECTION('',(0,0.7477529256660903,-0.6639770795425114));
#8286=STYLED_ITEM('',(#25),#8287);
#8287=FACE_SURFACE('',(#8292),#8288,.T.);
#8288=PLANE('',#8289);
#8289=AXIS2_PLACEMENT_3D('',#429,#8290,#8291);
#8290=DIRECTION('',(1,0,0));
#8291=DIRECTION('',(0,-0.7477529256660903,0.6639770795425114));
#8292=FACE_BOUND('',#8293,.T.);
#8293=EDGE_LOOP('',(#8294,#8295,#8296));
#8294=ORIENTED_EDGE('',*,*,#8297,.T.);
#8295=ORIENTED_EDGE('',*,*,#8298,.T.);
#8296=ORIENTED_EDGE('',*,*,#8299,.T.);
#8297=EDGE_CURVE('',#430,#188,#8300,.F.);
#8298=EDGE_CURVE('',#188,#190,#8301,.T.);
#8299=EDGE_CURVE('',#190,#430,#8302,.T.);
#8300=LINE('',#429,#8303);
#8301=LINE('',#187,#8304);
#8302=LINE('',#189,#8305);
#8303=VECTOR('',#8306,1.0);
#8304=VECTOR('',#8307,1.0);
#8305=VECTOR('',#8308,1.0);
#8306=DIRECTION('',(0,-0.7477529256660903,0.6639770795425114));
#8307=DIRECTION('',(0,-0.8557916681208877,-0.517320617001554));
#8308=DIRECTION('',(0,0.7608654093276124,-0.6489097232194357));
#8309=STYLED_ITEM('',(#25),#8310);
#8310=FACE_SURFACE('',(#8315),#8311,.T.);
#8311=PLANE('',#8312);
#8312=AXIS2_PLACEMENT_3D('',#189,#8313,#8314);
#8313=DIRECTION('',(1,0,0));
#8314=DIRECTION('',(0,-0.8342411810082626,-0.5513997206291812));
#8315=FACE_BOUND('',#8316,.T.);
#8316=EDGE_LOOP('',(#8317,#8318,#8319));
#8317=ORIENTED_EDGE('',*,*,#8320,.T.);
#8318=ORIENTED_EDGE('',*,*,#8321,.T.);
#8319=ORIENTED_EDGE('',*,*,#8322,.T.);
#8320=EDGE_CURVE('',#190,#192,#8323,.F.);
#8321=EDGE_CURVE('',#192,#430,#8324,.T.);
#8322=EDGE_CURVE('',#430,#190,#8325,.T.);
#8323=LINE('',#189,#8326);
#8324=LINE('',#191,#8327);
#8325=LINE('',#429,#8328);
#8326=VECTOR('',#8329,1.0);
#8327=VECTOR('',#8330,1.0);
#8328=VECTOR('',#8331,1.0);
#8329=DIRECTION('',(0,-0.8342411810082626,-0.5513997206291812));
#8330=DIRECTION('',(0,0.7736762559746272,-0.6335811320905029));
#8331=DIRECTION('',(0,-0.7608654093276124,0.6489097232194357));
#8332=STYLED_ITEM('',(#25),#8333);
#8333=FACE_SURFACE('',(#8338),#8334,.T.);
#8334=PLANE('',#8335);
#8335=AXIS2_PLACEMENT_3D('',#429,#8336,#8337);
#8336=DIRECTION('',(1,0,0));
#8337=DIRECTION('',(0,-0.7736762559746272,0.6335811320905029));
#8338=FACE_BOUND('',#8339,.T.);
#8339=EDGE_LOOP('',(#8340,#8341,#8342));
#8340=ORIENTED_EDGE('',*,*,#8343,.T.);
#8341=ORIENTED_EDGE('',*,*,#8344,.T.);
#8342=ORIENTED_EDGE('',*,*,#8345,.T.);
#8343=EDGE_CURVE('',#430,#192,#8346,.F.);
#8344=EDGE_CURVE('',#192,#194,#8347,.T.);
#8345=EDGE_CURVE('',#194,#430,#8348,.T.);
#8346=LINE('',#429,#8349);
#8347=LINE('',#191,#8350);
#8348=LINE('',#193,#8351);
#8349=VECTOR('',#8352,1.0);
#8350=VECTOR('',#8353,1.0);
#8351=VECTOR('',#8354,1.0);
#8352=DIRECTION('',(0,-0.7736762559746272,0.6335811320905029));
#8353=DIRECTION('',(0,-0.8113754962128311,-0.5845252810147583));
#8354=DIRECTION('',(0,0.7861791297270138,-0.6179986860679197));
#8355=STYLED_ITEM('',(#25),#8356);
#8356=FACE_SURFACE('',(#8361),#8357,.T.);
#8357=PLANE('',#8358);
#8358=AXIS2_PLACEMENT_3D('',#429,#8359,#8360);
#8359=DIRECTION('',(1,0,0));
#8360=DIRECTION('',(0,-0.7861791297270138,0.6179986860679197));
#8361=FACE_BOUND('',#8362,.T.);
#8362=EDGE_LOOP('',(#8363,#8364,#8365));
#8363=ORIENTED_EDGE('',*,*,#8366,.T.);
#8364=ORIENTED_EDGE('',*,*,#8367,.T.);
#8365=ORIENTED_EDGE('',*,*,#8368,.T.);
#8366=EDGE_CURVE('',#430,#194,#8369,.F.);
#8367=EDGE_CURVE('',#194,#198,#8370,.T.);
#8368=EDGE_CURVE('',#198,#430,#8371,.T.);
#8369=LINE('',#429,#8372);
#8370=LINE('',#193,#8373);
#8371=LINE('',#197,#8374);
#8372=VECTOR('',#8375,1.0);
#8373=VECTOR('',#8376,1.0);
#8374=VECTOR('',#8377,1.0);
#8375=DIRECTION('',(0,-0.7861791297270138,0.6179986860679197));
#8376=DIRECTION('',(0,-0.7871786980880799,-0.6167249770167862));
#8377=DIRECTION('',(0,0.7983693296158998,-0.602168094080597));
#8378=STYLED_ITEM('',(#25),#8379);
#8379=FACE_SURFACE('',(#8384),#8380,.T.);
#8380=PLANE('',#8381);
#8381=AXIS2_PLACEMENT_3D('',#197,#8382,#8383);
#8382=DIRECTION('',(1,0,0));
#8383=DIRECTION('',(0,-0.7617303411815367,-0.647894194543723));
#8384=FACE_BOUND('',#8385,.T.);
#8385=EDGE_LOOP('',(#8386,#8387,#8388));
#8386=ORIENTED_EDGE('',*,*,#8389,.T.);
#8387=ORIENTED_EDGE('',*,*,#8390,.T.);
#8388=ORIENTED_EDGE('',*,*,#8391,.T.);
#8389=EDGE_CURVE('',#198,#202,#8392,.F.);
#8390=EDGE_CURVE('',#202,#430,#8393,.T.);
#8391=EDGE_CURVE('',#430,#198,#8394,.T.);
#8392=LINE('',#197,#8395);
#8393=LINE('',#201,#8396);
#8394=LINE('',#429,#8397);
#8395=VECTOR('',#8398,1.0);
#8396=VECTOR('',#8399,1.0);
#8397=VECTOR('',#8400,1.0);
#8398=DIRECTION('',(0,-0.7617303411815367,-0.647894194543723));
#8399=DIRECTION('',(0,0.8102411430535783,-0.5860966559393005));
#8400=DIRECTION('',(0,-0.7983693296158998,0.602168094080597));
#8401=STYLED_ITEM('',(#25),#8402);
#8402=FACE_SURFACE('',(#8407),#8403,.T.);
#8403=PLANE('',#8404);
#8404=AXIS2_PLACEMENT_3D('',#429,#8405,#8406);
#8405=DIRECTION('',(1,0,0));
#8406=DIRECTION('',(0,-0.8102411430535783,0.5860966559393005));
#8407=FACE_BOUND('',#8408,.T.);
#8408=EDGE_LOOP('',(#8409,#8410,#8411));
#8409=ORIENTED_EDGE('',*,*,#8412,.T.);
#8410=ORIENTED_EDGE('',*,*,#8413,.T.);
#8411=ORIENTED_EDGE('',*,*,#8414,.T.);
#8412=EDGE_CURVE('',#430,#202,#8415,.F.);
#8413=EDGE_CURVE('',#202,#206,#8416,.T.);
#8414=EDGE_CURVE('',#206,#430,#8417,.T.);
#8415=LINE('',#429,#8418);
#8416=LINE('',#201,#8419);
#8417=LINE('',#205,#8420);
#8418=VECTOR('',#8421,1.0);
#8419=VECTOR('',#8422,1.0);
#8420=VECTOR('',#8423,1.0);
#8421=DIRECTION('',(0,-0.8102411430535783,0.5860966559393005));
#8422=DIRECTION('',(0,-0.7349864321881057,-0.6780818125413771));
#8423=DIRECTION('',(0,0.8217912143797972,-0.5697887327494098));
#8424=STYLED_ITEM('',(#25),#8425);
#8425=FACE_SURFACE('',(#8430),#8426,.T.);
#8426=PLANE('',#8427);
#8427=AXIS2_PLACEMENT_3D('',#429,#8428,#8429);
#8428=DIRECTION('',(1,0,0));
#8429=DIRECTION('',(0,-0.8217912143797972,0.5697887327494098));
#8430=FACE_BOUND('',#8431,.T.);
#8431=EDGE_LOOP('',(#8432,#8433,#8434));
#8432=ORIENTED_EDGE('',*,*,#8435,.T.);
#8433=ORIENTED_EDGE('',*,*,#8436,.T.);
#8434=ORIENTED_EDGE('',*,*,#8437,.T.);
#8435=EDGE_CURVE('',#430,#206,#8438,.F.);
#8436=EDGE_CURVE('',#206,#210,#8439,.T.);
#8437=EDGE_CURVE('',#210,#430,#8440,.T.);
#8438=LINE('',#429,#8441);
#8439=LINE('',#205,#8442);
#8440=LINE('',#209,#8443);
#8441=VECTOR('',#8444,1.0);
#8442=VECTOR('',#8445,1.0);
#8443=VECTOR('',#8446,1.0);
#8444=DIRECTION('',(0,-0.8217912143797972,0.5697887327494098));
#8445=DIRECTION('',(0,-0.7071351971182442,-0.7070783641128767));
#8446=DIRECTION('',(0,0.8330128295955405,-0.553253672133526));
#8447=STYLED_ITEM('',(#25),#8448);
#8448=FACE_SURFACE('',(#8453),#8449,.T.);
#8449=PLANE('',#8450);
#8450=AXIS2_PLACEMENT_3D('',#209,#8451,#8452);
#8451=DIRECTION('',(1,0,0));
#8452=DIRECTION('',(0,-0.6780511115359318,-0.7350147550525006));
#8453=FACE_BOUND('',#8454,.T.);
#8454=EDGE_LOOP('',(#8455,#8456,#8457));
#8455=ORIENTED_EDGE('',*,*,#8458,.T.);
#8456=ORIENTED_EDGE('',*,*,#8459,.T.);
#8457=ORIENTED_EDGE('',*,*,#8460,.T.);
#8458=EDGE_CURVE('',#210,#214,#8461,.F.);
#8459=EDGE_CURVE('',#214,#430,#8462,.T.);
#8460=EDGE_CURVE('',#430,#210,#8463,.T.);
#8461=LINE('',#209,#8464);
#8462=LINE('',#213,#8465);
#8463=LINE('',#429,#8466);
#8464=VECTOR('',#8467,1.0);
#8465=VECTOR('',#8468,1.0);
#8466=VECTOR('',#8469,1.0);
#8467=DIRECTION('',(0,-0.6780511115359318,-0.7350147550525006));
#8468=DIRECTION('',(0,0.8439028674353566,-0.5364959928409373));
#8469=DIRECTION('',(0,-0.8330128295955405,0.553253672133526));
#8470=STYLED_ITEM('',(#25),#8471);
#8471=FACE_SURFACE('',(#8476),#8472,.T.);
#8472=PLANE('',#8473);
#8473=AXIS2_PLACEMENT_3D('',#429,#8474,#8475);
#8474=DIRECTION('',(1,0,0));
#8475=DIRECTION('',(0,-0.8439028674353566,0.5364959928409373));
#8476=FACE_BOUND('',#8477,.T.);
#8477=EDGE_LOOP('',(#8478,#8479,#8480));
#8478=ORIENTED_EDGE('',*,*,#8481,.T.);
#8479=ORIENTED_EDGE('',*,*,#8482,.T.);
#8480=ORIENTED_EDGE('',*,*,#8483,.T.);
#8481=EDGE_CURVE('',#430,#214,#8484,.F.);
#8482=EDGE_CURVE('',#214,#218,#8485,.T.);
#8483=EDGE_CURVE('',#218,#430,#8486,.T.);
#8484=LINE('',#429,#8487);
#8485=LINE('',#213,#8488);
#8486=LINE('',#217,#8489);
#8487=VECTOR('',#8490,1.0);
#8488=VECTOR('',#8491,1.0);
#8489=VECTOR('',#8492,1.0);
#8490=DIRECTION('',(0,-0.8439028674353566,0.5364959928409373));
#8491=DIRECTION('',(0,-0.6478991222486277,-0.7617261498658543));
#8492=DIRECTION('',(0,0.8544568628959172,-0.5195223474019841));
#8493=STYLED_ITEM('',(#25),#8494);
#8494=FACE_SURFACE('',(#8499),#8495,.T.);
#8495=PLANE('',#8496);
#8496=AXIS2_PLACEMENT_3D('',#429,#8497,#8498);
#8497=DIRECTION('',(1,0,0));
#8498=DIRECTION('',(0,-0.8544568628959172,0.5195223474019841));
#8499=FACE_BOUND('',#8500,.T.);
#8500=EDGE_LOOP('',(#8501,#8502,#8503));
#8501=ORIENTED_EDGE('',*,*,#8504,.T.);
#8502=ORIENTED_EDGE('',*,*,#8505,.T.);
#8503=ORIENTED_EDGE('',*,*,#8506,.T.);
#8504=EDGE_CURVE('',#430,#218,#8507,.F.);
#8505=EDGE_CURVE('',#218,#222,#8508,.T.);
#8506=EDGE_CURVE('',#222,#430,#8509,.T.);
#8507=LINE('',#429,#8510);
#8508=LINE('',#217,#8511);
#8509=LINE('',#221,#8512);
#8510=VECTOR('',#8513,1.0);
#8511=VECTOR('',#8514,1.0);
#8512=VECTOR('',#8515,1.0);
#8513=DIRECTION('',(0,-0.8544568628959172,0.5195223474019841));
#8514=DIRECTION('',(0,-0.6167316320363128,-0.7871734840845606));
#8515=DIRECTION('',(0,0.8646690637408665,-0.5023419255940055));
#8516=STYLED_ITEM('',(#25),#8517);
#8517=FACE_SURFACE('',(#8522),#8518,.T.);
#8518=PLANE('',#8519);
#8519=AXIS2_PLACEMENT_3D('',#221,#8520,#8521);
#8520=DIRECTION('',(1,0,0));
#8521=DIRECTION('',(0,-0.5845162967215384,-0.8113819685369761));
#8522=FACE_BOUND('',#8523,.T.);
#8523=EDGE_LOOP('',(#8524,#8525,#8526));
#8524=ORIENTED_EDGE('',*,*,#8527,.T.);
#8525=ORIENTED_EDGE('',*,*,#8528,.T.);
#8526=ORIENTED_EDGE('',*,*,#8529,.T.);
#8527=EDGE_CURVE('',#222,#226,#8530,.F.);
#8528=EDGE_CURVE('',#226,#430,#8531,.T.);
#8529=EDGE_CURVE('',#430,#222,#8532,.T.);
#8530=LINE('',#221,#8533);
#8531=LINE('',#225,#8534);
#8532=LINE('',#429,#8535);
#8533=VECTOR('',#8536,1.0);
#8534=VECTOR('',#8537,1.0);
#8535=VECTOR('',#8538,1.0);
#8536=DIRECTION('',(0,-0.5845162967215384,-0.8113819685369761));
#8537=DIRECTION('',(0,0.8745367217075126,-0.48495929972016916));
#8538=DIRECTION('',(0,-0.8646690637408665,0.5023419255940055));
#8539=STYLED_ITEM('',(#25),#8540);
#8540=FACE_SURFACE('',(#8545),#8541,.T.);
#8541=PLANE('',#8542);
#8542=AXIS2_PLACEMENT_3D('',#429,#8543,#8544);
#8543=DIRECTION('',(1,0,0));
#8544=DIRECTION('',(0,-0.8745367217075126,0.48495929972016916));
#8545=FACE_BOUND('',#8546,.T.);
#8546=EDGE_LOOP('',(#8547,#8548,#8549));
#8547=ORIENTED_EDGE('',*,*,#8550,.T.);
#8548=ORIENTED_EDGE('',*,*,#8551,.T.);
#8549=ORIENTED_EDGE('',*,*,#8552,.T.);
#8550=EDGE_CURVE('',#430,#226,#8553,.F.);
#8551=EDGE_CURVE('',#226,#230,#8554,.T.);
#8552=EDGE_CURVE('',#230,#430,#8555,.T.);
#8553=LINE('',#429,#8556);
#8554=LINE('',#225,#8557);
#8555=LINE('',#229,#8558);
#8556=VECTOR('',#8559,1.0);
#8557=VECTOR('',#8560,1.0);
#8558=VECTOR('',#8561,1.0);
#8559=DIRECTION('',(0,-0.8745367217075126,0.48495929972016916));
#8560=DIRECTION('',(0,-0.5513646386610103,-0.8342643677121862));
#8561=DIRECTION('',(0,0.8840552739932017,-0.46738236223118756));
#8562=STYLED_ITEM('',(#25),#8563);
#8563=FACE_SURFACE('',(#8568),#8564,.T.);
#8564=PLANE('',#8565);
#8565=AXIS2_PLACEMENT_3D('',#429,#8566,#8567);
#8566=DIRECTION('',(1,0,0));
#8567=DIRECTION('',(0,-0.8840552739932017,0.46738236223118756));
#8568=FACE_BOUND('',#8569,.T.);
#8569=EDGE_LOOP('',(#8570,#8571,#8572));
#8570=ORIENTED_EDGE('',*,*,#8573,.T.);
#8571=ORIENTED_EDGE('',*,*,#8574,.T.);
#8572=ORIENTED_EDGE('',*,*,#8575,.T.);
#8573=EDGE_CURVE('',#430,#230,#8576,.F.);
#8574=EDGE_CURVE('',#230,#234,#8577,.T.);
#8575=EDGE_CURVE('',#234,#430,#8578,.T.);
#8576=LINE('',#429,#8579);
#8577=LINE('',#229,#8580);
#8578=LINE('',#233,#8581);
#8579=VECTOR('',#8582,1.0);
#8580=VECTOR('',#8583,1.0);
#8581=VECTOR('',#8584,1.0);
#8582=DIRECTION('',(0,-0.8840552739932017,0.46738236223118756));
#8583=DIRECTION('',(0,-0.5173596526008748,-0.8557680701339014));
#8584=DIRECTION('',(0,0.8932201529650524,-0.4496195706784665));
#8585=STYLED_ITEM('',(#25),#8586);
#8586=FACE_SURFACE('',(#8591),#8587,.T.);
#8587=PLANE('',#8588);
#8588=AXIS2_PLACEMENT_3D('',#233,#8589,#8590);
#8589=DIRECTION('',(1,0,0));
#8590=DIRECTION('',(0,-0.4824422343330263,-0.8759277884230853));
#8591=FACE_BOUND('',#8592,.T.);
#8592=EDGE_LOOP('',(#8593,#8594,#8595));
#8593=ORIENTED_EDGE('',*,*,#8596,.T.);
#8594=ORIENTED_EDGE('',*,*,#8597,.T.);
#8595=ORIENTED_EDGE('',*,*,#8598,.T.);
#8596=EDGE_CURVE('',#234,#238,#8599,.F.);
#8597=EDGE_CURVE('',#238,#430,#8600,.T.);
#8598=EDGE_CURVE('',#430,#234,#8601,.T.);
#8599=LINE('',#233,#8602);
#8600=LINE('',#237,#8603);
#8601=LINE('',#429,#8604);
#8602=VECTOR('',#8605,1.0);
#8603=VECTOR('',#8606,1.0);
#8604=VECTOR('',#8607,1.0);
#8605=DIRECTION('',(0,-0.4824422343330263,-0.8759277884230853));
#8606=DIRECTION('',(0,0.9020290709135331,-0.43167528910845515));
#8607=DIRECTION('',(0,-0.8932201529650524,0.4496195706784665));
#8608=STYLED_ITEM('',(#25),#8609);
#8609=FACE_SURFACE('',(#8614),#8610,.T.);
#8610=PLANE('',#8611);
#8611=AXIS2_PLACEMENT_3D('',#429,#8612,#8613);
#8612=DIRECTION('',(1,0,0));
#8613=DIRECTION('',(0,-0.9020290709135331,0.43167528910845515));
#8614=FACE_BOUND('',#8615,.T.);
#8615=EDGE_LOOP('',(#8616,#8617,#8618));
#8616=ORIENTED_EDGE('',*,*,#8619,.T.);
#8617=ORIENTED_EDGE('',*,*,#8620,.T.);
#8618=ORIENTED_EDGE('',*,*,#8621,.T.);
#8619=EDGE_CURVE('',#430,#238,#8622,.F.);
#8620=EDGE_CURVE('',#238,#242,#8623,.T.);
#8621=EDGE_CURVE('',#242,#430,#8624,.T.);
#8622=LINE('',#429,#8625);
#8623=LINE('',#237,#8626);
#8624=LINE('',#241,#8627);
#8625=VECTOR('',#8628,1.0);
#8626=VECTOR('',#8629,1.0);
#8627=VECTOR('',#8630,1.0);
#8628=DIRECTION('',(0,-0.9020290709135331,0.43167528910845515));
#8629=DIRECTION('',(0,-0.44681951132126013,-0.894624124592351));
#8630=DIRECTION('',(0,0.9104771002106753,-0.4135594878514577));
#8631=STYLED_ITEM('',(#25),#8632);
#8632=FACE_SURFACE('',(#8637),#8633,.T.);
#8633=PLANE('',#8634);
#8634=AXIS2_PLACEMENT_3D('',#429,#8635,#8636);
#8635=DIRECTION('',(1,0,0));
#8636=DIRECTION('',(0,-0.9104771002106753,0.4135594878514577));
#8637=FACE_BOUND('',#8638,.T.);
#8638=EDGE_LOOP('',(#8639,#8640,#8641));
#8639=ORIENTED_EDGE('',*,*,#8642,.T.);
#8640=ORIENTED_EDGE('',*,*,#8643,.T.);
#8641=ORIENTED_EDGE('',*,*,#8644,.T.);
#8642=EDGE_CURVE('',#430,#242,#8645,.F.);
#8643=EDGE_CURVE('',#242,#246,#8646,.T.);
#8644=EDGE_CURVE('',#246,#430,#8647,.T.);
#8645=LINE('',#429,#8648);
#8646=LINE('',#241,#8649);
#8647=LINE('',#245,#8650);
#8648=VECTOR('',#8651,1.0);
#8649=VECTOR('',#8652,1.0);
#8650=VECTOR('',#8653,1.0);
#8651=DIRECTION('',(0,-0.9104771002106753,0.4135594878514577));
#8652=DIRECTION('',(0,-0.4103961828126603,-0.911907327052918));
#8653=DIRECTION('',(0,0.9185619961423517,-0.39527693993323004));
#8654=STYLED_ITEM('',(#25),#8655);
#8655=FACE_SURFACE('',(#8660),#8656,.T.);
#8656=PLANE('',#8657);
#8657=AXIS2_PLACEMENT_3D('',#245,#8658,#8659);
#8658=DIRECTION('',(1,0,0));
#8659=DIRECTION('',(0,-0.3733790064096771,-0.9276788871007696));
#8660=FACE_BOUND('',#8661,.T.);
#8661=EDGE_LOOP('',(#8662,#8663,#8664));
#8662=ORIENTED_EDGE('',*,*,#8665,.T.);
#8663=ORIENTED_EDGE('',*,*,#8666,.T.);
#8664=ORIENTED_EDGE('',*,*,#8667,.T.);
#8665=EDGE_CURVE('',#246,#250,#8668,.F.);
#8666=EDGE_CURVE('',#250,#430,#8669,.T.);
#8667=EDGE_CURVE('',#430,#246,#8670,.T.);
#8668=LINE('',#245,#8671);
#8669=LINE('',#249,#8672);
#8670=LINE('',#429,#8673);
#8671=VECTOR('',#8674,1.0);
#8672=VECTOR('',#8675,1.0);
#8673=VECTOR('',#8676,1.0);
#8674=DIRECTION('',(0,-0.3733790064096771,-0.9276788871007696));
#8675=DIRECTION('',(0,0.9262791061211562,-0.3768381848531167));
#8676=DIRECTION('',(0,-0.9185619961423517,0.39527693993323004));
#8677=STYLED_ITEM('',(#25),#8678);
#8678=FACE_SURFACE('',(#8683),#8679,.T.);
#8679=PLANE('',#8680);
#8680=AXIS2_PLACEMENT_3D('',#429,#8681,#8682);
#8681=DIRECTION('',(1,0,0));
#8682=DIRECTION('',(0,-0.9262791061211562,0.3768381848531167));
#8683=FACE_BOUND('',#8684,.T.);
#8684=EDGE_LOOP('',(#8685,#8686,#8687));
#8685=ORIENTED_EDGE('',*,*,#8688,.T.);
#8686=ORIENTED_EDGE('',*,*,#8689,.T.);
#8687=ORIENTED_EDGE('',*,*,#8690,.T.);
#8688=EDGE_CURVE('',#430,#250,#8691,.F.);
#8689=EDGE_CURVE('',#250,#254,#8692,.T.);
#8690=EDGE_CURVE('',#254,#430,#8693,.T.);
#8691=LINE('',#429,#8694);
#8692=LINE('',#249,#8695);
#8693=LINE('',#253,#8696);
#8694=VECTOR('',#8697,1.0);
#8695=VECTOR('',#8698,1.0);
#8696=VECTOR('',#8699,1.0);
#8697=DIRECTION('',(0,-0.9262791061211562,0.3768381848531167));
#8698=DIRECTION('',(0,-0.33570508625329315,-0.9419671411804496));
#8699=DIRECTION('',(0,0.933626332418401,-0.3582483376304288));
#8700=STYLED_ITEM('',(#25),#8701);
#8701=FACE_SURFACE('',(#8706),#8702,.T.);
#8702=PLANE('',#8703);
#8703=AXIS2_PLACEMENT_3D('',#429,#8704,#8705);
#8704=DIRECTION('',(1,0,0));
#8705=DIRECTION('',(0,-0.933626332418401,0.3582483376304288));
#8706=FACE_BOUND('',#8707,.T.);
#8707=EDGE_LOOP('',(#8708,#8709,#8710));
#8708=ORIENTED_EDGE('',*,*,#8711,.T.);
#8709=ORIENTED_EDGE('',*,*,#8712,.T.);
#8710=ORIENTED_EDGE('',*,*,#8713,.T.);
#8711=EDGE_CURVE('',#430,#254,#8714,.F.);
#8712=EDGE_CURVE('',#254,#258,#8715,.T.);
#8713=EDGE_CURVE('',#258,#430,#8716,.T.);
#8714=LINE('',#429,#8717);
#8715=LINE('',#253,#8718);
#8716=LINE('',#257,#8719);
#8717=VECTOR('',#8720,1.0);
#8718=VECTOR('',#8721,1.0);
#8719=VECTOR('',#8722,1.0);
#8720=DIRECTION('',(0,-0.933626332418401,0.3582483376304288));
#8721=DIRECTION('',(0,-0.29749830276867073,-0.9547223469940149));
#8722=DIRECTION('',(0,0.9406007859815126,-0.33951459675684137));
#8723=STYLED_ITEM('',(#25),#8724);
#8724=FACE_SURFACE('',(#8729),#8725,.T.);
#8725=PLANE('',#8726);
#8726=AXIS2_PLACEMENT_3D('',#257,#8727,#8728);
#8727=DIRECTION('',(1,0,0));
#8728=DIRECTION('',(0,-0.25881562630317306,-0.965926742347108));
#8729=FACE_BOUND('',#8730,.T.);
#8730=EDGE_LOOP('',(#8731,#8732,#8733));
#8731=ORIENTED_EDGE('',*,*,#8734,.T.);
#8732=ORIENTED_EDGE('',*,*,#8735,.T.);
#8733=ORIENTED_EDGE('',*,*,#8736,.T.);
#8734=EDGE_CURVE('',#258,#262,#8737,.F.);
#8735=EDGE_CURVE('',#262,#430,#8738,.T.);
#8736=EDGE_CURVE('',#430,#258,#8739,.T.);
#8737=LINE('',#257,#8740);
#8738=LINE('',#261,#8741);
#8739=LINE('',#429,#8742);
#8740=VECTOR('',#8743,1.0);
#8741=VECTOR('',#8744,1.0);
#8742=VECTOR('',#8745,1.0);
#8743=DIRECTION('',(0,-0.25881562630317306,-0.965926742347108));
#8744=DIRECTION('',(0,0.9471988185995404,-0.3206468431836418));
#8745=DIRECTION('',(0,-0.9406007859815126,0.33951459675684137));
#8746=STYLED_ITEM('',(#25),#8747);
#8747=FACE_SURFACE('',(#8752),#8748,.T.);
#8748=PLANE('',#8749);
#8749=AXIS2_PLACEMENT_3D('',#429,#8750,#8751);
#8750=DIRECTION('',(1,0,0));
#8751=DIRECTION('',(0,-0.9471988185995404,0.3206468431836418));
#8752=FACE_BOUND('',#8753,.T.);
#8753=EDGE_LOOP('',(#8754,#8755,#8756));
#8754=ORIENTED_EDGE('',*,*,#8757,.T.);
#8755=ORIENTED_EDGE('',*,*,#8758,.T.);
#8756=ORIENTED_EDGE('',*,*,#8759,.T.);
#8757=EDGE_CURVE('',#430,#262,#8760,.F.);
#8758=EDGE_CURVE('',#262,#266,#8761,.T.);
#8759=EDGE_CURVE('',#266,#430,#8762,.T.);
#8760=LINE('',#429,#8763);
#8761=LINE('',#261,#8764);
#8762=LINE('',#265,#8765);
#8763=VECTOR('',#8766,1.0);
#8764=VECTOR('',#8767,1.0);
#8765=VECTOR('',#8768,1.0);
#8766=DIRECTION('',(0,-0.9471988185995404,0.3206468431836418));
#8767=DIRECTION('',(0,-0.21971953739395766,-0.9755630809370479));
#8768=DIRECTION('',(0,0.9534186613549344,-0.30165022158149485));
#8769=STYLED_ITEM('',(#25),#8770);
#8770=FACE_SURFACE('',(#8775),#8771,.T.);
#8771=PLANE('',#8772);
#8772=AXIS2_PLACEMENT_3D('',#429,#8773,#8774);
#8773=DIRECTION('',(1,0,0));
#8774=DIRECTION('',(0,-0.9534186613549344,0.30165022158149485));
#8775=FACE_BOUND('',#8776,.T.);
#8776=EDGE_LOOP('',(#8777,#8778,#8779));
#8777=ORIENTED_EDGE('',*,*,#8780,.T.);
#8778=ORIENTED_EDGE('',*,*,#8781,.T.);
#8779=ORIENTED_EDGE('',*,*,#8782,.T.);
#8780=EDGE_CURVE('',#430,#266,#8783,.F.);
#8781=EDGE_CURVE('',#266,#270,#8784,.T.);
#8782=EDGE_CURVE('',#270,#430,#8785,.T.);
#8783=LINE('',#429,#8786);
#8784=LINE('',#265,#8787);
#8785=LINE('',#269,#8788);
#8786=VECTOR('',#8789,1.0);
#8787=VECTOR('',#8790,1.0);
#8788=VECTOR('',#8791,1.0);
#8789=DIRECTION('',(0,-0.9534186613549344,0.30165022158149485));
#8790=DIRECTION('',(0,-0.18024722735729523,-0.9836213382343876));
#8791=DIRECTION('',(0,0.9592572204913367,-0.2825342190518437));
#8792=STYLED_ITEM('',(#25),#8793);
#8793=FACE_SURFACE('',(#8798),#8794,.T.);
#8794=PLANE('',#8795);
#8795=AXIS2_PLACEMENT_3D('',#269,#8796,#8797);
#8796=DIRECTION('',(1,0,0));
#8797=DIRECTION('',(0,-0.1405063093475497,-0.9900797831657461));
#8798=FACE_BOUND('',#8799,.T.);
#8799=EDGE_LOOP('',(#8800,#8801,#8802));
#8800=ORIENTED_EDGE('',*,*,#8803,.T.);
#8801=ORIENTED_EDGE('',*,*,#8804,.T.);
#8802=ORIENTED_EDGE('',*,*,#8805,.T.);
#8803=EDGE_CURVE('',#270,#274,#8806,.F.);
#8804=EDGE_CURVE('',#274,#430,#8807,.T.);
#8805=EDGE_CURVE('',#430,#270,#8808,.T.);
#8806=LINE('',#269,#8809);
#8807=LINE('',#273,#8810);
#8808=LINE('',#429,#8811);
#8809=VECTOR('',#8812,1.0);
#8810=VECTOR('',#8813,1.0);
#8811=VECTOR('',#8814,1.0);
#8812=DIRECTION('',(0,-0.1405063093475497,-0.9900797831657461));
#8813=DIRECTION('',(0,0.9647122603061723,-0.26330638962044994));
#8814=DIRECTION('',(0,-0.9592572204913367,0.2825342190518437));
#8815=STYLED_ITEM('',(#25),#8816);
#8816=FACE_SURFACE('',(#8821),#8817,.T.);
#8817=PLANE('',#8818);
#8818=AXIS2_PLACEMENT_3D('',#429,#8819,#8820);
#8819=DIRECTION('',(1,0,0));
#8820=DIRECTION('',(0,-0.9647122603061723,0.26330638962044994));
#8821=FACE_BOUND('',#8822,.T.);
#8822=EDGE_LOOP('',(#8823,#8824,#8825));
#8823=ORIENTED_EDGE('',*,*,#8826,.T.);
#8824=ORIENTED_EDGE('',*,*,#8827,.T.);
#8825=ORIENTED_EDGE('',*,*,#8828,.T.);
#8826=EDGE_CURVE('',#430,#274,#8829,.F.);
#8827=EDGE_CURVE('',#274,#278,#8830,.T.);
#8828=EDGE_CURVE('',#278,#430,#8831,.T.);
#8829=LINE('',#429,#8832);
#8830=LINE('',#273,#8833);
#8831=LINE('',#277,#8834);
#8832=VECTOR('',#8835,1.0);
#8833=VECTOR('',#8836,1.0);
#8834=VECTOR('',#8837,1.0);
#8835=DIRECTION('',(0,-0.9647122603061723,0.26330638962044994));
#8836=DIRECTION('',(0,-0.10051651144478188,-0.9949353903279202));
#8837=DIRECTION('',(0,0.9697816761066128,-0.24397438531093543));
#8838=STYLED_ITEM('',(#25),#8839);
#8839=FACE_SURFACE('',(#8844),#8840,.T.);
#8840=PLANE('',#8841);
#8841=AXIS2_PLACEMENT_3D('',#421,#8842,#8843);
#8842=DIRECTION('',(1,0,0));
#8843=DIRECTION('',(0,0.31096190888173186,-0.9504223751704447));
#8844=FACE_BOUND('',#8845,.T.);
#8845=EDGE_LOOP('',(#8846,#8847,#8848));
#8846=ORIENTED_EDGE('',*,*,#8849,.T.);
#8847=ORIENTED_EDGE('',*,*,#8850,.T.);
#8848=ORIENTED_EDGE('',*,*,#8851,.T.);
#8849=EDGE_CURVE('',#422,#490,#8852,.F.);
#8850=EDGE_CURVE('',#490,#66,#8853,.T.);
#8851=EDGE_CURVE('',#66,#422,#8854,.T.);
#8852=LINE('',#421,#8855);
#8853=LINE('',#489,#8856);
#8854=LINE('',#65,#8857);
#8855=VECTOR('',#8858,1.0);
#8856=VECTOR('',#8859,1.0);
#8857=VECTOR('',#8860,1.0);
#8858=DIRECTION('',(0,0.31096190888173186,-0.9504223751704447));
#8859=DIRECTION('',(0,0.8857837988511139,-0.4640981164504865));
#8860=DIRECTION('',(0,-0.6786031458742651,0.7345051193896138));
#8861=STYLED_ITEM('',(#25),#8862);
#8862=FACE_SURFACE('',(#8867),#8863,.T.);
#8863=PLANE('',#8864);
#8864=AXIS2_PLACEMENT_3D('',#65,#8865,#8866);
#8865=DIRECTION('',(1,0,0));
#8866=DIRECTION('',(0,-0.8857837988511139,0.4640981164504865));
#8867=FACE_BOUND('',#8868,.T.);
#8868=EDGE_LOOP('',(#8869,#8870,#8871));
#8869=ORIENTED_EDGE('',*,*,#8872,.T.);
#8870=ORIENTED_EDGE('',*,*,#8873,.T.);
#8871=ORIENTED_EDGE('',*,*,#8874,.T.);
#8872=EDGE_CURVE('',#66,#490,#8875,.F.);
#8873=EDGE_CURVE('',#490,#80,#8876,.T.);
#8874=EDGE_CURVE('',#80,#66,#8877,.T.);
#8875=LINE('',#65,#8878);
#8876=LINE('',#489,#8879);
#8877=LINE('',#79,#8880);
#8878=VECTOR('',#8881,1.0);
#8879=VECTOR('',#8882,1.0);
#8880=VECTOR('',#8883,1.0);
#8881=DIRECTION('',(0,-0.8857837988511139,0.4640981164504865));
#8882=DIRECTION('',(0,-0.22950254164650435,-0.9733080619093806));
#8883=DIRECTION('',(0,0.9733089406423667,-0.22949881495474816));
#8884=STYLED_ITEM('',(#25),#8885);
#8885=FACE_SURFACE('',(#8890),#8886,.T.);
#8886=PLANE('',#8887);
#8887=AXIS2_PLACEMENT_3D('',#115,#8888,#8889);
#8888=DIRECTION('',(0,0,1));
#8889=DIRECTION('',(1,0,0));
#8890=FACE_BOUND('',#8891,.T.);
#8891=EDGE_LOOP('',(#8892,#8893,#8894));
#8892=ORIENTED_EDGE('',*,*,#8895,.T.);
#8893=ORIENTED_EDGE('',*,*,#8896,.T.);
#8894=ORIENTED_EDGE('',*,*,#8897,.T.);
#8895=EDGE_CURVE('',#116,#162,#8898,.F.);
#8896=EDGE_CURVE('',#162,#120,#8899,.T.);
#8897=EDGE_CURVE('',#120,#116,#8900,.T.);
#8898=LINE('',#115,#8901);
#8899=LINE('',#161,#8902);
#8900=LINE('',#119,#8903);
#8901=VECTOR('',#8904,1.0);
#8902=VECTOR('',#8905,1.0);
#8903=VECTOR('',#8906,1.0);
#8904=DIRECTION('',(1,0,0));
#8905=DIRECTION('',(-0.3511234415883917,0.9363291775690445,0));
#8906=DIRECTION('',(0,-1,0));
#8907=STYLED_ITEM('',(#25),#8908);
#8908=FACE_SURFACE('',(#8913),#8909,.T.);
#8909=PLANE('',#8910);
#8910=AXIS2_PLACEMENT_3D('',#119,#8911,#8912);
#8911=DIRECTION('',(-0,0,1));
#8912=DIRECTION('',(0.3511234415883917,-0.9363291775690445,0));
#8913=FACE_BOUND('',#8914,.T.);
#8914=EDGE_LOOP('',(#8915,#8916,#8917));
#8915=ORIENTED_EDGE('',*,*,#8918,.T.);
#8916=ORIENTED_EDGE('',*,*,#8919,.T.);
#8917=ORIENTED_EDGE('',*,*,#8920,.T.);
#8918=EDGE_CURVE('',#120,#162,#8921,.F.);
#8919=EDGE_CURVE('',#162,#488,#8922,.T.);
#8920=EDGE_CURVE('',#488,#120,#8923,.T.);
#8921=LINE('',#119,#8924);
#8922=LINE('',#161,#8925);
#8923=LINE('',#487,#8926);
#8924=VECTOR('',#8927,1.0);
#8925=VECTOR('',#8928,1.0);
#8926=VECTOR('',#8929,1.0);
#8927=DIRECTION('',(0.3511234415883917,-0.9363291775690445,0));
#8928=DIRECTION('',(0,1,0));
#8929=DIRECTION('',(-0.23146276109650096,-0.9728437645509087,0));
#8930=STYLED_ITEM('',(#25),#8931);
#8931=FACE_SURFACE('',(#8936),#8932,.T.);
#8932=PLANE('',#8933);
#8933=AXIS2_PLACEMENT_3D('',#119,#8934,#8935);
#8934=DIRECTION('',(0,-0,1));
#8935=DIRECTION('',(0.23146276109650096,0.9728437645509087,0));
#8936=FACE_BOUND('',#8937,.T.);
#8937=EDGE_LOOP('',(#8938,#8939,#8940));
#8938=ORIENTED_EDGE('',*,*,#8941,.T.);
#8939=ORIENTED_EDGE('',*,*,#8942,.T.);
#8940=ORIENTED_EDGE('',*,*,#8943,.T.);
#8941=EDGE_CURVE('',#120,#488,#8944,.F.);
#8942=EDGE_CURVE('',#488,#122,#8945,.T.);
#8943=EDGE_CURVE('',#122,#120,#8946,.T.);
#8944=LINE('',#119,#8947);
#8945=LINE('',#487,#8948);
#8946=LINE('',#121,#8949);
#8947=VECTOR('',#8950,1.0);
#8948=VECTOR('',#8951,1.0);
#8949=VECTOR('',#8952,1.0);
#8950=DIRECTION('',(0.23146276109650096,0.9728437645509087,0));
#8951=DIRECTION('',(-0.8768739470459898,-0.48072037713413657,0));
#8952=DIRECTION('',(1,0,0));
#8953=STYLED_ITEM('',(#25),#8954);
#8954=FACE_SURFACE('',(#8959),#8955,.T.);
#8955=PLANE('',#8956);
#8956=AXIS2_PLACEMENT_3D('',#121,#8957,#8958);
#8957=DIRECTION('',(0,-0,1));
#8958=DIRECTION('',(0.8768739470459898,0.48072037713413657,0));
#8959=FACE_BOUND('',#8960,.T.);
#8960=EDGE_LOOP('',(#8961,#8962,#8963));
#8961=ORIENTED_EDGE('',*,*,#8964,.T.);
#8962=ORIENTED_EDGE('',*,*,#8965,.T.);
#8963=ORIENTED_EDGE('',*,*,#8966,.T.);
#8964=EDGE_CURVE('',#122,#488,#8967,.F.);
#8965=EDGE_CURVE('',#488,#492,#8968,.T.);
#8966=EDGE_CURVE('',#492,#122,#8969,.T.);
#8967=LINE('',#121,#8970);
#8968=LINE('',#487,#8971);
#8969=LINE('',#491,#8972);
#8970=VECTOR('',#8973,1.0);
#8971=VECTOR('',#8974,1.0);
#8972=VECTOR('',#8975,1.0);
#8973=DIRECTION('',(0.8768739470459898,0.48072037713413657,0));
#8974=DIRECTION('',(-1,0,0));
#8975=DIRECTION('',(0.23146276109650096,-0.9728437645509087,0));
#8976=STYLED_ITEM('',(#25),#8977);
#8977=FACE_SURFACE('',(#8982),#8978,.T.);
#8978=PLANE('',#8979);
#8979=AXIS2_PLACEMENT_3D('',#121,#8980,#8981);
#8980=DIRECTION('',(0,0,1));
#8981=DIRECTION('',(-0.23146276109650096,0.9728437645509087,0));
#8982=FACE_BOUND('',#8983,.T.);
#8983=EDGE_LOOP('',(#8984,#8985,#8986));
#8984=ORIENTED_EDGE('',*,*,#8987,.T.);
#8985=ORIENTED_EDGE('',*,*,#8988,.T.);
#8986=ORIENTED_EDGE('',*,*,#8989,.T.);
#8987=EDGE_CURVE('',#122,#492,#8990,.F.);
#8988=EDGE_CURVE('',#492,#412,#8991,.T.);
#8989=EDGE_CURVE('',#412,#122,#8992,.T.);
#8990=LINE('',#121,#8993);
#8991=LINE('',#491,#8994);
#8992=LINE('',#411,#8995);
#8993=VECTOR('',#8996,1.0);
#8994=VECTOR('',#8997,1.0);
#8995=VECTOR('',#8998,1.0);
#8996=DIRECTION('',(-0.23146276109650096,0.9728437645509087,0));
#8997=DIRECTION('',(0,-1,0));
#8998=DIRECTION('',(0.3511234415883917,0.9363291775690445,0));
#8999=STYLED_ITEM('',(#25),#9000);
#9000=FACE_SURFACE('',(#9005),#9001,.T.);
#9001=PLANE('',#9002);
#9002=AXIS2_PLACEMENT_3D('',#411,#9003,#9004);
#9003=DIRECTION('',(0,0,1));
#9004=DIRECTION('',(1,0,0));
#9005=FACE_BOUND('',#9006,.T.);
#9006=EDGE_LOOP('',(#9007,#9008,#9009));
#9007=ORIENTED_EDGE('',*,*,#9010,.T.);
#9008=ORIENTED_EDGE('',*,*,#9011,.T.);
#9009=ORIENTED_EDGE('',*,*,#9012,.T.);
#9010=EDGE_CURVE('',#412,#132,#9013,.F.);
#9011=EDGE_CURVE('',#132,#122,#9014,.T.);
#9012=EDGE_CURVE('',#122,#412,#9015,.T.);
#9013=LINE('',#411,#9016);
#9014=LINE('',#131,#9017);
#9015=LINE('',#121,#9018);
#9016=VECTOR('',#9019,1.0);
#9017=VECTOR('',#9020,1.0);
#9018=VECTOR('',#9021,1.0);
#9019=DIRECTION('',(1,0,0));
#9020=DIRECTION('',(0,1,0));
#9021=DIRECTION('',(-0.3511234415883917,-0.9363291775690445,0));
#9022=STYLED_ITEM('',(#25),#9023);
#9023=FACE_SURFACE('',(#9028),#9024,.T.);
#9024=PLANE('',#9025);
#9025=AXIS2_PLACEMENT_3D('',#485,#9026,#9027);
#9026=DIRECTION('',(5.641223394097945E-07,0.9612283625245677,-0.2757535767275198));
#9027=DIRECTION('',(-0.9999999999998278,5.868765024037451E-07,0));
#9028=FACE_BOUND('',#9029,.T.);
#9029=EDGE_LOOP('',(#9030,#9031,#9032));
#9030=ORIENTED_EDGE('',*,*,#9033,.T.);
#9031=ORIENTED_EDGE('',*,*,#9034,.T.);
#9032=ORIENTED_EDGE('',*,*,#9035,.T.);
#9033=EDGE_CURVE('',#486,#494,#9036,.F.);
#9034=EDGE_CURVE('',#494,#488,#9037,.T.);
#9035=EDGE_CURVE('',#488,#486,#9038,.T.);
#9036=LINE('',#485,#9039);
#9037=LINE('',#493,#9040);
#9038=LINE('',#487,#9041);
#9039=VECTOR('',#9042,1.0);
#9040=VECTOR('',#9043,1.0);
#9041=VECTOR('',#9044,1.0);
#9042=DIRECTION('',(-0.9999999999998278,5.868765024037451E-07,0));
#9043=DIRECTION('',(0.9969024411636382,0.021686952848612707,0.07559893437159651));
#9044=DIRECTION('',(0,-0.2757535767275636,-0.9612283625247204));
#9045=STYLED_ITEM('',(#25),#9046);
#9046=FACE_SURFACE('',(#9051),#9047,.T.);
#9047=PLANE('',#9048);
#9048=AXIS2_PLACEMENT_3D('',#487,#9049,#9050);
#9049=DIRECTION('',(0,0.961230334282184,-0.27574670343589025));
#9050=DIRECTION('',(-0.9969024411636382,-0.021686952848612707,-0.07559893437159651));
#9051=FACE_BOUND('',#9052,.T.);
#9052=EDGE_LOOP('',(#9053,#9054,#9055));
#9053=ORIENTED_EDGE('',*,*,#9056,.T.);
#9054=ORIENTED_EDGE('',*,*,#9057,.T.);
#9055=ORIENTED_EDGE('',*,*,#9058,.T.);
#9056=EDGE_CURVE('',#488,#494,#9059,.F.);
#9057=EDGE_CURVE('',#494,#496,#9060,.T.);
#9058=EDGE_CURVE('',#496,#488,#9061,.T.);
#9059=LINE('',#487,#9062);
#9060=LINE('',#493,#9063);
#9061=LINE('',#495,#9064);
#9062=VECTOR('',#9065,1.0);
#9063=VECTOR('',#9066,1.0);
#9064=VECTOR('',#9067,1.0);
#9065=DIRECTION('',(-0.9969024411636382,-0.021686952848612707,-0.07559893437159651));
#9066=DIRECTION('',(-1,0,0));
#9067=DIRECTION('',(0.9992229040529103,0.01086871649153292,0.03788745198472855));
#9068=STYLED_ITEM('',(#25),#9069);
#9069=FACE_SURFACE('',(#9074),#9070,.T.);
#9070=PLANE('',#9071);
#9071=AXIS2_PLACEMENT_3D('',#487,#9072,#9073);
#9072=DIRECTION('',(0,0.9612303342821841,-0.2757467034358903));
#9073=DIRECTION('',(-0.9992229040529103,-0.01086871649153292,-0.03788745198472855));
#9074=FACE_BOUND('',#9075,.T.);
#9075=EDGE_LOOP('',(#9076,#9077,#9078));
#9076=ORIENTED_EDGE('',*,*,#9079,.T.);
#9077=ORIENTED_EDGE('',*,*,#9080,.T.);
#9078=ORIENTED_EDGE('',*,*,#9081,.T.);
#9079=EDGE_CURVE('',#488,#496,#9082,.F.);
#9080=EDGE_CURVE('',#496,#492,#9083,.T.);
#9081=EDGE_CURVE('',#492,#488,#9084,.T.);
#9082=LINE('',#487,#9085);
#9083=LINE('',#495,#9086);
#9084=LINE('',#491,#9087);
#9085=VECTOR('',#9088,1.0);
#9086=VECTOR('',#9089,1.0);
#9087=VECTOR('',#9090,1.0);
#9088=DIRECTION('',(-0.9992229040529103,-0.01086871649153292,-0.03788745198472855));
#9089=DIRECTION('',(-0.9969024420683614,0.021686949686404066,0.07559892334839721));
#9090=DIRECTION('',(1,0,0));
#9091=STYLED_ITEM('',(#25),#9092);
#9092=FACE_SURFACE('',(#9097),#9093,.T.);
#9093=PLANE('',#9094);
#9094=AXIS2_PLACEMENT_3D('',#491,#9095,#9096);
#9095=DIRECTION('',(-5.641222566422703E-07,0.9612283625245677,-0.2757535767275198));
#9096=DIRECTION('',(0.9969024420683614,-0.021686949686404066,-0.07559892334839721));
#9097=FACE_BOUND('',#9098,.T.);
#9098=EDGE_LOOP('',(#9099,#9100,#9101));
#9099=ORIENTED_EDGE('',*,*,#9102,.T.);
#9100=ORIENTED_EDGE('',*,*,#9103,.T.);
#9101=ORIENTED_EDGE('',*,*,#9104,.T.);
#9102=EDGE_CURVE('',#492,#496,#9105,.F.);
#9103=EDGE_CURVE('',#496,#498,#9106,.T.);
#9104=EDGE_CURVE('',#498,#492,#9107,.T.);
#9105=LINE('',#491,#9108);
#9106=LINE('',#495,#9109);
#9107=LINE('',#497,#9110);
#9108=VECTOR('',#9111,1.0);
#9109=VECTOR('',#9112,1.0);
#9110=VECTOR('',#9113,1.0);
#9111=DIRECTION('',(0.9969024420683614,-0.021686949686404066,-0.07559892334839721));
#9112=DIRECTION('',(-0.9999999999998278,-5.868764162977504E-07,0));
#9113=DIRECTION('',(0,0.2757535767275636,0.9612283625247204));
#9114=STYLED_ITEM('',(#25),#9115);
#9115=FACE_SURFACE('',(#9120),#9116,.T.);
#9116=PLANE('',#9117);
#9117=AXIS2_PLACEMENT_3D('',#497,#9118,#9119);
#9118=DIRECTION('',(-5.625789035012244E-07,0.9585985871609881,-0.2847608622908718));
#9119=DIRECTION('',(0.9999999999998278,5.868764162977504E-07,0));
#9120=FACE_BOUND('',#9121,.T.);
#9121=EDGE_LOOP('',(#9122,#9123,#9124));
#9122=ORIENTED_EDGE('',*,*,#9125,.T.);
#9123=ORIENTED_EDGE('',*,*,#9126,.T.);
#9124=ORIENTED_EDGE('',*,*,#9127,.T.);
#9125=EDGE_CURVE('',#498,#496,#9128,.F.);
#9126=EDGE_CURVE('',#496,#500,#9129,.T.);
#9127=EDGE_CURVE('',#500,#498,#9130,.T.);
#9128=LINE('',#497,#9131);
#9129=LINE('',#495,#9132);
#9130=LINE('',#499,#9133);
#9131=VECTOR('',#9134,1.0);
#9132=VECTOR('',#9135,1.0);
#9133=VECTOR('',#9136,1.0);
#9134=DIRECTION('',(0.9999999999998278,5.868764162977504E-07,0));
#9135=DIRECTION('',(0,-0.28476086229091685,-0.9585985871611399));
#9136=DIRECTION('',(-0.9968454567113713,0.02260010422233636,0.0760813428051668));
#9137=STYLED_ITEM('',(#25),#9138);
#9138=FACE_SURFACE('',(#9143),#9139,.T.);
#9139=PLANE('',#9140);
#9140=AXIS2_PLACEMENT_3D('',#497,#9141,#9142);
#9141=DIRECTION('',(-5.625682748539219E-06,0.958580476623561,-0.2848218211522747));
#9142=DIRECTION('',(0.9968454567113713,-0.02260010422233636,-0.0760813428051668));
#9143=FACE_BOUND('',#9144,.T.);
#9144=EDGE_LOOP('',(#9145,#9146,#9147));
#9145=ORIENTED_EDGE('',*,*,#9148,.T.);
#9146=ORIENTED_EDGE('',*,*,#9149,.T.);
#9147=ORIENTED_EDGE('',*,*,#9150,.T.);
#9148=EDGE_CURVE('',#498,#500,#9151,.F.);
#9149=EDGE_CURVE('',#500,#502,#9152,.T.);
#9150=EDGE_CURVE('',#502,#498,#9153,.T.);
#9151=LINE('',#497,#9154);
#9152=LINE('',#499,#9155);
#9153=LINE('',#501,#9156);
#9154=VECTOR('',#9157,1.0);
#9155=VECTOR('',#9158,1.0);
#9156=VECTOR('',#9159,1.0);
#9157=DIRECTION('',(0.9968454567113713,-0.02260010422233636,-0.0760813428051668));
#9158=DIRECTION('',(-0.9999999999827788,-5.868764162877448E-06,0));
#9159=DIRECTION('',(0,0.2848218211567818,0.9585804766387297));
#9160=STYLED_ITEM('',(#25),#9161);
#9161=FACE_SURFACE('',(#9166),#9162,.T.);
#9162=PLANE('',#9163);
#9163=AXIS2_PLACEMENT_3D('',#501,#9164,#9165);
#9164=DIRECTION('',(-5.610302062199049E-06,0.9559597057230714,-0.2934979403716204));
#9165=DIRECTION('',(0.9999999999827788,5.868764162877448E-06,0));
#9166=FACE_BOUND('',#9167,.T.);
#9167=EDGE_LOOP('',(#9168,#9169,#9170));
#9168=ORIENTED_EDGE('',*,*,#9171,.T.);
#9169=ORIENTED_EDGE('',*,*,#9172,.T.);
#9170=ORIENTED_EDGE('',*,*,#9173,.T.);
#9171=EDGE_CURVE('',#502,#500,#9174,.F.);
#9172=EDGE_CURVE('',#500,#504,#9175,.T.);
#9173=EDGE_CURVE('',#504,#502,#9176,.T.);
#9174=LINE('',#501,#9177);
#9175=LINE('',#499,#9178);
#9176=LINE('',#503,#9179);
#9177=VECTOR('',#9180,1.0);
#9178=VECTOR('',#9181,1.0);
#9179=VECTOR('',#9182,1.0);
#9180=DIRECTION('',(0.9999999999827788,5.868764162877448E-06,0));
#9181=DIRECTION('',(0,-0.29349794037623944,-0.9559597057381161));
#9182=DIRECTION('',(-0.9967951254175205,0.023473531478952588,0.07647529838958565));
#9183=STYLED_ITEM('',(#25),#9184);
#9184=FACE_SURFACE('',(#9189),#9185,.T.);
#9185=PLANE('',#9186);
#9186=AXIS2_PLACEMENT_3D('',#501,#9187,#9188);
#9187=DIRECTION('',(-1.933076746007873E-05,0.955909514260252,-0.29366136990256425));
#9188=DIRECTION('',(0.9967951254175205,-0.023473531478952588,-0.07647529838958565));
#9189=FACE_BOUND('',#9190,.T.);
#9190=EDGE_LOOP('',(#9191,#9192,#9193));
#9191=ORIENTED_EDGE('',*,*,#9194,.T.);
#9192=ORIENTED_EDGE('',*,*,#9195,.T.);
#9193=ORIENTED_EDGE('',*,*,#9196,.T.);
#9194=EDGE_CURVE('',#502,#504,#9197,.F.);
#9195=EDGE_CURVE('',#504,#506,#9198,.T.);
#9196=EDGE_CURVE('',#506,#502,#9199,.T.);
#9197=LINE('',#501,#9200);
#9198=LINE('',#503,#9201);
#9199=LINE('',#505,#9202);
#9200=VECTOR('',#9203,1.0);
#9201=VECTOR('',#9204,1.0);
#9202=VECTOR('',#9205,1.0);
#9203=DIRECTION('',(0.9967951254175205,-0.023473531478952588,-0.07647529838958565));
#9204=DIRECTION('',(-0.9999999998126333,-1.8780045318012495E-05,4.695011329503124E-06));
#9205=DIRECTION('',(0,0.2936613699574317,0.9559095144388533));
#9206=STYLED_ITEM('',(#25),#9207);
#9207=FACE_SURFACE('',(#9212),#9208,.T.);
#9208=PLANE('',#9209);
#9209=AXIS2_PLACEMENT_3D('',#505,#9210,#9211);
#9210=DIRECTION('',(-1.9321012012592256E-05,0.9532959458529281,-0.3020378109559625));
#9211=DIRECTION('',(0.9999999998126333,1.8780045318012495E-05,-4.695011329503124E-06));
#9212=FACE_BOUND('',#9213,.T.);
#9213=EDGE_LOOP('',(#9214,#9215,#9216));
#9214=ORIENTED_EDGE('',*,*,#9217,.T.);
#9215=ORIENTED_EDGE('',*,*,#9218,.T.);
#9216=ORIENTED_EDGE('',*,*,#9219,.T.);
#9217=EDGE_CURVE('',#506,#504,#9220,.F.);
#9218=EDGE_CURVE('',#504,#508,#9221,.T.);
#9219=EDGE_CURVE('',#508,#506,#9222,.T.);
#9220=LINE('',#505,#9223);
#9221=LINE('',#503,#9224);
#9222=LINE('',#507,#9225);
#9223=VECTOR('',#9226,1.0);
#9224=VECTOR('',#9227,1.0);
#9225=VECTOR('',#9228,1.0);
#9226=DIRECTION('',(0.9999999998126333,1.8780045318012495E-05,-4.695011329503124E-06));
#9227=DIRECTION('',(0,-0.30203781101233806,-0.9532959460308615));
#9228=DIRECTION('',(-0.9967516691215045,0.024306675414257285,0.07678082855635719));
#9229=STYLED_ITEM('',(#25),#9230);
#9230=FACE_SURFACE('',(#9235),#9231,.T.);
#9231=PLANE('',#9232);
#9232=AXIS2_PLACEMENT_3D('',#505,#9233,#9234);
#9233=DIRECTION('',(-4.229835148418886E-05,0.9532100140024672,-0.3023088940409556));
#9234=DIRECTION('',(0.9967516691215045,-0.024306675414257285,-0.07678082855635719));
#9235=FACE_BOUND('',#9236,.T.);
#9236=EDGE_LOOP('',(#9237,#9238,#9239));
#9237=ORIENTED_EDGE('',*,*,#9240,.T.);
#9238=ORIENTED_EDGE('',*,*,#9241,.T.);
#9239=ORIENTED_EDGE('',*,*,#9242,.T.);
#9240=EDGE_CURVE('',#506,#508,#9243,.F.);
#9241=EDGE_CURVE('',#508,#510,#9244,.T.);
#9242=EDGE_CURVE('',#510,#506,#9245,.T.);
#9243=LINE('',#505,#9246);
#9244=LINE('',#507,#9247);
#9245=LINE('',#509,#9248);
#9246=VECTOR('',#9249,1.0);
#9247=VECTOR('',#9250,1.0);
#9248=VECTOR('',#9251,1.0);
#9249=DIRECTION('',(0.9967516691215045,-0.024306675414257285,-0.07678082855635719));
#9250=DIRECTION('',(-0.9999999991044978,-3.990759627251656E-05,1.4085033978535258E-05));
#9251=DIRECTION('',(0,0.3023088943113937,0.9532100148551853));
#9252=STYLED_ITEM('',(#25),#9253);
#9253=FACE_SURFACE('',(#9258),#9254,.T.);
#9254=PLANE('',#9255);
#9255=AXIS2_PLACEMENT_3D('',#509,#9256,#9257);
#9256=DIRECTION('',(-4.230841455353692E-05,0.9506004538402861,-0.31041709902748643));
#9257=DIRECTION('',(0.9999999991044978,3.990759627251656E-05,-1.4085033978535258E-05));
#9258=FACE_BOUND('',#9259,.T.);
#9259=EDGE_LOOP('',(#9260,#9261,#9262));
#9260=ORIENTED_EDGE('',*,*,#9263,.T.);
#9261=ORIENTED_EDGE('',*,*,#9264,.T.);
#9262=ORIENTED_EDGE('',*,*,#9265,.T.);
#9263=EDGE_CURVE('',#510,#508,#9266,.F.);
#9264=EDGE_CURVE('',#508,#512,#9267,.T.);
#9265=EDGE_CURVE('',#512,#510,#9268,.T.);
#9266=LINE('',#509,#9269);
#9267=LINE('',#507,#9270);
#9268=LINE('',#511,#9271);
#9269=VECTOR('',#9272,1.0);
#9270=VECTOR('',#9273,1.0);
#9271=VECTOR('',#9274,1.0);
#9272=DIRECTION('',(0.9999999991044978,3.990759627251656E-05,-1.4085033978535258E-05));
#9273=DIRECTION('',(0,-0.31041709930531003,-0.9506004546910745));
#9274=DIRECTION('',(-0.9967148794940148,0.02510072321893948,0.07700261482000403));
#9275=STYLED_ITEM('',(#25),#9276);
#9276=FACE_SURFACE('',(#9281),#9277,.T.);
#9277=PLANE('',#9278);
#9278=AXIS2_PLACEMENT_3D('',#509,#9279,#9280);
#9279=DIRECTION('',(-7.20021449021823E-05,0.9504869535776312,-0.31076445403939773));
#9280=DIRECTION('',(0.9967148794940148,-0.02510072321893948,-0.07700261482000403));
#9281=FACE_BOUND('',#9282,.T.);
#9282=EDGE_LOOP('',(#9283,#9284,#9285));
#9283=ORIENTED_EDGE('',*,*,#9286,.T.);
#9284=ORIENTED_EDGE('',*,*,#9287,.T.);
#9285=ORIENTED_EDGE('',*,*,#9288,.T.);
#9286=EDGE_CURVE('',#510,#512,#9289,.F.);
#9287=EDGE_CURVE('',#512,#514,#9290,.T.);
#9288=EDGE_CURVE('',#514,#510,#9291,.T.);
#9289=LINE('',#509,#9292);
#9290=LINE('',#511,#9293);
#9291=LINE('',#513,#9294);
#9292=VECTOR('',#9295,1.0);
#9293=VECTOR('',#9296,1.0);
#9294=VECTOR('',#9297,1.0);
#9295=DIRECTION('',(0.9967148794940148,-0.02510072321893948,-0.07700261482000403));
#9296=DIRECTION('',(-0.9999999974071766,-6.807766411403742E-05,2.3475056591047384E-05));
#9297=DIRECTION('',(0,0.3107644548449472,0.9504869560414403));
#9298=STYLED_ITEM('',(#25),#9299);
#9299=FACE_SURFACE('',(#9304),#9300,.T.);
#9300=PLANE('',#9301);
#9301=AXIS2_PLACEMENT_3D('',#513,#9302,#9303);
#9302=DIRECTION('',(-7.200930264855763E-05,0.9478531181231654,-0.3187074854452793));
#9303=DIRECTION('',(0.9999999974071766,6.807766411403742E-05,-2.3475056591047384E-05));
#9304=FACE_BOUND('',#9305,.T.);
#9305=EDGE_LOOP('',(#9306,#9307,#9308));
#9306=ORIENTED_EDGE('',*,*,#9309,.T.);
#9307=ORIENTED_EDGE('',*,*,#9310,.T.);
#9308=ORIENTED_EDGE('',*,*,#9311,.T.);
#9309=EDGE_CURVE('',#514,#512,#9312,.F.);
#9310=EDGE_CURVE('',#512,#516,#9313,.T.);
#9311=EDGE_CURVE('',#516,#514,#9314,.T.);
#9312=LINE('',#513,#9315);
#9313=LINE('',#511,#9316);
#9314=LINE('',#515,#9317);
#9315=VECTOR('',#9318,1.0);
#9316=VECTOR('',#9319,1.0);
#9317=VECTOR('',#9320,1.0);
#9318=DIRECTION('',(0.9999999974071766,6.807766411403742E-05,-2.3475056591047384E-05));
#9319=DIRECTION('',(0,-0.31870748627158263,-0.9478531205806358));
#9320=DIRECTION('',(-0.9966859380587854,0.025857480629235197,0.07712672410642077));
#9321=STYLED_ITEM('',(#25),#9322);
#9322=FACE_SURFACE('',(#9327),#9323,.T.);
#9323=PLANE('',#9324);
#9324=AXIS2_PLACEMENT_3D('',#513,#9325,#9326);
#9325=DIRECTION('',(-0.00010726517382012489,0.9477153542213548,-0.3191169000026079));
#9326=DIRECTION('',(0.9966859380587854,-0.025857480629235197,-0.07712672410642077));
#9327=FACE_BOUND('',#9328,.T.);
#9328=EDGE_LOOP('',(#9329,#9330,#9331));
#9329=ORIENTED_EDGE('',*,*,#9332,.T.);
#9330=ORIENTED_EDGE('',*,*,#9333,.T.);
#9331=ORIENTED_EDGE('',*,*,#9334,.T.);
#9332=EDGE_CURVE('',#514,#516,#9335,.F.);
#9333=EDGE_CURVE('',#516,#518,#9336,.T.);
#9334=EDGE_CURVE('',#518,#514,#9337,.T.);
#9335=LINE('',#513,#9338);
#9336=LINE('',#515,#9339);
#9337=LINE('',#517,#9340);
#9338=VECTOR('',#9341,1.0);
#9339=VECTOR('',#9342,1.0);
#9340=VECTOR('',#9343,1.0);
#9341=DIRECTION('',(0.9966859380587854,-0.025857480629235197,-0.07712672410642077));
#9342=DIRECTION('',(-0.9999999942460539,-0.00010211649584825335,3.286507912357579E-05));
#9343=DIRECTION('',(0,0.31911690183845837,0.9477153596734749));
#9344=STYLED_ITEM('',(#25),#9345);
#9345=FACE_SURFACE('',(#9350),#9346,.T.);
#9346=PLANE('',#9347);
#9347=AXIS2_PLACEMENT_3D('',#517,#9348,#9349);
#9348=DIRECTION('',(-0.00010724968696918468,0.9450569342419168,-0.3269057655330872));
#9349=DIRECTION('',(0.9999999942460539,0.00010211649584825335,-3.286507912357579E-05));
#9350=FACE_BOUND('',#9351,.T.);
#9351=EDGE_LOOP('',(#9352,#9353,#9354));
#9352=ORIENTED_EDGE('',*,*,#9355,.T.);
#9353=ORIENTED_EDGE('',*,*,#9356,.T.);
#9354=ORIENTED_EDGE('',*,*,#9357,.T.);
#9355=EDGE_CURVE('',#518,#516,#9358,.F.);
#9356=EDGE_CURVE('',#516,#520,#9359,.T.);
#9357=EDGE_CURVE('',#520,#518,#9360,.T.);
#9358=LINE('',#517,#9361);
#9359=LINE('',#515,#9362);
#9360=LINE('',#519,#9363);
#9361=VECTOR('',#9364,1.0);
#9362=VECTOR('',#9365,1.0);
#9363=VECTOR('',#9366,1.0);
#9364=DIRECTION('',(0.9999999942460539,0.00010211649584825335,-3.286507912357579E-05));
#9365=DIRECTION('',(0,-0.3269057674132033,-0.9450569396771735));
#9366=DIRECTION('',(-0.9966638076334651,0.02657986573528201,0.07716712571463151));
#9367=STYLED_ITEM('',(#25),#9368);
#9368=FACE_SURFACE('',(#9373),#9369,.T.);
#9369=PLANE('',#9370);
#9370=AXIS2_PLACEMENT_3D('',#517,#9371,#9372);
#9371=DIRECTION('',(-0.000145131805168032,0.9449056020622669,-0.3273429121397071));
#9372=DIRECTION('',(0.9966638076334651,-0.02657986573528201,-0.07716712571463151));
#9373=FACE_BOUND('',#9374,.T.);
#9374=EDGE_LOOP('',(#9375,#9376,#9377));
#9375=ORIENTED_EDGE('',*,*,#9378,.T.);
#9376=ORIENTED_EDGE('',*,*,#9379,.T.);
#9377=ORIENTED_EDGE('',*,*,#9380,.T.);
#9378=EDGE_CURVE('',#518,#520,#9381,.F.);
#9379=EDGE_CURVE('',#520,#522,#9382,.T.);
#9380=EDGE_CURVE('',#522,#518,#9383,.T.);
#9381=LINE('',#517,#9384);
#9382=LINE('',#519,#9385);
#9383=LINE('',#521,#9386);
#9384=VECTOR('',#9387,1.0);
#9385=VECTOR('',#9388,1.0);
#9386=VECTOR('',#9389,1.0);
#9387=DIRECTION('',(0.9966638076334651,-0.02657986573528201,-0.07716712571463151));
#9388=DIRECTION('',(-0.9999999894682052,-0.00013732907996737555,4.695011280935916E-05));
#9389=DIRECTION('',(0,0.32734291558715845,0.9449056120136542));
#9390=STYLED_ITEM('',(#25),#9391);
#9391=FACE_SURFACE('',(#9396),#9392,.T.);
#9392=PLANE('',#9393);
#9393=AXIS2_PLACEMENT_3D('',#521,#9394,#9395);
#9394=DIRECTION('',(-0.00014512207469795932,0.9421875914414329,-0.33508584194706703));
#9395=DIRECTION('',(0.9999999894682052,0.00013732907996737555,-4.695011280935916E-05));
#9396=FACE_BOUND('',#9397,.T.);
#9397=EDGE_LOOP('',(#9398,#9399,#9400));
#9398=ORIENTED_EDGE('',*,*,#9401,.T.);
#9399=ORIENTED_EDGE('',*,*,#9402,.T.);
#9400=ORIENTED_EDGE('',*,*,#9403,.T.);
#9401=EDGE_CURVE('',#522,#520,#9404,.F.);
#9402=EDGE_CURVE('',#520,#524,#9405,.T.);
#9403=EDGE_CURVE('',#524,#522,#9406,.T.);
#9404=LINE('',#521,#9407);
#9405=LINE('',#519,#9408);
#9406=LINE('',#523,#9409);
#9407=VECTOR('',#9410,1.0);
#9408=VECTOR('',#9411,1.0);
#9409=VECTOR('',#9412,1.0);
#9410=DIRECTION('',(0.9999999894682052,0.00013732907996737555,-4.695011280935916E-05));
#9411=DIRECTION('',(0,-0.3350858454755908,-0.9421876013628648));
#9412=DIRECTION('',(-0.9966491800845156,0.027272008956098343,0.07711452109921514));
#9413=STYLED_ITEM('',(#25),#9414);
#9414=FACE_SURFACE('',(#9419),#9415,.T.);
#9415=PLANE('',#9416);
#9416=AXIS2_PLACEMENT_3D('',#521,#9417,#9418);
#9417=DIRECTION('',(-0.00018301846713917916,0.9420327564969351,-0.3355208669979064));
#9418=DIRECTION('',(0.9966491800845156,-0.027272008956098343,-0.07711452109921514));
#9419=FACE_BOUND('',#9420,.T.);
#9420=EDGE_LOOP('',(#9421,#9422,#9423));
#9421=ORIENTED_EDGE('',*,*,#9424,.T.);
#9422=ORIENTED_EDGE('',*,*,#9425,.T.);
#9423=ORIENTED_EDGE('',*,*,#9426,.T.);
#9424=EDGE_CURVE('',#522,#524,#9427,.F.);
#9425=EDGE_CURVE('',#524,#526,#9428,.T.);
#9426=EDGE_CURVE('',#526,#522,#9429,.T.);
#9427=LINE('',#521,#9430);
#9428=LINE('',#523,#9431);
#9429=LINE('',#525,#9432);
#9430=VECTOR('',#9433,1.0);
#9431=VECTOR('',#9434,1.0);
#9432=VECTOR('',#9435,1.0);
#9433=DIRECTION('',(0.9966491800845156,-0.027272008956098343,-0.07711452109921514));
#9434=DIRECTION('',(-0.9999999832520424,-0.00017254166350184785,6.1035146272762505E-05));
#9435=DIRECTION('',(0,0.3355208726171697,0.9420327722739869));
#9436=STYLED_ITEM('',(#25),#9437);
#9437=FACE_SURFACE('',(#9442),#9438,.T.);
#9438=PLANE('',#9439);
#9439=AXIS2_PLACEMENT_3D('',#525,#9440,#9441);
#9440=DIRECTION('',(-0.00018300913331697682,0.9392592405891802,-0.3432084577563518));
#9441=DIRECTION('',(0.9999999832520424,0.00017254166350184785,-6.1035146272762505E-05));
#9442=FACE_BOUND('',#9443,.T.);
#9443=EDGE_LOOP('',(#9444,#9445,#9446));
#9444=ORIENTED_EDGE('',*,*,#9447,.T.);
#9445=ORIENTED_EDGE('',*,*,#9448,.T.);
#9446=ORIENTED_EDGE('',*,*,#9449,.T.);
#9447=EDGE_CURVE('',#526,#524,#9450,.F.);
#9448=EDGE_CURVE('',#524,#528,#9451,.T.);
#9449=EDGE_CURVE('',#528,#526,#9452,.T.);
#9450=LINE('',#525,#9453);
#9451=LINE('',#523,#9454);
#9452=LINE('',#527,#9455);
#9453=VECTOR('',#9456,1.0);
#9454=VECTOR('',#9457,1.0);
#9455=VECTOR('',#9458,1.0);
#9456=DIRECTION('',(0.9999999832520424,0.00017254166350184785,-6.1035146272762505E-05));
#9457=DIRECTION('',(0,-0.3432084635037796,-0.9392592563181769));
#9458=DIRECTION('',(-0.9966413850592309,0.02793390848258481,0.076978219933331));
#9459=STYLED_ITEM('',(#25),#9460);
#9460=FACE_SURFACE('',(#9465),#9461,.T.);
#9461=PLANE('',#9462);
#9462=AXIS2_PLACEMENT_3D('',#525,#9463,#9464);
#9463=DIRECTION('',(-0.00021871206939953248,0.9391100127845726,-0.34361655381077133));
#9464=DIRECTION('',(0.9966413850592309,-0.02793390848258481,-0.076978219933331));
#9465=FACE_BOUND('',#9466,.T.);
#9466=EDGE_LOOP('',(#9467,#9468,#9469));
#9467=ORIENTED_EDGE('',*,*,#9470,.T.);
#9468=ORIENTED_EDGE('',*,*,#9471,.T.);
#9469=ORIENTED_EDGE('',*,*,#9472,.T.);
#9470=EDGE_CURVE('',#526,#528,#9473,.F.);
#9471=EDGE_CURVE('',#528,#530,#9474,.T.);
#9472=EDGE_CURVE('',#530,#526,#9475,.T.);
#9473=LINE('',#525,#9476);
#9474=LINE('',#527,#9477);
#9475=LINE('',#529,#9478);
#9476=VECTOR('',#9479,1.0);
#9477=VECTOR('',#9480,1.0);
#9478=VECTOR('',#9481,1.0);
#9479=DIRECTION('',(0.9966413850592309,-0.02793390848258481,-0.076978219933331));
#9480=DIRECTION('',(-0.9999999760825145,-0.00020540674079143516,7.512017948943914E-05));
#9481=DIRECTION('',(0,0.3436165620292153,0.9391100352457227));
#9482=STYLED_ITEM('',(#25),#9483);
#9483=FACE_SURFACE('',(#9488),#9484,.T.);
#9484=PLANE('',#9485);
#9485=AXIS2_PLACEMENT_3D('',#529,#9486,#9487);
#9486=DIRECTION('',(-0.00021870428004905264,0.9362323353022979,-0.351381511327565));
#9487=DIRECTION('',(0.9999999760825145,0.00020540674079143516,-7.512017948943914E-05));
#9488=FACE_BOUND('',#9489,.T.);
#9489=EDGE_LOOP('',(#9490,#9491,#9492));
#9490=ORIENTED_EDGE('',*,*,#9493,.T.);
#9491=ORIENTED_EDGE('',*,*,#9494,.T.);
#9492=ORIENTED_EDGE('',*,*,#9495,.T.);
#9493=EDGE_CURVE('',#530,#528,#9496,.F.);
#9494=EDGE_CURVE('',#528,#532,#9497,.T.);
#9495=EDGE_CURVE('',#532,#530,#9498,.T.);
#9496=LINE('',#529,#9499);
#9497=LINE('',#527,#9500);
#9498=LINE('',#531,#9501);
#9499=VECTOR('',#9502,1.0);
#9500=VECTOR('',#9503,1.0);
#9501=VECTOR('',#9504,1.0);
#9502=DIRECTION('',(0.9999999760825145,0.00020540674079143516,-7.512017948943914E-05));
#9503=DIRECTION('',(0,-0.3513815197311285,-0.9362323576930262));
#9504=DIRECTION('',(-0.996676374719975,0.028420377637305472,0.07634452311725344));
#9505=STYLED_ITEM('',(#25),#9506);
#9506=FACE_SURFACE('',(#9511),#9507,.T.);
#9507=PLANE('',#9508);
#9508=AXIS2_PLACEMENT_3D('',#529,#9509,#9510);
#9509=DIRECTION('',(-0.00024920185674459937,0.9361011520825632,-0.35173082174886616));
#9510=DIRECTION('',(0.996676374719975,-0.028420377637305472,-0.07634452311725344));
#9511=FACE_BOUND('',#9512,.T.);
#9512=EDGE_LOOP('',(#9513,#9514,#9515));
#9513=ORIENTED_EDGE('',*,*,#9516,.T.);
#9514=ORIENTED_EDGE('',*,*,#9517,.T.);
#9515=ORIENTED_EDGE('',*,*,#9518,.T.);
#9516=EDGE_CURVE('',#530,#532,#9519,.F.);
#9517=EDGE_CURVE('',#532,#534,#9520,.T.);
#9518=EDGE_CURVE('',#534,#530,#9521,.T.);
#9519=LINE('',#529,#9522);
#9520=LINE('',#531,#9523);
#9521=LINE('',#533,#9524);
#9522=VECTOR('',#9525,1.0);
#9523=VECTOR('',#9526,1.0);
#9524=VECTOR('',#9527,1.0);
#9525=DIRECTION('',(0.996676374719975,-0.028420377637305472,-0.07634452311725344));
#9526=DIRECTION('',(-0.9999998787820871,-0.000382643377042962,-0.0003098707102433803));
#9527=DIRECTION('',(0,0.3517308326703839,0.9361011811492379));
#9528=STYLED_ITEM('',(#25),#9529);
#9529=FACE_SURFACE('',(#9534),#9530,.T.);
#9530=PLANE('',#9531);
#9531=AXIS2_PLACEMENT_3D('',#533,#9532,#9533);
#9532=DIRECTION('',(-0.00024563603153861463,0.933122091845117,-0.35955959363300666));
#9533=DIRECTION('',(0.9999998787820871,0.000382643377042962,0.0003098707102433803));
#9534=FACE_BOUND('',#9535,.T.);
#9535=EDGE_LOOP('',(#9536,#9537,#9538));
#9536=ORIENTED_EDGE('',*,*,#9539,.T.);
#9537=ORIENTED_EDGE('',*,*,#9540,.T.);
#9538=ORIENTED_EDGE('',*,*,#9541,.T.);
#9539=EDGE_CURVE('',#534,#532,#9542,.F.);
#9540=EDGE_CURVE('',#532,#536,#9543,.T.);
#9541=EDGE_CURVE('',#536,#534,#9544,.T.);
#9542=LINE('',#533,#9545);
#9543=LINE('',#531,#9546);
#9544=LINE('',#535,#9547);
#9545=VECTOR('',#9548,1.0);
#9546=VECTOR('',#9549,1.0);
#9547=VECTOR('',#9550,1.0);
#9548=DIRECTION('',(0.9999998787820871,0.000382643377042962,0.0003098707102433803));
#9549=DIRECTION('',(0,-0.35955960448039154,-0.9331221199960401));
#9550=DIRECTION('',(-0.9966487467651332,0.029183481818113532,0.07641727527504102));
#9551=STYLED_ITEM('',(#25),#9552);
#9552=FACE_SURFACE('',(#9557),#9553,.T.);
#9553=PLANE('',#9554);
#9554=AXIS2_PLACEMENT_3D('',#533,#9555,#9556);
#9555=DIRECTION('',(-0.000268740695668709,0.9330208307154151,-0.35982225782955));
#9556=DIRECTION('',(0.9966487467651332,-0.029183481818113532,-0.07641727527504102));
#9557=FACE_BOUND('',#9558,.T.);
#9558=EDGE_LOOP('',(#9559,#9560,#9561));
#9559=ORIENTED_EDGE('',*,*,#9562,.T.);
#9560=ORIENTED_EDGE('',*,*,#9563,.T.);
#9561=ORIENTED_EDGE('',*,*,#9564,.T.);
#9562=EDGE_CURVE('',#534,#536,#9565,.F.);
#9563=EDGE_CURVE('',#536,#538,#9566,.T.);
#9564=EDGE_CURVE('',#538,#534,#9567,.T.);
#9565=LINE('',#533,#9568);
#9566=LINE('',#535,#9569);
#9567=LINE('',#537,#9570);
#9568=VECTOR('',#9571,1.0);
#9569=VECTOR('',#9572,1.0);
#9570=VECTOR('',#9573,1.0);
#9571=DIRECTION('',(0.9966487467651332,-0.029183481818113532,-0.07641727527504102));
#9572=DIRECTION('',(-0.9999999638871531,-0.0002500093443143352,9.859523437748431E-05));
#9573=DIRECTION('',(0,0.3598222708230134,0.9330208644075275));
#9574=STYLED_ITEM('',(#25),#9575);
#9575=FACE_SURFACE('',(#9580),#9576,.T.);
#9576=PLANE('',#9577);
#9577=AXIS2_PLACEMENT_3D('',#537,#9578,#9579);
#9578=DIRECTION('',(-0.00026874824397002243,0.9299014521399395,-0.3678086691235173));
#9579=DIRECTION('',(0.9999999638871531,0.0002500093443143352,-9.859523437748431E-05));
#9580=FACE_BOUND('',#9581,.T.);
#9581=EDGE_LOOP('',(#9582,#9583,#9584));
#9582=ORIENTED_EDGE('',*,*,#9585,.T.);
#9583=ORIENTED_EDGE('',*,*,#9586,.T.);
#9584=ORIENTED_EDGE('',*,*,#9587,.T.);
#9585=EDGE_CURVE('',#538,#536,#9588,.F.);
#9586=EDGE_CURVE('',#536,#540,#9589,.T.);
#9587=EDGE_CURVE('',#540,#538,#9590,.T.);
#9588=LINE('',#537,#9591);
#9589=LINE('',#535,#9592);
#9590=LINE('',#539,#9593);
#9591=VECTOR('',#9594,1.0);
#9592=VECTOR('',#9595,1.0);
#9593=VECTOR('',#9596,1.0);
#9594=DIRECTION('',(0.9999999638871531,0.0002500093443143352,-9.859523437748431E-05));
#9595=DIRECTION('',(0,-0.36780868240612236,-0.9299014857212952));
#9596=DIRECTION('',(-0.9966973602425585,0.029618929424878537,0.07561144824191286));
#9597=STYLED_ITEM('',(#25),#9598);
#9598=FACE_SURFACE('',(#9603),#9599,.T.);
#9599=PLANE('',#9600);
#9600=AXIS2_PLACEMENT_3D('',#537,#9601,#9602);
#9601=DIRECTION('',(-0.00028269898025759174,0.9298384555761889,-0.3679678880187434));
#9602=DIRECTION('',(0.9966973602425585,-0.029618929424878537,-0.07561144824191286));
#9603=FACE_BOUND('',#9604,.T.);
#9604=EDGE_LOOP('',(#9605,#9606,#9607));
#9605=ORIENTED_EDGE('',*,*,#9608,.T.);
#9606=ORIENTED_EDGE('',*,*,#9609,.T.);
#9607=ORIENTED_EDGE('',*,*,#9610,.T.);
#9608=EDGE_CURVE('',#538,#540,#9611,.F.);
#9609=EDGE_CURVE('',#540,#542,#9612,.T.);
#9610=EDGE_CURVE('',#542,#538,#9613,.T.);
#9611=LINE('',#537,#9614);
#9612=LINE('',#539,#9615);
#9613=LINE('',#541,#9616);
#9614=VECTOR('',#9617,1.0);
#9615=VECTOR('',#9618,1.0);
#9616=VECTOR('',#9619,1.0);
#9617=DIRECTION('',(0.9966973602425585,-0.029618929424878537,-0.07561144824191286));
#9618=DIRECTION('',(-0.9999998739987294,-0.0004155084503842796,-0.00028170064432832514));
#9619=DIRECTION('',(0,0.3679679027225044,0.9298384927319377));
#9620=STYLED_ITEM('',(#25),#9621);
#9621=FACE_SURFACE('',(#9626),#9622,.T.);
#9622=PLANE('',#9623);
#9623=AXIS2_PLACEMENT_3D('',#541,#9624,#9625);
#9624=DIRECTION('',(-0.00027903278534338534,0.9265600575078565,-0.3761467558968738));
#9625=DIRECTION('',(0.9999998739987294,0.0004155084503842796,0.00028170064432832514));
#9626=FACE_BOUND('',#9627,.T.);
#9627=EDGE_LOOP('',(#9628,#9629,#9630));
#9628=ORIENTED_EDGE('',*,*,#9631,.T.);
#9629=ORIENTED_EDGE('',*,*,#9632,.T.);
#9630=ORIENTED_EDGE('',*,*,#9633,.T.);
#9631=EDGE_CURVE('',#542,#540,#9634,.F.);
#9632=EDGE_CURVE('',#540,#544,#9635,.T.);
#9633=EDGE_CURVE('',#544,#542,#9636,.T.);
#9634=LINE('',#541,#9637);
#9635=LINE('',#539,#9638);
#9636=LINE('',#543,#9639);
#9637=VECTOR('',#9640,1.0);
#9638=VECTOR('',#9641,1.0);
#9639=VECTOR('',#9642,1.0);
#9640=DIRECTION('',(0.9999998739987294,0.0004155084503842796,0.00028170064432832514));
#9641=DIRECTION('',(0,-0.37614677054013534,-0.9265600935785152));
#9642=DIRECTION('',(-0.9966856224853679,0.030341555682943538,0.07547953318412697));
#9643=STYLED_ITEM('',(#25),#9644);
#9644=FACE_SURFACE('',(#9649),#9645,.T.);
#9645=PLANE('',#9646);
#9646=AXIS2_PLACEMENT_3D('',#541,#9647,#9648);
#9647=DIRECTION('',(-0.00027879229132290345,0.9265611658895082,-0.3761440257937556));
#9648=DIRECTION('',(0.9966856224853679,-0.030341555682943538,-0.07547953318412697));
#9649=FACE_BOUND('',#9650,.T.);
#9650=EDGE_LOOP('',(#9651,#9652,#9653));
#9651=ORIENTED_EDGE('',*,*,#9654,.T.);
#9652=ORIENTED_EDGE('',*,*,#9655,.T.);
#9653=ORIENTED_EDGE('',*,*,#9656,.T.);
#9654=EDGE_CURVE('',#542,#544,#9657,.F.);
#9655=EDGE_CURVE('',#544,#546,#9658,.T.);
#9656=EDGE_CURVE('',#546,#542,#9659,.T.);
#9657=LINE('',#541,#9660);
#9658=LINE('',#543,#9661);
#9659=LINE('',#545,#9662);
#9660=VECTOR('',#9663,1.0);
#9661=VECTOR('',#9664,1.0);
#9662=VECTOR('',#9665,1.0);
#9663=DIRECTION('',(0.9966856224853679,-0.030341555682943538,-0.07547953318412697));
#9664=DIRECTION('',(-0.9999999611317619,-0.00025705186034730566,0.00010798525640160786));
#9665=DIRECTION('',(0,0.3761440404116803,0.9265612018980592));
#9666=STYLED_ITEM('',(#25),#9667);
#9667=FACE_SURFACE('',(#9672),#9668,.T.);
#9668=PLANE('',#9669);
#9669=AXIS2_PLACEMENT_3D('',#545,#9670,#9671);
#9670=DIRECTION('',(-0.0002788113835766652,0.9230992249209948,-0.38456175474749305));
#9671=DIRECTION('',(0.9999999611317619,0.00025705186034730566,-0.00010798525640160786));
#9672=FACE_BOUND('',#9673,.T.);
#9673=EDGE_LOOP('',(#9674,#9675,#9676));
#9674=ORIENTED_EDGE('',*,*,#9677,.T.);
#9675=ORIENTED_EDGE('',*,*,#9678,.T.);
#9676=ORIENTED_EDGE('',*,*,#9679,.T.);
#9677=EDGE_CURVE('',#546,#544,#9680,.F.);
#9678=EDGE_CURVE('',#544,#548,#9681,.T.);
#9679=EDGE_CURVE('',#548,#546,#9682,.T.);
#9680=LINE('',#545,#9683);
#9681=LINE('',#543,#9684);
#9682=LINE('',#547,#9685);
#9683=VECTOR('',#9686,1.0);
#9684=VECTOR('',#9687,1.0);
#9685=VECTOR('',#9688,1.0);
#9686=DIRECTION('',(0.9999999611317619,0.00025705186034730566,-0.00010798525640160786));
#9687=DIRECTION('',(0,-0.3845617696945993,-0.9230992607999196));
#9688=DIRECTION('',(-0.9967487504847555,0.030728386618316388,0.07448284811225946));
#9689=STYLED_ITEM('',(#25),#9690);
#9690=FACE_SURFACE('',(#9695),#9691,.T.);
#9691=PLANE('',#9692);
#9692=AXIS2_PLACEMENT_3D('',#545,#9693,#9694);
#9693=DIRECTION('',(-0.0002687751141916591,0.9231469666490104,-0.38444714295552884));
#9694=DIRECTION('',(0.9967487504847555,-0.030728386618316388,-0.07448284811225946));
#9695=FACE_BOUND('',#9696,.T.);
#9696=EDGE_LOOP('',(#9697,#9698,#9699));
#9697=ORIENTED_EDGE('',*,*,#9700,.T.);
#9698=ORIENTED_EDGE('',*,*,#9701,.T.);
#9699=ORIENTED_EDGE('',*,*,#9702,.T.);
#9700=EDGE_CURVE('',#546,#548,#9703,.F.);
#9701=EDGE_CURVE('',#548,#550,#9704,.T.);
#9702=EDGE_CURVE('',#550,#546,#9705,.T.);
#9703=LINE('',#545,#9706);
#9704=LINE('',#547,#9707);
#9705=LINE('',#549,#9708);
#9706=VECTOR('',#9709,1.0);
#9707=VECTOR('',#9710,1.0);
#9708=VECTOR('',#9711,1.0);
#9709=DIRECTION('',(0.9967487504847555,-0.030728386618316388,-0.07448284811225946));
#9710=DIRECTION('',(-0.9999998769001555,-0.0004084659354612053,-0.0002817006451456588));
#9711=DIRECTION('',(0,0.3844471568417723,0.9231469999931092));
#9712=STYLED_ITEM('',(#25),#9713);
#9713=FACE_SURFACE('',(#9718),#9714,.T.);
#9714=PLANE('',#9715);
#9715=AXIS2_PLACEMENT_3D('',#549,#9716,#9717);
#9716=DIRECTION('',(-0.0002648631750380964,0.9195116137415711,-0.3930627456804707));
#9717=DIRECTION('',(0.9999998769001555,0.0004084659354612053,0.0002817006451456588));
#9718=FACE_BOUND('',#9719,.T.);
#9719=EDGE_LOOP('',(#9720,#9721,#9722));
#9720=ORIENTED_EDGE('',*,*,#9723,.T.);
#9721=ORIENTED_EDGE('',*,*,#9724,.T.);
#9722=ORIENTED_EDGE('',*,*,#9725,.T.);
#9723=EDGE_CURVE('',#550,#548,#9726,.F.);
#9724=EDGE_CURVE('',#548,#552,#9727,.T.);
#9725=EDGE_CURVE('',#552,#550,#9728,.T.);
#9726=LINE('',#549,#9729);
#9727=LINE('',#547,#9730);
#9728=LINE('',#551,#9731);
#9729=VECTOR('',#9732,1.0);
#9730=VECTOR('',#9733,1.0);
#9731=VECTOR('',#9734,1.0);
#9732=DIRECTION('',(0.9999998769001555,0.0004084659354612053,0.0002817006451456588));
#9733=DIRECTION('',(0,-0.39306275946763886,-0.9195116459945927));
#9734=DIRECTION('',(-0.9967514384263803,0.031414054220850966,0.07416014557935649));
#9735=STYLED_ITEM('',(#25),#9736);
#9736=FACE_SURFACE('',(#9741),#9737,.T.);
#9737=PLANE('',#9738);
#9738=AXIS2_PLACEMENT_3D('',#549,#9739,#9740);
#9739=DIRECTION('',(-0.0002448958390259843,0.9196087226132826,-0.39283550923967503));
#9740=DIRECTION('',(0.9967514384263803,-0.031414054220850966,-0.07416014557935649));
#9741=FACE_BOUND('',#9742,.T.);
#9742=EDGE_LOOP('',(#9743,#9744,#9745));
#9743=ORIENTED_EDGE('',*,*,#9746,.T.);
#9744=ORIENTED_EDGE('',*,*,#9747,.T.);
#9745=ORIENTED_EDGE('',*,*,#9748,.T.);
#9746=EDGE_CURVE('',#550,#552,#9749,.F.);
#9747=EDGE_CURVE('',#552,#554,#9750,.T.);
#9748=EDGE_CURVE('',#554,#550,#9751,.T.);
#9749=LINE('',#549,#9752);
#9750=LINE('',#551,#9753);
#9751=LINE('',#553,#9754);
#9752=VECTOR('',#9755,1.0);
#9753=VECTOR('',#9756,1.0);
#9754=VECTOR('',#9757,1.0);
#9755=DIRECTION('',(0.9967514384263803,-0.031414054220850966,-0.07416014557935649));
#9756=DIRECTION('',(-0.9999999700096321,-0.00022418678430233496,9.85952349811316E-05));
#9757=DIRECTION('',(0,0.39283552101962843,0.9196087501895776));
#9758=STYLED_ITEM('',(#25),#9759);
#9759=FACE_SURFACE('',(#9764),#9760,.T.);
#9760=PLANE('',#9761);
#9761=AXIS2_PLACEMENT_3D('',#553,#9762,#9763);
#9762=DIRECTION('',(-0.0002449094394160037,0.9159075527629871,-0.4013892061467055));
#9763=DIRECTION('',(0.9999999700096321,0.00022418678430233496,-9.85952349811316E-05));
#9764=FACE_BOUND('',#9765,.T.);
#9765=EDGE_LOOP('',(#9766,#9767,#9768));
#9766=ORIENTED_EDGE('',*,*,#9769,.T.);
#9767=ORIENTED_EDGE('',*,*,#9770,.T.);
#9768=ORIENTED_EDGE('',*,*,#9771,.T.);
#9769=EDGE_CURVE('',#554,#552,#9772,.F.);
#9770=EDGE_CURVE('',#552,#556,#9773,.T.);
#9771=EDGE_CURVE('',#556,#554,#9774,.T.);
#9772=LINE('',#553,#9775);
#9773=LINE('',#551,#9776);
#9774=LINE('',#555,#9777);
#9775=VECTOR('',#9778,1.0);
#9776=VECTOR('',#9779,1.0);
#9777=VECTOR('',#9780,1.0);
#9778=DIRECTION('',(0.9999999700096321,0.00022418678430233496,-9.85952349811316E-05));
#9779=DIRECTION('',(-0.9967910535633736,-0.032353631779578576,-0.07321774406993914));
#9780=DIRECTION('',(0,0.40138921818449547,0.915907580231346));
#9781=STYLED_ITEM('',(#25),#9782);
#9782=FACE_SURFACE('',(#9787),#9783,.T.);
#9783=PLANE('',#9784);
#9784=AXIS2_PLACEMENT_3D('',#555,#9785,#9786);
#9785=DIRECTION('',(-0.00021726588495626502,0.9157693330015536,-0.4017044703876527));
#9786=DIRECTION('',(0.9967910535633736,0.032353631779578576,0.07321774406993914));
#9787=FACE_BOUND('',#9788,.T.);
#9788=EDGE_LOOP('',(#9789,#9790,#9791));
#9789=ORIENTED_EDGE('',*,*,#9792,.T.);
#9790=ORIENTED_EDGE('',*,*,#9793,.T.);
#9791=ORIENTED_EDGE('',*,*,#9794,.T.);
#9792=EDGE_CURVE('',#556,#552,#9795,.F.);
#9793=EDGE_CURVE('',#552,#558,#9796,.T.);
#9794=EDGE_CURVE('',#558,#556,#9797,.T.);
#9795=LINE('',#555,#9798);
#9796=LINE('',#551,#9799);
#9797=LINE('',#557,#9800);
#9798=VECTOR('',#9801,1.0);
#9799=VECTOR('',#9802,1.0);
#9800=VECTOR('',#9803,1.0);
#9801=DIRECTION('',(0.9967910535633736,0.032353631779578576,0.07321774406993914));
#9802=DIRECTION('',(0,-0.40170447986877533,-0.915769354615755));
#9803=DIRECTION('',(-0.999999975233854,-0.00017958417893953446,0.00013146031399495332));
#9804=STYLED_ITEM('',(#25),#9805);
#9805=FACE_SURFACE('',(#9810),#9806,.T.);
#9806=PLANE('',#9807);
#9807=AXIS2_PLACEMENT_3D('',#555,#9808,#9809);
#9808=DIRECTION('',(-0.0002177019329956636,0.9120227859525043,-0.41013947689694646));
#9809=DIRECTION('',(0.999999975233854,0.00017958417893953446,-0.00013146031399495332));
#9810=FACE_BOUND('',#9811,.T.);
#9811=EDGE_LOOP('',(#9812,#9813,#9814));
#9812=ORIENTED_EDGE('',*,*,#9815,.T.);
#9813=ORIENTED_EDGE('',*,*,#9816,.T.);
#9814=ORIENTED_EDGE('',*,*,#9817,.T.);
#9815=EDGE_CURVE('',#556,#558,#9818,.F.);
#9816=EDGE_CURVE('',#558,#560,#9819,.T.);
#9817=EDGE_CURVE('',#560,#556,#9820,.T.);
#9818=LINE('',#555,#9821);
#9819=LINE('',#557,#9822);
#9820=LINE('',#559,#9823);
#9821=VECTOR('',#9824,1.0);
#9822=VECTOR('',#9825,1.0);
#9823=VECTOR('',#9826,1.0);
#9824=DIRECTION('',(0.999999975233854,0.00017958417893953446,-0.00013146031399495332));
#9825=DIRECTION('',(-0.9967691075457467,-0.033140302919596694,-0.07316465379439027));
#9826=DIRECTION('',(0,0.410139486616049,0.9120228075647691));
#9827=STYLED_ITEM('',(#25),#9828);
#9828=FACE_SURFACE('',(#9833),#9829,.T.);
#9829=PLANE('',#9830);
#9830=AXIS2_PLACEMENT_3D('',#559,#9831,#9832);
#9831=DIRECTION('',(-0.00018581688602612413,0.911860431298819,-0.4105003280188904));
#9832=DIRECTION('',(0.9967691075457467,0.033140302919596694,0.07316465379439027));
#9833=FACE_BOUND('',#9834,.T.);
#9834=EDGE_LOOP('',(#9835,#9836,#9837));
#9835=ORIENTED_EDGE('',*,*,#9838,.T.);
#9836=ORIENTED_EDGE('',*,*,#9839,.T.);
#9837=ORIENTED_EDGE('',*,*,#9840,.T.);
#9838=EDGE_CURVE('',#560,#558,#9841,.F.);
#9839=EDGE_CURVE('',#558,#562,#9842,.T.);
#9840=EDGE_CURVE('',#562,#560,#9843,.T.);
#9841=LINE('',#559,#9844);
#9842=LINE('',#557,#9845);
#9843=LINE('',#561,#9846);
#9844=VECTOR('',#9847,1.0);
#9845=VECTOR('',#9848,1.0);
#9846=VECTOR('',#9849,1.0);
#9847=DIRECTION('',(0.9967691075457467,0.033140302919596694,0.07316465379439027));
#9848=DIRECTION('',(0,-0.4105003351057509,-0.9118604470411393));
#9849=DIRECTION('',(-0.9999999827285182,-0.00016784665216222508,7.981519123798116E-05));
#9850=STYLED_ITEM('',(#25),#9851);
#9851=FACE_SURFACE('',(#9856),#9852,.T.);
#9852=PLANE('',#9853);
#9853=AXIS2_PLACEMENT_3D('',#559,#9854,#9855);
#9854=DIRECTION('',(-0.00018584549560075897,0.907891233246296,-0.41920576577138285));
#9855=DIRECTION('',(0.9999999827285182,0.00016784665216222508,-7.981519123798116E-05));
#9856=FACE_BOUND('',#9857,.T.);
#9857=EDGE_LOOP('',(#9858,#9859,#9860));
#9858=ORIENTED_EDGE('',*,*,#9861,.T.);
#9859=ORIENTED_EDGE('',*,*,#9862,.T.);
#9860=ORIENTED_EDGE('',*,*,#9863,.T.);
#9861=EDGE_CURVE('',#560,#562,#9864,.F.);
#9862=EDGE_CURVE('',#562,#564,#9865,.T.);
#9863=EDGE_CURVE('',#564,#560,#9866,.T.);
#9864=LINE('',#559,#9867);
#9865=LINE('',#561,#9868);
#9866=LINE('',#563,#9869);
#9867=VECTOR('',#9870,1.0);
#9868=VECTOR('',#9871,1.0);
#9869=VECTOR('',#9872,1.0);
#9870=DIRECTION('',(0.9999999827285182,0.00016784665216222508,-7.981519123798116E-05));
#9871=DIRECTION('',(-0.9967204504098082,-0.034090986590539184,-0.07339038334926919));
#9872=DIRECTION('',(0,0.41920577301076234,0.9078912489249189));
#9873=STYLED_ITEM('',(#25),#9874);
#9874=FACE_SURFACE('',(#9879),#9875,.T.);
#9875=PLANE('',#9876);
#9876=AXIS2_PLACEMENT_3D('',#563,#9877,#9878);
#9877=DIRECTION('',(-0.00015251171662767244,0.9077190461827556,-0.41957849079432646));
#9878=DIRECTION('',(0.9967204504098082,0.034090986590539184,0.07339038334926919));
#9879=FACE_BOUND('',#9880,.T.);
#9880=EDGE_LOOP('',(#9881,#9882,#9883));
#9881=ORIENTED_EDGE('',*,*,#9884,.T.);
#9882=ORIENTED_EDGE('',*,*,#9885,.T.);
#9883=ORIENTED_EDGE('',*,*,#9886,.T.);
#9884=EDGE_CURVE('',#564,#562,#9887,.F.);
#9885=EDGE_CURVE('',#562,#566,#9888,.T.);
#9886=EDGE_CURVE('',#566,#564,#9889,.T.);
#9887=LINE('',#563,#9890);
#9888=LINE('',#561,#9891);
#9889=LINE('',#565,#9892);
#9890=VECTOR('',#9893,1.0);
#9891=VECTOR('',#9894,1.0);
#9892=VECTOR('',#9895,1.0);
#9893=DIRECTION('',(0.9967204504098082,0.034090986590539184,0.07339038334926919));
#9894=DIRECTION('',(0,-0.4195784956739874,-0.9077190567394483));
#9895=DIRECTION('',(-0.9999999686760228,-5.516638140396752E-05,0.000244140581532452));
#9896=STYLED_ITEM('',(#25),#9897);
#9897=FACE_SURFACE('',(#9902),#9898,.T.);
#9898=PLANE('',#9899);
#9899=AXIS2_PLACEMENT_3D('',#563,#9900,#9901);
#9900=DIRECTION('',(-0.00015447517049579592,0.9035073956851659,-0.42857247004401816));
#9901=DIRECTION('',(0.9999999686760228,5.516638140396752E-05,-0.000244140581532452));
#9902=FACE_BOUND('',#9903,.T.);
#9903=EDGE_LOOP('',(#9904,#9905,#9906));
#9904=ORIENTED_EDGE('',*,*,#9907,.T.);
#9905=ORIENTED_EDGE('',*,*,#9908,.T.);
#9906=ORIENTED_EDGE('',*,*,#9909,.T.);
#9907=EDGE_CURVE('',#564,#566,#9910,.F.);
#9908=EDGE_CURVE('',#566,#568,#9911,.T.);
#9909=EDGE_CURVE('',#568,#564,#9912,.T.);
#9910=LINE('',#563,#9913);
#9911=LINE('',#565,#9914);
#9912=LINE('',#567,#9915);
#9913=VECTOR('',#9916,1.0);
#9914=VECTOR('',#9917,1.0);
#9915=VECTOR('',#9918,1.0);
#9916=DIRECTION('',(0.9999999686760228,5.516638140396752E-05,-0.000244140581532452));
#9917=DIRECTION('',(-0.9966973080824646,-0.03494186498797364,-0.07330444824382043));
#9918=DIRECTION('',(0,0.4285724751574403,0.903507406465174));
#9919=STYLED_ITEM('',(#25),#9920);
#9920=FACE_SURFACE('',(#9925),#9921,.T.);
#9921=PLANE('',#9922);
#9922=AXIS2_PLACEMENT_3D('',#567,#9923,#9924);
#9923=DIRECTION('',(-0.00012288019761532573,0.9033411374465243,-0.42892280692133467));
#9924=DIRECTION('',(0.9966973080824646,0.03494186498797364,0.07330444824382043));
#9925=FACE_BOUND('',#9926,.T.);
#9926=EDGE_LOOP('',(#9927,#9928,#9929));
#9927=ORIENTED_EDGE('',*,*,#9930,.T.);
#9928=ORIENTED_EDGE('',*,*,#9931,.T.);
#9929=ORIENTED_EDGE('',*,*,#9932,.T.);
#9930=EDGE_CURVE('',#568,#566,#9933,.F.);
#9931=EDGE_CURVE('',#566,#570,#9934,.T.);
#9932=EDGE_CURVE('',#570,#568,#9935,.T.);
#9933=LINE('',#567,#9936);
#9934=LINE('',#565,#9937);
#9935=LINE('',#569,#9938);
#9936=VECTOR('',#9939,1.0);
#9937=VECTOR('',#9940,1.0);
#9938=VECTOR('',#9941,1.0);
#9939=DIRECTION('',(0.9966973080824646,0.03494186498797364,0.07330444824382043));
#9940=DIRECTION('',(0,-0.42892281015960393,-0.9033411442665437));
#9941=DIRECTION('',(-0.9999999924495387,-0.00011150651825466614,5.164512424426642E-05));
#9942=STYLED_ITEM('',(#25),#9943);
#9943=FACE_SURFACE('',(#9948),#9944,.T.);
#9944=PLANE('',#9945);
#9945=AXIS2_PLACEMENT_3D('',#567,#9946,#9947);
#9946=DIRECTION('',(-0.0001228612887881639,0.8988228685382327,-0.43831203029098664));
#9947=DIRECTION('',(0.9999999924495387,0.00011150651825466614,-5.164512424426642E-05));
#9948=FACE_BOUND('',#9949,.T.);
#9949=EDGE_LOOP('',(#9950,#9951,#9952));
#9950=ORIENTED_EDGE('',*,*,#9953,.T.);
#9951=ORIENTED_EDGE('',*,*,#9954,.T.);
#9952=ORIENTED_EDGE('',*,*,#9955,.T.);
#9953=EDGE_CURVE('',#568,#570,#9956,.F.);
#9954=EDGE_CURVE('',#570,#572,#9957,.T.);
#9955=EDGE_CURVE('',#572,#568,#9958,.T.);
#9956=LINE('',#567,#9959);
#9957=LINE('',#569,#9960);
#9958=LINE('',#571,#9961);
#9959=VECTOR('',#9962,1.0);
#9960=VECTOR('',#9963,1.0);
#9961=VECTOR('',#9964,1.0);
#9962=DIRECTION('',(0.9999999924495387,0.00011150651825466614,-5.164512424426642E-05));
#9963=DIRECTION('',(-0.9966496701533952,-0.03595910845942178,-0.0734600401710482));
#9964=DIRECTION('',(0,0.43831203359912396,0.8988228753220516));
#9965=STYLED_ITEM('',(#25),#9966);
#9966=FACE_SURFACE('',(#9971),#9967,.T.);
#9967=PLANE('',#9968);
#9968=AXIS2_PLACEMENT_3D('',#571,#9969,#9970);
#9969=DIRECTION('',(-9.482941857225228E-05,0.8986730975191052,-0.4386190315100314));
#9970=DIRECTION('',(0.9966496701533952,0.03595910845942178,0.0734600401710482));
#9971=FACE_BOUND('',#9972,.T.);
#9972=EDGE_LOOP('',(#9973,#9974,#9975));
#9973=ORIENTED_EDGE('',*,*,#9976,.T.);
#9974=ORIENTED_EDGE('',*,*,#9977,.T.);
#9975=ORIENTED_EDGE('',*,*,#9978,.T.);
#9976=EDGE_CURVE('',#572,#570,#9979,.F.);
#9977=EDGE_CURVE('',#570,#574,#9980,.T.);
#9978=EDGE_CURVE('',#574,#572,#9981,.T.);
#9979=LINE('',#571,#9982);
#9980=LINE('',#569,#9983);
#9981=LINE('',#573,#9984);
#9982=VECTOR('',#9985,1.0);
#9983=VECTOR('',#9986,1.0);
#9984=VECTOR('',#9987,1.0);
#9985=DIRECTION('',(0.9966496701533952,0.03595910845942178,0.0734600401710482));
#9986=DIRECTION('',(0,-0.43861903348219833,-0.8986731015598175));
#9987=DIRECTION('',(-0.999999978651228,-4.695011230150086E-06,0.00020658049412660377));
#9988=STYLED_ITEM('',(#25),#9989);
#9989=FACE_SURFACE('',(#9994),#9990,.T.);
#9990=PLANE('',#9991);
#9991=AXIS2_PLACEMENT_3D('',#571,#9992,#9993);
#9992=DIRECTION('',(-9.682234567146682E-05,0.8938450498370684,-0.4483759778435976));
#9993=DIRECTION('',(0.999999978651228,4.695011230150086E-06,-0.00020658049412660377));
#9994=FACE_BOUND('',#9995,.T.);
#9995=EDGE_LOOP('',(#9996,#9997,#9998));
#9996=ORIENTED_EDGE('',*,*,#9999,.T.);
#9997=ORIENTED_EDGE('',*,*,#10000,.T.);
#9998=ORIENTED_EDGE('',*,*,#10001,.T.);
#9999=EDGE_CURVE('',#572,#574,#10002,.F.);
#10000=EDGE_CURVE('',#574,#576,#10003,.T.);
#10001=EDGE_CURVE('',#576,#572,#10004,.T.);
#10002=LINE('',#571,#10005);
#10003=LINE('',#573,#10006);
#10004=LINE('',#575,#10007);
#10005=VECTOR('',#10008,1.0);
#10006=VECTOR('',#10009,1.0);
#10007=VECTOR('',#10010,1.0);
#10008=DIRECTION('',(0.999999978651228,4.695011230150086E-06,-0.00020658049412660377));
#10009=DIRECTION('',(-0.996639516202129,-0.03681387208574381,-0.07317385849086264));
#10010=DIRECTION('',(0,0.4483759799452628,0.8938450540267732));
#10011=STYLED_ITEM('',(#25),#10012);
#10012=FACE_SURFACE('',(#10017),#10013,.T.);
#10013=PLANE('',#10014);
#10014=AXIS2_PLACEMENT_3D('',#575,#10015,#10016);
#10015=DIRECTION('',(-7.24394605779569E-05,0.893711992933205,-0.44864113547453877));
#10016=DIRECTION('',(0.996639516202129,0.03681387208574381,0.07317385849086264));
#10017=FACE_BOUND('',#10018,.T.);
#10018=EDGE_LOOP('',(#10019,#10020,#10021));
#10019=ORIENTED_EDGE('',*,*,#10022,.T.);
#10020=ORIENTED_EDGE('',*,*,#10023,.T.);
#10021=ORIENTED_EDGE('',*,*,#10024,.T.);
#10022=EDGE_CURVE('',#576,#574,#10025,.F.);
#10023=EDGE_CURVE('',#574,#578,#10026,.T.);
#10024=EDGE_CURVE('',#578,#576,#10027,.T.);
#10025=LINE('',#575,#10028);
#10026=LINE('',#573,#10029);
#10027=LINE('',#577,#10030);
#10028=VECTOR('',#10031,1.0);
#10029=VECTOR('',#10032,1.0);
#10030=VECTOR('',#10033,1.0);
#10031=DIRECTION('',(0.996639516202129,0.03681387208574381,0.07317385849086264));
#10032=DIRECTION('',(0,-0.44864113665165545,-0.893711995278071));
#10033=DIRECTION('',(-0.9999999973761785,-6.455640562337919E-05,3.2865079226447585E-05));
#10034=STYLED_ITEM('',(#25),#10035);
#10035=FACE_SURFACE('',(#10040),#10036,.T.);
#10036=PLANE('',#10037);
#10037=AXIS2_PLACEMENT_3D('',#575,#10038,#10039);
#10038=DIRECTION('',(-7.243941149631107E-05,0.8885313427596272,-0.4588159191727174));
#10039=DIRECTION('',(0.9999999973761785,6.455640562337919E-05,-3.2865079226447585E-05));
#10040=FACE_BOUND('',#10041,.T.);
#10041=EDGE_LOOP('',(#10042,#10043,#10044));
#10042=ORIENTED_EDGE('',*,*,#10045,.T.);
#10043=ORIENTED_EDGE('',*,*,#10046,.T.);
#10044=ORIENTED_EDGE('',*,*,#10047,.T.);
#10045=EDGE_CURVE('',#576,#578,#10048,.F.);
#10046=EDGE_CURVE('',#578,#580,#10049,.T.);
#10047=EDGE_CURVE('',#580,#576,#10050,.T.);
#10048=LINE('',#575,#10051);
#10049=LINE('',#577,#10052);
#10050=LINE('',#579,#10053);
#10051=VECTOR('',#10054,1.0);
#10052=VECTOR('',#10055,1.0);
#10053=VECTOR('',#10056,1.0);
#10054=DIRECTION('',(0.9999999973761785,6.455640562337919E-05,-3.2865079226447585E-05));
#10055=DIRECTION('',(-0.9966055338310918,-0.0378361643421421,-0.07311521459394806));
#10056=DIRECTION('',(0,0.45881592037652835,0.8885313450908972));
#10057=STYLED_ITEM('',(#25),#10058);
#10058=FACE_SURFACE('',(#10063),#10059,.T.);
#10059=PLANE('',#10060);
#10060=AXIS2_PLACEMENT_3D('',#579,#10061,#10062);
#10061=DIRECTION('',(-5.2697380751049234E-05,0.888421665147393,-0.45902825851979945));
#10062=DIRECTION('',(0.9966055338310918,0.0378361643421421,0.07311521459394806));
#10063=FACE_BOUND('',#10064,.T.);
#10064=EDGE_LOOP('',(#10065,#10066,#10067));
#10065=ORIENTED_EDGE('',*,*,#10068,.T.);
#10066=ORIENTED_EDGE('',*,*,#10069,.T.);
#10067=ORIENTED_EDGE('',*,*,#10070,.T.);
#10068=EDGE_CURVE('',#580,#578,#10071,.F.);
#10069=EDGE_CURVE('',#578,#582,#10072,.T.);
#10070=EDGE_CURVE('',#582,#580,#10073,.T.);
#10071=LINE('',#579,#10074);
#10072=LINE('',#577,#10075);
#10073=LINE('',#581,#10076);
#10074=VECTOR('',#10077,1.0);
#10075=VECTOR('',#10078,1.0);
#10076=VECTOR('',#10079,1.0);
#10077=DIRECTION('',(0.9966055338310918,0.0378361643421421,0.07311521459394806));
#10078=DIRECTION('',(0,-0.45902825915716333,-0.8884216663809726));
#10079=DIRECTION('',(-0.9999999835448028,3.286507877187833E-05,0.00017841042761876805));
#10080=STYLED_ITEM('',(#25),#10081);
#10081=FACE_SURFACE('',(#10086),#10082,.T.);
#10082=PLANE('',#10083);
#10083=AXIS2_PLACEMENT_3D('',#579,#10084,#10085);
#10084=DIRECTION('',(-5.477818118479662E-05,0.8828452335821299,-0.46966401878434927));
#10085=DIRECTION('',(0.9999999835448028,-3.286507877187833E-05,-0.00017841042761876805));
#10086=FACE_BOUND('',#10087,.T.);
#10087=EDGE_LOOP('',(#10088,#10089,#10090));
#10088=ORIENTED_EDGE('',*,*,#10091,.T.);
#10089=ORIENTED_EDGE('',*,*,#10092,.T.);
#10090=ORIENTED_EDGE('',*,*,#10093,.T.);
#10091=EDGE_CURVE('',#580,#582,#10094,.F.);
#10092=EDGE_CURVE('',#582,#584,#10095,.T.);
#10093=EDGE_CURVE('',#584,#580,#10096,.T.);
#10094=LINE('',#579,#10097);
#10095=LINE('',#581,#10098);
#10096=LINE('',#583,#10099);
#10097=VECTOR('',#10100,1.0);
#10098=VECTOR('',#10101,1.0);
#10099=VECTOR('',#10102,1.0);
#10100=DIRECTION('',(0.9999999835448028,-3.286507877187833E-05,-0.00017841042761876805));
#10101=DIRECTION('',(-0.9966079506186802,-0.03869954739247762,-0.07262876699525891));
#10102=DIRECTION('',(0,0.4696640194889978,0.8828452349066842));
#10103=STYLED_ITEM('',(#25),#10104);
#10104=FACE_SURFACE('',(#10109),#10105,.T.);
#10105=PLANE('',#10106);
#10106=AXIS2_PLACEMENT_3D('',#583,#10107,#10108);
#10107=DIRECTION('',(-4.197989367384861E-05,0.8827724311159502,-0.46980084408111017));
#10108=DIRECTION('',(0.9966079506186802,0.03869954739247762,0.07262876699525891));
#10109=FACE_BOUND('',#10110,.T.);
#10110=EDGE_LOOP('',(#10111,#10112,#10113));
#10111=ORIENTED_EDGE('',*,*,#10114,.T.);
#10112=ORIENTED_EDGE('',*,*,#10115,.T.);
#10113=ORIENTED_EDGE('',*,*,#10116,.T.);
#10114=EDGE_CURVE('',#584,#582,#10117,.F.);
#10115=EDGE_CURVE('',#582,#586,#10118,.T.);
#10116=EDGE_CURVE('',#586,#584,#10119,.T.);
#10117=LINE('',#583,#10120);
#10118=LINE('',#581,#10121);
#10119=LINE('',#585,#10122);
#10120=VECTOR('',#10123,1.0);
#10121=VECTOR('',#10124,1.0);
#10122=VECTOR('',#10125,1.0);
#10123=DIRECTION('',(0.9966079506186802,0.03869954739247762,0.07262876699525891));
#10124=DIRECTION('',(0,-0.4698008444950779,-0.8827724318938102));
#10125=DIRECTION('',(-0.9999999991182748,-3.756009060994482E-05,1.878004530497241E-05));
#10126=STYLED_ITEM('',(#25),#10127);
#10127=FACE_SURFACE('',(#10132),#10128,.T.);
#10128=PLANE('',#10129);
#10129=AXIS2_PLACEMENT_3D('',#583,#10130,#10131);
#10130=DIRECTION('',(-4.19630217265524E-05,0.8767551569319993,-0.4809369948675708));
#10131=DIRECTION('',(0.9999999991182748,3.756009060994482E-05,-1.878004530497241E-05));
#10132=FACE_BOUND('',#10133,.T.);
#10133=EDGE_LOOP('',(#10134,#10135,#10136));
#10134=ORIENTED_EDGE('',*,*,#10137,.T.);
#10135=ORIENTED_EDGE('',*,*,#10138,.T.);
#10136=ORIENTED_EDGE('',*,*,#10139,.T.);
#10137=EDGE_CURVE('',#584,#586,#10140,.F.);
#10138=EDGE_CURVE('',#586,#588,#10141,.T.);
#10139=EDGE_CURVE('',#588,#584,#10142,.T.);
#10140=LINE('',#583,#10143);
#10141=LINE('',#585,#10144);
#10142=LINE('',#587,#10145);
#10143=VECTOR('',#10146,1.0);
#10144=VECTOR('',#10147,1.0);
#10145=VECTOR('',#10148,1.0);
#10146=DIRECTION('',(0.9999999991182748,3.756009060994482E-05,-1.878004530497241E-05));
#10147=DIRECTION('',(-0.9965878175138941,-0.039732822630534965,-0.07234656031010471));
#10148=DIRECTION('',(0,0.48093699529101064,0.8767551577039364));
#10149=STYLED_ITEM('',(#25),#10150);
#10150=FACE_SURFACE('',(#10155),#10151,.T.);
#10151=PLANE('',#10152);
#10152=AXIS2_PLACEMENT_3D('',#587,#10153,#10154);
#10153=DIRECTION('',(-3.479369940953371E-05,0.8767135224343807,-0.4810128879459458));
#10154=DIRECTION('',(0.9965878175138941,0.039732822630534965,0.07234656031010471));
#10155=FACE_BOUND('',#10156,.T.);
#10156=EDGE_LOOP('',(#10157,#10158,#10159));
#10157=ORIENTED_EDGE('',*,*,#10160,.T.);
#10158=ORIENTED_EDGE('',*,*,#10161,.T.);
#10159=ORIENTED_EDGE('',*,*,#10162,.T.);
#10160=EDGE_CURVE('',#588,#586,#10163,.F.);
#10161=EDGE_CURVE('',#586,#590,#10164,.T.);
#10162=EDGE_CURVE('',#590,#588,#10165,.T.);
#10163=LINE('',#587,#10166);
#10164=LINE('',#585,#10167);
#10165=LINE('',#589,#10168);
#10166=VECTOR('',#10169,1.0);
#10167=VECTOR('',#10170,1.0);
#10168=VECTOR('',#10171,1.0);
#10169=DIRECTION('',(0.9965878175138941,0.039732822630534965,0.07234656031010471));
#10170=DIRECTION('',(0,-0.48101288823710325,-0.8767135229650561));
#10171=DIRECTION('',(-0.9999999852249026,5.04713710558958E-05,0.0001643253941354747));
#10172=STYLED_ITEM('',(#25),#10173);
#10173=FACE_SURFACE('',(#10178),#10174,.T.);
#10174=PLANE('',#10175);
#10175=AXIS2_PLACEMENT_3D('',#587,#10176,#10177);
#10176=DIRECTION('',(-3.703068547839519E-05,0.8702353000878679,-0.4926362969876529));
#10177=DIRECTION('',(0.9999999852249026,-5.04713710558958E-05,-0.0001643253941354747));
#10178=FACE_BOUND('',#10179,.T.);
#10179=EDGE_LOOP('',(#10180,#10181,#10182));
#10180=ORIENTED_EDGE('',*,*,#10183,.T.);
#10181=ORIENTED_EDGE('',*,*,#10184,.T.);
#10182=ORIENTED_EDGE('',*,*,#10185,.T.);
#10183=EDGE_CURVE('',#588,#590,#10186,.F.);
#10184=EDGE_CURVE('',#590,#592,#10187,.T.);
#10185=EDGE_CURVE('',#592,#588,#10188,.T.);
#10186=LINE('',#587,#10189);
#10187=LINE('',#589,#10190);
#10188=LINE('',#591,#10191);
#10189=VECTOR('',#10192,1.0);
#10190=VECTOR('',#10193,1.0);
#10191=VECTOR('',#10194,1.0);
#10192=DIRECTION('',(0.9999999852249026,-5.04713710558958E-05,-0.0001643253941354747));
#10193=DIRECTION('',(-0.996602573996518,-0.040606055714984796,-0.07165513061035084));
#10194=DIRECTION('',(0,0.49263629732542197,0.8702353006845324));
#10195=STYLED_ITEM('',(#25),#10196);
#10196=FACE_SURFACE('',(#10201),#10197,.T.);
#10197=PLANE('',#10198);
#10198=AXIS2_PLACEMENT_3D('',#591,#10199,#10200);
#10199=DIRECTION('',(-3.5809221190483785E-05,0.8702280187401263,-0.4926491592577158));
#10200=DIRECTION('',(0.996602573996518,0.040606055714984796,0.07165513061035084));
#10201=FACE_BOUND('',#10202,.T.);
#10202=EDGE_LOOP('',(#10203,#10204,#10205));
#10203=ORIENTED_EDGE('',*,*,#10206,.T.);
#10204=ORIENTED_EDGE('',*,*,#10207,.T.);
#10205=ORIENTED_EDGE('',*,*,#10208,.T.);
#10206=EDGE_CURVE('',#592,#590,#10209,.F.);
#10207=EDGE_CURVE('',#590,#594,#10210,.T.);
#10208=EDGE_CURVE('',#594,#592,#10211,.T.);
#10209=LINE('',#591,#10212);
#10210=LINE('',#589,#10213);
#10211=LINE('',#593,#10214);
#10212=VECTOR('',#10215,1.0);
#10213=VECTOR('',#10216,1.0);
#10214=VECTOR('',#10217,1.0);
#10215=DIRECTION('',(0.996602573996518,0.040606055714984796,0.07165513061035084));
#10216=DIRECTION('',(0,-0.4926491595735778,-0.870228019298073));
#10217=DIRECTION('',(-0.9999999993579939,-3.051757362789581E-05,1.8780045309474342E-05));
#10218=STYLED_ITEM('',(#25),#10219);
#10219=FACE_SURFACE('',(#10224),#10220,.T.);
#10220=PLANE('',#10221);
#10221=AXIS2_PLACEMENT_3D('',#591,#10222,#10223);
#10222=DIRECTION('',(-3.5824024168549365E-05,0.8632494283102229,-0.5047775977979934));
#10223=DIRECTION('',(0.9999999993579939,3.051757362789581E-05,-1.8780045309474342E-05));
#10224=FACE_BOUND('',#10225,.T.);
#10225=EDGE_LOOP('',(#10226,#10227,#10228));
#10226=ORIENTED_EDGE('',*,*,#10229,.T.);
#10227=ORIENTED_EDGE('',*,*,#10230,.T.);
#10228=ORIENTED_EDGE('',*,*,#10231,.T.);
#10229=EDGE_CURVE('',#592,#594,#10232,.F.);
#10230=EDGE_CURVE('',#594,#596,#10233,.T.);
#10231=EDGE_CURVE('',#596,#592,#10234,.T.);
#10232=LINE('',#591,#10235);
#10233=LINE('',#593,#10236);
#10234=LINE('',#595,#10237);
#10235=VECTOR('',#10238,1.0);
#10236=VECTOR('',#10239,1.0);
#10237=VECTOR('',#10240,1.0);
#10238=DIRECTION('',(0.9999999993579939,3.051757362789581E-05,-1.8780045309474342E-05));
#10239=DIRECTION('',(-0.9965954824868605,-0.04164802005763089,-0.07115396483725345));
#10240=DIRECTION('',(0,0.5047775981218992,0.863249428864153));
#10241=STYLED_ITEM('',(#25),#10242);
#10242=FACE_SURFACE('',(#10247),#10243,.T.);
#10243=PLANE('',#10244);
#10244=AXIS2_PLACEMENT_3D('',#595,#10245,#10246);
#10245=DIRECTION('',(-3.330415240707828E-05,0.8632340526481919,-0.5048038918623866));
#10246=DIRECTION('',(0.9965954824868605,0.04164802005763089,0.07115396483725345));
#10247=FACE_BOUND('',#10248,.T.);
#10248=EDGE_LOOP('',(#10249,#10250,#10251));
#10249=ORIENTED_EDGE('',*,*,#10252,.T.);
#10250=ORIENTED_EDGE('',*,*,#10253,.T.);
#10251=ORIENTED_EDGE('',*,*,#10254,.T.);
#10252=EDGE_CURVE('',#596,#594,#10255,.F.);
#10253=EDGE_CURVE('',#594,#598,#10256,.T.);
#10254=EDGE_CURVE('',#598,#596,#10257,.T.);
#10255=LINE('',#595,#10258);
#10256=LINE('',#593,#10259);
#10257=LINE('',#597,#10260);
#10258=VECTOR('',#10261,1.0);
#10259=VECTOR('',#10262,1.0);
#10260=VECTOR('',#10263,1.0);
#10261=DIRECTION('',(0.9965954824868605,0.04164802005763089,0.07115396483725345));
#10262=DIRECTION('',(0,-0.5048038921423424,-0.8632340531269271));
#10263=DIRECTION('',(-0.9999999848446587,5.751388792554683E-05,0.00016432539407299095));
#10264=STYLED_ITEM('',(#25),#10265);
#10265=FACE_SURFACE('',(#10270),#10266,.T.);
#10266=PLANE('',#10267);
#10267=AXIS2_PLACEMENT_3D('',#595,#10268,#10269);
#10268=DIRECTION('',(-3.5808663889014353E-05,0.8557319830319551,-0.5174193385774611));
#10269=DIRECTION('',(0.9999999848446587,-5.751388792554683E-05,-0.00016432539407299095));
#10270=FACE_BOUND('',#10271,.T.);
#10271=EDGE_LOOP('',(#10272,#10273,#10274));
#10272=ORIENTED_EDGE('',*,*,#10275,.T.);
#10273=ORIENTED_EDGE('',*,*,#10276,.T.);
#10274=ORIENTED_EDGE('',*,*,#10277,.T.);
#10275=EDGE_CURVE('',#596,#598,#10278,.F.);
#10276=EDGE_CURVE('',#598,#600,#10279,.T.);
#10277=EDGE_CURVE('',#600,#596,#10280,.T.);
#10278=LINE('',#595,#10281);
#10279=LINE('',#597,#10282);
#10280=LINE('',#599,#10283);
#10281=VECTOR('',#10284,1.0);
#10282=VECTOR('',#10285,1.0);
#10283=VECTOR('',#10286,1.0);
#10284=DIRECTION('',(0.9999999848446587,-5.751388792554683E-05,-0.00016432539407299095));
#10285=DIRECTION('',(-0.9966221376234368,-0.04252296566230051,-0.07025747070720939));
#10286=DIRECTION('',(0,0.5174193389091943,0.8557319835805907));
#10287=STYLED_ITEM('',(#25),#10288);
#10288=FACE_SURFACE('',(#10293),#10289,.T.);
#10289=PLANE('',#10290);
#10290=AXIS2_PLACEMENT_3D('',#599,#10291,#10292);
#10291=DIRECTION('',(-3.239818537611275E-05,0.8557105673223002,-0.5174547554359749));
#10292=DIRECTION('',(0.9966221376234368,0.04252296566230051,0.07025747070720939));
#10293=FACE_BOUND('',#10294,.T.);
#10294=EDGE_LOOP('',(#10295,#10296,#10297));
#10295=ORIENTED_EDGE('',*,*,#10298,.T.);
#10296=ORIENTED_EDGE('',*,*,#10299,.T.);
#10297=ORIENTED_EDGE('',*,*,#10300,.T.);
#10298=EDGE_CURVE('',#600,#598,#10301,.F.);
#10299=EDGE_CURVE('',#598,#602,#10302,.T.);
#10300=EDGE_CURVE('',#602,#600,#10303,.T.);
#10301=LINE('',#599,#10304);
#10302=LINE('',#597,#10305);
#10303=LINE('',#601,#10306);
#10304=VECTOR('',#10307,1.0);
#10305=VECTOR('',#10308,1.0);
#10306=VECTOR('',#10309,1.0);
#10307=DIRECTION('',(0.9966221376234368,0.04252296566230051,0.07025747070720939));
#10308=DIRECTION('',(0,-0.5174547557075461,-0.8557105677713954));
#10309=DIRECTION('',(-0.999999999470276,-2.9343820799348448E-05,1.4085033983687256E-05));
#10310=STYLED_ITEM('',(#25),#10311);
#10311=FACE_SURFACE('',(#10316),#10312,.T.);
#10312=PLANE('',#10313);
#10313=AXIS2_PLACEMENT_3D('',#599,#10314,#10315);
#10314=DIRECTION('',(-3.235999777096196E-05,0.8496980977642783,-0.5272695151519737));
#10315=DIRECTION('',(0.999999999470276,2.9343820799348448E-05,-1.4085033983687256E-05));
#10316=FACE_BOUND('',#10317,.T.);
#10317=EDGE_LOOP('',(#10318,#10319,#10320));
#10318=ORIENTED_EDGE('',*,*,#10321,.T.);
#10319=ORIENTED_EDGE('',*,*,#10322,.T.);
#10320=ORIENTED_EDGE('',*,*,#10323,.T.);
#10321=EDGE_CURVE('',#600,#602,#10324,.F.);
#10322=EDGE_CURVE('',#602,#604,#10325,.T.);
#10323=EDGE_CURVE('',#604,#600,#10326,.T.);
#10324=LINE('',#599,#10327);
#10325=LINE('',#601,#10328);
#10326=LINE('',#603,#10329);
#10327=VECTOR('',#10330,1.0);
#10328=VECTOR('',#10331,1.0);
#10329=VECTOR('',#10332,1.0);
#10330=DIRECTION('',(0.999999999470276,2.9343820799348448E-05,-1.4085033983687256E-05));
#10331=DIRECTION('',(0,-0.527269515428044,-0.8496980982091672));
#10332=DIRECTION('',(-0.9991216508411908,0.022067107386064103,0.035622599455762516));
#10333=STYLED_ITEM('',(#25),#10334);
#10334=FACE_SURFACE('',(#10339),#10335,.T.);
#10335=PLANE('',#10336);
#10336=AXIS2_PLACEMENT_3D('',#603,#10337,#10338);
#10337=DIRECTION('',(0,0.8496980982091672,-0.527269515428044));
#10338=DIRECTION('',(0,0.527269515428044,0.8496980982091672));
#10339=FACE_BOUND('',#10340,.T.);
#10340=EDGE_LOOP('',(#10341,#10342,#10343));
#10341=ORIENTED_EDGE('',*,*,#10344,.T.);
#10342=ORIENTED_EDGE('',*,*,#10345,.T.);
#10343=ORIENTED_EDGE('',*,*,#10346,.T.);
#10344=EDGE_CURVE('',#604,#602,#10347,.F.);
#10345=EDGE_CURVE('',#602,#606,#10348,.T.);
#10346=EDGE_CURVE('',#606,#604,#10349,.T.);
#10347=LINE('',#603,#10350);
#10348=LINE('',#601,#10351);
#10349=LINE('',#605,#10352);
#10350=VECTOR('',#10353,1.0);
#10351=VECTOR('',#10354,1.0);
#10352=VECTOR('',#10355,1.0);
#10353=DIRECTION('',(0,0.527269515428044,0.8496980982091672));
#10354=DIRECTION('',(0.9991215045237205,-0.022096425438791062,-0.03560852680307036));
#10355=DIRECTION('',(-1,0,0));
#10356=STYLED_ITEM('',(#25),#10357);
#10357=FACE_SURFACE('',(#10362),#10358,.T.);
#10358=PLANE('',#10359);
#10359=AXIS2_PLACEMENT_3D('',#603,#10360,#10361);
#10360=DIRECTION('',(0,0.8454134124471943,-0.5341124994365796));
#10361=DIRECTION('',(1,0,0));
#10362=FACE_BOUND('',#10363,.T.);
#10363=EDGE_LOOP('',(#10364,#10365,#10366));
#10364=ORIENTED_EDGE('',*,*,#10367,.T.);
#10365=ORIENTED_EDGE('',*,*,#10368,.T.);
#10366=ORIENTED_EDGE('',*,*,#10369,.T.);
#10367=EDGE_CURVE('',#604,#606,#10370,.F.);
#10368=EDGE_CURVE('',#606,#608,#10371,.T.);
#10369=EDGE_CURVE('',#608,#604,#10372,.T.);
#10370=LINE('',#603,#10373);
#10371=LINE('',#605,#10374);
#10372=LINE('',#607,#10375);
#10373=VECTOR('',#10376,1.0);
#10374=VECTOR('',#10377,1.0);
#10375=VECTOR('',#10378,1.0);
#10376=DIRECTION('',(1,0,0));
#10377=DIRECTION('',(0,-0.5341124994365796,-0.8454134124471944));
#10378=DIRECTION('',(-0.9991447493316168,0.0220852120260538,0.03495730671583537));
#10379=STYLED_ITEM('',(#25),#10380);
#10380=FACE_SURFACE('',(#10385),#10381,.T.);
#10381=PLANE('',#10382);
#10382=AXIS2_PLACEMENT_3D('',#607,#10383,#10384);
#10383=DIRECTION('',(2.4164767999714623E-05,0.8454134122003606,-0.5341124992806358));
#10384=DIRECTION('',(0,0.5341124994365796,0.8454134124471944));
#10385=FACE_BOUND('',#10386,.T.);
#10386=EDGE_LOOP('',(#10387,#10388,#10389));
#10387=ORIENTED_EDGE('',*,*,#10390,.T.);
#10388=ORIENTED_EDGE('',*,*,#10391,.T.);
#10389=ORIENTED_EDGE('',*,*,#10392,.T.);
#10390=EDGE_CURVE('',#608,#606,#10393,.F.);
#10391=EDGE_CURVE('',#606,#432,#10394,.T.);
#10392=EDGE_CURVE('',#432,#608,#10395,.T.);
#10393=LINE('',#607,#10396);
#10394=LINE('',#605,#10397);
#10395=LINE('',#431,#10398);
#10396=VECTOR('',#10399,1.0);
#10397=VECTOR('',#10400,1.0);
#10398=VECTOR('',#10401,1.0);
#10399=DIRECTION('',(0,0.5341124994365796,0.8454134124471944));
#10400=DIRECTION('',(0.9991846776622768,-0.02158413791092687,-0.03411898174878746));
#10401=DIRECTION('',(-0.9999995206723118,-0.0005023660452596218,-0.0008404067486118906));
#10402=STYLED_ITEM('',(#25),#10403);
#10403=FACE_SURFACE('',(#10408),#10404,.T.);
#10404=PLANE('',#10405);
#10405=AXIS2_PLACEMENT_3D('',#607,#10406,#10407);
#10406=DIRECTION('',(3.203578083084447E-05,0.8410906349956501,-0.540894206565686));
#10407=DIRECTION('',(0.9999995206723118,0.0005023660452596218,0.0008404067486118906));
#10408=FACE_BOUND('',#10409,.T.);
#10409=EDGE_LOOP('',(#10410,#10411,#10412));
#10410=ORIENTED_EDGE('',*,*,#10413,.T.);
#10411=ORIENTED_EDGE('',*,*,#10414,.T.);
#10412=ORIENTED_EDGE('',*,*,#10415,.T.);
#10413=EDGE_CURVE('',#608,#432,#10416,.F.);
#10414=EDGE_CURVE('',#432,#610,#10417,.T.);
#10415=EDGE_CURVE('',#610,#608,#10418,.T.);
#10416=LINE('',#607,#10419);
#10417=LINE('',#431,#10420);
#10418=LINE('',#609,#10421);
#10419=VECTOR('',#10422,1.0);
#10420=VECTOR('',#10423,1.0);
#10421=VECTOR('',#10424,1.0);
#10422=DIRECTION('',(0.9999995206723118,0.0005023660452596218,0.0008404067486118906));
#10423=DIRECTION('',(-0.9991277497197438,-0.02255979159001126,-0.035139657701465786));
#10424=DIRECTION('',(0,0.5408942068432434,0.8410906354272519));
#10425=STYLED_ITEM('',(#25),#10426);
#10426=FACE_SURFACE('',(#10431),#10427,.T.);
#10427=PLANE('',#10428);
#10428=AXIS2_PLACEMENT_3D('',#609,#10429,#10430);
#10429=DIRECTION('',(0.0001960954996305127,0.8389609178681907,-0.5441916388886529));
#10430=DIRECTION('',(0.9991277497197438,0.02255979159001126,0.035139657701465786));
#10431=FACE_BOUND('',#10432,.T.);
#10432=EDGE_LOOP('',(#10433,#10434,#10435));
#10433=ORIENTED_EDGE('',*,*,#10436,.T.);
#10434=ORIENTED_EDGE('',*,*,#10437,.T.);
#10435=ORIENTED_EDGE('',*,*,#10438,.T.);
#10436=EDGE_CURVE('',#610,#432,#10439,.F.);
#10437=EDGE_CURVE('',#432,#430,#10440,.T.);
#10438=EDGE_CURVE('',#430,#610,#10441,.T.);
#10439=LINE('',#609,#10442);
#10440=LINE('',#431,#10443);
#10441=LINE('',#429,#10444);
#10442=VECTOR('',#10445,1.0);
#10443=VECTOR('',#10446,1.0);
#10444=VECTOR('',#10447,1.0);
#10445=DIRECTION('',(0.9991277497197438,0.02255979159001126,0.035139657701465786));
#10446=DIRECTION('',(0,-0.5441916493516747,-0.8389609339986599));
#10447=DIRECTION('',(-0.9991906229247486,0.022054560340411727,0.033640681138227595));
#10448=STYLED_ITEM('',(#25),#10449);
#10449=FACE_SURFACE('',(#10454),#10450,.T.);
#10450=PLANE('',#10451);
#10451=AXIS2_PLACEMENT_3D('',#609,#10452,#10453);
#10452=DIRECTION('',(2.183732497976911E-05,0.8365975292905111,-0.547818011303155));
#10453=DIRECTION('',(0.9991906229247486,-0.022054560340411727,-0.033640681138227595));
#10454=FACE_BOUND('',#10455,.T.);
#10455=EDGE_LOOP('',(#10456,#10457,#10458));
#10456=ORIENTED_EDGE('',*,*,#10459,.T.);
#10457=ORIENTED_EDGE('',*,*,#10460,.T.);
#10458=ORIENTED_EDGE('',*,*,#10461,.T.);
#10459=EDGE_CURVE('',#610,#430,#10462,.F.);
#10460=EDGE_CURVE('',#430,#612,#10463,.T.);
#10461=EDGE_CURVE('',#612,#610,#10464,.T.);
#10462=LINE('',#609,#10465);
#10463=LINE('',#429,#10466);
#10464=LINE('',#611,#10467);
#10465=VECTOR('',#10468,1.0);
#10466=VECTOR('',#10469,1.0);
#10467=VECTOR('',#10470,1.0);
#10468=DIRECTION('',(0.9991906229247486,-0.022054560340411727,-0.033640681138227595));
#10469=DIRECTION('',(-0.9999999997568367,1.9953801076878738E-05,-9.39002403617823E-06));
#10470=DIRECTION('',(0,0.5478180114337736,0.8365975294899848));
#10471=STYLED_ITEM('',(#25),#10472);
#10472=FACE_SURFACE('',(#10477),#10473,.T.);
#10473=PLANE('',#10474);
#10474=AXIS2_PLACEMENT_3D('',#611,#10475,#10476);
#10475=DIRECTION('',(2.1810672971777334E-05,0.8319581062236274,-0.5548384530771907));
#10476=DIRECTION('',(0.9999999997568367,-1.9953801076878738E-05,9.39002403617823E-06));
#10477=FACE_BOUND('',#10478,.T.);
#10478=EDGE_LOOP('',(#10479,#10480,#10481));
#10479=ORIENTED_EDGE('',*,*,#10482,.T.);
#10480=ORIENTED_EDGE('',*,*,#10483,.T.);
#10481=ORIENTED_EDGE('',*,*,#10484,.T.);
#10482=EDGE_CURVE('',#612,#430,#10485,.F.);
#10483=EDGE_CURVE('',#430,#614,#10486,.T.);
#10484=EDGE_CURVE('',#614,#612,#10487,.T.);
#10485=LINE('',#611,#10488);
#10486=LINE('',#429,#10489);
#10487=LINE('',#613,#10490);
#10488=VECTOR('',#10491,1.0);
#10489=VECTOR('',#10492,1.0);
#10490=VECTOR('',#10493,1.0);
#10491=DIRECTION('',(0.9999999997568367,-1.9953801076878738E-05,9.39002403617823E-06));
#10492=DIRECTION('',(-0.9991549622526362,-0.02278674893489981,-0.0342070969085516));
#10493=DIRECTION('',(0,0.5548384532091606,0.831958106421511));
#10494=STYLED_ITEM('',(#25),#10495);
#10495=FACE_SURFACE('',(#10500),#10496,.T.);
#10496=PLANE('',#10497);
#10497=AXIS2_PLACEMENT_3D('',#611,#10498,#10499);
#10498=DIRECTION('',(0,0.8319581064215109,-0.5548384532091606));
#10499=DIRECTION('',(0,-0.5548384532091606,-0.831958106421511));
#10500=FACE_BOUND('',#10501,.T.);
#10501=EDGE_LOOP('',(#10502,#10503,#10504));
#10502=ORIENTED_EDGE('',*,*,#10505,.T.);
#10503=ORIENTED_EDGE('',*,*,#10506,.T.);
#10504=ORIENTED_EDGE('',*,*,#10507,.T.);
#10505=EDGE_CURVE('',#612,#614,#10508,.F.);
#10506=EDGE_CURVE('',#614,#616,#10509,.T.);
#10507=EDGE_CURVE('',#616,#612,#10510,.T.);
#10508=LINE('',#611,#10511);
#10509=LINE('',#613,#10512);
#10510=LINE('',#615,#10513);
#10511=VECTOR('',#10514,1.0);
#10512=VECTOR('',#10515,1.0);
#10513=VECTOR('',#10516,1.0);
#10514=DIRECTION('',(0,-0.5548384532091606,-0.831958106421511));
#10515=DIRECTION('',(-0.9991548287588127,0.02280668282713979,0.034197710250393185));
#10516=DIRECTION('',(1,0,0));
#10517=STYLED_ITEM('',(#25),#10518);
#10518=FACE_SURFACE('',(#10523),#10519,.T.);
#10519=PLANE('',#10520);
#10520=AXIS2_PLACEMENT_3D('',#615,#10521,#10522);
#10521=DIRECTION('',(0,0.8319581064215109,-0.5548384532091606));
#10522=DIRECTION('',(0.9991548287588127,-0.02280668282713979,-0.034197710250393185));
#10523=FACE_BOUND('',#10524,.T.);
#10524=EDGE_LOOP('',(#10525,#10526,#10527));
#10525=ORIENTED_EDGE('',*,*,#10528,.T.);
#10526=ORIENTED_EDGE('',*,*,#10529,.T.);
#10527=ORIENTED_EDGE('',*,*,#10530,.T.);
#10528=EDGE_CURVE('',#616,#614,#10531,.F.);
#10529=EDGE_CURVE('',#614,#618,#10532,.T.);
#10530=EDGE_CURVE('',#618,#616,#10533,.T.);
#10531=LINE('',#615,#10534);
#10532=LINE('',#613,#10535);
#10533=LINE('',#617,#10536);
#10534=VECTOR('',#10537,1.0);
#10535=VECTOR('',#10538,1.0);
#10536=VECTOR('',#10539,1.0);
#10537=DIRECTION('',(0.9991548287588127,-0.02280668282713979,-0.034197710250393185));
#10538=DIRECTION('',(-1,0,0));
#10539=DIRECTION('',(0,0.5548384532091606,0.831958106421511));
#10540=STYLED_ITEM('',(#25),#10541);
#10541=FACE_SURFACE('',(#10546),#10542,.T.);
#10542=PLANE('',#10543);
#10543=AXIS2_PLACEMENT_3D('',#615,#10544,#10545);
#10544=DIRECTION('',(-2.181066977173494E-05,0.8319581062236275,-0.5548384530771908));
#10545=DIRECTION('',(0,-0.5548384532091606,-0.831958106421511));
#10546=FACE_BOUND('',#10547,.T.);
#10547=EDGE_LOOP('',(#10548,#10549,#10550));
#10548=ORIENTED_EDGE('',*,*,#10551,.T.);
#10549=ORIENTED_EDGE('',*,*,#10552,.T.);
#10550=ORIENTED_EDGE('',*,*,#10553,.T.);
#10551=EDGE_CURVE('',#616,#618,#10554,.F.);
#10552=EDGE_CURVE('',#618,#620,#10555,.T.);
#10553=EDGE_CURVE('',#620,#616,#10556,.T.);
#10554=LINE('',#615,#10557);
#10555=LINE('',#617,#10558);
#10556=LINE('',#619,#10559);
#10557=VECTOR('',#10560,1.0);
#10558=VECTOR('',#10561,1.0);
#10559=VECTOR('',#10562,1.0);
#10560=DIRECTION('',(0,-0.5548384532091606,-0.831958106421511));
#10561=DIRECTION('',(-0.9991549625002882,0.02278674559729638,0.03420709189819562));
#10562=DIRECTION('',(0.9999999997568367,1.995379814927492E-05,-9.390022658482316E-06));
#10563=STYLED_ITEM('',(#25),#10564);
#10564=FACE_SURFACE('',(#10569),#10565,.T.);
#10565=PLANE('',#10566);
#10566=AXIS2_PLACEMENT_3D('',#619,#10567,#10568);
#10567=DIRECTION('',(-0.00019676696335350758,0.8295908032868599,-0.5583717940446352));
#10568=DIRECTION('',(0.9991549625002882,-0.02278674559729638,-0.03420709189819562));
#10569=FACE_BOUND('',#10570,.T.);
#10570=EDGE_LOOP('',(#10571,#10572,#10573));
#10571=ORIENTED_EDGE('',*,*,#10574,.T.);
#10572=ORIENTED_EDGE('',*,*,#10575,.T.);
#10573=ORIENTED_EDGE('',*,*,#10576,.T.);
#10574=EDGE_CURVE('',#620,#618,#10577,.F.);
#10575=EDGE_CURVE('',#618,#622,#10578,.T.);
#10576=EDGE_CURVE('',#622,#620,#10579,.T.);
#10577=LINE('',#619,#10580);
#10578=LINE('',#617,#10581);
#10579=LINE('',#621,#10582);
#10580=VECTOR('',#10583,1.0);
#10581=VECTOR('',#10584,1.0);
#10582=VECTOR('',#10585,1.0);
#10583=DIRECTION('',(0.9991549625002882,-0.02278674559729638,-0.03420709189819562));
#10584=DIRECTION('',(-0.9991785285292143,-0.02279080141044974,-0.03350891668292955));
#10585=DIRECTION('',(0,0.5583718048539423,0.8295908193465926));
#10586=STYLED_ITEM('',(#25),#10587);
#10587=FACE_SURFACE('',(#10592),#10588,.T.);
#10588=PLANE('',#10589);
#10589=AXIS2_PLACEMENT_3D('',#621,#10590,#10591);
#10590=DIRECTION('',(-1.3317514655134918E-05,0.8270567520701196,-0.5621184294060003));
#10591=DIRECTION('',(0.9991785285292143,0.02279080141044974,0.03350891668292955));
#10592=FACE_BOUND('',#10593,.T.);
#10593=EDGE_LOOP('',(#10594,#10595,#10596));
#10594=ORIENTED_EDGE('',*,*,#10597,.T.);
#10595=ORIENTED_EDGE('',*,*,#10598,.T.);
#10596=ORIENTED_EDGE('',*,*,#10599,.T.);
#10597=EDGE_CURVE('',#622,#618,#10600,.F.);
#10598=EDGE_CURVE('',#618,#624,#10601,.T.);
#10599=EDGE_CURVE('',#624,#622,#10602,.T.);
#10600=LINE('',#621,#10603);
#10601=LINE('',#617,#10604);
#10602=LINE('',#623,#10605);
#10603=VECTOR('',#10606,1.0);
#10604=VECTOR('',#10607,1.0);
#10605=VECTOR('',#10608,1.0);
#10606=DIRECTION('',(0.9991785285292143,0.02279080141044974,0.03350891668292955));
#10607=DIRECTION('',(0,-0.5621184294558479,-0.8270567521434614));
#10608=DIRECTION('',(-0.9999999999056278,-1.2911281157334267E-05,4.695011329939734E-06));
#10609=STYLED_ITEM('',(#25),#10610);
#10610=FACE_SURFACE('',(#10615),#10611,.T.);
#10611=PLANE('',#10612);
#10612=AXIS2_PLACEMENT_3D('',#621,#10613,#10614);
#10613=DIRECTION('',(-1.328693824740819E-05,0.8220187346424619,-0.5694604461420153));
#10614=DIRECTION('',(0.9999999999056278,1.2911281157334267E-05,-4.695011329939734E-06));
#10615=FACE_BOUND('',#10616,.T.);
#10616=EDGE_LOOP('',(#10617,#10618,#10619));
#10617=ORIENTED_EDGE('',*,*,#10620,.T.);
#10618=ORIENTED_EDGE('',*,*,#10621,.T.);
#10619=ORIENTED_EDGE('',*,*,#10622,.T.);
#10620=EDGE_CURVE('',#622,#624,#10623,.F.);
#10621=EDGE_CURVE('',#624,#626,#10624,.T.);
#10622=EDGE_CURVE('',#626,#622,#10625,.T.);
#10623=LINE('',#621,#10626);
#10624=LINE('',#623,#10627);
#10625=LINE('',#625,#10628);
#10626=VECTOR('',#10629,1.0);
#10627=VECTOR('',#10630,1.0);
#10628=VECTOR('',#10631,1.0);
#10629=DIRECTION('',(0.9999999999056278,1.2911281157334267E-05,-4.695011329939734E-06));
#10630=DIRECTION('',(0,-0.5694604461922823,-0.8220187347150226));
#10631=DIRECTION('',(-0.9991633663840731,0.023278328234823887,0.03362568528131747));
#10632=STYLED_ITEM('',(#25),#10633);
#10633=FACE_SURFACE('',(#10638),#10634,.T.);
#10634=PLANE('',#10635);
#10635=AXIS2_PLACEMENT_3D('',#625,#10636,#10637);
#10636=DIRECTION('',(0,0.8220187347150226,-0.5694604461922823));
#10637=DIRECTION('',(0,0.5694604461922823,0.8220187347150226));
#10638=FACE_BOUND('',#10639,.T.);
#10639=EDGE_LOOP('',(#10640,#10641,#10642));
#10640=ORIENTED_EDGE('',*,*,#10643,.T.);
#10641=ORIENTED_EDGE('',*,*,#10644,.T.);
#10642=ORIENTED_EDGE('',*,*,#10645,.T.);
#10643=EDGE_CURVE('',#626,#624,#10646,.F.);
#10644=EDGE_CURVE('',#624,#628,#10647,.T.);
#10645=EDGE_CURVE('',#628,#626,#10648,.T.);
#10646=LINE('',#625,#10649);
#10647=LINE('',#623,#10650);
#10648=LINE('',#627,#10651);
#10649=VECTOR('',#10652,1.0);
#10650=VECTOR('',#10653,1.0);
#10651=VECTOR('',#10654,1.0);
#10652=DIRECTION('',(0,0.5694604461922823,0.8220187347150226));
#10653=DIRECTION('',(0.9991632236033088,-0.023291228802914794,-0.03362099432638275));
#10654=DIRECTION('',(-1,0,0));
#10655=STYLED_ITEM('',(#25),#10656);
#10656=FACE_SURFACE('',(#10661),#10657,.T.);
#10657=PLANE('',#10658);
#10658=AXIS2_PLACEMENT_3D('',#625,#10659,#10660);
#10659=DIRECTION('',(0,0.8167694547118788,-0.5769641738008178));
#10660=DIRECTION('',(1,0,0));
#10661=FACE_BOUND('',#10662,.T.);
#10662=EDGE_LOOP('',(#10663,#10664,#10665));
#10663=ORIENTED_EDGE('',*,*,#10666,.T.);
#10664=ORIENTED_EDGE('',*,*,#10667,.T.);
#10665=ORIENTED_EDGE('',*,*,#10668,.T.);
#10666=EDGE_CURVE('',#626,#628,#10669,.F.);
#10667=EDGE_CURVE('',#628,#630,#10670,.T.);
#10668=EDGE_CURVE('',#630,#626,#10671,.T.);
#10669=LINE('',#625,#10672);
#10670=LINE('',#627,#10673);
#10671=LINE('',#629,#10674);
#10672=VECTOR('',#10675,1.0);
#10673=VECTOR('',#10676,1.0);
#10674=VECTOR('',#10677,1.0);
#10675=DIRECTION('',(1,0,0));
#10676=DIRECTION('',(0,-0.5769641738008178,-0.8167694547118788));
#10677=DIRECTION('',(-0.9991872789997387,0.023256605579745737,0.03292281552368242));
#10678=STYLED_ITEM('',(#25),#10679);
#10679=FACE_SURFACE('',(#10684),#10680,.T.);
#10680=PLANE('',#10681);
#10681=AXIS2_PLACEMENT_3D('',#629,#10682,#10683);
#10682=DIRECTION('',(4.793428008460971E-06,0.8167694547024954,-0.5769641737941893));
#10683=DIRECTION('',(0,0.5769641738008178,0.8167694547118788));
#10684=FACE_BOUND('',#10685,.T.);
#10685=EDGE_LOOP('',(#10686,#10687,#10688));
#10686=ORIENTED_EDGE('',*,*,#10689,.T.);
#10687=ORIENTED_EDGE('',*,*,#10690,.T.);
#10688=ORIENTED_EDGE('',*,*,#10691,.T.);
#10689=EDGE_CURVE('',#630,#628,#10692,.F.);
#10690=EDGE_CURVE('',#628,#426,#10693,.T.);
#10691=EDGE_CURVE('',#426,#630,#10694,.T.);
#10692=LINE('',#629,#10695);
#10693=LINE('',#627,#10696);
#10694=LINE('',#425,#10697);
#10695=VECTOR('',#10698,1.0);
#10696=VECTOR('',#10699,1.0);
#10697=VECTOR('',#10700,1.0);
#10698=DIRECTION('',(0,0.5769641738008178,0.8167694547118788));
#10699=DIRECTION('',(0.9991871427167963,-0.02326246640224475,-0.032922811033214754));
#10700=DIRECTION('',(-0.9999999999827788,5.868765023937394E-06,0));
#10701=STYLED_ITEM('',(#25),#10702);
#10702=FACE_SURFACE('',(#10707),#10703,.T.);
#10703=PLANE('',#10704);
#10704=AXIS2_PLACEMENT_3D('',#629,#10705,#10706);
#10705=DIRECTION('',(4.761654473512079E-06,0.8113554476978277,-0.58455310919401));
#10706=DIRECTION('',(0.9999999999827788,-5.868765023937394E-06,0));
#10707=FACE_BOUND('',#10708,.T.);
#10708=EDGE_LOOP('',(#10709,#10710,#10711));
#10709=ORIENTED_EDGE('',*,*,#10712,.T.);
#10710=ORIENTED_EDGE('',*,*,#10713,.T.);
#10711=ORIENTED_EDGE('',*,*,#10714,.T.);
#10712=EDGE_CURVE('',#630,#426,#10715,.F.);
#10713=EDGE_CURVE('',#426,#632,#10716,.T.);
#10714=EDGE_CURVE('',#632,#630,#10717,.T.);
#10715=LINE('',#629,#10718);
#10716=LINE('',#425,#10719);
#10717=LINE('',#631,#10720);
#10718=VECTOR('',#10721,1.0);
#10719=VECTOR('',#10722,1.0);
#10720=VECTOR('',#10723,1.0);
#10721=DIRECTION('',(0.9999999999827788,-5.868765023937394E-06,0));
#10722=DIRECTION('',(-0.9991727943449649,-0.023767601424226095,-0.03299739631264312));
#10723=DIRECTION('',(0,0.584553109200637,0.8113554477070258));
#10724=STYLED_ITEM('',(#25),#10725);
#10725=FACE_SURFACE('',(#10730),#10726,.T.);
#10726=PLANE('',#10727);
#10727=AXIS2_PLACEMENT_3D('',#631,#10728,#10729);
#10728=DIRECTION('',(0.00019852577685441303,0.8085632820074772,-0.5884091939941225));
#10729=DIRECTION('',(0.9991727943449649,0.023767601424226095,0.03299739631264312));
#10730=FACE_BOUND('',#10731,.T.);
#10731=EDGE_LOOP('',(#10732,#10733,#10734));
#10732=ORIENTED_EDGE('',*,*,#10735,.T.);
#10733=ORIENTED_EDGE('',*,*,#10736,.T.);
#10734=ORIENTED_EDGE('',*,*,#10737,.T.);
#10735=EDGE_CURVE('',#632,#426,#10738,.F.);
#10736=EDGE_CURVE('',#426,#424,#10739,.T.);
#10737=EDGE_CURVE('',#424,#632,#10740,.T.);
#10738=LINE('',#631,#10741);
#10739=LINE('',#425,#10742);
#10740=LINE('',#423,#10743);
#10741=VECTOR('',#10744,1.0);
#10742=VECTOR('',#10745,1.0);
#10743=VECTOR('',#10746,1.0);
#10744=DIRECTION('',(0.9991727943449649,0.023767601424226095,0.03299739631264312));
#10745=DIRECTION('',(0,-0.588409205589457,-0.8085632979412214));
#10746=DIRECTION('',(-0.9991969533840133,0.023736510220500117,0.032280434177036674));
#10747=STYLED_ITEM('',(#25),#10748);
#10748=FACE_SURFACE('',(#10753),#10749,.T.);
#10749=PLANE('',#10750);
#10750=AXIS2_PLACEMENT_3D('',#631,#10751,#10752);
#10751=DIRECTION('',(0,0.8056403298662894,-0.592404978788106));
#10752=DIRECTION('',(0.9991969533840133,-0.023736510220500117,-0.032280434177036674));
#10753=FACE_BOUND('',#10754,.T.);
#10754=EDGE_LOOP('',(#10755,#10756,#10757));
#10755=ORIENTED_EDGE('',*,*,#10758,.T.);
#10756=ORIENTED_EDGE('',*,*,#10759,.T.);
#10757=ORIENTED_EDGE('',*,*,#10760,.T.);
#10758=EDGE_CURVE('',#632,#424,#10761,.F.);
#10759=EDGE_CURVE('',#424,#634,#10762,.T.);
#10760=EDGE_CURVE('',#634,#632,#10763,.T.);
#10761=LINE('',#631,#10764);
#10762=LINE('',#423,#10765);
#10763=LINE('',#633,#10766);
#10764=VECTOR('',#10767,1.0);
#10765=VECTOR('',#10768,1.0);
#10766=VECTOR('',#10769,1.0);
#10767=DIRECTION('',(0.9991969533840133,-0.023736510220500117,-0.032280434177036674));
#10768=DIRECTION('',(-1,0,0));
#10769=DIRECTION('',(0.9997990568682928,0.011875405899946736,0.016149941795055783));
#10770=STYLED_ITEM('',(#25),#10771);
#10771=FACE_SURFACE('',(#10776),#10772,.T.);
#10772=PLANE('',#10773);
#10773=AXIS2_PLACEMENT_3D('',#493,#10774,#10775);
#10774=DIRECTION('',(5.625789860423092E-07,0.9585985871609882,-0.28476086229087183));
#10775=DIRECTION('',(0.9999999999998278,-5.868765024037451E-07,0));
#10776=FACE_BOUND('',#10777,.T.);
#10777=EDGE_LOOP('',(#10778,#10779,#10780));
#10778=ORIENTED_EDGE('',*,*,#10781,.T.);
#10779=ORIENTED_EDGE('',*,*,#10782,.T.);
#10780=ORIENTED_EDGE('',*,*,#10783,.T.);
#10781=EDGE_CURVE('',#494,#486,#10784,.F.);
#10782=EDGE_CURVE('',#486,#636,#10785,.T.);
#10783=EDGE_CURVE('',#636,#494,#10786,.T.);
#10784=LINE('',#493,#10787);
#10785=LINE('',#485,#10788);
#10786=LINE('',#635,#10789);
#10787=VECTOR('',#10790,1.0);
#10788=VECTOR('',#10791,1.0);
#10789=VECTOR('',#10792,1.0);
#10790=DIRECTION('',(0.9999999999998278,-5.868765024037451E-07,0));
#10791=DIRECTION('',(-0.9968454557900829,-0.022600107517316784,-0.07608135389744022));
#10792=DIRECTION('',(0,0.28476086229091685,0.9585985871611399));
#10793=STYLED_ITEM('',(#25),#10794);
#10794=FACE_SURFACE('',(#10799),#10795,.T.);
#10795=PLANE('',#10796);
#10796=AXIS2_PLACEMENT_3D('',#635,#10797,#10798);
#10797=DIRECTION('',(5.625683573934473E-06,0.9585804766235609,-0.2848218211522747));
#10798=DIRECTION('',(0.9968454557900829,0.022600107517316784,0.07608135389744022));
#10799=FACE_BOUND('',#10800,.T.);
#10800=EDGE_LOOP('',(#10801,#10802,#10803));
#10801=ORIENTED_EDGE('',*,*,#10804,.T.);
#10802=ORIENTED_EDGE('',*,*,#10805,.T.);
#10803=ORIENTED_EDGE('',*,*,#10806,.T.);
#10804=EDGE_CURVE('',#636,#486,#10807,.F.);
#10805=EDGE_CURVE('',#486,#484,#10808,.T.);
#10806=EDGE_CURVE('',#484,#636,#10809,.T.);
#10807=LINE('',#635,#10810);
#10808=LINE('',#485,#10811);
#10809=LINE('',#483,#10812);
#10810=VECTOR('',#10813,1.0);
#10811=VECTOR('',#10814,1.0);
#10812=VECTOR('',#10815,1.0);
#10813=DIRECTION('',(0.9968454557900829,0.022600107517316784,0.07608135389744022));
#10814=DIRECTION('',(0,-0.2848218211567818,-0.9585804766387297));
#10815=DIRECTION('',(-0.9999999999827788,5.868765023937394E-06,0));
#10816=STYLED_ITEM('',(#25),#10817);
#10817=FACE_SURFACE('',(#10822),#10818,.T.);
#10818=PLANE('',#10819);
#10819=AXIS2_PLACEMENT_3D('',#635,#10820,#10821);
#10820=DIRECTION('',(5.6103028853376626E-06,0.9559597057230714,-0.2934979403716204));
#10821=DIRECTION('',(0.9999999999827788,-5.868765023937394E-06,0));
#10822=FACE_BOUND('',#10823,.T.);
#10823=EDGE_LOOP('',(#10824,#10825,#10826));
#10824=ORIENTED_EDGE('',*,*,#10827,.T.);
#10825=ORIENTED_EDGE('',*,*,#10828,.T.);
#10826=ORIENTED_EDGE('',*,*,#10829,.T.);
#10827=EDGE_CURVE('',#636,#484,#10830,.F.);
#10828=EDGE_CURVE('',#484,#638,#10831,.T.);
#10829=EDGE_CURVE('',#638,#636,#10832,.T.);
#10830=LINE('',#635,#10833);
#10831=LINE('',#483,#10834);
#10832=LINE('',#637,#10835);
#10833=VECTOR('',#10836,1.0);
#10834=VECTOR('',#10837,1.0);
#10835=VECTOR('',#10838,1.0);
#10836=DIRECTION('',(0.9999999999827788,-5.868765023937394E-06,0));
#10837=DIRECTION('',(-0.9967951244816038,-0.023473534900928694,-0.07647530953816992));
#10838=DIRECTION('',(0,0.29349794037623944,0.9559597057381161));
#10839=STYLED_ITEM('',(#25),#10840);
#10840=FACE_SURFACE('',(#10845),#10841,.T.);
#10841=PLANE('',#10842);
#10842=AXIS2_PLACEMENT_3D('',#637,#10843,#10844);
#10843=DIRECTION('',(1.933077029627203E-05,0.955909514260252,-0.29366136990256425));
#10844=DIRECTION('',(0.9967951244816038,0.023473534900928694,0.07647530953816992));
#10845=FACE_BOUND('',#10846,.T.);
#10846=EDGE_LOOP('',(#10847,#10848,#10849));
#10847=ORIENTED_EDGE('',*,*,#10850,.T.);
#10848=ORIENTED_EDGE('',*,*,#10851,.T.);
#10849=ORIENTED_EDGE('',*,*,#10852,.T.);
#10850=EDGE_CURVE('',#638,#484,#10853,.F.);
#10851=EDGE_CURVE('',#484,#482,#10854,.T.);
#10852=EDGE_CURVE('',#482,#638,#10855,.T.);
#10853=LINE('',#637,#10856);
#10854=LINE('',#483,#10857);
#10855=LINE('',#481,#10858);
#10856=VECTOR('',#10859,1.0);
#10857=VECTOR('',#10860,1.0);
#10858=VECTOR('',#10861,1.0);
#10859=DIRECTION('',(0.9967951244816038,0.023473534900928694,0.07647530953816992));
#10860=DIRECTION('',(0,-0.2936613699574317,-0.9559095144388533));
#10861=DIRECTION('',(-0.9999999998126333,1.878004807340432E-05,-4.69501201835108E-06));
#10862=STYLED_ITEM('',(#25),#10863);
#10863=FACE_SURFACE('',(#10868),#10864,.T.);
#10864=PLANE('',#10865);
#10865=AXIS2_PLACEMENT_3D('',#637,#10866,#10867);
#10866=DIRECTION('',(1.9321014847354242E-05,0.953295945852928,-0.30203781095596244));
#10867=DIRECTION('',(0.9999999998126333,-1.878004807340432E-05,4.69501201835108E-06));
#10868=FACE_BOUND('',#10869,.T.);
#10869=EDGE_LOOP('',(#10870,#10871,#10872));
#10870=ORIENTED_EDGE('',*,*,#10873,.T.);
#10871=ORIENTED_EDGE('',*,*,#10874,.T.);
#10872=ORIENTED_EDGE('',*,*,#10875,.T.);
#10873=EDGE_CURVE('',#638,#482,#10876,.F.);
#10874=EDGE_CURVE('',#482,#640,#10877,.T.);
#10875=EDGE_CURVE('',#640,#638,#10878,.T.);
#10876=LINE('',#637,#10879);
#10877=LINE('',#481,#10880);
#10878=LINE('',#639,#10881);
#10879=VECTOR('',#10882,1.0);
#10880=VECTOR('',#10883,1.0);
#10881=VECTOR('',#10884,1.0);
#10882=DIRECTION('',(0.9999999998126333,-1.878004807340432E-05,4.69501201835108E-06));
#10883=DIRECTION('',(-0.9967516681729592,-0.024306678957380326,-0.07678083974850577));
#10884=DIRECTION('',(0,0.30203781101233806,0.9532959460308615));
#10885=STYLED_ITEM('',(#25),#10886);
#10886=FACE_SURFACE('',(#10891),#10887,.T.);
#10887=PLANE('',#10888);
#10888=AXIS2_PLACEMENT_3D('',#639,#10889,#10890);
#10889=DIRECTION('',(4.229835769016599E-05,0.953210014002467,-0.3023088940409555));
#10890=DIRECTION('',(0.9967516681729592,0.024306678957380326,0.07678083974850577));
#10891=FACE_BOUND('',#10892,.T.);
#10892=EDGE_LOOP('',(#10893,#10894,#10895));
#10893=ORIENTED_EDGE('',*,*,#10896,.T.);
#10894=ORIENTED_EDGE('',*,*,#10897,.T.);
#10895=ORIENTED_EDGE('',*,*,#10898,.T.);
#10896=EDGE_CURVE('',#640,#482,#10899,.F.);
#10897=EDGE_CURVE('',#482,#480,#10900,.T.);
#10898=EDGE_CURVE('',#480,#640,#10901,.T.);
#10899=LINE('',#639,#10902);
#10900=LINE('',#481,#10903);
#10901=LINE('',#479,#10904);
#10902=VECTOR('',#10905,1.0);
#10903=VECTOR('',#10906,1.0);
#10904=VECTOR('',#10907,1.0);
#10905=DIRECTION('',(0.9967516681729592,0.024306678957380326,0.07678083974850577));
#10906=DIRECTION('',(0,-0.3023088943113937,-0.9532100148551853));
#10907=DIRECTION('',(-0.9999999991044976,3.990760212772418E-05,-1.4085036045079122E-05));
#10908=STYLED_ITEM('',(#25),#10909);
#10909=FACE_SURFACE('',(#10914),#10910,.T.);
#10910=PLANE('',#10911);
#10911=AXIS2_PLACEMENT_3D('',#639,#10912,#10913);
#10912=DIRECTION('',(4.23084207609905E-05,0.9506004538402858,-0.3104170990274863));
#10913=DIRECTION('',(0.9999999991044976,-3.990760212772418E-05,1.4085036045079122E-05));
#10914=FACE_BOUND('',#10915,.T.);
#10915=EDGE_LOOP('',(#10916,#10917,#10918));
#10916=ORIENTED_EDGE('',*,*,#10919,.T.);
#10917=ORIENTED_EDGE('',*,*,#10920,.T.);
#10918=ORIENTED_EDGE('',*,*,#10921,.T.);
#10919=EDGE_CURVE('',#640,#480,#10922,.F.);
#10920=EDGE_CURVE('',#480,#642,#10923,.T.);
#10921=EDGE_CURVE('',#642,#640,#10924,.T.);
#10922=LINE('',#639,#10925);
#10923=LINE('',#479,#10926);
#10924=LINE('',#641,#10927);
#10925=VECTOR('',#10928,1.0);
#10926=VECTOR('',#10929,1.0);
#10927=VECTOR('',#10930,1.0);
#10928=DIRECTION('',(0.9999999991044976,-3.990760212772418E-05,1.4085036045079122E-05));
#10929=DIRECTION('',(-0.9967148785347797,-0.025100726877538785,-0.07700262604365328));
#10930=DIRECTION('',(0,0.31041709930531003,0.9506004546910745));
#10931=STYLED_ITEM('',(#25),#10932);
#10932=FACE_SURFACE('',(#10937),#10933,.T.);
#10933=PLANE('',#10934);
#10934=AXIS2_PLACEMENT_3D('',#641,#10935,#10936);
#10935=DIRECTION('',(7.200215546627399E-05,0.9504869535776306,-0.3107644540393975));
#10936=DIRECTION('',(0.9967148785347797,0.025100726877538785,0.07700262604365328));
#10937=FACE_BOUND('',#10938,.T.);
#10938=EDGE_LOOP('',(#10939,#10940,#10941));
#10939=ORIENTED_EDGE('',*,*,#10942,.T.);
#10940=ORIENTED_EDGE('',*,*,#10943,.T.);
#10941=ORIENTED_EDGE('',*,*,#10944,.T.);
#10942=EDGE_CURVE('',#642,#480,#10945,.F.);
#10943=EDGE_CURVE('',#480,#478,#10946,.T.);
#10944=EDGE_CURVE('',#478,#642,#10947,.T.);
#10945=LINE('',#641,#10948);
#10946=LINE('',#479,#10949);
#10947=LINE('',#477,#10950);
#10948=VECTOR('',#10951,1.0);
#10949=VECTOR('',#10952,1.0);
#10950=VECTOR('',#10953,1.0);
#10951=DIRECTION('',(0.9967148785347797,0.025100726877538785,0.07700262604365328));
#10952=DIRECTION('',(0,-0.3107644548449472,-0.9504869560414403));
#10953=DIRECTION('',(-0.9999999974071758,6.807767410233272E-05,-2.3475060035287144E-05));
#10954=STYLED_ITEM('',(#25),#10955);
#10955=FACE_SURFACE('',(#10960),#10956,.T.);
#10956=PLANE('',#10957);
#10957=AXIS2_PLACEMENT_3D('',#641,#10958,#10959);
#10958=DIRECTION('',(7.20093132136995E-05,0.9478531181231648,-0.3187074854452791));
#10959=DIRECTION('',(0.9999999974071758,-6.807767410233272E-05,2.3475060035287144E-05));
#10960=FACE_BOUND('',#10961,.T.);
#10961=EDGE_LOOP('',(#10962,#10963,#10964));
#10962=ORIENTED_EDGE('',*,*,#10965,.T.);
#10963=ORIENTED_EDGE('',*,*,#10966,.T.);
#10964=ORIENTED_EDGE('',*,*,#10967,.T.);
#10965=EDGE_CURVE('',#642,#478,#10968,.F.);
#10966=EDGE_CURVE('',#478,#644,#10969,.T.);
#10967=EDGE_CURVE('',#644,#642,#10970,.T.);
#10968=LINE('',#641,#10971);
#10969=LINE('',#477,#10972);
#10970=LINE('',#643,#10973);
#10971=VECTOR('',#10974,1.0);
#10972=VECTOR('',#10975,1.0);
#10973=VECTOR('',#10976,1.0);
#10974=DIRECTION('',(0.9999999974071758,-6.807767410233272E-05,2.3475060035287144E-05));
#10975=DIRECTION('',(-0.9966859370911415,-0.025857484397918115,-0.07712673534750693));
#10976=DIRECTION('',(0,0.31870748627158263,0.9478531205806358));
#10977=STYLED_ITEM('',(#25),#10978);
#10978=FACE_SURFACE('',(#10983),#10979,.T.);
#10979=PLANE('',#10980);
#10980=AXIS2_PLACEMENT_3D('',#643,#10981,#10982);
#10981=DIRECTION('',(0.00010726518955797722,0.9477153542213532,-0.3191169000026074));
#10982=DIRECTION('',(0.9966859370911415,0.025857484397918115,0.07712673534750693));
#10983=FACE_BOUND('',#10984,.T.);
#10984=EDGE_LOOP('',(#10985,#10986,#10987));
#10985=ORIENTED_EDGE('',*,*,#10988,.T.);
#10986=ORIENTED_EDGE('',*,*,#10989,.T.);
#10987=ORIENTED_EDGE('',*,*,#10990,.T.);
#10988=EDGE_CURVE('',#644,#478,#10991,.F.);
#10989=EDGE_CURVE('',#478,#476,#10992,.T.);
#10990=EDGE_CURVE('',#476,#644,#10993,.T.);
#10991=LINE('',#643,#10994);
#10992=LINE('',#477,#10995);
#10993=LINE('',#475,#10996);
#10994=VECTOR('',#10997,1.0);
#10995=VECTOR('',#10998,1.0);
#10996=VECTOR('',#10999,1.0);
#10997=DIRECTION('',(0.9966859370911415,0.025857484397918115,0.07712673534750693));
#10998=DIRECTION('',(0,-0.31911690183845837,-0.9477153596734749));
#10999=DIRECTION('',(-0.9999999942460522,0.00010211651083069617,-3.286508394551141E-05));
#11000=STYLED_ITEM('',(#25),#11001);
#11001=FACE_SURFACE('',(#11006),#11002,.T.);
#11002=PLANE('',#11003);
#11003=AXIS2_PLACEMENT_3D('',#643,#11004,#11005);
#11004=DIRECTION('',(0.00010724970270476481,0.9450569342419153,-0.3269057655330867));
#11005=DIRECTION('',(0.9999999942460522,-0.00010211651083069617,3.286508394551141E-05));
#11006=FACE_BOUND('',#11007,.T.);
#11007=EDGE_LOOP('',(#11008,#11009,#11010));
#11008=ORIENTED_EDGE('',*,*,#11011,.T.);
#11009=ORIENTED_EDGE('',*,*,#11012,.T.);
#11010=ORIENTED_EDGE('',*,*,#11013,.T.);
#11011=EDGE_CURVE('',#644,#476,#11014,.F.);
#11012=EDGE_CURVE('',#476,#646,#11015,.T.);
#11013=EDGE_CURVE('',#646,#644,#11016,.T.);
#11014=LINE('',#643,#11017);
#11015=LINE('',#475,#11018);
#11016=LINE('',#645,#11019);
#11017=VECTOR('',#11020,1.0);
#11018=VECTOR('',#11021,1.0);
#11019=VECTOR('',#11022,1.0);
#11020=DIRECTION('',(0.9999999942460522,-0.00010211651083069617,3.286508394551141E-05));
#11021=DIRECTION('',(-0.9966638066593921,-0.026579869609079272,-0.07716713696110669));
#11022=DIRECTION('',(0,0.3269057674132033,0.9450569396771735));
#11023=STYLED_ITEM('',(#25),#11024);
#11024=FACE_SURFACE('',(#11029),#11025,.T.);
#11025=PLANE('',#11026);
#11026=AXIS2_PLACEMENT_3D('',#645,#11027,#11028);
#11027=DIRECTION('',(0.00014513182646164308,0.944905602062264,-0.3273429121397061));
#11028=DIRECTION('',(0.9966638066593921,0.026579869609079272,0.07716713696110669));
#11029=FACE_BOUND('',#11030,.T.);
#11030=EDGE_LOOP('',(#11031,#11032,#11033));
#11031=ORIENTED_EDGE('',*,*,#11034,.T.);
#11032=ORIENTED_EDGE('',*,*,#11035,.T.);
#11033=ORIENTED_EDGE('',*,*,#11036,.T.);
#11034=EDGE_CURVE('',#646,#476,#11037,.F.);
#11035=EDGE_CURVE('',#476,#474,#11038,.T.);
#11036=EDGE_CURVE('',#474,#646,#11039,.T.);
#11037=LINE('',#645,#11040);
#11038=LINE('',#475,#11041);
#11039=LINE('',#473,#11042);
#11040=VECTOR('',#11043,1.0);
#11041=VECTOR('',#11044,1.0);
#11042=VECTOR('',#11045,1.0);
#11043=DIRECTION('',(0.9966638066593921,0.026579869609079272,0.07716713696110669));
#11044=DIRECTION('',(0,-0.32734291558715845,-0.9449056120136542));
#11045=DIRECTION('',(-0.9999999894682022,0.00013732910011617766,-4.695011969783852E-05));
#11046=STYLED_ITEM('',(#25),#11047);
#11047=FACE_SURFACE('',(#11052),#11048,.T.);
#11048=PLANE('',#11049);
#11049=AXIS2_PLACEMENT_3D('',#645,#11050,#11051);
#11050=DIRECTION('',(0.00014512209599014278,0.9421875914414302,-0.335085841947066));
#11051=DIRECTION('',(0.9999999894682022,-0.00013732910011617766,4.695011969783852E-05));
#11052=FACE_BOUND('',#11053,.T.);
#11053=EDGE_LOOP('',(#11054,#11055,#11056));
#11054=ORIENTED_EDGE('',*,*,#11057,.T.);
#11055=ORIENTED_EDGE('',*,*,#11058,.T.);
#11056=ORIENTED_EDGE('',*,*,#11059,.T.);
#11057=EDGE_CURVE('',#646,#474,#11060,.F.);
#11058=EDGE_CURVE('',#474,#648,#11061,.T.);
#11059=EDGE_CURVE('',#648,#646,#11062,.T.);
#11060=LINE('',#645,#11063);
#11061=LINE('',#473,#11064);
#11062=LINE('',#647,#11065);
#11063=VECTOR('',#11066,1.0);
#11064=VECTOR('',#11067,1.0);
#11065=VECTOR('',#11068,1.0);
#11066=DIRECTION('',(0.9999999894682022,-0.00013732910011617766,4.695011969783852E-05));
#11067=DIRECTION('',(-0.9966491791061933,-0.02727201293065313,-0.07711453233769375));
#11068=DIRECTION('',(0,0.3350858454755908,0.9421876013628648));
#11069=STYLED_ITEM('',(#25),#11070);
#11070=FACE_SURFACE('',(#11075),#11071,.T.);
#11071=PLANE('',#11072);
#11072=AXIS2_PLACEMENT_3D('',#647,#11073,#11074);
#11073=DIRECTION('',(0.00018301849399148776,0.9420327564969305,-0.33552086699790473));
#11074=DIRECTION('',(0.9966491791061933,0.02727201293065313,0.07711453233769375));
#11075=FACE_BOUND('',#11076,.T.);
#11076=EDGE_LOOP('',(#11077,#11078,#11079));
#11077=ORIENTED_EDGE('',*,*,#11080,.T.);
#11078=ORIENTED_EDGE('',*,*,#11081,.T.);
#11079=ORIENTED_EDGE('',*,*,#11082,.T.);
#11080=EDGE_CURVE('',#648,#474,#11083,.F.);
#11081=EDGE_CURVE('',#474,#472,#11084,.T.);
#11082=EDGE_CURVE('',#472,#648,#11085,.T.);
#11083=LINE('',#647,#11086);
#11084=LINE('',#473,#11087);
#11085=LINE('',#471,#11088);
#11086=VECTOR('',#11089,1.0);
#11087=VECTOR('',#11090,1.0);
#11088=VECTOR('',#11091,1.0);
#11089=DIRECTION('',(0.9966491791061933,0.02727201293065313,0.07711453233769375));
#11090=DIRECTION('',(0,-0.3355208726171697,-0.9420327722739869));
#11091=DIRECTION('',(-0.9999999832520375,0.000172541688817009,-6.1035155227785494E-05));
#11092=STYLED_ITEM('',(#25),#11093);
#11093=FACE_SURFACE('',(#11098),#11094,.T.);
#11094=PLANE('',#11095);
#11095=AXIS2_PLACEMENT_3D('',#647,#11096,#11097);
#11096=DIRECTION('',(0.00018300916016791597,0.9392592405891756,-0.34320845775635017));
#11097=DIRECTION('',(0.9999999832520375,-0.000172541688817009,6.1035155227785494E-05));
#11098=FACE_BOUND('',#11099,.T.);
#11099=EDGE_LOOP('',(#11100,#11101,#11102));
#11100=ORIENTED_EDGE('',*,*,#11103,.T.);
#11101=ORIENTED_EDGE('',*,*,#11104,.T.);
#11102=ORIENTED_EDGE('',*,*,#11105,.T.);
#11103=EDGE_CURVE('',#648,#472,#11106,.F.);
#11104=EDGE_CURVE('',#472,#650,#11107,.T.);
#11105=EDGE_CURVE('',#650,#648,#11108,.T.);
#11106=LINE('',#647,#11109);
#11107=LINE('',#471,#11110);
#11108=LINE('',#649,#11111);
#11109=VECTOR('',#11112,1.0);
#11110=VECTOR('',#11113,1.0);
#11111=VECTOR('',#11114,1.0);
#11112=DIRECTION('',(0.9999999832520375,-0.000172541688817009,6.1035155227785494E-05));
#11113=DIRECTION('',(-0.9966413840786444,-0.02793391255353951,-0.07697823115176992));
#11114=DIRECTION('',(0,0.3432084635037796,0.9392592563181769));
#11115=STYLED_ITEM('',(#25),#11116);
#11116=FACE_SURFACE('',(#11121),#11117,.T.);
#11117=PLANE('',#11118);
#11118=AXIS2_PLACEMENT_3D('',#649,#11119,#11120);
#11119=DIRECTION('',(0.00021871210148877453,0.939110012784566,-0.34361655381076894));
#11120=DIRECTION('',(0.9966413840786444,0.02793391255353951,0.07697823115176992));
#11121=FACE_BOUND('',#11122,.T.);
#11122=EDGE_LOOP('',(#11123,#11124,#11125));
#11123=ORIENTED_EDGE('',*,*,#11126,.T.);
#11124=ORIENTED_EDGE('',*,*,#11127,.T.);
#11125=ORIENTED_EDGE('',*,*,#11128,.T.);
#11126=EDGE_CURVE('',#650,#472,#11129,.F.);
#11127=EDGE_CURVE('',#472,#470,#11130,.T.);
#11128=EDGE_CURVE('',#470,#650,#11131,.T.);
#11129=LINE('',#649,#11132);
#11130=LINE('',#471,#11133);
#11131=LINE('',#469,#11134);
#11132=VECTOR('',#11135,1.0);
#11133=VECTOR('',#11136,1.0);
#11134=VECTOR('',#11137,1.0);
#11135=DIRECTION('',(0.9966413840786444,0.02793391255353951,0.07697823115176992));
#11136=DIRECTION('',(0,-0.3436165620292153,-0.9391100352457227));
#11137=DIRECTION('',(-0.9999999760825075,0.00020540677092853113,-7.512019051100567E-05));
#11138=STYLED_ITEM('',(#25),#11139);
#11139=FACE_SURFACE('',(#11144),#11140,.T.);
#11140=PLANE('',#11141);
#11141=AXIS2_PLACEMENT_3D('',#649,#11142,#11143);
#11142=DIRECTION('',(0.00021870431213715183,0.9362323353022912,-0.3513815113275625));
#11143=DIRECTION('',(0.9999999760825075,-0.00020540677092853113,7.512019051100567E-05));
#11144=FACE_BOUND('',#11145,.T.);
#11145=EDGE_LOOP('',(#11146,#11147,#11148));
#11146=ORIENTED_EDGE('',*,*,#11149,.T.);
#11147=ORIENTED_EDGE('',*,*,#11150,.T.);
#11148=ORIENTED_EDGE('',*,*,#11151,.T.);
#11149=EDGE_CURVE('',#650,#470,#11152,.F.);
#11150=EDGE_CURVE('',#470,#652,#11153,.T.);
#11151=EDGE_CURVE('',#652,#650,#11154,.T.);
#11152=LINE('',#649,#11155);
#11153=LINE('',#469,#11156);
#11154=LINE('',#651,#11157);
#11155=VECTOR('',#11158,1.0);
#11156=VECTOR('',#11159,1.0);
#11157=VECTOR('',#11160,1.0);
#11158=DIRECTION('',(0.9999999760825075,-0.00020540677092853113,7.512019051100567E-05));
#11159=DIRECTION('',(-0.996676373749553,-0.028420381779446693,-0.07634453424412165));
#11160=DIRECTION('',(0,0.3513815197311285,0.9362323576930262));
#11161=STYLED_ITEM('',(#25),#11162);
#11162=FACE_SURFACE('',(#11167),#11163,.T.);
#11163=PLANE('',#11164);
#11164=AXIS2_PLACEMENT_3D('',#651,#11165,#11166);
#11165=DIRECTION('',(0.0002492018933072756,0.9361011520825546,-0.35173082174886294));
#11166=DIRECTION('',(0.996676373749553,0.028420381779446693,0.07634453424412165));
#11167=FACE_BOUND('',#11168,.T.);
#11168=EDGE_LOOP('',(#11169,#11170,#11171));
#11169=ORIENTED_EDGE('',*,*,#11172,.T.);
#11170=ORIENTED_EDGE('',*,*,#11173,.T.);
#11171=ORIENTED_EDGE('',*,*,#11174,.T.);
#11172=EDGE_CURVE('',#652,#470,#11175,.F.);
#11173=EDGE_CURVE('',#470,#468,#11176,.T.);
#11174=EDGE_CURVE('',#468,#652,#11177,.T.);
#11175=LINE('',#651,#11178);
#11176=LINE('',#469,#11179);
#11177=LINE('',#467,#11180);
#11178=VECTOR('',#11181,1.0);
#11179=VECTOR('',#11182,1.0);
#11180=VECTOR('',#11183,1.0);
#11181=DIRECTION('',(0.996676373749553,0.028420381779446693,0.07634453424412165));
#11182=DIRECTION('',(0,-0.3517308326703839,-0.9361011811492379));
#11183=DIRECTION('',(-0.9999998787820515,0.0003826434331840501,0.0003098707557073289));
#11184=STYLED_ITEM('',(#25),#11185);
#11185=FACE_SURFACE('',(#11190),#11186,.T.);
#11186=PLANE('',#11187);
#11187=AXIS2_PLACEMENT_3D('',#651,#11188,#11189);
#11188=DIRECTION('',(0.00024563606757811626,0.9331220918451087,-0.3595595936330035));
#11189=DIRECTION('',(0.9999998787820515,-0.0003826434331840501,-0.0003098707557073289));
#11190=FACE_BOUND('',#11191,.T.);
#11191=EDGE_LOOP('',(#11192,#11193,#11194));
#11192=ORIENTED_EDGE('',*,*,#11195,.T.);
#11193=ORIENTED_EDGE('',*,*,#11196,.T.);
#11194=ORIENTED_EDGE('',*,*,#11197,.T.);
#11195=EDGE_CURVE('',#652,#468,#11198,.F.);
#11196=EDGE_CURVE('',#468,#654,#11199,.T.);
#11197=EDGE_CURVE('',#654,#652,#11200,.T.);
#11198=LINE('',#651,#11201);
#11199=LINE('',#467,#11202);
#11200=LINE('',#653,#11203);
#11201=VECTOR('',#11204,1.0);
#11202=VECTOR('',#11205,1.0);
#11203=VECTOR('',#11206,1.0);
#11204=DIRECTION('',(0.9999998787820515,-0.0003826434331840501,-0.0003098707557073289));
#11205=DIRECTION('',(-0.996648745786685,-0.029183486071237923,-0.07641728641189506));
#11206=DIRECTION('',(0,0.35955960448039154,0.9331221199960401));
#11207=STYLED_ITEM('',(#25),#11208);
#11208=FACE_SURFACE('',(#11213),#11209,.T.);
#11209=PLANE('',#11210);
#11210=AXIS2_PLACEMENT_3D('',#653,#11211,#11212);
#11211=DIRECTION('',(0.00026874073509810604,0.9330208307154052,-0.3598222578295462));
#11212=DIRECTION('',(0.996648745786685,0.029183486071237923,0.07641728641189506));
#11213=FACE_BOUND('',#11214,.T.);
#11214=EDGE_LOOP('',(#11215,#11216,#11217));
#11215=ORIENTED_EDGE('',*,*,#11218,.T.);
#11216=ORIENTED_EDGE('',*,*,#11219,.T.);
#11217=ORIENTED_EDGE('',*,*,#11220,.T.);
#11218=EDGE_CURVE('',#654,#468,#11221,.F.);
#11219=EDGE_CURVE('',#468,#466,#11222,.T.);
#11220=EDGE_CURVE('',#466,#654,#11223,.T.);
#11221=LINE('',#653,#11224);
#11222=LINE('',#467,#11225);
#11223=LINE('',#465,#11226);
#11224=VECTOR('',#11227,1.0);
#11225=VECTOR('',#11228,1.0);
#11226=VECTOR('',#11229,1.0);
#11227=DIRECTION('',(0.996648745786685,0.029183486071237923,0.07641728641189506));
#11228=DIRECTION('',(0,-0.3598222708230134,-0.9330208644075275));
#11229=DIRECTION('',(-0.9999999638871425,0.000250009380995485,-9.859524884328986E-05));
#11230=STYLED_ITEM('',(#25),#11231);
#11231=FACE_SURFACE('',(#11236),#11232,.T.);
#11232=PLANE('',#11233);
#11233=AXIS2_PLACEMENT_3D('',#653,#11234,#11235);
#11234=DIRECTION('',(0.00026874828340052697,0.9299014521399298,-0.36780866912351345));
#11235=DIRECTION('',(0.9999999638871425,-0.000250009380995485,9.859524884328986E-05));
#11236=FACE_BOUND('',#11237,.T.);
#11237=EDGE_LOOP('',(#11238,#11239,#11240));
#11238=ORIENTED_EDGE('',*,*,#11241,.T.);
#11239=ORIENTED_EDGE('',*,*,#11242,.T.);
#11240=ORIENTED_EDGE('',*,*,#11243,.T.);
#11241=EDGE_CURVE('',#654,#466,#11244,.F.);
#11242=EDGE_CURVE('',#466,#656,#11245,.T.);
#11243=EDGE_CURVE('',#656,#654,#11246,.T.);
#11244=LINE('',#653,#11247);
#11245=LINE('',#465,#11248);
#11246=LINE('',#655,#11249);
#11247=VECTOR('',#11250,1.0);
#11248=VECTOR('',#11251,1.0);
#11249=VECTOR('',#11252,1.0);
#11250=DIRECTION('',(0.9999999638871425,-0.000250009380995485,9.859524884328986E-05));
#11251=DIRECTION('',(-0.9966973592782333,-0.029618933741885036,-0.07561145926240279));
#11252=DIRECTION('',(0,0.36780868240612236,0.9299014857212952));
#11253=STYLED_ITEM('',(#25),#11254);
#11254=FACE_SURFACE('',(#11259),#11255,.T.);
#11255=PLANE('',#11256);
#11256=AXIS2_PLACEMENT_3D('',#655,#11257,#11258);
#11257=DIRECTION('',(0.0002826990217349356,0.929838455576178,-0.3679678880187391));
#11258=DIRECTION('',(0.9966973592782333,0.029618933741885036,0.07561145926240279));
#11259=FACE_BOUND('',#11260,.T.);
#11260=EDGE_LOOP('',(#11261,#11262,#11263));
#11261=ORIENTED_EDGE('',*,*,#11264,.T.);
#11262=ORIENTED_EDGE('',*,*,#11265,.T.);
#11263=ORIENTED_EDGE('',*,*,#11266,.T.);
#11264=EDGE_CURVE('',#656,#466,#11267,.F.);
#11265=EDGE_CURVE('',#466,#464,#11268,.T.);
#11266=EDGE_CURVE('',#464,#656,#11269,.T.);
#11267=LINE('',#655,#11270);
#11268=LINE('',#465,#11271);
#11269=LINE('',#463,#11272);
#11270=VECTOR('',#11273,1.0);
#11271=VECTOR('',#11274,1.0);
#11272=VECTOR('',#11275,1.0);
#11273=DIRECTION('',(0.9966973592782333,0.029618933741885036,0.07561145926240279));
#11274=DIRECTION('',(0,-0.3679679027225044,-0.9298384927319377));
#11275=DIRECTION('',(-0.9999998739986925,0.00041550851134730075,0.00028170068565918694));
#11276=STYLED_ITEM('',(#25),#11277);
#11277=FACE_SURFACE('',(#11282),#11278,.T.);
#11278=PLANE('',#11279);
#11279=AXIS2_PLACEMENT_3D('',#655,#11280,#11281);
#11280=DIRECTION('',(0.0002790328262828285,0.926560057507846,-0.3761467558968695));
#11281=DIRECTION('',(0.9999998739986925,-0.00041550851134730075,-0.00028170068565918694));
#11282=FACE_BOUND('',#11283,.T.);
#11283=EDGE_LOOP('',(#11284,#11285,#11286));
#11284=ORIENTED_EDGE('',*,*,#11287,.T.);
#11285=ORIENTED_EDGE('',*,*,#11288,.T.);
#11286=ORIENTED_EDGE('',*,*,#11289,.T.);
#11287=EDGE_CURVE('',#656,#464,#11290,.F.);
#11288=EDGE_CURVE('',#464,#658,#11291,.T.);
#11289=EDGE_CURVE('',#658,#656,#11292,.T.);
#11290=LINE('',#655,#11293);
#11291=LINE('',#463,#11294);
#11292=LINE('',#657,#11295);
#11293=VECTOR('',#11296,1.0);
#11294=VECTOR('',#11297,1.0);
#11295=VECTOR('',#11298,1.0);
#11296=DIRECTION('',(0.9999998739986925,-0.00041550851134730075,-0.00028170068565918694));
#11297=DIRECTION('',(-0.9966856215176324,-0.03034156010516981,-0.07547954418513095));
#11298=DIRECTION('',(0,0.37614677054013534,0.9265600935785152));
#11299=STYLED_ITEM('',(#25),#11300);
#11300=FACE_SURFACE('',(#11305),#11301,.T.);
#11301=PLANE('',#11302);
#11302=AXIS2_PLACEMENT_3D('',#657,#11303,#11304);
#11303=DIRECTION('',(0.00027879233222706144,0.9265611658894976,-0.37614402579375134));
#11304=DIRECTION('',(0.9966856215176324,0.03034156010516981,0.07547954418513095));
#11305=FACE_BOUND('',#11306,.T.);
#11306=EDGE_LOOP('',(#11307,#11308,#11309));
#11307=ORIENTED_EDGE('',*,*,#11310,.T.);
#11308=ORIENTED_EDGE('',*,*,#11311,.T.);
#11309=ORIENTED_EDGE('',*,*,#11312,.T.);
#11310=EDGE_CURVE('',#658,#464,#11313,.F.);
#11311=EDGE_CURVE('',#464,#462,#11314,.T.);
#11312=EDGE_CURVE('',#462,#658,#11315,.T.);
#11313=LINE('',#657,#11316);
#11314=LINE('',#463,#11317);
#11315=LINE('',#461,#11318);
#11316=VECTOR('',#11319,1.0);
#11317=VECTOR('',#11320,1.0);
#11318=VECTOR('',#11321,1.0);
#11319=DIRECTION('',(0.9966856215176324,0.03034156010516981,0.07547954418513095));
#11320=DIRECTION('',(0,-0.3761440404116803,-0.9265612018980592));
#11321=DIRECTION('',(-0.9999999611317505,0.00025705189806172693,-0.00010798527224510903));
#11322=STYLED_ITEM('',(#25),#11323);
#11323=FACE_SURFACE('',(#11328),#11324,.T.);
#11324=PLANE('',#11325);
#11325=AXIS2_PLACEMENT_3D('',#657,#11326,#11327);
#11326=DIRECTION('',(0.00027881131943373864,0.9231469641123455,-0.38444714189912765));
#11327=DIRECTION('',(0.9999999611317505,-0.00025705189806172693,0.00010798527224510903));
#11328=FACE_BOUND('',#11329,.T.);
#11329=EDGE_LOOP('',(#11330,#11331,#11332));
#11330=ORIENTED_EDGE('',*,*,#11333,.T.);
#11331=ORIENTED_EDGE('',*,*,#11334,.T.);
#11332=ORIENTED_EDGE('',*,*,#11335,.T.);
#11333=EDGE_CURVE('',#658,#462,#11336,.F.);
#11334=EDGE_CURVE('',#462,#460,#11337,.T.);
#11335=EDGE_CURVE('',#460,#658,#11338,.T.);
#11336=LINE('',#657,#11339);
#11337=LINE('',#461,#11340);
#11338=LINE('',#459,#11341);
#11339=VECTOR('',#11342,1.0);
#11340=VECTOR('',#11343,1.0);
#11341=VECTOR('',#11344,1.0);
#11342=DIRECTION('',(0.9999999611317505,-0.00025705189806172693,0.00010798527224510903));
#11343=DIRECTION('',(0,-0.3844471568417723,-0.9231469999931092));
#11344=DIRECTION('',(-0.9967153446097423,0.031390693226234556,0.07465350760854501));
#11345=STYLED_ITEM('',(#25),#11346);
#11346=FACE_SURFACE('',(#11351),#11347,.T.);
#11347=PLANE('',#11348);
#11348=AXIS2_PLACEMENT_3D('',#657,#11349,#11350);
#11349=DIRECTION('',(0.0002687233672689558,0.9230992274703825,-0.38456175580956414));
#11350=DIRECTION('',(0.9967153446097423,-0.031390693226234556,-0.07465350760854501));
#11351=FACE_BOUND('',#11352,.T.);
#11352=EDGE_LOOP('',(#11353,#11354,#11355));
#11353=ORIENTED_EDGE('',*,*,#11356,.T.);
#11354=ORIENTED_EDGE('',*,*,#11357,.T.);
#11355=ORIENTED_EDGE('',*,*,#11358,.T.);
#11356=EDGE_CURVE('',#658,#460,#11359,.F.);
#11357=EDGE_CURVE('',#460,#660,#11360,.T.);
#11358=EDGE_CURVE('',#660,#658,#11361,.T.);
#11359=LINE('',#657,#11362);
#11360=LINE('',#459,#11363);
#11361=LINE('',#659,#11364);
#11362=VECTOR('',#11365,1.0);
#11363=VECTOR('',#11366,1.0);
#11364=VECTOR('',#11367,1.0);
#11365=DIRECTION('',(0.9967153446097423,-0.031390693226234556,-0.07465350760854501));
#11366=DIRECTION('',(-0.9999998769001194,0.0004084659953909554,0.000281700686476521));
#11367=DIRECTION('',(0,0.3845617696945993,0.9230992607999196));
#11368=STYLED_ITEM('',(#25),#11369);
#11369=FACE_SURFACE('',(#11374),#11370,.T.);
#11370=PLANE('',#11371);
#11371=AXIS2_PLACEMENT_3D('',#659,#11372,#11373);
#11372=DIRECTION('',(0.0002649668908888952,0.919608717907883,-0.3928355072296375));
#11373=DIRECTION('',(0.9999998769001194,-0.0004084659953909554,-0.000281700686476521));
#11374=FACE_BOUND('',#11375,.T.);
#11375=EDGE_LOOP('',(#11376,#11377,#11378));
#11376=ORIENTED_EDGE('',*,*,#11379,.T.);
#11377=ORIENTED_EDGE('',*,*,#11380,.T.);
#11378=ORIENTED_EDGE('',*,*,#11381,.T.);
#11379=EDGE_CURVE('',#660,#460,#11382,.F.);
#11380=EDGE_CURVE('',#460,#458,#11383,.T.);
#11381=EDGE_CURVE('',#458,#660,#11384,.T.);
#11382=LINE('',#659,#11385);
#11383=LINE('',#459,#11386);
#11384=LINE('',#457,#11387);
#11385=VECTOR('',#11388,1.0);
#11386=VECTOR('',#11389,1.0);
#11387=VECTOR('',#11390,1.0);
#11388=DIRECTION('',(0.9999998769001194,-0.0004084659953909554,-0.000281700686476521));
#11389=DIRECTION('',(0,-0.39283552101962843,-0.9196087501895776));
#11390=DIRECTION('',(-0.9967179880525975,0.03204358108844539,0.07434017220460658));
#11391=STYLED_ITEM('',(#25),#11392);
#11392=FACE_SURFACE('',(#11397),#11393,.T.);
#11393=PLANE('',#11394);
#11394=AXIS2_PLACEMENT_3D('',#659,#11395,#11396);
#11395=DIRECTION('',(0.00024489651010790295,0.9195116184210582,-0.3930627476808066));
#11396=DIRECTION('',(0.9967179880525975,-0.03204358108844539,-0.07434017220460658));
#11397=FACE_BOUND('',#11398,.T.);
#11398=EDGE_LOOP('',(#11399,#11400,#11401));
#11399=ORIENTED_EDGE('',*,*,#11402,.T.);
#11400=ORIENTED_EDGE('',*,*,#11403,.T.);
#11401=ORIENTED_EDGE('',*,*,#11404,.T.);
#11402=EDGE_CURVE('',#660,#458,#11405,.F.);
#11403=EDGE_CURVE('',#458,#662,#11406,.T.);
#11404=EDGE_CURVE('',#662,#660,#11407,.T.);
#11405=LINE('',#659,#11408);
#11406=LINE('',#457,#11409);
#11407=LINE('',#661,#11410);
#11408=VECTOR('',#11411,1.0);
#11409=VECTOR('',#11412,1.0);
#11410=VECTOR('',#11413,1.0);
#11411=DIRECTION('',(0.9967179880525975,-0.03204358108844539,-0.07434017220460658));
#11412=DIRECTION('',(-0.9999999700096234,0.00022418681719482195,-9.85952494469374E-05));
#11413=DIRECTION('',(0,0.39306275946763886,0.9195116459945927));
#11414=STYLED_ITEM('',(#25),#11415);
#11415=FACE_SURFACE('',(#11420),#11416,.T.);
#11416=PLANE('',#11417);
#11417=AXIS2_PLACEMENT_3D('',#661,#11418,#11419);
#11418=DIRECTION('',(0.0002449094753489004,0.9159075527629791,-0.4013892061467019));
#11419=DIRECTION('',(0.9999999700096234,-0.00022418681719482195,9.85952494469374E-05));
#11420=FACE_BOUND('',#11421,.T.);
#11421=EDGE_LOOP('',(#11422,#11423,#11424));
#11422=ORIENTED_EDGE('',*,*,#11425,.T.);
#11423=ORIENTED_EDGE('',*,*,#11426,.T.);
#11424=ORIENTED_EDGE('',*,*,#11427,.T.);
#11425=EDGE_CURVE('',#662,#458,#11428,.F.);
#11426=EDGE_CURVE('',#458,#456,#11429,.T.);
#11427=EDGE_CURVE('',#456,#662,#11430,.T.);
#11428=LINE('',#661,#11431);
#11429=LINE('',#457,#11432);
#11430=LINE('',#455,#11433);
#11431=VECTOR('',#11434,1.0);
#11432=VECTOR('',#11435,1.0);
#11433=VECTOR('',#11436,1.0);
#11434=DIRECTION('',(0.9999999700096234,-0.00022418681719482195,9.85952494469374E-05));
#11435=DIRECTION('',(0,-0.40138921818449547,-0.915907580231346));
#11436=DIRECTION('',(-0.9967910526262734,0.032353636496058935,0.07321775474354929));
#11437=STYLED_ITEM('',(#25),#11438);
#11438=FACE_SURFACE('',(#11443),#11439,.T.);
#11439=PLANE('',#11440);
#11440=AXIS2_PLACEMENT_3D('',#661,#11441,#11442);
#11441=DIRECTION('',(0.0002172659168333242,0.9157693330015474,-0.40170447038765));
#11442=DIRECTION('',(0.9967910526262734,-0.032353636496058935,-0.07321775474354929));
#11443=FACE_BOUND('',#11444,.T.);
#11444=EDGE_LOOP('',(#11445,#11446,#11447));
#11445=ORIENTED_EDGE('',*,*,#11448,.T.);
#11446=ORIENTED_EDGE('',*,*,#11449,.T.);
#11447=ORIENTED_EDGE('',*,*,#11450,.T.);
#11448=EDGE_CURVE('',#662,#456,#11451,.F.);
#11449=EDGE_CURVE('',#456,#664,#11452,.T.);
#11450=EDGE_CURVE('',#664,#662,#11453,.T.);
#11451=LINE('',#661,#11454);
#11452=LINE('',#455,#11455);
#11453=LINE('',#663,#11456);
#11454=VECTOR('',#11457,1.0);
#11455=VECTOR('',#11458,1.0);
#11456=VECTOR('',#11459,1.0);
#11457=DIRECTION('',(0.9967910526262734,-0.032353636496058935,-0.07321775474354929));
#11458=DIRECTION('',(-0.9999999752338466,0.00017958420528796685,-0.00013146033328269467));
#11459=DIRECTION('',(0,0.40170447986877533,0.915769354615755));
#11460=STYLED_ITEM('',(#25),#11461);
#11461=FACE_SURFACE('',(#11466),#11462,.T.);
#11462=PLANE('',#11463);
#11463=AXIS2_PLACEMENT_3D('',#663,#11464,#11465);
#11464=DIRECTION('',(0.00021770196493669936,0.912022785952498,-0.41013947689694363));
#11465=DIRECTION('',(0.9999999752338466,-0.00017958420528796685,0.00013146033328269467));
#11466=FACE_BOUND('',#11467,.T.);
#11467=EDGE_LOOP('',(#11468,#11469,#11470));
#11468=ORIENTED_EDGE('',*,*,#11471,.T.);
#11469=ORIENTED_EDGE('',*,*,#11472,.T.);
#11470=ORIENTED_EDGE('',*,*,#11473,.T.);
#11471=EDGE_CURVE('',#664,#456,#11474,.F.);
#11472=EDGE_CURVE('',#456,#454,#11475,.T.);
#11473=EDGE_CURVE('',#454,#664,#11476,.T.);
#11474=LINE('',#663,#11477);
#11475=LINE('',#455,#11478);
#11476=LINE('',#453,#11479);
#11477=VECTOR('',#11480,1.0);
#11478=VECTOR('',#11481,1.0);
#11479=VECTOR('',#11482,1.0);
#11480=DIRECTION('',(0.9999999752338466,-0.00017958420528796685,0.00013146033328269467));
#11481=DIRECTION('',(0,-0.410139486616049,-0.9120228075647691));
#11482=DIRECTION('',(-0.9967691066022689,0.03314030775054447,0.07316466445979132));
#11483=STYLED_ITEM('',(#25),#11484);
#11484=FACE_SURFACE('',(#11489),#11485,.T.);
#11485=PLANE('',#11486);
#11486=AXIS2_PLACEMENT_3D('',#663,#11487,#11488);
#11487=DIRECTION('',(0.0001858169132890142,0.9118604312988143,-0.4105003280188883));
#11488=DIRECTION('',(0.9967691066022689,-0.03314030775054447,-0.07316466445979132));
#11489=FACE_BOUND('',#11490,.T.);
#11490=EDGE_LOOP('',(#11491,#11492,#11493));
#11491=ORIENTED_EDGE('',*,*,#11494,.T.);
#11492=ORIENTED_EDGE('',*,*,#11495,.T.);
#11493=ORIENTED_EDGE('',*,*,#11496,.T.);
#11494=EDGE_CURVE('',#664,#454,#11497,.F.);
#11495=EDGE_CURVE('',#454,#666,#11498,.T.);
#11496=EDGE_CURVE('',#666,#664,#11499,.T.);
#11497=LINE('',#663,#11500);
#11498=LINE('',#453,#11501);
#11499=LINE('',#665,#11502);
#11500=VECTOR('',#11503,1.0);
#11501=VECTOR('',#11504,1.0);
#11502=VECTOR('',#11505,1.0);
#11503=DIRECTION('',(0.9967691066022689,-0.03314030775054447,-0.07316466445979132));
#11504=DIRECTION('',(-0.9999999827285131,0.00016784667678853828,-7.981520294839582E-05));
#11505=DIRECTION('',(0,0.4105003351057509,0.9118604470411393));
#11506=STYLED_ITEM('',(#25),#11507);
#11507=FACE_SURFACE('',(#11512),#11508,.T.);
#11508=PLANE('',#11509);
#11509=AXIS2_PLACEMENT_3D('',#665,#11510,#11511);
#11510=DIRECTION('',(0.00018584552286784664,0.9078912332462914,-0.41920576577138075));
#11511=DIRECTION('',(0.9999999827285131,-0.00016784667678853828,7.981520294839582E-05));
#11512=FACE_BOUND('',#11513,.T.);
#11513=EDGE_LOOP('',(#11514,#11515,#11516));
#11514=ORIENTED_EDGE('',*,*,#11517,.T.);
#11515=ORIENTED_EDGE('',*,*,#11518,.T.);
#11516=ORIENTED_EDGE('',*,*,#11519,.T.);
#11517=EDGE_CURVE('',#666,#454,#11520,.F.);
#11518=EDGE_CURVE('',#454,#452,#11521,.T.);
#11519=EDGE_CURVE('',#452,#666,#11522,.T.);
#11520=LINE('',#665,#11523);
#11521=LINE('',#453,#11524);
#11522=LINE('',#451,#11525);
#11523=VECTOR('',#11526,1.0);
#11524=VECTOR('',#11527,1.0);
#11525=VECTOR('',#11528,1.0);
#11526=DIRECTION('',(0.9999999827285131,-0.00016784667678853828,7.981520294839582E-05));
#11527=DIRECTION('',(0,-0.41920577301076234,-0.9078912489249189));
#11528=DIRECTION('',(-0.9967204494521917,0.034090991559585414,0.07339039404653096));
#11529=STYLED_ITEM('',(#25),#11530);
#11530=FACE_SURFACE('',(#11535),#11531,.T.);
#11531=PLANE('',#11532);
#11532=AXIS2_PLACEMENT_3D('',#665,#11533,#11534);
#11533=DIRECTION('',(0.00015251173900405763,0.9077190461827525,-0.419578490794325));
#11534=DIRECTION('',(0.9967204494521917,-0.034090991559585414,-0.07339039404653096));
#11535=FACE_BOUND('',#11536,.T.);
#11536=EDGE_LOOP('',(#11537,#11538,#11539));
#11537=ORIENTED_EDGE('',*,*,#11540,.T.);
#11538=ORIENTED_EDGE('',*,*,#11541,.T.);
#11539=ORIENTED_EDGE('',*,*,#11542,.T.);
#11540=EDGE_CURVE('',#666,#452,#11543,.F.);
#11541=EDGE_CURVE('',#452,#668,#11544,.T.);
#11542=EDGE_CURVE('',#668,#666,#11545,.T.);
#11543=LINE('',#665,#11546);
#11544=LINE('',#451,#11547);
#11545=LINE('',#667,#11548);
#11546=VECTOR('',#11549,1.0);
#11547=VECTOR('',#11550,1.0);
#11548=VECTOR('',#11551,1.0);
#11549=DIRECTION('',(0.9967204494521917,-0.034090991559585414,-0.07339039404653096));
#11550=DIRECTION('',(-0.9999999686760137,5.516638949793026E-05,-0.0002441406173525424));
#11551=DIRECTION('',(0,0.4195784956739874,0.9077190567394483));
#11552=STYLED_ITEM('',(#25),#11553);
#11553=FACE_SURFACE('',(#11558),#11554,.T.);
#11554=PLANE('',#11555);
#11555=AXIS2_PLACEMENT_3D('',#667,#11556,#11557);
#11556=DIRECTION('',(0.0001544751931602573,0.9035073956851627,-0.4285724700440166));
#11557=DIRECTION('',(0.9999999686760137,-5.516638949793026E-05,0.0002441406173525424));
#11558=FACE_BOUND('',#11559,.T.);
#11559=EDGE_LOOP('',(#11560,#11561,#11562));
#11560=ORIENTED_EDGE('',*,*,#11563,.T.);
#11561=ORIENTED_EDGE('',*,*,#11564,.T.);
#11562=ORIENTED_EDGE('',*,*,#11565,.T.);
#11563=EDGE_CURVE('',#668,#452,#11566,.F.);
#11564=EDGE_CURVE('',#452,#450,#11567,.T.);
#11565=EDGE_CURVE('',#450,#668,#11568,.T.);
#11566=LINE('',#667,#11569);
#11567=LINE('',#451,#11570);
#11568=LINE('',#449,#11571);
#11569=VECTOR('',#11572,1.0);
#11570=VECTOR('',#11573,1.0);
#11571=VECTOR('',#11574,1.0);
#11572=DIRECTION('',(0.9999999686760137,-5.516638949793026E-05,0.0002441406173525424));
#11573=DIRECTION('',(0,-0.4285724751574403,-0.903507406465174));
#11574=DIRECTION('',(-0.9966973071181242,0.03494187008080601,0.07330445892806028));
#11575=STYLED_ITEM('',(#25),#11576);
#11576=FACE_SURFACE('',(#11581),#11577,.T.);
#11577=PLANE('',#11578);
#11578=AXIS2_PLACEMENT_3D('',#667,#11579,#11580);
#11579=DIRECTION('',(0.00012288021564420062,0.9033411374465224,-0.4289228069213338));
#11580=DIRECTION('',(0.9966973071181242,-0.03494187008080601,-0.07330445892806028));
#11581=FACE_BOUND('',#11582,.T.);
#11582=EDGE_LOOP('',(#11583,#11584,#11585));
#11583=ORIENTED_EDGE('',*,*,#11586,.T.);
#11584=ORIENTED_EDGE('',*,*,#11587,.T.);
#11585=ORIENTED_EDGE('',*,*,#11588,.T.);
#11586=EDGE_CURVE('',#668,#450,#11589,.F.);
#11587=EDGE_CURVE('',#450,#670,#11590,.T.);
#11588=EDGE_CURVE('',#670,#668,#11591,.T.);
#11589=LINE('',#667,#11592);
#11590=LINE('',#449,#11593);
#11591=LINE('',#669,#11594);
#11592=VECTOR('',#11595,1.0);
#11593=VECTOR('',#11596,1.0);
#11594=VECTOR('',#11597,1.0);
#11595=DIRECTION('',(0.9966973071181242,-0.03494187008080601,-0.07330445892806028));
#11596=DIRECTION('',(-0.9999999924495365,0.00011150653461480475,-5.164513182159378E-05));
#11597=DIRECTION('',(0,0.42892281015960393,0.9033411442665437));
#11598=STYLED_ITEM('',(#25),#11599);
#11599=FACE_SURFACE('',(#11604),#11600,.T.);
#11600=PLANE('',#11601);
#11601=AXIS2_PLACEMENT_3D('',#669,#11602,#11603);
#11602=DIRECTION('',(0.00012286130681426447,0.8988228685382307,-0.43831203029098564));
#11603=DIRECTION('',(0.9999999924495365,-0.00011150653461480475,5.164513182159378E-05));
#11604=FACE_BOUND('',#11605,.T.);
#11605=EDGE_LOOP('',(#11606,#11607,#11608));
#11606=ORIENTED_EDGE('',*,*,#11609,.T.);
#11607=ORIENTED_EDGE('',*,*,#11610,.T.);
#11608=ORIENTED_EDGE('',*,*,#11611,.T.);
#11609=EDGE_CURVE('',#670,#450,#11612,.F.);
#11610=EDGE_CURVE('',#450,#448,#11613,.T.);
#11611=EDGE_CURVE('',#448,#670,#11614,.T.);
#11612=LINE('',#669,#11615);
#11613=LINE('',#449,#11616);
#11614=LINE('',#447,#11617);
#11615=VECTOR('',#11618,1.0);
#11616=VECTOR('',#11619,1.0);
#11617=VECTOR('',#11620,1.0);
#11618=DIRECTION('',(0.9999999924495365,-0.00011150653461480475,5.164513182159378E-05));
#11619=DIRECTION('',(0,-0.43831203359912396,-0.8988228753220516));
#11620=DIRECTION('',(-0.9966496691752154,0.03595911370001801,0.07346005087694235));
#11621=STYLED_ITEM('',(#25),#11622);
#11622=FACE_SURFACE('',(#11627),#11623,.T.);
#11623=PLANE('',#11624);
#11624=AXIS2_PLACEMENT_3D('',#669,#11625,#11626);
#11625=DIRECTION('',(9.482943248554154E-05,0.8986730975191042,-0.4386190315100309));
#11626=DIRECTION('',(0.9966496691752154,-0.03595911370001801,-0.07346005087694235));
#11627=FACE_BOUND('',#11628,.T.);
#11628=EDGE_LOOP('',(#11629,#11630,#11631));
#11629=ORIENTED_EDGE('',*,*,#11632,.T.);
#11630=ORIENTED_EDGE('',*,*,#11633,.T.);
#11631=ORIENTED_EDGE('',*,*,#11634,.T.);
#11632=EDGE_CURVE('',#670,#448,#11635,.F.);
#11633=EDGE_CURVE('',#448,#672,#11636,.T.);
#11634=EDGE_CURVE('',#672,#670,#11637,.T.);
#11635=LINE('',#669,#11638);
#11636=LINE('',#447,#11639);
#11637=LINE('',#671,#11640);
#11638=VECTOR('',#11641,1.0);
#11639=VECTOR('',#11642,1.0);
#11640=VECTOR('',#11643,1.0);
#11641=DIRECTION('',(0.9966496691752154,-0.03595911370001801,-0.07346005087694235));
#11642=DIRECTION('',(-0.9999999786512217,4.695011918997999E-06,-0.00020658052443591192));
#11643=DIRECTION('',(0,0.43861903348219833,0.8986731015598175));
#11644=STYLED_ITEM('',(#25),#11645);
#11645=FACE_SURFACE('',(#11650),#11646,.T.);
#11646=PLANE('',#11647);
#11647=AXIS2_PLACEMENT_3D('',#671,#11648,#11649);
#11648=DIRECTION('',(9.682235987715657E-05,0.893845049837067,-0.44837597784359695));
#11649=DIRECTION('',(0.9999999786512217,-4.695011918997999E-06,0.00020658052443591192));
#11650=FACE_BOUND('',#11651,.T.);
#11651=EDGE_LOOP('',(#11652,#11653,#11654));
#11652=ORIENTED_EDGE('',*,*,#11655,.T.);
#11653=ORIENTED_EDGE('',*,*,#11656,.T.);
#11654=ORIENTED_EDGE('',*,*,#11657,.T.);
#11655=EDGE_CURVE('',#672,#448,#11658,.F.);
#11656=EDGE_CURVE('',#448,#446,#11659,.T.);
#11657=EDGE_CURVE('',#446,#672,#11660,.T.);
#11658=LINE('',#671,#11661);
#11659=LINE('',#447,#11662);
#11660=LINE('',#445,#11663);
#11661=VECTOR('',#11664,1.0);
#11662=VECTOR('',#11665,1.0);
#11663=VECTOR('',#11666,1.0);
#11664=DIRECTION('',(0.9999999786512217,-4.695011918997999E-06,0.00020658052443591192));
#11665=DIRECTION('',(0,-0.4483759799452628,-0.8938450540267732));
#11666=DIRECTION('',(-0.9966395152209995,0.036813877450801974,0.07317386915483207));
#11667=STYLED_ITEM('',(#25),#11668);
#11668=FACE_SURFACE('',(#11673),#11669,.T.);
#11669=PLANE('',#11670);
#11670=AXIS2_PLACEMENT_3D('',#671,#11671,#11672);
#11671=DIRECTION('',(7.243947120621116E-05,0.8937119929332044,-0.44864113547453843));
#11672=DIRECTION('',(0.9966395152209995,-0.036813877450801974,-0.07317386915483207));
#11673=FACE_BOUND('',#11674,.T.);
#11674=EDGE_LOOP('',(#11675,#11676,#11677));
#11675=ORIENTED_EDGE('',*,*,#11678,.T.);
#11676=ORIENTED_EDGE('',*,*,#11679,.T.);
#11677=ORIENTED_EDGE('',*,*,#11680,.T.);
#11678=EDGE_CURVE('',#672,#446,#11681,.F.);
#11679=EDGE_CURVE('',#446,#674,#11682,.T.);
#11680=EDGE_CURVE('',#674,#672,#11683,.T.);
#11681=LINE('',#671,#11684);
#11682=LINE('',#445,#11685);
#11683=LINE('',#673,#11686);
#11684=VECTOR('',#11687,1.0);
#11685=VECTOR('',#11688,1.0);
#11686=VECTOR('',#11689,1.0);
#11687=DIRECTION('',(0.9966395152209995,-0.036813877450801974,-0.07317386915483207));
#11688=DIRECTION('',(-0.9999999973761777,6.455641509503852E-05,-3.286508404838325E-05));
#11689=DIRECTION('',(0,0.44864113665165545,0.893711995278071));
#11690=STYLED_ITEM('',(#25),#11691);
#11691=FACE_SURFACE('',(#11696),#11692,.T.);
#11692=PLANE('',#11693);
#11693=AXIS2_PLACEMENT_3D('',#673,#11694,#11695);
#11694=DIRECTION('',(7.243942212455812E-05,0.8885313427596265,-0.458815919172717));
#11695=DIRECTION('',(0.9999999973761777,-6.455641509503852E-05,3.286508404838325E-05));
#11696=FACE_BOUND('',#11697,.T.);
#11697=EDGE_LOOP('',(#11698,#11699,#11700));
#11698=ORIENTED_EDGE('',*,*,#11701,.T.);
#11699=ORIENTED_EDGE('',*,*,#11702,.T.);
#11700=ORIENTED_EDGE('',*,*,#11703,.T.);
#11701=EDGE_CURVE('',#674,#446,#11704,.F.);
#11702=EDGE_CURVE('',#446,#444,#11705,.T.);
#11703=EDGE_CURVE('',#444,#674,#11706,.T.);
#11704=LINE('',#673,#11707);
#11705=LINE('',#445,#11708);
#11706=LINE('',#443,#11709);
#11707=VECTOR('',#11710,1.0);
#11708=VECTOR('',#11711,1.0);
#11709=VECTOR('',#11712,1.0);
#11710=DIRECTION('',(0.9999999973761777,-6.455641509503852E-05,3.286508404838325E-05));
#11711=DIRECTION('',(0,-0.45881592037652835,-0.8885313450908972));
#11712=DIRECTION('',(-0.9966055328400915,0.03783616985580768,0.0731152252486444));
#11713=STYLED_ITEM('',(#25),#11714);
#11714=FACE_SURFACE('',(#11719),#11715,.T.);
#11715=PLANE('',#11716);
#11716=AXIS2_PLACEMENT_3D('',#673,#11717,#11718);
#11717=DIRECTION('',(5.269738848276284E-05,0.8884216651473925,-0.4590282585197992));
#11718=DIRECTION('',(0.9966055328400915,-0.03783616985580768,-0.0731152252486444));
#11719=FACE_BOUND('',#11720,.T.);
#11720=EDGE_LOOP('',(#11721,#11722,#11723));
#11721=ORIENTED_EDGE('',*,*,#11724,.T.);
#11722=ORIENTED_EDGE('',*,*,#11725,.T.);
#11723=ORIENTED_EDGE('',*,*,#11726,.T.);
#11724=EDGE_CURVE('',#674,#444,#11727,.F.);
#11725=EDGE_CURVE('',#444,#676,#11728,.T.);
#11726=EDGE_CURVE('',#676,#674,#11729,.T.);
#11727=LINE('',#673,#11730);
#11728=LINE('',#443,#11731);
#11729=LINE('',#675,#11732);
#11730=VECTOR('',#11733,1.0);
#11731=VECTOR('',#11734,1.0);
#11732=VECTOR('',#11735,1.0);
#11733=DIRECTION('',(0.9966055328400915,-0.03783616985580768,-0.0731152252486444));
#11734=DIRECTION('',(-0.9999999835447979,-3.286508359381379E-05,-0.00017841045379498913));
#11735=DIRECTION('',(0,0.45902825915716333,0.8884216663809726));
#11736=STYLED_ITEM('',(#25),#11737);
#11737=FACE_SURFACE('',(#11742),#11738,.T.);
#11738=PLANE('',#11739);
#11739=AXIS2_PLACEMENT_3D('',#675,#11740,#11741);
#11740=DIRECTION('',(5.4778189221803445E-05,0.8828452335821294,-0.46966401878434905));
#11741=DIRECTION('',(0.9999999835447979,3.286508359381379E-05,0.00017841045379498913));
#11742=FACE_BOUND('',#11743,.T.);
#11743=EDGE_LOOP('',(#11744,#11745,#11746));
#11744=ORIENTED_EDGE('',*,*,#11747,.T.);
#11745=ORIENTED_EDGE('',*,*,#11748,.T.);
#11746=ORIENTED_EDGE('',*,*,#11749,.T.);
#11747=EDGE_CURVE('',#676,#444,#11750,.F.);
#11748=EDGE_CURVE('',#444,#442,#11751,.T.);
#11749=EDGE_CURVE('',#442,#676,#11752,.T.);
#11750=LINE('',#675,#11753);
#11751=LINE('',#443,#11754);
#11752=LINE('',#441,#11755);
#11753=VECTOR('',#11756,1.0);
#11754=VECTOR('',#11757,1.0);
#11755=VECTOR('',#11758,1.0);
#11756=DIRECTION('',(0.9999999835447979,3.286508359381379E-05,0.00017841045379498913));
#11757=DIRECTION('',(0,-0.4696640194889978,-0.8828452349066842));
#11758=DIRECTION('',(-0.9966079496283818,0.03869955303198683,0.07262877757911913));
#11759=STYLED_ITEM('',(#25),#11760);
#11760=FACE_SURFACE('',(#11765),#11761,.T.);
#11761=PLANE('',#11762);
#11762=AXIS2_PLACEMENT_3D('',#675,#11763,#11764);
#11763=DIRECTION('',(4.19798998331019E-05,0.8827724311159499,-0.4698008440811101));
#11764=DIRECTION('',(0.9966079496283818,-0.03869955303198683,-0.07262877757911913));
#11765=FACE_BOUND('',#11766,.T.);
#11766=EDGE_LOOP('',(#11767,#11768,#11769));
#11767=ORIENTED_EDGE('',*,*,#11770,.T.);
#11768=ORIENTED_EDGE('',*,*,#11771,.T.);
#11769=ORIENTED_EDGE('',*,*,#11772,.T.);
#11770=EDGE_CURVE('',#676,#442,#11773,.F.);
#11771=EDGE_CURVE('',#442,#678,#11774,.T.);
#11772=EDGE_CURVE('',#678,#676,#11775,.T.);
#11773=LINE('',#675,#11776);
#11774=LINE('',#441,#11777);
#11775=LINE('',#677,#11778);
#11776=VECTOR('',#11779,1.0);
#11777=VECTOR('',#11780,1.0);
#11778=VECTOR('',#11781,1.0);
#11779=DIRECTION('',(0.9966079496283818,-0.03869955303198683,-0.07262877757911913));
#11780=DIRECTION('',(-0.9999999991182745,3.756009612072846E-05,-1.878004806036423E-05));
#11781=DIRECTION('',(0,0.4698008444950779,0.8827724318938102));
#11782=STYLED_ITEM('',(#25),#11783);
#11783=FACE_SURFACE('',(#11788),#11784,.T.);
#11784=PLANE('',#11785);
#11785=AXIS2_PLACEMENT_3D('',#677,#11786,#11787);
#11786=DIRECTION('',(4.1963027883330245E-05,0.8767551569319992,-0.4809369948675707));
#11787=DIRECTION('',(0.9999999991182745,-3.756009612072846E-05,1.878004806036423E-05));
#11788=FACE_BOUND('',#11789,.T.);
#11789=EDGE_LOOP('',(#11790,#11791,#11792));
#11790=ORIENTED_EDGE('',*,*,#11793,.T.);
#11791=ORIENTED_EDGE('',*,*,#11794,.T.);
#11792=ORIENTED_EDGE('',*,*,#11795,.T.);
#11793=EDGE_CURVE('',#678,#442,#11796,.F.);
#11794=EDGE_CURVE('',#442,#440,#11797,.T.);
#11795=EDGE_CURVE('',#440,#678,#11798,.T.);
#11796=LINE('',#677,#11799);
#11797=LINE('',#441,#11800);
#11798=LINE('',#439,#11801);
#11799=VECTOR('',#11802,1.0);
#11800=VECTOR('',#11803,1.0);
#11801=VECTOR('',#11804,1.0);
#11802=DIRECTION('',(0.9999999991182745,-3.756009612072846E-05,1.878004806036423E-05));
#11803=DIRECTION('',(0,-0.48093699529101064,-0.8767551577039364));
#11804=DIRECTION('',(-0.9965878165177481,0.039732828420384746,0.07234657085241428));
#11805=STYLED_ITEM('',(#25),#11806);
#11806=FACE_SURFACE('',(#11811),#11807,.T.);
#11807=PLANE('',#11808);
#11808=AXIS2_PLACEMENT_3D('',#677,#11809,#11810);
#11809=DIRECTION('',(3.479370451443486E-05,0.8767135224343806,-0.48101288794594577));
#11810=DIRECTION('',(0.9965878165177481,-0.039732828420384746,-0.07234657085241428));
#11811=FACE_BOUND('',#11812,.T.);
#11812=EDGE_LOOP('',(#11813,#11814,#11815));
#11813=ORIENTED_EDGE('',*,*,#11816,.T.);
#11814=ORIENTED_EDGE('',*,*,#11817,.T.);
#11815=ORIENTED_EDGE('',*,*,#11818,.T.);
#11816=EDGE_CURVE('',#678,#440,#11819,.F.);
#11817=EDGE_CURVE('',#440,#680,#11820,.T.);
#11818=EDGE_CURVE('',#680,#678,#11821,.T.);
#11819=LINE('',#677,#11822);
#11820=LINE('',#439,#11823);
#11821=LINE('',#679,#11824);
#11822=VECTOR('',#11825,1.0);
#11823=VECTOR('',#11826,1.0);
#11824=VECTOR('',#11827,1.0);
#11825=DIRECTION('',(0.9965878165177481,-0.039732828420384746,-0.07234657085241428));
#11826=DIRECTION('',(-0.9999999852248983,-5.047137846101101E-05,-0.00016432541824515213));
#11827=DIRECTION('',(0,0.48101288823710325,0.8767135229650561));
#11828=STYLED_ITEM('',(#25),#11829);
#11829=FACE_SURFACE('',(#11834),#11830,.T.);
#11830=PLANE('',#11831);
#11831=AXIS2_PLACEMENT_3D('',#679,#11832,#11833);
#11832=DIRECTION('',(3.7030690911504986E-05,0.8702353000878676,-0.49263629698765277));
#11833=DIRECTION('',(0.9999999852248983,5.047137846101101E-05,0.00016432541824515213));
#11834=FACE_BOUND('',#11835,.T.);
#11835=EDGE_LOOP('',(#11836,#11837,#11838));
#11836=ORIENTED_EDGE('',*,*,#11839,.T.);
#11837=ORIENTED_EDGE('',*,*,#11840,.T.);
#11838=ORIENTED_EDGE('',*,*,#11841,.T.);
#11839=EDGE_CURVE('',#680,#440,#11842,.F.);
#11840=EDGE_CURVE('',#440,#438,#11843,.T.);
#11841=EDGE_CURVE('',#438,#680,#11844,.T.);
#11842=LINE('',#679,#11845);
#11843=LINE('',#439,#11846);
#11844=LINE('',#437,#11847);
#11845=VECTOR('',#11848,1.0);
#11846=VECTOR('',#11849,1.0);
#11847=VECTOR('',#11850,1.0);
#11848=DIRECTION('',(0.9999999852248983,5.047137846101101E-05,0.00016432541824515213));
#11849=DIRECTION('',(0,-0.49263629732542197,-0.8702353006845324));
#11850=DIRECTION('',(-0.9966025730046579,0.040606061632256954,0.07165514105221478));
#11851=STYLED_ITEM('',(#25),#11852);
#11852=FACE_SURFACE('',(#11857),#11853,.T.);
#11853=PLANE('',#11854);
#11854=AXIS2_PLACEMENT_3D('',#679,#11855,#11856);
#11855=DIRECTION('',(3.5809226444381396E-05,0.870228018740126,-0.49264915925771563));
#11856=DIRECTION('',(0.9966025730046579,-0.040606061632256954,-0.07165514105221478));
#11857=FACE_BOUND('',#11858,.T.);
#11858=EDGE_LOOP('',(#11859,#11860,#11861));
#11859=ORIENTED_EDGE('',*,*,#11862,.T.);
#11860=ORIENTED_EDGE('',*,*,#11863,.T.);
#11861=ORIENTED_EDGE('',*,*,#11864,.T.);
#11862=EDGE_CURVE('',#680,#438,#11865,.F.);
#11863=EDGE_CURVE('',#438,#682,#11866,.T.);
#11864=EDGE_CURVE('',#682,#680,#11867,.T.);
#11865=LINE('',#679,#11868);
#11866=LINE('',#437,#11869);
#11867=LINE('',#681,#11870);
#11868=VECTOR('',#11871,1.0);
#11869=VECTOR('',#11872,1.0);
#11870=VECTOR('',#11873,1.0);
#11871=DIRECTION('',(0.9966025730046579,-0.040606061632256954,-0.07165514105221478));
#11872=DIRECTION('',(-0.9999999993579937,3.051757810540752E-05,-1.8780048064866167E-05));
#11873=DIRECTION('',(0,0.4926491595735778,0.870228019298073));
#11874=STYLED_ITEM('',(#25),#11875);
#11875=FACE_SURFACE('',(#11880),#11876,.T.);
#11876=PLANE('',#11877);
#11877=AXIS2_PLACEMENT_3D('',#681,#11878,#11879);
#11878=DIRECTION('',(3.5824029424618864E-05,0.8632494283102227,-0.5047775977979932));
#11879=DIRECTION('',(0.9999999993579937,-3.051757810540752E-05,1.8780048064866167E-05));
#11880=FACE_BOUND('',#11881,.T.);
#11881=EDGE_LOOP('',(#11882,#11883,#11884));
#11882=ORIENTED_EDGE('',*,*,#11885,.T.);
#11883=ORIENTED_EDGE('',*,*,#11886,.T.);
#11884=ORIENTED_EDGE('',*,*,#11887,.T.);
#11885=EDGE_CURVE('',#682,#438,#11888,.F.);
#11886=EDGE_CURVE('',#438,#436,#11889,.T.);
#11887=EDGE_CURVE('',#436,#682,#11890,.T.);
#11888=LINE('',#681,#11891);
#11889=LINE('',#437,#11892);
#11890=LINE('',#435,#11893);
#11891=VECTOR('',#11894,1.0);
#11892=VECTOR('',#11895,1.0);
#11893=VECTOR('',#11896,1.0);
#11894=DIRECTION('',(0.9999999993579937,-3.051757810540752E-05,1.8780048064866167E-05));
#11895=DIRECTION('',(0,-0.5047775981218992,-0.863249428864153));
#11896=DIRECTION('',(-0.9965954814929405,0.04164802612665576,0.071153975205938));
#11897=STYLED_ITEM('',(#25),#11898);
#11898=FACE_SURFACE('',(#11903),#11899,.T.);
#11899=PLANE('',#11900);
#11900=AXIS2_PLACEMENT_3D('',#681,#11901,#11902);
#11901=DIRECTION('',(3.330415729343439E-05,0.8632340526481918,-0.5048038918623865));
#11902=DIRECTION('',(0.9965954814929405,-0.04164802612665576,-0.071153975205938));
#11903=FACE_BOUND('',#11904,.T.);
#11904=EDGE_LOOP('',(#11905,#11906,#11907));
#11905=ORIENTED_EDGE('',*,*,#11908,.T.);
#11906=ORIENTED_EDGE('',*,*,#11909,.T.);
#11907=ORIENTED_EDGE('',*,*,#11910,.T.);
#11908=EDGE_CURVE('',#682,#436,#11911,.F.);
#11909=EDGE_CURVE('',#436,#684,#11912,.T.);
#11910=EDGE_CURVE('',#684,#682,#11913,.T.);
#11911=LINE('',#681,#11914);
#11912=LINE('',#435,#11915);
#11913=LINE('',#683,#11916);
#11914=VECTOR('',#11917,1.0);
#11915=VECTOR('',#11918,1.0);
#11916=VECTOR('',#11919,1.0);
#11917=DIRECTION('',(0.9965954814929405,-0.04164802612665576,-0.071153975205938));
#11918=DIRECTION('',(-0.9999999848446542,-5.751389636393393E-05,-0.00016432541818266837));
#11919=DIRECTION('',(0,0.5048038921423424,0.8632340531269271));
#11920=STYLED_ITEM('',(#25),#11921);
#11921=FACE_SURFACE('',(#11926),#11922,.T.);
#11922=PLANE('',#11923);
#11923=AXIS2_PLACEMENT_3D('',#683,#11924,#11925);
#11924=DIRECTION('',(3.58086691428302E-05,0.8557319830319549,-0.517419338577461));
#11925=DIRECTION('',(0.9999999848446542,5.751389636393393E-05,0.00016432541818266837));
#11926=FACE_BOUND('',#11927,.T.);
#11927=EDGE_LOOP('',(#11928,#11929,#11930));
#11928=ORIENTED_EDGE('',*,*,#11931,.T.);
#11929=ORIENTED_EDGE('',*,*,#11932,.T.);
#11930=ORIENTED_EDGE('',*,*,#11933,.T.);
#11931=EDGE_CURVE('',#684,#436,#11934,.F.);
#11932=EDGE_CURVE('',#436,#434,#11935,.T.);
#11933=EDGE_CURVE('',#434,#684,#11936,.T.);
#11934=LINE('',#683,#11937);
#11935=LINE('',#435,#11938);
#11936=LINE('',#433,#11939);
#11937=VECTOR('',#11940,1.0);
#11938=VECTOR('',#11941,1.0);
#11939=VECTOR('',#11942,1.0);
#11940=DIRECTION('',(0.9999999848446542,5.751389636393393E-05,0.00016432541818266837));
#11941=DIRECTION('',(0,-0.5174193389091943,-0.8557319835805907));
#11942=DIRECTION('',(-0.9966221366372591,0.04252297185915552,0.07025748094580288));
#11943=STYLED_ITEM('',(#25),#11944);
#11944=FACE_SURFACE('',(#11949),#11945,.T.);
#11945=PLANE('',#11946);
#11946=AXIS2_PLACEMENT_3D('',#683,#11947,#11948);
#11947=DIRECTION('',(3.2398190129546185E-05,0.8557105673223002,-0.5174547554359747));
#11948=DIRECTION('',(0.9966221366372591,-0.04252297185915552,-0.07025748094580288));
#11949=FACE_BOUND('',#11950,.T.);
#11950=EDGE_LOOP('',(#11951,#11952,#11953));
#11951=ORIENTED_EDGE('',*,*,#11954,.T.);
#11952=ORIENTED_EDGE('',*,*,#11955,.T.);
#11953=ORIENTED_EDGE('',*,*,#11956,.T.);
#11954=EDGE_CURVE('',#684,#434,#11957,.F.);
#11955=EDGE_CURVE('',#434,#686,#11958,.T.);
#11956=EDGE_CURVE('',#686,#684,#11959,.T.);
#11957=LINE('',#683,#11960);
#11958=LINE('',#433,#11961);
#11959=LINE('',#685,#11962);
#11960=VECTOR('',#11963,1.0);
#11961=VECTOR('',#11964,1.0);
#11962=VECTOR('',#11965,1.0);
#11963=DIRECTION('',(0.9966221366372591,-0.04252297185915552,-0.07025748094580288));
#11964=DIRECTION('',(-0.999999999470276,2.9343825104648176E-05,-1.4085036050231124E-05));
#11965=DIRECTION('',(0,0.5174547557075461,0.8557105677713954));
#11966=STYLED_ITEM('',(#25),#11967);
#11967=FACE_SURFACE('',(#11972),#11968,.T.);
#11968=PLANE('',#11969);
#11969=AXIS2_PLACEMENT_3D('',#685,#11970,#11971);
#11970=DIRECTION('',(3.2360002518792536E-05,0.8496980977642782,-0.5272695151519737));
#11971=DIRECTION('',(0.999999999470276,-2.9343825104648176E-05,1.4085036050231124E-05));
#11972=FACE_BOUND('',#11973,.T.);
#11973=EDGE_LOOP('',(#11974,#11975,#11976));
#11974=ORIENTED_EDGE('',*,*,#11977,.T.);
#11975=ORIENTED_EDGE('',*,*,#11978,.T.);
#11976=ORIENTED_EDGE('',*,*,#11979,.T.);
#11977=EDGE_CURVE('',#686,#434,#11980,.F.);
#11978=EDGE_CURVE('',#434,#606,#11981,.T.);
#11979=EDGE_CURVE('',#606,#686,#11982,.T.);
#11980=LINE('',#685,#11983);
#11981=LINE('',#433,#11984);
#11982=LINE('',#605,#11985);
#11983=VECTOR('',#11986,1.0);
#11984=VECTOR('',#11987,1.0);
#11985=VECTOR('',#11988,1.0);
#11986=DIRECTION('',(0.999999999470276,-2.9343825104648176E-05,1.4085036050231124E-05));
#11987=DIRECTION('',(-0.999121650583789,-0.0220671106180457,-0.03562260467310178));
#11988=DIRECTION('',(0,0.527269515428044,0.8496980982091672));
#11989=STYLED_ITEM('',(#25),#11990);
#11990=FACE_SURFACE('',(#11995),#11991,.T.);
#11991=PLANE('',#11992);
#11992=AXIS2_PLACEMENT_3D('',#685,#11993,#11994);
#11993=DIRECTION('',(0,0.8496980982091672,-0.527269515428044));
#11994=DIRECTION('',(0,-0.527269515428044,-0.8496980982091672));
#11995=FACE_BOUND('',#11996,.T.);
#11996=EDGE_LOOP('',(#11997,#11998,#11999));
#11997=ORIENTED_EDGE('',*,*,#12000,.T.);
#11998=ORIENTED_EDGE('',*,*,#12001,.T.);
#11999=ORIENTED_EDGE('',*,*,#12002,.T.);
#12000=EDGE_CURVE('',#686,#606,#12003,.F.);
#12001=EDGE_CURVE('',#606,#602,#12004,.T.);
#12002=EDGE_CURVE('',#602,#686,#12005,.T.);
#12003=LINE('',#685,#12006);
#12004=LINE('',#605,#12007);
#12005=LINE('',#601,#12008);
#12006=VECTOR('',#12009,1.0);
#12007=VECTOR('',#12010,1.0);
#12008=VECTOR('',#12011,1.0);
#12009=DIRECTION('',(0,-0.527269515428044,-0.8496980982091672));
#12010=DIRECTION('',(-0.9991215045237205,0.022096425438791062,0.03560852680307036));
#12011=DIRECTION('',(1,0,0));
#12012=STYLED_ITEM('',(#25),#12013);
#12013=FACE_SURFACE('',(#12018),#12014,.T.);
#12014=PLANE('',#12015);
#12015=AXIS2_PLACEMENT_3D('',#433,#12016,#12017);
#12016=DIRECTION('',(0.00019433883137359056,0.8476553746573406,-0.5305471968137633));
#12017=DIRECTION('',(0,-0.5305472068325059,-0.8476553906642879));
#12018=FACE_BOUND('',#12019,.T.);
#12019=EDGE_LOOP('',(#12020,#12021,#12022));
#12020=ORIENTED_EDGE('',*,*,#12023,.T.);
#12021=ORIENTED_EDGE('',*,*,#12024,.T.);
#12022=ORIENTED_EDGE('',*,*,#12025,.T.);
#12023=EDGE_CURVE('',#434,#432,#12026,.F.);
#12024=EDGE_CURVE('',#432,#606,#12027,.T.);
#12025=EDGE_CURVE('',#606,#434,#12028,.T.);
#12026=LINE('',#433,#12029);
#12027=LINE('',#431,#12030);
#12028=LINE('',#605,#12031);
#12029=VECTOR('',#12032,1.0);
#12030=VECTOR('',#12033,1.0);
#12031=VECTOR('',#12034,1.0);
#12032=DIRECTION('',(0,-0.5305472068325059,-0.8476553906642879));
#12033=DIRECTION('',(-0.9991846776622768,0.02158413791092687,0.03411898174878746));
#12034=DIRECTION('',(0.999121650583789,0.0220671106180457,0.03562260467310178));
#12035=STYLED_ITEM('',(#25),#12036);
#12036=FACE_SURFACE('',(#12041),#12037,.T.);
#12037=PLANE('',#12038);
#12038=AXIS2_PLACEMENT_3D('',#429,#12039,#12040);
#12039=DIRECTION('',(0.0001967669922229833,0.8295908032868552,-0.558371794044632));
#12040=DIRECTION('',(0,-0.5583718048539423,-0.8295908193465926));
#12041=FACE_BOUND('',#12042,.T.);
#12042=EDGE_LOOP('',(#12043,#12044,#12045));
#12043=ORIENTED_EDGE('',*,*,#12046,.T.);
#12044=ORIENTED_EDGE('',*,*,#12047,.T.);
#12045=ORIENTED_EDGE('',*,*,#12048,.T.);
#12046=EDGE_CURVE('',#430,#428,#12049,.F.);
#12047=EDGE_CURVE('',#428,#614,#12050,.T.);
#12048=EDGE_CURVE('',#614,#430,#12051,.T.);
#12049=LINE('',#429,#12052);
#12050=LINE('',#427,#12053);
#12051=LINE('',#613,#12054);
#12052=VECTOR('',#12055,1.0);
#12053=VECTOR('',#12056,1.0);
#12054=VECTOR('',#12057,1.0);
#12055=DIRECTION('',(0,-0.5583718048539423,-0.8295908193465926));
#12056=DIRECTION('',(-0.9991785282884601,0.022790804748804704,0.033508921591254466));
#12057=DIRECTION('',(0.9991549622526362,0.02278674893489981,0.0342070969085516));
#12058=STYLED_ITEM('',(#25),#12059);
#12059=FACE_SURFACE('',(#12064),#12060,.T.);
#12060=PLANE('',#12061);
#12061=AXIS2_PLACEMENT_3D('',#613,#12062,#12063);
#12062=DIRECTION('',(1.3317516609069022E-05,0.8270567520701195,-0.5621184294060002));
#12063=DIRECTION('',(0.9991785282884601,-0.022790804748804704,-0.033508921591254466));
#12064=FACE_BOUND('',#12065,.T.);
#12065=EDGE_LOOP('',(#12066,#12067,#12068));
#12066=ORIENTED_EDGE('',*,*,#12069,.T.);
#12067=ORIENTED_EDGE('',*,*,#12070,.T.);
#12068=ORIENTED_EDGE('',*,*,#12071,.T.);
#12069=EDGE_CURVE('',#614,#428,#12072,.F.);
#12070=EDGE_CURVE('',#428,#688,#12073,.T.);
#12071=EDGE_CURVE('',#688,#614,#12074,.T.);
#12072=LINE('',#613,#12075);
#12073=LINE('',#427,#12076);
#12074=LINE('',#687,#12077);
#12075=VECTOR('',#12078,1.0);
#12076=VECTOR('',#12079,1.0);
#12077=VECTOR('',#12080,1.0);
#12078=DIRECTION('',(0.9991785282884601,-0.022790804748804704,-0.033508921591254466));
#12079=DIRECTION('',(-0.9999999999056277,1.2911283051666148E-05,-4.695012018787691E-06));
#12080=DIRECTION('',(0,0.5621184294558479,0.8270567521434614));
#12081=STYLED_ITEM('',(#25),#12082);
#12082=FACE_SURFACE('',(#12087),#12083,.T.);
#12083=PLANE('',#12084);
#12084=AXIS2_PLACEMENT_3D('',#613,#12085,#12086);
#12085=DIRECTION('',(0,0.8270567521434614,-0.5621184294558479));
#12086=DIRECTION('',(0,-0.5621184294558479,-0.8270567521434614));
#12087=FACE_BOUND('',#12088,.T.);
#12088=EDGE_LOOP('',(#12089,#12090,#12091));
#12089=ORIENTED_EDGE('',*,*,#12092,.T.);
#12090=ORIENTED_EDGE('',*,*,#12093,.T.);
#12091=ORIENTED_EDGE('',*,*,#12094,.T.);
#12092=EDGE_CURVE('',#614,#688,#12095,.F.);
#12093=EDGE_CURVE('',#688,#618,#12096,.T.);
#12094=EDGE_CURVE('',#618,#614,#12097,.T.);
#12095=LINE('',#613,#12098);
#12096=LINE('',#687,#12099);
#12097=LINE('',#617,#12100);
#12098=VECTOR('',#12101,1.0);
#12099=VECTOR('',#12102,1.0);
#12100=VECTOR('',#12103,1.0);
#12101=DIRECTION('',(0,-0.5621184294558479,-0.8270567521434614));
#12102=DIRECTION('',(-0.9991786649032078,0.02277790718636158,0.03351361732867204));
#12103=DIRECTION('',(1,0,0));
#12104=STYLED_ITEM('',(#25),#12105);
#12105=FACE_SURFACE('',(#12110),#12106,.T.);
#12106=PLANE('',#12107);
#12107=AXIS2_PLACEMENT_3D('',#617,#12108,#12109);
#12108=DIRECTION('',(0,0.8270567521434614,-0.5621184294558479));
#12109=DIRECTION('',(0.9991786649032078,-0.02277790718636158,-0.03351361732867204));
#12110=FACE_BOUND('',#12111,.T.);
#12111=EDGE_LOOP('',(#12112,#12113,#12114));
#12112=ORIENTED_EDGE('',*,*,#12115,.T.);
#12113=ORIENTED_EDGE('',*,*,#12116,.T.);
#12114=ORIENTED_EDGE('',*,*,#12117,.T.);
#12115=EDGE_CURVE('',#618,#688,#12118,.F.);
#12116=EDGE_CURVE('',#688,#624,#12119,.T.);
#12117=EDGE_CURVE('',#624,#618,#12120,.T.);
#12118=LINE('',#617,#12121);
#12119=LINE('',#687,#12122);
#12120=LINE('',#623,#12123);
#12121=VECTOR('',#12124,1.0);
#12122=VECTOR('',#12125,1.0);
#12123=VECTOR('',#12126,1.0);
#12124=DIRECTION('',(0.9991786649032078,-0.02277790718636158,-0.03351361732867204));
#12125=DIRECTION('',(-1,0,0));
#12126=DIRECTION('',(0,0.5621184294558479,0.8270567521434614));
#12127=STYLED_ITEM('',(#25),#12128);
#12128=FACE_SURFACE('',(#12133),#12129,.T.);
#12129=PLANE('',#12130);
#12130=AXIS2_PLACEMENT_3D('',#687,#12131,#12132);
#12131=DIRECTION('',(1.3286940196856152E-05,0.8220187346424619,-0.5694604461420153));
#12132=DIRECTION('',(0.9999999999056277,-1.2911283051666148E-05,4.695012018787691E-06));
#12133=FACE_BOUND('',#12134,.T.);
#12134=EDGE_LOOP('',(#12135,#12136,#12137));
#12135=ORIENTED_EDGE('',*,*,#12138,.T.);
#12136=ORIENTED_EDGE('',*,*,#12139,.T.);
#12137=ORIENTED_EDGE('',*,*,#12140,.T.);
#12138=EDGE_CURVE('',#688,#428,#12141,.F.);
#12139=EDGE_CURVE('',#428,#628,#12142,.T.);
#12140=EDGE_CURVE('',#628,#688,#12143,.T.);
#12141=LINE('',#687,#12144);
#12142=LINE('',#427,#12145);
#12143=LINE('',#627,#12146);
#12144=VECTOR('',#12147,1.0);
#12145=VECTOR('',#12148,1.0);
#12146=VECTOR('',#12149,1.0);
#12147=DIRECTION('',(0.9999999999056277,-1.2911283051666148E-05,4.695012018787691E-06));
#12148=DIRECTION('',(-0.9991633661388809,-0.023278331644487407,-0.033625690206596955));
#12149=DIRECTION('',(0,0.5694604461922823,0.8220187347150226));
#12150=STYLED_ITEM('',(#25),#12151);
#12151=FACE_SURFACE('',(#12156),#12152,.T.);
#12152=PLANE('',#12153);
#12153=AXIS2_PLACEMENT_3D('',#627,#12154,#12155);
#12154=DIRECTION('',(0.00019507224297816866,0.8194815044355219,-0.5731055974555769));
#12155=DIRECTION('',(0.9991633661388809,0.023278331644487407,0.033625690206596955));
#12156=FACE_BOUND('',#12157,.T.);
#12157=EDGE_LOOP('',(#12158,#12159,#12160));
#12158=ORIENTED_EDGE('',*,*,#12161,.T.);
#12159=ORIENTED_EDGE('',*,*,#12162,.T.);
#12160=ORIENTED_EDGE('',*,*,#12163,.T.);
#12161=EDGE_CURVE('',#628,#428,#12164,.F.);
#12162=EDGE_CURVE('',#428,#426,#12165,.T.);
#12163=EDGE_CURVE('',#426,#628,#12166,.T.);
#12164=LINE('',#627,#12167);
#12165=LINE('',#427,#12168);
#12166=LINE('',#425,#12169);
#12167=VECTOR('',#12170,1.0);
#12168=VECTOR('',#12171,1.0);
#12169=VECTOR('',#12172,1.0);
#12170=DIRECTION('',(0.9991633661388809,0.023278331644487407,0.033625690206596955));
#12171=DIRECTION('',(0,-0.5731056083598224,-0.819481520027461));
#12172=DIRECTION('',(-0.9991871427167963,0.02326246640224475,0.032922811033214754));
#12173=STYLED_ITEM('',(#25),#12174);
#12174=FACE_SURFACE('',(#12179),#12175,.T.);
#12175=PLANE('',#12176);
#12176=AXIS2_PLACEMENT_3D('',#631,#12177,#12178);
#12177=DIRECTION('',(0,0.8056403298662894,-0.592404978788106));
#12178=DIRECTION('',(-0.9997990568682928,-0.011875405899946736,-0.016149941795055783));
#12179=FACE_BOUND('',#12180,.T.);
#12180=EDGE_LOOP('',(#12181,#12182,#12183));
#12181=ORIENTED_EDGE('',*,*,#12184,.T.);
#12182=ORIENTED_EDGE('',*,*,#12185,.T.);
#12183=ORIENTED_EDGE('',*,*,#12186,.T.);
#12184=EDGE_CURVE('',#632,#634,#12187,.F.);
#12185=EDGE_CURVE('',#634,#690,#12188,.T.);
#12186=EDGE_CURVE('',#690,#632,#12189,.T.);
#12187=LINE('',#631,#12190);
#12188=LINE('',#633,#12191);
#12189=LINE('',#689,#12192);
#12190=VECTOR('',#12193,1.0);
#12191=VECTOR('',#12194,1.0);
#12192=VECTOR('',#12195,1.0);
#12193=DIRECTION('',(-0.9997990568682928,-0.011875405899946736,-0.016149941795055783));
#12194=DIRECTION('',(0.9991969536193741,0.023736506743491738,0.032280429448483944));
#12195=DIRECTION('',(1,0,0));
#12196=STYLED_ITEM('',(#25),#12197);
#12197=FACE_SURFACE('',(#12202),#12198,.T.);
#12198=PLANE('',#12199);
#12199=AXIS2_PLACEMENT_3D('',#689,#12200,#12201);
#12200=DIRECTION('',(-0.00019852574772689005,0.8085632820074817,-0.588409193994126));
#12201=DIRECTION('',(-0.9991969536193741,-0.023736506743491738,-0.032280429448483944));
#12202=FACE_BOUND('',#12203,.T.);
#12203=EDGE_LOOP('',(#12204,#12205,#12206));
#12204=ORIENTED_EDGE('',*,*,#12207,.T.);
#12205=ORIENTED_EDGE('',*,*,#12208,.T.);
#12206=ORIENTED_EDGE('',*,*,#12209,.T.);
#12207=EDGE_CURVE('',#690,#634,#12210,.F.);
#12208=EDGE_CURVE('',#634,#692,#12211,.T.);
#12209=EDGE_CURVE('',#692,#690,#12212,.T.);
#12210=LINE('',#689,#12213);
#12211=LINE('',#633,#12214);
#12212=LINE('',#691,#12215);
#12213=VECTOR('',#12216,1.0);
#12214=VECTOR('',#12217,1.0);
#12215=VECTOR('',#12218,1.0);
#12216=DIRECTION('',(-0.9991969536193741,-0.023736506743491738,-0.032280429448483944));
#12217=DIRECTION('',(0,0.588409205589457,0.8085632979412214));
#12218=DIRECTION('',(0.9991727945873975,-0.02376759794283172,-0.03299739147930096));
#12219=STYLED_ITEM('',(#25),#12220);
#12220=FACE_SURFACE('',(#12225),#12221,.T.);
#12221=PLANE('',#12222);
#12222=AXIS2_PLACEMENT_3D('',#689,#12223,#12224);
#12223=DIRECTION('',(-4.7616537748864E-06,0.8113554476978277,-0.58455310919401));
#12224=DIRECTION('',(-0.9991727945873975,0.02376759794283172,0.03299739147930096));
#12225=FACE_BOUND('',#12226,.T.);
#12226=EDGE_LOOP('',(#12227,#12228,#12229));
#12227=ORIENTED_EDGE('',*,*,#12230,.T.);
#12228=ORIENTED_EDGE('',*,*,#12231,.T.);
#12229=ORIENTED_EDGE('',*,*,#12232,.T.);
#12230=EDGE_CURVE('',#690,#692,#12233,.F.);
#12231=EDGE_CURVE('',#692,#694,#12234,.T.);
#12232=EDGE_CURVE('',#694,#690,#12235,.T.);
#12233=LINE('',#689,#12236);
#12234=LINE('',#691,#12237);
#12235=LINE('',#693,#12238);
#12236=VECTOR('',#12239,1.0);
#12237=VECTOR('',#12240,1.0);
#12238=VECTOR('',#12241,1.0);
#12239=DIRECTION('',(-0.9991727945873975,0.02376759794283172,0.03299739147930096));
#12240=DIRECTION('',(0.9999999999827788,5.868764162877448E-06,0));
#12241=DIRECTION('',(0,-0.584553109200637,-0.8113554477070258));
#12242=STYLED_ITEM('',(#25),#12243);
#12243=FACE_SURFACE('',(#12248),#12244,.T.);
#12244=PLANE('',#12245);
#12245=AXIS2_PLACEMENT_3D('',#693,#12246,#12247);
#12246=DIRECTION('',(-4.793427305173508E-06,0.8167694547024953,-0.5769641737941893));
#12247=DIRECTION('',(-0.9999999999827788,-5.868764162877448E-06,0));
#12248=FACE_BOUND('',#12249,.T.);
#12249=EDGE_LOOP('',(#12250,#12251,#12252));
#12250=ORIENTED_EDGE('',*,*,#12253,.T.);
#12251=ORIENTED_EDGE('',*,*,#12254,.T.);
#12252=ORIENTED_EDGE('',*,*,#12255,.T.);
#12253=EDGE_CURVE('',#694,#692,#12256,.F.);
#12254=EDGE_CURVE('',#692,#626,#12257,.T.);
#12255=EDGE_CURVE('',#626,#694,#12258,.T.);
#12256=LINE('',#693,#12259);
#12257=LINE('',#691,#12260);
#12258=LINE('',#625,#12261);
#12259=VECTOR('',#12262,1.0);
#12260=VECTOR('',#12263,1.0);
#12261=VECTOR('',#12264,1.0);
#12262=DIRECTION('',(-0.9999999999827788,-5.868764162877448E-06,0));
#12263=DIRECTION('',(0.999187142955029,0.023262462994742907,0.032922806210659086));
#12264=DIRECTION('',(0,-0.5769641738008178,-0.8167694547118788));
#12265=STYLED_ITEM('',(#25),#12266);
#12266=FACE_SURFACE('',(#12271),#12267,.T.);
#12267=PLANE('',#12268);
#12268=AXIS2_PLACEMENT_3D('',#693,#12269,#12270);
#12269=DIRECTION('',(0,0.8167694547118788,-0.5769641738008178));
#12270=DIRECTION('',(0,0.5769641738008178,0.8167694547118788));
#12271=FACE_BOUND('',#12272,.T.);
#12272=EDGE_LOOP('',(#12273,#12274,#12275));
#12273=ORIENTED_EDGE('',*,*,#12276,.T.);
#12274=ORIENTED_EDGE('',*,*,#12277,.T.);
#12275=ORIENTED_EDGE('',*,*,#12278,.T.);
#12276=EDGE_CURVE('',#694,#626,#12279,.F.);
#12277=EDGE_CURVE('',#626,#630,#12280,.T.);
#12278=EDGE_CURVE('',#630,#694,#12281,.T.);
#12279=LINE('',#693,#12282);
#12280=LINE('',#625,#12283);
#12281=LINE('',#629,#12284);
#12282=VECTOR('',#12285,1.0);
#12283=VECTOR('',#12286,1.0);
#12284=VECTOR('',#12287,1.0);
#12285=DIRECTION('',(0,0.5769641738008178,0.8167694547118788));
#12286=DIRECTION('',(0.9991872789997387,-0.023256605579745737,-0.03292281552368242));
#12287=DIRECTION('',(-1,0,0));
#12288=STYLED_ITEM('',(#25),#12289);
#12289=FACE_SURFACE('',(#12294),#12290,.T.);
#12290=PLANE('',#12291);
#12291=AXIS2_PLACEMENT_3D('',#691,#12292,#12293);
#12292=DIRECTION('',(-0.00019507221435734504,0.8194815044355266,-0.5731055974555801));
#12293=DIRECTION('',(0,0.5731056083598224,0.819481520027461));
#12294=FACE_BOUND('',#12295,.T.);
#12295=EDGE_LOOP('',(#12296,#12297,#12298));
#12296=ORIENTED_EDGE('',*,*,#12299,.T.);
#12297=ORIENTED_EDGE('',*,*,#12300,.T.);
#12298=ORIENTED_EDGE('',*,*,#12301,.T.);
#12299=EDGE_CURVE('',#692,#622,#12302,.F.);
#12300=EDGE_CURVE('',#622,#626,#12303,.T.);
#12301=EDGE_CURVE('',#626,#692,#12304,.T.);
#12302=LINE('',#691,#12305);
#12303=LINE('',#621,#12306);
#12304=LINE('',#625,#12307);
#12305=VECTOR('',#12308,1.0);
#12306=VECTOR('',#12309,1.0);
#12307=VECTOR('',#12310,1.0);
#12308=DIRECTION('',(0,0.5731056083598224,0.819481520027461));
#12309=DIRECTION('',(0.9991633663840731,-0.023278328234823887,-0.03362568528131747));
#12310=DIRECTION('',(-0.999187142955029,-0.023262462994742907,-0.032922806210659086));
#12311=STYLED_ITEM('',(#25),#12312);
#12312=FACE_SURFACE('',(#12317),#12313,.T.);
#12313=PLANE('',#12314);
#12314=AXIS2_PLACEMENT_3D('',#615,#12315,#12316);
#12315=DIRECTION('',(-2.1837321775816358E-05,0.8365975292905112,-0.5478180113031551));
#12316=DIRECTION('',(-0.9999999997568367,-1.995379814927492E-05,9.390022658482316E-06));
#12317=FACE_BOUND('',#12318,.T.);
#12318=EDGE_LOOP('',(#12319,#12320,#12321));
#12319=ORIENTED_EDGE('',*,*,#12322,.T.);
#12320=ORIENTED_EDGE('',*,*,#12323,.T.);
#12321=ORIENTED_EDGE('',*,*,#12324,.T.);
#12322=EDGE_CURVE('',#616,#620,#12325,.F.);
#12323=EDGE_CURVE('',#620,#696,#12326,.T.);
#12324=EDGE_CURVE('',#696,#616,#12327,.T.);
#12325=LINE('',#615,#12328);
#12326=LINE('',#619,#12329);
#12327=LINE('',#695,#12330);
#12328=VECTOR('',#12331,1.0);
#12329=VECTOR('',#12332,1.0);
#12330=VECTOR('',#12333,1.0);
#12331=DIRECTION('',(-0.9999999997568367,-1.995379814927492E-05,9.390022658482316E-06));
#12332=DIRECTION('',(0.9991906231619625,0.02205455710982228,0.0336406762104835));
#12333=DIRECTION('',(0,-0.5478180114337736,-0.8365975294899848));
#12334=STYLED_ITEM('',(#25),#12335);
#12335=FACE_SURFACE('',(#12340),#12336,.T.);
#12336=PLANE('',#12337);
#12337=AXIS2_PLACEMENT_3D('',#695,#12338,#12339);
#12338=DIRECTION('',(-0.00019609547085955775,0.8389609178681954,-0.5441916388886558));
#12339=DIRECTION('',(-0.9991906231619625,-0.02205455710982228,-0.0336406762104835));
#12340=FACE_BOUND('',#12341,.T.);
#12341=EDGE_LOOP('',(#12342,#12343,#12344));
#12342=ORIENTED_EDGE('',*,*,#12345,.T.);
#12343=ORIENTED_EDGE('',*,*,#12346,.T.);
#12344=ORIENTED_EDGE('',*,*,#12347,.T.);
#12345=EDGE_CURVE('',#696,#620,#12348,.F.);
#12346=EDGE_CURVE('',#620,#698,#12349,.T.);
#12347=EDGE_CURVE('',#698,#696,#12350,.T.);
#12348=LINE('',#695,#12351);
#12349=LINE('',#619,#12352);
#12350=LINE('',#697,#12353);
#12351=VECTOR('',#12354,1.0);
#12352=VECTOR('',#12355,1.0);
#12353=VECTOR('',#12356,1.0);
#12354=DIRECTION('',(-0.9991906231619625,-0.02205455710982228,-0.0336406762104835));
#12355=DIRECTION('',(0,0.5441916493516747,0.8389609339986599));
#12356=DIRECTION('',(0.9991277499753606,-0.02255978828583054,-0.03513965255479682));
#12357=STYLED_ITEM('',(#25),#12358);
#12358=FACE_SURFACE('',(#12363),#12359,.T.);
#12359=PLANE('',#12360);
#12360=AXIS2_PLACEMENT_3D('',#695,#12361,#12362);
#12361=DIRECTION('',(-3.2035776130583414E-05,0.8410906349956503,-0.5408942065656861));
#12362=DIRECTION('',(-0.9991277499753606,0.02255978828583054,0.03513965255479682));
#12363=FACE_BOUND('',#12364,.T.);
#12364=EDGE_LOOP('',(#12365,#12366,#12367));
#12365=ORIENTED_EDGE('',*,*,#12368,.T.);
#12366=ORIENTED_EDGE('',*,*,#12369,.T.);
#12367=ORIENTED_EDGE('',*,*,#12370,.T.);
#12368=EDGE_CURVE('',#696,#698,#12371,.F.);
#12369=EDGE_CURVE('',#698,#700,#12372,.T.);
#12370=EDGE_CURVE('',#700,#696,#12373,.T.);
#12371=LINE('',#695,#12374);
#12372=LINE('',#697,#12375);
#12373=LINE('',#699,#12376);
#12374=VECTOR('',#12377,1.0);
#12375=VECTOR('',#12378,1.0);
#12376=VECTOR('',#12379,1.0);
#12377=DIRECTION('',(-0.9991277499753606,0.02255978828583054,0.03513965255479682));
#12378=DIRECTION('',(0.9999995206724526,-0.0005023659715529964,-0.0008404066253082837));
#12379=DIRECTION('',(0,-0.5408942068432434,-0.8410906354272519));
#12380=STYLED_ITEM('',(#25),#12381);
#12381=FACE_SURFACE('',(#12386),#12382,.T.);
#12382=PLANE('',#12383);
#12383=AXIS2_PLACEMENT_3D('',#699,#12384,#12385);
#12384=DIRECTION('',(-2.4164764454281518E-05,0.8454134122003607,-0.5341124992806359));
#12385=DIRECTION('',(-0.9999995206724526,0.0005023659715529964,0.0008404066253082837));
#12386=FACE_BOUND('',#12387,.T.);
#12387=EDGE_LOOP('',(#12388,#12389,#12390));
#12388=ORIENTED_EDGE('',*,*,#12391,.T.);
#12389=ORIENTED_EDGE('',*,*,#12392,.T.);
#12390=ORIENTED_EDGE('',*,*,#12393,.T.);
#12391=EDGE_CURVE('',#700,#698,#12394,.F.);
#12392=EDGE_CURVE('',#698,#604,#12395,.T.);
#12393=EDGE_CURVE('',#604,#700,#12396,.T.);
#12394=LINE('',#699,#12397);
#12395=LINE('',#697,#12398);
#12396=LINE('',#603,#12399);
#12397=VECTOR('',#12400,1.0);
#12398=VECTOR('',#12401,1.0);
#12399=VECTOR('',#12402,1.0);
#12400=DIRECTION('',(-0.9999995206724526,0.0005023659715529964,0.0008404066253082837));
#12401=DIRECTION('',(0.999184677901231,0.02158413474928332,0.03411897675104055));
#12402=DIRECTION('',(0,-0.5341124994365796,-0.8454134124471944));
#12403=STYLED_ITEM('',(#25),#12404);
#12404=FACE_SURFACE('',(#12409),#12405,.T.);
#12405=PLANE('',#12406);
#12406=AXIS2_PLACEMENT_3D('',#699,#12407,#12408);
#12407=DIRECTION('',(0,0.8454134124471943,-0.5341124994365796));
#12408=DIRECTION('',(0,0.5341124994365796,0.8454134124471944));
#12409=FACE_BOUND('',#12410,.T.);
#12410=EDGE_LOOP('',(#12411,#12412,#12413));
#12411=ORIENTED_EDGE('',*,*,#12414,.T.);
#12412=ORIENTED_EDGE('',*,*,#12415,.T.);
#12413=ORIENTED_EDGE('',*,*,#12416,.T.);
#12414=EDGE_CURVE('',#700,#604,#12417,.F.);
#12415=EDGE_CURVE('',#604,#608,#12418,.T.);
#12416=EDGE_CURVE('',#608,#700,#12419,.T.);
#12417=LINE('',#699,#12420);
#12418=LINE('',#603,#12421);
#12419=LINE('',#607,#12422);
#12420=VECTOR('',#12423,1.0);
#12421=VECTOR('',#12424,1.0);
#12422=VECTOR('',#12425,1.0);
#12423=DIRECTION('',(0,0.5341124994365796,0.8454134124471944));
#12424=DIRECTION('',(0.9991447493316168,-0.0220852120260538,-0.03495730671583537));
#12425=DIRECTION('',(-1,0,0));
#12426=STYLED_ITEM('',(#25),#12427);
#12427=FACE_SURFACE('',(#12432),#12428,.T.);
#12428=PLANE('',#12429);
#12429=AXIS2_PLACEMENT_3D('',#697,#12430,#12431);
#12430=DIRECTION('',(-0.00019433880286037243,0.8476553746573454,-0.5305471968137663));
#12431=DIRECTION('',(0,0.5305472068325059,0.8476553906642879));
#12432=FACE_BOUND('',#12433,.T.);
#12433=EDGE_LOOP('',(#12434,#12435,#12436));
#12434=ORIENTED_EDGE('',*,*,#12437,.T.);
#12435=ORIENTED_EDGE('',*,*,#12438,.T.);
#12436=ORIENTED_EDGE('',*,*,#12439,.T.);
#12437=EDGE_CURVE('',#698,#600,#12440,.F.);
#12438=EDGE_CURVE('',#600,#604,#12441,.T.);
#12439=EDGE_CURVE('',#604,#698,#12442,.T.);
#12440=LINE('',#697,#12443);
#12441=LINE('',#599,#12444);
#12442=LINE('',#603,#12445);
#12443=VECTOR('',#12446,1.0);
#12444=VECTOR('',#12447,1.0);
#12445=VECTOR('',#12448,1.0);
#12446=DIRECTION('',(0,0.5305472068325059,0.8476553906642879));
#12447=DIRECTION('',(0.9991216508411908,-0.022067107386064103,-0.035622599455762516));
#12448=DIRECTION('',(-0.999184677901231,-0.02158413474928332,-0.03411897675104055));
#12449=STYLED_ITEM('',(#25),#12450);
#12450=FACE_SURFACE('',(#12455),#12451,.T.);
#12451=PLANE('',#12452);
#12452=AXIS2_PLACEMENT_3D('',#693,#12453,#12454);
#12453=DIRECTION('',(0,0.8113554477070257,-0.5845531092006369));
#12454=DIRECTION('',(1,0,0));
#12455=FACE_BOUND('',#12456,.T.);
#12456=EDGE_LOOP('',(#12457,#12458,#12459));
#12457=ORIENTED_EDGE('',*,*,#12460,.T.);
#12458=ORIENTED_EDGE('',*,*,#12461,.T.);
#12459=ORIENTED_EDGE('',*,*,#12462,.T.);
#12460=EDGE_CURVE('',#694,#630,#12463,.F.);
#12461=EDGE_CURVE('',#630,#632,#12464,.T.);
#12462=EDGE_CURVE('',#632,#694,#12465,.T.);
#12463=LINE('',#693,#12466);
#12464=LINE('',#629,#12467);
#12465=LINE('',#631,#12468);
#12466=VECTOR('',#12469,1.0);
#12467=VECTOR('',#12470,1.0);
#12468=VECTOR('',#12471,1.0);
#12469=DIRECTION('',(1,0,0));
#12470=DIRECTION('',(0,-0.584553109200637,-0.8113554477070258));
#12471=DIRECTION('',(-0.99917265507202,0.023773462020832848,0.03299739171319387));
#12472=STYLED_ITEM('',(#25),#12473);
#12473=FACE_SURFACE('',(#12478),#12474,.T.);
#12474=PLANE('',#12475);
#12475=AXIS2_PLACEMENT_3D('',#689,#12476,#12477);
#12476=DIRECTION('',(0,0.8113554477070257,-0.5845531092006369));
#12477=DIRECTION('',(0,0.584553109200637,0.8113554477070258));
#12478=FACE_BOUND('',#12479,.T.);
#12479=EDGE_LOOP('',(#12480,#12481,#12482));
#12480=ORIENTED_EDGE('',*,*,#12483,.T.);
#12481=ORIENTED_EDGE('',*,*,#12484,.T.);
#12482=ORIENTED_EDGE('',*,*,#12485,.T.);
#12483=EDGE_CURVE('',#690,#694,#12486,.F.);
#12484=EDGE_CURVE('',#694,#632,#12487,.T.);
#12485=EDGE_CURVE('',#632,#690,#12488,.T.);
#12486=LINE('',#689,#12489);
#12487=LINE('',#693,#12490);
#12488=LINE('',#631,#12491);
#12489=VECTOR('',#12492,1.0);
#12490=VECTOR('',#12493,1.0);
#12491=VECTOR('',#12494,1.0);
#12492=DIRECTION('',(0,0.584553109200637,0.8113554477070258));
#12493=DIRECTION('',(0.99917265507202,-0.023773462020832848,-0.03299739171319387));
#12494=DIRECTION('',(-1,0,0));
#12495=STYLED_ITEM('',(#25),#12496);
#12496=FACE_SURFACE('',(#12501),#12497,.T.);
#12497=PLANE('',#12498);
#12498=AXIS2_PLACEMENT_3D('',#623,#12499,#12500);
#12499=DIRECTION('',(0,0.8220187347150226,-0.5694604461922823));
#12500=DIRECTION('',(1,0,0));
#12501=FACE_BOUND('',#12502,.T.);
#12502=EDGE_LOOP('',(#12503,#12504,#12505));
#12503=ORIENTED_EDGE('',*,*,#12506,.T.);
#12504=ORIENTED_EDGE('',*,*,#12507,.T.);
#12505=ORIENTED_EDGE('',*,*,#12508,.T.);
#12506=EDGE_CURVE('',#624,#688,#12509,.F.);
#12507=EDGE_CURVE('',#688,#628,#12510,.T.);
#12508=EDGE_CURVE('',#628,#624,#12511,.T.);
#12509=LINE('',#623,#12512);
#12510=LINE('',#687,#12513);
#12511=LINE('',#627,#12514);
#12512=VECTOR('',#12515,1.0);
#12513=VECTOR('',#12516,1.0);
#12514=VECTOR('',#12517,1.0);
#12515=DIRECTION('',(1,0,0));
#12516=DIRECTION('',(0,-0.5694604461922823,-0.8220187347150226));
#12517=DIRECTION('',(-0.9991632236033088,0.023291228802914794,0.03362099432638275));
#12518=STYLED_ITEM('',(#25),#12519);
#12519=FACE_SURFACE('',(#12524),#12520,.T.);
#12520=PLANE('',#12521);
#12521=AXIS2_PLACEMENT_3D('',#699,#12522,#12523);
#12522=DIRECTION('',(0,0.841090635427252,-0.5408942068432434));
#12523=DIRECTION('',(1,0,0));
#12524=FACE_BOUND('',#12525,.T.);
#12525=EDGE_LOOP('',(#12526,#12527,#12528));
#12526=ORIENTED_EDGE('',*,*,#12529,.T.);
#12527=ORIENTED_EDGE('',*,*,#12530,.T.);
#12528=ORIENTED_EDGE('',*,*,#12531,.T.);
#12529=EDGE_CURVE('',#700,#608,#12532,.F.);
#12530=EDGE_CURVE('',#608,#610,#12533,.T.);
#12531=EDGE_CURVE('',#610,#700,#12534,.T.);
#12532=LINE('',#699,#12535);
#12533=LINE('',#607,#12536);
#12534=LINE('',#609,#12537);
#12535=VECTOR('',#12538,1.0);
#12536=VECTOR('',#12539,1.0);
#12537=VECTOR('',#12540,1.0);
#12538=DIRECTION('',(1,0,0));
#12539=DIRECTION('',(0,-0.5408942068432434,-0.8410906354272519));
#12540=DIRECTION('',(-0.9991680677258088,0.022058753598556212,0.034301367709637515));
#12541=STYLED_ITEM('',(#25),#12542);
#12542=FACE_SURFACE('',(#12547),#12543,.T.);
#12543=PLANE('',#12544);
#12544=AXIS2_PLACEMENT_3D('',#615,#12545,#12546);
#12545=DIRECTION('',(0,0.8365975294899848,-0.5478180114337736));
#12546=DIRECTION('',(0,0.5478180114337736,0.8365975294899848));
#12547=FACE_BOUND('',#12548,.T.);
#12548=EDGE_LOOP('',(#12549,#12550,#12551));
#12549=ORIENTED_EDGE('',*,*,#12552,.T.);
#12550=ORIENTED_EDGE('',*,*,#12553,.T.);
#12551=ORIENTED_EDGE('',*,*,#12554,.T.);
#12552=EDGE_CURVE('',#616,#696,#12555,.F.);
#12553=EDGE_CURVE('',#696,#612,#12556,.T.);
#12554=EDGE_CURVE('',#612,#616,#12557,.T.);
#12555=LINE('',#615,#12558);
#12556=LINE('',#695,#12559);
#12557=LINE('',#611,#12560);
#12558=VECTOR('',#12561,1.0);
#12559=VECTOR('',#12562,1.0);
#12560=VECTOR('',#12563,1.0);
#12561=DIRECTION('',(0,0.5478180114337736,0.8365975294899848));
#12562=DIRECTION('',(0.9991907466667592,-0.022034625418296313,-0.0336500677294953));
#12563=DIRECTION('',(-1,0,0));
#12564=STYLED_ITEM('',(#25),#12565);
#12565=FACE_SURFACE('',(#12570),#12566,.T.);
#12566=PLANE('',#12567);
#12567=AXIS2_PLACEMENT_3D('',#611,#12568,#12569);
#12568=DIRECTION('',(0,0.8365975294899848,-0.5478180114337736));
#12569=DIRECTION('',(-0.9991907466667592,0.022034625418296313,0.0336500677294953));
#12570=FACE_BOUND('',#12571,.T.);
#12571=EDGE_LOOP('',(#12572,#12573,#12574));
#12572=ORIENTED_EDGE('',*,*,#12575,.T.);
#12573=ORIENTED_EDGE('',*,*,#12576,.T.);
#12574=ORIENTED_EDGE('',*,*,#12577,.T.);
#12575=EDGE_CURVE('',#612,#696,#12578,.F.);
#12576=EDGE_CURVE('',#696,#610,#12579,.T.);
#12577=EDGE_CURVE('',#610,#612,#12580,.T.);
#12578=LINE('',#611,#12581);
#12579=LINE('',#695,#12582);
#12580=LINE('',#609,#12583);
#12581=VECTOR('',#12584,1.0);
#12582=VECTOR('',#12585,1.0);
#12583=VECTOR('',#12586,1.0);
#12584=DIRECTION('',(-0.9991907466667592,0.022034625418296313,0.0336500677294953));
#12585=DIRECTION('',(1,0,0));
#12586=DIRECTION('',(0,-0.5478180114337736,-0.8365975294899848));
#12587=STYLED_ITEM('',(#25),#12588);
#12588=FACE_SURFACE('',(#12593),#12589,.T.);
#12589=PLANE('',#12590);
#12590=AXIS2_PLACEMENT_3D('',#695,#12591,#12592);
#12591=DIRECTION('',(0,0.841090635427252,-0.5408942068432434));
#12592=DIRECTION('',(0,0.5408942068432434,0.8410906354272519));
#12593=FACE_BOUND('',#12594,.T.);
#12594=EDGE_LOOP('',(#12595,#12596,#12597));
#12595=ORIENTED_EDGE('',*,*,#12598,.T.);
#12596=ORIENTED_EDGE('',*,*,#12599,.T.);
#12597=ORIENTED_EDGE('',*,*,#12600,.T.);
#12598=EDGE_CURVE('',#696,#700,#12601,.F.);
#12599=EDGE_CURVE('',#700,#610,#12602,.T.);
#12600=EDGE_CURVE('',#610,#696,#12603,.T.);
#12601=LINE('',#695,#12604);
#12602=LINE('',#699,#12605);
#12603=LINE('',#609,#12606);
#12604=VECTOR('',#12607,1.0);
#12605=VECTOR('',#12608,1.0);
#12606=VECTOR('',#12609,1.0);
#12607=DIRECTION('',(0,0.5408942068432434,0.8410906354272519));
#12608=DIRECTION('',(0.9991680677258088,-0.022058753598556212,-0.034301367709637515));
#12609=DIRECTION('',(-1,0,0));
#12610=STYLED_ITEM('',(#25),#12611);
#12611=FACE_SURFACE('',(#12616),#12612,.T.);
#12612=PLANE('',#12613);
#12613=AXIS2_PLACEMENT_3D('',#601,#12614,#12615);
#12614=DIRECTION('',(0,0.8557105677713953,-0.5174547557075461));
#12615=DIRECTION('',(0,0.5174547557075461,0.8557105677713954));
#12616=FACE_BOUND('',#12617,.T.);
#12617=EDGE_LOOP('',(#12618,#12619,#12620));
#12618=ORIENTED_EDGE('',*,*,#12621,.T.);
#12619=ORIENTED_EDGE('',*,*,#12622,.T.);
#12620=ORIENTED_EDGE('',*,*,#12623,.T.);
#12621=EDGE_CURVE('',#602,#598,#12624,.F.);
#12622=EDGE_CURVE('',#598,#686,#12625,.T.);
#12623=EDGE_CURVE('',#686,#602,#12626,.T.);
#12624=LINE('',#601,#12627);
#12625=LINE('',#597,#12628);
#12626=LINE('',#685,#12629);
#12627=VECTOR('',#12630,1.0);
#12628=VECTOR('',#12631,1.0);
#12629=VECTOR('',#12632,1.0);
#12630=DIRECTION('',(0,0.5174547557075461,0.8557105677713954));
#12631=DIRECTION('',(0.9966223925790477,-0.04249373806624954,-0.0702715364509096));
#12632=DIRECTION('',(-1,0,0));
#12633=STYLED_ITEM('',(#25),#12634);
#12634=FACE_SURFACE('',(#12639),#12635,.T.);
#12635=PLANE('',#12636);
#12636=AXIS2_PLACEMENT_3D('',#685,#12637,#12638);
#12637=DIRECTION('',(0,0.8557105677713953,-0.5174547557075461));
#12638=DIRECTION('',(-0.9966223925790477,0.04249373806624954,0.0702715364509096));
#12639=FACE_BOUND('',#12640,.T.);
#12640=EDGE_LOOP('',(#12641,#12642,#12643));
#12641=ORIENTED_EDGE('',*,*,#12644,.T.);
#12642=ORIENTED_EDGE('',*,*,#12645,.T.);
#12643=ORIENTED_EDGE('',*,*,#12646,.T.);
#12644=EDGE_CURVE('',#686,#598,#12647,.F.);
#12645=EDGE_CURVE('',#598,#684,#12648,.T.);
#12646=EDGE_CURVE('',#684,#686,#12649,.T.);
#12647=LINE('',#685,#12650);
#12648=LINE('',#597,#12651);
#12649=LINE('',#683,#12652);
#12650=VECTOR('',#12653,1.0);
#12651=VECTOR('',#12654,1.0);
#12652=VECTOR('',#12655,1.0);
#12653=DIRECTION('',(-0.9966223925790477,0.04249373806624954,0.0702715364509096));
#12654=DIRECTION('',(1,0,0));
#12655=DIRECTION('',(0,-0.5174547557075461,-0.8557105677713954));
#12656=STYLED_ITEM('',(#25),#12657);
#12657=FACE_SURFACE('',(#12662),#12658,.T.);
#12658=PLANE('',#12659);
#12659=AXIS2_PLACEMENT_3D('',#597,#12660,#12661);
#12660=DIRECTION('',(0,0.863234053126927,-0.5048038921423423));
#12661=DIRECTION('',(0,0.5048038921423424,0.8632340531269271));
#12662=FACE_BOUND('',#12663,.T.);
#12663=EDGE_LOOP('',(#12664,#12665,#12666));
#12664=ORIENTED_EDGE('',*,*,#12667,.T.);
#12665=ORIENTED_EDGE('',*,*,#12668,.T.);
#12666=ORIENTED_EDGE('',*,*,#12669,.T.);
#12667=EDGE_CURVE('',#598,#594,#12670,.F.);
#12668=EDGE_CURVE('',#594,#684,#12671,.T.);
#12669=EDGE_CURVE('',#684,#598,#12672,.T.);
#12670=LINE('',#597,#12673);
#12671=LINE('',#593,#12674);
#12672=LINE('',#683,#12675);
#12673=VECTOR('',#12676,1.0);
#12674=VECTOR('',#12677,1.0);
#12675=VECTOR('',#12678,1.0);
#12676=DIRECTION('',(0,0.5048038921423424,0.8632340531269271));
#12677=DIRECTION('',(0.9965814748006517,-0.04170475806728379,-0.07131673883954108));
#12678=DIRECTION('',(-1,0,0));
#12679=STYLED_ITEM('',(#25),#12680);
#12680=FACE_SURFACE('',(#12685),#12681,.T.);
#12681=PLANE('',#12682);
#12682=AXIS2_PLACEMENT_3D('',#683,#12683,#12684);
#12683=DIRECTION('',(0,0.863234053126927,-0.5048038921423423));
#12684=DIRECTION('',(-0.9965814748006517,0.04170475806728379,0.07131673883954108));
#12685=FACE_BOUND('',#12686,.T.);
#12686=EDGE_LOOP('',(#12687,#12688,#12689));
#12687=ORIENTED_EDGE('',*,*,#12690,.T.);
#12688=ORIENTED_EDGE('',*,*,#12691,.T.);
#12689=ORIENTED_EDGE('',*,*,#12692,.T.);
#12690=EDGE_CURVE('',#684,#594,#12693,.F.);
#12691=EDGE_CURVE('',#594,#682,#12694,.T.);
#12692=EDGE_CURVE('',#682,#684,#12695,.T.);
#12693=LINE('',#683,#12696);
#12694=LINE('',#593,#12697);
#12695=LINE('',#681,#12698);
#12696=VECTOR('',#12699,1.0);
#12697=VECTOR('',#12700,1.0);
#12698=VECTOR('',#12701,1.0);
#12699=DIRECTION('',(-0.9965814748006517,0.04170475806728379,0.07131673883954108));
#12700=DIRECTION('',(1,0,0));
#12701=DIRECTION('',(0,-0.5048038921423424,-0.8632340531269271));
#12702=STYLED_ITEM('',(#25),#12703);
#12703=FACE_SURFACE('',(#12708),#12704,.T.);
#12704=PLANE('',#12705);
#12705=AXIS2_PLACEMENT_3D('',#593,#12706,#12707);
#12706=DIRECTION('',(0,0.8702280192980731,-0.49264915957357786));
#12707=DIRECTION('',(0,0.4926491595735778,0.870228019298073));
#12708=FACE_BOUND('',#12709,.T.);
#12709=EDGE_LOOP('',(#12710,#12711,#12712));
#12710=ORIENTED_EDGE('',*,*,#12713,.T.);
#12711=ORIENTED_EDGE('',*,*,#12714,.T.);
#12712=ORIENTED_EDGE('',*,*,#12715,.T.);
#12713=EDGE_CURVE('',#594,#590,#12716,.F.);
#12714=EDGE_CURVE('',#590,#682,#12717,.T.);
#12715=EDGE_CURVE('',#682,#594,#12718,.T.);
#12716=LINE('',#593,#12719);
#12717=LINE('',#589,#12720);
#12718=LINE('',#681,#12721);
#12719=VECTOR('',#12722,1.0);
#12720=VECTOR('',#12723,1.0);
#12721=VECTOR('',#12724,1.0);
#12722=DIRECTION('',(0,0.4926491595735778,0.870228019298073));
#12723=DIRECTION('',(0.9966024666031977,-0.04057564340334979,-0.07167384964424853));
#12724=DIRECTION('',(-1,0,0));
#12725=STYLED_ITEM('',(#25),#12726);
#12726=FACE_SURFACE('',(#12731),#12727,.T.);
#12727=PLANE('',#12728);
#12728=AXIS2_PLACEMENT_3D('',#681,#12729,#12730);
#12729=DIRECTION('',(0,0.8702280192980731,-0.49264915957357786));
#12730=DIRECTION('',(-0.9966024666031977,0.04057564340334979,0.07167384964424853));
#12731=FACE_BOUND('',#12732,.T.);
#12732=EDGE_LOOP('',(#12733,#12734,#12735));
#12733=ORIENTED_EDGE('',*,*,#12736,.T.);
#12734=ORIENTED_EDGE('',*,*,#12737,.T.);
#12735=ORIENTED_EDGE('',*,*,#12738,.T.);
#12736=EDGE_CURVE('',#682,#590,#12739,.F.);
#12737=EDGE_CURVE('',#590,#680,#12740,.T.);
#12738=EDGE_CURVE('',#680,#682,#12741,.T.);
#12739=LINE('',#681,#12742);
#12740=LINE('',#589,#12743);
#12741=LINE('',#679,#12744);
#12742=VECTOR('',#12745,1.0);
#12743=VECTOR('',#12746,1.0);
#12744=VECTOR('',#12747,1.0);
#12745=DIRECTION('',(-0.9966024666031977,0.04057564340334979,0.07167384964424853));
#12746=DIRECTION('',(1,0,0));
#12747=DIRECTION('',(0,-0.4926491595735778,-0.870228019298073));
#12748=STYLED_ITEM('',(#25),#12749);
#12749=FACE_SURFACE('',(#12754),#12750,.T.);
#12750=PLANE('',#12751);
#12751=AXIS2_PLACEMENT_3D('',#589,#12752,#12753);
#12752=DIRECTION('',(0,0.8767135229650561,-0.4810128882371033));
#12753=DIRECTION('',(0,0.48101288823710325,0.8767135229650561));
#12754=FACE_BOUND('',#12755,.T.);
#12755=EDGE_LOOP('',(#12756,#12757,#12758));
#12756=ORIENTED_EDGE('',*,*,#12759,.T.);
#12757=ORIENTED_EDGE('',*,*,#12760,.T.);
#12758=ORIENTED_EDGE('',*,*,#12761,.T.);
#12759=EDGE_CURVE('',#590,#586,#12762,.F.);
#12760=EDGE_CURVE('',#586,#680,#12763,.T.);
#12761=EDGE_CURVE('',#680,#590,#12764,.T.);
#12762=LINE('',#589,#12765);
#12763=LINE('',#585,#12766);
#12764=LINE('',#679,#12767);
#12765=VECTOR('',#12768,1.0);
#12766=VECTOR('',#12769,1.0);
#12767=VECTOR('',#12770,1.0);
#12768=DIRECTION('',(0,0.48101288823710325,0.8767135229650561));
#12769=DIRECTION('',(0.9965740030835315,-0.03978257615881219,-0.07250933051844899));
#12770=DIRECTION('',(-1,0,0));
#12771=STYLED_ITEM('',(#25),#12772);
#12772=FACE_SURFACE('',(#12777),#12773,.T.);
#12773=PLANE('',#12774);
#12774=AXIS2_PLACEMENT_3D('',#679,#12775,#12776);
#12775=DIRECTION('',(0,0.8767135229650561,-0.4810128882371033));
#12776=DIRECTION('',(-0.9965740030835315,0.03978257615881219,0.07250933051844899));
#12777=FACE_BOUND('',#12778,.T.);
#12778=EDGE_LOOP('',(#12779,#12780,#12781));
#12779=ORIENTED_EDGE('',*,*,#12782,.T.);
#12780=ORIENTED_EDGE('',*,*,#12783,.T.);
#12781=ORIENTED_EDGE('',*,*,#12784,.T.);
#12782=EDGE_CURVE('',#680,#586,#12785,.F.);
#12783=EDGE_CURVE('',#586,#678,#12786,.T.);
#12784=EDGE_CURVE('',#678,#680,#12787,.T.);
#12785=LINE('',#679,#12788);
#12786=LINE('',#585,#12789);
#12787=LINE('',#677,#12790);
#12788=VECTOR('',#12791,1.0);
#12789=VECTOR('',#12792,1.0);
#12790=VECTOR('',#12793,1.0);
#12791=DIRECTION('',(-0.9965740030835315,0.03978257615881219,0.07250933051844899));
#12792=DIRECTION('',(1,0,0));
#12793=DIRECTION('',(0,-0.48101288823710325,-0.8767135229650561));
#12794=STYLED_ITEM('',(#25),#12795);
#12795=FACE_SURFACE('',(#12800),#12796,.T.);
#12796=PLANE('',#12797);
#12797=AXIS2_PLACEMENT_3D('',#585,#12798,#12799);
#12798=DIRECTION('',(0,0.8827724318938102,-0.4698008444950779));
#12799=DIRECTION('',(0,0.4698008444950779,0.8827724318938102));
#12800=FACE_BOUND('',#12801,.T.);
#12801=EDGE_LOOP('',(#12802,#12803,#12804));
#12802=ORIENTED_EDGE('',*,*,#12805,.T.);
#12803=ORIENTED_EDGE('',*,*,#12806,.T.);
#12804=ORIENTED_EDGE('',*,*,#12807,.T.);
#12805=EDGE_CURVE('',#586,#582,#12808,.F.);
#12806=EDGE_CURVE('',#582,#678,#12809,.T.);
#12807=EDGE_CURVE('',#678,#586,#12810,.T.);
#12808=LINE('',#585,#12811);
#12809=LINE('',#581,#12812);
#12810=LINE('',#677,#12813);
#12811=VECTOR('',#12814,1.0);
#12812=VECTOR('',#12815,1.0);
#12813=VECTOR('',#12816,1.0);
#12814=DIRECTION('',(0,0.4698008444950779,0.8827724318938102));
#12815=DIRECTION('',(0.996608037735872,-0.03866212375958757,-0.07264750034690105));
#12816=DIRECTION('',(-1,0,0));
#12817=STYLED_ITEM('',(#25),#12818);
#12818=FACE_SURFACE('',(#12823),#12819,.T.);
#12819=PLANE('',#12820);
#12820=AXIS2_PLACEMENT_3D('',#677,#12821,#12822);
#12821=DIRECTION('',(0,0.8827724318938102,-0.4698008444950779));
#12822=DIRECTION('',(-0.996608037735872,0.03866212375958757,0.07264750034690105));
#12823=FACE_BOUND('',#12824,.T.);
#12824=EDGE_LOOP('',(#12825,#12826,#12827));
#12825=ORIENTED_EDGE('',*,*,#12828,.T.);
#12826=ORIENTED_EDGE('',*,*,#12829,.T.);
#12827=ORIENTED_EDGE('',*,*,#12830,.T.);
#12828=EDGE_CURVE('',#678,#582,#12831,.F.);
#12829=EDGE_CURVE('',#582,#676,#12832,.T.);
#12830=EDGE_CURVE('',#676,#678,#12833,.T.);
#12831=LINE('',#677,#12834);
#12832=LINE('',#581,#12835);
#12833=LINE('',#675,#12836);
#12834=VECTOR('',#12837,1.0);
#12835=VECTOR('',#12838,1.0);
#12836=VECTOR('',#12839,1.0);
#12837=DIRECTION('',(-0.996608037735872,0.03866212375958757,0.07264750034690105));
#12838=DIRECTION('',(1,0,0));
#12839=DIRECTION('',(0,-0.4698008444950779,-0.8827724318938102));
#12840=STYLED_ITEM('',(#25),#12841);
#12841=FACE_SURFACE('',(#12846),#12842,.T.);
#12842=PLANE('',#12843);
#12843=AXIS2_PLACEMENT_3D('',#581,#12844,#12845);
#12844=DIRECTION('',(0,0.8884216663809725,-0.45902825915716333));
#12845=DIRECTION('',(0,0.45902825915716333,0.8884216663809726));
#12846=FACE_BOUND('',#12847,.T.);
#12847=EDGE_LOOP('',(#12848,#12849,#12850));
#12848=ORIENTED_EDGE('',*,*,#12851,.T.);
#12849=ORIENTED_EDGE('',*,*,#12852,.T.);
#12850=ORIENTED_EDGE('',*,*,#12853,.T.);
#12851=EDGE_CURVE('',#582,#578,#12854,.F.);
#12852=EDGE_CURVE('',#578,#676,#12855,.T.);
#12853=EDGE_CURVE('',#676,#582,#12856,.T.);
#12854=LINE('',#581,#12857);
#12855=LINE('',#577,#12858);
#12856=LINE('',#675,#12859);
#12857=VECTOR('',#12860,1.0);
#12858=VECTOR('',#12861,1.0);
#12859=VECTOR('',#12862,1.0);
#12860=DIRECTION('',(0,0.45902825915716333,0.8884216663809726));
#12861=DIRECTION('',(0.9965913256817832,-0.03786838353822722,-0.07329198526460831));
#12862=DIRECTION('',(-1,0,0));
#12863=STYLED_ITEM('',(#25),#12864);
#12864=FACE_SURFACE('',(#12869),#12865,.T.);
#12865=PLANE('',#12866);
#12866=AXIS2_PLACEMENT_3D('',#675,#12867,#12868);
#12867=DIRECTION('',(0,0.8884216663809725,-0.45902825915716333));
#12868=DIRECTION('',(-0.9965913256817832,0.03786838353822722,0.07329198526460831));
#12869=FACE_BOUND('',#12870,.T.);
#12870=EDGE_LOOP('',(#12871,#12872,#12873));
#12871=ORIENTED_EDGE('',*,*,#12874,.T.);
#12872=ORIENTED_EDGE('',*,*,#12875,.T.);
#12873=ORIENTED_EDGE('',*,*,#12876,.T.);
#12874=EDGE_CURVE('',#676,#578,#12877,.F.);
#12875=EDGE_CURVE('',#578,#674,#12878,.T.);
#12876=EDGE_CURVE('',#674,#676,#12879,.T.);
#12877=LINE('',#675,#12880);
#12878=LINE('',#577,#12881);
#12879=LINE('',#673,#12882);
#12880=VECTOR('',#12883,1.0);
#12881=VECTOR('',#12884,1.0);
#12882=VECTOR('',#12885,1.0);
#12883=DIRECTION('',(-0.9965913256817832,0.03786838353822722,0.07329198526460831));
#12884=DIRECTION('',(1,0,0));
#12885=DIRECTION('',(0,-0.45902825915716333,-0.8884216663809726));
#12886=STYLED_ITEM('',(#25),#12887);
#12887=FACE_SURFACE('',(#12892),#12888,.T.);
#12888=PLANE('',#12889);
#12889=AXIS2_PLACEMENT_3D('',#577,#12890,#12891);
#12890=DIRECTION('',(0,0.8937119952780709,-0.44864113665165545));
#12891=DIRECTION('',(0,0.44864113665165545,0.893711995278071));
#12892=FACE_BOUND('',#12893,.T.);
#12893=EDGE_LOOP('',(#12894,#12895,#12896));
#12894=ORIENTED_EDGE('',*,*,#12897,.T.);
#12895=ORIENTED_EDGE('',*,*,#12898,.T.);
#12896=ORIENTED_EDGE('',*,*,#12899,.T.);
#12897=EDGE_CURVE('',#578,#574,#12900,.F.);
#12898=EDGE_CURVE('',#574,#674,#12901,.T.);
#12899=EDGE_CURVE('',#674,#578,#12902,.T.);
#12900=LINE('',#577,#12903);
#12901=LINE('',#573,#12904);
#12902=LINE('',#673,#12905);
#12903=VECTOR('',#12906,1.0);
#12904=VECTOR('',#12907,1.0);
#12905=VECTOR('',#12908,1.0);
#12906=DIRECTION('',(0,0.44864113665165545,0.893711995278071));
#12907=DIRECTION('',(0.9966394845199754,-0.03674953684433574,-0.07320662154125515));
#12908=DIRECTION('',(-1,0,0));
#12909=STYLED_ITEM('',(#25),#12910);
#12910=FACE_SURFACE('',(#12915),#12911,.T.);
#12911=PLANE('',#12912);
#12912=AXIS2_PLACEMENT_3D('',#673,#12913,#12914);
#12913=DIRECTION('',(0,0.8937119952780709,-0.44864113665165545));
#12914=DIRECTION('',(-0.9966394845199754,0.03674953684433574,0.07320662154125515));
#12915=FACE_BOUND('',#12916,.T.);
#12916=EDGE_LOOP('',(#12917,#12918,#12919));
#12917=ORIENTED_EDGE('',*,*,#12920,.T.);
#12918=ORIENTED_EDGE('',*,*,#12921,.T.);
#12919=ORIENTED_EDGE('',*,*,#12922,.T.);
#12920=EDGE_CURVE('',#674,#574,#12923,.F.);
#12921=EDGE_CURVE('',#574,#672,#12924,.T.);
#12922=EDGE_CURVE('',#672,#674,#12925,.T.);
#12923=LINE('',#673,#12926);
#12924=LINE('',#573,#12927);
#12925=LINE('',#671,#12928);
#12926=VECTOR('',#12929,1.0);
#12927=VECTOR('',#12930,1.0);
#12928=VECTOR('',#12931,1.0);
#12929=DIRECTION('',(-0.9966394845199754,0.03674953684433574,0.07320662154125515));
#12930=DIRECTION('',(1,0,0));
#12931=DIRECTION('',(0,-0.44864113665165545,-0.893711995278071));
#12932=STYLED_ITEM('',(#25),#12933);
#12933=FACE_SURFACE('',(#12938),#12934,.T.);
#12934=PLANE('',#12935);
#12935=AXIS2_PLACEMENT_3D('',#573,#12936,#12937);
#12936=DIRECTION('',(0,0.8986731015598176,-0.43861903348219833));
#12937=DIRECTION('',(0,0.43861903348219833,0.8986731015598175));
#12938=FACE_BOUND('',#12939,.T.);
#12939=EDGE_LOOP('',(#12940,#12941,#12942));
#12940=ORIENTED_EDGE('',*,*,#12943,.T.);
#12941=ORIENTED_EDGE('',*,*,#12944,.T.);
#12942=ORIENTED_EDGE('',*,*,#12945,.T.);
#12943=EDGE_CURVE('',#574,#570,#12946,.F.);
#12944=EDGE_CURVE('',#570,#672,#12947,.T.);
#12945=EDGE_CURVE('',#672,#574,#12948,.T.);
#12946=LINE('',#573,#12949);
#12947=LINE('',#569,#12950);
#12948=LINE('',#671,#12951);
#12949=VECTOR('',#12952,1.0);
#12950=VECTOR('',#12953,1.0);
#12951=VECTOR('',#12954,1.0);
#12952=DIRECTION('',(0,0.43861903348219833,0.8986731015598175));
#12953=DIRECTION('',(0.9966347421735817,-0.03595389592180109,-0.0736648359846318));
#12954=DIRECTION('',(-1,0,0));
#12955=STYLED_ITEM('',(#25),#12956);
#12956=FACE_SURFACE('',(#12961),#12957,.T.);
#12957=PLANE('',#12958);
#12958=AXIS2_PLACEMENT_3D('',#671,#12959,#12960);
#12959=DIRECTION('',(0,0.8986731015598176,-0.43861903348219833));
#12960=DIRECTION('',(-0.9966347421735817,0.03595389592180109,0.0736648359846318));
#12961=FACE_BOUND('',#12962,.T.);
#12962=EDGE_LOOP('',(#12963,#12964,#12965));
#12963=ORIENTED_EDGE('',*,*,#12966,.T.);
#12964=ORIENTED_EDGE('',*,*,#12967,.T.);
#12965=ORIENTED_EDGE('',*,*,#12968,.T.);
#12966=EDGE_CURVE('',#672,#570,#12969,.F.);
#12967=EDGE_CURVE('',#570,#670,#12970,.T.);
#12968=EDGE_CURVE('',#670,#672,#12971,.T.);
#12969=LINE('',#671,#12972);
#12970=LINE('',#569,#12973);
#12971=LINE('',#669,#12974);
#12972=VECTOR('',#12975,1.0);
#12973=VECTOR('',#12976,1.0);
#12974=VECTOR('',#12977,1.0);
#12975=DIRECTION('',(-0.9966347421735817,0.03595389592180109,0.0736648359846318));
#12976=DIRECTION('',(1,0,0));
#12977=DIRECTION('',(0,-0.43861903348219833,-0.8986731015598175));
#12978=STYLED_ITEM('',(#25),#12979);
#12979=FACE_SURFACE('',(#12984),#12980,.T.);
#12980=PLANE('',#12981);
#12981=AXIS2_PLACEMENT_3D('',#569,#12982,#12983);
#12982=DIRECTION('',(0,0.9033411442665435,-0.4289228101596039));
#12983=DIRECTION('',(0,0.42892281015960393,0.9033411442665437));
#12984=FACE_BOUND('',#12985,.T.);
#12985=EDGE_LOOP('',(#12986,#12987,#12988));
#12986=ORIENTED_EDGE('',*,*,#12989,.T.);
#12987=ORIENTED_EDGE('',*,*,#12990,.T.);
#12988=ORIENTED_EDGE('',*,*,#12991,.T.);
#12989=EDGE_CURVE('',#570,#566,#12992,.F.);
#12990=EDGE_CURVE('',#566,#670,#12993,.T.);
#12991=EDGE_CURVE('',#670,#570,#12994,.T.);
#12992=LINE('',#569,#12995);
#12993=LINE('',#565,#12996);
#12994=LINE('',#669,#12997);
#12995=VECTOR('',#12998,1.0);
#12996=VECTOR('',#12999,1.0);
#12997=VECTOR('',#13000,1.0);
#12998=DIRECTION('',(0,0.42892281015960393,0.9033411442665437));
#12999=DIRECTION('',(0.9966974093424246,-0.034830735389535766,-0.07335594101586843));
#13000=DIRECTION('',(-1,0,0));
#13001=STYLED_ITEM('',(#25),#13002);
#13002=FACE_SURFACE('',(#13007),#13003,.T.);
#13003=PLANE('',#13004);
#13004=AXIS2_PLACEMENT_3D('',#669,#13005,#13006);
#13005=DIRECTION('',(0,0.9033411442665435,-0.4289228101596039));
#13006=DIRECTION('',(-0.9966974093424246,0.034830735389535766,0.07335594101586843));
#13007=FACE_BOUND('',#13008,.T.);
#13008=EDGE_LOOP('',(#13009,#13010,#13011));
#13009=ORIENTED_EDGE('',*,*,#13012,.T.);
#13010=ORIENTED_EDGE('',*,*,#13013,.T.);
#13011=ORIENTED_EDGE('',*,*,#13014,.T.);
#13012=EDGE_CURVE('',#670,#566,#13015,.F.);
#13013=EDGE_CURVE('',#566,#668,#13016,.T.);
#13014=EDGE_CURVE('',#668,#670,#13017,.T.);
#13015=LINE('',#669,#13018);
#13016=LINE('',#565,#13019);
#13017=LINE('',#667,#13020);
#13018=VECTOR('',#13021,1.0);
#13019=VECTOR('',#13022,1.0);
#13020=VECTOR('',#13023,1.0);
#13021=DIRECTION('',(-0.9966974093424246,0.034830735389535766,0.07335594101586843));
#13022=DIRECTION('',(1,0,0));
#13023=DIRECTION('',(0,-0.42892281015960393,-0.9033411442665437));
#13024=STYLED_ITEM('',(#25),#13025);
#13025=FACE_SURFACE('',(#13030),#13026,.T.);
#13026=PLANE('',#13027);
#13027=AXIS2_PLACEMENT_3D('',#565,#13028,#13029);
#13028=DIRECTION('',(0,0.9077190567394483,-0.4195784956739875));
#13029=DIRECTION('',(0,0.4195784956739874,0.9077190567394483));
#13030=FACE_BOUND('',#13031,.T.);
#13031=EDGE_LOOP('',(#13032,#13033,#13034));
#13032=ORIENTED_EDGE('',*,*,#13035,.T.);
#13033=ORIENTED_EDGE('',*,*,#13036,.T.);
#13034=ORIENTED_EDGE('',*,*,#13037,.T.);
#13035=EDGE_CURVE('',#566,#562,#13038,.F.);
#13036=EDGE_CURVE('',#562,#668,#13039,.T.);
#13037=EDGE_CURVE('',#668,#566,#13040,.T.);
#13038=LINE('',#565,#13041);
#13039=LINE('',#561,#13042);
#13040=LINE('',#667,#13043);
#13041=VECTOR('',#13044,1.0);
#13042=VECTOR('',#13045,1.0);
#13043=VECTOR('',#13046,1.0);
#13044=DIRECTION('',(0,0.4195784956739874,0.9077190567394483));
#13045=DIRECTION('',(0.9967044869343173,-0.0340354610013288,-0.07363255475281458));
#13046=DIRECTION('',(-1,0,0));
#13047=STYLED_ITEM('',(#25),#13048);
#13048=FACE_SURFACE('',(#13053),#13049,.T.);
#13049=PLANE('',#13050);
#13050=AXIS2_PLACEMENT_3D('',#667,#13051,#13052);
#13051=DIRECTION('',(0,0.9077190567394483,-0.4195784956739875));
#13052=DIRECTION('',(-0.9967044869343173,0.0340354610013288,0.07363255475281458));
#13053=FACE_BOUND('',#13054,.T.);
#13054=EDGE_LOOP('',(#13055,#13056,#13057));
#13055=ORIENTED_EDGE('',*,*,#13058,.T.);
#13056=ORIENTED_EDGE('',*,*,#13059,.T.);
#13057=ORIENTED_EDGE('',*,*,#13060,.T.);
#13058=EDGE_CURVE('',#668,#562,#13061,.F.);
#13059=EDGE_CURVE('',#562,#666,#13062,.T.);
#13060=EDGE_CURVE('',#666,#668,#13063,.T.);
#13061=LINE('',#667,#13064);
#13062=LINE('',#561,#13065);
#13063=LINE('',#665,#13066);
#13064=VECTOR('',#13067,1.0);
#13065=VECTOR('',#13068,1.0);
#13066=VECTOR('',#13069,1.0);
#13067=DIRECTION('',(-0.9967044869343173,0.0340354610013288,0.07363255475281458));
#13068=DIRECTION('',(1,0,0));
#13069=DIRECTION('',(0,-0.4195784956739874,-0.9077190567394483));
#13070=STYLED_ITEM('',(#25),#13071);
#13071=FACE_SURFACE('',(#13076),#13072,.T.);
#13072=PLANE('',#13073);
#13073=AXIS2_PLACEMENT_3D('',#561,#13074,#13075);
#13074=DIRECTION('',(0,0.9118604470411392,-0.41050033510575085));
#13075=DIRECTION('',(0,0.4105003351057509,0.9118604470411393));
#13076=FACE_BOUND('',#13077,.T.);
#13077=EDGE_LOOP('',(#13078,#13079,#13080));
#13078=ORIENTED_EDGE('',*,*,#13081,.T.);
#13079=ORIENTED_EDGE('',*,*,#13082,.T.);
#13080=ORIENTED_EDGE('',*,*,#13083,.T.);
#13081=EDGE_CURVE('',#562,#558,#13084,.F.);
#13082=EDGE_CURVE('',#558,#666,#13085,.T.);
#13083=EDGE_CURVE('',#666,#562,#13086,.T.);
#13084=LINE('',#561,#13087);
#13085=LINE('',#557,#13088);
#13086=LINE('',#665,#13089);
#13087=VECTOR('',#13090,1.0);
#13088=VECTOR('',#13091,1.0);
#13089=VECTOR('',#13092,1.0);
#13090=DIRECTION('',(0,0.4105003351057509,0.9118604470411393));
#13091=DIRECTION('',(0.9967688141238221,-0.03297299369043401,-0.07324420029790762));
#13092=DIRECTION('',(-1,0,0));
#13093=STYLED_ITEM('',(#25),#13094);
#13094=FACE_SURFACE('',(#13099),#13095,.T.);
#13095=PLANE('',#13096);
#13096=AXIS2_PLACEMENT_3D('',#665,#13097,#13098);
#13097=DIRECTION('',(0,0.9118604470411392,-0.41050033510575085));
#13098=DIRECTION('',(-0.9967688141238221,0.03297299369043401,0.07324420029790762));
#13099=FACE_BOUND('',#13100,.T.);
#13100=EDGE_LOOP('',(#13101,#13102,#13103));
#13101=ORIENTED_EDGE('',*,*,#13104,.T.);
#13102=ORIENTED_EDGE('',*,*,#13105,.T.);
#13103=ORIENTED_EDGE('',*,*,#13106,.T.);
#13104=EDGE_CURVE('',#666,#558,#13107,.F.);
#13105=EDGE_CURVE('',#558,#664,#13108,.T.);
#13106=EDGE_CURVE('',#664,#666,#13109,.T.);
#13107=LINE('',#665,#13110);
#13108=LINE('',#557,#13111);
#13109=LINE('',#663,#13112);
#13110=VECTOR('',#13113,1.0);
#13111=VECTOR('',#13114,1.0);
#13112=VECTOR('',#13115,1.0);
#13113=DIRECTION('',(-0.9967688141238221,0.03297299369043401,0.07324420029790762));
#13114=DIRECTION('',(1,0,0));
#13115=DIRECTION('',(0,-0.4105003351057509,-0.9118604470411393));
#13116=STYLED_ITEM('',(#25),#13117);
#13117=FACE_SURFACE('',(#13122),#13118,.T.);
#13118=PLANE('',#13119);
#13119=AXIS2_PLACEMENT_3D('',#557,#13120,#13121);
#13120=DIRECTION('',(0,0.9157693546157551,-0.4017044798687754));
#13121=DIRECTION('',(0,0.40170447986877533,0.915769354615755));
#13122=FACE_BOUND('',#13123,.T.);
#13123=EDGE_LOOP('',(#13124,#13125,#13126));
#13124=ORIENTED_EDGE('',*,*,#13127,.T.);
#13125=ORIENTED_EDGE('',*,*,#13128,.T.);
#13126=ORIENTED_EDGE('',*,*,#13129,.T.);
#13127=EDGE_CURVE('',#558,#552,#13130,.F.);
#13128=EDGE_CURVE('',#552,#664,#13131,.T.);
#13129=EDGE_CURVE('',#664,#558,#13132,.T.);
#13130=LINE('',#557,#13133);
#13131=LINE('',#551,#13134);
#13132=LINE('',#663,#13135);
#13133=VECTOR('',#13136,1.0);
#13134=VECTOR('',#13137,1.0);
#13135=VECTOR('',#13138,1.0);
#13136=DIRECTION('',(0,0.40170447986877533,0.915769354615755));
#13137=DIRECTION('',(0.9967872375364069,-0.0321745054183387,-0.07334851249769055));
#13138=DIRECTION('',(-1,0,0));
#13139=STYLED_ITEM('',(#25),#13140);
#13140=FACE_SURFACE('',(#13145),#13141,.T.);
#13141=PLANE('',#13142);
#13142=AXIS2_PLACEMENT_3D('',#663,#13143,#13144);
#13143=DIRECTION('',(0,0.9157693546157551,-0.4017044798687754));
#13144=DIRECTION('',(-0.9967872375364069,0.0321745054183387,0.07334851249769055));
#13145=FACE_BOUND('',#13146,.T.);
#13146=EDGE_LOOP('',(#13147,#13148,#13149));
#13147=ORIENTED_EDGE('',*,*,#13150,.T.);
#13148=ORIENTED_EDGE('',*,*,#13151,.T.);
#13149=ORIENTED_EDGE('',*,*,#13152,.T.);
#13150=EDGE_CURVE('',#664,#552,#13153,.F.);
#13151=EDGE_CURVE('',#552,#662,#13154,.T.);
#13152=EDGE_CURVE('',#662,#664,#13155,.T.);
#13153=LINE('',#663,#13156);
#13154=LINE('',#551,#13157);
#13155=LINE('',#661,#13158);
#13156=VECTOR('',#13159,1.0);
#13157=VECTOR('',#13160,1.0);
#13158=VECTOR('',#13161,1.0);
#13159=DIRECTION('',(-0.9967872375364069,0.0321745054183387,0.07334851249769055));
#13160=DIRECTION('',(1,0,0));
#13161=DIRECTION('',(0,-0.40170447986877533,-0.915769354615755));
#13162=STYLED_ITEM('',(#25),#13163);
#13163=FACE_SURFACE('',(#13168),#13164,.T.);
#13164=PLANE('',#13165);
#13165=AXIS2_PLACEMENT_3D('',#551,#13166,#13167);
#13166=DIRECTION('',(0,0.9195116459945927,-0.39306275946763886));
#13167=DIRECTION('',(0,0.39306275946763886,0.9195116459945927));
#13168=FACE_BOUND('',#13169,.T.);
#13169=EDGE_LOOP('',(#13170,#13171,#13172));
#13170=ORIENTED_EDGE('',*,*,#13173,.T.);
#13171=ORIENTED_EDGE('',*,*,#13174,.T.);
#13172=ORIENTED_EDGE('',*,*,#13175,.T.);
#13173=EDGE_CURVE('',#552,#548,#13176,.F.);
#13174=EDGE_CURVE('',#548,#662,#13177,.T.);
#13175=EDGE_CURVE('',#662,#552,#13178,.T.);
#13176=LINE('',#551,#13179);
#13177=LINE('',#547,#13180);
#13178=LINE('',#661,#13181);
#13179=VECTOR('',#13182,1.0);
#13180=VECTOR('',#13183,1.0);
#13181=VECTOR('',#13184,1.0);
#13182=DIRECTION('',(0,0.39306275946763886,0.9195116459945927));
#13183=DIRECTION('',(0.9967178134729346,-0.031820124474922,-0.07443843082798401));
#13184=DIRECTION('',(-1,0,0));
#13185=STYLED_ITEM('',(#25),#13186);
#13186=FACE_SURFACE('',(#13191),#13187,.T.);
#13187=PLANE('',#13188);
#13188=AXIS2_PLACEMENT_3D('',#661,#13189,#13190);
#13189=DIRECTION('',(0,0.9195116459945927,-0.39306275946763886));
#13190=DIRECTION('',(-0.9967178134729346,0.031820124474922,0.07443843082798401));
#13191=FACE_BOUND('',#13192,.T.);
#13192=EDGE_LOOP('',(#13193,#13194,#13195));
#13193=ORIENTED_EDGE('',*,*,#13196,.T.);
#13194=ORIENTED_EDGE('',*,*,#13197,.T.);
#13195=ORIENTED_EDGE('',*,*,#13198,.T.);
#13196=EDGE_CURVE('',#662,#548,#13199,.F.);
#13197=EDGE_CURVE('',#548,#660,#13200,.T.);
#13198=EDGE_CURVE('',#660,#662,#13201,.T.);
#13199=LINE('',#661,#13202);
#13200=LINE('',#547,#13203);
#13201=LINE('',#659,#13204);
#13202=VECTOR('',#13205,1.0);
#13203=VECTOR('',#13206,1.0);
#13204=VECTOR('',#13207,1.0);
#13205=DIRECTION('',(-0.9967178134729346,0.031820124474922,0.07443843082798401));
#13206=DIRECTION('',(1,0,0));
#13207=DIRECTION('',(0,-0.39306275946763886,-0.9195116459945927));
#13208=STYLED_ITEM('',(#25),#13209);
#13209=FACE_SURFACE('',(#13214),#13210,.T.);
#13210=PLANE('',#13211);
#13211=AXIS2_PLACEMENT_3D('',#547,#13212,#13213);
#13212=DIRECTION('',(0,0.9230992607999196,-0.3845617696945993));
#13213=DIRECTION('',(0,0.3845617696945993,0.9230992607999196));
#13214=FACE_BOUND('',#13215,.T.);
#13215=EDGE_LOOP('',(#13216,#13217,#13218));
#13216=ORIENTED_EDGE('',*,*,#13219,.T.);
#13217=ORIENTED_EDGE('',*,*,#13220,.T.);
#13218=ORIENTED_EDGE('',*,*,#13221,.T.);
#13219=EDGE_CURVE('',#548,#544,#13222,.F.);
#13220=EDGE_CURVE('',#544,#660,#13223,.T.);
#13221=EDGE_CURVE('',#660,#548,#13224,.T.);
#13222=LINE('',#547,#13225);
#13223=LINE('',#543,#13226);
#13224=LINE('',#659,#13227);
#13225=VECTOR('',#13228,1.0);
#13226=VECTOR('',#13229,1.0);
#13227=VECTOR('',#13230,1.0);
#13228=DIRECTION('',(0,0.3845617696945993,0.9230992607999196));
#13229=DIRECTION('',(0.9967488543690306,-0.030984610524232608,-0.07437523260257195));
#13230=DIRECTION('',(-1,0,0));
#13231=STYLED_ITEM('',(#25),#13232);
#13232=FACE_SURFACE('',(#13237),#13233,.T.);
#13233=PLANE('',#13234);
#13234=AXIS2_PLACEMENT_3D('',#659,#13235,#13236);
#13235=DIRECTION('',(0,0.9230992607999196,-0.3845617696945993));
#13236=DIRECTION('',(-0.9967488543690306,0.030984610524232608,0.07437523260257195));
#13237=FACE_BOUND('',#13238,.T.);
#13238=EDGE_LOOP('',(#13239,#13240,#13241));
#13239=ORIENTED_EDGE('',*,*,#13242,.T.);
#13240=ORIENTED_EDGE('',*,*,#13243,.T.);
#13241=ORIENTED_EDGE('',*,*,#13244,.T.);
#13242=EDGE_CURVE('',#660,#544,#13245,.F.);
#13243=EDGE_CURVE('',#544,#658,#13246,.T.);
#13244=EDGE_CURVE('',#658,#660,#13247,.T.);
#13245=LINE('',#659,#13248);
#13246=LINE('',#543,#13249);
#13247=LINE('',#657,#13250);
#13248=VECTOR('',#13251,1.0);
#13249=VECTOR('',#13252,1.0);
#13250=VECTOR('',#13253,1.0);
#13251=DIRECTION('',(-0.9967488543690306,0.030984610524232608,0.07437523260257195));
#13252=DIRECTION('',(1,0,0));
#13253=DIRECTION('',(0,-0.3845617696945993,-0.9230992607999196));
#13254=STYLED_ITEM('',(#25),#13255);
#13255=FACE_SURFACE('',(#13260),#13256,.T.);
#13256=PLANE('',#13257);
#13257=AXIS2_PLACEMENT_3D('',#543,#13258,#13259);
#13258=DIRECTION('',(0,0.9265600935785152,-0.37614677054013534));
#13259=DIRECTION('',(0,0.37614677054013534,0.9265600935785152));
#13260=FACE_BOUND('',#13261,.T.);
#13261=EDGE_LOOP('',(#13262,#13263,#13264));
#13262=ORIENTED_EDGE('',*,*,#13265,.T.);
#13263=ORIENTED_EDGE('',*,*,#13266,.T.);
#13264=ORIENTED_EDGE('',*,*,#13267,.T.);
#13265=EDGE_CURVE('',#544,#540,#13268,.F.);
#13266=EDGE_CURVE('',#540,#658,#13269,.T.);
#13267=EDGE_CURVE('',#658,#544,#13270,.T.);
#13268=LINE('',#543,#13271);
#13269=LINE('',#539,#13272);
#13270=LINE('',#657,#13273);
#13271=VECTOR('',#13274,1.0);
#13272=VECTOR('',#13275,1.0);
#13273=VECTOR('',#13276,1.0);
#13274=DIRECTION('',(0,0.37614677054013534,0.9265600935785152));
#13275=DIRECTION('',(0.9966518528039093,-0.03075464948239227,-0.07575774440774909));
#13276=DIRECTION('',(-1,0,0));
#13277=STYLED_ITEM('',(#25),#13278);
#13278=FACE_SURFACE('',(#13283),#13279,.T.);
#13279=PLANE('',#13280);
#13280=AXIS2_PLACEMENT_3D('',#657,#13281,#13282);
#13281=DIRECTION('',(0,0.9265600935785152,-0.37614677054013534));
#13282=DIRECTION('',(-0.9966518528039093,0.03075464948239227,0.07575774440774909));
#13283=FACE_BOUND('',#13284,.T.);
#13284=EDGE_LOOP('',(#13285,#13286,#13287));
#13285=ORIENTED_EDGE('',*,*,#13288,.T.);
#13286=ORIENTED_EDGE('',*,*,#13289,.T.);
#13287=ORIENTED_EDGE('',*,*,#13290,.T.);
#13288=EDGE_CURVE('',#658,#540,#13291,.F.);
#13289=EDGE_CURVE('',#540,#656,#13292,.T.);
#13290=EDGE_CURVE('',#656,#658,#13293,.T.);
#13291=LINE('',#657,#13294);
#13292=LINE('',#539,#13295);
#13293=LINE('',#655,#13296);
#13294=VECTOR('',#13297,1.0);
#13295=VECTOR('',#13298,1.0);
#13296=VECTOR('',#13299,1.0);
#13297=DIRECTION('',(-0.9966518528039093,0.03075464948239227,0.07575774440774909));
#13298=DIRECTION('',(1,0,0));
#13299=DIRECTION('',(0,-0.37614677054013534,-0.9265600935785152));
#13300=STYLED_ITEM('',(#25),#13301);
#13301=FACE_SURFACE('',(#13306),#13302,.T.);
#13302=PLANE('',#13303);
#13303=AXIS2_PLACEMENT_3D('',#539,#13304,#13305);
#13304=DIRECTION('',(0,0.9299014857212952,-0.3678086824061224));
#13305=DIRECTION('',(0,0.36780868240612236,0.9299014857212952));
#13306=FACE_BOUND('',#13307,.T.);
#13307=EDGE_LOOP('',(#13308,#13309,#13310));
#13308=ORIENTED_EDGE('',*,*,#13311,.T.);
#13309=ORIENTED_EDGE('',*,*,#13312,.T.);
#13310=ORIENTED_EDGE('',*,*,#13313,.T.);
#13311=EDGE_CURVE('',#540,#536,#13314,.F.);
#13312=EDGE_CURVE('',#536,#656,#13315,.T.);
#13313=EDGE_CURVE('',#656,#540,#13316,.T.);
#13314=LINE('',#539,#13317);
#13315=LINE('',#535,#13318);
#13316=LINE('',#655,#13319);
#13317=VECTOR('',#13320,1.0);
#13318=VECTOR('',#13321,1.0);
#13319=VECTOR('',#13322,1.0);
#13320=DIRECTION('',(0,0.36780868240612236,0.9299014857212952));
#13321=DIRECTION('',(0.996697373112163,-0.029868117855279347,-0.07551319068280017));
#13322=DIRECTION('',(-1,0,0));
#13323=STYLED_ITEM('',(#25),#13324);
#13324=FACE_SURFACE('',(#13329),#13325,.T.);
#13325=PLANE('',#13326);
#13326=AXIS2_PLACEMENT_3D('',#655,#13327,#13328);
#13327=DIRECTION('',(0,0.9299014857212952,-0.3678086824061224));
#13328=DIRECTION('',(-0.996697373112163,0.029868117855279347,0.07551319068280017));
#13329=FACE_BOUND('',#13330,.T.);
#13330=EDGE_LOOP('',(#13331,#13332,#13333));
#13331=ORIENTED_EDGE('',*,*,#13334,.T.);
#13332=ORIENTED_EDGE('',*,*,#13335,.T.);
#13333=ORIENTED_EDGE('',*,*,#13336,.T.);
#13334=EDGE_CURVE('',#656,#536,#13337,.F.);
#13335=EDGE_CURVE('',#536,#654,#13338,.T.);
#13336=EDGE_CURVE('',#654,#656,#13339,.T.);
#13337=LINE('',#655,#13340);
#13338=LINE('',#535,#13341);
#13339=LINE('',#653,#13342);
#13340=VECTOR('',#13343,1.0);
#13341=VECTOR('',#13344,1.0);
#13342=VECTOR('',#13345,1.0);
#13343=DIRECTION('',(-0.996697373112163,0.029868117855279347,0.07551319068280017));
#13344=DIRECTION('',(1,0,0));
#13345=DIRECTION('',(0,-0.36780868240612236,-0.9299014857212952));
#13346=STYLED_ITEM('',(#25),#13347);
#13347=FACE_SURFACE('',(#13352),#13348,.T.);
#13348=PLANE('',#13349);
#13349=AXIS2_PLACEMENT_3D('',#535,#13350,#13351);
#13350=DIRECTION('',(0,0.9331221199960401,-0.35955960448039154));
#13351=DIRECTION('',(0,0.35955960448039154,0.9331221199960401));
#13352=FACE_BOUND('',#13353,.T.);
#13353=EDGE_LOOP('',(#13354,#13355,#13356));
#13354=ORIENTED_EDGE('',*,*,#13357,.T.);
#13355=ORIENTED_EDGE('',*,*,#13358,.T.);
#13356=ORIENTED_EDGE('',*,*,#13359,.T.);
#13357=EDGE_CURVE('',#536,#532,#13360,.F.);
#13358=EDGE_CURVE('',#532,#654,#13361,.T.);
#13359=EDGE_CURVE('',#654,#536,#13362,.T.);
#13360=LINE('',#535,#13363);
#13361=LINE('',#531,#13364);
#13362=LINE('',#653,#13365);
#13363=VECTOR('',#13366,1.0);
#13364=VECTOR('',#13367,1.0);
#13365=VECTOR('',#13368,1.0);
#13366=DIRECTION('',(0,0.35955960448039154,0.9331221199960401));
#13367=DIRECTION('',(0.9966140144097242,-0.029563816934646558,-0.07672344498514615));
#13368=DIRECTION('',(-1,0,0));
#13369=STYLED_ITEM('',(#25),#13370);
#13370=FACE_SURFACE('',(#13375),#13371,.T.);
#13371=PLANE('',#13372);
#13372=AXIS2_PLACEMENT_3D('',#653,#13373,#13374);
#13373=DIRECTION('',(0,0.9331221199960401,-0.35955960448039154));
#13374=DIRECTION('',(-0.9966140144097242,0.029563816934646558,0.07672344498514615));
#13375=FACE_BOUND('',#13376,.T.);
#13376=EDGE_LOOP('',(#13377,#13378,#13379));
#13377=ORIENTED_EDGE('',*,*,#13380,.T.);
#13378=ORIENTED_EDGE('',*,*,#13381,.T.);
#13379=ORIENTED_EDGE('',*,*,#13382,.T.);
#13380=EDGE_CURVE('',#654,#532,#13383,.F.);
#13381=EDGE_CURVE('',#532,#652,#13384,.T.);
#13382=EDGE_CURVE('',#652,#654,#13385,.T.);
#13383=LINE('',#653,#13386);
#13384=LINE('',#531,#13387);
#13385=LINE('',#651,#13388);
#13386=VECTOR('',#13389,1.0);
#13387=VECTOR('',#13390,1.0);
#13388=VECTOR('',#13391,1.0);
#13389=DIRECTION('',(-0.9966140144097242,0.029563816934646558,0.07672344498514615));
#13390=DIRECTION('',(1,0,0));
#13391=DIRECTION('',(0,-0.35955960448039154,-0.9331221199960401));
#13392=STYLED_ITEM('',(#25),#13393);
#13393=FACE_SURFACE('',(#13398),#13394,.T.);
#13394=PLANE('',#13395);
#13395=AXIS2_PLACEMENT_3D('',#531,#13396,#13397);
#13396=DIRECTION('',(0,0.9362323576930262,-0.3513815197311286));
#13397=DIRECTION('',(0,0.3513815197311285,0.9362323576930262));
#13398=FACE_BOUND('',#13399,.T.);
#13399=EDGE_LOOP('',(#13400,#13401,#13402));
#13400=ORIENTED_EDGE('',*,*,#13403,.T.);
#13401=ORIENTED_EDGE('',*,*,#13404,.T.);
#13402=ORIENTED_EDGE('',*,*,#13405,.T.);
#13403=EDGE_CURVE('',#532,#528,#13406,.F.);
#13404=EDGE_CURVE('',#528,#652,#13407,.T.);
#13405=EDGE_CURVE('',#652,#532,#13408,.T.);
#13406=LINE('',#531,#13409);
#13407=LINE('',#527,#13410);
#13408=LINE('',#651,#13411);
#13409=VECTOR('',#13412,1.0);
#13410=VECTOR('',#13413,1.0);
#13411=VECTOR('',#13414,1.0);
#13412=DIRECTION('',(0,0.3513815197311285,0.9362323576930262));
#13413=DIRECTION('',(0.9966762480285649,-0.028625102249158367,-0.07626965410258404));
#13414=DIRECTION('',(-1,0,0));
#13415=STYLED_ITEM('',(#25),#13416);
#13416=FACE_SURFACE('',(#13421),#13417,.T.);
#13417=PLANE('',#13418);
#13418=AXIS2_PLACEMENT_3D('',#651,#13419,#13420);
#13419=DIRECTION('',(0,0.9362323576930262,-0.3513815197311286));
#13420=DIRECTION('',(-0.9966762480285649,0.028625102249158367,0.07626965410258404));
#13421=FACE_BOUND('',#13422,.T.);
#13422=EDGE_LOOP('',(#13423,#13424,#13425));
#13423=ORIENTED_EDGE('',*,*,#13426,.T.);
#13424=ORIENTED_EDGE('',*,*,#13427,.T.);
#13425=ORIENTED_EDGE('',*,*,#13428,.T.);
#13426=EDGE_CURVE('',#652,#528,#13429,.F.);
#13427=EDGE_CURVE('',#528,#650,#13430,.T.);
#13428=EDGE_CURVE('',#650,#652,#13431,.T.);
#13429=LINE('',#651,#13432);
#13430=LINE('',#527,#13433);
#13431=LINE('',#649,#13434);
#13432=VECTOR('',#13435,1.0);
#13433=VECTOR('',#13436,1.0);
#13434=VECTOR('',#13437,1.0);
#13435=DIRECTION('',(-0.9966762480285649,0.028625102249158367,0.07626965410258404));
#13436=DIRECTION('',(1,0,0));
#13437=DIRECTION('',(0,-0.3513815197311285,-0.9362323576930262));
#13438=STYLED_ITEM('',(#25),#13439);
#13439=FACE_SURFACE('',(#13444),#13440,.T.);
#13440=PLANE('',#13441);
#13441=AXIS2_PLACEMENT_3D('',#527,#13442,#13443);
#13442=DIRECTION('',(0,0.9392592563181769,-0.3432084635037796));
#13443=DIRECTION('',(0,0.3432084635037796,0.9392592563181769));
#13444=FACE_BOUND('',#13445,.T.);
#13445=EDGE_LOOP('',(#13446,#13447,#13448));
#13446=ORIENTED_EDGE('',*,*,#13449,.T.);
#13447=ORIENTED_EDGE('',*,*,#13450,.T.);
#13448=ORIENTED_EDGE('',*,*,#13451,.T.);
#13449=EDGE_CURVE('',#528,#524,#13452,.F.);
#13450=EDGE_CURVE('',#524,#650,#13453,.T.);
#13451=EDGE_CURVE('',#650,#528,#13454,.T.);
#13452=LINE('',#527,#13455);
#13453=LINE('',#523,#13456);
#13454=LINE('',#649,#13457);
#13455=VECTOR('',#13458,1.0);
#13456=VECTOR('',#13459,1.0);
#13457=VECTOR('',#13460,1.0);
#13458=DIRECTION('',(0,0.3432084635037796,0.9392592563181769));
#13459=DIRECTION('',(0.9966412469267416,-0.02810587087620884,-0.07691739040424889));
#13460=DIRECTION('',(-1,0,0));
#13461=STYLED_ITEM('',(#25),#13462);
#13462=FACE_SURFACE('',(#13467),#13463,.T.);
#13463=PLANE('',#13464);
#13464=AXIS2_PLACEMENT_3D('',#649,#13465,#13466);
#13465=DIRECTION('',(0,0.9392592563181769,-0.3432084635037796));
#13466=DIRECTION('',(-0.9966412469267416,0.02810587087620884,0.07691739040424889));
#13467=FACE_BOUND('',#13468,.T.);
#13468=EDGE_LOOP('',(#13469,#13470,#13471));
#13469=ORIENTED_EDGE('',*,*,#13472,.T.);
#13470=ORIENTED_EDGE('',*,*,#13473,.T.);
#13471=ORIENTED_EDGE('',*,*,#13474,.T.);
#13472=EDGE_CURVE('',#650,#524,#13475,.F.);
#13473=EDGE_CURVE('',#524,#648,#13476,.T.);
#13474=EDGE_CURVE('',#648,#650,#13477,.T.);
#13475=LINE('',#649,#13478);
#13476=LINE('',#523,#13479);
#13477=LINE('',#647,#13480);
#13478=VECTOR('',#13481,1.0);
#13479=VECTOR('',#13482,1.0);
#13480=VECTOR('',#13483,1.0);
#13481=DIRECTION('',(-0.9966412469267416,0.02810587087620884,0.07691739040424889));
#13482=DIRECTION('',(1,0,0));
#13483=DIRECTION('',(0,-0.3432084635037796,-0.9392592563181769));
#13484=STYLED_ITEM('',(#25),#13485);
#13485=FACE_SURFACE('',(#13490),#13486,.T.);
#13486=PLANE('',#13487);
#13487=AXIS2_PLACEMENT_3D('',#523,#13488,#13489);
#13488=DIRECTION('',(0,0.9421876013628647,-0.3350858454755908));
#13489=DIRECTION('',(0,0.3350858454755908,0.9421876013628648));
#13490=FACE_BOUND('',#13491,.T.);
#13491=EDGE_LOOP('',(#13492,#13493,#13494));
#13492=ORIENTED_EDGE('',*,*,#13495,.T.);
#13493=ORIENTED_EDGE('',*,*,#13496,.T.);
#13494=ORIENTED_EDGE('',*,*,#13497,.T.);
#13495=EDGE_CURVE('',#524,#520,#13498,.F.);
#13496=EDGE_CURVE('',#520,#648,#13499,.T.);
#13497=EDGE_CURVE('',#648,#524,#13500,.T.);
#13498=LINE('',#523,#13501);
#13499=LINE('',#519,#13502);
#13500=LINE('',#647,#13503);
#13501=VECTOR('',#13504,1.0);
#13502=VECTOR('',#13505,1.0);
#13503=VECTOR('',#13506,1.0);
#13504=DIRECTION('',(0,0.3350858454755908,0.9421876013628648));
#13505=DIRECTION('',(0.9966490448097914,-0.02740887817370302,-0.0770677291542277));
#13506=DIRECTION('',(-1,0,0));
#13507=STYLED_ITEM('',(#25),#13508);
#13508=FACE_SURFACE('',(#13513),#13509,.T.);
#13509=PLANE('',#13510);
#13510=AXIS2_PLACEMENT_3D('',#647,#13511,#13512);
#13511=DIRECTION('',(0,0.9421876013628647,-0.3350858454755908));
#13512=DIRECTION('',(-0.9966490448097914,0.02740887817370302,0.0770677291542277));
#13513=FACE_BOUND('',#13514,.T.);
#13514=EDGE_LOOP('',(#13515,#13516,#13517));
#13515=ORIENTED_EDGE('',*,*,#13518,.T.);
#13516=ORIENTED_EDGE('',*,*,#13519,.T.);
#13517=ORIENTED_EDGE('',*,*,#13520,.T.);
#13518=EDGE_CURVE('',#648,#520,#13521,.F.);
#13519=EDGE_CURVE('',#520,#646,#13522,.T.);
#13520=EDGE_CURVE('',#646,#648,#13523,.T.);
#13521=LINE('',#647,#13524);
#13522=LINE('',#519,#13525);
#13523=LINE('',#645,#13526);
#13524=VECTOR('',#13527,1.0);
#13525=VECTOR('',#13528,1.0);
#13526=VECTOR('',#13529,1.0);
#13527=DIRECTION('',(-0.9966490448097914,0.02740887817370302,0.0770677291542277));
#13528=DIRECTION('',(1,0,0));
#13529=DIRECTION('',(0,-0.3350858454755908,-0.9421876013628648));
#13530=STYLED_ITEM('',(#25),#13531);
#13531=FACE_SURFACE('',(#13536),#13532,.T.);
#13532=PLANE('',#13533);
#13533=AXIS2_PLACEMENT_3D('',#519,#13534,#13535);
#13534=DIRECTION('',(0,0.9450569396771734,-0.32690576741320326));
#13535=DIRECTION('',(0,0.3269057674132033,0.9450569396771735));
#13536=FACE_BOUND('',#13537,.T.);
#13537=EDGE_LOOP('',(#13538,#13539,#13540));
#13538=ORIENTED_EDGE('',*,*,#13541,.T.);
#13539=ORIENTED_EDGE('',*,*,#13542,.T.);
#13540=ORIENTED_EDGE('',*,*,#13543,.T.);
#13541=EDGE_CURVE('',#520,#516,#13544,.F.);
#13542=EDGE_CURVE('',#516,#646,#13545,.T.);
#13543=EDGE_CURVE('',#646,#520,#13546,.T.);
#13544=LINE('',#519,#13547);
#13545=LINE('',#515,#13548);
#13546=LINE('',#645,#13549);
#13547=VECTOR('',#13550,1.0);
#13548=VECTOR('',#13551,1.0);
#13549=VECTOR('',#13552,1.0);
#13550=DIRECTION('',(0,0.3269057674132033,0.9450569396771735));
#13551=DIRECTION('',(0.9966636240104119,-0.026681640550383905,-0.07713436738557143));
#13552=DIRECTION('',(-1,0,0));
#13553=STYLED_ITEM('',(#25),#13554);
#13554=FACE_SURFACE('',(#13559),#13555,.T.);
#13555=PLANE('',#13556);
#13556=AXIS2_PLACEMENT_3D('',#645,#13557,#13558);
#13557=DIRECTION('',(0,0.9450569396771734,-0.32690576741320326));
#13558=DIRECTION('',(-0.9966636240104119,0.026681640550383905,0.07713436738557143));
#13559=FACE_BOUND('',#13560,.T.);
#13560=EDGE_LOOP('',(#13561,#13562,#13563));
#13561=ORIENTED_EDGE('',*,*,#13564,.T.);
#13562=ORIENTED_EDGE('',*,*,#13565,.T.);
#13563=ORIENTED_EDGE('',*,*,#13566,.T.);
#13564=EDGE_CURVE('',#646,#516,#13567,.F.);
#13565=EDGE_CURVE('',#516,#644,#13568,.T.);
#13566=EDGE_CURVE('',#644,#646,#13569,.T.);
#13567=LINE('',#645,#13570);
#13568=LINE('',#515,#13571);
#13569=LINE('',#643,#13572);
#13570=VECTOR('',#13573,1.0);
#13571=VECTOR('',#13574,1.0);
#13572=VECTOR('',#13575,1.0);
#13573=DIRECTION('',(-0.9966636240104119,0.026681640550383905,0.07713436738557143));
#13574=DIRECTION('',(1,0,0));
#13575=DIRECTION('',(0,-0.3269057674132033,-0.9450569396771735));
#13576=STYLED_ITEM('',(#25),#13577);
#13577=FACE_SURFACE('',(#13582),#13578,.T.);
#13578=PLANE('',#13579);
#13579=AXIS2_PLACEMENT_3D('',#515,#13580,#13581);
#13580=DIRECTION('',(0,0.9478531205806356,-0.31870748627158263));
#13581=DIRECTION('',(0,0.31870748627158263,0.9478531205806358));
#13582=FACE_BOUND('',#13583,.T.);
#13583=EDGE_LOOP('',(#13584,#13585,#13586));
#13584=ORIENTED_EDGE('',*,*,#13587,.T.);
#13585=ORIENTED_EDGE('',*,*,#13588,.T.);
#13586=ORIENTED_EDGE('',*,*,#13589,.T.);
#13587=EDGE_CURVE('',#516,#512,#13590,.F.);
#13588=EDGE_CURVE('',#512,#644,#13591,.T.);
#13589=EDGE_CURVE('',#644,#516,#13592,.T.);
#13590=LINE('',#515,#13593);
#13591=LINE('',#511,#13594);
#13592=LINE('',#643,#13595);
#13593=VECTOR('',#13596,1.0);
#13594=VECTOR('',#13597,1.0);
#13595=VECTOR('',#13598,1.0);
#13596=DIRECTION('',(0,0.31870748627158263,0.9478531205806358));
#13597=DIRECTION('',(0.996685984428933,-0.025925337689830585,-0.07710334174727468));
#13598=DIRECTION('',(-1,0,0));
#13599=STYLED_ITEM('',(#25),#13600);
#13600=FACE_SURFACE('',(#13605),#13601,.T.);
#13601=PLANE('',#13602);
#13602=AXIS2_PLACEMENT_3D('',#643,#13603,#13604);
#13603=DIRECTION('',(0,0.9478531205806356,-0.31870748627158263));
#13604=DIRECTION('',(-0.996685984428933,0.025925337689830585,0.07710334174727468));
#13605=FACE_BOUND('',#13606,.T.);
#13606=EDGE_LOOP('',(#13607,#13608,#13609));
#13607=ORIENTED_EDGE('',*,*,#13610,.T.);
#13608=ORIENTED_EDGE('',*,*,#13611,.T.);
#13609=ORIENTED_EDGE('',*,*,#13612,.T.);
#13610=EDGE_CURVE('',#644,#512,#13613,.F.);
#13611=EDGE_CURVE('',#512,#642,#13614,.T.);
#13612=EDGE_CURVE('',#642,#644,#13615,.T.);
#13613=LINE('',#643,#13616);
#13614=LINE('',#511,#13617);
#13615=LINE('',#641,#13618);
#13616=VECTOR('',#13619,1.0);
#13617=VECTOR('',#13620,1.0);
#13618=VECTOR('',#13621,1.0);
#13619=DIRECTION('',(-0.996685984428933,0.025925337689830585,0.07710334174727468));
#13620=DIRECTION('',(1,0,0));
#13621=DIRECTION('',(0,-0.31870748627158263,-0.9478531205806358));
#13622=STYLED_ITEM('',(#25),#13623);
#13623=FACE_SURFACE('',(#13628),#13624,.T.);
#13624=PLANE('',#13625);
#13625=AXIS2_PLACEMENT_3D('',#511,#13626,#13627);
#13626=DIRECTION('',(0,0.9506004546910743,-0.31041709930531003));
#13627=DIRECTION('',(0,0.31041709930531003,0.9506004546910745));
#13628=FACE_BOUND('',#13629,.T.);
#13629=EDGE_LOOP('',(#13630,#13631,#13632));
#13630=ORIENTED_EDGE('',*,*,#13633,.T.);
#13631=ORIENTED_EDGE('',*,*,#13634,.T.);
#13632=ORIENTED_EDGE('',*,*,#13635,.T.);
#13633=EDGE_CURVE('',#512,#508,#13636,.F.);
#13634=EDGE_CURVE('',#508,#642,#13637,.T.);
#13635=EDGE_CURVE('',#642,#512,#13638,.T.);
#13636=LINE('',#511,#13639);
#13637=LINE('',#507,#13640);
#13638=LINE('',#641,#13641);
#13639=VECTOR('',#13642,1.0);
#13640=VECTOR('',#13643,1.0);
#13641=VECTOR('',#13644,1.0);
#13642=DIRECTION('',(0,0.31041709930531003,0.9506004546910745));
#13643=DIRECTION('',(0.9967149599794116,-0.02514050543268945,-0.07698859356962365));
#13644=DIRECTION('',(-1,0,0));
#13645=STYLED_ITEM('',(#25),#13646);
#13646=FACE_SURFACE('',(#13651),#13647,.T.);
#13647=PLANE('',#13648);
#13648=AXIS2_PLACEMENT_3D('',#641,#13649,#13650);
#13649=DIRECTION('',(0,0.9506004546910743,-0.31041709930531003));
#13650=DIRECTION('',(-0.9967149599794116,0.02514050543268945,0.07698859356962365));
#13651=FACE_BOUND('',#13652,.T.);
#13652=EDGE_LOOP('',(#13653,#13654,#13655));
#13653=ORIENTED_EDGE('',*,*,#13656,.T.);
#13654=ORIENTED_EDGE('',*,*,#13657,.T.);
#13655=ORIENTED_EDGE('',*,*,#13658,.T.);
#13656=EDGE_CURVE('',#642,#508,#13659,.F.);
#13657=EDGE_CURVE('',#508,#640,#13660,.T.);
#13658=EDGE_CURVE('',#640,#642,#13661,.T.);
#13659=LINE('',#641,#13662);
#13660=LINE('',#507,#13663);
#13661=LINE('',#639,#13664);
#13662=VECTOR('',#13665,1.0);
#13663=VECTOR('',#13666,1.0);
#13664=VECTOR('',#13667,1.0);
#13665=DIRECTION('',(-0.9967149599794116,0.02514050543268945,0.07698859356962365));
#13666=DIRECTION('',(1,0,0));
#13667=DIRECTION('',(0,-0.31041709930531003,-0.9506004546910745));
#13668=STYLED_ITEM('',(#25),#13669);
#13669=FACE_SURFACE('',(#13674),#13670,.T.);
#13670=PLANE('',#13671);
#13671=AXIS2_PLACEMENT_3D('',#507,#13672,#13673);
#13672=DIRECTION('',(0,0.9532959460308614,-0.30203781101233806));
#13673=DIRECTION('',(0,0.30203781101233806,0.9532959460308615));
#13674=FACE_BOUND('',#13675,.T.);
#13675=EDGE_LOOP('',(#13676,#13677,#13678));
#13676=ORIENTED_EDGE('',*,*,#13679,.T.);
#13677=ORIENTED_EDGE('',*,*,#13680,.T.);
#13678=ORIENTED_EDGE('',*,*,#13681,.T.);
#13679=EDGE_CURVE('',#508,#504,#13682,.F.);
#13680=EDGE_CURVE('',#504,#640,#13683,.T.);
#13681=EDGE_CURVE('',#640,#508,#13684,.T.);
#13682=LINE('',#507,#13685);
#13683=LINE('',#503,#13686);
#13684=LINE('',#639,#13687);
#13685=VECTOR('',#13688,1.0);
#13686=VECTOR('',#13689,1.0);
#13687=VECTOR('',#13690,1.0);
#13688=DIRECTION('',(0,0.30203781101233806,0.9532959460308615));
#13689=DIRECTION('',(0.9967515726164178,-0.02432539566960327,-0.07677615262707027));
#13690=DIRECTION('',(-1,0,0));
#13691=STYLED_ITEM('',(#25),#13692);
#13692=FACE_SURFACE('',(#13697),#13693,.T.);
#13693=PLANE('',#13694);
#13694=AXIS2_PLACEMENT_3D('',#639,#13695,#13696);
#13695=DIRECTION('',(0,0.9532959460308614,-0.30203781101233806));
#13696=DIRECTION('',(-0.9967515726164178,0.02432539566960327,0.07677615262707027));
#13697=FACE_BOUND('',#13698,.T.);
#13698=EDGE_LOOP('',(#13699,#13700,#13701));
#13699=ORIENTED_EDGE('',*,*,#13702,.T.);
#13700=ORIENTED_EDGE('',*,*,#13703,.T.);
#13701=ORIENTED_EDGE('',*,*,#13704,.T.);
#13702=EDGE_CURVE('',#640,#504,#13705,.F.);
#13703=EDGE_CURVE('',#504,#638,#13706,.T.);
#13704=EDGE_CURVE('',#638,#640,#13707,.T.);
#13705=LINE('',#639,#13708);
#13706=LINE('',#503,#13709);
#13707=LINE('',#637,#13710);
#13708=VECTOR('',#13711,1.0);
#13709=VECTOR('',#13712,1.0);
#13710=VECTOR('',#13713,1.0);
#13711=DIRECTION('',(-0.9967515726164178,0.02432539566960327,0.07677615262707027));
#13712=DIRECTION('',(1,0,0));
#13713=DIRECTION('',(0,-0.30203781101233806,-0.9532959460308615));
#13714=STYLED_ITEM('',(#25),#13715);
#13715=FACE_SURFACE('',(#13720),#13716,.T.);
#13716=PLANE('',#13717);
#13717=AXIS2_PLACEMENT_3D('',#495,#13718,#13719);
#13718=DIRECTION('',(0,0.9585985871611399,-0.28476086229091685));
#13719=DIRECTION('',(1,0,0));
#13720=FACE_BOUND('',#13721,.T.);
#13721=EDGE_LOOP('',(#13722,#13723,#13724));
#13722=ORIENTED_EDGE('',*,*,#13725,.T.);
#13723=ORIENTED_EDGE('',*,*,#13726,.T.);
#13724=ORIENTED_EDGE('',*,*,#13727,.T.);
#13725=EDGE_CURVE('',#496,#494,#13728,.F.);
#13726=EDGE_CURVE('',#494,#636,#13729,.T.);
#13727=EDGE_CURVE('',#636,#496,#13730,.T.);
#13728=LINE('',#495,#13731);
#13729=LINE('',#493,#13732);
#13730=LINE('',#635,#13733);
#13731=VECTOR('',#13734,1.0);
#13732=VECTOR('',#13735,1.0);
#13733=VECTOR('',#13736,1.0);
#13734=DIRECTION('',(1,0,0));
#13735=DIRECTION('',(0,-0.28476086229091685,-0.9585985871611399));
#13736=DIRECTION('',(-0.9968454426099891,0.02260069224366942,0.07608135289150758));
#13737=STYLED_ITEM('',(#25),#13738);
#13738=FACE_SURFACE('',(#13743),#13739,.T.);
#13739=PLANE('',#13740);
#13740=AXIS2_PLACEMENT_3D('',#503,#13741,#13742);
#13741=DIRECTION('',(0,0.9559597057381161,-0.29349794037623944));
#13742=DIRECTION('',(0,0.29349794037623944,0.9559597057381161));
#13743=FACE_BOUND('',#13744,.T.);
#13744=EDGE_LOOP('',(#13745,#13746,#13747));
#13745=ORIENTED_EDGE('',*,*,#13748,.T.);
#13746=ORIENTED_EDGE('',*,*,#13749,.T.);
#13747=ORIENTED_EDGE('',*,*,#13750,.T.);
#13748=EDGE_CURVE('',#504,#500,#13751,.F.);
#13749=EDGE_CURVE('',#500,#638,#13752,.T.);
#13750=EDGE_CURVE('',#638,#504,#13753,.T.);
#13751=LINE('',#503,#13754);
#13752=LINE('',#499,#13755);
#13753=LINE('',#637,#13756);
#13754=VECTOR('',#13757,1.0);
#13755=VECTOR('',#13758,1.0);
#13756=VECTOR('',#13759,1.0);
#13757=DIRECTION('',(0,0.29349794037623944,0.9559597057381161));
#13758=DIRECTION('',(0.9967949875855118,-0.023479381632721005,-0.07647529903533865));
#13759=DIRECTION('',(-1,0,0));
#13760=STYLED_ITEM('',(#25),#13761);
#13761=FACE_SURFACE('',(#13766),#13762,.T.);
#13762=PLANE('',#13763);
#13763=AXIS2_PLACEMENT_3D('',#637,#13764,#13765);
#13764=DIRECTION('',(0,0.9559597057381161,-0.29349794037623944));
#13765=DIRECTION('',(-0.9967949875855118,0.023479381632721005,0.07647529903533865));
#13766=FACE_BOUND('',#13767,.T.);
#13767=EDGE_LOOP('',(#13768,#13769,#13770));
#13768=ORIENTED_EDGE('',*,*,#13771,.T.);
#13769=ORIENTED_EDGE('',*,*,#13772,.T.);
#13770=ORIENTED_EDGE('',*,*,#13773,.T.);
#13771=EDGE_CURVE('',#638,#500,#13774,.F.);
#13772=EDGE_CURVE('',#500,#636,#13775,.T.);
#13773=EDGE_CURVE('',#636,#638,#13776,.T.);
#13774=LINE('',#637,#13777);
#13775=LINE('',#499,#13778);
#13776=LINE('',#635,#13779);
#13777=VECTOR('',#13780,1.0);
#13778=VECTOR('',#13781,1.0);
#13779=VECTOR('',#13782,1.0);
#13780=DIRECTION('',(-0.9967949875855118,0.023479381632721005,0.07647529903533865));
#13781=DIRECTION('',(1,0,0));
#13782=DIRECTION('',(0,-0.29349794037623944,-0.9559597057381161));
#13783=STYLED_ITEM('',(#25),#13784);
#13784=FACE_SURFACE('',(#13789),#13785,.T.);
#13785=PLANE('',#13786);
#13786=AXIS2_PLACEMENT_3D('',#499,#13787,#13788);
#13787=DIRECTION('',(0,0.9585985871611399,-0.28476086229091685));
#13788=DIRECTION('',(0,0.28476086229091685,0.9585985871611399));
#13789=FACE_BOUND('',#13790,.T.);
#13790=EDGE_LOOP('',(#13791,#13792,#13793));
#13791=ORIENTED_EDGE('',*,*,#13794,.T.);
#13792=ORIENTED_EDGE('',*,*,#13795,.T.);
#13793=ORIENTED_EDGE('',*,*,#13796,.T.);
#13794=EDGE_CURVE('',#500,#496,#13797,.F.);
#13795=EDGE_CURVE('',#496,#636,#13798,.T.);
#13796=EDGE_CURVE('',#636,#500,#13799,.T.);
#13797=LINE('',#499,#13800);
#13798=LINE('',#495,#13801);
#13799=LINE('',#635,#13802);
#13800=VECTOR('',#13803,1.0);
#13801=VECTOR('',#13804,1.0);
#13802=VECTOR('',#13805,1.0);
#13803=DIRECTION('',(0,0.28476086229091685,0.9585985871611399));
#13804=DIRECTION('',(0.9968454426099891,-0.02260069224366942,-0.07608135289150758));
#13805=DIRECTION('',(-1,0,0));
#13806=STYLED_ITEM('',(#25),#13807);
#13807=FACE_SURFACE('',(#13812),#13808,.T.);
#13808=PLANE('',#13809);
#13809=AXIS2_PLACEMENT_3D('',#423,#13810,#13811);
#13810=DIRECTION('',(0,0.6950840167104921,-0.7189285150233008));
#13811=DIRECTION('',(0,-0.7189285150233007,-0.695084016710492));
#13812=FACE_BOUND('',#13813,.T.);
#13813=EDGE_LOOP('',(#13814,#13815,#13816));
#13814=ORIENTED_EDGE('',*,*,#13817,.T.);
#13815=ORIENTED_EDGE('',*,*,#13818,.T.);
#13816=ORIENTED_EDGE('',*,*,#13819,.T.);
#13817=EDGE_CURVE('',#424,#420,#13820,.F.);
#13818=EDGE_CURVE('',#420,#634,#13821,.T.);
#13819=EDGE_CURVE('',#634,#424,#13822,.T.);
#13820=LINE('',#423,#13823);
#13821=LINE('',#419,#13824);
#13822=LINE('',#633,#13825);
#13823=VECTOR('',#13826,1.0);
#13824=VECTOR('',#13827,1.0);
#13825=VECTOR('',#13828,1.0);
#13826=DIRECTION('',(0,-0.7189285150233007,-0.695084016710492));
#13827=DIRECTION('',(-0.9452833627586879,0.23455076032162678,0.22677148172592976));
#13828=DIRECTION('',(1,0,0));
#13829=STYLED_ITEM('',(#25),#13830);
#13830=FACE_SURFACE('',(#13835),#13831,.T.);
#13831=PLANE('',#13832);
#13832=AXIS2_PLACEMENT_3D('',#633,#13833,#13834);
#13833=DIRECTION('',(0,0.6950840167104921,-0.7189285150233008));
#13834=DIRECTION('',(0.9452833627586879,-0.23455076032162678,-0.22677148172592976));
#13835=FACE_BOUND('',#13836,.T.);
#13836=EDGE_LOOP('',(#13837,#13838,#13839));
#13837=ORIENTED_EDGE('',*,*,#13840,.T.);
#13838=ORIENTED_EDGE('',*,*,#13841,.T.);
#13839=ORIENTED_EDGE('',*,*,#13842,.T.);
#13840=EDGE_CURVE('',#634,#420,#13843,.F.);
#13841=EDGE_CURVE('',#420,#702,#13844,.T.);
#13842=EDGE_CURVE('',#702,#634,#13845,.T.);
#13843=LINE('',#633,#13846);
#13844=LINE('',#419,#13847);
#13845=LINE('',#701,#13848);
#13846=VECTOR('',#13849,1.0);
#13847=VECTOR('',#13850,1.0);
#13848=VECTOR('',#13851,1.0);
#13849=DIRECTION('',(0.9452833627586879,-0.23455076032162678,-0.22677148172592976));
#13850=DIRECTION('',(-1,0,0));
#13851=DIRECTION('',(0,0.7189285150233007,0.695084016710492));
#13852=STYLED_ITEM('',(#25),#13853);
#13853=FACE_SURFACE('',(#13858),#13854,.T.);
#13854=PLANE('',#13855);
#13855=AXIS2_PLACEMENT_3D('',#701,#13856,#13857);
#13856=DIRECTION('',(0,0.5228081738681579,-0.8524503582828985));
#13857=DIRECTION('',(1,0,0));
#13858=FACE_BOUND('',#13859,.T.);
#13859=EDGE_LOOP('',(#13860,#13861,#13862));
#13860=ORIENTED_EDGE('',*,*,#13863,.T.);
#13861=ORIENTED_EDGE('',*,*,#13864,.T.);
#13862=ORIENTED_EDGE('',*,*,#13865,.T.);
#13863=EDGE_CURVE('',#702,#420,#13866,.F.);
#13864=EDGE_CURVE('',#420,#704,#13867,.T.);
#13865=EDGE_CURVE('',#704,#702,#13868,.T.);
#13866=LINE('',#701,#13869);
#13867=LINE('',#419,#13870);
#13868=LINE('',#703,#13871);
#13869=VECTOR('',#13872,1.0);
#13870=VECTOR('',#13873,1.0);
#13871=VECTOR('',#13874,1.0);
#13872=DIRECTION('',(1,0,0));
#13873=DIRECTION('',(-0.9992808624569323,-0.032323023878347706,-0.0198237245413037));
#13874=DIRECTION('',(-0.9992808625974622,0.03232302072128977,0.0198237226050787));
#13875=STYLED_ITEM('',(#25),#13876);
#13876=FACE_SURFACE('',(#13881),#13877,.T.);
#13877=PLANE('',#13878);
#13878=AXIS2_PLACEMENT_3D('',#703,#13879,#13880);
#13879=DIRECTION('',(0,0.5228081738681579,-0.8524503582828985));
#13880=DIRECTION('',(0.9992808624569323,0.032323023878347706,0.0198237245413037));
#13881=FACE_BOUND('',#13882,.T.);
#13882=EDGE_LOOP('',(#13883,#13884,#13885));
#13883=ORIENTED_EDGE('',*,*,#13886,.T.);
#13884=ORIENTED_EDGE('',*,*,#13887,.T.);
#13885=ORIENTED_EDGE('',*,*,#13888,.T.);
#13886=EDGE_CURVE('',#704,#420,#13889,.F.);
#13887=EDGE_CURVE('',#420,#418,#13890,.T.);
#13888=EDGE_CURVE('',#418,#704,#13891,.T.);
#13889=LINE('',#703,#13892);
#13890=LINE('',#419,#13893);
#13891=LINE('',#417,#13894);
#13892=VECTOR('',#13895,1.0);
#13893=VECTOR('',#13896,1.0);
#13894=VECTOR('',#13897,1.0);
#13895=DIRECTION('',(0.9992808624569323,0.032323023878347706,0.0198237245413037));
#13896=DIRECTION('',(0,-0.8524503582828984,-0.5228081738681578));
#13897=DIRECTION('',(-1,0,0));
#13898=STYLED_ITEM('',(#25),#13899);
#13899=FACE_SURFACE('',(#13904),#13900,.T.);
#13900=PLANE('',#13901);
#13901=AXIS2_PLACEMENT_3D('',#703,#13902,#13903);
#13902=DIRECTION('',(0,0.4989522427144243,-0.8666294822415438));
#13903=DIRECTION('',(1,0,0));
#13904=FACE_BOUND('',#13905,.T.);
#13905=EDGE_LOOP('',(#13906,#13907,#13908));
#13906=ORIENTED_EDGE('',*,*,#13909,.T.);
#13907=ORIENTED_EDGE('',*,*,#13910,.T.);
#13908=ORIENTED_EDGE('',*,*,#13911,.T.);
#13909=EDGE_CURVE('',#704,#418,#13912,.F.);
#13910=EDGE_CURVE('',#418,#416,#13913,.T.);
#13911=EDGE_CURVE('',#416,#704,#13914,.T.);
#13912=LINE('',#703,#13915);
#13913=LINE('',#417,#13916);
#13914=LINE('',#415,#13917);
#13915=VECTOR('',#13918,1.0);
#13916=VECTOR('',#13919,1.0);
#13917=VECTOR('',#13920,1.0);
#13918=DIRECTION('',(1,0,0));
#13919=DIRECTION('',(0,-0.8666294822415439,-0.4989522427144243));
#13920=DIRECTION('',(-0.9992808136941828,0.03286177843636672,0.018919801814265672));
#13921=STYLED_ITEM('',(#25),#13922);
#13922=FACE_SURFACE('',(#13927),#13923,.T.);
#13923=PLANE('',#13924);
#13924=AXIS2_PLACEMENT_3D('',#703,#13925,#13926);
#13925=DIRECTION('',(0,0.4989522427144243,-0.8666294822415438));
#13926=DIRECTION('',(0.9992808136941828,-0.03286177843636672,-0.018919801814265672));
#13927=FACE_BOUND('',#13928,.T.);
#13928=EDGE_LOOP('',(#13929,#13930,#13931));
#13929=ORIENTED_EDGE('',*,*,#13932,.T.);
#13930=ORIENTED_EDGE('',*,*,#13933,.T.);
#13931=ORIENTED_EDGE('',*,*,#13934,.T.);
#13932=EDGE_CURVE('',#704,#416,#13935,.F.);
#13933=EDGE_CURVE('',#416,#706,#13936,.T.);
#13934=EDGE_CURVE('',#706,#704,#13937,.T.);
#13935=LINE('',#703,#13938);
#13936=LINE('',#415,#13939);
#13937=LINE('',#705,#13940);
#13938=VECTOR('',#13941,1.0);
#13939=VECTOR('',#13942,1.0);
#13940=VECTOR('',#13943,1.0);
#13941=DIRECTION('',(0.9992808136941828,-0.03286177843636672,-0.018919801814265672));
#13942=DIRECTION('',(-1,0,0));
#13943=DIRECTION('',(0,0.8666294822415439,0.4989522427144243));
#13944=STYLED_ITEM('',(#25),#13945);
#13945=FACE_SURFACE('',(#13950),#13946,.T.);
#13946=PLANE('',#13947);
#13947=AXIS2_PLACEMENT_3D('',#705,#13948,#13949);
#13948=DIRECTION('',(0,0.47409121415290895,-0.8804757354197903));
#13949=DIRECTION('',(1,0,0));
#13950=FACE_BOUND('',#13951,.T.);
#13951=EDGE_LOOP('',(#13952,#13953,#13954));
#13952=ORIENTED_EDGE('',*,*,#13955,.T.);
#13953=ORIENTED_EDGE('',*,*,#13956,.T.);
#13954=ORIENTED_EDGE('',*,*,#13957,.T.);
#13955=EDGE_CURVE('',#706,#416,#13958,.F.);
#13956=EDGE_CURVE('',#416,#414,#13959,.T.);
#13957=EDGE_CURVE('',#414,#706,#13960,.T.);
#13958=LINE('',#705,#13961);
#13959=LINE('',#415,#13962);
#13960=LINE('',#413,#13963);
#13961=VECTOR('',#13964,1.0);
#13962=VECTOR('',#13965,1.0);
#13963=VECTOR('',#13966,1.0);
#13964=DIRECTION('',(1,0,0));
#13965=DIRECTION('',(0,-0.8804757354197904,-0.47409121415290895));
#13966=DIRECTION('',(-0.9992809636001214,0.03338333691639434,0.01797522191071307));
#13967=STYLED_ITEM('',(#25),#13968);
#13968=FACE_SURFACE('',(#13973),#13969,.T.);
#13969=PLANE('',#13970);
#13970=AXIS2_PLACEMENT_3D('',#705,#13971,#13972);
#13971=DIRECTION('',(0,0.47409121415290895,-0.8804757354197903));
#13972=DIRECTION('',(0.9992809636001214,-0.03338333691639434,-0.01797522191071307));
#13973=FACE_BOUND('',#13974,.T.);
#13974=EDGE_LOOP('',(#13975,#13976,#13977));
#13975=ORIENTED_EDGE('',*,*,#13978,.T.);
#13976=ORIENTED_EDGE('',*,*,#13979,.T.);
#13977=ORIENTED_EDGE('',*,*,#13980,.T.);
#13978=EDGE_CURVE('',#706,#414,#13981,.F.);
#13979=EDGE_CURVE('',#414,#708,#13982,.T.);
#13980=EDGE_CURVE('',#708,#706,#13983,.T.);
#13981=LINE('',#705,#13984);
#13982=LINE('',#413,#13985);
#13983=LINE('',#707,#13986);
#13984=VECTOR('',#13987,1.0);
#13985=VECTOR('',#13988,1.0);
#13986=VECTOR('',#13989,1.0);
#13987=DIRECTION('',(0.9992809636001214,-0.03338333691639434,-0.01797522191071307));
#13988=DIRECTION('',(-1,0,0));
#13989=DIRECTION('',(0,0.8804757354197904,0.47409121415290895));
#13990=STYLED_ITEM('',(#25),#13991);
#13991=FACE_SURFACE('',(#13996),#13992,.T.);
#13992=PLANE('',#13993);
#13993=AXIS2_PLACEMENT_3D('',#707,#13994,#13995);
#13994=DIRECTION('',(0,0.448351642217362,-0.8938572620508235));
#13995=DIRECTION('',(1,0,0));
#13996=FACE_BOUND('',#13997,.T.);
#13997=EDGE_LOOP('',(#13998,#13999,#14000));
#13998=ORIENTED_EDGE('',*,*,#14001,.T.);
#13999=ORIENTED_EDGE('',*,*,#14002,.T.);
#14000=ORIENTED_EDGE('',*,*,#14003,.T.);
#14001=EDGE_CURVE('',#708,#414,#14004,.F.);
#14002=EDGE_CURVE('',#414,#44,#14005,.T.);
#14003=EDGE_CURVE('',#44,#708,#14006,.T.);
#14004=LINE('',#707,#14007);
#14005=LINE('',#413,#14008);
#14006=LINE('',#43,#14009);
#14007=VECTOR('',#14010,1.0);
#14008=VECTOR('',#14011,1.0);
#14009=VECTOR('',#14012,1.0);
#14010=DIRECTION('',(1,0,0));
#14011=DIRECTION('',(0,-0.8938572620508235,-0.44835164221736196));
#14012=DIRECTION('',(-0.9992809586599657,0.03389081539075038,0.016999361510657406));
#14013=STYLED_ITEM('',(#25),#14014);
#14014=FACE_SURFACE('',(#14019),#14015,.T.);
#14015=PLANE('',#14016);
#14016=AXIS2_PLACEMENT_3D('',#707,#14017,#14018);
#14017=DIRECTION('',(0,0.44835164221736196,-0.8938572620508235));
#14018=DIRECTION('',(0.9992809586599657,-0.03389081539075038,-0.016999361510657406));
#14019=FACE_BOUND('',#14020,.T.);
#14020=EDGE_LOOP('',(#14021,#14022,#14023));
#14021=ORIENTED_EDGE('',*,*,#14024,.T.);
#14022=ORIENTED_EDGE('',*,*,#14025,.T.);
#14023=ORIENTED_EDGE('',*,*,#14026,.T.);
#14024=EDGE_CURVE('',#708,#44,#14027,.F.);
#14025=EDGE_CURVE('',#44,#56,#14028,.T.);
#14026=EDGE_CURVE('',#56,#708,#14029,.T.);
#14027=LINE('',#707,#14030);
#14028=LINE('',#43,#14031);
#14029=LINE('',#55,#14032);
#14030=VECTOR('',#14033,1.0);
#14031=VECTOR('',#14034,1.0);
#14032=VECTOR('',#14035,1.0);
#14033=DIRECTION('',(0.9992809586599657,-0.03389081539075038,-0.016999361510657406));
#14034=DIRECTION('',(-1,0,0));
#14035=DIRECTION('',(0.9992809588004767,0.0338908120805623,0.01699935985029358));
#14036=STYLED_ITEM('',(#25),#14037);
#14037=FACE_SURFACE('',(#14042),#14038,.T.);
#14038=PLANE('',#14039);
#14039=AXIS2_PLACEMENT_3D('',#55,#14040,#14041);
#14040=DIRECTION('',(0,0.448351642217362,-0.8938572620508236));
#14041=DIRECTION('',(0,0.8938572620508235,0.44835164221736196));
#14042=FACE_BOUND('',#14043,.T.);
#14043=EDGE_LOOP('',(#14044,#14045,#14046));
#14044=ORIENTED_EDGE('',*,*,#14047,.T.);
#14045=ORIENTED_EDGE('',*,*,#14048,.T.);
#14046=ORIENTED_EDGE('',*,*,#14049,.T.);
#14047=EDGE_CURVE('',#56,#710,#14050,.F.);
#14048=EDGE_CURVE('',#710,#708,#14051,.T.);
#14049=EDGE_CURVE('',#708,#56,#14052,.T.);
#14050=LINE('',#55,#14053);
#14051=LINE('',#709,#14054);
#14052=LINE('',#707,#14055);
#14053=VECTOR('',#14056,1.0);
#14054=VECTOR('',#14057,1.0);
#14055=VECTOR('',#14058,1.0);
#14056=DIRECTION('',(0,0.8938572620508235,0.44835164221736196));
#14057=DIRECTION('',(1,0,0));
#14058=DIRECTION('',(-0.9992809588004767,-0.0338908120805623,-0.01699935985029358));
#14059=STYLED_ITEM('',(#25),#14060);
#14060=FACE_SURFACE('',(#14065),#14061,.T.);
#14061=PLANE('',#14062);
#14062=AXIS2_PLACEMENT_3D('',#707,#14063,#14064);
#14063=DIRECTION('',(0,0.4740912141529089,-0.8804757354197903));
#14064=DIRECTION('',(-1,0,0));
#14065=FACE_BOUND('',#14066,.T.);
#14066=EDGE_LOOP('',(#14067,#14068,#14069));
#14067=ORIENTED_EDGE('',*,*,#14070,.T.);
#14068=ORIENTED_EDGE('',*,*,#14071,.T.);
#14069=ORIENTED_EDGE('',*,*,#14072,.T.);
#14070=EDGE_CURVE('',#708,#710,#14073,.F.);
#14071=EDGE_CURVE('',#710,#706,#14074,.T.);
#14072=EDGE_CURVE('',#706,#708,#14075,.T.);
#14073=LINE('',#707,#14076);
#14074=LINE('',#709,#14077);
#14075=LINE('',#705,#14078);
#14076=VECTOR('',#14079,1.0);
#14077=VECTOR('',#14080,1.0);
#14078=VECTOR('',#14081,1.0);
#14079=DIRECTION('',(-1,0,0));
#14080=DIRECTION('',(0.9992809637406316,0.033383333655772736,0.017975220155034867));
#14081=DIRECTION('',(0,-0.8804757354197904,-0.47409121415290895));
#14082=STYLED_ITEM('',(#25),#14083);
#14083=FACE_SURFACE('',(#14088),#14084,.T.);
#14084=PLANE('',#14085);
#14085=AXIS2_PLACEMENT_3D('',#709,#14086,#14087);
#14086=DIRECTION('',(0,0.4740912141529089,-0.8804757354197903));
#14087=DIRECTION('',(0,0.8804757354197904,0.47409121415290895));
#14088=FACE_BOUND('',#14089,.T.);
#14089=EDGE_LOOP('',(#14090,#14091,#14092));
#14090=ORIENTED_EDGE('',*,*,#14093,.T.);
#14091=ORIENTED_EDGE('',*,*,#14094,.T.);
#14092=ORIENTED_EDGE('',*,*,#14095,.T.);
#14093=EDGE_CURVE('',#710,#712,#14096,.F.);
#14094=EDGE_CURVE('',#712,#706,#14097,.T.);
#14095=EDGE_CURVE('',#706,#710,#14098,.T.);
#14096=LINE('',#709,#14099);
#14097=LINE('',#711,#14100);
#14098=LINE('',#705,#14101);
#14099=VECTOR('',#14102,1.0);
#14100=VECTOR('',#14103,1.0);
#14101=VECTOR('',#14104,1.0);
#14102=DIRECTION('',(0,0.8804757354197904,0.47409121415290895));
#14103=DIRECTION('',(1,0,0));
#14104=DIRECTION('',(-0.9992809637406316,-0.033383333655772736,-0.017975220155034867));
#14105=STYLED_ITEM('',(#25),#14106);
#14106=FACE_SURFACE('',(#14111),#14107,.T.);
#14107=PLANE('',#14108);
#14108=AXIS2_PLACEMENT_3D('',#705,#14109,#14110);
#14109=DIRECTION('',(0,0.49895224271442423,-0.8666294822415438));
#14110=DIRECTION('',(-1,0,0));
#14111=FACE_BOUND('',#14112,.T.);
#14112=EDGE_LOOP('',(#14113,#14114,#14115));
#14113=ORIENTED_EDGE('',*,*,#14116,.T.);
#14114=ORIENTED_EDGE('',*,*,#14117,.T.);
#14115=ORIENTED_EDGE('',*,*,#14118,.T.);
#14116=EDGE_CURVE('',#706,#712,#14119,.F.);
#14117=EDGE_CURVE('',#712,#704,#14120,.T.);
#14118=EDGE_CURVE('',#704,#706,#14121,.T.);
#14119=LINE('',#705,#14122);
#14120=LINE('',#711,#14123);
#14121=LINE('',#703,#14124);
#14122=VECTOR('',#14125,1.0);
#14123=VECTOR('',#14126,1.0);
#14124=VECTOR('',#14127,1.0);
#14125=DIRECTION('',(-1,0,0));
#14126=DIRECTION('',(0.9992808138347223,0.0328617752266878,0.018919799966328896));
#14127=DIRECTION('',(0,-0.8666294822415439,-0.4989522427144243));
#14128=STYLED_ITEM('',(#25),#14129);
#14129=FACE_SURFACE('',(#14134),#14130,.T.);
#14130=PLANE('',#14131);
#14131=AXIS2_PLACEMENT_3D('',#711,#14132,#14133);
#14132=DIRECTION('',(0,0.49895224271442423,-0.8666294822415438));
#14133=DIRECTION('',(0,0.8666294822415439,0.4989522427144243));
#14134=FACE_BOUND('',#14135,.T.);
#14135=EDGE_LOOP('',(#14136,#14137,#14138));
#14136=ORIENTED_EDGE('',*,*,#14139,.T.);
#14137=ORIENTED_EDGE('',*,*,#14140,.T.);
#14138=ORIENTED_EDGE('',*,*,#14141,.T.);
#14139=EDGE_CURVE('',#712,#714,#14142,.F.);
#14140=EDGE_CURVE('',#714,#704,#14143,.T.);
#14141=EDGE_CURVE('',#704,#712,#14144,.T.);
#14142=LINE('',#711,#14145);
#14143=LINE('',#713,#14146);
#14144=LINE('',#703,#14147);
#14145=VECTOR('',#14148,1.0);
#14146=VECTOR('',#14149,1.0);
#14147=VECTOR('',#14150,1.0);
#14148=DIRECTION('',(0,0.8666294822415439,0.4989522427144243));
#14149=DIRECTION('',(1,0,0));
#14150=DIRECTION('',(-0.9992808138347223,-0.0328617752266878,-0.018919799966328896));
#14151=STYLED_ITEM('',(#25),#14152);
#14152=FACE_SURFACE('',(#14157),#14153,.T.);
#14153=PLANE('',#14154);
#14154=AXIS2_PLACEMENT_3D('',#703,#14155,#14156);
#14155=DIRECTION('',(0,0.5228081738681579,-0.8524503582828985));
#14156=DIRECTION('',(-1,0,0));
#14157=FACE_BOUND('',#14158,.T.);
#14158=EDGE_LOOP('',(#14159,#14160,#14161));
#14159=ORIENTED_EDGE('',*,*,#14162,.T.);
#14160=ORIENTED_EDGE('',*,*,#14163,.T.);
#14161=ORIENTED_EDGE('',*,*,#14164,.T.);
#14162=EDGE_CURVE('',#704,#714,#14165,.F.);
#14163=EDGE_CURVE('',#714,#702,#14166,.T.);
#14164=EDGE_CURVE('',#702,#704,#14167,.T.);
#14165=LINE('',#703,#14168);
#14166=LINE('',#713,#14169);
#14167=LINE('',#701,#14170);
#14168=VECTOR('',#14171,1.0);
#14169=VECTOR('',#14172,1.0);
#14170=VECTOR('',#14173,1.0);
#14171=DIRECTION('',(-1,0,0));
#14172=DIRECTION('',(0,0.8524503582828984,0.5228081738681578));
#14173=DIRECTION('',(0.9992808625974622,-0.03232302072128977,-0.0198237226050787));
#14174=STYLED_ITEM('',(#25),#14175);
#14175=FACE_SURFACE('',(#14180),#14176,.T.);
#14176=PLANE('',#14177);
#14177=AXIS2_PLACEMENT_3D('',#51,#14178,#14179);
#14178=DIRECTION('',(-0,-0.9718901459668903,-0.23543479813412627));
#14179=DIRECTION('',(0,-0.23543479813412627,0.9718901459668903));
#14180=FACE_BOUND('',#14181,.T.);
#14181=EDGE_LOOP('',(#14182,#14183,#14184));
#14182=ORIENTED_EDGE('',*,*,#14185,.T.);
#14183=ORIENTED_EDGE('',*,*,#14186,.T.);
#14184=ORIENTED_EDGE('',*,*,#14187,.T.);
#14185=EDGE_CURVE('',#52,#74,#14188,.F.);
#14186=EDGE_CURVE('',#74,#54,#14189,.T.);
#14187=EDGE_CURVE('',#54,#52,#14190,.T.);
#14188=LINE('',#51,#14191);
#14189=LINE('',#73,#14192);
#14190=LINE('',#53,#14193);
#14191=VECTOR('',#14194,1.0);
#14192=VECTOR('',#14195,1.0);
#14193=VECTOR('',#14196,1.0);
#14194=DIRECTION('',(0,-0.23543479813412627,0.9718901459668903));
#14195=DIRECTION('',(-0.9439866629442745,0.07768962364997428,-0.3207078149351182));
#14196=DIRECTION('',(1,0,0));
#14197=STYLED_ITEM('',(#25),#14198);
#14198=FACE_SURFACE('',(#14203),#14199,.T.);
#14199=PLANE('',#14200);
#14200=AXIS2_PLACEMENT_3D('',#53,#14201,#14202);
#14201=DIRECTION('',(0,-0.9718901459668903,-0.23543479813412627));
#14202=DIRECTION('',(0.9439866629442745,-0.07768962364997428,0.3207078149351182));
#14203=FACE_BOUND('',#14204,.T.);
#14204=EDGE_LOOP('',(#14205,#14206,#14207));
#14205=ORIENTED_EDGE('',*,*,#14208,.T.);
#14206=ORIENTED_EDGE('',*,*,#14209,.T.);
#14207=ORIENTED_EDGE('',*,*,#14210,.T.);
#14208=EDGE_CURVE('',#54,#74,#14211,.F.);
#14209=EDGE_CURVE('',#74,#76,#14212,.T.);
#14210=EDGE_CURVE('',#76,#54,#14213,.T.);
#14211=LINE('',#53,#14214);
#14212=LINE('',#73,#14215);
#14213=LINE('',#75,#14216);
#14214=VECTOR('',#14217,1.0);
#14215=VECTOR('',#14218,1.0);
#14216=VECTOR('',#14219,1.0);
#14217=DIRECTION('',(0.9439866629442745,-0.07768962364997428,0.3207078149351182));
#14218=DIRECTION('',(-1,0,0));
#14219=DIRECTION('',(0,0.23543479813412627,-0.9718901459668903));
#14220=STYLED_ITEM('',(#25),#14221);
#14221=FACE_SURFACE('',(#14226),#14222,.T.);
#14222=PLANE('',#14223);
#14223=AXIS2_PLACEMENT_3D('',#53,#14224,#14225);
#14224=DIRECTION('',(-1,0,0));
#14225=DIRECTION('',(0,-0.23543479813412627,0.9718901459668903));
#14226=FACE_BOUND('',#14227,.T.);
#14227=EDGE_LOOP('',(#14228,#14229,#14230));
#14228=ORIENTED_EDGE('',*,*,#14231,.T.);
#14229=ORIENTED_EDGE('',*,*,#14232,.T.);
#14230=ORIENTED_EDGE('',*,*,#14233,.T.);
#14231=EDGE_CURVE('',#54,#76,#14234,.F.);
#14232=EDGE_CURVE('',#76,#56,#14235,.T.);
#14233=EDGE_CURVE('',#56,#54,#14236,.T.);
#14234=LINE('',#53,#14237);
#14235=LINE('',#75,#14238);
#14236=LINE('',#55,#14239);
#14237=VECTOR('',#14240,1.0);
#14238=VECTOR('',#14241,1.0);
#14239=VECTOR('',#14242,1.0);
#14240=DIRECTION('',(0,-0.23543479813412627,0.9718901459668903));
#14241=DIRECTION('',(0,0.9990689954459896,-0.04314095894322852));
#14242=DIRECTION('',(0,-0.9718880422564681,-0.23544348221789851));
#14243=STYLED_ITEM('',(#25),#14244);
#14244=FACE_SURFACE('',(#14249),#14245,.T.);
#14245=PLANE('',#14246);
#14246=AXIS2_PLACEMENT_3D('',#55,#14247,#14248);
#14247=DIRECTION('',(-1,0,0));
#14248=DIRECTION('',(0,-0.9990689954459896,0.04314095894322852));
#14249=FACE_BOUND('',#14250,.T.);
#14250=EDGE_LOOP('',(#14251,#14252,#14253));
#14251=ORIENTED_EDGE('',*,*,#14254,.T.);
#14252=ORIENTED_EDGE('',*,*,#14255,.T.);
#14253=ORIENTED_EDGE('',*,*,#14256,.T.);
#14254=EDGE_CURVE('',#56,#76,#14257,.F.);
#14255=EDGE_CURVE('',#76,#710,#14258,.T.);
#14256=EDGE_CURVE('',#710,#56,#14259,.T.);
#14257=LINE('',#55,#14260);
#14258=LINE('',#75,#14261);
#14259=LINE('',#709,#14262);
#14260=VECTOR('',#14263,1.0);
#14261=VECTOR('',#14264,1.0);
#14262=VECTOR('',#14265,1.0);
#14263=DIRECTION('',(0,-0.9990689954459896,0.04314095894322852));
#14264=DIRECTION('',(0,0.9999305520162871,-0.011785208712767933));
#14265=DIRECTION('',(0,-0.8938572620508235,-0.44835164221736196));
#14266=STYLED_ITEM('',(#25),#14267);
#14267=FACE_SURFACE('',(#14272),#14268,.T.);
#14268=PLANE('',#14269);
#14269=AXIS2_PLACEMENT_3D('',#709,#14270,#14271);
#14270=DIRECTION('',(-1,0,0));
#14271=DIRECTION('',(0,-0.9999305520162871,0.011785208712767933));
#14272=FACE_BOUND('',#14273,.T.);
#14273=EDGE_LOOP('',(#14274,#14275,#14276));
#14274=ORIENTED_EDGE('',*,*,#14277,.T.);
#14275=ORIENTED_EDGE('',*,*,#14278,.T.);
#14276=ORIENTED_EDGE('',*,*,#14279,.T.);
#14277=EDGE_CURVE('',#710,#76,#14280,.F.);
#14278=EDGE_CURVE('',#76,#712,#14281,.T.);
#14279=EDGE_CURVE('',#712,#710,#14282,.T.);
#14280=LINE('',#709,#14283);
#14281=LINE('',#75,#14284);
#14282=LINE('',#711,#14285);
#14283=VECTOR('',#14286,1.0);
#14284=VECTOR('',#14287,1.0);
#14285=VECTOR('',#14288,1.0);
#14286=DIRECTION('',(0,-0.9999305520162871,0.011785208712767933));
#14287=DIRECTION('',(0,0.9998421299892766,0.01776837354702435));
#14288=DIRECTION('',(0,-0.8804757354197904,-0.47409121415290895));
#14289=STYLED_ITEM('',(#25),#14290);
#14290=FACE_SURFACE('',(#14295),#14291,.T.);
#14291=PLANE('',#14292);
#14292=AXIS2_PLACEMENT_3D('',#711,#14293,#14294);
#14293=DIRECTION('',(-1,-0,0));
#14294=DIRECTION('',(0,-0.9998421299892766,-0.01776837354702435));
#14295=FACE_BOUND('',#14296,.T.);
#14296=EDGE_LOOP('',(#14297,#14298,#14299));
#14297=ORIENTED_EDGE('',*,*,#14300,.T.);
#14298=ORIENTED_EDGE('',*,*,#14301,.T.);
#14299=ORIENTED_EDGE('',*,*,#14302,.T.);
#14300=EDGE_CURVE('',#712,#76,#14303,.F.);
#14301=EDGE_CURVE('',#76,#714,#14304,.T.);
#14302=EDGE_CURVE('',#714,#712,#14305,.T.);
#14303=LINE('',#711,#14306);
#14304=LINE('',#75,#14307);
#14305=LINE('',#713,#14308);
#14306=VECTOR('',#14309,1.0);
#14307=VECTOR('',#14310,1.0);
#14308=VECTOR('',#14311,1.0);
#14309=DIRECTION('',(0,-0.9998421299892766,-0.01776837354702435));
#14310=DIRECTION('',(0,0.998953113951785,0.04574577713879177));
#14311=DIRECTION('',(0,-0.8666294822415439,-0.4989522427144243));
#14312=STYLED_ITEM('',(#25),#14313);
#14313=FACE_SURFACE('',(#14318),#14314,.T.);
#14314=PLANE('',#14315);
#14315=AXIS2_PLACEMENT_3D('',#713,#14316,#14317);
#14316=DIRECTION('',(-1,-0,0));
#14317=DIRECTION('',(0,-0.998953113951785,-0.04574577713879177));
#14318=FACE_BOUND('',#14319,.T.);
#14319=EDGE_LOOP('',(#14320,#14321,#14322));
#14320=ORIENTED_EDGE('',*,*,#14323,.T.);
#14321=ORIENTED_EDGE('',*,*,#14324,.T.);
#14322=ORIENTED_EDGE('',*,*,#14325,.T.);
#14323=EDGE_CURVE('',#714,#76,#14326,.F.);
#14324=EDGE_CURVE('',#76,#702,#14327,.T.);
#14325=EDGE_CURVE('',#702,#714,#14328,.T.);
#14326=LINE('',#713,#14329);
#14327=LINE('',#75,#14330);
#14328=LINE('',#701,#14331);
#14329=VECTOR('',#14332,1.0);
#14330=VECTOR('',#14333,1.0);
#14331=VECTOR('',#14334,1.0);
#14332=DIRECTION('',(0,-0.998953113951785,-0.04574577713879177));
#14333=DIRECTION('',(0,0.9973815876651995,0.07231852173852775));
#14334=DIRECTION('',(0,-0.8524503582828984,-0.5228081738681578));
#14335=STYLED_ITEM('',(#25),#14336);
#14336=FACE_SURFACE('',(#14341),#14337,.T.);
#14337=PLANE('',#14338);
#14338=AXIS2_PLACEMENT_3D('',#701,#14339,#14340);
#14339=DIRECTION('',(-1,-0,0));
#14340=DIRECTION('',(0,-0.9973815876651995,-0.07231852173852775));
#14341=FACE_BOUND('',#14342,.T.);
#14342=EDGE_LOOP('',(#14343,#14344,#14345));
#14343=ORIENTED_EDGE('',*,*,#14346,.T.);
#14344=ORIENTED_EDGE('',*,*,#14347,.T.);
#14345=ORIENTED_EDGE('',*,*,#14348,.T.);
#14346=EDGE_CURVE('',#702,#76,#14349,.F.);
#14347=EDGE_CURVE('',#76,#290,#14350,.T.);
#14348=EDGE_CURVE('',#290,#702,#14351,.T.);
#14349=LINE('',#701,#14352);
#14350=LINE('',#75,#14353);
#14351=LINE('',#289,#14354);
#14352=VECTOR('',#14355,1.0);
#14353=VECTOR('',#14356,1.0);
#14354=VECTOR('',#14357,1.0);
#14355=DIRECTION('',(0,-0.9973815876651995,-0.07231852173852775));
#14356=DIRECTION('',(0,-0.5467926411928611,0.8372680619355637));
#14357=DIRECTION('',(0,0.8042526690227005,-0.594287509855173));
#14358=STYLED_ITEM('',(#25),#14359);
#14359=FACE_SURFACE('',(#14364),#14360,.T.);
#14360=PLANE('',#14361);
#14361=AXIS2_PLACEMENT_3D('',#701,#14362,#14363);
#14362=DIRECTION('',(-1,0,0));
#14363=DIRECTION('',(0,-0.8042526690227005,0.594287509855173));
#14364=FACE_BOUND('',#14365,.T.);
#14365=EDGE_LOOP('',(#14366,#14367,#14368));
#14366=ORIENTED_EDGE('',*,*,#14369,.T.);
#14367=ORIENTED_EDGE('',*,*,#14370,.T.);
#14368=ORIENTED_EDGE('',*,*,#14371,.T.);
#14369=EDGE_CURVE('',#702,#290,#14372,.F.);
#14370=EDGE_CURVE('',#290,#634,#14373,.T.);
#14371=EDGE_CURVE('',#634,#702,#14374,.T.);
#14372=LINE('',#701,#14375);
#14373=LINE('',#289,#14376);
#14374=LINE('',#633,#14377);
#14375=VECTOR('',#14378,1.0);
#14376=VECTOR('',#14379,1.0);
#14377=VECTOR('',#14380,1.0);
#14378=DIRECTION('',(0,-0.8042526690227005,0.594287509855173));
#14379=DIRECTION('',(0,0.9603339437978853,-0.27885249934257367));
#14380=DIRECTION('',(0,-0.7189285150233007,-0.695084016710492));
#14381=STYLED_ITEM('',(#25),#14382);
#14382=FACE_SURFACE('',(#14387),#14383,.T.);
#14383=PLANE('',#14384);
#14384=AXIS2_PLACEMENT_3D('',#633,#14385,#14386);
#14385=DIRECTION('',(-1,0,0));
#14386=DIRECTION('',(0,-0.9603339437978853,0.27885249934257367));
#14387=FACE_BOUND('',#14388,.T.);
#14388=EDGE_LOOP('',(#14389,#14390,#14391));
#14389=ORIENTED_EDGE('',*,*,#14392,.T.);
#14390=ORIENTED_EDGE('',*,*,#14393,.T.);
#14391=ORIENTED_EDGE('',*,*,#14394,.T.);
#14392=EDGE_CURVE('',#634,#290,#14395,.F.);
#14393=EDGE_CURVE('',#290,#692,#14396,.T.);
#14394=EDGE_CURVE('',#692,#634,#14397,.T.);
#14395=LINE('',#633,#14398);
#14396=LINE('',#289,#14399);
#14397=LINE('',#691,#14400);
#14398=VECTOR('',#14401,1.0);
#14399=VECTOR('',#14402,1.0);
#14400=VECTOR('',#14403,1.0);
#14401=DIRECTION('',(0,-0.9603339437978853,0.27885249934257367));
#14402=DIRECTION('',(0,0.9671416643852293,-0.2542380793865633));
#14403=DIRECTION('',(0,-0.588409205589457,-0.8085632979412214));
#14404=STYLED_ITEM('',(#25),#14405);
#14405=FACE_SURFACE('',(#14410),#14406,.T.);
#14406=PLANE('',#14407);
#14407=AXIS2_PLACEMENT_3D('',#691,#14408,#14409);
#14408=DIRECTION('',(-1,0,0));
#14409=DIRECTION('',(0,-0.9671416643852293,0.2542380793865633));
#14410=FACE_BOUND('',#14411,.T.);
#14411=EDGE_LOOP('',(#14412,#14413,#14414));
#14412=ORIENTED_EDGE('',*,*,#14415,.T.);
#14413=ORIENTED_EDGE('',*,*,#14416,.T.);
#14414=ORIENTED_EDGE('',*,*,#14417,.T.);
#14415=EDGE_CURVE('',#692,#290,#14418,.F.);
#14416=EDGE_CURVE('',#290,#292,#14419,.T.);
#14417=EDGE_CURVE('',#292,#692,#14420,.T.);
#14418=LINE('',#691,#14421);
#14419=LINE('',#289,#14422);
#14420=LINE('',#291,#14423);
#14421=VECTOR('',#14424,1.0);
#14422=VECTOR('',#14425,1.0);
#14423=VECTOR('',#14426,1.0);
#14424=DIRECTION('',(0,-0.9671416643852293,0.2542380793865633));
#14425=DIRECTION('',(0,0.020137646689886952,0.9997972170324306));
#14426=DIRECTION('',(0,0.9618264766677929,-0.27366006062416104));
#14427=STYLED_ITEM('',(#25),#14428);
#14428=FACE_SURFACE('',(#14433),#14429,.T.);
#14429=PLANE('',#14430);
#14430=AXIS2_PLACEMENT_3D('',#691,#14431,#14432);
#14431=DIRECTION('',(-1,0,0));
#14432=DIRECTION('',(0,-0.9618264766677929,0.27366006062416104));
#14433=FACE_BOUND('',#14434,.T.);
#14434=EDGE_LOOP('',(#14435,#14436,#14437));
#14435=ORIENTED_EDGE('',*,*,#14438,.T.);
#14436=ORIENTED_EDGE('',*,*,#14439,.T.);
#14437=ORIENTED_EDGE('',*,*,#14440,.T.);
#14438=EDGE_CURVE('',#692,#292,#14441,.F.);
#14439=EDGE_CURVE('',#292,#294,#14442,.T.);
#14440=EDGE_CURVE('',#294,#692,#14443,.T.);
#14441=LINE('',#691,#14444);
#14442=LINE('',#291,#14445);
#14443=LINE('',#293,#14446);
#14444=VECTOR('',#14447,1.0);
#14445=VECTOR('',#14448,1.0);
#14446=VECTOR('',#14449,1.0);
#14447=DIRECTION('',(0,-0.9618264766677929,0.27366006062416104));
#14448=DIRECTION('',(0,0.060373235134717484,0.9981758725191509));
#14449=DIRECTION('',(0,0.956121128572641,-0.292971649647162));
#14450=STYLED_ITEM('',(#25),#14451);
#14451=FACE_SURFACE('',(#14456),#14452,.T.);
#14452=PLANE('',#14453);
#14453=AXIS2_PLACEMENT_3D('',#77,#14454,#14455);
#14454=DIRECTION('',(-1,0,0));
#14455=DIRECTION('',(0,0.22950254164650435,0.9733080619093806));
#14456=FACE_BOUND('',#14457,.T.);
#14457=EDGE_LOOP('',(#14458,#14459,#14460));
#14458=ORIENTED_EDGE('',*,*,#14461,.T.);
#14459=ORIENTED_EDGE('',*,*,#14462,.T.);
#14460=ORIENTED_EDGE('',*,*,#14463,.T.);
#14461=EDGE_CURVE('',#78,#716,#14464,.F.);
#14462=EDGE_CURVE('',#716,#76,#14465,.T.);
#14463=EDGE_CURVE('',#76,#78,#14466,.T.);
#14464=LINE('',#77,#14467);
#14465=LINE('',#715,#14468);
#14466=LINE('',#75,#14469);
#14467=VECTOR('',#14470,1.0);
#14468=VECTOR('',#14471,1.0);
#14469=VECTOR('',#14472,1.0);
#14470=DIRECTION('',(0,0.22950254164650435,0.9733080619093806));
#14471=DIRECTION('',(0,0.8857837988511139,-0.4640981164504865));
#14472=DIRECTION('',(0,-0.9733089406423667,0.22949881495474816));
#14473=STYLED_ITEM('',(#25),#14474);
#14474=FACE_SURFACE('',(#14479),#14475,.T.);
#14475=PLANE('',#14476);
#14476=AXIS2_PLACEMENT_3D('',#75,#14477,#14478);
#14477=DIRECTION('',(-1,0,0));
#14478=DIRECTION('',(0,-0.8857837988511139,0.4640981164504865));
#14479=FACE_BOUND('',#14480,.T.);
#14480=EDGE_LOOP('',(#14481,#14482,#14483));
#14481=ORIENTED_EDGE('',*,*,#14484,.T.);
#14482=ORIENTED_EDGE('',*,*,#14485,.T.);
#14483=ORIENTED_EDGE('',*,*,#14486,.T.);
#14484=EDGE_CURVE('',#76,#716,#14487,.F.);
#14485=EDGE_CURVE('',#716,#718,#14488,.T.);
#14486=EDGE_CURVE('',#718,#76,#14489,.T.);
#14487=LINE('',#75,#14490);
#14488=LINE('',#715,#14491);
#14489=LINE('',#717,#14492);
#14490=VECTOR('',#14493,1.0);
#14491=VECTOR('',#14494,1.0);
#14492=VECTOR('',#14495,1.0);
#14493=DIRECTION('',(0,-0.8857837988511139,0.4640981164504865));
#14494=DIRECTION('',(0,-0.31096190888173186,0.9504223751704447));
#14495=DIRECTION('',(0,0.6786031458742651,-0.7345051193896138));
#14496=STYLED_ITEM('',(#25),#14497);
#14497=FACE_SURFACE('',(#14502),#14498,.T.);
#14498=PLANE('',#14499);
#14499=AXIS2_PLACEMENT_3D('',#75,#14500,#14501);
#14500=DIRECTION('',(-1,0,0));
#14501=DIRECTION('',(0,-0.6786031458742651,0.7345051193896138));
#14502=FACE_BOUND('',#14503,.T.);
#14503=EDGE_LOOP('',(#14504,#14505,#14506));
#14504=ORIENTED_EDGE('',*,*,#14507,.T.);
#14505=ORIENTED_EDGE('',*,*,#14508,.T.);
#14506=ORIENTED_EDGE('',*,*,#14509,.T.);
#14507=EDGE_CURVE('',#76,#718,#14510,.F.);
#14508=EDGE_CURVE('',#718,#290,#14511,.T.);
#14509=EDGE_CURVE('',#290,#76,#14512,.T.);
#14510=LINE('',#75,#14513);
#14511=LINE('',#717,#14514);
#14512=LINE('',#289,#14515);
#14513=VECTOR('',#14516,1.0);
#14514=VECTOR('',#14517,1.0);
#14515=VECTOR('',#14518,1.0);
#14516=DIRECTION('',(0,-0.6786031458742651,0.7345051193896138));
#14517=DIRECTION('',(0,0,1));
#14518=DIRECTION('',(0,0.5467926411928611,-0.8372680619355637));
#14519=STYLED_ITEM('',(#25),#14520);
#14520=FACE_SURFACE('',(#14525),#14521,.T.);
#14521=PLANE('',#14522);
#14522=AXIS2_PLACEMENT_3D('',#293,#14523,#14524);
#14523=DIRECTION('',(-1,0,0));
#14524=DIRECTION('',(0,0.10051651144478188,0.9949353903279202));
#14525=FACE_BOUND('',#14526,.T.);
#14526=EDGE_LOOP('',(#14527,#14528,#14529));
#14527=ORIENTED_EDGE('',*,*,#14530,.T.);
#14528=ORIENTED_EDGE('',*,*,#14531,.T.);
#14529=ORIENTED_EDGE('',*,*,#14532,.T.);
#14530=EDGE_CURVE('',#294,#298,#14533,.F.);
#14531=EDGE_CURVE('',#298,#692,#14534,.T.);
#14532=EDGE_CURVE('',#692,#294,#14535,.T.);
#14533=LINE('',#293,#14536);
#14534=LINE('',#297,#14537);
#14535=LINE('',#691,#14538);
#14536=VECTOR('',#14539,1.0);
#14537=VECTOR('',#14540,1.0);
#14538=VECTOR('',#14541,1.0);
#14539=DIRECTION('',(0,0.10051651144478188,0.9949353903279202));
#14540=DIRECTION('',(0,0.9500281931480594,-0.31216411104390834));
#14541=DIRECTION('',(0,-0.956121128572641,0.292971649647162));
#14542=STYLED_ITEM('',(#25),#14543);
#14543=FACE_SURFACE('',(#14548),#14544,.T.);
#14544=PLANE('',#14545);
#14545=AXIS2_PLACEMENT_3D('',#691,#14546,#14547);
#14546=DIRECTION('',(-1,0,0));
#14547=DIRECTION('',(0,-0.9500281931480594,0.31216411104390834));
#14548=FACE_BOUND('',#14549,.T.);
#14549=EDGE_LOOP('',(#14550,#14551,#14552));
#14550=ORIENTED_EDGE('',*,*,#14553,.T.);
#14551=ORIENTED_EDGE('',*,*,#14554,.T.);
#14552=ORIENTED_EDGE('',*,*,#14555,.T.);
#14553=EDGE_CURVE('',#692,#298,#14556,.F.);
#14554=EDGE_CURVE('',#298,#302,#14557,.T.);
#14555=EDGE_CURVE('',#302,#692,#14558,.T.);
#14556=LINE('',#691,#14559);
#14557=LINE('',#297,#14560);
#14558=LINE('',#301,#14561);
#14559=VECTOR('',#14562,1.0);
#14560=VECTOR('',#14563,1.0);
#14561=VECTOR('',#14564,1.0);
#14562=DIRECTION('',(0,-0.9500281931480594,0.31216411104390834));
#14563=DIRECTION('',(0,0.1405063093475497,0.9900797831657461));
#14564=DIRECTION('',(0,0.943549988693125,-0.33123015991483007));
#14565=STYLED_ITEM('',(#25),#14566);
#14566=FACE_SURFACE('',(#14571),#14567,.T.);
#14567=PLANE('',#14568);
#14568=AXIS2_PLACEMENT_3D('',#691,#14569,#14570);
#14569=DIRECTION('',(-1,0,0));
#14570=DIRECTION('',(0,-0.943549988693125,0.33123015991483007));
#14571=FACE_BOUND('',#14572,.T.);
#14572=EDGE_LOOP('',(#14573,#14574,#14575));
#14573=ORIENTED_EDGE('',*,*,#14576,.T.);
#14574=ORIENTED_EDGE('',*,*,#14577,.T.);
#14575=ORIENTED_EDGE('',*,*,#14578,.T.);
#14576=EDGE_CURVE('',#692,#302,#14579,.F.);
#14577=EDGE_CURVE('',#302,#306,#14580,.T.);
#14578=EDGE_CURVE('',#306,#692,#14581,.T.);
#14579=LINE('',#691,#14582);
#14580=LINE('',#301,#14583);
#14581=LINE('',#305,#14584);
#14582=VECTOR('',#14585,1.0);
#14583=VECTOR('',#14586,1.0);
#14584=VECTOR('',#14587,1.0);
#14585=DIRECTION('',(0,-0.943549988693125,0.33123015991483007));
#14586=DIRECTION('',(0,0.18024722735729523,0.9836213382343876));
#14587=DIRECTION('',(0,0.9366890779986229,-0.3501622069242907));
#14588=STYLED_ITEM('',(#25),#14589);
#14589=FACE_SURFACE('',(#14594),#14590,.T.);
#14590=PLANE('',#14591);
#14591=AXIS2_PLACEMENT_3D('',#305,#14592,#14593);
#14592=DIRECTION('',(-1,0,0));
#14593=DIRECTION('',(0,0.21971953739395766,0.9755630809370479));
#14594=FACE_BOUND('',#14595,.T.);
#14595=EDGE_LOOP('',(#14596,#14597,#14598));
#14596=ORIENTED_EDGE('',*,*,#14599,.T.);
#14597=ORIENTED_EDGE('',*,*,#14600,.T.);
#14598=ORIENTED_EDGE('',*,*,#14601,.T.);
#14599=EDGE_CURVE('',#306,#310,#14602,.F.);
#14600=EDGE_CURVE('',#310,#692,#14603,.T.);
#14601=EDGE_CURVE('',#692,#306,#14604,.T.);
#14602=LINE('',#305,#14605);
#14603=LINE('',#309,#14606);
#14604=LINE('',#691,#14607);
#14605=VECTOR('',#14608,1.0);
#14606=VECTOR('',#14609,1.0);
#14607=VECTOR('',#14610,1.0);
#14608=DIRECTION('',(0,0.21971953739395766,0.9755630809370479));
#14609=DIRECTION('',(0,0.9294481287619224,-0.3689528099106452));
#14610=DIRECTION('',(0,-0.9366890779986229,0.3501622069242907));
#14611=STYLED_ITEM('',(#25),#14612);
#14612=FACE_SURFACE('',(#14617),#14613,.T.);
#14613=PLANE('',#14614);
#14614=AXIS2_PLACEMENT_3D('',#691,#14615,#14616);
#14615=DIRECTION('',(-1,0,0));
#14616=DIRECTION('',(0,-0.9294481287619224,0.3689528099106452));
#14617=FACE_BOUND('',#14618,.T.);
#14618=EDGE_LOOP('',(#14619,#14620,#14621));
#14619=ORIENTED_EDGE('',*,*,#14622,.T.);
#14620=ORIENTED_EDGE('',*,*,#14623,.T.);
#14621=ORIENTED_EDGE('',*,*,#14624,.T.);
#14622=EDGE_CURVE('',#692,#310,#14625,.F.);
#14623=EDGE_CURVE('',#310,#314,#14626,.T.);
#14624=EDGE_CURVE('',#314,#692,#14627,.T.);
#14625=LINE('',#691,#14628);
#14626=LINE('',#309,#14629);
#14627=LINE('',#313,#14630);
#14628=VECTOR('',#14631,1.0);
#14629=VECTOR('',#14632,1.0);
#14630=VECTOR('',#14633,1.0);
#14631=DIRECTION('',(0,-0.9294481287619224,0.3689528099106452));
#14632=DIRECTION('',(0,0.25881562630317306,0.965926742347108));
#14633=DIRECTION('',(0,0.9218307821193863,-0.3875925813752897));
#14634=STYLED_ITEM('',(#25),#14635);
#14635=FACE_SURFACE('',(#14640),#14636,.T.);
#14636=PLANE('',#14637);
#14637=AXIS2_PLACEMENT_3D('',#691,#14638,#14639);
#14638=DIRECTION('',(-1,0,0));
#14639=DIRECTION('',(0,-0.9218307821193863,0.3875925813752897));
#14640=FACE_BOUND('',#14641,.T.);
#14641=EDGE_LOOP('',(#14642,#14643,#14644));
#14642=ORIENTED_EDGE('',*,*,#14645,.T.);
#14643=ORIENTED_EDGE('',*,*,#14646,.T.);
#14644=ORIENTED_EDGE('',*,*,#14647,.T.);
#14645=EDGE_CURVE('',#692,#314,#14648,.F.);
#14646=EDGE_CURVE('',#314,#318,#14649,.T.);
#14647=EDGE_CURVE('',#318,#692,#14650,.T.);
#14648=LINE('',#691,#14651);
#14649=LINE('',#313,#14652);
#14650=LINE('',#317,#14653);
#14651=VECTOR('',#14654,1.0);
#14652=VECTOR('',#14655,1.0);
#14653=VECTOR('',#14656,1.0);
#14654=DIRECTION('',(0,-0.9218307821193863,0.3875925813752897));
#14655=DIRECTION('',(0,0.29749830276867073,0.9547223469940149));
#14656=DIRECTION('',(0,0.9138391057928377,-0.4060764567464445));
#14657=STYLED_ITEM('',(#25),#14658);
#14658=FACE_SURFACE('',(#14663),#14659,.T.);
#14659=PLANE('',#14660);
#14660=AXIS2_PLACEMENT_3D('',#317,#14661,#14662);
#14661=DIRECTION('',(-1,0,0));
#14662=DIRECTION('',(0,0.33570508625329315,0.9419671411804496));
#14663=FACE_BOUND('',#14664,.T.);
#14664=EDGE_LOOP('',(#14665,#14666,#14667));
#14665=ORIENTED_EDGE('',*,*,#14668,.T.);
#14666=ORIENTED_EDGE('',*,*,#14669,.T.);
#14667=ORIENTED_EDGE('',*,*,#14670,.T.);
#14668=EDGE_CURVE('',#318,#322,#14671,.F.);
#14669=EDGE_CURVE('',#322,#692,#14672,.T.);
#14670=EDGE_CURVE('',#692,#318,#14673,.T.);
#14671=LINE('',#317,#14674);
#14672=LINE('',#321,#14675);
#14673=LINE('',#691,#14676);
#14674=VECTOR('',#14677,1.0);
#14675=VECTOR('',#14678,1.0);
#14676=VECTOR('',#14679,1.0);
#14677=DIRECTION('',(0,0.33570508625329315,0.9419671411804496));
#14678=DIRECTION('',(0,0.9054772980928507,-0.4243947014731341));
#14679=DIRECTION('',(0,-0.9138391057928377,0.4060764567464445));
#14680=STYLED_ITEM('',(#25),#14681);
#14681=FACE_SURFACE('',(#14686),#14682,.T.);
#14682=PLANE('',#14683);
#14683=AXIS2_PLACEMENT_3D('',#691,#14684,#14685);
#14684=DIRECTION('',(-1,0,0));
#14685=DIRECTION('',(0,-0.9054772980928507,0.4243947014731341));
#14686=FACE_BOUND('',#14687,.T.);
#14687=EDGE_LOOP('',(#14688,#14689,#14690));
#14688=ORIENTED_EDGE('',*,*,#14691,.T.);
#14689=ORIENTED_EDGE('',*,*,#14692,.T.);
#14690=ORIENTED_EDGE('',*,*,#14693,.T.);
#14691=EDGE_CURVE('',#692,#322,#14694,.F.);
#14692=EDGE_CURVE('',#322,#326,#14695,.T.);
#14693=EDGE_CURVE('',#326,#692,#14696,.T.);
#14694=LINE('',#691,#14697);
#14695=LINE('',#321,#14698);
#14696=LINE('',#325,#14699);
#14697=VECTOR('',#14700,1.0);
#14698=VECTOR('',#14701,1.0);
#14699=VECTOR('',#14702,1.0);
#14700=DIRECTION('',(0,-0.9054772980928507,0.4243947014731341));
#14701=DIRECTION('',(0,0.3733790064096771,0.9276788871007696));
#14702=DIRECTION('',(0,0.8967486446820685,-0.44254024479235043));
#14703=STYLED_ITEM('',(#25),#14704);
#14704=FACE_SURFACE('',(#14709),#14705,.T.);
#14705=PLANE('',#14706);
#14706=AXIS2_PLACEMENT_3D('',#691,#14707,#14708);
#14707=DIRECTION('',(-1,0,0));
#14708=DIRECTION('',(0,-0.8967486446820685,0.44254024479235043));
#14709=FACE_BOUND('',#14710,.T.);
#14710=EDGE_LOOP('',(#14711,#14712,#14713));
#14711=ORIENTED_EDGE('',*,*,#14714,.T.);
#14712=ORIENTED_EDGE('',*,*,#14715,.T.);
#14713=ORIENTED_EDGE('',*,*,#14716,.T.);
#14714=EDGE_CURVE('',#692,#326,#14717,.F.);
#14715=EDGE_CURVE('',#326,#330,#14718,.T.);
#14716=EDGE_CURVE('',#330,#692,#14719,.T.);
#14717=LINE('',#691,#14720);
#14718=LINE('',#325,#14721);
#14719=LINE('',#329,#14722);
#14720=VECTOR('',#14723,1.0);
#14721=VECTOR('',#14724,1.0);
#14722=VECTOR('',#14725,1.0);
#14723=DIRECTION('',(0,-0.8967486446820685,0.44254024479235043));
#14724=DIRECTION('',(0,0.4103961828126603,0.911907327052918));
#14725=DIRECTION('',(0,0.8876555533245931,-0.46050800063843655));
#14726=STYLED_ITEM('',(#25),#14727);
#14727=FACE_SURFACE('',(#14732),#14728,.T.);
#14728=PLANE('',#14729);
#14729=AXIS2_PLACEMENT_3D('',#329,#14730,#14731);
#14730=DIRECTION('',(-1,0,0));
#14731=DIRECTION('',(0,0.44681951132126013,0.894624124592351));
#14732=FACE_BOUND('',#14733,.T.);
#14733=EDGE_LOOP('',(#14734,#14735,#14736));
#14734=ORIENTED_EDGE('',*,*,#14737,.T.);
#14735=ORIENTED_EDGE('',*,*,#14738,.T.);
#14736=ORIENTED_EDGE('',*,*,#14739,.T.);
#14737=EDGE_CURVE('',#330,#334,#14740,.F.);
#14738=EDGE_CURVE('',#334,#692,#14741,.T.);
#14739=EDGE_CURVE('',#692,#330,#14742,.T.);
#14740=LINE('',#329,#14743);
#14741=LINE('',#333,#14744);
#14742=LINE('',#691,#14745);
#14743=VECTOR('',#14746,1.0);
#14744=VECTOR('',#14747,1.0);
#14745=VECTOR('',#14748,1.0);
#14746=DIRECTION('',(0,0.44681951132126013,0.894624124592351));
#14747=DIRECTION('',(0,0.878203217463108,-0.4782876841791403));
#14748=DIRECTION('',(0,-0.8876555533245931,0.46050800063843655));
#14749=STYLED_ITEM('',(#25),#14750);
#14750=FACE_SURFACE('',(#14755),#14751,.T.);
#14751=PLANE('',#14752);
#14752=AXIS2_PLACEMENT_3D('',#691,#14753,#14754);
#14753=DIRECTION('',(-1,0,0));
#14754=DIRECTION('',(0,-0.878203217463108,0.4782876841791403));
#14755=FACE_BOUND('',#14756,.T.);
#14756=EDGE_LOOP('',(#14757,#14758,#14759));
#14757=ORIENTED_EDGE('',*,*,#14760,.T.);
#14758=ORIENTED_EDGE('',*,*,#14761,.T.);
#14759=ORIENTED_EDGE('',*,*,#14762,.T.);
#14760=EDGE_CURVE('',#692,#334,#14763,.F.);
#14761=EDGE_CURVE('',#334,#622,#14764,.T.);
#14762=EDGE_CURVE('',#622,#692,#14765,.T.);
#14763=LINE('',#691,#14766);
#14764=LINE('',#333,#14767);
#14765=LINE('',#621,#14768);
#14766=VECTOR('',#14769,1.0);
#14767=VECTOR('',#14770,1.0);
#14768=VECTOR('',#14771,1.0);
#14769=DIRECTION('',(0,-0.878203217463108,0.4782876841791403));
#14770=DIRECTION('',(0,0.8904172075822171,-0.4551452476314422));
#14771=DIRECTION('',(0,-0.5731056083598224,-0.819481520027461));
#14772=STYLED_ITEM('',(#25),#14773);
#14773=FACE_SURFACE('',(#14778),#14774,.T.);
#14774=PLANE('',#14775);
#14775=AXIS2_PLACEMENT_3D('',#621,#14776,#14777);
#14776=DIRECTION('',(-1,0,0));
#14777=DIRECTION('',(0,-0.8904172075822171,0.4551452476314422));
#14778=FACE_BOUND('',#14779,.T.);
#14779=EDGE_LOOP('',(#14780,#14781,#14782));
#14780=ORIENTED_EDGE('',*,*,#14783,.T.);
#14781=ORIENTED_EDGE('',*,*,#14784,.T.);
#14782=ORIENTED_EDGE('',*,*,#14785,.T.);
#14783=EDGE_CURVE('',#622,#334,#14786,.F.);
#14784=EDGE_CURVE('',#334,#620,#14787,.T.);
#14785=EDGE_CURVE('',#620,#622,#14788,.T.);
#14786=LINE('',#621,#14789);
#14787=LINE('',#333,#14790);
#14788=LINE('',#619,#14791);
#14789=VECTOR('',#14792,1.0);
#14790=VECTOR('',#14793,1.0);
#14791=VECTOR('',#14794,1.0);
#14792=DIRECTION('',(0,-0.8904172075822171,0.4551452476314422));
#14793=DIRECTION('',(0,0.9020290709135331,-0.43167528910845515));
#14794=DIRECTION('',(0,-0.5583718048539423,-0.8295908193465926));
#14795=STYLED_ITEM('',(#25),#14796);
#14796=FACE_SURFACE('',(#14801),#14797,.T.);
#14797=PLANE('',#14798);
#14798=AXIS2_PLACEMENT_3D('',#619,#14799,#14800);
#14799=DIRECTION('',(-1,0,0));
#14800=DIRECTION('',(0,-0.9020290709135331,0.43167528910845515));
#14801=FACE_BOUND('',#14802,.T.);
#14802=EDGE_LOOP('',(#14803,#14804,#14805));
#14803=ORIENTED_EDGE('',*,*,#14806,.T.);
#14804=ORIENTED_EDGE('',*,*,#14807,.T.);
#14805=ORIENTED_EDGE('',*,*,#14808,.T.);
#14806=EDGE_CURVE('',#620,#334,#14809,.F.);
#14807=EDGE_CURVE('',#334,#338,#14810,.T.);
#14808=EDGE_CURVE('',#338,#620,#14811,.T.);
#14809=LINE('',#619,#14812);
#14810=LINE('',#333,#14813);
#14811=LINE('',#337,#14814);
#14812=VECTOR('',#14815,1.0);
#14813=VECTOR('',#14816,1.0);
#14814=VECTOR('',#14817,1.0);
#14815=DIRECTION('',(0,-0.9020290709135331,0.43167528910845515));
#14816=DIRECTION('',(0,0.4824422343330263,0.8759277884230853));
#14817=DIRECTION('',(0,0.8932201529650524,-0.4496195706784665));
#14818=STYLED_ITEM('',(#25),#14819);
#14819=FACE_SURFACE('',(#14824),#14820,.T.);
#14820=PLANE('',#14821);
#14821=AXIS2_PLACEMENT_3D('',#619,#14822,#14823);
#14822=DIRECTION('',(-1,0,0));
#14823=DIRECTION('',(0,-0.8932201529650524,0.4496195706784665));
#14824=FACE_BOUND('',#14825,.T.);
#14825=EDGE_LOOP('',(#14826,#14827,#14828));
#14826=ORIENTED_EDGE('',*,*,#14829,.T.);
#14827=ORIENTED_EDGE('',*,*,#14830,.T.);
#14828=ORIENTED_EDGE('',*,*,#14831,.T.);
#14829=EDGE_CURVE('',#620,#338,#14832,.F.);
#14830=EDGE_CURVE('',#338,#342,#14833,.T.);
#14831=EDGE_CURVE('',#342,#620,#14834,.T.);
#14832=LINE('',#619,#14835);
#14833=LINE('',#337,#14836);
#14834=LINE('',#341,#14837);
#14835=VECTOR('',#14838,1.0);
#14836=VECTOR('',#14839,1.0);
#14837=VECTOR('',#14840,1.0);
#14838=DIRECTION('',(0,-0.8932201529650524,0.4496195706784665));
#14839=DIRECTION('',(0,0.5173596526008748,0.8557680701339014));
#14840=DIRECTION('',(0,0.8840552739932017,-0.46738236223118756));
#14841=STYLED_ITEM('',(#25),#14842);
#14842=FACE_SURFACE('',(#14847),#14843,.T.);
#14843=PLANE('',#14844);
#14844=AXIS2_PLACEMENT_3D('',#341,#14845,#14846);
#14845=DIRECTION('',(-1,0,0));
#14846=DIRECTION('',(0,0.5513646386610103,0.8342643677121862));
#14847=FACE_BOUND('',#14848,.T.);
#14848=EDGE_LOOP('',(#14849,#14850,#14851));
#14849=ORIENTED_EDGE('',*,*,#14852,.T.);
#14850=ORIENTED_EDGE('',*,*,#14853,.T.);
#14851=ORIENTED_EDGE('',*,*,#14854,.T.);
#14852=EDGE_CURVE('',#342,#346,#14855,.F.);
#14853=EDGE_CURVE('',#346,#620,#14856,.T.);
#14854=EDGE_CURVE('',#620,#342,#14857,.T.);
#14855=LINE('',#341,#14858);
#14856=LINE('',#345,#14859);
#14857=LINE('',#619,#14860);
#14858=VECTOR('',#14861,1.0);
#14859=VECTOR('',#14862,1.0);
#14860=VECTOR('',#14863,1.0);
#14861=DIRECTION('',(0,0.5513646386610103,0.8342643677121862));
#14862=DIRECTION('',(0,0.8745367217075126,-0.48495929972016916));
#14863=DIRECTION('',(0,-0.8840552739932017,0.46738236223118756));
#14864=STYLED_ITEM('',(#25),#14865);
#14865=FACE_SURFACE('',(#14870),#14866,.T.);
#14866=PLANE('',#14867);
#14867=AXIS2_PLACEMENT_3D('',#619,#14868,#14869);
#14868=DIRECTION('',(-1,0,0));
#14869=DIRECTION('',(0,-0.8745367217075126,0.48495929972016916));
#14870=FACE_BOUND('',#14871,.T.);
#14871=EDGE_LOOP('',(#14872,#14873,#14874));
#14872=ORIENTED_EDGE('',*,*,#14875,.T.);
#14873=ORIENTED_EDGE('',*,*,#14876,.T.);
#14874=ORIENTED_EDGE('',*,*,#14877,.T.);
#14875=EDGE_CURVE('',#620,#346,#14878,.F.);
#14876=EDGE_CURVE('',#346,#350,#14879,.T.);
#14877=EDGE_CURVE('',#350,#620,#14880,.T.);
#14878=LINE('',#619,#14881);
#14879=LINE('',#345,#14882);
#14880=LINE('',#349,#14883);
#14881=VECTOR('',#14884,1.0);
#14882=VECTOR('',#14885,1.0);
#14883=VECTOR('',#14886,1.0);
#14884=DIRECTION('',(0,-0.8745367217075126,0.48495929972016916));
#14885=DIRECTION('',(0,0.5845162967215384,0.8113819685369761));
#14886=DIRECTION('',(0,0.8646690637408665,-0.5023419255940055));
#14887=STYLED_ITEM('',(#25),#14888);
#14888=FACE_SURFACE('',(#14893),#14889,.T.);
#14889=PLANE('',#14890);
#14890=AXIS2_PLACEMENT_3D('',#619,#14891,#14892);
#14891=DIRECTION('',(-1,0,0));
#14892=DIRECTION('',(0,-0.8646690637408665,0.5023419255940055));
#14893=FACE_BOUND('',#14894,.T.);
#14894=EDGE_LOOP('',(#14895,#14896,#14897));
#14895=ORIENTED_EDGE('',*,*,#14898,.T.);
#14896=ORIENTED_EDGE('',*,*,#14899,.T.);
#14897=ORIENTED_EDGE('',*,*,#14900,.T.);
#14898=EDGE_CURVE('',#620,#350,#14901,.F.);
#14899=EDGE_CURVE('',#350,#354,#14902,.T.);
#14900=EDGE_CURVE('',#354,#620,#14903,.T.);
#14901=LINE('',#619,#14904);
#14902=LINE('',#349,#14905);
#14903=LINE('',#353,#14906);
#14904=VECTOR('',#14907,1.0);
#14905=VECTOR('',#14908,1.0);
#14906=VECTOR('',#14909,1.0);
#14907=DIRECTION('',(0,-0.8646690637408665,0.5023419255940055));
#14908=DIRECTION('',(0,0.6167316320363128,0.7871734840845606));
#14909=DIRECTION('',(0,0.8544568628959172,-0.5195223474019841));
#14910=STYLED_ITEM('',(#25),#14911);
#14911=FACE_SURFACE('',(#14916),#14912,.T.);
#14912=PLANE('',#14913);
#14913=AXIS2_PLACEMENT_3D('',#353,#14914,#14915);
#14914=DIRECTION('',(-1,0,0));
#14915=DIRECTION('',(0,0.6478991222486277,0.7617261498658543));
#14916=FACE_BOUND('',#14917,.T.);
#14917=EDGE_LOOP('',(#14918,#14919,#14920));
#14918=ORIENTED_EDGE('',*,*,#14921,.T.);
#14919=ORIENTED_EDGE('',*,*,#14922,.T.);
#14920=ORIENTED_EDGE('',*,*,#14923,.T.);
#14921=EDGE_CURVE('',#354,#358,#14924,.F.);
#14922=EDGE_CURVE('',#358,#620,#14925,.T.);
#14923=EDGE_CURVE('',#620,#354,#14926,.T.);
#14924=LINE('',#353,#14927);
#14925=LINE('',#357,#14928);
#14926=LINE('',#619,#14929);
#14927=VECTOR('',#14930,1.0);
#14928=VECTOR('',#14931,1.0);
#14929=VECTOR('',#14932,1.0);
#14930=DIRECTION('',(0,0.6478991222486277,0.7617261498658543));
#14931=DIRECTION('',(0,0.8439028674353566,-0.5364959928409373));
#14932=DIRECTION('',(0,-0.8544568628959172,0.5195223474019841));
#14933=STYLED_ITEM('',(#25),#14934);
#14934=FACE_SURFACE('',(#14939),#14935,.T.);
#14935=PLANE('',#14936);
#14936=AXIS2_PLACEMENT_3D('',#619,#14937,#14938);
#14937=DIRECTION('',(-1,0,0));
#14938=DIRECTION('',(0,-0.8439028674353566,0.5364959928409373));
#14939=FACE_BOUND('',#14940,.T.);
#14940=EDGE_LOOP('',(#14941,#14942,#14943));
#14941=ORIENTED_EDGE('',*,*,#14944,.T.);
#14942=ORIENTED_EDGE('',*,*,#14945,.T.);
#14943=ORIENTED_EDGE('',*,*,#14946,.T.);
#14944=EDGE_CURVE('',#620,#358,#14947,.F.);
#14945=EDGE_CURVE('',#358,#362,#14948,.T.);
#14946=EDGE_CURVE('',#362,#620,#14949,.T.);
#14947=LINE('',#619,#14950);
#14948=LINE('',#357,#14951);
#14949=LINE('',#361,#14952);
#14950=VECTOR('',#14953,1.0);
#14951=VECTOR('',#14954,1.0);
#14952=VECTOR('',#14955,1.0);
#14953=DIRECTION('',(0,-0.8439028674353566,0.5364959928409373));
#14954=DIRECTION('',(0,0.6780511115359318,0.7350147550525006));
#14955=DIRECTION('',(0,0.8330128295955405,-0.553253672133526));
#14956=STYLED_ITEM('',(#25),#14957);
#14957=FACE_SURFACE('',(#14962),#14958,.T.);
#14958=PLANE('',#14959);
#14959=AXIS2_PLACEMENT_3D('',#619,#14960,#14961);
#14960=DIRECTION('',(-1,0,0));
#14961=DIRECTION('',(0,-0.8330128295955405,0.553253672133526));
#14962=FACE_BOUND('',#14963,.T.);
#14963=EDGE_LOOP('',(#14964,#14965,#14966));
#14964=ORIENTED_EDGE('',*,*,#14967,.T.);
#14965=ORIENTED_EDGE('',*,*,#14968,.T.);
#14966=ORIENTED_EDGE('',*,*,#14969,.T.);
#14967=EDGE_CURVE('',#620,#362,#14970,.F.);
#14968=EDGE_CURVE('',#362,#366,#14971,.T.);
#14969=EDGE_CURVE('',#366,#620,#14972,.T.);
#14970=LINE('',#619,#14973);
#14971=LINE('',#361,#14974);
#14972=LINE('',#365,#14975);
#14973=VECTOR('',#14976,1.0);
#14974=VECTOR('',#14977,1.0);
#14975=VECTOR('',#14978,1.0);
#14976=DIRECTION('',(0,-0.8330128295955405,0.553253672133526));
#14977=DIRECTION('',(0,0.7071351971182442,0.7070783641128767));
#14978=DIRECTION('',(0,0.8217912143797972,-0.5697887327494098));
#14979=STYLED_ITEM('',(#25),#14980);
#14980=FACE_SURFACE('',(#14985),#14981,.T.);
#14981=PLANE('',#14982);
#14982=AXIS2_PLACEMENT_3D('',#365,#14983,#14984);
#14983=DIRECTION('',(-1,0,0));
#14984=DIRECTION('',(0,0.7349864321881057,0.6780818125413771));
#14985=FACE_BOUND('',#14986,.T.);
#14986=EDGE_LOOP('',(#14987,#14988,#14989));
#14987=ORIENTED_EDGE('',*,*,#14990,.T.);
#14988=ORIENTED_EDGE('',*,*,#14991,.T.);
#14989=ORIENTED_EDGE('',*,*,#14992,.T.);
#14990=EDGE_CURVE('',#366,#370,#14993,.F.);
#14991=EDGE_CURVE('',#370,#620,#14994,.T.);
#14992=EDGE_CURVE('',#620,#366,#14995,.T.);
#14993=LINE('',#365,#14996);
#14994=LINE('',#369,#14997);
#14995=LINE('',#619,#14998);
#14996=VECTOR('',#14999,1.0);
#14997=VECTOR('',#15000,1.0);
#14998=VECTOR('',#15001,1.0);
#14999=DIRECTION('',(0,0.7349864321881057,0.6780818125413771));
#15000=DIRECTION('',(0,0.8102411430535783,-0.5860966559393005));
#15001=DIRECTION('',(0,-0.8217912143797972,0.5697887327494098));
#15002=STYLED_ITEM('',(#25),#15003);
#15003=FACE_SURFACE('',(#15008),#15004,.T.);
#15004=PLANE('',#15005);
#15005=AXIS2_PLACEMENT_3D('',#619,#15006,#15007);
#15006=DIRECTION('',(-1,0,0));
#15007=DIRECTION('',(0,-0.8102411430535783,0.5860966559393005));
#15008=FACE_BOUND('',#15009,.T.);
#15009=EDGE_LOOP('',(#15010,#15011,#15012));
#15010=ORIENTED_EDGE('',*,*,#15013,.T.);
#15011=ORIENTED_EDGE('',*,*,#15014,.T.);
#15012=ORIENTED_EDGE('',*,*,#15015,.T.);
#15013=EDGE_CURVE('',#620,#370,#15016,.F.);
#15014=EDGE_CURVE('',#370,#374,#15017,.T.);
#15015=EDGE_CURVE('',#374,#620,#15018,.T.);
#15016=LINE('',#619,#15019);
#15017=LINE('',#369,#15020);
#15018=LINE('',#373,#15021);
#15019=VECTOR('',#15022,1.0);
#15020=VECTOR('',#15023,1.0);
#15021=VECTOR('',#15024,1.0);
#15022=DIRECTION('',(0,-0.8102411430535783,0.5860966559393005));
#15023=DIRECTION('',(0,0.7617303411815367,0.647894194543723));
#15024=DIRECTION('',(0,0.7983693296158998,-0.602168094080597));
#15025=STYLED_ITEM('',(#25),#15026);
#15026=FACE_SURFACE('',(#15031),#15027,.T.);
#15027=PLANE('',#15028);
#15028=AXIS2_PLACEMENT_3D('',#619,#15029,#15030);
#15029=DIRECTION('',(-1,0,0));
#15030=DIRECTION('',(0,-0.7983693296158998,0.602168094080597));
#15031=FACE_BOUND('',#15032,.T.);
#15032=EDGE_LOOP('',(#15033,#15034,#15035));
#15033=ORIENTED_EDGE('',*,*,#15036,.T.);
#15034=ORIENTED_EDGE('',*,*,#15037,.T.);
#15035=ORIENTED_EDGE('',*,*,#15038,.T.);
#15036=EDGE_CURVE('',#620,#374,#15039,.F.);
#15037=EDGE_CURVE('',#374,#378,#15040,.T.);
#15038=EDGE_CURVE('',#378,#620,#15041,.T.);
#15039=LINE('',#619,#15042);
#15040=LINE('',#373,#15043);
#15041=LINE('',#377,#15044);
#15042=VECTOR('',#15045,1.0);
#15043=VECTOR('',#15046,1.0);
#15044=VECTOR('',#15047,1.0);
#15045=DIRECTION('',(0,-0.7983693296158998,0.602168094080597));
#15046=DIRECTION('',(0,0.7871786980880799,0.6167249770167862));
#15047=DIRECTION('',(0,0.7861791297270138,-0.6179986860679197));
#15048=STYLED_ITEM('',(#25),#15049);
#15049=FACE_SURFACE('',(#15054),#15050,.T.);
#15050=PLANE('',#15051);
#15051=AXIS2_PLACEMENT_3D('',#377,#15052,#15053);
#15052=DIRECTION('',(-1,0,0));
#15053=DIRECTION('',(0,0.8113754962128311,0.5845252810147583));
#15054=FACE_BOUND('',#15055,.T.);
#15055=EDGE_LOOP('',(#15056,#15057,#15058));
#15056=ORIENTED_EDGE('',*,*,#15059,.T.);
#15057=ORIENTED_EDGE('',*,*,#15060,.T.);
#15058=ORIENTED_EDGE('',*,*,#15061,.T.);
#15059=EDGE_CURVE('',#378,#382,#15062,.F.);
#15060=EDGE_CURVE('',#382,#620,#15063,.T.);
#15061=EDGE_CURVE('',#620,#378,#15064,.T.);
#15062=LINE('',#377,#15065);
#15063=LINE('',#381,#15066);
#15064=LINE('',#619,#15067);
#15065=VECTOR('',#15068,1.0);
#15066=VECTOR('',#15069,1.0);
#15067=VECTOR('',#15070,1.0);
#15068=DIRECTION('',(0,0.8113754962128311,0.5845252810147583));
#15069=DIRECTION('',(0,0.7736762559746272,-0.6335811320905029));
#15070=DIRECTION('',(0,-0.7861791297270138,0.6179986860679197));
#15071=STYLED_ITEM('',(#25),#15072);
#15072=FACE_SURFACE('',(#15077),#15073,.T.);
#15073=PLANE('',#15074);
#15074=AXIS2_PLACEMENT_3D('',#619,#15075,#15076);
#15075=DIRECTION('',(-1,0,0));
#15076=DIRECTION('',(0,-0.7736762559746272,0.6335811320905029));
#15077=FACE_BOUND('',#15078,.T.);
#15078=EDGE_LOOP('',(#15079,#15080,#15081));
#15079=ORIENTED_EDGE('',*,*,#15082,.T.);
#15080=ORIENTED_EDGE('',*,*,#15083,.T.);
#15081=ORIENTED_EDGE('',*,*,#15084,.T.);
#15082=EDGE_CURVE('',#620,#382,#15085,.F.);
#15083=EDGE_CURVE('',#382,#384,#15086,.T.);
#15084=EDGE_CURVE('',#384,#620,#15087,.T.);
#15085=LINE('',#619,#15088);
#15086=LINE('',#381,#15089);
#15087=LINE('',#383,#15090);
#15088=VECTOR('',#15091,1.0);
#15089=VECTOR('',#15092,1.0);
#15090=VECTOR('',#15093,1.0);
#15091=DIRECTION('',(0,-0.7736762559746272,0.6335811320905029));
#15092=DIRECTION('',(0,0.8342411810082626,0.5513997206291812));
#15093=DIRECTION('',(0,0.7608654093276124,-0.6489097232194357));
#15094=STYLED_ITEM('',(#25),#15095);
#15095=FACE_SURFACE('',(#15100),#15096,.T.);
#15096=PLANE('',#15097);
#15097=AXIS2_PLACEMENT_3D('',#619,#15098,#15099);
#15098=DIRECTION('',(-1,0,0));
#15099=DIRECTION('',(0,-0.7608654093276124,0.6489097232194357));
#15100=FACE_BOUND('',#15101,.T.);
#15101=EDGE_LOOP('',(#15102,#15103,#15104));
#15102=ORIENTED_EDGE('',*,*,#15105,.T.);
#15103=ORIENTED_EDGE('',*,*,#15106,.T.);
#15104=ORIENTED_EDGE('',*,*,#15107,.T.);
#15105=EDGE_CURVE('',#620,#384,#15108,.F.);
#15106=EDGE_CURVE('',#384,#386,#15109,.T.);
#15107=EDGE_CURVE('',#386,#620,#15110,.T.);
#15108=LINE('',#619,#15111);
#15109=LINE('',#383,#15112);
#15110=LINE('',#385,#15113);
#15111=VECTOR('',#15114,1.0);
#15112=VECTOR('',#15115,1.0);
#15113=VECTOR('',#15116,1.0);
#15114=DIRECTION('',(0,-0.7608654093276124,0.6489097232194357));
#15115=DIRECTION('',(0,0.8557916681208877,0.517320617001554));
#15116=DIRECTION('',(0,0.7477529256660903,-0.6639770795425114));
#15117=STYLED_ITEM('',(#25),#15118);
#15118=FACE_SURFACE('',(#15123),#15119,.T.);
#15119=PLANE('',#15120);
#15120=AXIS2_PLACEMENT_3D('',#385,#15121,#15122);
#15121=DIRECTION('',(-1,0,0));
#15122=DIRECTION('',(0,0.8759189699634027,0.48245824488576367));
#15123=FACE_BOUND('',#15124,.T.);
#15124=EDGE_LOOP('',(#15125,#15126,#15127));
#15125=ORIENTED_EDGE('',*,*,#15128,.T.);
#15126=ORIENTED_EDGE('',*,*,#15129,.T.);
#15127=ORIENTED_EDGE('',*,*,#15130,.T.);
#15128=EDGE_CURVE('',#386,#388,#15131,.F.);
#15129=EDGE_CURVE('',#388,#620,#15132,.T.);
#15130=EDGE_CURVE('',#620,#386,#15133,.T.);
#15131=LINE('',#385,#15134);
#15132=LINE('',#387,#15135);
#15133=LINE('',#619,#15136);
#15134=VECTOR('',#15137,1.0);
#15135=VECTOR('',#15138,1.0);
#15136=VECTOR('',#15139,1.0);
#15137=DIRECTION('',(0,0.8759189699634027,0.48245824488576367));
#15138=DIRECTION('',(0,0.7343433637385266,-0.6787781847799661));
#15139=DIRECTION('',(0,-0.7477529256660903,0.6639770795425114));
#15140=STYLED_ITEM('',(#25),#15141);
#15141=FACE_SURFACE('',(#15146),#15142,.T.);
#15142=PLANE('',#15143);
#15143=AXIS2_PLACEMENT_3D('',#619,#15144,#15145);
#15144=DIRECTION('',(-1,0,0));
#15145=DIRECTION('',(0,-0.7343433637385266,0.6787781847799661));
#15146=FACE_BOUND('',#15147,.T.);
#15147=EDGE_LOOP('',(#15148,#15149,#15150));
#15148=ORIENTED_EDGE('',*,*,#15151,.T.);
#15149=ORIENTED_EDGE('',*,*,#15152,.T.);
#15150=ORIENTED_EDGE('',*,*,#15153,.T.);
#15151=EDGE_CURVE('',#620,#388,#15154,.F.);
#15152=EDGE_CURVE('',#388,#390,#15155,.T.);
#15153=EDGE_CURVE('',#390,#620,#15156,.T.);
#15154=LINE('',#619,#15157);
#15155=LINE('',#387,#15158);
#15156=LINE('',#389,#15159);
#15157=VECTOR('',#15160,1.0);
#15158=VECTOR('',#15161,1.0);
#15159=VECTOR('',#15162,1.0);
#15160=DIRECTION('',(0,-0.7343433637385266,0.6787781847799661));
#15161=DIRECTION('',(0,0.8946468328034414,0.4467740419437674));
#15162=DIRECTION('',(0,0.7206428319128892,-0.6933065042335685));
#15163=STYLED_ITEM('',(#25),#15164);
#15164=FACE_SURFACE('',(#15169),#15165,.T.);
#15165=PLANE('',#15166);
#15166=AXIS2_PLACEMENT_3D('',#619,#15167,#15168);
#15167=DIRECTION('',(-1,0,0));
#15168=DIRECTION('',(0,-0.7206428319128892,0.6933065042335685));
#15169=FACE_BOUND('',#15170,.T.);
#15170=EDGE_LOOP('',(#15171,#15172,#15173));
#15171=ORIENTED_EDGE('',*,*,#15174,.T.);
#15172=ORIENTED_EDGE('',*,*,#15175,.T.);
#15173=ORIENTED_EDGE('',*,*,#15176,.T.);
#15174=EDGE_CURVE('',#620,#390,#15177,.F.);
#15175=EDGE_CURVE('',#390,#392,#15178,.T.);
#15176=EDGE_CURVE('',#392,#620,#15179,.T.);
#15177=LINE('',#619,#15180);
#15178=LINE('',#389,#15181);
#15179=LINE('',#391,#15182);
#15180=VECTOR('',#15183,1.0);
#15181=VECTOR('',#15184,1.0);
#15182=VECTOR('',#15185,1.0);
#15183=DIRECTION('',(0,-0.7206428319128892,0.6933065042335685));
#15184=DIRECTION('',(0,0.9118764845957104,0.4104647083993571));
#15185=DIRECTION('',(0,0.7066558466289915,-0.707557428358337));
#15186=STYLED_ITEM('',(#25),#15187);
#15187=FACE_SURFACE('',(#15192),#15188,.T.);
#15188=PLANE('',#15189);
#15189=AXIS2_PLACEMENT_3D('',#391,#15190,#15191);
#15190=DIRECTION('',(-1,0,0));
#15191=DIRECTION('',(0,0.9276933709954605,0.3733430184308782));
#15192=FACE_BOUND('',#15193,.T.);
#15193=EDGE_LOOP('',(#15194,#15195,#15196));
#15194=ORIENTED_EDGE('',*,*,#15197,.T.);
#15195=ORIENTED_EDGE('',*,*,#15198,.T.);
#15196=ORIENTED_EDGE('',*,*,#15199,.T.);
#15197=EDGE_CURVE('',#392,#394,#15200,.F.);
#15198=EDGE_CURVE('',#394,#620,#15201,.T.);
#15199=EDGE_CURVE('',#620,#392,#15202,.T.);
#15200=LINE('',#391,#15203);
#15201=LINE('',#393,#15204);
#15202=LINE('',#619,#15205);
#15203=VECTOR('',#15206,1.0);
#15204=VECTOR('',#15207,1.0);
#15205=VECTOR('',#15208,1.0);
#15206=DIRECTION('',(0,0.9276933709954605,0.3733430184308782));
#15207=DIRECTION('',(0,0.6923898158305352,-0.7215236260401717));
#15208=DIRECTION('',(0,-0.7066558466289915,0.707557428358337));
#15209=STYLED_ITEM('',(#25),#15210);
#15210=FACE_SURFACE('',(#15215),#15211,.T.);
#15211=PLANE('',#15212);
#15212=AXIS2_PLACEMENT_3D('',#619,#15213,#15214);
#15213=DIRECTION('',(-1,0,0));
#15214=DIRECTION('',(0,-0.6923898158305352,0.7215236260401717));
#15215=FACE_BOUND('',#15216,.T.);
#15216=EDGE_LOOP('',(#15217,#15218,#15219));
#15217=ORIENTED_EDGE('',*,*,#15220,.T.);
#15218=ORIENTED_EDGE('',*,*,#15221,.T.);
#15219=ORIENTED_EDGE('',*,*,#15222,.T.);
#15220=EDGE_CURVE('',#620,#394,#15223,.F.);
#15221=EDGE_CURVE('',#394,#396,#15224,.T.);
#15222=EDGE_CURVE('',#396,#620,#15225,.T.);
#15223=LINE('',#619,#15226);
#15224=LINE('',#393,#15227);
#15225=LINE('',#395,#15228);
#15226=VECTOR('',#15229,1.0);
#15227=VECTOR('',#15230,1.0);
#15228=VECTOR('',#15231,1.0);
#15229=DIRECTION('',(0,-0.6923898158305352,0.7215236260401717));
#15230=DIRECTION('',(0,0.9419752662546551,0.33568228693881325));
#15231=DIRECTION('',(0,0.6778500026499497,-0.735200227086107));
#15232=STYLED_ITEM('',(#25),#15233);
#15233=FACE_SURFACE('',(#15238),#15234,.T.);
#15234=PLANE('',#15235);
#15235=AXIS2_PLACEMENT_3D('',#619,#15236,#15237);
#15236=DIRECTION('',(-1,0,0));
#15237=DIRECTION('',(0,-0.6778500026499497,0.735200227086107));
#15238=FACE_BOUND('',#15239,.T.);
#15239=EDGE_LOOP('',(#15240,#15241,#15242));
#15240=ORIENTED_EDGE('',*,*,#15243,.T.);
#15241=ORIENTED_EDGE('',*,*,#15244,.T.);
#15242=ORIENTED_EDGE('',*,*,#15245,.T.);
#15243=EDGE_CURVE('',#620,#396,#15246,.F.);
#15244=EDGE_CURVE('',#396,#398,#15247,.T.);
#15245=EDGE_CURVE('',#398,#620,#15248,.T.);
#15246=LINE('',#619,#15249);
#15247=LINE('',#395,#15250);
#15248=LINE('',#397,#15251);
#15249=VECTOR('',#15252,1.0);
#15250=VECTOR('',#15253,1.0);
#15251=VECTOR('',#15254,1.0);
#15252=DIRECTION('',(0,-0.6778500026499497,0.735200227086107));
#15253=DIRECTION('',(0,0.9547226976959478,0.29749717730454517));
#15254=DIRECTION('',(0,0.6630426478711046,-0.748581623541531));
#15255=STYLED_ITEM('',(#25),#15256);
#15256=FACE_SURFACE('',(#15261),#15257,.T.);
#15257=PLANE('',#15258);
#15258=AXIS2_PLACEMENT_3D('',#397,#15259,#15260);
#15259=DIRECTION('',(-1,0,0));
#15260=DIRECTION('',(0,0.9659198083137761,0.2588415034477238));
#15261=FACE_BOUND('',#15262,.T.);
#15262=EDGE_LOOP('',(#15263,#15264,#15265));
#15263=ORIENTED_EDGE('',*,*,#15266,.T.);
#15264=ORIENTED_EDGE('',*,*,#15267,.T.);
#15265=ORIENTED_EDGE('',*,*,#15268,.T.);
#15266=EDGE_CURVE('',#398,#400,#15269,.F.);
#15267=EDGE_CURVE('',#400,#620,#15270,.T.);
#15268=EDGE_CURVE('',#620,#398,#15271,.T.);
#15269=LINE('',#397,#15272);
#15270=LINE('',#399,#15273);
#15271=LINE('',#619,#15274);
#15272=VECTOR('',#15275,1.0);
#15273=VECTOR('',#15276,1.0);
#15274=VECTOR('',#15277,1.0);
#15275=DIRECTION('',(0,0.9659198083137761,0.2588415034477238));
#15276=DIRECTION('',(0,0.6479730159909687,-0.7616632921098192));
#15277=DIRECTION('',(0,-0.6630426478711046,0.748581623541531));
#15278=STYLED_ITEM('',(#25),#15279);
#15279=FACE_SURFACE('',(#15284),#15280,.T.);
#15280=PLANE('',#15281);
#15281=AXIS2_PLACEMENT_3D('',#619,#15282,#15283);
#15282=DIRECTION('',(-1,0,0));
#15283=DIRECTION('',(0,-0.6479730159909687,0.7616632921098192));
#15284=FACE_BOUND('',#15285,.T.);
#15285=EDGE_LOOP('',(#15286,#15287,#15288));
#15286=ORIENTED_EDGE('',*,*,#15289,.T.);
#15287=ORIENTED_EDGE('',*,*,#15290,.T.);
#15288=ORIENTED_EDGE('',*,*,#15291,.T.);
#15289=EDGE_CURVE('',#620,#400,#15292,.F.);
#15290=EDGE_CURVE('',#400,#402,#15293,.T.);
#15291=EDGE_CURVE('',#402,#620,#15294,.T.);
#15292=LINE('',#619,#15295);
#15293=LINE('',#399,#15296);
#15294=LINE('',#401,#15297);
#15295=VECTOR('',#15298,1.0);
#15296=VECTOR('',#15299,1.0);
#15297=VECTOR('',#15300,1.0);
#15298=DIRECTION('',(0,-0.6479730159909687,0.7616632921098192));
#15299=DIRECTION('',(0,0.9755571909547119,0.21974568750387702));
#15300=DIRECTION('',(0,0.6326483571086196,-0.7744391882180063));
#15301=STYLED_ITEM('',(#25),#15302);
#15302=FACE_SURFACE('',(#15307),#15303,.T.);
#15303=PLANE('',#15304);
#15304=AXIS2_PLACEMENT_3D('',#619,#15305,#15306);
#15305=DIRECTION('',(-1,0,0));
#15306=DIRECTION('',(0,-0.6326483571086196,0.7744391882180063));
#15307=FACE_BOUND('',#15308,.T.);
#15308=EDGE_LOOP('',(#15309,#15310,#15311));
#15309=ORIENTED_EDGE('',*,*,#15312,.T.);
#15310=ORIENTED_EDGE('',*,*,#15313,.T.);
#15311=ORIENTED_EDGE('',*,*,#15314,.T.);
#15312=EDGE_CURVE('',#620,#402,#15315,.F.);
#15313=EDGE_CURVE('',#402,#404,#15316,.T.);
#15314=EDGE_CURVE('',#404,#620,#15317,.T.);
#15315=LINE('',#619,#15318);
#15316=LINE('',#401,#15319);
#15317=LINE('',#403,#15320);
#15318=VECTOR('',#15321,1.0);
#15319=VECTOR('',#15322,1.0);
#15320=VECTOR('',#15323,1.0);
#15321=DIRECTION('',(0,-0.6326483571086196,0.7744391882180063));
#15322=DIRECTION('',(0,0.9836307974515213,0.18019560012631916));
#15323=DIRECTION('',(0,0.6170760956164774,-0.7869034834201233));
#15324=STYLED_ITEM('',(#25),#15325);
#15325=FACE_SURFACE('',(#15330),#15326,.T.);
#15326=PLANE('',#15327);
#15327=AXIS2_PLACEMENT_3D('',#403,#15328,#15329);
#15328=DIRECTION('',(-1,0,0));
#15329=DIRECTION('',(0,0.9900722499702218,0.14055938189570547));
#15330=FACE_BOUND('',#15331,.T.);
#15331=EDGE_LOOP('',(#15332,#15333,#15334));
#15332=ORIENTED_EDGE('',*,*,#15335,.T.);
#15333=ORIENTED_EDGE('',*,*,#15336,.T.);
#15334=ORIENTED_EDGE('',*,*,#15337,.T.);
#15335=EDGE_CURVE('',#404,#406,#15338,.F.);
#15336=EDGE_CURVE('',#406,#620,#15339,.T.);
#15337=EDGE_CURVE('',#620,#404,#15340,.T.);
#15338=LINE('',#403,#15341);
#15339=LINE('',#405,#15342);
#15340=LINE('',#619,#15343);
#15341=VECTOR('',#15344,1.0);
#15342=VECTOR('',#15345,1.0);
#15343=VECTOR('',#15346,1.0);
#15344=DIRECTION('',(0,0.9900722499702218,0.14055938189570547));
#15345=DIRECTION('',(0,0.601260080321976,-0.7990533873347958));
#15346=DIRECTION('',(0,-0.6170760956164774,0.7869034834201233));
#15347=STYLED_ITEM('',(#25),#15348);
#15348=FACE_SURFACE('',(#15353),#15349,.T.);
#15349=PLANE('',#15350);
#15350=AXIS2_PLACEMENT_3D('',#619,#15351,#15352);
#15351=DIRECTION('',(-1,0,0));
#15352=DIRECTION('',(0,-0.601260080321976,0.7990533873347958));
#15353=FACE_BOUND('',#15354,.T.);
#15354=EDGE_LOOP('',(#15355,#15356,#15357));
#15355=ORIENTED_EDGE('',*,*,#15358,.T.);
#15356=ORIENTED_EDGE('',*,*,#15359,.T.);
#15357=ORIENTED_EDGE('',*,*,#15360,.T.);
#15358=EDGE_CURVE('',#620,#406,#15361,.F.);
#15359=EDGE_CURVE('',#406,#408,#15362,.T.);
#15360=EDGE_CURVE('',#408,#620,#15363,.T.);
#15361=LINE('',#619,#15364);
#15362=LINE('',#405,#15365);
#15363=LINE('',#407,#15366);
#15364=VECTOR('',#15367,1.0);
#15365=VECTOR('',#15368,1.0);
#15366=VECTOR('',#15369,1.0);
#15367=DIRECTION('',(0,-0.601260080321976,0.7990533873347958));
#15368=DIRECTION('',(0,0.9949391787038375,0.10047900616613012));
#15369=DIRECTION('',(0,0.5852101253092825,-0.8108816863362335));
#15370=STYLED_ITEM('',(#25),#15371);
#15371=FACE_SURFACE('',(#15376),#15372,.T.);
#15372=PLANE('',#15373);
#15373=AXIS2_PLACEMENT_3D('',#619,#15374,#15375);
#15374=DIRECTION('',(-1,0,0));
#15375=DIRECTION('',(0,-0.5852101253092825,0.8108816863362335));
#15376=FACE_BOUND('',#15377,.T.);
#15377=EDGE_LOOP('',(#15378,#15379,#15380));
#15378=ORIENTED_EDGE('',*,*,#15381,.T.);
#15379=ORIENTED_EDGE('',*,*,#15382,.T.);
#15380=ORIENTED_EDGE('',*,*,#15383,.T.);
#15381=EDGE_CURVE('',#620,#408,#15384,.F.);
#15382=EDGE_CURVE('',#408,#410,#15385,.T.);
#15383=EDGE_CURVE('',#410,#620,#15386,.T.);
#15384=LINE('',#619,#15387);
#15385=LINE('',#407,#15388);
#15386=LINE('',#409,#15389);
#15387=VECTOR('',#15390,1.0);
#15388=VECTOR('',#15391,1.0);
#15389=VECTOR('',#15392,1.0);
#15390=DIRECTION('',(0,-0.5852101253092825,0.8108816863362335));
#15391=DIRECTION('',(0,0.9981747307421617,0.06039210964863758));
#15392=DIRECTION('',(0,0.5689306227371473,-0.8223855218277629));
#15393=STYLED_ITEM('',(#25),#15394);
#15394=FACE_SURFACE('',(#15399),#15395,.T.);
#15395=PLANE('',#15396);
#15396=AXIS2_PLACEMENT_3D('',#409,#15397,#15398);
#15397=DIRECTION('',(-1,0,0));
#15398=DIRECTION('',(0,0.9997968508324033,0.020155819646172215));
#15399=FACE_BOUND('',#15400,.T.);
#15400=EDGE_LOOP('',(#15401,#15402,#15403));
#15401=ORIENTED_EDGE('',*,*,#15404,.T.);
#15402=ORIENTED_EDGE('',*,*,#15405,.T.);
#15403=ORIENTED_EDGE('',*,*,#15406,.T.);
#15404=EDGE_CURVE('',#410,#412,#15407,.F.);
#15405=EDGE_CURVE('',#412,#620,#15408,.T.);
#15406=EDGE_CURVE('',#620,#410,#15409,.T.);
#15407=LINE('',#409,#15410);
#15408=LINE('',#411,#15411);
#15409=LINE('',#619,#15412);
#15410=VECTOR('',#15413,1.0);
#15411=VECTOR('',#15414,1.0);
#15412=VECTOR('',#15415,1.0);
#15413=DIRECTION('',(0,0.9997968508324033,0.020155819646172215));
#15414=DIRECTION('',(0,0.5524292324770631,-0.8335598017567802));
#15415=DIRECTION('',(0,-0.5689306227371473,0.8223855218277629));
#15416=STYLED_ITEM('',(#25),#15417);
#15417=FACE_SURFACE('',(#15422),#15418,.T.);
#15418=PLANE('',#15419);
#15419=AXIS2_PLACEMENT_3D('',#619,#15420,#15421);
#15420=DIRECTION('',(-1,0,0));
#15421=DIRECTION('',(0,-0.5524292324770631,0.8335598017567802));
#15422=FACE_BOUND('',#15423,.T.);
#15423=EDGE_LOOP('',(#15424,#15425,#15426));
#15424=ORIENTED_EDGE('',*,*,#15427,.T.);
#15425=ORIENTED_EDGE('',*,*,#15428,.T.);
#15426=ORIENTED_EDGE('',*,*,#15429,.T.);
#15427=EDGE_CURVE('',#620,#412,#15430,.F.);
#15428=EDGE_CURVE('',#412,#698,#15431,.T.);
#15429=EDGE_CURVE('',#698,#620,#15432,.T.);
#15430=LINE('',#619,#15433);
#15431=LINE('',#411,#15434);
#15432=LINE('',#697,#15435);
#15433=VECTOR('',#15436,1.0);
#15434=VECTOR('',#15437,1.0);
#15435=VECTOR('',#15438,1.0);
#15436=DIRECTION('',(0,-0.5524292324770631,0.8335598017567802));
#15437=DIRECTION('',(0,0.5766870670096924,-0.816965131902065));
#15438=DIRECTION('',(0,-0.5441916493516747,-0.8389609339986599));
#15439=STYLED_ITEM('',(#25),#15440);
#15440=FACE_SURFACE('',(#15445),#15441,.T.);
#15441=PLANE('',#15442);
#15442=AXIS2_PLACEMENT_3D('',#697,#15443,#15444);
#15443=DIRECTION('',(-1,0,0));
#15444=DIRECTION('',(0,-0.5766870670096924,0.816965131902065));
#15445=FACE_BOUND('',#15446,.T.);
#15446=EDGE_LOOP('',(#15447,#15448,#15449));
#15447=ORIENTED_EDGE('',*,*,#15450,.T.);
#15448=ORIENTED_EDGE('',*,*,#15451,.T.);
#15449=ORIENTED_EDGE('',*,*,#15452,.T.);
#15450=EDGE_CURVE('',#698,#412,#15453,.F.);
#15451=EDGE_CURVE('',#412,#600,#15454,.T.);
#15452=EDGE_CURVE('',#600,#698,#15455,.T.);
#15453=LINE('',#697,#15456);
#15454=LINE('',#411,#15457);
#15455=LINE('',#599,#15458);
#15456=VECTOR('',#15459,1.0);
#15457=VECTOR('',#15460,1.0);
#15458=VECTOR('',#15461,1.0);
#15459=DIRECTION('',(0,-0.5766870670096924,0.816965131902065));
#15460=DIRECTION('',(0,0.600952145471444,-0.7992850047719328));
#15461=DIRECTION('',(0,-0.5305472068325059,-0.8476553906642879));
#15462=STYLED_ITEM('',(#25),#15463);
#15463=FACE_SURFACE('',(#15468),#15464,.T.);
#15464=PLANE('',#15465);
#15465=AXIS2_PLACEMENT_3D('',#599,#15466,#15467);
#15466=DIRECTION('',(-1,0,0));
#15467=DIRECTION('',(0,-0.600952145471444,0.7992850047719328));
#15468=FACE_BOUND('',#15469,.T.);
#15469=EDGE_LOOP('',(#15470,#15471,#15472));
#15470=ORIENTED_EDGE('',*,*,#15473,.T.);
#15471=ORIENTED_EDGE('',*,*,#15474,.T.);
#15472=ORIENTED_EDGE('',*,*,#15475,.T.);
#15473=EDGE_CURVE('',#600,#412,#15476,.F.);
#15474=EDGE_CURVE('',#412,#596,#15477,.T.);
#15475=EDGE_CURVE('',#596,#600,#15478,.T.);
#15476=LINE('',#599,#15479);
#15477=LINE('',#411,#15480);
#15478=LINE('',#595,#15481);
#15479=VECTOR('',#15482,1.0);
#15480=VECTOR('',#15483,1.0);
#15481=VECTOR('',#15484,1.0);
#15482=DIRECTION('',(0,-0.600952145471444,0.7992850047719328));
#15483=DIRECTION('',(0,0.6251618773906085,-0.7804951166134544));
#15484=DIRECTION('',(0,-0.5174193389091943,-0.8557319835805907));
#15485=STYLED_ITEM('',(#25),#15486);
#15486=FACE_SURFACE('',(#15491),#15487,.T.);
#15487=PLANE('',#15488);
#15488=AXIS2_PLACEMENT_3D('',#595,#15489,#15490);
#15489=DIRECTION('',(-1,0,0));
#15490=DIRECTION('',(0,-0.6251618773906085,0.7804951166134544));
#15491=FACE_BOUND('',#15492,.T.);
#15492=EDGE_LOOP('',(#15493,#15494,#15495));
#15493=ORIENTED_EDGE('',*,*,#15496,.T.);
#15494=ORIENTED_EDGE('',*,*,#15497,.T.);
#15495=ORIENTED_EDGE('',*,*,#15498,.T.);
#15496=EDGE_CURVE('',#596,#412,#15499,.F.);
#15497=EDGE_CURVE('',#412,#592,#15500,.T.);
#15498=EDGE_CURVE('',#592,#596,#15501,.T.);
#15499=LINE('',#595,#15502);
#15500=LINE('',#411,#15503);
#15501=LINE('',#591,#15504);
#15502=VECTOR('',#15505,1.0);
#15503=VECTOR('',#15506,1.0);
#15504=VECTOR('',#15507,1.0);
#15505=DIRECTION('',(0,-0.6251618773906085,0.7804951166134544));
#15506=DIRECTION('',(0,0.649245885191243,-0.7605785827659357));
#15507=DIRECTION('',(0,-0.5047775981218992,-0.863249428864153));
#15508=STYLED_ITEM('',(#25),#15509);
#15509=FACE_SURFACE('',(#15514),#15510,.T.);
#15510=PLANE('',#15511);
#15511=AXIS2_PLACEMENT_3D('',#591,#15512,#15513);
#15512=DIRECTION('',(-1,0,0));
#15513=DIRECTION('',(0,-0.649245885191243,0.7605785827659357));
#15514=FACE_BOUND('',#15515,.T.);
#15515=EDGE_LOOP('',(#15516,#15517,#15518));
#15516=ORIENTED_EDGE('',*,*,#15519,.T.);
#15517=ORIENTED_EDGE('',*,*,#15520,.T.);
#15518=ORIENTED_EDGE('',*,*,#15521,.T.);
#15519=EDGE_CURVE('',#592,#412,#15522,.F.);
#15520=EDGE_CURVE('',#412,#588,#15523,.T.);
#15521=EDGE_CURVE('',#588,#592,#15524,.T.);
#15522=LINE('',#591,#15525);
#15523=LINE('',#411,#15526);
#15524=LINE('',#587,#15527);
#15525=VECTOR('',#15528,1.0);
#15526=VECTOR('',#15529,1.0);
#15527=VECTOR('',#15530,1.0);
#15528=DIRECTION('',(0,-0.649245885191243,0.7605785827659357));
#15529=DIRECTION('',(0,0.673126096998216,-0.7395277260116407));
#15530=DIRECTION('',(0,-0.49263629732542197,-0.8702353006845324));
#15531=STYLED_ITEM('',(#25),#15532);
#15532=FACE_SURFACE('',(#15537),#15533,.T.);
#15533=PLANE('',#15534);
#15534=AXIS2_PLACEMENT_3D('',#587,#15535,#15536);
#15535=DIRECTION('',(-1,0,0));
#15536=DIRECTION('',(0,-0.673126096998216,0.7395277260116407));
#15537=FACE_BOUND('',#15538,.T.);
#15538=EDGE_LOOP('',(#15539,#15540,#15541));
#15539=ORIENTED_EDGE('',*,*,#15542,.T.);
#15540=ORIENTED_EDGE('',*,*,#15543,.T.);
#15541=ORIENTED_EDGE('',*,*,#15544,.T.);
#15542=EDGE_CURVE('',#588,#412,#15545,.F.);
#15543=EDGE_CURVE('',#412,#584,#15546,.T.);
#15544=EDGE_CURVE('',#584,#588,#15547,.T.);
#15545=LINE('',#587,#15548);
#15546=LINE('',#411,#15549);
#15547=LINE('',#583,#15550);
#15548=VECTOR('',#15551,1.0);
#15549=VECTOR('',#15552,1.0);
#15550=VECTOR('',#15553,1.0);
#15551=DIRECTION('',(0,-0.673126096998216,0.7395277260116407));
#15552=DIRECTION('',(0,0.6967202560962696,-0.7173429338504342));
#15553=DIRECTION('',(0,-0.48093699529101064,-0.8767551577039364));
#15554=STYLED_ITEM('',(#25),#15555);
#15555=FACE_SURFACE('',(#15560),#15556,.T.);
#15556=PLANE('',#15557);
#15557=AXIS2_PLACEMENT_3D('',#583,#15558,#15559);
#15558=DIRECTION('',(-1,0,0));
#15559=DIRECTION('',(0,-0.6967202560962696,0.7173429338504342));
#15560=FACE_BOUND('',#15561,.T.);
#15561=EDGE_LOOP('',(#15562,#15563,#15564));
#15562=ORIENTED_EDGE('',*,*,#15565,.T.);
#15563=ORIENTED_EDGE('',*,*,#15566,.T.);
#15564=ORIENTED_EDGE('',*,*,#15567,.T.);
#15565=EDGE_CURVE('',#584,#412,#15568,.F.);
#15566=EDGE_CURVE('',#412,#580,#15569,.T.);
#15567=EDGE_CURVE('',#580,#584,#15570,.T.);
#15568=LINE('',#583,#15571);
#15569=LINE('',#411,#15572);
#15570=LINE('',#579,#15573);
#15571=VECTOR('',#15574,1.0);
#15572=VECTOR('',#15575,1.0);
#15573=VECTOR('',#15576,1.0);
#15574=DIRECTION('',(0,-0.6967202560962696,0.7173429338504342));
#15575=DIRECTION('',(0,0.7199379010532347,-0.6940384849754824));
#15576=DIRECTION('',(0,-0.4696640194889978,-0.8828452349066842));
#15577=STYLED_ITEM('',(#25),#15578);
#15578=FACE_SURFACE('',(#15583),#15579,.T.);
#15579=PLANE('',#15580);
#15580=AXIS2_PLACEMENT_3D('',#579,#15581,#15582);
#15581=DIRECTION('',(-1,0,0));
#15582=DIRECTION('',(0,-0.7199379010532347,0.6940384849754824));
#15583=FACE_BOUND('',#15584,.T.);
#15584=EDGE_LOOP('',(#15585,#15586,#15587));
#15585=ORIENTED_EDGE('',*,*,#15588,.T.);
#15586=ORIENTED_EDGE('',*,*,#15589,.T.);
#15587=ORIENTED_EDGE('',*,*,#15590,.T.);
#15588=EDGE_CURVE('',#580,#412,#15591,.F.);
#15589=EDGE_CURVE('',#412,#576,#15592,.T.);
#15590=EDGE_CURVE('',#576,#580,#15593,.T.);
#15591=LINE('',#579,#15594);
#15592=LINE('',#411,#15595);
#15593=LINE('',#575,#15596);
#15594=VECTOR('',#15597,1.0);
#15595=VECTOR('',#15598,1.0);
#15596=VECTOR('',#15599,1.0);
#15597=DIRECTION('',(0,-0.7199379010532347,0.6940384849754824));
#15598=DIRECTION('',(0,0.7426880005261306,-0.6696376138438597));
#15599=DIRECTION('',(0,-0.45881592037652835,-0.8885313450908972));
#15600=STYLED_ITEM('',(#25),#15601);
#15601=FACE_SURFACE('',(#15606),#15602,.T.);
#15602=PLANE('',#15603);
#15603=AXIS2_PLACEMENT_3D('',#575,#15604,#15605);
#15604=DIRECTION('',(-1,0,0));
#15605=DIRECTION('',(0,-0.7426880005261306,0.6696376138438597));
#15606=FACE_BOUND('',#15607,.T.);
#15607=EDGE_LOOP('',(#15608,#15609,#15610));
#15608=ORIENTED_EDGE('',*,*,#15611,.T.);
#15609=ORIENTED_EDGE('',*,*,#15612,.T.);
#15610=ORIENTED_EDGE('',*,*,#15613,.T.);
#15611=EDGE_CURVE('',#576,#412,#15614,.F.);
#15612=EDGE_CURVE('',#412,#572,#15615,.T.);
#15613=EDGE_CURVE('',#572,#576,#15616,.T.);
#15614=LINE('',#575,#15617);
#15615=LINE('',#411,#15618);
#15616=LINE('',#571,#15619);
#15617=VECTOR('',#15620,1.0);
#15618=VECTOR('',#15621,1.0);
#15619=VECTOR('',#15622,1.0);
#15620=DIRECTION('',(0,-0.7426880005261306,0.6696376138438597));
#15621=DIRECTION('',(0,0.764872738598534,-0.6441814136939832));
#15622=DIRECTION('',(0,-0.4483759799452628,-0.8938450540267732));
#15623=STYLED_ITEM('',(#25),#15624);
#15624=FACE_SURFACE('',(#15629),#15625,.T.);
#15625=PLANE('',#15626);
#15626=AXIS2_PLACEMENT_3D('',#571,#15627,#15628);
#15627=DIRECTION('',(-1,0,0));
#15628=DIRECTION('',(0,-0.764872738598534,0.6441814136939832));
#15629=FACE_BOUND('',#15630,.T.);
#15630=EDGE_LOOP('',(#15631,#15632,#15633));
#15631=ORIENTED_EDGE('',*,*,#15634,.T.);
#15632=ORIENTED_EDGE('',*,*,#15635,.T.);
#15633=ORIENTED_EDGE('',*,*,#15636,.T.);
#15634=EDGE_CURVE('',#572,#412,#15637,.F.);
#15635=EDGE_CURVE('',#412,#568,#15638,.T.);
#15636=EDGE_CURVE('',#568,#572,#15639,.T.);
#15637=LINE('',#571,#15640);
#15638=LINE('',#411,#15641);
#15639=LINE('',#567,#15642);
#15640=VECTOR('',#15643,1.0);
#15641=VECTOR('',#15644,1.0);
#15642=VECTOR('',#15645,1.0);
#15643=DIRECTION('',(0,-0.764872738598534,0.6441814136939832));
#15644=DIRECTION('',(0,0.7863977828394378,-0.6177204279811511));
#15645=DIRECTION('',(0,-0.43831203359912396,-0.8988228753220516));
#15646=STYLED_ITEM('',(#25),#15647);
#15647=FACE_SURFACE('',(#15652),#15648,.T.);
#15648=PLANE('',#15649);
#15649=AXIS2_PLACEMENT_3D('',#567,#15650,#15651);
#15650=DIRECTION('',(-1,0,0));
#15651=DIRECTION('',(0,-0.7863977828394378,0.6177204279811511));
#15652=FACE_BOUND('',#15653,.T.);
#15653=EDGE_LOOP('',(#15654,#15655,#15656));
#15654=ORIENTED_EDGE('',*,*,#15657,.T.);
#15655=ORIENTED_EDGE('',*,*,#15658,.T.);
#15656=ORIENTED_EDGE('',*,*,#15659,.T.);
#15657=EDGE_CURVE('',#568,#412,#15660,.F.);
#15658=EDGE_CURVE('',#412,#564,#15661,.T.);
#15659=EDGE_CURVE('',#564,#568,#15662,.T.);
#15660=LINE('',#567,#15663);
#15661=LINE('',#411,#15664);
#15662=LINE('',#563,#15665);
#15663=VECTOR('',#15666,1.0);
#15664=VECTOR('',#15667,1.0);
#15665=VECTOR('',#15668,1.0);
#15666=DIRECTION('',(0,-0.7863977828394378,0.6177204279811511));
#15667=DIRECTION('',(0,0.8071695447494682,-0.5903196812142859));
#15668=DIRECTION('',(0,-0.4285724751574403,-0.903507406465174));
#15669=STYLED_ITEM('',(#25),#15670);
#15670=FACE_SURFACE('',(#15675),#15671,.T.);
#15671=PLANE('',#15672);
#15672=AXIS2_PLACEMENT_3D('',#563,#15673,#15674);
#15673=DIRECTION('',(-1,0,0));
#15674=DIRECTION('',(0,-0.8071695447494682,0.5903196812142859));
#15675=FACE_BOUND('',#15676,.T.);
#15676=EDGE_LOOP('',(#15677,#15678,#15679));
#15677=ORIENTED_EDGE('',*,*,#15680,.T.);
#15678=ORIENTED_EDGE('',*,*,#15681,.T.);
#15679=ORIENTED_EDGE('',*,*,#15682,.T.);
#15680=EDGE_CURVE('',#564,#412,#15683,.F.);
#15681=EDGE_CURVE('',#412,#560,#15684,.T.);
#15682=EDGE_CURVE('',#560,#564,#15685,.T.);
#15683=LINE('',#563,#15686);
#15684=LINE('',#411,#15687);
#15685=LINE('',#559,#15688);
#15686=VECTOR('',#15689,1.0);
#15687=VECTOR('',#15690,1.0);
#15688=VECTOR('',#15691,1.0);
#15689=DIRECTION('',(0,-0.8071695447494682,0.5903196812142859));
#15690=DIRECTION('',(0,0.8270951266017605,-0.562061964156638));
#15691=DIRECTION('',(0,-0.41920577301076234,-0.9078912489249189));
#15692=STYLED_ITEM('',(#25),#15693);
#15693=FACE_SURFACE('',(#15698),#15694,.T.);
#15694=PLANE('',#15695);
#15695=AXIS2_PLACEMENT_3D('',#559,#15696,#15697);
#15696=DIRECTION('',(-1,0,0));
#15697=DIRECTION('',(0,-0.8270951266017605,0.562061964156638));
#15698=FACE_BOUND('',#15699,.T.);
#15699=EDGE_LOOP('',(#15700,#15701,#15702));
#15700=ORIENTED_EDGE('',*,*,#15703,.T.);
#15701=ORIENTED_EDGE('',*,*,#15704,.T.);
#15702=ORIENTED_EDGE('',*,*,#15705,.T.);
#15703=EDGE_CURVE('',#560,#412,#15706,.F.);
#15704=EDGE_CURVE('',#412,#556,#15707,.T.);
#15705=EDGE_CURVE('',#556,#560,#15708,.T.);
#15706=LINE('',#559,#15709);
#15707=LINE('',#411,#15710);
#15708=LINE('',#555,#15711);
#15709=VECTOR('',#15712,1.0);
#15710=VECTOR('',#15713,1.0);
#15711=VECTOR('',#15714,1.0);
#15712=DIRECTION('',(0,-0.8270951266017605,0.562061964156638));
#15713=DIRECTION('',(0,0.8460904845570577,-0.533039296808409));
#15714=DIRECTION('',(0,-0.410139486616049,-0.9120228075647691));
#15715=STYLED_ITEM('',(#25),#15716);
#15716=FACE_SURFACE('',(#15721),#15717,.T.);
#15717=PLANE('',#15718);
#15718=AXIS2_PLACEMENT_3D('',#555,#15719,#15720);
#15719=DIRECTION('',(-1,0,0));
#15720=DIRECTION('',(0,-0.8460904845570577,0.533039296808409));
#15721=FACE_BOUND('',#15722,.T.);
#15722=EDGE_LOOP('',(#15723,#15724,#15725));
#15723=ORIENTED_EDGE('',*,*,#15726,.T.);
#15724=ORIENTED_EDGE('',*,*,#15727,.T.);
#15725=ORIENTED_EDGE('',*,*,#15728,.T.);
#15726=EDGE_CURVE('',#556,#412,#15729,.F.);
#15727=EDGE_CURVE('',#412,#554,#15730,.T.);
#15728=EDGE_CURVE('',#554,#556,#15731,.T.);
#15729=LINE('',#555,#15732);
#15730=LINE('',#411,#15733);
#15731=LINE('',#553,#15734);
#15732=VECTOR('',#15735,1.0);
#15733=VECTOR('',#15736,1.0);
#15734=VECTOR('',#15737,1.0);
#15735=DIRECTION('',(0,-0.8460904845570577,0.533039296808409));
#15736=DIRECTION('',(0,0.8641505190113886,-0.5032334254521927));
#15737=DIRECTION('',(0,-0.40138921818449547,-0.915907580231346));
#15738=STYLED_ITEM('',(#25),#15739);
#15739=FACE_SURFACE('',(#15744),#15740,.T.);
#15740=PLANE('',#15741);
#15741=AXIS2_PLACEMENT_3D('',#553,#15742,#15743);
#15742=DIRECTION('',(-1,0,0));
#15743=DIRECTION('',(0,-0.8641505190113886,0.5032334254521927));
#15744=FACE_BOUND('',#15745,.T.);
#15745=EDGE_LOOP('',(#15746,#15747,#15748));
#15746=ORIENTED_EDGE('',*,*,#15749,.T.);
#15747=ORIENTED_EDGE('',*,*,#15750,.T.);
#15748=ORIENTED_EDGE('',*,*,#15751,.T.);
#15749=EDGE_CURVE('',#554,#412,#15752,.F.);
#15750=EDGE_CURVE('',#412,#550,#15753,.T.);
#15751=EDGE_CURVE('',#550,#554,#15754,.T.);
#15752=LINE('',#553,#15755);
#15753=LINE('',#411,#15756);
#15754=LINE('',#549,#15757);
#15755=VECTOR('',#15758,1.0);
#15756=VECTOR('',#15759,1.0);
#15757=VECTOR('',#15760,1.0);
#15758=DIRECTION('',(0,-0.8641505190113886,0.5032334254521927));
#15759=DIRECTION('',(0,0.8813831252572955,-0.4724021449058871));
#15760=DIRECTION('',(0,-0.39283552101962843,-0.9196087501895776));
#15761=STYLED_ITEM('',(#25),#15762);
#15762=FACE_SURFACE('',(#15767),#15763,.T.);
#15763=PLANE('',#15764);
#15764=AXIS2_PLACEMENT_3D('',#549,#15765,#15766);
#15765=DIRECTION('',(-1,0,0));
#15766=DIRECTION('',(0,-0.8813831252572955,0.4724021449058871));
#15767=FACE_BOUND('',#15768,.T.);
#15768=EDGE_LOOP('',(#15769,#15770,#15771));
#15769=ORIENTED_EDGE('',*,*,#15772,.T.);
#15770=ORIENTED_EDGE('',*,*,#15773,.T.);
#15771=ORIENTED_EDGE('',*,*,#15774,.T.);
#15772=EDGE_CURVE('',#550,#412,#15775,.F.);
#15773=EDGE_CURVE('',#412,#546,#15776,.T.);
#15774=EDGE_CURVE('',#546,#550,#15777,.T.);
#15775=LINE('',#549,#15778);
#15776=LINE('',#411,#15779);
#15777=LINE('',#545,#15780);
#15778=VECTOR('',#15781,1.0);
#15779=VECTOR('',#15782,1.0);
#15780=VECTOR('',#15783,1.0);
#15781=DIRECTION('',(0,-0.8813831252572955,0.4724021449058871));
#15782=DIRECTION('',(0,0.8976939935886139,-0.44061944336913406));
#15783=DIRECTION('',(0,-0.3844471568417723,-0.9231469999931092));
#15784=STYLED_ITEM('',(#25),#15785);
#15785=FACE_SURFACE('',(#15790),#15786,.T.);
#15786=PLANE('',#15787);
#15787=AXIS2_PLACEMENT_3D('',#545,#15788,#15789);
#15788=DIRECTION('',(-1,0,0));
#15789=DIRECTION('',(0,-0.8976939935886139,0.44061944336913406));
#15790=FACE_BOUND('',#15791,.T.);
#15791=EDGE_LOOP('',(#15792,#15793,#15794));
#15792=ORIENTED_EDGE('',*,*,#15795,.T.);
#15793=ORIENTED_EDGE('',*,*,#15796,.T.);
#15794=ORIENTED_EDGE('',*,*,#15797,.T.);
#15795=EDGE_CURVE('',#546,#412,#15798,.F.);
#15796=EDGE_CURVE('',#412,#542,#15799,.T.);
#15797=EDGE_CURVE('',#542,#546,#15800,.T.);
#15798=LINE('',#545,#15801);
#15799=LINE('',#411,#15802);
#15800=LINE('',#541,#15803);
#15801=VECTOR('',#15804,1.0);
#15802=VECTOR('',#15805,1.0);
#15803=VECTOR('',#15806,1.0);
#15804=DIRECTION('',(0,-0.8976939935886139,0.44061944336913406));
#15805=DIRECTION('',(0,0.9129856216325558,-0.407991733607699));
#15806=DIRECTION('',(0,-0.3761440404116803,-0.9265612018980592));
#15807=STYLED_ITEM('',(#25),#15808);
#15808=FACE_SURFACE('',(#15813),#15809,.T.);
#15809=PLANE('',#15810);
#15810=AXIS2_PLACEMENT_3D('',#541,#15811,#15812);
#15811=DIRECTION('',(-1,0,0));
#15812=DIRECTION('',(0,-0.9129856216325558,0.407991733607699));
#15813=FACE_BOUND('',#15814,.T.);
#15814=EDGE_LOOP('',(#15815,#15816,#15817));
#15815=ORIENTED_EDGE('',*,*,#15818,.T.);
#15816=ORIENTED_EDGE('',*,*,#15819,.T.);
#15817=ORIENTED_EDGE('',*,*,#15820,.T.);
#15818=EDGE_CURVE('',#542,#412,#15821,.F.);
#15819=EDGE_CURVE('',#412,#538,#15822,.T.);
#15820=EDGE_CURVE('',#538,#542,#15823,.T.);
#15821=LINE('',#541,#15824);
#15822=LINE('',#411,#15825);
#15823=LINE('',#537,#15826);
#15824=VECTOR('',#15827,1.0);
#15825=VECTOR('',#15828,1.0);
#15826=VECTOR('',#15829,1.0);
#15827=DIRECTION('',(0,-0.9129856216325558,0.407991733607699));
#15828=DIRECTION('',(0,0.9271705402580174,-0.37463954580056824));
#15829=DIRECTION('',(0,-0.3679679027225044,-0.9298384927319377));
#15830=STYLED_ITEM('',(#25),#15831);
#15831=FACE_SURFACE('',(#15836),#15832,.T.);
#15832=PLANE('',#15833);
#15833=AXIS2_PLACEMENT_3D('',#537,#15834,#15835);
#15834=DIRECTION('',(-1,0,0));
#15835=DIRECTION('',(0,-0.9271705402580174,0.37463954580056824));
#15836=FACE_BOUND('',#15837,.T.);
#15837=EDGE_LOOP('',(#15838,#15839,#15840));
#15838=ORIENTED_EDGE('',*,*,#15841,.T.);
#15839=ORIENTED_EDGE('',*,*,#15842,.T.);
#15840=ORIENTED_EDGE('',*,*,#15843,.T.);
#15841=EDGE_CURVE('',#538,#412,#15844,.F.);
#15842=EDGE_CURVE('',#412,#534,#15845,.T.);
#15843=EDGE_CURVE('',#534,#538,#15846,.T.);
#15844=LINE('',#537,#15847);
#15845=LINE('',#411,#15848);
#15846=LINE('',#533,#15849);
#15847=VECTOR('',#15850,1.0);
#15848=VECTOR('',#15851,1.0);
#15849=VECTOR('',#15852,1.0);
#15850=DIRECTION('',(0,-0.9271705402580174,0.37463954580056824));
#15851=DIRECTION('',(0,0.9401743576345227,-0.34069367068748535));
#15852=DIRECTION('',(0,-0.3598222708230134,-0.9330208644075275));
#15853=STYLED_ITEM('',(#25),#15854);
#15854=FACE_SURFACE('',(#15859),#15855,.T.);
#15855=PLANE('',#15856);
#15856=AXIS2_PLACEMENT_3D('',#533,#15857,#15858);
#15857=DIRECTION('',(-1,0,0));
#15858=DIRECTION('',(0,-0.9401743576345227,0.34069367068748535));
#15859=FACE_BOUND('',#15860,.T.);
#15860=EDGE_LOOP('',(#15861,#15862,#15863));
#15861=ORIENTED_EDGE('',*,*,#15864,.T.);
#15862=ORIENTED_EDGE('',*,*,#15865,.T.);
#15863=ORIENTED_EDGE('',*,*,#15866,.T.);
#15864=EDGE_CURVE('',#534,#412,#15867,.F.);
#15865=EDGE_CURVE('',#412,#530,#15868,.T.);
#15866=EDGE_CURVE('',#530,#534,#15869,.T.);
#15867=LINE('',#533,#15870);
#15868=LINE('',#411,#15871);
#15869=LINE('',#529,#15872);
#15870=VECTOR('',#15873,1.0);
#15871=VECTOR('',#15874,1.0);
#15872=VECTOR('',#15875,1.0);
#15873=DIRECTION('',(0,-0.9401743576345227,0.34069367068748535));
#15874=DIRECTION('',(0,0.9519359913922306,-0.30629702625407745));
#15875=DIRECTION('',(0,-0.3517308326703839,-0.9361011811492379));
#15876=STYLED_ITEM('',(#25),#15877);
#15877=FACE_SURFACE('',(#15882),#15878,.T.);
#15878=PLANE('',#15879);
#15879=AXIS2_PLACEMENT_3D('',#529,#15880,#15881);
#15880=DIRECTION('',(-1,0,0));
#15881=DIRECTION('',(0,-0.9519359913922306,0.30629702625407745));
#15882=FACE_BOUND('',#15883,.T.);
#15883=EDGE_LOOP('',(#15884,#15885,#15886));
#15884=ORIENTED_EDGE('',*,*,#15887,.T.);
#15885=ORIENTED_EDGE('',*,*,#15888,.T.);
#15886=ORIENTED_EDGE('',*,*,#15889,.T.);
#15887=EDGE_CURVE('',#530,#412,#15890,.F.);
#15888=EDGE_CURVE('',#412,#526,#15891,.T.);
#15889=EDGE_CURVE('',#526,#530,#15892,.T.);
#15890=LINE('',#529,#15893);
#15891=LINE('',#411,#15894);
#15892=LINE('',#525,#15895);
#15893=VECTOR('',#15896,1.0);
#15894=VECTOR('',#15897,1.0);
#15895=VECTOR('',#15898,1.0);
#15896=DIRECTION('',(0,-0.9519359913922306,0.30629702625407745));
#15897=DIRECTION('',(0,0.9624128655159864,-0.2715906410193621));
#15898=DIRECTION('',(0,-0.3436165620292153,-0.9391100352457227));
#15899=STYLED_ITEM('',(#25),#15900);
#15900=FACE_SURFACE('',(#15905),#15901,.T.);
#15901=PLANE('',#15902);
#15902=AXIS2_PLACEMENT_3D('',#525,#15903,#15904);
#15903=DIRECTION('',(-1,0,0));
#15904=DIRECTION('',(0,-0.9624128655159864,0.2715906410193621));
#15905=FACE_BOUND('',#15906,.T.);
#15906=EDGE_LOOP('',(#15907,#15908,#15909));
#15907=ORIENTED_EDGE('',*,*,#15910,.T.);
#15908=ORIENTED_EDGE('',*,*,#15911,.T.);
#15909=ORIENTED_EDGE('',*,*,#15912,.T.);
#15910=EDGE_CURVE('',#526,#412,#15913,.F.);
#15911=EDGE_CURVE('',#412,#522,#15914,.T.);
#15912=EDGE_CURVE('',#522,#526,#15915,.T.);
#15913=LINE('',#525,#15916);
#15914=LINE('',#411,#15917);
#15915=LINE('',#521,#15918);
#15916=VECTOR('',#15919,1.0);
#15917=VECTOR('',#15920,1.0);
#15918=VECTOR('',#15921,1.0);
#15919=DIRECTION('',(0,-0.9624128655159864,0.2715906410193621));
#15920=DIRECTION('',(0,0.9715759413341571,-0.23672809343347154));
#15921=DIRECTION('',(0,-0.3355208726171697,-0.9420327722739869));
#15922=STYLED_ITEM('',(#25),#15923);
#15923=FACE_SURFACE('',(#15928),#15924,.T.);
#15924=PLANE('',#15925);
#15925=AXIS2_PLACEMENT_3D('',#521,#15926,#15927);
#15926=DIRECTION('',(-1,0,0));
#15927=DIRECTION('',(0,-0.9715759413341571,0.23672809343347154));
#15928=FACE_BOUND('',#15929,.T.);
#15929=EDGE_LOOP('',(#15930,#15931,#15932));
#15930=ORIENTED_EDGE('',*,*,#15933,.T.);
#15931=ORIENTED_EDGE('',*,*,#15934,.T.);
#15932=ORIENTED_EDGE('',*,*,#15935,.T.);
#15933=EDGE_CURVE('',#522,#412,#15936,.F.);
#15934=EDGE_CURVE('',#412,#518,#15937,.T.);
#15935=EDGE_CURVE('',#518,#522,#15938,.T.);
#15936=LINE('',#521,#15939);
#15937=LINE('',#411,#15940);
#15938=LINE('',#517,#15941);
#15939=VECTOR('',#15942,1.0);
#15940=VECTOR('',#15943,1.0);
#15941=VECTOR('',#15944,1.0);
#15942=DIRECTION('',(0,-0.9715759413341571,0.23672809343347154));
#15943=DIRECTION('',(0,0.9794154067888747,-0.20185504934131046));
#15944=DIRECTION('',(0,-0.32734291558715845,-0.9449056120136542));
#15945=STYLED_ITEM('',(#25),#15946);
#15946=FACE_SURFACE('',(#15951),#15947,.T.);
#15947=PLANE('',#15948);
#15948=AXIS2_PLACEMENT_3D('',#517,#15949,#15950);
#15949=DIRECTION('',(-1,0,0));
#15950=DIRECTION('',(0,-0.9794154067888747,0.20185504934131046));
#15951=FACE_BOUND('',#15952,.T.);
#15952=EDGE_LOOP('',(#15953,#15954,#15955));
#15953=ORIENTED_EDGE('',*,*,#15956,.T.);
#15954=ORIENTED_EDGE('',*,*,#15957,.T.);
#15955=ORIENTED_EDGE('',*,*,#15958,.T.);
#15956=EDGE_CURVE('',#518,#412,#15959,.F.);
#15957=EDGE_CURVE('',#412,#514,#15960,.T.);
#15958=EDGE_CURVE('',#514,#518,#15961,.T.);
#15959=LINE('',#517,#15962);
#15960=LINE('',#411,#15963);
#15961=LINE('',#513,#15964);
#15962=VECTOR('',#15965,1.0);
#15963=VECTOR('',#15966,1.0);
#15964=VECTOR('',#15967,1.0);
#15965=DIRECTION('',(0,-0.9794154067888747,0.20185504934131046));
#15966=DIRECTION('',(0,0.9859369820178334,-0.16711752597967228));
#15967=DIRECTION('',(0,-0.31911690183845837,-0.9477153596734749));
#15968=STYLED_ITEM('',(#25),#15969);
#15969=FACE_SURFACE('',(#15974),#15970,.T.);
#15970=PLANE('',#15971);
#15971=AXIS2_PLACEMENT_3D('',#513,#15972,#15973);
#15972=DIRECTION('',(-1,0,0));
#15973=DIRECTION('',(0,-0.9859369820178334,0.16711752597967228));
#15974=FACE_BOUND('',#15975,.T.);
#15975=EDGE_LOOP('',(#15976,#15977,#15978));
#15976=ORIENTED_EDGE('',*,*,#15979,.T.);
#15977=ORIENTED_EDGE('',*,*,#15980,.T.);
#15978=ORIENTED_EDGE('',*,*,#15981,.T.);
#15979=EDGE_CURVE('',#514,#412,#15982,.F.);
#15980=EDGE_CURVE('',#412,#510,#15983,.T.);
#15981=EDGE_CURVE('',#510,#514,#15984,.T.);
#15982=LINE('',#513,#15985);
#15983=LINE('',#411,#15986);
#15984=LINE('',#509,#15987);
#15985=VECTOR('',#15988,1.0);
#15986=VECTOR('',#15989,1.0);
#15987=VECTOR('',#15990,1.0);
#15988=DIRECTION('',(0,-0.9859369820178334,0.16711752597967228));
#15989=DIRECTION('',(0,0.9911624342442803,-0.13265379354904536));
#15990=DIRECTION('',(0,-0.3107644548449472,-0.9504869560414403));
#15991=STYLED_ITEM('',(#25),#15992);
#15992=FACE_SURFACE('',(#15997),#15993,.T.);
#15993=PLANE('',#15994);
#15994=AXIS2_PLACEMENT_3D('',#509,#15995,#15996);
#15995=DIRECTION('',(-1,0,0));
#15996=DIRECTION('',(0,-0.9911624342442803,0.13265379354904536));
#15997=FACE_BOUND('',#15998,.T.);
#15998=EDGE_LOOP('',(#15999,#16000,#16001));
#15999=ORIENTED_EDGE('',*,*,#16002,.T.);
#16000=ORIENTED_EDGE('',*,*,#16003,.T.);
#16001=ORIENTED_EDGE('',*,*,#16004,.T.);
#16002=EDGE_CURVE('',#510,#412,#16005,.F.);
#16003=EDGE_CURVE('',#412,#506,#16006,.T.);
#16004=EDGE_CURVE('',#506,#510,#16007,.T.);
#16005=LINE('',#509,#16008);
#16006=LINE('',#411,#16009);
#16007=LINE('',#505,#16010);
#16008=VECTOR('',#16011,1.0);
#16009=VECTOR('',#16012,1.0);
#16010=VECTOR('',#16013,1.0);
#16011=DIRECTION('',(0,-0.9911624342442803,0.13265379354904536));
#16012=DIRECTION('',(0,0.9951273963646166,-0.09859748984928222));
#16013=DIRECTION('',(0,-0.3023088943113937,-0.9532100148551853));
#16014=STYLED_ITEM('',(#25),#16015);
#16015=FACE_SURFACE('',(#16020),#16016,.T.);
#16016=PLANE('',#16017);
#16017=AXIS2_PLACEMENT_3D('',#505,#16018,#16019);
#16018=DIRECTION('',(-1,0,0));
#16019=DIRECTION('',(0,-0.9951273963646166,0.09859748984928222));
#16020=FACE_BOUND('',#16021,.T.);
#16021=EDGE_LOOP('',(#16022,#16023,#16024));
#16022=ORIENTED_EDGE('',*,*,#16025,.T.);
#16023=ORIENTED_EDGE('',*,*,#16026,.T.);
#16024=ORIENTED_EDGE('',*,*,#16027,.T.);
#16025=EDGE_CURVE('',#506,#412,#16028,.F.);
#16026=EDGE_CURVE('',#412,#502,#16029,.T.);
#16027=EDGE_CURVE('',#502,#506,#16030,.T.);
#16028=LINE('',#505,#16031);
#16029=LINE('',#411,#16032);
#16030=LINE('',#501,#16033);
#16031=VECTOR('',#16034,1.0);
#16032=VECTOR('',#16035,1.0);
#16033=VECTOR('',#16036,1.0);
#16034=DIRECTION('',(0,-0.9951273963646166,0.09859748984928222));
#16035=DIRECTION('',(0,0.9978809749783356,-0.0650658111167935));
#16036=DIRECTION('',(0,-0.2936613699574317,-0.9559095144388533));
#16037=STYLED_ITEM('',(#25),#16038);
#16038=FACE_SURFACE('',(#16043),#16039,.T.);
#16039=PLANE('',#16040);
#16040=AXIS2_PLACEMENT_3D('',#501,#16041,#16042);
#16041=DIRECTION('',(-1,0,0));
#16042=DIRECTION('',(0,-0.9978809749783356,0.0650658111167935));
#16043=FACE_BOUND('',#16044,.T.);
#16044=EDGE_LOOP('',(#16045,#16046,#16047));
#16045=ORIENTED_EDGE('',*,*,#16048,.T.);
#16046=ORIENTED_EDGE('',*,*,#16049,.T.);
#16047=ORIENTED_EDGE('',*,*,#16050,.T.);
#16048=EDGE_CURVE('',#502,#412,#16051,.F.);
#16049=EDGE_CURVE('',#412,#498,#16052,.T.);
#16050=EDGE_CURVE('',#498,#502,#16053,.T.);
#16051=LINE('',#501,#16054);
#16052=LINE('',#411,#16055);
#16053=LINE('',#497,#16056);
#16054=VECTOR('',#16057,1.0);
#16055=VECTOR('',#16058,1.0);
#16056=VECTOR('',#16059,1.0);
#16057=DIRECTION('',(0,-0.9978809749783356,0.0650658111167935));
#16058=DIRECTION('',(0,0.9994824779384719,-0.03216793891395363));
#16059=DIRECTION('',(0,-0.2848218211567818,-0.9585804766387297));
#16060=STYLED_ITEM('',(#25),#16061);
#16061=FACE_SURFACE('',(#16066),#16062,.T.);
#16062=PLANE('',#16063);
#16063=AXIS2_PLACEMENT_3D('',#497,#16064,#16065);
#16064=DIRECTION('',(-1,0,0));
#16065=DIRECTION('',(0,-0.9994824779384719,0.03216793891395363));
#16066=FACE_BOUND('',#16067,.T.);
#16067=EDGE_LOOP('',(#16068,#16069,#16070));
#16068=ORIENTED_EDGE('',*,*,#16071,.T.);
#16069=ORIENTED_EDGE('',*,*,#16072,.T.);
#16070=ORIENTED_EDGE('',*,*,#16073,.T.);
#16071=EDGE_CURVE('',#498,#412,#16074,.F.);
#16072=EDGE_CURVE('',#412,#492,#16075,.T.);
#16073=EDGE_CURVE('',#492,#498,#16076,.T.);
#16074=LINE('',#497,#16077);
#16075=LINE('',#411,#16078);
#16076=LINE('',#491,#16079);
#16077=VECTOR('',#16080,1.0);
#16078=VECTOR('',#16081,1.0);
#16079=VECTOR('',#16082,1.0);
#16080=DIRECTION('',(0,-0.9994824779384719,0.03216793891395363));
#16081=DIRECTION('',(0,1,0));
#16082=DIRECTION('',(0,-0.2757535767275636,-0.9612283625247204));
#16083=STYLED_ITEM('',(#25),#16084);
#16084=FACE_SURFACE('',(#16089),#16085,.T.);
#16085=PLANE('',#16086);
#16086=AXIS2_PLACEMENT_3D('',#421,#16087,#16088);
#16087=DIRECTION('',(0,-1,0));
#16088=DIRECTION('',(0,0,1));
#16089=FACE_BOUND('',#16090,.T.);
#16090=EDGE_LOOP('',(#16091,#16092,#16093));
#16091=ORIENTED_EDGE('',*,*,#16094,.T.);
#16092=ORIENTED_EDGE('',*,*,#16095,.T.);
#16093=ORIENTED_EDGE('',*,*,#16096,.T.);
#16094=EDGE_CURVE('',#422,#286,#16097,.F.);
#16095=EDGE_CURVE('',#286,#718,#16098,.T.);
#16096=EDGE_CURVE('',#718,#422,#16099,.T.);
#16097=LINE('',#421,#16100);
#16098=LINE('',#285,#16101);
#16099=LINE('',#717,#16102);
#16100=VECTOR('',#16103,1.0);
#16101=VECTOR('',#16104,1.0);
#16102=VECTOR('',#16105,1.0);
#16103=DIRECTION('',(0,0,1));
#16104=DIRECTION('',(-0.987756285052042,0,-0.15600487601414553));
#16105=DIRECTION('',(1,0,0));
#16106=STYLED_ITEM('',(#25),#16107);
#16107=FACE_SURFACE('',(#16112),#16108,.T.);
#16108=PLANE('',#16109);
#16109=AXIS2_PLACEMENT_3D('',#717,#16110,#16111);
#16110=DIRECTION('',(0,-1,0));
#16111=DIRECTION('',(0.987756285052042,0,0.15600487601414553));
#16112=FACE_BOUND('',#16113,.T.);
#16113=EDGE_LOOP('',(#16114,#16115,#16116));
#16114=ORIENTED_EDGE('',*,*,#16117,.T.);
#16115=ORIENTED_EDGE('',*,*,#16118,.T.);
#16116=ORIENTED_EDGE('',*,*,#16119,.T.);
#16117=EDGE_CURVE('',#718,#286,#16120,.F.);
#16118=EDGE_CURVE('',#286,#290,#16121,.T.);
#16119=EDGE_CURVE('',#290,#718,#16122,.T.);
#16120=LINE('',#717,#16123);
#16121=LINE('',#285,#16124);
#16122=LINE('',#289,#16125);
#16123=VECTOR('',#16126,1.0);
#16124=VECTOR('',#16127,1.0);
#16125=VECTOR('',#16128,1.0);
#16126=DIRECTION('',(0.987756285052042,0,0.15600487601414553));
#16127=DIRECTION('',(-1,0,0));
#16128=DIRECTION('',(0,0,-1));
#16129=STYLED_ITEM('',(#25),#16130);
#16130=FACE_SURFACE('',(#16135),#16131,.T.);
#16131=PLANE('',#16132);
#16132=AXIS2_PLACEMENT_3D('',#489,#16133,#16134);
#16133=DIRECTION('',(-0,-0.9504223751704447,-0.31096190888173186));
#16134=DIRECTION('',(0,-0.31096190888173186,0.9504223751704447));
#16135=FACE_BOUND('',#16136,.T.);
#16136=EDGE_LOOP('',(#16137,#16138,#16139));
#16137=ORIENTED_EDGE('',*,*,#16140,.T.);
#16138=ORIENTED_EDGE('',*,*,#16141,.T.);
#16139=ORIENTED_EDGE('',*,*,#16142,.T.);
#16140=EDGE_CURVE('',#490,#422,#16143,.F.);
#16141=EDGE_CURVE('',#422,#716,#16144,.T.);
#16142=EDGE_CURVE('',#716,#490,#16145,.T.);
#16143=LINE('',#489,#16146);
#16144=LINE('',#421,#16147);
#16145=LINE('',#715,#16148);
#16146=VECTOR('',#16149,1.0);
#16147=VECTOR('',#16150,1.0);
#16148=VECTOR('',#16151,1.0);
#16149=DIRECTION('',(0,-0.31096190888173186,0.9504223751704447));
#16150=DIRECTION('',(-0.9702518987270279,0.07528313510114518,-0.23009498600782252));
#16151=DIRECTION('',(1,0,0));
#16152=STYLED_ITEM('',(#25),#16153);
#16153=FACE_SURFACE('',(#16158),#16154,.T.);
#16154=PLANE('',#16155);
#16155=AXIS2_PLACEMENT_3D('',#715,#16156,#16157);
#16156=DIRECTION('',(0,-0.9504223751704447,-0.31096190888173186));
#16157=DIRECTION('',(0.9702518987270279,-0.07528313510114518,0.23009498600782252));
#16158=FACE_BOUND('',#16159,.T.);
#16159=EDGE_LOOP('',(#16160,#16161,#16162));
#16160=ORIENTED_EDGE('',*,*,#16163,.T.);
#16161=ORIENTED_EDGE('',*,*,#16164,.T.);
#16162=ORIENTED_EDGE('',*,*,#16165,.T.);
#16163=EDGE_CURVE('',#716,#422,#16166,.F.);
#16164=EDGE_CURVE('',#422,#718,#16167,.T.);
#16165=EDGE_CURVE('',#718,#716,#16168,.T.);
#16166=LINE('',#715,#16169);
#16167=LINE('',#421,#16170);
#16168=LINE('',#717,#16171);
#16169=VECTOR('',#16172,1.0);
#16170=VECTOR('',#16173,1.0);
#16171=VECTOR('',#16174,1.0);
#16172=DIRECTION('',(0.9702518987270279,-0.07528313510114518,0.23009498600782252));
#16173=DIRECTION('',(-1,0,0));
#16174=DIRECTION('',(0,0.31096190888173186,-0.9504223751704447));
#16175=STYLED_ITEM('',(#25),#16176);
#16176=FACE_SURFACE('',(#16181),#16177,.T.);
#16177=PLANE('',#16178);
#16178=AXIS2_PLACEMENT_3D('',#79,#16179,#16180);
#16179=DIRECTION('',(0,-0.9733080619093806,0.22950254164650433));
#16180=DIRECTION('',(0,0.22950254164650435,0.9733080619093806));
#16181=FACE_BOUND('',#16182,.T.);
#16182=EDGE_LOOP('',(#16183,#16184,#16185));
#16183=ORIENTED_EDGE('',*,*,#16186,.T.);
#16184=ORIENTED_EDGE('',*,*,#16187,.T.);
#16185=ORIENTED_EDGE('',*,*,#16188,.T.);
#16186=EDGE_CURVE('',#80,#490,#16189,.F.);
#16187=EDGE_CURVE('',#490,#78,#16190,.T.);
#16188=EDGE_CURVE('',#78,#80,#16191,.T.);
#16189=LINE('',#79,#16192);
#16190=LINE('',#489,#16193);
#16191=LINE('',#77,#16194);
#16192=VECTOR('',#16195,1.0);
#16193=VECTOR('',#16196,1.0);
#16194=VECTOR('',#16197,1.0);
#16195=DIRECTION('',(0,0.22950254164650435,0.9733080619093806));
#16196=DIRECTION('',(-0.9970544904297979,-0.01760202672593337,-0.07464925832796883));
#16197=DIRECTION('',(1,0,0));
#16198=STYLED_ITEM('',(#25),#16199);
#16199=FACE_SURFACE('',(#16204),#16200,.T.);
#16200=PLANE('',#16201);
#16201=AXIS2_PLACEMENT_3D('',#77,#16202,#16203);
#16202=DIRECTION('',(0,-0.9733080619093806,0.22950254164650433));
#16203=DIRECTION('',(0.9970544904297979,0.01760202672593337,0.07464925832796883));
#16204=FACE_BOUND('',#16205,.T.);
#16205=EDGE_LOOP('',(#16206,#16207,#16208));
#16206=ORIENTED_EDGE('',*,*,#16209,.T.);
#16207=ORIENTED_EDGE('',*,*,#16210,.T.);
#16208=ORIENTED_EDGE('',*,*,#16211,.T.);
#16209=EDGE_CURVE('',#78,#490,#16212,.F.);
#16210=EDGE_CURVE('',#490,#716,#16213,.T.);
#16211=EDGE_CURVE('',#716,#78,#16214,.T.);
#16212=LINE('',#77,#16215);
#16213=LINE('',#489,#16216);
#16214=LINE('',#715,#16217);
#16215=VECTOR('',#16218,1.0);
#16216=VECTOR('',#16219,1.0);
#16217=VECTOR('',#16220,1.0);
#16218=DIRECTION('',(0.9970544904297979,0.01760202672593337,0.07464925832796883));
#16219=DIRECTION('',(-1,0,0));
#16220=DIRECTION('',(0,-0.22950254164650435,-0.9733080619093806));
ENDSEC;
END-ISO-10303-21;
