ISO-10303-21;
HEADER;
FILE_DESCRIPTION((''),'2;1');
FILE_NAME('Index Finger K3', '2025-03-27T07:43:18', (''), (''), 'ImageToStl.com STEP Converter','', '');
FILE_SCHEMA(('AUTOMOTIVE_DESIGN_CC2'));
ENDSEC;
DATA;
#1=PRODUCT_DEFINITION_CONTEXT('',#4,'design');
#2=APPLICATION_PROTOCOL_DEFINITION('INTERNATIONAL STANDARD','automotive_design',1994,#4);
#3=(GEOMETRIC_REPRESENTATION_CONTEXT(3)GLOBAL_UNCERTAINTY_ASSIGNED_CONTEXT((#5))GLOBAL_UNIT_ASSIGNED_CONTEXT((#6,#7,#8))REPRESENTATION_CONTEXT('NONE','WORKSPACE'));
#4=APPLICATION_CONTEXT(' ');
#5=UNCERTAINTY_MEASURE_WITH_UNIT(LENGTH_MEASURE(1.0E-006),#6,'','');
#6=(CONVERSION_BASED_UNIT('METRE',#10)LENGTH_UNIT()NAMED_UNIT(#11));
#7=(NAMED_UNIT(#12)PLANE_ANGLE_UNIT()SI_UNIT($,.RADIAN.));
#8=(NAMED_UNIT(#12)SOLID_ANGLE_UNIT()SI_UNIT($,.STERADIAN.));
#9=AXIS2_PLACEMENT_3D('',#14,#15,#16);
#10=LENGTH_MEASURE_WITH_UNIT(LENGTH_MEASURE(1.0),#17);
#11=DIMENSIONAL_EXPONENTS(1.0,0.0,0.0,0.0,0.0,0.0,0.0);
#12=DIMENSIONAL_EXPONENTS(0.0,0.0,0.0,0.0,0.0,0.0,0.0);
#13=PRODUCT_CONTEXT('',#4,'mechanical');
#14=CARTESIAN_POINT('',(0.0,0.0,0.0));
#15=DIRECTION('',(0.0,0.0,1.0));
#16=DIRECTION('',(1.0,0.0,0.0));
#17=(NAMED_UNIT(#11)LENGTH_UNIT()SI_UNIT(.MILLI.,.METRE.));
#18=PRESENTATION_STYLE_ASSIGNMENT((#19));
#19=SURFACE_STYLE_USAGE(.BOTH.,#20);
#20=SURFACE_SIDE_STYLE('',(#21));
#21=SURFACE_STYLE_FILL_AREA(#22);
#22=FILL_AREA_STYLE('',(#23));
#23=FILL_AREA_STYLE_COLOUR('',#24);
#24=COLOUR_RGB('',0.70196,0.70196,0.70196);
#25=PRESENTATION_STYLE_ASSIGNMENT((#26));
#26=SURFACE_STYLE_USAGE(.BOTH.,#27);
#27=SURFACE_SIDE_STYLE('',(#28));
#28=SURFACE_STYLE_FILL_AREA(#29);
#29=FILL_AREA_STYLE('',(#30));
#30=FILL_AREA_STYLE_COLOUR('',#31);
#31=COLOUR_RGB('',0.65882,0.65882,0.65882);
#32=SHAPE_DEFINITION_REPRESENTATION(#33,#34);
#33=PRODUCT_DEFINITION_SHAPE('productshape0','',#37);
#34=MANIFOLD_SURFACE_SHAPE_REPRESENTATION('',(#35,#9),#3);
#35=SHELL_BASED_SURFACE_MODEL('shell0',(#40));
#36=PRODUCT('product0','','',(#13));
#37=PRODUCT_DEFINITION('mesh0','',#38,#2);
#38=PRODUCT_DEFINITION_FORMATION_WITH_SPECIFIED_SOURCE('prodsource0','',#36,.NOT_KNOWN.);
#39=STYLED_ITEM('',(#18),#40);
#40=CLOSED_SHELL('',(#162,#185,#208,#231,#254,#277,#300,#323,#346,#369,#392,#415,#438,#461,#484,#507,#530,#553,#576,#599,#622,#645,#668,#691,#714,#737,#760,#783,#806,#829,#852,#875,#898,#921,#944,#967,#990,#1013,#1036,#1059,#1082,#1105,#1128,#1151,#1174,#1197,#1220,#1243,#1266,#1289,#1312,#1335,#1358,#1381,#1404,#1427,#1450,#1473,#1496,#1519,#1542,#1565,#1588,#1611,#1634,#1657,#1680,#1703,#1726,#1749,#1772,#1795,#1818,#1841,#1864,#1887,#1910,#1933,#1956,#1979,#2002,#2025,#2048,#2071,#2094,#2117,#2140,#2163,#2186,#2209,#2232,#2255,#2278,#2301,#2324,#2347,#2370,#2393,#2416,#2439,#2462,#2485,#2508,#2531,#2554,#2577,#2600,#2623,#2646,#2669,#2692,#2715,#2738,#2761,#2784,#2807));
#41=CARTESIAN_POINT('',(57.45302963256836,-80.92971801757812,339.3646545410156));
#42=VERTEX_POINT('',#41);
#43=CARTESIAN_POINT('',(57.45302963256836,-85.84464263916016,340.2830810546875));
#44=VERTEX_POINT('',#43);
#45=CARTESIAN_POINT('',(57.45302963256836,-79.82760620117188,345.2625732421875));
#46=VERTEX_POINT('',#45);
#47=CARTESIAN_POINT('',(57.45302963256836,-84.7425308227539,346.1809997558594));
#48=VERTEX_POINT('',#47);
#49=CARTESIAN_POINT('',(67.4530258178711,-80.92971801757812,339.3646545410156));
#50=VERTEX_POINT('',#49);
#51=CARTESIAN_POINT('',(67.4530258178711,-79.82760620117188,345.2625732421875));
#52=VERTEX_POINT('',#51);
#53=CARTESIAN_POINT('',(67.4530258178711,-85.84464263916016,340.2830810546875));
#54=VERTEX_POINT('',#53);
#55=CARTESIAN_POINT('',(67.4530258178711,-84.7425308227539,346.1809997558594));
#56=VERTEX_POINT('',#55);
#57=CARTESIAN_POINT('',(69.16992950439453,-86.39569854736328,337.3341369628906));
#58=VERTEX_POINT('',#57);
#59=CARTESIAN_POINT('',(55.736122131347656,-86.39569854736328,337.3341369628906));
#60=VERTEX_POINT('',#59);
#61=CARTESIAN_POINT('',(69.4530258178711,-85.99604797363281,336.75079345703125));
#62=VERTEX_POINT('',#61);
#63=CARTESIAN_POINT('',(55.45302963256836,-85.99604797363281,336.75079345703125));
#64=VERTEX_POINT('',#63);
#65=CARTESIAN_POINT('',(53.0361213684082,-85.5691146850586,341.757568359375));
#66=VERTEX_POINT('',#65);
#67=CARTESIAN_POINT('',(52.45302963256836,-85.07762145996094,341.6657409667969));
#68=VERTEX_POINT('',#67);
#69=CARTESIAN_POINT('',(72.4530258178711,-85.07762145996094,341.6657409667969));
#70=VERTEX_POINT('',#69);
#71=CARTESIAN_POINT('',(71.86993408203125,-85.5691146850586,341.757568359375));
#72=VERTEX_POINT('',#71);
#73=CARTESIAN_POINT('',(69.4530258178711,-75.18321990966797,334.7302551269531));
#74=VERTEX_POINT('',#73);
#75=CARTESIAN_POINT('',(72.4530258178711,-74.26478576660156,339.6451721191406));
#76=VERTEX_POINT('',#75);
#77=CARTESIAN_POINT('',(66.11114501953125,-75.18321990966797,334.7302551269531));
#78=VERTEX_POINT('',#77);
#79=CARTESIAN_POINT('',(58.79491424560547,-75.18321990966797,334.7302551269531));
#80=VERTEX_POINT('',#79);
#81=CARTESIAN_POINT('',(55.45302963256836,-75.18321990966797,334.7302551269531));
#82=VERTEX_POINT('',#81);
#83=CARTESIAN_POINT('',(58.95302963256836,-74.69172668457031,334.638427734375));
#84=VERTEX_POINT('',#83);
#85=CARTESIAN_POINT('',(65.9530258178711,-74.69172668457031,334.638427734375));
#86=VERTEX_POINT('',#85);
#87=CARTESIAN_POINT('',(52.45302963256836,-74.26478576660156,339.6451721191406));
#88=VERTEX_POINT('',#87);
#89=CARTESIAN_POINT('',(53.0361213684082,-73.7732925415039,339.5533447265625));
#90=VERTEX_POINT('',#89);
#91=CARTESIAN_POINT('',(53.44815444946289,-73.7732925415039,339.5533447265625));
#92=VERTEX_POINT('',#91);
#93=CARTESIAN_POINT('',(54.03125,-85.5691146850586,341.757568359375));
#94=VERTEX_POINT('',#93);
#95=CARTESIAN_POINT('',(54.03125,-74.26478576660156,339.6451721191406));
#96=VERTEX_POINT('',#95);
#97=CARTESIAN_POINT('',(66.4273681640625,-74.59988403320312,335.1299133300781));
#98=VERTEX_POINT('',#97);
#99=CARTESIAN_POINT('',(65.9530258178711,-71.55908203125,335.0703430175781));
#100=VERTEX_POINT('',#99);
#101=CARTESIAN_POINT('',(66.4530258178711,-74.59490966796875,335.156494140625));
#102=VERTEX_POINT('',#101);
#103=CARTESIAN_POINT('',(66.4530258178711,-72.11801147460938,335.4980163574219));
#104=VERTEX_POINT('',#103);
#105=CARTESIAN_POINT('',(66.35113525390625,-71.89771270751953,335.425537109375));
#106=VERTEX_POINT('',#105);
#107=CARTESIAN_POINT('',(66.4530258178711,-74.1592025756836,337.4881591796875));
#108=VERTEX_POINT('',#107);
#109=CARTESIAN_POINT('',(65.9530258178711,-71.46723937988281,335.56182861328125));
#110=VERTEX_POINT('',#109);
#111=CARTESIAN_POINT('',(66.36905670166016,-74.14066314697266,337.5873718261719));
#112=VERTEX_POINT('',#111);
#113=CARTESIAN_POINT('',(65.9530258178711,-74.04882049560547,338.078857421875));
#114=VERTEX_POINT('',#113);
#115=CARTESIAN_POINT('',(66.23037719726562,-74.54031372070312,338.17071533203125));
#116=VERTEX_POINT('',#115);
#117=CARTESIAN_POINT('',(58.67567825317383,-74.54031372070312,338.17071533203125));
#118=VERTEX_POINT('',#117);
#119=CARTESIAN_POINT('',(58.95302963256836,-74.04882049560547,338.078857421875));
#120=VERTEX_POINT('',#119);
#121=CARTESIAN_POINT('',(58.53700256347656,-74.14066314697266,337.5873718261719));
#122=VERTEX_POINT('',#121);
#123=CARTESIAN_POINT('',(58.95302963256836,-71.46723937988281,335.56182861328125));
#124=VERTEX_POINT('',#123);
#125=CARTESIAN_POINT('',(58.45302963256836,-74.1592025756836,337.4881591796875));
#126=VERTEX_POINT('',#125);
#127=CARTESIAN_POINT('',(58.45302963256836,-72.11801147460938,335.4980163574219));
#128=VERTEX_POINT('',#127);
#129=CARTESIAN_POINT('',(58.5549201965332,-71.89771270751953,335.425537109375));
#130=VERTEX_POINT('',#129);
#131=CARTESIAN_POINT('',(58.45302963256836,-74.59490966796875,335.156494140625));
#132=VERTEX_POINT('',#131);
#133=CARTESIAN_POINT('',(58.95302963256836,-71.55908203125,335.0703430175781));
#134=VERTEX_POINT('',#133);
#135=CARTESIAN_POINT('',(58.47868728637695,-74.59988403320312,335.1299133300781));
#136=VERTEX_POINT('',#135);
#137=CARTESIAN_POINT('',(55.736122131347656,-74.59988403320312,335.1299133300781));
#138=VERTEX_POINT('',#137);
#139=CARTESIAN_POINT('',(54.64815139770508,-74.14066314697266,337.5873718261719));
#140=VERTEX_POINT('',#139);
#141=CARTESIAN_POINT('',(69.16992950439453,-74.59988403320312,335.1299133300781));
#142=VERTEX_POINT('',#141);
#143=CARTESIAN_POINT('',(71.86993408203125,-73.7732925415039,339.5533447265625));
#144=VERTEX_POINT('',#143);
#145=CARTESIAN_POINT('',(71.45790100097656,-73.7732925415039,339.5533447265625));
#146=VERTEX_POINT('',#145);
#147=CARTESIAN_POINT('',(70.87480926513672,-74.26478576660156,339.6451721191406));
#148=VERTEX_POINT('',#147);
#149=CARTESIAN_POINT('',(70.87480926513672,-85.5691146850586,341.757568359375));
#150=VERTEX_POINT('',#149);
#151=CARTESIAN_POINT('',(69.97480773925781,-74.54031372070312,338.17071533203125));
#152=VERTEX_POINT('',#151);
#153=CARTESIAN_POINT('',(70.25790405273438,-74.14066314697266,337.5873718261719));
#154=VERTEX_POINT('',#153);
#155=CARTESIAN_POINT('',(69.97480773925781,-85.84464263916016,340.2830810546875));
#156=VERTEX_POINT('',#155);
#157=CARTESIAN_POINT('',(54.93124771118164,-74.54031372070312,338.17071533203125));
#158=VERTEX_POINT('',#157);
#159=CARTESIAN_POINT('',(54.93124771118164,-85.84464263916016,340.2830810546875));
#160=VERTEX_POINT('',#159);
#161=STYLED_ITEM('',(#25),#162);
#162=FACE_SURFACE('',(#167),#163,.T.);
#163=PLANE('',#164);
#164=AXIS2_PLACEMENT_3D('',#41,#165,#166);
#165=DIRECTION('',(-1,0,0));
#166=DIRECTION('',(0,-0.9829850954177805,0.1836853347072028));
#167=FACE_BOUND('',#168,.T.);
#168=EDGE_LOOP('',(#169,#170,#171));
#169=ORIENTED_EDGE('',*,*,#172,.T.);
#170=ORIENTED_EDGE('',*,*,#173,.T.);
#171=ORIENTED_EDGE('',*,*,#174,.T.);
#172=EDGE_CURVE('',#42,#44,#175,.F.);
#173=EDGE_CURVE('',#44,#46,#176,.T.);
#174=EDGE_CURVE('',#46,#42,#177,.T.);
#175=LINE('',#41,#178);
#176=LINE('',#43,#179);
#177=LINE('',#45,#180);
#178=VECTOR('',#181,1.0);
#179=VECTOR('',#182,1.0);
#180=VECTOR('',#183,1.0);
#181=DIRECTION('',(0,-0.9829850954177805,0.1836853347072028));
#182=DIRECTION('',(0,0.7704021302983988,0.6375582778316732));
#183=DIRECTION('',(0,-0.18368505919494757,-0.982985146901289));
#184=STYLED_ITEM('',(#25),#185);
#185=FACE_SURFACE('',(#190),#186,.T.);
#186=PLANE('',#187);
#187=AXIS2_PLACEMENT_3D('',#45,#188,#189);
#188=DIRECTION('',(-1,-0,0));
#189=DIRECTION('',(0,-0.7704021302983988,-0.6375582778316732));
#190=FACE_BOUND('',#191,.T.);
#191=EDGE_LOOP('',(#192,#193,#194));
#192=ORIENTED_EDGE('',*,*,#195,.T.);
#193=ORIENTED_EDGE('',*,*,#196,.T.);
#194=ORIENTED_EDGE('',*,*,#197,.T.);
#195=EDGE_CURVE('',#46,#44,#198,.F.);
#196=EDGE_CURVE('',#44,#48,#199,.T.);
#197=EDGE_CURVE('',#48,#46,#200,.T.);
#198=LINE('',#45,#201);
#199=LINE('',#43,#202);
#200=LINE('',#47,#203);
#201=VECTOR('',#204,1.0);
#202=VECTOR('',#205,1.0);
#203=VECTOR('',#206,1.0);
#204=DIRECTION('',(0,-0.7704021302983988,-0.6375582778316732));
#205=DIRECTION('',(0,0.18368505919494757,0.982985146901289));
#206=DIRECTION('',(0,0.9829850954177805,-0.1836853347072028));
#207=STYLED_ITEM('',(#25),#208);
#208=FACE_SURFACE('',(#213),#209,.T.);
#209=PLANE('',#210);
#210=AXIS2_PLACEMENT_3D('',#49,#211,#212);
#211=DIRECTION('',(0,0.9829851469012889,-0.18368505919494757));
#212=DIRECTION('',(-1,0,0));
#213=FACE_BOUND('',#214,.T.);
#214=EDGE_LOOP('',(#215,#216,#217));
#215=ORIENTED_EDGE('',*,*,#218,.T.);
#216=ORIENTED_EDGE('',*,*,#219,.T.);
#217=ORIENTED_EDGE('',*,*,#220,.T.);
#218=EDGE_CURVE('',#50,#42,#221,.F.);
#219=EDGE_CURVE('',#42,#52,#222,.T.);
#220=EDGE_CURVE('',#52,#50,#223,.T.);
#221=LINE('',#49,#224);
#222=LINE('',#41,#225);
#223=LINE('',#51,#226);
#224=VECTOR('',#227,1.0);
#225=VECTOR('',#228,1.0);
#226=VECTOR('',#229,1.0);
#227=DIRECTION('',(-1,0,0));
#228=DIRECTION('',(0.8574925381783238,0.0945053019315635,0.5057423206291122));
#229=DIRECTION('',(0,-0.18368505919494757,-0.982985146901289));
#230=STYLED_ITEM('',(#25),#231);
#231=FACE_SURFACE('',(#236),#232,.T.);
#232=PLANE('',#233);
#233=AXIS2_PLACEMENT_3D('',#51,#234,#235);
#234=DIRECTION('',(0,0.9829851469012889,-0.18368505919494757));
#235=DIRECTION('',(-0.8574925381783238,-0.0945053019315635,-0.5057423206291122));
#236=FACE_BOUND('',#237,.T.);
#237=EDGE_LOOP('',(#238,#239,#240));
#238=ORIENTED_EDGE('',*,*,#241,.T.);
#239=ORIENTED_EDGE('',*,*,#242,.T.);
#240=ORIENTED_EDGE('',*,*,#243,.T.);
#241=EDGE_CURVE('',#52,#42,#244,.F.);
#242=EDGE_CURVE('',#42,#46,#245,.T.);
#243=EDGE_CURVE('',#46,#52,#246,.T.);
#244=LINE('',#51,#247);
#245=LINE('',#41,#248);
#246=LINE('',#45,#249);
#247=VECTOR('',#250,1.0);
#248=VECTOR('',#251,1.0);
#249=VECTOR('',#252,1.0);
#250=DIRECTION('',(-0.8574925381783238,-0.0945053019315635,-0.5057423206291122));
#251=DIRECTION('',(0,0.18368505919494757,0.982985146901289));
#252=DIRECTION('',(1,0,0));
#253=STYLED_ITEM('',(#25),#254);
#254=FACE_SURFACE('',(#259),#255,.T.);
#255=PLANE('',#256);
#256=AXIS2_PLACEMENT_3D('',#53,#257,#258);
#257=DIRECTION('',(1,-0,0));
#258=DIRECTION('',(0,0.9829850954177805,-0.1836853347072028));
#259=FACE_BOUND('',#260,.T.);
#260=EDGE_LOOP('',(#261,#262,#263));
#261=ORIENTED_EDGE('',*,*,#264,.T.);
#262=ORIENTED_EDGE('',*,*,#265,.T.);
#263=ORIENTED_EDGE('',*,*,#266,.T.);
#264=EDGE_CURVE('',#54,#50,#267,.F.);
#265=EDGE_CURVE('',#50,#56,#268,.T.);
#266=EDGE_CURVE('',#56,#54,#269,.T.);
#267=LINE('',#53,#270);
#268=LINE('',#49,#271);
#269=LINE('',#55,#272);
#270=VECTOR('',#273,1.0);
#271=VECTOR('',#274,1.0);
#272=VECTOR('',#275,1.0);
#273=DIRECTION('',(0,0.9829850954177805,-0.1836853347072028));
#274=DIRECTION('',(0,-0.4881802408891125,0.8727428329155433));
#275=DIRECTION('',(0,-0.18368505919494757,-0.982985146901289));
#276=STYLED_ITEM('',(#25),#277);
#277=FACE_SURFACE('',(#282),#278,.T.);
#278=PLANE('',#279);
#279=AXIS2_PLACEMENT_3D('',#55,#280,#281);
#280=DIRECTION('',(1,0,0));
#281=DIRECTION('',(0,0.4881802408891125,-0.8727428329155433));
#282=FACE_BOUND('',#283,.T.);
#283=EDGE_LOOP('',(#284,#285,#286));
#284=ORIENTED_EDGE('',*,*,#287,.T.);
#285=ORIENTED_EDGE('',*,*,#288,.T.);
#286=ORIENTED_EDGE('',*,*,#289,.T.);
#287=EDGE_CURVE('',#56,#50,#290,.F.);
#288=EDGE_CURVE('',#50,#52,#291,.T.);
#289=EDGE_CURVE('',#52,#56,#292,.T.);
#290=LINE('',#55,#293);
#291=LINE('',#49,#294);
#292=LINE('',#51,#295);
#293=VECTOR('',#296,1.0);
#294=VECTOR('',#297,1.0);
#295=VECTOR('',#298,1.0);
#296=DIRECTION('',(0,0.4881802408891125,-0.8727428329155433));
#297=DIRECTION('',(0,0.18368505919494757,0.982985146901289));
#298=DIRECTION('',(0,-0.9829850954177805,0.1836853347072028));
#299=STYLED_ITEM('',(#25),#300);
#300=FACE_SURFACE('',(#305),#301,.T.);
#301=PLANE('',#302);
#302=AXIS2_PLACEMENT_3D('',#47,#303,#304);
#303=DIRECTION('',(-0,0.1836853347072028,0.9829850954177803));
#304=DIRECTION('',(1,0,0));
#305=FACE_BOUND('',#306,.T.);
#306=EDGE_LOOP('',(#307,#308,#309));
#307=ORIENTED_EDGE('',*,*,#310,.T.);
#308=ORIENTED_EDGE('',*,*,#311,.T.);
#309=ORIENTED_EDGE('',*,*,#312,.T.);
#310=EDGE_CURVE('',#48,#56,#313,.F.);
#311=EDGE_CURVE('',#56,#46,#314,.T.);
#312=EDGE_CURVE('',#46,#48,#315,.T.);
#313=LINE('',#47,#316);
#314=LINE('',#55,#317);
#315=LINE('',#45,#318);
#316=VECTOR('',#319,1.0);
#317=VECTOR('',#320,1.0);
#318=VECTOR('',#321,1.0);
#319=DIRECTION('',(1,0,0));
#320=DIRECTION('',(-0.8944271538978643,0.4396043717861749,-0.08214659260522553));
#321=DIRECTION('',(0,-0.9829850954177805,0.1836853347072028));
#322=STYLED_ITEM('',(#25),#323);
#323=FACE_SURFACE('',(#328),#324,.T.);
#324=PLANE('',#325);
#325=AXIS2_PLACEMENT_3D('',#45,#326,#327);
#326=DIRECTION('',(-0,0.1836853347072028,0.9829850954177803));
#327=DIRECTION('',(0.8944271538978643,-0.4396043717861749,0.08214659260522553));
#328=FACE_BOUND('',#329,.T.);
#329=EDGE_LOOP('',(#330,#331,#332));
#330=ORIENTED_EDGE('',*,*,#333,.T.);
#331=ORIENTED_EDGE('',*,*,#334,.T.);
#332=ORIENTED_EDGE('',*,*,#335,.T.);
#333=EDGE_CURVE('',#46,#56,#336,.F.);
#334=EDGE_CURVE('',#56,#52,#337,.T.);
#335=EDGE_CURVE('',#52,#46,#338,.T.);
#336=LINE('',#45,#339);
#337=LINE('',#55,#340);
#338=LINE('',#51,#341);
#339=VECTOR('',#342,1.0);
#340=VECTOR('',#343,1.0);
#341=VECTOR('',#344,1.0);
#342=DIRECTION('',(0.8944271538978643,-0.4396043717861749,0.08214659260522553));
#343=DIRECTION('',(0,0.9829850954177805,-0.1836853347072028));
#344=DIRECTION('',(-1,0,0));
#345=STYLED_ITEM('',(#25),#346);
#346=FACE_SURFACE('',(#351),#347,.T.);
#347=PLANE('',#348);
#348=AXIS2_PLACEMENT_3D('',#57,#349,#350);
#349=DIRECTION('',(-0,-0.8249638607194267,-0.5651854815075298));
#350=DIRECTION('',(-1,0,0));
#351=FACE_BOUND('',#352,.T.);
#352=EDGE_LOOP('',(#353,#354,#355));
#353=ORIENTED_EDGE('',*,*,#356,.T.);
#354=ORIENTED_EDGE('',*,*,#357,.T.);
#355=ORIENTED_EDGE('',*,*,#358,.T.);
#356=EDGE_CURVE('',#58,#60,#359,.F.);
#357=EDGE_CURVE('',#60,#62,#360,.T.);
#358=EDGE_CURVE('',#62,#58,#361,.T.);
#359=LINE('',#57,#362);
#360=LINE('',#59,#363);
#361=LINE('',#61,#364);
#362=VECTOR('',#365,1.0);
#363=VECTOR('',#366,1.0);
#364=VECTOR('',#367,1.0);
#365=DIRECTION('',(-1,0,0));
#366=DIRECTION('',(0.9986739125178071,0.02909698946851402,-0.04247095078102785));
#367=DIRECTION('',(-0.3716744112910089,-0.5246973720330114,0.7658660455805137));
#368=STYLED_ITEM('',(#25),#369);
#369=FACE_SURFACE('',(#374),#370,.T.);
#370=PLANE('',#371);
#371=AXIS2_PLACEMENT_3D('',#61,#372,#373);
#372=DIRECTION('',(-0,-0.8249638607194267,-0.5651854815075298));
#373=DIRECTION('',(-0.9986739125178071,-0.02909698946851402,0.04247095078102785));
#374=FACE_BOUND('',#375,.T.);
#375=EDGE_LOOP('',(#376,#377,#378));
#376=ORIENTED_EDGE('',*,*,#379,.T.);
#377=ORIENTED_EDGE('',*,*,#380,.T.);
#378=ORIENTED_EDGE('',*,*,#381,.T.);
#379=EDGE_CURVE('',#62,#60,#382,.F.);
#380=EDGE_CURVE('',#60,#64,#383,.T.);
#381=EDGE_CURVE('',#64,#62,#384,.T.);
#382=LINE('',#61,#385);
#383=LINE('',#59,#386);
#384=LINE('',#63,#387);
#385=VECTOR('',#388,1.0);
#386=VECTOR('',#389,1.0);
#387=VECTOR('',#390,1.0);
#388=DIRECTION('',(-0.9986739125178071,-0.02909698946851402,0.04247095078102785));
#389=DIRECTION('',(-0.3716700948528555,0.5246983487266613,-0.7658674711956269));
#390=DIRECTION('',(1,0,0));
#391=STYLED_ITEM('',(#25),#392);
#392=FACE_SURFACE('',(#397),#393,.T.);
#393=PLANE('',#394);
#394=AXIS2_PLACEMENT_3D('',#65,#395,#396);
#395=DIRECTION('',(-0.6063442384751048,-0.7618953540580002,-0.22773259304034593));
#396=DIRECTION('',(-0.7591247484725153,0.6398730215937811,-0.11954970720576753));
#397=FACE_BOUND('',#398,.T.);
#398=EDGE_LOOP('',(#399,#400,#401));
#399=ORIENTED_EDGE('',*,*,#402,.T.);
#400=ORIENTED_EDGE('',*,*,#403,.T.);
#401=ORIENTED_EDGE('',*,*,#404,.T.);
#402=EDGE_CURVE('',#66,#68,#405,.F.);
#403=EDGE_CURVE('',#68,#60,#406,.T.);
#404=EDGE_CURVE('',#60,#66,#407,.T.);
#405=LINE('',#65,#408);
#406=LINE('',#67,#409);
#407=LINE('',#59,#410);
#408=VECTOR('',#411,1.0);
#409=VECTOR('',#412,1.0);
#410=VECTOR('',#413,1.0);
#411=DIRECTION('',(-0.7591247484725153,0.6398730215937811,-0.11954970720576753));
#412=DIRECTION('',(0.587026842801986,-0.23567615943660616,-0.7745038629362306));
#413=DIRECTION('',(-0.5144959912219238,0.15750887533139302,0.8429026214269415));
#414=STYLED_ITEM('',(#25),#415);
#415=FACE_SURFACE('',(#420),#416,.T.);
#416=PLANE('',#417);
#417=AXIS2_PLACEMENT_3D('',#59,#418,#419);
#418=DIRECTION('',(-0.606339931371423,-0.7619001981291099,-0.22772785450032476));
#419=DIRECTION('',(-0.587026842801986,0.23567615943660616,0.7745038629362306));
#420=FACE_BOUND('',#421,.T.);
#421=EDGE_LOOP('',(#422,#423,#424));
#422=ORIENTED_EDGE('',*,*,#425,.T.);
#423=ORIENTED_EDGE('',*,*,#426,.T.);
#424=ORIENTED_EDGE('',*,*,#427,.T.);
#425=EDGE_CURVE('',#60,#68,#428,.F.);
#426=EDGE_CURVE('',#68,#64,#429,.T.);
#427=EDGE_CURVE('',#64,#60,#430,.T.);
#428=LINE('',#59,#431);
#429=LINE('',#67,#432);
#430=LINE('',#63,#433);
#431=VECTOR('',#434,1.0);
#432=VECTOR('',#435,1.0);
#433=VECTOR('',#436,1.0);
#434=DIRECTION('',(-0.587026842801986,0.23567615943660616,0.7745038629362306));
#435=DIRECTION('',(0.514494119000121,-0.15750834667265462,-0.8429038629895679));
#436=DIRECTION('',(0.3716700948528555,-0.5246983487266613,0.7658674711956269));
#437=STYLED_ITEM('',(#25),#438);
#438=FACE_SURFACE('',(#443),#439,.T.);
#439=PLANE('',#440);
#440=AXIS2_PLACEMENT_3D('',#61,#441,#442);
#441=DIRECTION('',(0.6063379479955244,-0.7619022531709453,-0.22772625986831935));
#442=DIRECTION('',(0.514494119000121,0.15750834667265462,0.8429038629895679));
#443=FACE_BOUND('',#444,.T.);
#444=EDGE_LOOP('',(#445,#446,#447));
#445=ORIENTED_EDGE('',*,*,#448,.T.);
#446=ORIENTED_EDGE('',*,*,#449,.T.);
#447=ORIENTED_EDGE('',*,*,#450,.T.);
#448=EDGE_CURVE('',#62,#70,#451,.F.);
#449=EDGE_CURVE('',#70,#58,#452,.T.);
#450=EDGE_CURVE('',#58,#62,#453,.T.);
#451=LINE('',#61,#454);
#452=LINE('',#69,#455);
#453=LINE('',#57,#456);
#454=VECTOR('',#457,1.0);
#455=VECTOR('',#458,1.0);
#456=VECTOR('',#459,1.0);
#457=DIRECTION('',(0.514494119000121,0.15750834667265462,0.8429038629895679));
#458=DIRECTION('',(-0.5870272898361918,-0.23567606507213204,-0.7745035528257388));
#459=DIRECTION('',(0.3716744112910089,0.5246973720330114,-0.7658660455805137));
#460=STYLED_ITEM('',(#25),#461);
#461=FACE_SURFACE('',(#466),#462,.T.);
#462=PLANE('',#463);
#463=AXIS2_PLACEMENT_3D('',#57,#464,#465);
#464=DIRECTION('',(0.6063441250963719,-0.7618953059929512,-0.22773305571880106));
#465=DIRECTION('',(0.5870272898361918,0.23567606507213204,0.7745035528257388));
#466=FACE_BOUND('',#467,.T.);
#467=EDGE_LOOP('',(#468,#469,#470));
#468=ORIENTED_EDGE('',*,*,#471,.T.);
#469=ORIENTED_EDGE('',*,*,#472,.T.);
#470=ORIENTED_EDGE('',*,*,#473,.T.);
#471=EDGE_CURVE('',#58,#70,#474,.F.);
#472=EDGE_CURVE('',#70,#72,#475,.T.);
#473=EDGE_CURVE('',#72,#58,#476,.T.);
#474=LINE('',#57,#477);
#475=LINE('',#69,#478);
#476=LINE('',#71,#479);
#477=VECTOR('',#480,1.0);
#478=VECTOR('',#481,1.0);
#479=VECTOR('',#482,1.0);
#480=DIRECTION('',(0.5870272898361918,0.23567606507213204,0.7745035528257388));
#481=DIRECTION('',(-0.7591247484725153,-0.6398730215937811,0.11954970720576753));
#482=DIRECTION('',(-0.5144965257110707,-0.15750881642461417,-0.8429023061896052));
#483=STYLED_ITEM('',(#25),#484);
#484=FACE_SURFACE('',(#489),#485,.T.);
#485=PLANE('',#486);
#486=AXIS2_PLACEMENT_3D('',#61,#487,#488);
#487=DIRECTION('',(0.8574939075667629,-0.09450507599880821,-0.5057400410253701));
#488=DIRECTION('',(0,0.9829850766964472,-0.18368543489367878));
#489=FACE_BOUND('',#490,.T.);
#490=EDGE_LOOP('',(#491,#492,#493));
#491=ORIENTED_EDGE('',*,*,#494,.T.);
#492=ORIENTED_EDGE('',*,*,#495,.T.);
#493=ORIENTED_EDGE('',*,*,#496,.T.);
#494=EDGE_CURVE('',#62,#74,#497,.F.);
#495=EDGE_CURVE('',#74,#70,#498,.T.);
#496=EDGE_CURVE('',#70,#62,#499,.T.);
#497=LINE('',#61,#500);
#498=LINE('',#73,#501);
#499=LINE('',#69,#502);
#500=VECTOR('',#503,1.0);
#501=VECTOR('',#504,1.0);
#502=VECTOR('',#505,1.0);
#503=DIRECTION('',(0,0.9829850766964472,-0.18368543489367878));
#504=DIRECTION('',(0.24096568528234197,-0.7947370833416706,0.5570713660546427));
#505=DIRECTION('',(-0.514494119000121,-0.15750834667265462,-0.8429038629895679));
#506=STYLED_ITEM('',(#25),#507);
#507=FACE_SURFACE('',(#512),#508,.T.);
#508=PLANE('',#509);
#509=AXIS2_PLACEMENT_3D('',#69,#510,#511);
#510=DIRECTION('',(0.8574926093660522,-0.0945067882205303,-0.5057419221923756));
#511=DIRECTION('',(-0.24096568528234197,0.7947370833416706,-0.5570713660546427));
#512=FACE_BOUND('',#513,.T.);
#513=EDGE_LOOP('',(#514,#515,#516));
#514=ORIENTED_EDGE('',*,*,#517,.T.);
#515=ORIENTED_EDGE('',*,*,#518,.T.);
#516=ORIENTED_EDGE('',*,*,#519,.T.);
#517=EDGE_CURVE('',#70,#74,#520,.F.);
#518=EDGE_CURVE('',#74,#76,#521,.T.);
#519=EDGE_CURVE('',#76,#70,#522,.T.);
#520=LINE('',#69,#523);
#521=LINE('',#73,#524);
#522=LINE('',#75,#525);
#523=VECTOR('',#526,1.0);
#524=VECTOR('',#527,1.0);
#525=VECTOR('',#528,1.0);
#526=DIRECTION('',(-0.24096568528234197,0.7947370833416706,-0.5570713660546427));
#527=DIRECTION('',(0.5144962826711519,0.1575103174953103,0.8429021740392493));
#528=DIRECTION('',(0,-0.9829845991627316,0.18368799037738867));
#529=STYLED_ITEM('',(#25),#530);
#530=FACE_SURFACE('',(#535),#531,.T.);
#531=PLANE('',#532);
#532=AXIS2_PLACEMENT_3D('',#73,#533,#534);
#533=DIRECTION('',(-0,-0.18368543489367878,-0.9829850766964472));
#534=DIRECTION('',(0,-0.9829850766964472,0.18368543489367878));
#535=FACE_BOUND('',#536,.T.);
#536=EDGE_LOOP('',(#537,#538,#539));
#537=ORIENTED_EDGE('',*,*,#540,.T.);
#538=ORIENTED_EDGE('',*,*,#541,.T.);
#539=ORIENTED_EDGE('',*,*,#542,.T.);
#540=EDGE_CURVE('',#74,#62,#543,.F.);
#541=EDGE_CURVE('',#62,#78,#544,.T.);
#542=EDGE_CURVE('',#78,#74,#545,.T.);
#543=LINE('',#73,#546);
#544=LINE('',#61,#547);
#545=LINE('',#77,#548);
#546=VECTOR('',#549,1.0);
#547=VECTOR('',#550,1.0);
#548=VECTOR('',#551,1.0);
#549=DIRECTION('',(0,-0.9829850766964472,0.18368543489367878));
#550=DIRECTION('',(-0.2906884707106371,0.9405375725945816,-0.1757534851256253));
#551=DIRECTION('',(1,0,0));
#552=STYLED_ITEM('',(#25),#553);
#553=FACE_SURFACE('',(#558),#554,.T.);
#554=PLANE('',#555);
#555=AXIS2_PLACEMENT_3D('',#77,#556,#557);
#556=DIRECTION('',(0,-0.18368543489367875,-0.982985076696447));
#557=DIRECTION('',(0.2906884707106371,-0.9405375725945816,0.1757534851256253));
#558=FACE_BOUND('',#559,.T.);
#559=EDGE_LOOP('',(#560,#561,#562));
#560=ORIENTED_EDGE('',*,*,#563,.T.);
#561=ORIENTED_EDGE('',*,*,#564,.T.);
#562=ORIENTED_EDGE('',*,*,#565,.T.);
#563=EDGE_CURVE('',#78,#62,#566,.F.);
#564=EDGE_CURVE('',#62,#64,#567,.T.);
#565=EDGE_CURVE('',#64,#78,#568,.T.);
#566=LINE('',#77,#569);
#567=LINE('',#61,#570);
#568=LINE('',#63,#571);
#569=VECTOR('',#572,1.0);
#570=VECTOR('',#573,1.0);
#571=VECTOR('',#574,1.0);
#572=DIRECTION('',(0.2906884707106371,-0.9405375725945816,0.1757534851256253));
#573=DIRECTION('',(-1,0,0));
#574=DIRECTION('',(0.6958582987283322,0.7059593434535537,-0.13191904139106922));
#575=STYLED_ITEM('',(#25),#576);
#576=FACE_SURFACE('',(#581),#577,.T.);
#577=PLANE('',#578);
#578=AXIS2_PLACEMENT_3D('',#77,#579,#580);
#579=DIRECTION('',(-0,-0.18368543489367878,-0.9829850766964473));
#580=DIRECTION('',(-0.6958582987283322,-0.7059593434535537,0.13191904139106922));
#581=FACE_BOUND('',#582,.T.);
#582=EDGE_LOOP('',(#583,#584,#585));
#583=ORIENTED_EDGE('',*,*,#586,.T.);
#584=ORIENTED_EDGE('',*,*,#587,.T.);
#585=ORIENTED_EDGE('',*,*,#588,.T.);
#586=EDGE_CURVE('',#78,#64,#589,.F.);
#587=EDGE_CURVE('',#64,#80,#590,.T.);
#588=EDGE_CURVE('',#80,#78,#591,.T.);
#589=LINE('',#77,#592);
#590=LINE('',#63,#593);
#591=LINE('',#79,#594);
#592=VECTOR('',#595,1.0);
#593=VECTOR('',#596,1.0);
#594=VECTOR('',#597,1.0);
#595=DIRECTION('',(-0.6958582987283322,-0.7059593434535537,0.13191904139106922));
#596=DIRECTION('',(0.29068877448793656,0.940537481874993,-0.175753468173316));
#597=DIRECTION('',(1,0,0));
#598=STYLED_ITEM('',(#25),#599);
#599=FACE_SURFACE('',(#604),#600,.T.);
#600=PLANE('',#601);
#601=AXIS2_PLACEMENT_3D('',#79,#602,#603);
#602=DIRECTION('',(-0,-0.18368543489367875,-0.9829850766964471));
#603=DIRECTION('',(-0.29068877448793656,-0.940537481874993,0.175753468173316));
#604=FACE_BOUND('',#605,.T.);
#605=EDGE_LOOP('',(#606,#607,#608));
#606=ORIENTED_EDGE('',*,*,#609,.T.);
#607=ORIENTED_EDGE('',*,*,#610,.T.);
#608=ORIENTED_EDGE('',*,*,#611,.T.);
#609=EDGE_CURVE('',#80,#64,#612,.F.);
#610=EDGE_CURVE('',#64,#82,#613,.T.);
#611=EDGE_CURVE('',#82,#80,#614,.T.);
#612=LINE('',#79,#615);
#613=LINE('',#63,#616);
#614=LINE('',#81,#617);
#615=VECTOR('',#618,1.0);
#616=VECTOR('',#619,1.0);
#617=VECTOR('',#620,1.0);
#618=DIRECTION('',(-0.29068877448793656,-0.940537481874993,0.175753468173316));
#619=DIRECTION('',(0,0.9829850766964472,-0.18368543489367878));
#620=DIRECTION('',(1,0,0));
#621=STYLED_ITEM('',(#25),#622);
#622=FACE_SURFACE('',(#627),#623,.T.);
#623=PLANE('',#624);
#624=AXIS2_PLACEMENT_3D('',#79,#625,#626);
#625=DIRECTION('',(0,-0.18365557107720315,-0.9829906567268614));
#626=DIRECTION('',(0.3015151247615291,0.9372436416928015,-0.1751084967854358));
#627=FACE_BOUND('',#628,.T.);
#628=EDGE_LOOP('',(#629,#630,#631));
#629=ORIENTED_EDGE('',*,*,#632,.T.);
#630=ORIENTED_EDGE('',*,*,#633,.T.);
#631=ORIENTED_EDGE('',*,*,#634,.T.);
#632=EDGE_CURVE('',#80,#84,#635,.F.);
#633=EDGE_CURVE('',#84,#78,#636,.T.);
#634=EDGE_CURVE('',#78,#80,#637,.T.);
#635=LINE('',#79,#638);
#636=LINE('',#83,#639);
#637=LINE('',#77,#640);
#638=VECTOR('',#641,1.0);
#639=VECTOR('',#642,1.0);
#640=VECTOR('',#643,1.0);
#641=DIRECTION('',(0.3015151247615291,0.9372436416928015,-0.1751084967854358));
#642=DIRECTION('',(0.9975693455211866,-0.06849548357124129,0.012797249969163165));
#643=DIRECTION('',(-1,0,0));
#644=STYLED_ITEM('',(#25),#645);
#645=FACE_SURFACE('',(#650),#646,.T.);
#646=PLANE('',#647);
#647=AXIS2_PLACEMENT_3D('',#77,#648,#649);
#648=DIRECTION('',(0,-0.18365557107720315,-0.9829906567268615));
#649=DIRECTION('',(-0.9975693455211866,0.06849548357124129,-0.012797249969163165));
#650=FACE_BOUND('',#651,.T.);
#651=EDGE_LOOP('',(#652,#653,#654));
#652=ORIENTED_EDGE('',*,*,#655,.T.);
#653=ORIENTED_EDGE('',*,*,#656,.T.);
#654=ORIENTED_EDGE('',*,*,#657,.T.);
#655=EDGE_CURVE('',#78,#84,#658,.F.);
#656=EDGE_CURVE('',#84,#86,#659,.T.);
#657=EDGE_CURVE('',#86,#78,#660,.T.);
#658=LINE('',#77,#661);
#659=LINE('',#83,#662);
#660=LINE('',#85,#663);
#661=VECTOR('',#664,1.0);
#662=VECTOR('',#665,1.0);
#663=VECTOR('',#666,1.0);
#664=DIRECTION('',(-0.9975693455211866,0.06849548357124129,-0.012797249969163165));
#665=DIRECTION('',(1,0,0));
#666=DIRECTION('',(0.30152173778162006,-0.9372415859893725,0.175108112711198));
#667=STYLED_ITEM('',(#25),#668);
#668=FACE_SURFACE('',(#673),#669,.T.);
#669=PLANE('',#670);
#670=AXIS2_PLACEMENT_3D('',#67,#671,#672);
#671=DIRECTION('',(-0.8574939075654398,-0.09450639078055331,-0.5057397953392501));
#672=DIRECTION('',(0,0.9829845991627316,-0.18368799037738867));
#673=FACE_BOUND('',#674,.T.);
#674=EDGE_LOOP('',(#675,#676,#677));
#675=ORIENTED_EDGE('',*,*,#678,.T.);
#676=ORIENTED_EDGE('',*,*,#679,.T.);
#677=ORIENTED_EDGE('',*,*,#680,.T.);
#678=EDGE_CURVE('',#68,#88,#681,.F.);
#679=EDGE_CURVE('',#88,#64,#682,.T.);
#680=EDGE_CURVE('',#64,#68,#683,.T.);
#681=LINE('',#67,#684);
#682=LINE('',#87,#685);
#683=LINE('',#63,#686);
#684=VECTOR('',#687,1.0);
#685=VECTOR('',#688,1.0);
#686=VECTOR('',#689,1.0);
#687=DIRECTION('',(0,0.9829845991627316,-0.18368799037738867));
#688=DIRECTION('',(0.2409658446798445,-0.9422778356260073,-0.2324821330461679));
#689=DIRECTION('',(-0.514494119000121,0.15750834667265462,0.8429038629895679));
#690=STYLED_ITEM('',(#25),#691);
#691=FACE_SURFACE('',(#696),#692,.T.);
#692=PLANE('',#693);
#693=AXIS2_PLACEMENT_3D('',#63,#694,#695);
#694=DIRECTION('',(-0.8574926093658289,-0.09450547343372949,-0.5057421678820629));
#695=DIRECTION('',(-0.2409658446798445,0.9422778356260073,0.2324821330461679));
#696=FACE_BOUND('',#697,.T.);
#697=EDGE_LOOP('',(#698,#699,#700));
#698=ORIENTED_EDGE('',*,*,#701,.T.);
#699=ORIENTED_EDGE('',*,*,#702,.T.);
#700=ORIENTED_EDGE('',*,*,#703,.T.);
#701=EDGE_CURVE('',#64,#88,#704,.F.);
#702=EDGE_CURVE('',#88,#82,#705,.T.);
#703=EDGE_CURVE('',#82,#64,#706,.T.);
#704=LINE('',#63,#707);
#705=LINE('',#87,#708);
#706=LINE('',#81,#709);
#707=VECTOR('',#710,1.0);
#708=VECTOR('',#711,1.0);
#709=VECTOR('',#712,1.0);
#710=DIRECTION('',(-0.2409658446798445,0.9422778356260073,0.2324821330461679));
#711=DIRECTION('',(0.5144962826711519,-0.1575103174953103,-0.8429021740392493));
#712=DIRECTION('',(0,-0.9829850766964472,0.18368543489367878));
#713=STYLED_ITEM('',(#25),#714);
#714=FACE_SURFACE('',(#719),#715,.T.);
#715=PLANE('',#716);
#716=AXIS2_PLACEMENT_3D('',#67,#717,#718);
#717=DIRECTION('',(2.828048436092358E-05,0.18368799030393315,0.9829845987696432));
#718=DIRECTION('',(0.7591247484725153,-0.6398730215937811,0.11954970720576753));
#719=FACE_BOUND('',#720,.T.);
#720=EDGE_LOOP('',(#721,#722,#723));
#721=ORIENTED_EDGE('',*,*,#724,.T.);
#722=ORIENTED_EDGE('',*,*,#725,.T.);
#723=ORIENTED_EDGE('',*,*,#726,.T.);
#724=EDGE_CURVE('',#68,#66,#727,.F.);
#725=EDGE_CURVE('',#66,#88,#728,.T.);
#726=EDGE_CURVE('',#88,#68,#729,.T.);
#727=LINE('',#67,#730);
#728=LINE('',#65,#731);
#729=LINE('',#87,#732);
#730=VECTOR('',#733,1.0);
#731=VECTOR('',#734,1.0);
#732=VECTOR('',#735,1.0);
#733=DIRECTION('',(0.7591247484725153,-0.6398730215937811,0.11954970720576753));
#734=DIRECTION('',(-0.05063856528754039,0.9817237370799342,-0.18345091921118234));
#735=DIRECTION('',(0,-0.9829845991627316,0.18368799037738867));
#736=STYLED_ITEM('',(#25),#737);
#737=FACE_SURFACE('',(#742),#738,.T.);
#738=PLANE('',#739);
#739=AXIS2_PLACEMENT_3D('',#87,#740,#741);
#740=DIRECTION('',(-2.5923787597708235E-05,0.183685288726715,0.9829851036680772));
#741=DIRECTION('',(0.05063856528754039,-0.9817237370799342,0.18345091921118234));
#742=FACE_BOUND('',#743,.T.);
#743=EDGE_LOOP('',(#744,#745,#746));
#744=ORIENTED_EDGE('',*,*,#747,.T.);
#745=ORIENTED_EDGE('',*,*,#748,.T.);
#746=ORIENTED_EDGE('',*,*,#749,.T.);
#747=EDGE_CURVE('',#88,#66,#750,.F.);
#748=EDGE_CURVE('',#66,#90,#751,.T.);
#749=EDGE_CURVE('',#90,#88,#752,.T.);
#750=LINE('',#87,#753);
#751=LINE('',#65,#754);
#752=LINE('',#89,#755);
#753=VECTOR('',#756,1.0);
#754=VECTOR('',#757,1.0);
#755=VECTOR('',#758,1.0);
#756=DIRECTION('',(0.05063856528754039,-0.9817237370799342,0.18345091921118234));
#757=DIRECTION('',(0,0.9829851039983812,-0.1836852887884372));
#758=DIRECTION('',(-0.7591247484725153,-0.6398730215937811,0.11954970720576753));
#759=STYLED_ITEM('',(#25),#760);
#760=FACE_SURFACE('',(#765),#761,.T.);
#761=PLANE('',#762);
#762=AXIS2_PLACEMENT_3D('',#89,#763,#764);
#763=DIRECTION('',(-0,0.1836852887884372,0.9829851039983813));
#764=DIRECTION('',(0,-0.9829851039983812,0.1836852887884372));
#765=FACE_BOUND('',#766,.T.);
#766=EDGE_LOOP('',(#767,#768,#769));
#767=ORIENTED_EDGE('',*,*,#770,.T.);
#768=ORIENTED_EDGE('',*,*,#771,.T.);
#769=ORIENTED_EDGE('',*,*,#772,.T.);
#770=EDGE_CURVE('',#90,#66,#773,.F.);
#771=EDGE_CURVE('',#66,#92,#774,.T.);
#772=EDGE_CURVE('',#92,#90,#775,.T.);
#773=LINE('',#89,#776);
#774=LINE('',#65,#777);
#775=LINE('',#91,#778);
#776=VECTOR('',#779,1.0);
#777=VECTOR('',#780,1.0);
#778=VECTOR('',#781,1.0);
#779=DIRECTION('',(0,-0.9829851039983812,0.1836852887884372));
#780=DIRECTION('',(0.03431586480526727,0.98240616241072,-0.18357710499980331));
#781=DIRECTION('',(-1,0,0));
#782=STYLED_ITEM('',(#25),#783);
#783=FACE_SURFACE('',(#788),#784,.T.);
#784=PLANE('',#785);
#785=AXIS2_PLACEMENT_3D('',#91,#786,#787);
#786=DIRECTION('',(0,0.1836852887884372,0.9829851039983812));
#787=DIRECTION('',(-0.03431586480526727,-0.98240616241072,0.18357710499980331));
#788=FACE_BOUND('',#789,.T.);
#789=EDGE_LOOP('',(#790,#791,#792));
#790=ORIENTED_EDGE('',*,*,#793,.T.);
#791=ORIENTED_EDGE('',*,*,#794,.T.);
#792=ORIENTED_EDGE('',*,*,#795,.T.);
#793=EDGE_CURVE('',#92,#66,#796,.F.);
#794=EDGE_CURVE('',#66,#94,#797,.T.);
#795=EDGE_CURVE('',#94,#92,#798,.T.);
#796=LINE('',#91,#799);
#797=LINE('',#65,#800);
#798=LINE('',#93,#801);
#799=VECTOR('',#802,1.0);
#800=VECTOR('',#803,1.0);
#801=VECTOR('',#804,1.0);
#802=DIRECTION('',(-0.03431586480526727,-0.98240616241072,0.18357710499980331));
#803=DIRECTION('',(1,0,0));
#804=DIRECTION('',(-0.04853402879073649,0.9818266851776556,-0.18346882111791254));
#805=STYLED_ITEM('',(#25),#806);
#806=FACE_SURFACE('',(#811),#807,.T.);
#807=PLANE('',#808);
#808=AXIS2_PLACEMENT_3D('',#91,#809,#810);
#809=DIRECTION('',(2.705072670291551E-05,0.1836865807859528,0.9829848621964754));
#810=DIRECTION('',(0.04853402879073649,-0.9818266851776556,0.18346882111791254));
#811=FACE_BOUND('',#812,.T.);
#812=EDGE_LOOP('',(#813,#814,#815));
#813=ORIENTED_EDGE('',*,*,#816,.T.);
#814=ORIENTED_EDGE('',*,*,#817,.T.);
#815=ORIENTED_EDGE('',*,*,#818,.T.);
#816=EDGE_CURVE('',#92,#94,#819,.F.);
#817=EDGE_CURVE('',#94,#96,#820,.T.);
#818=EDGE_CURVE('',#96,#92,#821,.T.);
#819=LINE('',#91,#822);
#820=LINE('',#93,#823);
#821=LINE('',#95,#824);
#822=VECTOR('',#825,1.0);
#823=VECTOR('',#826,1.0);
#824=VECTOR('',#827,1.0);
#825=DIRECTION('',(0.04853402879073649,-0.9818266851776556,0.18346882111791254));
#826=DIRECTION('',(0,0.9829848625561209,-0.18368658085315837));
#827=DIRECTION('',(-0.759126852845442,0.6398706092330145,-0.11954925649599607));
#828=STYLED_ITEM('',(#25),#829);
#829=FACE_SURFACE('',(#834),#830,.T.);
#830=PLANE('',#831);
#831=AXIS2_PLACEMENT_3D('',#77,#832,#833);
#832=DIRECTION('',(0.7070971426955367,0.0966072953045515,-0.7004860179088139));
#833=DIRECTION('',(-0.30152173778162006,0.9372415859893725,-0.175108112711198));
#834=FACE_BOUND('',#835,.T.);
#835=EDGE_LOOP('',(#836,#837,#838));
#836=ORIENTED_EDGE('',*,*,#839,.T.);
#837=ORIENTED_EDGE('',*,*,#840,.T.);
#838=ORIENTED_EDGE('',*,*,#841,.T.);
#839=EDGE_CURVE('',#78,#86,#842,.F.);
#840=EDGE_CURVE('',#86,#98,#843,.T.);
#841=EDGE_CURVE('',#98,#78,#844,.T.);
#842=LINE('',#77,#845);
#843=LINE('',#85,#846);
#844=LINE('',#97,#847);
#845=VECTOR('',#848,1.0);
#846=VECTOR('',#849,1.0);
#847=VECTOR('',#850,1.0);
#848=DIRECTION('',(-0.30152173778162006,0.9372415859893725,-0.175108112711198));
#849=DIRECTION('',(0.6882526869800163,0.13326019085238666,0.7131268894094326));
#850=DIRECTION('',(-0.4082407928319388,-0.7530805534437659,-0.5159545862697424));
#851=STYLED_ITEM('',(#25),#852);
#852=FACE_SURFACE('',(#857),#853,.T.);
#853=PLANE('',#854);
#854=AXIS2_PLACEMENT_3D('',#97,#855,#856);
#855=DIRECTION('',(0.7071016602664956,0.09657982840634373,-0.7004852452360197));
#856=DIRECTION('',(-0.6882526869800163,-0.13326019085238666,-0.7131268894094326));
#857=FACE_BOUND('',#858,.T.);
#858=EDGE_LOOP('',(#859,#860,#861));
#859=ORIENTED_EDGE('',*,*,#862,.T.);
#860=ORIENTED_EDGE('',*,*,#863,.T.);
#861=ORIENTED_EDGE('',*,*,#864,.T.);
#862=EDGE_CURVE('',#98,#86,#865,.F.);
#863=EDGE_CURVE('',#86,#100,#866,.T.);
#864=EDGE_CURVE('',#100,#98,#867,.T.);
#865=LINE('',#97,#868);
#866=LINE('',#85,#869);
#867=LINE('',#99,#870);
#868=VECTOR('',#871,1.0);
#869=VECTOR('',#872,1.0);
#870=VECTOR('',#873,1.0);
#871=DIRECTION('',(-0.6882526869800163,-0.13326019085238666,-0.7131268894094326));
#872=DIRECTION('',(0,0.9906285599010572,0.13658351404308466));
#873=DIRECTION('',(0.15409966333872055,-0.9878657651863963,0.019352615626537728));
#874=STYLED_ITEM('',(#25),#875);
#875=FACE_SURFACE('',(#880),#876,.T.);
#876=PLANE('',#877);
#877=AXIS2_PLACEMENT_3D('',#97,#878,#879);
#878=DIRECTION('',(0.7070363504345328,0.09656831807096161,-0.7005527525526983));
#879=DIRECTION('',(-0.15409966333872055,0.9878657651863963,-0.019352615626537728));
#880=FACE_BOUND('',#881,.T.);
#881=EDGE_LOOP('',(#882,#883,#884));
#882=ORIENTED_EDGE('',*,*,#885,.T.);
#883=ORIENTED_EDGE('',*,*,#886,.T.);
#884=ORIENTED_EDGE('',*,*,#887,.T.);
#885=EDGE_CURVE('',#98,#100,#888,.F.);
#886=EDGE_CURVE('',#100,#102,#889,.T.);
#887=EDGE_CURVE('',#102,#98,#890,.T.);
#888=LINE('',#97,#891);
#889=LINE('',#99,#892);
#890=LINE('',#101,#893);
#891=VECTOR('',#894,1.0);
#892=VECTOR('',#895,1.0);
#893=VECTOR('',#896,1.0);
#894=DIRECTION('',(-0.15409966333872055,0.9878657651863963,-0.019352615626537728));
#895=DIRECTION('',(0.1624466817665411,-0.9863202520002425,0.027989928138851653));
#896=DIRECTION('',(-0.6882911649924994,-0.13344211703095737,-0.71305572965622));
#897=STYLED_ITEM('',(#25),#898);
#898=FACE_SURFACE('',(#903),#899,.T.);
#899=PLANE('',#900);
#900=AXIS2_PLACEMENT_3D('',#101,#901,#902);
#901=DIRECTION('',(0.7071135536781818,0.09658330345995772,-0.7004727601394467));
#902=DIRECTION('',(-0.1624466817665411,0.9863202520002425,-0.027989928138851653));
#903=FACE_BOUND('',#904,.T.);
#904=EDGE_LOOP('',(#905,#906,#907));
#905=ORIENTED_EDGE('',*,*,#908,.T.);
#906=ORIENTED_EDGE('',*,*,#909,.T.);
#907=ORIENTED_EDGE('',*,*,#910,.T.);
#908=EDGE_CURVE('',#102,#100,#911,.F.);
#909=EDGE_CURVE('',#100,#104,#912,.T.);
#910=EDGE_CURVE('',#104,#102,#913,.T.);
#911=LINE('',#101,#914);
#912=LINE('',#99,#915);
#913=LINE('',#103,#916);
#914=VECTOR('',#917,1.0);
#915=VECTOR('',#918,1.0);
#916=VECTOR('',#919,1.0);
#917=DIRECTION('',(-0.1624466817665411,0.9863202520002425,-0.027989928138851653));
#918=DIRECTION('',(0.5791652795206437,-0.6474250545911003,0.49538709882826537));
#919=DIRECTION('',(0,-0.9906275655356864,-0.13659072589615792));
#920=STYLED_ITEM('',(#25),#921);
#921=FACE_SURFACE('',(#926),#922,.T.);
#922=PLANE('',#923);
#923=AXIS2_PLACEMENT_3D('',#103,#924,#925);
#924=DIRECTION('',(0.7071194427349458,0.09659427845124788,-0.7004653018363599));
#925=DIRECTION('',(-0.5791652795206437,0.6474250545911003,-0.49538709882826537));
#926=FACE_BOUND('',#927,.T.);
#927=EDGE_LOOP('',(#928,#929,#930));
#928=ORIENTED_EDGE('',*,*,#931,.T.);
#929=ORIENTED_EDGE('',*,*,#932,.T.);
#930=ORIENTED_EDGE('',*,*,#933,.T.);
#931=EDGE_CURVE('',#104,#100,#934,.F.);
#932=EDGE_CURVE('',#100,#106,#935,.T.);
#933=EDGE_CURVE('',#106,#104,#936,.T.);
#934=LINE('',#103,#937);
#935=LINE('',#99,#938);
#936=LINE('',#105,#939);
#937=VECTOR('',#940,1.0);
#938=VECTOR('',#941,1.0);
#939=VECTOR('',#942,1.0);
#940=DIRECTION('',(-0.5791652795206437,0.6474250545911003,-0.49538709882826537));
#941=DIRECTION('',(0.6299983092572476,-0.5358746470244521,0.5620858413173457));
#942=DIRECTION('',(0.4022350156686783,-0.8696769807138215,0.2861274914902616));
#943=STYLED_ITEM('',(#25),#944);
#944=FACE_SURFACE('',(#949),#945,.T.);
#945=PLANE('',#946);
#946=AXIS2_PLACEMENT_3D('',#101,#947,#948);
#947=DIRECTION('',(1,0,0));
#948=DIRECTION('',(0,0.9906275655356864,0.13659072589615792));
#949=FACE_BOUND('',#950,.T.);
#950=EDGE_LOOP('',(#951,#952,#953));
#951=ORIENTED_EDGE('',*,*,#954,.T.);
#952=ORIENTED_EDGE('',*,*,#955,.T.);
#953=ORIENTED_EDGE('',*,*,#956,.T.);
#954=EDGE_CURVE('',#102,#104,#957,.F.);
#955=EDGE_CURVE('',#104,#108,#958,.T.);
#956=EDGE_CURVE('',#108,#102,#959,.T.);
#957=LINE('',#101,#960);
#958=LINE('',#103,#961);
#959=LINE('',#107,#962);
#960=VECTOR('',#963,1.0);
#961=VECTOR('',#964,1.0);
#962=VECTOR('',#965,1.0);
#963=DIRECTION('',(0,0.9906275655356864,0.13659072589615792));
#964=DIRECTION('',(0,-0.7160033834868923,0.6980968090711506));
#965=DIRECTION('',(0,-0.1836857095632188,-0.9829850253703037));
#966=STYLED_ITEM('',(#25),#967);
#967=FACE_SURFACE('',(#972),#968,.T.);
#968=PLANE('',#969);
#969=AXIS2_PLACEMENT_3D('',#105,#970,#971);
#970=DIRECTION('',(0.7070872841151731,0.493619427141813,0.5063273978275489));
#971=DIRECTION('',(-0.6613389271984177,0.71510178588598,0.2264072860901963));
#972=FACE_BOUND('',#973,.T.);
#973=EDGE_LOOP('',(#974,#975,#976));
#974=ORIENTED_EDGE('',*,*,#977,.T.);
#975=ORIENTED_EDGE('',*,*,#978,.T.);
#976=ORIENTED_EDGE('',*,*,#979,.T.);
#977=EDGE_CURVE('',#106,#110,#980,.F.);
#978=EDGE_CURVE('',#110,#104,#981,.T.);
#979=EDGE_CURVE('',#104,#106,#982,.T.);
#980=LINE('',#105,#983);
#981=LINE('',#109,#984);
#982=LINE('',#103,#985);
#983=VECTOR('',#986,1.0);
#984=VECTOR('',#987,1.0);
#985=VECTOR('',#988,1.0);
#986=DIRECTION('',(-0.6613389271984177,0.71510178588598,0.2264072860901963));
#987=DIRECTION('',(0.6074225258215948,-0.7905872590260375,-0.07752200326495086));
#988=DIRECTION('',(-0.4022350156686783,0.8696769807138215,-0.2861274914902616));
#989=STYLED_ITEM('',(#25),#990);
#990=FACE_SURFACE('',(#995),#991,.T.);
#991=PLANE('',#992);
#992=AXIS2_PLACEMENT_3D('',#103,#993,#994);
#993=DIRECTION('',(0.7071009219310533,0.493633077912572,0.5062950430280897));
#994=DIRECTION('',(-0.6074225258215948,0.7905872590260375,0.07752200326495086));
#995=FACE_BOUND('',#996,.T.);
#996=EDGE_LOOP('',(#997,#998,#999));
#997=ORIENTED_EDGE('',*,*,#1000,.T.);
#998=ORIENTED_EDGE('',*,*,#1001,.T.);
#999=ORIENTED_EDGE('',*,*,#1002,.T.);
#1000=EDGE_CURVE('',#104,#110,#1003,.F.);
#1001=EDGE_CURVE('',#110,#108,#1004,.T.);
#1002=EDGE_CURVE('',#108,#104,#1005,.T.);
#1003=LINE('',#103,#1006);
#1004=LINE('',#109,#1007);
#1005=LINE('',#107,#1008);
#1006=VECTOR('',#1009,1.0);
#1007=VECTOR('',#1010,1.0);
#1008=VECTOR('',#1011,1.0);
#1009=DIRECTION('',(-0.6074225258215948,0.7905872590260375,0.07752200326495086));
#1010=DIRECTION('',(0.14935414213510775,-0.8041117075362176,0.5754108984284835));
#1011=DIRECTION('',(0,0.7160033834868923,-0.6980968090711506));
#1012=STYLED_ITEM('',(#25),#1013);
#1013=FACE_SURFACE('',(#1018),#1014,.T.);
#1014=PLANE('',#1015);
#1015=AXIS2_PLACEMENT_3D('',#107,#1016,#1017);
#1016=DIRECTION('',(0.7071436476577051,0.49361259890053133,0.5062553345733937));
#1017=DIRECTION('',(-0.14935414213510775,0.8041117075362176,-0.5754108984284835));
#1018=FACE_BOUND('',#1019,.T.);
#1019=EDGE_LOOP('',(#1020,#1021,#1022));
#1020=ORIENTED_EDGE('',*,*,#1023,.T.);
#1021=ORIENTED_EDGE('',*,*,#1024,.T.);
#1022=ORIENTED_EDGE('',*,*,#1025,.T.);
#1023=EDGE_CURVE('',#108,#110,#1026,.F.);
#1024=EDGE_CURVE('',#110,#112,#1027,.T.);
#1025=EDGE_CURVE('',#112,#108,#1028,.T.);
#1026=LINE('',#107,#1029);
#1027=LINE('',#109,#1030);
#1028=LINE('',#111,#1031);
#1029=VECTOR('',#1032,1.0);
#1030=VECTOR('',#1033,1.0);
#1031=VECTOR('',#1034,1.0);
#1032=DIRECTION('',(-0.14935414213510775,0.8041117075362176,-0.5754108984284835));
#1033=DIRECTION('',(0.12309305511924608,-0.7909987261578972,0.599307195850337));
#1034=DIRECTION('',(0.6395584987094303,-0.1412072643888711,-0.7556622494291687));
#1035=STYLED_ITEM('',(#25),#1036);
#1036=FACE_SURFACE('',(#1041),#1037,.T.);
#1037=PLANE('',#1038);
#1038=AXIS2_PLACEMENT_3D('',#111,#1039,#1040);
#1039=DIRECTION('',(0.7070973841534952,0.4936366153420959,0.5062965349643269));
#1040=DIRECTION('',(-0.12309305511924608,0.7909987261578972,-0.599307195850337));
#1041=FACE_BOUND('',#1042,.T.);
#1042=EDGE_LOOP('',(#1043,#1044,#1045));
#1043=ORIENTED_EDGE('',*,*,#1046,.T.);
#1044=ORIENTED_EDGE('',*,*,#1047,.T.);
#1045=ORIENTED_EDGE('',*,*,#1048,.T.);
#1046=EDGE_CURVE('',#112,#110,#1049,.F.);
#1047=EDGE_CURVE('',#110,#114,#1050,.T.);
#1048=EDGE_CURVE('',#114,#112,#1051,.T.);
#1049=LINE('',#111,#1052);
#1050=LINE('',#109,#1053);
#1051=LINE('',#113,#1054);
#1052=VECTOR('',#1055,1.0);
#1053=VECTOR('',#1056,1.0);
#1054=VECTOR('',#1057,1.0);
#1055=DIRECTION('',(-0.12309305511924608,0.7909987261578972,-0.599307195850337));
#1056=DIRECTION('',(0,-0.7160019112114091,0.6980983191081392));
#1057=DIRECTION('',(0.6396125283672492,-0.14120035973748296,-0.7556178081316375));
#1058=STYLED_ITEM('',(#25),#1059);
#1059=FACE_SURFACE('',(#1064),#1060,.T.);
#1060=PLANE('',#1061);
#1061=AXIS2_PLACEMENT_3D('',#111,#1062,#1063);
#1062=DIRECTION('',(0.7070958729462979,0.4936409163448326,0.5062944520459878));
#1063=DIRECTION('',(-0.6396125283672492,0.14120035973748296,0.7556178081316375));
#1064=FACE_BOUND('',#1065,.T.);
#1065=EDGE_LOOP('',(#1066,#1067,#1068));
#1066=ORIENTED_EDGE('',*,*,#1069,.T.);
#1067=ORIENTED_EDGE('',*,*,#1070,.T.);
#1068=ORIENTED_EDGE('',*,*,#1071,.T.);
#1069=EDGE_CURVE('',#112,#114,#1072,.F.);
#1070=EDGE_CURVE('',#114,#116,#1073,.T.);
#1071=EDGE_CURVE('',#116,#112,#1074,.T.);
#1072=LINE('',#111,#1075);
#1073=LINE('',#113,#1076);
#1074=LINE('',#115,#1077);
#1075=VECTOR('',#1078,1.0);
#1076=VECTOR('',#1079,1.0);
#1077=VECTOR('',#1080,1.0);
#1078=DIRECTION('',(-0.6396125283672492,0.14120035973748296,0.7556178081316375));
#1079=DIRECTION('',(0.4850703923982496,-0.8595912235217902,0.16065379815902198));
#1080=DIRECTION('',(0.1924541484350433,0.5546198854306472,-0.8095419590330314));
#1081=STYLED_ITEM('',(#25),#1082);
#1082=FACE_SURFACE('',(#1087),#1083,.T.);
#1083=PLANE('',#1084);
#1084=AXIS2_PLACEMENT_3D('',#105,#1085,#1086);
#1085=DIRECTION('',(0.7071104587667034,0.6950714841052267,-0.1298862236209053));
#1086=DIRECTION('',(-0.6299983092572476,0.5358746470244521,-0.5620858413173457));
#1087=FACE_BOUND('',#1088,.T.);
#1088=EDGE_LOOP('',(#1089,#1090,#1091));
#1089=ORIENTED_EDGE('',*,*,#1092,.T.);
#1090=ORIENTED_EDGE('',*,*,#1093,.T.);
#1091=ORIENTED_EDGE('',*,*,#1094,.T.);
#1092=EDGE_CURVE('',#106,#100,#1095,.F.);
#1093=EDGE_CURVE('',#100,#110,#1096,.T.);
#1094=EDGE_CURVE('',#110,#106,#1097,.T.);
#1095=LINE('',#105,#1098);
#1096=LINE('',#99,#1099);
#1097=LINE('',#109,#1100);
#1098=VECTOR('',#1101,1.0);
#1099=VECTOR('',#1102,1.0);
#1100=VECTOR('',#1103,1.0);
#1101=DIRECTION('',(-0.6299983092572476,0.5358746470244521,-0.5620858413173457));
#1102=DIRECTION('',(0,0.18368781435404322,0.9829846320557787));
#1103=DIRECTION('',(0.6613389271984177,-0.71510178588598,-0.2264072860901963));
#1104=STYLED_ITEM('',(#25),#1105);
#1105=FACE_SURFACE('',(#1110),#1106,.T.);
#1106=PLANE('',#1107);
#1107=AXIS2_PLACEMENT_3D('',#117,#1108,#1109);
#1108=DIRECTION('',(-0.7070981173468931,0.4936414921117376,0.5062907560978936));
#1109=DIRECTION('',(0.4850703923982496,0.8595912235217902,-0.16065379815902198));
#1110=FACE_BOUND('',#1111,.T.);
#1111=EDGE_LOOP('',(#1112,#1113,#1114));
#1112=ORIENTED_EDGE('',*,*,#1115,.T.);
#1113=ORIENTED_EDGE('',*,*,#1116,.T.);
#1114=ORIENTED_EDGE('',*,*,#1117,.T.);
#1115=EDGE_CURVE('',#118,#120,#1118,.F.);
#1116=EDGE_CURVE('',#120,#122,#1119,.T.);
#1117=EDGE_CURVE('',#122,#118,#1120,.T.);
#1118=LINE('',#117,#1121);
#1119=LINE('',#119,#1122);
#1120=LINE('',#121,#1123);
#1121=VECTOR('',#1124,1.0);
#1122=VECTOR('',#1125,1.0);
#1123=VECTOR('',#1126,1.0);
#1124=DIRECTION('',(0.4850703923982496,0.8595912235217902,-0.16065379815902198));
#1125=DIRECTION('',(-0.6396090628758506,-0.1412008894066421,-0.7556206425964349));
#1126=DIRECTION('',(0.1924490506136322,-0.554620450487932,0.8095427838097718));
#1127=STYLED_ITEM('',(#25),#1128);
#1128=FACE_SURFACE('',(#1133),#1129,.T.);
#1129=PLANE('',#1130);
#1130=AXIS2_PLACEMENT_3D('',#121,#1131,#1132);
#1131=DIRECTION('',(-0.7071006260286048,0.4936343522443063,0.5062942138266042));
#1132=DIRECTION('',(0.6396090628758506,0.1412008894066421,0.7556206425964349));
#1133=FACE_BOUND('',#1134,.T.);
#1134=EDGE_LOOP('',(#1135,#1136,#1137));
#1135=ORIENTED_EDGE('',*,*,#1138,.T.);
#1136=ORIENTED_EDGE('',*,*,#1139,.T.);
#1137=ORIENTED_EDGE('',*,*,#1140,.T.);
#1138=EDGE_CURVE('',#122,#120,#1141,.F.);
#1139=EDGE_CURVE('',#120,#124,#1142,.T.);
#1140=EDGE_CURVE('',#124,#122,#1143,.T.);
#1141=LINE('',#121,#1144);
#1142=LINE('',#119,#1145);
#1143=LINE('',#123,#1146);
#1144=VECTOR('',#1147,1.0);
#1145=VECTOR('',#1148,1.0);
#1146=VECTOR('',#1149,1.0);
#1147=DIRECTION('',(0.6396090628758506,0.1412008894066421,0.7556206425964349));
#1148=DIRECTION('',(0,0.7160019112114091,-0.6980983191081392));
#1149=DIRECTION('',(-0.12309194354775613,-0.7909988360522794,0.5993072791127897));
#1150=STYLED_ITEM('',(#25),#1151);
#1151=FACE_SURFACE('',(#1156),#1152,.T.);
#1152=PLANE('',#1153);
#1153=AXIS2_PLACEMENT_3D('',#121,#1154,#1155);
#1154=DIRECTION('',(-0.7071290718242979,0.4936195856499431,0.5062688815675771));
#1155=DIRECTION('',(0.12309194354775613,0.7909988360522794,-0.5993072791127897));
#1156=FACE_BOUND('',#1157,.T.);
#1157=EDGE_LOOP('',(#1158,#1159,#1160));
#1158=ORIENTED_EDGE('',*,*,#1161,.T.);
#1159=ORIENTED_EDGE('',*,*,#1162,.T.);
#1160=ORIENTED_EDGE('',*,*,#1163,.T.);
#1161=EDGE_CURVE('',#122,#124,#1164,.F.);
#1162=EDGE_CURVE('',#124,#126,#1165,.T.);
#1163=EDGE_CURVE('',#126,#122,#1166,.T.);
#1164=LINE('',#121,#1167);
#1165=LINE('',#123,#1168);
#1166=LINE('',#125,#1169);
#1167=VECTOR('',#1170,1.0);
#1168=VECTOR('',#1171,1.0);
#1169=VECTOR('',#1172,1.0);
#1170=DIRECTION('',(0.12309194354775613,0.7909988360522794,-0.5993072791127897));
#1171=DIRECTION('',(-0.14935414213510775,-0.8041117075362176,0.5754108984284835));
#1172=DIRECTION('',(0.6395756687124514,0.1412046404371287,0.7556482075079923));
#1173=STYLED_ITEM('',(#25),#1174);
#1174=FACE_SURFACE('',(#1179),#1175,.T.);
#1175=PLANE('',#1176);
#1176=AXIS2_PLACEMENT_3D('',#125,#1177,#1178);
#1177=DIRECTION('',(-0.7071009219310533,0.493633077912572,0.5062950430280897));
#1178=DIRECTION('',(0.14935414213510775,0.8041117075362176,-0.5754108984284835));
#1179=FACE_BOUND('',#1180,.T.);
#1180=EDGE_LOOP('',(#1181,#1182,#1183));
#1181=ORIENTED_EDGE('',*,*,#1184,.T.);
#1182=ORIENTED_EDGE('',*,*,#1185,.T.);
#1183=ORIENTED_EDGE('',*,*,#1186,.T.);
#1184=EDGE_CURVE('',#126,#124,#1187,.F.);
#1185=EDGE_CURVE('',#124,#128,#1188,.T.);
#1186=EDGE_CURVE('',#128,#126,#1189,.T.);
#1187=LINE('',#125,#1190);
#1188=LINE('',#123,#1191);
#1189=LINE('',#127,#1192);
#1190=VECTOR('',#1193,1.0);
#1191=VECTOR('',#1194,1.0);
#1192=VECTOR('',#1195,1.0);
#1193=DIRECTION('',(0.14935414213510775,0.8041117075362176,-0.5754108984284835));
#1194=DIRECTION('',(-0.6074225258215948,-0.7905872590260375,-0.07752200326495086));
#1195=DIRECTION('',(0,-0.7160033834868923,0.6980968090711506));
#1196=STYLED_ITEM('',(#25),#1197);
#1197=FACE_SURFACE('',(#1202),#1198,.T.);
#1198=PLANE('',#1199);
#1199=AXIS2_PLACEMENT_3D('',#127,#1200,#1201);
#1200=DIRECTION('',(-0.7070872841151731,0.493619427141813,0.5063273978275489));
#1201=DIRECTION('',(0.6074225258215948,0.7905872590260375,0.07752200326495086));
#1202=FACE_BOUND('',#1203,.T.);
#1203=EDGE_LOOP('',(#1204,#1205,#1206));
#1204=ORIENTED_EDGE('',*,*,#1207,.T.);
#1205=ORIENTED_EDGE('',*,*,#1208,.T.);
#1206=ORIENTED_EDGE('',*,*,#1209,.T.);
#1207=EDGE_CURVE('',#128,#124,#1210,.F.);
#1208=EDGE_CURVE('',#124,#130,#1211,.T.);
#1209=EDGE_CURVE('',#130,#128,#1212,.T.);
#1210=LINE('',#127,#1213);
#1211=LINE('',#123,#1214);
#1212=LINE('',#129,#1215);
#1213=VECTOR('',#1216,1.0);
#1214=VECTOR('',#1217,1.0);
#1215=VECTOR('',#1218,1.0);
#1216=DIRECTION('',(0.6074225258215948,0.7905872590260375,0.07752200326495086));
#1217=DIRECTION('',(-0.6613389271984177,-0.71510178588598,-0.2264072860901963));
#1218=DIRECTION('',(-0.4022350156686783,-0.8696769807138215,0.2861274914902616));
#1219=STYLED_ITEM('',(#25),#1220);
#1220=FACE_SURFACE('',(#1225),#1221,.T.);
#1221=PLANE('',#1222);
#1222=AXIS2_PLACEMENT_3D('',#125,#1223,#1224);
#1223=DIRECTION('',(-1,0,-0));
#1224=DIRECTION('',(0,0.7160033834868923,-0.6980968090711506));
#1225=FACE_BOUND('',#1226,.T.);
#1226=EDGE_LOOP('',(#1227,#1228,#1229));
#1227=ORIENTED_EDGE('',*,*,#1230,.T.);
#1228=ORIENTED_EDGE('',*,*,#1231,.T.);
#1229=ORIENTED_EDGE('',*,*,#1232,.T.);
#1230=EDGE_CURVE('',#126,#128,#1233,.F.);
#1231=EDGE_CURVE('',#128,#132,#1234,.T.);
#1232=EDGE_CURVE('',#132,#126,#1235,.T.);
#1233=LINE('',#125,#1236);
#1234=LINE('',#127,#1237);
#1235=LINE('',#131,#1238);
#1236=VECTOR('',#1239,1.0);
#1237=VECTOR('',#1240,1.0);
#1238=VECTOR('',#1241,1.0);
#1239=DIRECTION('',(0,0.7160033834868923,-0.6980968090711506));
#1240=DIRECTION('',(0,-0.9906275655356864,-0.13659072589615792));
#1241=DIRECTION('',(0,0.1836857095632188,0.9829850253703037));
#1242=STYLED_ITEM('',(#25),#1243);
#1243=FACE_SURFACE('',(#1248),#1244,.T.);
#1244=PLANE('',#1245);
#1245=AXIS2_PLACEMENT_3D('',#129,#1246,#1247);
#1246=DIRECTION('',(-0.7071194427349458,0.09659427845124788,-0.7004653018363599));
#1247=DIRECTION('',(0.6299983092572476,0.5358746470244521,-0.5620858413173457));
#1248=FACE_BOUND('',#1249,.T.);
#1249=EDGE_LOOP('',(#1250,#1251,#1252));
#1250=ORIENTED_EDGE('',*,*,#1253,.T.);
#1251=ORIENTED_EDGE('',*,*,#1254,.T.);
#1252=ORIENTED_EDGE('',*,*,#1255,.T.);
#1253=EDGE_CURVE('',#130,#134,#1256,.F.);
#1254=EDGE_CURVE('',#134,#128,#1257,.T.);
#1255=EDGE_CURVE('',#128,#130,#1258,.T.);
#1256=LINE('',#129,#1259);
#1257=LINE('',#133,#1260);
#1258=LINE('',#127,#1261);
#1259=VECTOR('',#1262,1.0);
#1260=VECTOR('',#1263,1.0);
#1261=VECTOR('',#1264,1.0);
#1262=DIRECTION('',(0.6299983092572476,0.5358746470244521,-0.5620858413173457));
#1263=DIRECTION('',(-0.5791652795206437,-0.6474250545911003,0.49538709882826537));
#1264=DIRECTION('',(0.4022350156686783,0.8696769807138215,-0.2861274914902616));
#1265=STYLED_ITEM('',(#25),#1266);
#1266=FACE_SURFACE('',(#1271),#1267,.T.);
#1267=PLANE('',#1268);
#1268=AXIS2_PLACEMENT_3D('',#127,#1269,#1270);
#1269=DIRECTION('',(-0.7071135536781818,0.09658330345995772,-0.7004727601394467));
#1270=DIRECTION('',(0.5791652795206437,0.6474250545911003,-0.49538709882826537));
#1271=FACE_BOUND('',#1272,.T.);
#1272=EDGE_LOOP('',(#1273,#1274,#1275));
#1273=ORIENTED_EDGE('',*,*,#1276,.T.);
#1274=ORIENTED_EDGE('',*,*,#1277,.T.);
#1275=ORIENTED_EDGE('',*,*,#1278,.T.);
#1276=EDGE_CURVE('',#128,#134,#1279,.F.);
#1277=EDGE_CURVE('',#134,#132,#1280,.T.);
#1278=EDGE_CURVE('',#132,#128,#1281,.T.);
#1279=LINE('',#127,#1282);
#1280=LINE('',#133,#1283);
#1281=LINE('',#131,#1284);
#1282=VECTOR('',#1285,1.0);
#1283=VECTOR('',#1286,1.0);
#1284=VECTOR('',#1287,1.0);
#1285=DIRECTION('',(0.5791652795206437,0.6474250545911003,-0.49538709882826537));
#1286=DIRECTION('',(-0.1624466817665411,-0.9863202520002425,0.027989928138851653));
#1287=DIRECTION('',(0,0.9906275655356864,0.13659072589615792));
#1288=STYLED_ITEM('',(#25),#1289);
#1289=FACE_SURFACE('',(#1294),#1290,.T.);
#1290=PLANE('',#1291);
#1291=AXIS2_PLACEMENT_3D('',#131,#1292,#1293);
#1292=DIRECTION('',(-0.7070363504345328,0.09656831807096161,-0.7005527525526983));
#1293=DIRECTION('',(0.1624466817665411,0.9863202520002425,-0.027989928138851653));
#1294=FACE_BOUND('',#1295,.T.);
#1295=EDGE_LOOP('',(#1296,#1297,#1298));
#1296=ORIENTED_EDGE('',*,*,#1299,.T.);
#1297=ORIENTED_EDGE('',*,*,#1300,.T.);
#1298=ORIENTED_EDGE('',*,*,#1301,.T.);
#1299=EDGE_CURVE('',#132,#134,#1302,.F.);
#1300=EDGE_CURVE('',#134,#136,#1303,.T.);
#1301=EDGE_CURVE('',#136,#132,#1304,.T.);
#1302=LINE('',#131,#1305);
#1303=LINE('',#133,#1306);
#1304=LINE('',#135,#1307);
#1305=VECTOR('',#1308,1.0);
#1306=VECTOR('',#1309,1.0);
#1307=VECTOR('',#1310,1.0);
#1308=DIRECTION('',(0.1624466817665411,0.9863202520002425,-0.027989928138851653));
#1309=DIRECTION('',(-0.15409966333872055,-0.9878657651863963,0.019352615626537728));
#1310=DIRECTION('',(-0.6882911649924994,0.13344211703095737,0.71305572965622));
#1311=STYLED_ITEM('',(#25),#1312);
#1312=FACE_SURFACE('',(#1317),#1313,.T.);
#1313=PLANE('',#1314);
#1314=AXIS2_PLACEMENT_3D('',#135,#1315,#1316);
#1315=DIRECTION('',(-0.7071016602664956,0.09657982840634373,-0.7004852452360197));
#1316=DIRECTION('',(0.15409966333872055,0.9878657651863963,-0.019352615626537728));
#1317=FACE_BOUND('',#1318,.T.);
#1318=EDGE_LOOP('',(#1319,#1320,#1321));
#1319=ORIENTED_EDGE('',*,*,#1322,.T.);
#1320=ORIENTED_EDGE('',*,*,#1323,.T.);
#1321=ORIENTED_EDGE('',*,*,#1324,.T.);
#1322=EDGE_CURVE('',#136,#134,#1325,.F.);
#1323=EDGE_CURVE('',#134,#84,#1326,.T.);
#1324=EDGE_CURVE('',#84,#136,#1327,.T.);
#1325=LINE('',#135,#1328);
#1326=LINE('',#133,#1329);
#1327=LINE('',#83,#1330);
#1328=VECTOR('',#1331,1.0);
#1329=VECTOR('',#1332,1.0);
#1330=VECTOR('',#1333,1.0);
#1331=DIRECTION('',(0.15409966333872055,0.9878657651863963,-0.019352615626537728));
#1332=DIRECTION('',(0,-0.9906285599010572,-0.13658351404308466));
#1333=DIRECTION('',(-0.6882526869800163,0.13326019085238666,0.7131268894094326));
#1334=STYLED_ITEM('',(#25),#1335);
#1335=FACE_SURFACE('',(#1340),#1336,.T.);
#1336=PLANE('',#1337);
#1337=AXIS2_PLACEMENT_3D('',#135,#1338,#1339);
#1338=DIRECTION('',(-0.7070979957640795,0.0966021088962509,-0.7004858720511205));
#1339=DIRECTION('',(0.6882526869800163,-0.13326019085238666,-0.7131268894094326));
#1340=FACE_BOUND('',#1341,.T.);
#1341=EDGE_LOOP('',(#1342,#1343,#1344));
#1342=ORIENTED_EDGE('',*,*,#1345,.T.);
#1343=ORIENTED_EDGE('',*,*,#1346,.T.);
#1344=ORIENTED_EDGE('',*,*,#1347,.T.);
#1345=EDGE_CURVE('',#136,#84,#1348,.F.);
#1346=EDGE_CURVE('',#84,#80,#1349,.T.);
#1347=EDGE_CURVE('',#80,#136,#1350,.T.);
#1348=LINE('',#135,#1351);
#1349=LINE('',#83,#1352);
#1350=LINE('',#79,#1353);
#1351=VECTOR('',#1354,1.0);
#1352=VECTOR('',#1355,1.0);
#1353=VECTOR('',#1356,1.0);
#1354=DIRECTION('',(0.6882526869800163,-0.13326019085238666,-0.7131268894094326));
#1355=DIRECTION('',(-0.3015151247615291,-0.9372436416928015,0.1751084967854358));
#1356=DIRECTION('',(-0.4082448967951443,0.7530790393876724,0.5159535489515142));
#1357=STYLED_ITEM('',(#25),#1358);
#1358=FACE_SURFACE('',(#1363),#1359,.T.);
#1359=PLANE('',#1360);
#1360=AXIS2_PLACEMENT_3D('',#129,#1361,#1362);
#1361=DIRECTION('',(-0.7071104587667034,0.6950714841052267,-0.1298862236209053));
#1362=DIRECTION('',(0.6613389271984177,0.71510178588598,0.2264072860901963));
#1363=FACE_BOUND('',#1364,.T.);
#1364=EDGE_LOOP('',(#1365,#1366,#1367));
#1365=ORIENTED_EDGE('',*,*,#1368,.T.);
#1366=ORIENTED_EDGE('',*,*,#1369,.T.);
#1367=ORIENTED_EDGE('',*,*,#1370,.T.);
#1368=EDGE_CURVE('',#130,#124,#1371,.F.);
#1369=EDGE_CURVE('',#124,#134,#1372,.T.);
#1370=EDGE_CURVE('',#134,#130,#1373,.T.);
#1371=LINE('',#129,#1374);
#1372=LINE('',#123,#1375);
#1373=LINE('',#133,#1376);
#1374=VECTOR('',#1377,1.0);
#1375=VECTOR('',#1378,1.0);
#1376=VECTOR('',#1379,1.0);
#1377=DIRECTION('',(0.6613389271984177,0.71510178588598,0.2264072860901963));
#1378=DIRECTION('',(0,-0.18368781435404322,-0.9829846320557787));
#1379=DIRECTION('',(-0.6299983092572476,-0.5358746470244521,0.5620858413173457));
#1380=STYLED_ITEM('',(#25),#1381);
#1381=FACE_SURFACE('',(#1386),#1382,.T.);
#1382=PLANE('',#1383);
#1383=AXIS2_PLACEMENT_3D('',#137,#1384,#1385);
#1384=DIRECTION('',(0,0.5651978551054141,-0.824955383390059));
#1385=DIRECTION('',(1,0,0));
#1386=FACE_BOUND('',#1387,.T.);
#1387=EDGE_LOOP('',(#1388,#1389,#1390));
#1388=ORIENTED_EDGE('',*,*,#1391,.T.);
#1389=ORIENTED_EDGE('',*,*,#1392,.T.);
#1390=ORIENTED_EDGE('',*,*,#1393,.T.);
#1391=EDGE_CURVE('',#138,#136,#1394,.F.);
#1392=EDGE_CURVE('',#136,#82,#1395,.T.);
#1393=EDGE_CURVE('',#82,#138,#1396,.T.);
#1394=LINE('',#137,#1397);
#1395=LINE('',#135,#1398);
#1396=LINE('',#81,#1399);
#1397=VECTOR('',#1400,1.0);
#1398=VECTOR('',#1401,1.0);
#1399=VECTOR('',#1402,1.0);
#1400=DIRECTION('',(1,0,0));
#1401=DIRECTION('',(-0.9737610122446886,-0.18773760898891934,-0.12862379718902353));
#1402=DIRECTION('',(0.3716709926582024,0.7658593046220507,0.5247096327877883));
#1403=STYLED_ITEM('',(#25),#1404);
#1404=FACE_SURFACE('',(#1409),#1405,.T.);
#1405=PLANE('',#1406);
#1406=AXIS2_PLACEMENT_3D('',#81,#1407,#1408);
#1407=DIRECTION('',(0,0.5651978551054141,-0.824955383390059));
#1408=DIRECTION('',(0.9737610122446886,0.18773760898891934,0.12862379718902353));
#1409=FACE_BOUND('',#1410,.T.);
#1410=EDGE_LOOP('',(#1411,#1412,#1413));
#1411=ORIENTED_EDGE('',*,*,#1414,.T.);
#1412=ORIENTED_EDGE('',*,*,#1415,.T.);
#1413=ORIENTED_EDGE('',*,*,#1416,.T.);
#1414=EDGE_CURVE('',#82,#136,#1417,.F.);
#1415=EDGE_CURVE('',#136,#80,#1418,.T.);
#1416=EDGE_CURVE('',#80,#82,#1419,.T.);
#1417=LINE('',#81,#1420);
#1418=LINE('',#135,#1421);
#1419=LINE('',#79,#1422);
#1420=VECTOR('',#1423,1.0);
#1421=VECTOR('',#1424,1.0);
#1422=VECTOR('',#1425,1.0);
#1423=DIRECTION('',(0.9737610122446886,0.18773760898891934,0.12862379718902353));
#1424=DIRECTION('',(0.4082448967951443,-0.7530790393876724,-0.5159535489515142));
#1425=DIRECTION('',(-1,0,0));
#1426=STYLED_ITEM('',(#25),#1427);
#1427=FACE_SURFACE('',(#1432),#1428,.T.);
#1428=PLANE('',#1429);
#1429=AXIS2_PLACEMENT_3D('',#87,#1430,#1431);
#1430=DIRECTION('',(-0.6063344483683478,0.6282546511837607,-0.487498338446217));
#1431=DIRECTION('',(0.7591247484725153,0.6398730215937811,-0.11954970720576753));
#1432=FACE_BOUND('',#1433,.T.);
#1433=EDGE_LOOP('',(#1434,#1435,#1436));
#1434=ORIENTED_EDGE('',*,*,#1437,.T.);
#1435=ORIENTED_EDGE('',*,*,#1438,.T.);
#1436=ORIENTED_EDGE('',*,*,#1439,.T.);
#1437=EDGE_CURVE('',#88,#90,#1440,.F.);
#1438=EDGE_CURVE('',#90,#82,#1441,.T.);
#1439=EDGE_CURVE('',#82,#88,#1442,.T.);
#1440=LINE('',#87,#1443);
#1441=LINE('',#89,#1444);
#1442=LINE('',#81,#1445);
#1443=VECTOR('',#1446,1.0);
#1444=VECTOR('',#1447,1.0);
#1445=VECTOR('',#1448,1.0);
#1446=DIRECTION('',(0.7591247484725153,0.6398730215937811,-0.11954970720576753));
#1447=DIRECTION('',(0.4334500841228086,-0.2528573986030553,-0.8649763930568428));
#1448=DIRECTION('',(-0.5144962826711519,0.1575103174953103,0.8429021740392493));
#1449=STYLED_ITEM('',(#25),#1450);
#1450=FACE_SURFACE('',(#1455),#1451,.T.);
#1451=PLANE('',#1452);
#1452=AXIS2_PLACEMENT_3D('',#81,#1453,#1454);
#1453=DIRECTION('',(-0.6063364855565104,0.6282524029100158,-0.48749870207085755));
#1454=DIRECTION('',(-0.4334500841228086,0.2528573986030553,0.8649763930568428));
#1455=FACE_BOUND('',#1456,.T.);
#1456=EDGE_LOOP('',(#1457,#1458,#1459));
#1457=ORIENTED_EDGE('',*,*,#1460,.T.);
#1458=ORIENTED_EDGE('',*,*,#1461,.T.);
#1459=ORIENTED_EDGE('',*,*,#1462,.T.);
#1460=EDGE_CURVE('',#82,#90,#1463,.F.);
#1461=EDGE_CURVE('',#90,#138,#1464,.T.);
#1462=EDGE_CURVE('',#138,#82,#1465,.T.);
#1463=LINE('',#81,#1466);
#1464=LINE('',#89,#1467);
#1465=LINE('',#137,#1468);
#1466=VECTOR('',#1469,1.0);
#1467=VECTOR('',#1470,1.0);
#1468=VECTOR('',#1471,1.0);
#1469=DIRECTION('',(-0.4334500841228086,0.2528573986030553,0.8649763930568428));
#1470=DIRECTION('',(0.51449587340788,-0.15751029307499817,-0.8429024284113145));
#1471=DIRECTION('',(-0.3716709926582024,-0.7658593046220507,-0.5247096327877883));
#1472=STYLED_ITEM('',(#25),#1473);
#1473=FACE_SURFACE('',(#1478),#1474,.T.);
#1474=PLANE('',#1475);
#1475=AXIS2_PLACEMENT_3D('',#135,#1476,#1477);
#1476=DIRECTION('',(0,0.9829360060615991,-0.18394784039958742));
#1477=DIRECTION('',(-1,0,0));
#1478=FACE_BOUND('',#1479,.T.);
#1479=EDGE_LOOP('',(#1480,#1481,#1482));
#1480=ORIENTED_EDGE('',*,*,#1483,.T.);
#1481=ORIENTED_EDGE('',*,*,#1484,.T.);
#1482=ORIENTED_EDGE('',*,*,#1485,.T.);
#1483=EDGE_CURVE('',#136,#138,#1486,.F.);
#1484=EDGE_CURVE('',#138,#132,#1487,.T.);
#1485=EDGE_CURVE('',#132,#136,#1488,.T.);
#1486=LINE('',#135,#1489);
#1487=LINE('',#137,#1490);
#1488=LINE('',#131,#1491);
#1489=VECTOR('',#1492,1.0);
#1490=VECTOR('',#1493,1.0);
#1491=VECTOR('',#1494,1.0);
#1492=DIRECTION('',(-1,0,0));
#1493=DIRECTION('',(0.9999504693550171,0.0018308016922260679,0.009782995545576104));
#1494=DIRECTION('',(0.6882911649924994,-0.13344211703095737,-0.71305572965622));
#1495=STYLED_ITEM('',(#25),#1496);
#1496=FACE_SURFACE('',(#1501),#1497,.T.);
#1497=PLANE('',#1498);
#1498=AXIS2_PLACEMENT_3D('',#131,#1499,#1500);
#1499=DIRECTION('',(-2.654300907107247E-06,0.9829850253668411,-0.18368570956257174));
#1500=DIRECTION('',(-0.9999504693550171,-0.0018308016922260679,-0.009782995545576104));
#1501=FACE_BOUND('',#1502,.T.);
#1502=EDGE_LOOP('',(#1503,#1504,#1505));
#1503=ORIENTED_EDGE('',*,*,#1506,.T.);
#1504=ORIENTED_EDGE('',*,*,#1507,.T.);
#1505=ORIENTED_EDGE('',*,*,#1508,.T.);
#1506=EDGE_CURVE('',#132,#138,#1509,.F.);
#1507=EDGE_CURVE('',#138,#126,#1510,.T.);
#1508=EDGE_CURVE('',#126,#132,#1511,.T.);
#1509=LINE('',#131,#1512);
#1510=LINE('',#137,#1513);
#1511=LINE('',#125,#1514);
#1512=VECTOR('',#1515,1.0);
#1513=VECTOR('',#1516,1.0);
#1514=VECTOR('',#1517,1.0);
#1515=DIRECTION('',(-0.9999504693550171,-0.0018308016922260679,-0.009782995545576104));
#1516=DIRECTION('',(0.749591985640293,0.12158356095248234,0.6506376047923735));
#1517=DIRECTION('',(0,-0.1836857095632188,-0.9829850253703037));
#1518=STYLED_ITEM('',(#25),#1519);
#1519=FACE_SURFACE('',(#1524),#1520,.T.);
#1520=PLANE('',#1521);
#1521=AXIS2_PLACEMENT_3D('',#125,#1522,#1523);
#1522=DIRECTION('',(-6.837052652083782E-08,0.9829844874374916,-0.18368858826080417));
#1523=DIRECTION('',(-0.749591985640293,-0.12158356095248234,-0.6506376047923735));
#1524=FACE_BOUND('',#1525,.T.);
#1525=EDGE_LOOP('',(#1526,#1527,#1528));
#1526=ORIENTED_EDGE('',*,*,#1529,.T.);
#1527=ORIENTED_EDGE('',*,*,#1530,.T.);
#1528=ORIENTED_EDGE('',*,*,#1531,.T.);
#1529=EDGE_CURVE('',#126,#138,#1532,.F.);
#1530=EDGE_CURVE('',#138,#140,#1533,.T.);
#1531=EDGE_CURVE('',#140,#126,#1534,.T.);
#1532=LINE('',#125,#1535);
#1533=LINE('',#137,#1536);
#1534=LINE('',#139,#1537);
#1535=VECTOR('',#1538,1.0);
#1536=VECTOR('',#1539,1.0);
#1537=VECTOR('',#1540,1.0);
#1538=DIRECTION('',(-0.749591985640293,-0.12158356095248234,-0.6506376047923735));
#1539=DIRECTION('',(-0.3990393086146328,0.16843025209812845,0.9013317260357124));
#1540=DIRECTION('',(0.9996483588593805,-0.0048708285367100815,-0.02606594826805675));
#1541=STYLED_ITEM('',(#25),#1542);
#1542=FACE_SURFACE('',(#1547),#1543,.T.);
#1543=PLANE('',#1544);
#1544=AXIS2_PLACEMENT_3D('',#125,#1545,#1546);
#1545=DIRECTION('',(0,0.9829849608815925,-0.18368605467104504));
#1546=DIRECTION('',(-0.9996483588593805,0.0048708285367100815,0.02606594826805675));
#1547=FACE_BOUND('',#1548,.T.);
#1548=EDGE_LOOP('',(#1549,#1550,#1551));
#1549=ORIENTED_EDGE('',*,*,#1552,.T.);
#1550=ORIENTED_EDGE('',*,*,#1553,.T.);
#1551=ORIENTED_EDGE('',*,*,#1554,.T.);
#1552=EDGE_CURVE('',#126,#140,#1555,.F.);
#1553=EDGE_CURVE('',#140,#122,#1556,.T.);
#1554=EDGE_CURVE('',#122,#126,#1557,.T.);
#1555=LINE('',#125,#1558);
#1556=LINE('',#139,#1559);
#1557=LINE('',#121,#1560);
#1558=VECTOR('',#1561,1.0);
#1559=VECTOR('',#1562,1.0);
#1560=VECTOR('',#1563,1.0);
#1561=DIRECTION('',(-0.9996483588593805,0.0048708285367100815,0.02606594826805675));
#1562=DIRECTION('',(1,0,0));
#1563=DIRECTION('',(-0.6395756687124514,-0.1412046404371287,-0.7556482075079923));
#1564=STYLED_ITEM('',(#25),#1565);
#1565=FACE_SURFACE('',(#1570),#1566,.T.);
#1566=PLANE('',#1567);
#1567=AXIS2_PLACEMENT_3D('',#137,#1568,#1569);
#1568=DIRECTION('',(-9.60128704131731E-06,0.9829837253298901,-0.18369266627817948));
#1569=DIRECTION('',(-0.51449587340788,0.15751029307499817,0.8429024284113145));
#1570=FACE_BOUND('',#1571,.T.);
#1571=EDGE_LOOP('',(#1572,#1573,#1574));
#1572=ORIENTED_EDGE('',*,*,#1575,.T.);
#1573=ORIENTED_EDGE('',*,*,#1576,.T.);
#1574=ORIENTED_EDGE('',*,*,#1577,.T.);
#1575=EDGE_CURVE('',#138,#90,#1578,.F.);
#1576=EDGE_CURVE('',#90,#140,#1579,.T.);
#1577=EDGE_CURVE('',#140,#138,#1580,.T.);
#1578=LINE('',#137,#1581);
#1579=LINE('',#89,#1582);
#1580=LINE('',#139,#1583);
#1581=VECTOR('',#1584,1.0);
#1582=VECTOR('',#1585,1.0);
#1583=VECTOR('',#1586,1.0);
#1584=DIRECTION('',(-0.51449587340788,0.15751029307499817,0.8429024284113145));
#1585=DIRECTION('',(0.6275459543810474,-0.1430134259477699,-0.7653321077405951));
#1586=DIRECTION('',(0.3990393086146328,-0.16843025209812845,-0.9013317260357124));
#1587=STYLED_ITEM('',(#25),#1588);
#1588=FACE_SURFACE('',(#1593),#1589,.T.);
#1589=PLANE('',#1590);
#1590=AXIS2_PLACEMENT_3D('',#139,#1591,#1592);
#1591=DIRECTION('',(0,0.9829851469012889,-0.18368505919494754));
#1592=DIRECTION('',(-0.6275459543810474,0.1430134259477699,0.7653321077405951));
#1593=FACE_BOUND('',#1594,.T.);
#1594=EDGE_LOOP('',(#1595,#1596,#1597));
#1595=ORIENTED_EDGE('',*,*,#1598,.T.);
#1596=ORIENTED_EDGE('',*,*,#1599,.T.);
#1597=ORIENTED_EDGE('',*,*,#1600,.T.);
#1598=EDGE_CURVE('',#140,#90,#1601,.F.);
#1599=EDGE_CURVE('',#90,#92,#1602,.T.);
#1600=EDGE_CURVE('',#92,#140,#1603,.T.);
#1601=LINE('',#139,#1604);
#1602=LINE('',#89,#1605);
#1603=LINE('',#91,#1606);
#1604=VECTOR('',#1607,1.0);
#1605=VECTOR('',#1608,1.0);
#1606=VECTOR('',#1609,1.0);
#1607=DIRECTION('',(-0.6275459543810474,0.1430134259477699,0.7653321077405951));
#1608=DIRECTION('',(1,0,0));
#1609=DIRECTION('',(0.5144942917682316,-0.1575088001298519,-0.8429036727998995));
#1610=STYLED_ITEM('',(#25),#1611);
#1611=FACE_SURFACE('',(#1616),#1612,.T.);
#1612=PLANE('',#1613);
#1613=AXIS2_PLACEMENT_3D('',#77,#1614,#1615);
#1614=DIRECTION('',(0,0.565197855105414,-0.8249553833900589));
#1615=DIRECTION('',(0.4082407928319388,0.7530805534437659,0.5159545862697424));
#1616=FACE_BOUND('',#1617,.T.);
#1617=EDGE_LOOP('',(#1618,#1619,#1620));
#1618=ORIENTED_EDGE('',*,*,#1621,.T.);
#1619=ORIENTED_EDGE('',*,*,#1622,.T.);
#1620=ORIENTED_EDGE('',*,*,#1623,.T.);
#1621=EDGE_CURVE('',#78,#98,#1624,.F.);
#1622=EDGE_CURVE('',#98,#74,#1625,.T.);
#1623=EDGE_CURVE('',#74,#78,#1626,.T.);
#1624=LINE('',#77,#1627);
#1625=LINE('',#97,#1628);
#1626=LINE('',#73,#1629);
#1627=VECTOR('',#1630,1.0);
#1628=VECTOR('',#1631,1.0);
#1629=VECTOR('',#1632,1.0);
#1630=DIRECTION('',(0.4082407928319388,0.7530805534437659,0.5159545862697424));
#1631=DIRECTION('',(0.9737610122446886,-0.18773760898891934,-0.12862379718902353));
#1632=DIRECTION('',(-1,0,0));
#1633=STYLED_ITEM('',(#25),#1634);
#1634=FACE_SURFACE('',(#1639),#1635,.T.);
#1635=PLANE('',#1636);
#1636=AXIS2_PLACEMENT_3D('',#73,#1637,#1638);
#1637=DIRECTION('',(0,0.5651978551054141,-0.8249553833900591));
#1638=DIRECTION('',(-0.9737610122446886,0.18773760898891934,0.12862379718902353));
#1639=FACE_BOUND('',#1640,.T.);
#1640=EDGE_LOOP('',(#1641,#1642,#1643));
#1641=ORIENTED_EDGE('',*,*,#1644,.T.);
#1642=ORIENTED_EDGE('',*,*,#1645,.T.);
#1643=ORIENTED_EDGE('',*,*,#1646,.T.);
#1644=EDGE_CURVE('',#74,#98,#1647,.F.);
#1645=EDGE_CURVE('',#98,#142,#1648,.T.);
#1646=EDGE_CURVE('',#142,#74,#1649,.T.);
#1647=LINE('',#73,#1650);
#1648=LINE('',#97,#1651);
#1649=LINE('',#141,#1652);
#1650=VECTOR('',#1653,1.0);
#1651=VECTOR('',#1654,1.0);
#1652=VECTOR('',#1655,1.0);
#1653=DIRECTION('',(-0.9737610122446886,0.18773760898891934,0.12862379718902353));
#1654=DIRECTION('',(1,0,0));
#1655=DIRECTION('',(0.37167530910344015,-0.7658578790152517,-0.5247086560684151));
#1656=STYLED_ITEM('',(#25),#1657);
#1657=FACE_SURFACE('',(#1662),#1658,.T.);
#1658=PLANE('',#1659);
#1659=AXIS2_PLACEMENT_3D('',#141,#1660,#1661);
#1660=DIRECTION('',(0.6063341684218686,0.628254960136268,-0.48749828847734156));
#1661=DIRECTION('',(0.5144964078969927,0.15751023416771606,0.8429021131741946));
#1662=FACE_BOUND('',#1663,.T.);
#1663=EDGE_LOOP('',(#1664,#1665,#1666));
#1664=ORIENTED_EDGE('',*,*,#1667,.T.);
#1665=ORIENTED_EDGE('',*,*,#1668,.T.);
#1666=ORIENTED_EDGE('',*,*,#1669,.T.);
#1667=EDGE_CURVE('',#142,#144,#1670,.F.);
#1668=EDGE_CURVE('',#144,#74,#1671,.T.);
#1669=EDGE_CURVE('',#74,#142,#1672,.T.);
#1670=LINE('',#141,#1673);
#1671=LINE('',#143,#1674);
#1672=LINE('',#73,#1675);
#1673=VECTOR('',#1676,1.0);
#1674=VECTOR('',#1677,1.0);
#1675=VECTOR('',#1678,1.0);
#1676=DIRECTION('',(0.5144964078969927,0.15751023416771606,0.8429021131741946));
#1677=DIRECTION('',(-0.4334500841228086,-0.2528573986030553,-0.8649763930568428));
#1678=DIRECTION('',(-0.37167530910344015,0.7658578790152517,0.5247086560684151));
#1679=STYLED_ITEM('',(#25),#1680);
#1680=FACE_SURFACE('',(#1685),#1681,.T.);
#1681=PLANE('',#1682);
#1682=AXIS2_PLACEMENT_3D('',#73,#1683,#1684);
#1683=DIRECTION('',(0.6063344483683478,0.6282546511837607,-0.487498338446217));
#1684=DIRECTION('',(0.4334500841228086,0.2528573986030553,0.8649763930568428));
#1685=FACE_BOUND('',#1686,.T.);
#1686=EDGE_LOOP('',(#1687,#1688,#1689));
#1687=ORIENTED_EDGE('',*,*,#1690,.T.);
#1688=ORIENTED_EDGE('',*,*,#1691,.T.);
#1689=ORIENTED_EDGE('',*,*,#1692,.T.);
#1690=EDGE_CURVE('',#74,#144,#1693,.F.);
#1691=EDGE_CURVE('',#144,#76,#1694,.T.);
#1692=EDGE_CURVE('',#76,#74,#1695,.T.);
#1693=LINE('',#73,#1696);
#1694=LINE('',#143,#1697);
#1695=LINE('',#75,#1698);
#1696=VECTOR('',#1699,1.0);
#1697=VECTOR('',#1700,1.0);
#1698=VECTOR('',#1701,1.0);
#1699=DIRECTION('',(0.4334500841228086,0.2528573986030553,0.8649763930568428));
#1700=DIRECTION('',(0.7591247484725153,-0.6398730215937811,0.11954970720576753));
#1701=DIRECTION('',(-0.5144962826711519,-0.1575103174953103,-0.8429021740392493));
#1702=STYLED_ITEM('',(#25),#1703);
#1703=FACE_SURFACE('',(#1708),#1704,.T.);
#1704=PLANE('',#1705);
#1705=AXIS2_PLACEMENT_3D('',#69,#1706,#1707);
#1706=DIRECTION('',(-2.828048436092358E-05,0.18368799030393315,0.9829845987696432));
#1707=DIRECTION('',(0,0.9829845991627316,-0.18368799037738867));
#1708=FACE_BOUND('',#1709,.T.);
#1709=EDGE_LOOP('',(#1710,#1711,#1712));
#1710=ORIENTED_EDGE('',*,*,#1713,.T.);
#1711=ORIENTED_EDGE('',*,*,#1714,.T.);
#1712=ORIENTED_EDGE('',*,*,#1715,.T.);
#1713=EDGE_CURVE('',#70,#76,#1716,.F.);
#1714=EDGE_CURVE('',#76,#72,#1717,.T.);
#1715=EDGE_CURVE('',#72,#70,#1718,.T.);
#1716=LINE('',#69,#1719);
#1717=LINE('',#75,#1720);
#1718=LINE('',#71,#1721);
#1719=VECTOR('',#1722,1.0);
#1720=VECTOR('',#1723,1.0);
#1721=VECTOR('',#1724,1.0);
#1722=DIRECTION('',(0,0.9829845991627316,-0.18368799037738867));
#1723=DIRECTION('',(-0.05063856528754039,-0.9817237370799342,0.18345091921118234));
#1724=DIRECTION('',(0.7591247484725153,0.6398730215937811,-0.11954970720576753));
#1725=STYLED_ITEM('',(#25),#1726);
#1726=FACE_SURFACE('',(#1731),#1727,.T.);
#1727=PLANE('',#1728);
#1728=AXIS2_PLACEMENT_3D('',#71,#1729,#1730);
#1729=DIRECTION('',(2.5923787597708235E-05,0.183685288726715,0.9829851036680772));
#1730=DIRECTION('',(0.05063856528754039,0.9817237370799342,-0.18345091921118234));
#1731=FACE_BOUND('',#1732,.T.);
#1732=EDGE_LOOP('',(#1733,#1734,#1735));
#1733=ORIENTED_EDGE('',*,*,#1736,.T.);
#1734=ORIENTED_EDGE('',*,*,#1737,.T.);
#1735=ORIENTED_EDGE('',*,*,#1738,.T.);
#1736=EDGE_CURVE('',#72,#76,#1739,.F.);
#1737=EDGE_CURVE('',#76,#144,#1740,.T.);
#1738=EDGE_CURVE('',#144,#72,#1741,.T.);
#1739=LINE('',#71,#1742);
#1740=LINE('',#75,#1743);
#1741=LINE('',#143,#1744);
#1742=VECTOR('',#1745,1.0);
#1743=VECTOR('',#1746,1.0);
#1744=VECTOR('',#1747,1.0);
#1745=DIRECTION('',(0.05063856528754039,0.9817237370799342,-0.18345091921118234));
#1746=DIRECTION('',(-0.7591247484725153,0.6398730215937811,-0.11954970720576753));
#1747=DIRECTION('',(0,-0.9829851039983812,0.1836852887884372));
#1748=STYLED_ITEM('',(#25),#1749);
#1749=FACE_SURFACE('',(#1754),#1750,.T.);
#1750=PLANE('',#1751);
#1751=AXIS2_PLACEMENT_3D('',#71,#1752,#1753);
#1752=DIRECTION('',(0,0.1836852887884372,0.9829851039983813));
#1753=DIRECTION('',(0,0.9829851039983812,-0.1836852887884372));
#1754=FACE_BOUND('',#1755,.T.);
#1755=EDGE_LOOP('',(#1756,#1757,#1758));
#1756=ORIENTED_EDGE('',*,*,#1759,.T.);
#1757=ORIENTED_EDGE('',*,*,#1760,.T.);
#1758=ORIENTED_EDGE('',*,*,#1761,.T.);
#1759=EDGE_CURVE('',#72,#144,#1762,.F.);
#1760=EDGE_CURVE('',#144,#146,#1763,.T.);
#1761=EDGE_CURVE('',#146,#72,#1764,.T.);
#1762=LINE('',#71,#1765);
#1763=LINE('',#143,#1766);
#1764=LINE('',#145,#1767);
#1765=VECTOR('',#1768,1.0);
#1766=VECTOR('',#1769,1.0);
#1767=VECTOR('',#1770,1.0);
#1768=DIRECTION('',(0,0.9829851039983812,-0.1836852887884372));
#1769=DIRECTION('',(-1,0,0));
#1770=DIRECTION('',(0.03431586480526727,-0.98240616241072,0.18357710499980331));
#1771=STYLED_ITEM('',(#25),#1772);
#1772=FACE_SURFACE('',(#1777),#1773,.T.);
#1773=PLANE('',#1774);
#1774=AXIS2_PLACEMENT_3D('',#147,#1775,#1776);
#1775=DIRECTION('',(-2.705090367392499E-05,0.18368658078595193,0.9829848621964709));
#1776=DIRECTION('',(0,-0.9829848625561209,0.18368658085315837));
#1777=FACE_BOUND('',#1778,.T.);
#1778=EDGE_LOOP('',(#1779,#1780,#1781));
#1779=ORIENTED_EDGE('',*,*,#1782,.T.);
#1780=ORIENTED_EDGE('',*,*,#1783,.T.);
#1781=ORIENTED_EDGE('',*,*,#1784,.T.);
#1782=EDGE_CURVE('',#148,#150,#1785,.F.);
#1783=EDGE_CURVE('',#150,#146,#1786,.T.);
#1784=EDGE_CURVE('',#146,#148,#1787,.T.);
#1785=LINE('',#147,#1788);
#1786=LINE('',#149,#1789);
#1787=LINE('',#145,#1790);
#1788=VECTOR('',#1791,1.0);
#1789=VECTOR('',#1792,1.0);
#1790=VECTOR('',#1793,1.0);
#1791=DIRECTION('',(0,-0.9829848625561209,0.18368658085315837));
#1792=DIRECTION('',(0.04853371202186742,0.9818267003079181,-0.18346882394522562));
#1793=DIRECTION('',(-0.7591247484725153,-0.6398730215937811,0.11954970720576753));
#1794=STYLED_ITEM('',(#25),#1795);
#1795=FACE_SURFACE('',(#1800),#1796,.T.);
#1796=PLANE('',#1797);
#1797=AXIS2_PLACEMENT_3D('',#145,#1798,#1799);
#1798=DIRECTION('',(0,0.1836852887884372,0.9829851039983813));
#1799=DIRECTION('',(-0.04853371202186742,-0.9818267003079181,0.18346882394522562));
#1800=FACE_BOUND('',#1801,.T.);
#1801=EDGE_LOOP('',(#1802,#1803,#1804));
#1802=ORIENTED_EDGE('',*,*,#1805,.T.);
#1803=ORIENTED_EDGE('',*,*,#1806,.T.);
#1804=ORIENTED_EDGE('',*,*,#1807,.T.);
#1805=EDGE_CURVE('',#146,#150,#1808,.F.);
#1806=EDGE_CURVE('',#150,#72,#1809,.T.);
#1807=EDGE_CURVE('',#72,#146,#1810,.T.);
#1808=LINE('',#145,#1811);
#1809=LINE('',#149,#1812);
#1810=LINE('',#71,#1813);
#1811=VECTOR('',#1814,1.0);
#1812=VECTOR('',#1815,1.0);
#1813=VECTOR('',#1816,1.0);
#1814=DIRECTION('',(-0.04853371202186742,-0.9818267003079181,0.18346882394522562));
#1815=DIRECTION('',(1,0,0));
#1816=DIRECTION('',(-0.03431586480526727,0.98240616241072,-0.18357710499980331));
#1817=STYLED_ITEM('',(#25),#1818);
#1818=FACE_SURFACE('',(#1823),#1819,.T.);
#1819=PLANE('',#1820);
#1820=AXIS2_PLACEMENT_3D('',#147,#1821,#1822);
#1821=DIRECTION('',(-0.6063434437537336,0.7618950171465082,0.22773583614395213));
#1822=DIRECTION('',(0.7591247484725153,0.6398730215937811,-0.11954970720576753));
#1823=FACE_BOUND('',#1824,.T.);
#1824=EDGE_LOOP('',(#1825,#1826,#1827));
#1825=ORIENTED_EDGE('',*,*,#1828,.T.);
#1826=ORIENTED_EDGE('',*,*,#1829,.T.);
#1827=ORIENTED_EDGE('',*,*,#1830,.T.);
#1828=EDGE_CURVE('',#148,#146,#1831,.F.);
#1829=EDGE_CURVE('',#146,#152,#1832,.T.);
#1830=EDGE_CURVE('',#152,#148,#1833,.T.);
#1831=LINE('',#147,#1834);
#1832=LINE('',#145,#1835);
#1833=LINE('',#151,#1836);
#1834=VECTOR('',#1837,1.0);
#1835=VECTOR('',#1838,1.0);
#1836=VECTOR('',#1839,1.0);
#1837=DIRECTION('',(0.7591247484725153,0.6398730215937811,-0.11954970720576753));
#1838=DIRECTION('',(-0.6841325769290487,-0.35381738251348777,-0.6377898376547899));
#1839=DIRECTION('',(0.514501569548559,0.15751036055335615,0.8428989389306533));
#1840=STYLED_ITEM('',(#25),#1841);
#1841=FACE_SURFACE('',(#1846),#1842,.T.);
#1842=PLANE('',#1843);
#1843=AXIS2_PLACEMENT_3D('',#151,#1844,#1845);
#1844=DIRECTION('',(-0.6063380974944924,0.761902172417595,0.2277261319921559));
#1845=DIRECTION('',(0.6841325769290487,0.35381738251348777,0.6377898376547899));
#1846=FACE_BOUND('',#1847,.T.);
#1847=EDGE_LOOP('',(#1848,#1849,#1850));
#1848=ORIENTED_EDGE('',*,*,#1851,.T.);
#1849=ORIENTED_EDGE('',*,*,#1852,.T.);
#1850=ORIENTED_EDGE('',*,*,#1853,.T.);
#1851=EDGE_CURVE('',#152,#146,#1854,.F.);
#1852=EDGE_CURVE('',#146,#154,#1855,.T.);
#1853=EDGE_CURVE('',#154,#152,#1856,.T.);
#1854=LINE('',#151,#1857);
#1855=LINE('',#145,#1858);
#1856=LINE('',#153,#1859);
#1857=VECTOR('',#1860,1.0);
#1858=VECTOR('',#1861,1.0);
#1859=VECTOR('',#1862,1.0);
#1860=DIRECTION('',(0.6841325769290487,0.35381738251348777,0.6377898376547899));
#1861=DIRECTION('',(-0.5144942917682316,-0.1575088001298519,-0.8429036727998995));
#1862=DIRECTION('',(-0.3716744112910089,-0.5246973720330114,0.7658660455805137));
#1863=STYLED_ITEM('',(#25),#1864);
#1864=FACE_SURFACE('',(#1869),#1865,.T.);
#1865=PLANE('',#1866);
#1866=AXIS2_PLACEMENT_3D('',#153,#1867,#1868);
#1867=DIRECTION('',(0,0.8249638607194267,0.5651854815075298));
#1868=DIRECTION('',(-1,0,0));
#1869=FACE_BOUND('',#1870,.T.);
#1870=EDGE_LOOP('',(#1871,#1872,#1873));
#1871=ORIENTED_EDGE('',*,*,#1874,.T.);
#1872=ORIENTED_EDGE('',*,*,#1875,.T.);
#1873=ORIENTED_EDGE('',*,*,#1876,.T.);
#1874=EDGE_CURVE('',#154,#112,#1877,.F.);
#1875=EDGE_CURVE('',#112,#152,#1878,.T.);
#1876=EDGE_CURVE('',#152,#154,#1879,.T.);
#1877=LINE('',#153,#1880);
#1878=LINE('',#111,#1881);
#1879=LINE('',#151,#1882);
#1880=VECTOR('',#1883,1.0);
#1881=VECTOR('',#1884,1.0);
#1882=VECTOR('',#1885,1.0);
#1883=DIRECTION('',(-1,0,0));
#1884=DIRECTION('',(0.9813084047525108,-0.10876526495494362,0.15875746250606093));
#1885=DIRECTION('',(0.3716744112910089,0.5246973720330114,-0.7658660455805137));
#1886=STYLED_ITEM('',(#25),#1887);
#1887=FACE_SURFACE('',(#1892),#1888,.T.);
#1888=PLANE('',#1889);
#1889=AXIS2_PLACEMENT_3D('',#151,#1890,#1891);
#1890=DIRECTION('',(0,0.8249638607194267,0.5651854815075298));
#1891=DIRECTION('',(-0.9813084047525108,0.10876526495494362,-0.15875746250606093));
#1892=FACE_BOUND('',#1893,.T.);
#1893=EDGE_LOOP('',(#1894,#1895,#1896));
#1894=ORIENTED_EDGE('',*,*,#1897,.T.);
#1895=ORIENTED_EDGE('',*,*,#1898,.T.);
#1896=ORIENTED_EDGE('',*,*,#1899,.T.);
#1897=EDGE_CURVE('',#152,#112,#1900,.F.);
#1898=EDGE_CURVE('',#112,#116,#1901,.T.);
#1899=EDGE_CURVE('',#116,#152,#1902,.T.);
#1900=LINE('',#151,#1903);
#1901=LINE('',#111,#1904);
#1902=LINE('',#115,#1905);
#1903=VECTOR('',#1906,1.0);
#1904=VECTOR('',#1907,1.0);
#1905=VECTOR('',#1908,1.0);
#1906=DIRECTION('',(-0.9813084047525108,0.10876526495494362,-0.15875746250606093));
#1907=DIRECTION('',(-0.1924541484350433,-0.5546198854306472,0.8095419590330314));
#1908=DIRECTION('',(1,0,0));
#1909=STYLED_ITEM('',(#25),#1910);
#1910=FACE_SURFACE('',(#1915),#1911,.T.);
#1911=PLANE('',#1912);
#1912=AXIS2_PLACEMENT_3D('',#147,#1913,#1914);
#1913=DIRECTION('',(-0.857489437212939,0.09450703415401299,0.5057472546278916));
#1914=DIRECTION('',(-0.514501569548559,-0.15751036055335615,-0.8428989389306533));
#1915=FACE_BOUND('',#1916,.T.);
#1916=EDGE_LOOP('',(#1917,#1918,#1919));
#1917=ORIENTED_EDGE('',*,*,#1920,.T.);
#1918=ORIENTED_EDGE('',*,*,#1921,.T.);
#1919=ORIENTED_EDGE('',*,*,#1922,.T.);
#1920=EDGE_CURVE('',#148,#152,#1923,.F.);
#1921=EDGE_CURVE('',#152,#150,#1924,.T.);
#1922=EDGE_CURVE('',#150,#148,#1925,.T.);
#1923=LINE('',#147,#1926);
#1924=LINE('',#151,#1927);
#1925=LINE('',#149,#1928);
#1926=VECTOR('',#1929,1.0);
#1927=VECTOR('',#1930,1.0);
#1928=VECTOR('',#1931,1.0);
#1929=DIRECTION('',(-0.514501569548559,-0.15751036055335615,-0.8428989389306533));
#1930=DIRECTION('',(0.07737102492181334,-0.9481202083935995,0.30835336051067386));
#1931=DIRECTION('',(0,0.9829848625561209,-0.18368658085315837));
#1932=STYLED_ITEM('',(#25),#1933);
#1933=FACE_SURFACE('',(#1938),#1934,.T.);
#1934=PLANE('',#1935);
#1935=AXIS2_PLACEMENT_3D('',#149,#1936,#1937);
#1936=DIRECTION('',(-0.8574939766735119,0.09450432518361003,0.505740064153748));
#1937=DIRECTION('',(-0.07737102492181334,0.9481202083935995,-0.30835336051067386));
#1938=FACE_BOUND('',#1939,.T.);
#1939=EDGE_LOOP('',(#1940,#1941,#1942));
#1940=ORIENTED_EDGE('',*,*,#1943,.T.);
#1941=ORIENTED_EDGE('',*,*,#1944,.T.);
#1942=ORIENTED_EDGE('',*,*,#1945,.T.);
#1943=EDGE_CURVE('',#150,#152,#1946,.F.);
#1944=EDGE_CURVE('',#152,#156,#1947,.T.);
#1945=EDGE_CURVE('',#156,#150,#1948,.T.);
#1946=LINE('',#149,#1949);
#1947=LINE('',#151,#1950);
#1948=LINE('',#155,#1951);
#1949=VECTOR('',#1952,1.0);
#1950=VECTOR('',#1953,1.0);
#1951=VECTOR('',#1954,1.0);
#1952=DIRECTION('',(-0.07737102492181334,0.9481202083935995,-0.30835336051067386));
#1953=DIRECTION('',(0,-0.9829853417083911,0.18368401668745546));
#1954=DIRECTION('',(0.5144940038218555,0.15750804436928317,0.8429039897819446));
#1955=STYLED_ITEM('',(#25),#1956);
#1956=FACE_SURFACE('',(#1961),#1957,.T.);
#1957=PLANE('',#1958);
#1958=AXIS2_PLACEMENT_3D('',#53,#1959,#1960);
#1959=DIRECTION('',(-0,0.1836853347072028,0.9829850954177805));
#1960=DIRECTION('',(1,0,0));
#1961=FACE_BOUND('',#1962,.T.);
#1962=EDGE_LOOP('',(#1963,#1964,#1965));
#1963=ORIENTED_EDGE('',*,*,#1966,.T.);
#1964=ORIENTED_EDGE('',*,*,#1967,.T.);
#1965=ORIENTED_EDGE('',*,*,#1968,.T.);
#1966=EDGE_CURVE('',#54,#156,#1969,.F.);
#1967=EDGE_CURVE('',#156,#50,#1970,.T.);
#1968=EDGE_CURVE('',#50,#54,#1971,.T.);
#1969=LINE('',#53,#1972);
#1970=LINE('',#155,#1973);
#1971=LINE('',#49,#1974);
#1972=VECTOR('',#1975,1.0);
#1973=VECTOR('',#1976,1.0);
#1974=VECTOR('',#1977,1.0);
#1975=DIRECTION('',(1,0,0));
#1976=DIRECTION('',(-0.45032268514586465,0.8776738520130465,-0.16400636797270843));
#1977=DIRECTION('',(0,-0.9829850954177805,0.1836853347072028));
#1978=STYLED_ITEM('',(#25),#1979);
#1979=FACE_SURFACE('',(#1984),#1980,.T.);
#1980=PLANE('',#1981);
#1981=AXIS2_PLACEMENT_3D('',#49,#1982,#1983);
#1982=DIRECTION('',(-2.6585040831903966E-06,0.18368401668680634,0.9829853417049175));
#1983=DIRECTION('',(0.45032268514586465,-0.8776738520130465,0.16400636797270843));
#1984=FACE_BOUND('',#1985,.T.);
#1985=EDGE_LOOP('',(#1986,#1987,#1988));
#1986=ORIENTED_EDGE('',*,*,#1989,.T.);
#1987=ORIENTED_EDGE('',*,*,#1990,.T.);
#1988=ORIENTED_EDGE('',*,*,#1991,.T.);
#1989=EDGE_CURVE('',#50,#156,#1992,.F.);
#1990=EDGE_CURVE('',#156,#152,#1993,.T.);
#1991=EDGE_CURVE('',#152,#50,#1994,.T.);
#1992=LINE('',#49,#1995);
#1993=LINE('',#155,#1996);
#1994=LINE('',#151,#1997);
#1995=VECTOR('',#1998,1.0);
#1996=VECTOR('',#1999,1.0);
#1997=VECTOR('',#2000,1.0);
#1998=DIRECTION('',(0.45032268514586465,-0.8776738520130465,0.16400636797270843));
#1999=DIRECTION('',(0,0.9829853417083911,-0.18368401668745546));
#2000=DIRECTION('',(-0.3616992146053365,-0.9164323434854413,0.1712467166624361));
#2001=STYLED_ITEM('',(#25),#2002);
#2002=FACE_SURFACE('',(#2007),#2003,.T.);
#2003=PLANE('',#2004);
#2004=AXIS2_PLACEMENT_3D('',#49,#2005,#2006);
#2005=DIRECTION('',(0,0.18368300282580038,0.9829855311615207));
#2006=DIRECTION('',(0.3616992146053365,0.9164323434854413,-0.1712467166624361));
#2007=FACE_BOUND('',#2008,.T.);
#2008=EDGE_LOOP('',(#2009,#2010,#2011));
#2009=ORIENTED_EDGE('',*,*,#2012,.T.);
#2010=ORIENTED_EDGE('',*,*,#2013,.T.);
#2011=ORIENTED_EDGE('',*,*,#2014,.T.);
#2012=EDGE_CURVE('',#50,#152,#2015,.F.);
#2013=EDGE_CURVE('',#152,#116,#2016,.T.);
#2014=EDGE_CURVE('',#116,#50,#2017,.T.);
#2015=LINE('',#49,#2018);
#2016=LINE('',#151,#2019);
#2017=LINE('',#115,#2020);
#2018=VECTOR('',#2021,1.0);
#2019=VECTOR('',#2022,1.0);
#2020=VECTOR('',#2023,1.0);
#2021=DIRECTION('',(0.3616992146053365,0.9164323434854413,-0.1712467166624361));
#2022=DIRECTION('',(-1,0,0));
#2023=DIRECTION('',(0.18485798190502856,-0.9660440162364237,0.180517271250705));
#2024=STYLED_ITEM('',(#25),#2025);
#2025=FACE_SURFACE('',(#2030),#2026,.T.);
#2026=PLANE('',#2027);
#2027=AXIS2_PLACEMENT_3D('',#113,#2028,#2029);
#2028=DIRECTION('',(0,0.18371454681679897,0.9829796362529074));
#2029=DIRECTION('',(-1,0,0));
#2030=FACE_BOUND('',#2031,.T.);
#2031=EDGE_LOOP('',(#2032,#2033,#2034));
#2032=ORIENTED_EDGE('',*,*,#2035,.T.);
#2033=ORIENTED_EDGE('',*,*,#2036,.T.);
#2034=ORIENTED_EDGE('',*,*,#2037,.T.);
#2035=EDGE_CURVE('',#114,#120,#2038,.F.);
#2036=EDGE_CURVE('',#120,#116,#2039,.T.);
#2037=EDGE_CURVE('',#116,#114,#2040,.T.);
#2038=LINE('',#113,#2041);
#2039=LINE('',#119,#2042);
#2040=LINE('',#115,#2043);
#2041=VECTOR('',#2044,1.0);
#2042=VECTOR('',#2045,1.0);
#2043=VECTOR('',#2046,1.0);
#2044=DIRECTION('',(-1,0,0));
#2045=DIRECTION('',(0.9976480097922577,-0.06737856526513897,0.012592755868308055));
#2046=DIRECTION('',(-0.4850703923982496,0.8595912235217902,-0.16065379815902198));
#2047=STYLED_ITEM('',(#25),#2048);
#2048=FACE_SURFACE('',(#2053),#2049,.T.);
#2049=PLANE('',#2050);
#2050=AXIS2_PLACEMENT_3D('',#115,#2051,#2052);
#2051=DIRECTION('',(0,0.18371454681679894,0.9829796362529074));
#2052=DIRECTION('',(-0.9976480097922577,0.06737856526513897,-0.012592755868308055));
#2053=FACE_BOUND('',#2054,.T.);
#2054=EDGE_LOOP('',(#2055,#2056,#2057));
#2055=ORIENTED_EDGE('',*,*,#2058,.T.);
#2056=ORIENTED_EDGE('',*,*,#2059,.T.);
#2057=ORIENTED_EDGE('',*,*,#2060,.T.);
#2058=EDGE_CURVE('',#116,#120,#2061,.F.);
#2059=EDGE_CURVE('',#120,#118,#2062,.T.);
#2060=EDGE_CURVE('',#118,#116,#2063,.T.);
#2061=LINE('',#115,#2064);
#2062=LINE('',#119,#2065);
#2063=LINE('',#117,#2066);
#2064=VECTOR('',#2067,1.0);
#2065=VECTOR('',#2068,1.0);
#2066=VECTOR('',#2069,1.0);
#2067=DIRECTION('',(-0.9976480097922577,0.06737856526513897,-0.012592755868308055));
#2068=DIRECTION('',(-0.4850703923982496,-0.8595912235217902,0.16065379815902198));
#2069=DIRECTION('',(1,0,0));
#2070=STYLED_ITEM('',(#25),#2071);
#2071=FACE_SURFACE('',(#2076),#2072,.T.);
#2072=PLANE('',#2073);
#2073=AXIS2_PLACEMENT_3D('',#115,#2074,#2075);
#2074=DIRECTION('',(0,0.18368300282580038,0.9829855311615208));
#2075=DIRECTION('',(-1,0,0));
#2076=FACE_BOUND('',#2077,.T.);
#2077=EDGE_LOOP('',(#2078,#2079,#2080));
#2078=ORIENTED_EDGE('',*,*,#2081,.T.);
#2079=ORIENTED_EDGE('',*,*,#2082,.T.);
#2080=ORIENTED_EDGE('',*,*,#2083,.T.);
#2081=EDGE_CURVE('',#116,#118,#2084,.F.);
#2082=EDGE_CURVE('',#118,#50,#2085,.T.);
#2083=EDGE_CURVE('',#50,#116,#2086,.T.);
#2084=LINE('',#115,#2087);
#2085=LINE('',#117,#2088);
#2086=LINE('',#49,#2089);
#2087=VECTOR('',#2090,1.0);
#2088=VECTOR('',#2091,1.0);
#2089=VECTOR('',#2092,1.0);
#2090=DIRECTION('',(-1,0,0));
#2091=DIRECTION('',(0.8036334119890131,-0.5849989120092474,0.10931428123943385));
#2092=DIRECTION('',(-0.18485798190502856,0.9660440162364237,-0.180517271250705));
#2093=STYLED_ITEM('',(#25),#2094);
#2094=FACE_SURFACE('',(#2099),#2095,.T.);
#2095=PLANE('',#2096);
#2096=AXIS2_PLACEMENT_3D('',#49,#2097,#2098);
#2097=DIRECTION('',(0,0.18368300282580036,0.9829855311615205));
#2098=DIRECTION('',(-0.8036334119890131,0.5849989120092474,-0.10931428123943385));
#2099=FACE_BOUND('',#2100,.T.);
#2100=EDGE_LOOP('',(#2101,#2102,#2103));
#2101=ORIENTED_EDGE('',*,*,#2104,.T.);
#2102=ORIENTED_EDGE('',*,*,#2105,.T.);
#2103=ORIENTED_EDGE('',*,*,#2106,.T.);
#2104=EDGE_CURVE('',#50,#118,#2107,.F.);
#2105=EDGE_CURVE('',#118,#42,#2108,.T.);
#2106=EDGE_CURVE('',#42,#50,#2109,.T.);
#2107=LINE('',#49,#2110);
#2108=LINE('',#117,#2111);
#2109=LINE('',#41,#2112);
#2110=VECTOR('',#2113,1.0);
#2111=VECTOR('',#2114,1.0);
#2112=VECTOR('',#2115,1.0);
#2113=DIRECTION('',(-0.8036334119890131,0.5849989120092474,-0.10931428123943385));
#2114=DIRECTION('',(-0.18485798190502856,-0.9660440162364237,0.180517271250705));
#2115=DIRECTION('',(1,0,0));
#2116=STYLED_ITEM('',(#25),#2117);
#2117=FACE_SURFACE('',(#2122),#2118,.T.);
#2118=PLANE('',#2119);
#2119=AXIS2_PLACEMENT_3D('',#41,#2120,#2121);
#2120=DIRECTION('',(0,0.18368300282580038,0.9829855311615207));
#2121=DIRECTION('',(0.18485798190502856,0.9660440162364237,-0.180517271250705));
#2122=FACE_BOUND('',#2123,.T.);
#2123=EDGE_LOOP('',(#2124,#2125,#2126));
#2124=ORIENTED_EDGE('',*,*,#2127,.T.);
#2125=ORIENTED_EDGE('',*,*,#2128,.T.);
#2126=ORIENTED_EDGE('',*,*,#2129,.T.);
#2127=EDGE_CURVE('',#42,#118,#2130,.F.);
#2128=EDGE_CURVE('',#118,#158,#2131,.T.);
#2129=EDGE_CURVE('',#158,#42,#2132,.T.);
#2130=LINE('',#41,#2133);
#2131=LINE('',#117,#2134);
#2132=LINE('',#157,#2135);
#2133=VECTOR('',#2136,1.0);
#2134=VECTOR('',#2137,1.0);
#2135=VECTOR('',#2138,1.0);
#2136=DIRECTION('',(0.18485798190502856,0.9660440162364237,-0.180517271250705));
#2137=DIRECTION('',(-1,0,0));
#2138=DIRECTION('',(0.3616992146053365,-0.9164323434854413,0.1712467166624361));
#2139=STYLED_ITEM('',(#25),#2140);
#2140=FACE_SURFACE('',(#2145),#2141,.T.);
#2141=PLANE('',#2142);
#2142=AXIS2_PLACEMENT_3D('',#41,#2143,#2144);
#2143=DIRECTION('',(2.6585040831903966E-06,0.18368401668680634,0.9829853417049175));
#2144=DIRECTION('',(-0.3616992146053365,0.9164323434854413,-0.1712467166624361));
#2145=FACE_BOUND('',#2146,.T.);
#2146=EDGE_LOOP('',(#2147,#2148,#2149));
#2147=ORIENTED_EDGE('',*,*,#2150,.T.);
#2148=ORIENTED_EDGE('',*,*,#2151,.T.);
#2149=ORIENTED_EDGE('',*,*,#2152,.T.);
#2150=EDGE_CURVE('',#42,#158,#2153,.F.);
#2151=EDGE_CURVE('',#158,#160,#2154,.T.);
#2152=EDGE_CURVE('',#160,#42,#2155,.T.);
#2153=LINE('',#41,#2156);
#2154=LINE('',#157,#2157);
#2155=LINE('',#159,#2158);
#2156=VECTOR('',#2159,1.0);
#2157=VECTOR('',#2160,1.0);
#2158=VECTOR('',#2161,1.0);
#2159=DIRECTION('',(-0.3616992146053365,0.9164323434854413,-0.1712467166624361));
#2160=DIRECTION('',(0,-0.9829853417083911,0.18368401668745546));
#2161=DIRECTION('',(0.45032268514586465,0.8776738520130465,-0.16400636797270843));
#2162=STYLED_ITEM('',(#25),#2163);
#2163=FACE_SURFACE('',(#2168),#2164,.T.);
#2164=PLANE('',#2165);
#2165=AXIS2_PLACEMENT_3D('',#159,#2166,#2167);
#2166=DIRECTION('',(-0,0.1836853347072028,0.9829850954177805));
#2167=DIRECTION('',(1,0,0));
#2168=FACE_BOUND('',#2169,.T.);
#2169=EDGE_LOOP('',(#2170,#2171,#2172));
#2170=ORIENTED_EDGE('',*,*,#2173,.T.);
#2171=ORIENTED_EDGE('',*,*,#2174,.T.);
#2172=ORIENTED_EDGE('',*,*,#2175,.T.);
#2173=EDGE_CURVE('',#160,#44,#2176,.F.);
#2174=EDGE_CURVE('',#44,#42,#2177,.T.);
#2175=EDGE_CURVE('',#42,#160,#2178,.T.);
#2176=LINE('',#159,#2179);
#2177=LINE('',#43,#2180);
#2178=LINE('',#41,#2181);
#2179=VECTOR('',#2182,1.0);
#2180=VECTOR('',#2183,1.0);
#2181=VECTOR('',#2184,1.0);
#2182=DIRECTION('',(1,0,0));
#2183=DIRECTION('',(0,0.9829850954177805,-0.1836853347072028));
#2184=DIRECTION('',(-0.45032268514586465,-0.8776738520130465,0.16400636797270843));
#2185=STYLED_ITEM('',(#25),#2186);
#2186=FACE_SURFACE('',(#2191),#2187,.T.);
#2187=PLANE('',#2188);
#2188=AXIS2_PLACEMENT_3D('',#139,#2189,#2190);
#2189=DIRECTION('',(0.6063380974944924,0.761902172417595,0.2277261319921559));
#2190=DIRECTION('',(-0.5144942917682316,0.1575088001298519,0.8429036727998995));
#2191=FACE_BOUND('',#2192,.T.);
#2192=EDGE_LOOP('',(#2193,#2194,#2195));
#2193=ORIENTED_EDGE('',*,*,#2196,.T.);
#2194=ORIENTED_EDGE('',*,*,#2197,.T.);
#2195=ORIENTED_EDGE('',*,*,#2198,.T.);
#2196=EDGE_CURVE('',#140,#92,#2199,.F.);
#2197=EDGE_CURVE('',#92,#158,#2200,.T.);
#2198=EDGE_CURVE('',#158,#140,#2201,.T.);
#2199=LINE('',#139,#2202);
#2200=LINE('',#91,#2203);
#2201=LINE('',#157,#2204);
#2202=VECTOR('',#2205,1.0);
#2203=VECTOR('',#2206,1.0);
#2204=VECTOR('',#2207,1.0);
#2205=DIRECTION('',(-0.5144942917682316,0.1575088001298519,0.8429036727998995));
#2206=DIRECTION('',(0.6841325769290487,-0.35381738251348777,-0.6377898376547899));
#2207=DIRECTION('',(-0.3716744112910089,0.5246973720330114,-0.7658660455805137));
#2208=STYLED_ITEM('',(#25),#2209);
#2209=FACE_SURFACE('',(#2214),#2210,.T.);
#2210=PLANE('',#2211);
#2211=AXIS2_PLACEMENT_3D('',#157,#2212,#2213);
#2212=DIRECTION('',(0.6063418004999676,0.7618972164566027,0.22773285340973135));
#2213=DIRECTION('',(-0.6841325769290487,0.35381738251348777,0.6377898376547899));
#2214=FACE_BOUND('',#2215,.T.);
#2215=EDGE_LOOP('',(#2216,#2217,#2218));
#2216=ORIENTED_EDGE('',*,*,#2219,.T.);
#2217=ORIENTED_EDGE('',*,*,#2220,.T.);
#2218=ORIENTED_EDGE('',*,*,#2221,.T.);
#2219=EDGE_CURVE('',#158,#92,#2222,.F.);
#2220=EDGE_CURVE('',#92,#96,#2223,.T.);
#2221=EDGE_CURVE('',#96,#158,#2224,.T.);
#2222=LINE('',#157,#2225);
#2223=LINE('',#91,#2226);
#2224=LINE('',#95,#2227);
#2225=VECTOR('',#2228,1.0);
#2226=VECTOR('',#2229,1.0);
#2227=VECTOR('',#2230,1.0);
#2228=DIRECTION('',(-0.6841325769290487,0.35381738251348777,0.6377898376547899));
#2229=DIRECTION('',(0.759126852845442,-0.6398706092330145,0.11954925649599607));
#2230=DIRECTION('',(0.5144999660749178,-0.1575105372788388,-0.8428998846571519));
#2231=STYLED_ITEM('',(#25),#2232);
#2232=FACE_SURFACE('',(#2237),#2233,.T.);
#2233=PLANE('',#2234);
#2234=AXIS2_PLACEMENT_3D('',#117,#2235,#2236);
#2235=DIRECTION('',(0,0.8249638607194267,0.5651854815075298));
#2236=DIRECTION('',(-0.1924490506136322,0.554620450487932,-0.8095427838097718));
#2237=FACE_BOUND('',#2238,.T.);
#2238=EDGE_LOOP('',(#2239,#2240,#2241));
#2239=ORIENTED_EDGE('',*,*,#2242,.T.);
#2240=ORIENTED_EDGE('',*,*,#2243,.T.);
#2241=ORIENTED_EDGE('',*,*,#2244,.T.);
#2242=EDGE_CURVE('',#118,#122,#2245,.F.);
#2243=EDGE_CURVE('',#122,#158,#2246,.T.);
#2244=EDGE_CURVE('',#158,#118,#2247,.T.);
#2245=LINE('',#117,#2248);
#2246=LINE('',#121,#2249);
#2247=LINE('',#157,#2250);
#2248=VECTOR('',#2251,1.0);
#2249=VECTOR('',#2252,1.0);
#2250=VECTOR('',#2253,1.0);
#2251=DIRECTION('',(-0.1924490506136322,0.554620450487932,-0.8095427838097718));
#2252=DIRECTION('',(-0.98130844319997,-0.10876515414846176,0.1587573007691691));
#2253=DIRECTION('',(1,0,0));
#2254=STYLED_ITEM('',(#25),#2255);
#2255=FACE_SURFACE('',(#2260),#2256,.T.);
#2256=PLANE('',#2257);
#2257=AXIS2_PLACEMENT_3D('',#157,#2258,#2259);
#2258=DIRECTION('',(0,0.8249638607194267,0.5651854815075298));
#2259=DIRECTION('',(0.98130844319997,0.10876515414846176,-0.1587573007691691));
#2260=FACE_BOUND('',#2261,.T.);
#2261=EDGE_LOOP('',(#2262,#2263,#2264));
#2262=ORIENTED_EDGE('',*,*,#2265,.T.);
#2263=ORIENTED_EDGE('',*,*,#2266,.T.);
#2264=ORIENTED_EDGE('',*,*,#2267,.T.);
#2265=EDGE_CURVE('',#158,#122,#2268,.F.);
#2266=EDGE_CURVE('',#122,#140,#2269,.T.);
#2267=EDGE_CURVE('',#140,#158,#2270,.T.);
#2268=LINE('',#157,#2271);
#2269=LINE('',#121,#2272);
#2270=LINE('',#139,#2273);
#2271=VECTOR('',#2274,1.0);
#2272=VECTOR('',#2275,1.0);
#2273=VECTOR('',#2276,1.0);
#2274=DIRECTION('',(0.98130844319997,0.10876515414846176,-0.1587573007691691));
#2275=DIRECTION('',(-1,0,0));
#2276=DIRECTION('',(0.3716744112910089,-0.5246973720330114,0.7658660455805137));
#2277=STYLED_ITEM('',(#25),#2278);
#2278=FACE_SURFACE('',(#2283),#2279,.T.);
#2279=PLANE('',#2280);
#2280=AXIS2_PLACEMENT_3D('',#157,#2281,#2282);
#2281=DIRECTION('',(0.8574903993083558,0.09450542035471905,0.5057459249638839));
#2282=DIRECTION('',(-0.5144999660749178,0.1575105372788388,0.8428998846571519));
#2283=FACE_BOUND('',#2284,.T.);
#2284=EDGE_LOOP('',(#2285,#2286,#2287));
#2285=ORIENTED_EDGE('',*,*,#2288,.T.);
#2286=ORIENTED_EDGE('',*,*,#2289,.T.);
#2287=ORIENTED_EDGE('',*,*,#2290,.T.);
#2288=EDGE_CURVE('',#158,#96,#2291,.F.);
#2289=EDGE_CURVE('',#96,#160,#2292,.T.);
#2290=EDGE_CURVE('',#160,#158,#2293,.T.);
#2291=LINE('',#157,#2294);
#2292=LINE('',#95,#2295);
#2293=LINE('',#159,#2296);
#2294=VECTOR('',#2297,1.0);
#2295=VECTOR('',#2298,1.0);
#2296=VECTOR('',#2299,1.0);
#2297=DIRECTION('',(-0.5144999660749178,0.1575105372788388,0.8428998846571519));
#2298=DIRECTION('',(0.07737068532174617,-0.9954930451781656,0.054839530037611654));
#2299=DIRECTION('',(0,0.9829853417083911,-0.18368401668745546));
#2300=STYLED_ITEM('',(#25),#2301);
#2301=FACE_SURFACE('',(#2306),#2302,.T.);
#2302=PLANE('',#2303);
#2303=AXIS2_PLACEMENT_3D('',#159,#2304,#2305);
#2304=DIRECTION('',(0.8574949387465446,0.09450534989632459,0.5057382414500936));
#2305=DIRECTION('',(-0.07737068532174617,0.9954930451781656,-0.054839530037611654));
#2306=FACE_BOUND('',#2307,.T.);
#2307=EDGE_LOOP('',(#2308,#2309,#2310));
#2308=ORIENTED_EDGE('',*,*,#2311,.T.);
#2309=ORIENTED_EDGE('',*,*,#2312,.T.);
#2310=ORIENTED_EDGE('',*,*,#2313,.T.);
#2311=EDGE_CURVE('',#160,#96,#2314,.F.);
#2312=EDGE_CURVE('',#96,#94,#2315,.T.);
#2313=EDGE_CURVE('',#94,#160,#2316,.T.);
#2314=LINE('',#159,#2317);
#2315=LINE('',#95,#2318);
#2316=LINE('',#93,#2319);
#2317=VECTOR('',#2320,1.0);
#2318=VECTOR('',#2321,1.0);
#2319=VECTOR('',#2322,1.0);
#2320=DIRECTION('',(-0.07737068532174617,0.9954930451781656,-0.054839530037611654));
#2321=DIRECTION('',(0,-0.9829848625561209,0.18368658085315837));
#2322=DIRECTION('',(0.5144924003548164,-0.1575082210869697,-0.8429049354862965));
#2323=STYLED_ITEM('',(#25),#2324);
#2324=FACE_SURFACE('',(#2329),#2325,.T.);
#2325=PLANE('',#2326);
#2326=AXIS2_PLACEMENT_3D('',#97,#2327,#2328);
#2327=DIRECTION('',(0,0.982936006061599,-0.18394784039958742));
#2328=DIRECTION('',(0.6882911649924994,0.13344211703095737,0.71305572965622));
#2329=FACE_BOUND('',#2330,.T.);
#2330=EDGE_LOOP('',(#2331,#2332,#2333));
#2331=ORIENTED_EDGE('',*,*,#2334,.T.);
#2332=ORIENTED_EDGE('',*,*,#2335,.T.);
#2333=ORIENTED_EDGE('',*,*,#2336,.T.);
#2334=EDGE_CURVE('',#98,#102,#2337,.F.);
#2335=EDGE_CURVE('',#102,#142,#2338,.T.);
#2336=EDGE_CURVE('',#142,#98,#2339,.T.);
#2337=LINE('',#97,#2340);
#2338=LINE('',#101,#2341);
#2339=LINE('',#141,#2342);
#2340=VECTOR('',#2343,1.0);
#2341=VECTOR('',#2344,1.0);
#2342=VECTOR('',#2345,1.0);
#2343=DIRECTION('',(0.6882911649924994,0.13344211703095737,0.71305572965622));
#2344=DIRECTION('',(0.9999504692159392,-0.0018308042625278492,-0.009783009280133476));
#2345=DIRECTION('',(-1,0,0));
#2346=STYLED_ITEM('',(#25),#2347);
#2347=FACE_SURFACE('',(#2352),#2348,.T.);
#2348=PLANE('',#2349);
#2349=AXIS2_PLACEMENT_3D('',#141,#2350,#2351);
#2350=DIRECTION('',(2.6543046339064205E-06,0.9829850253668412,-0.18368570956257177));
#2351=DIRECTION('',(-0.9999504692159392,0.0018308042625278492,0.009783009280133476));
#2352=FACE_BOUND('',#2353,.T.);
#2353=EDGE_LOOP('',(#2354,#2355,#2356));
#2354=ORIENTED_EDGE('',*,*,#2357,.T.);
#2355=ORIENTED_EDGE('',*,*,#2358,.T.);
#2356=ORIENTED_EDGE('',*,*,#2359,.T.);
#2357=EDGE_CURVE('',#142,#102,#2360,.F.);
#2358=EDGE_CURVE('',#102,#108,#2361,.T.);
#2359=EDGE_CURVE('',#108,#142,#2362,.T.);
#2360=LINE('',#141,#2363);
#2361=LINE('',#101,#2364);
#2362=LINE('',#107,#2365);
#2363=VECTOR('',#2366,1.0);
#2364=VECTOR('',#2367,1.0);
#2365=VECTOR('',#2368,1.0);
#2366=DIRECTION('',(-0.9999504692159392,0.0018308042625278492,0.009783009280133476));
#2367=DIRECTION('',(0,0.1836857095632188,0.9829850253703037));
#2368=DIRECTION('',(0.749591524539702,-0.12158365687270149,-0.6506381180961553));
#2369=STYLED_ITEM('',(#25),#2370);
#2370=FACE_SURFACE('',(#2375),#2371,.T.);
#2371=PLANE('',#2372);
#2372=AXIS2_PLACEMENT_3D('',#141,#2373,#2374);
#2373=DIRECTION('',(6.837052932053823E-08,0.9829844874374722,-0.18368858826090792));
#2374=DIRECTION('',(-0.749591524539702,0.12158365687270149,0.6506381180961553));
#2375=FACE_BOUND('',#2376,.T.);
#2376=EDGE_LOOP('',(#2377,#2378,#2379));
#2377=ORIENTED_EDGE('',*,*,#2380,.T.);
#2378=ORIENTED_EDGE('',*,*,#2381,.T.);
#2379=ORIENTED_EDGE('',*,*,#2382,.T.);
#2380=EDGE_CURVE('',#142,#108,#2383,.F.);
#2381=EDGE_CURVE('',#108,#154,#2384,.T.);
#2382=EDGE_CURVE('',#154,#142,#2385,.T.);
#2383=LINE('',#141,#2386);
#2384=LINE('',#107,#2387);
#2385=LINE('',#153,#2388);
#2386=VECTOR('',#2389,1.0);
#2387=VECTOR('',#2390,1.0);
#2388=VECTOR('',#2391,1.0);
#2389=DIRECTION('',(-0.749591524539702,0.12158365687270149,0.6506381180961553));
#2390=DIRECTION('',(0.9996483588593805,0.0048708285367100815,0.02606594826805675));
#2391=DIRECTION('',(-0.3990404849581502,-0.16843015806200445,-0.9013312228141064));
#2392=STYLED_ITEM('',(#25),#2393);
#2393=FACE_SURFACE('',(#2398),#2394,.T.);
#2394=PLANE('',#2395);
#2395=AXIS2_PLACEMENT_3D('',#153,#2396,#2397);
#2396=DIRECTION('',(0,0.9829849608815925,-0.18368605467104504));
#2397=DIRECTION('',(-0.9996483588593805,-0.0048708285367100815,-0.02606594826805675));
#2398=FACE_BOUND('',#2399,.T.);
#2399=EDGE_LOOP('',(#2400,#2401,#2402));
#2400=ORIENTED_EDGE('',*,*,#2403,.T.);
#2401=ORIENTED_EDGE('',*,*,#2404,.T.);
#2402=ORIENTED_EDGE('',*,*,#2405,.T.);
#2403=EDGE_CURVE('',#154,#108,#2406,.F.);
#2404=EDGE_CURVE('',#108,#112,#2407,.T.);
#2405=EDGE_CURVE('',#112,#154,#2408,.T.);
#2406=LINE('',#153,#2409);
#2407=LINE('',#107,#2410);
#2408=LINE('',#111,#2411);
#2409=VECTOR('',#2412,1.0);
#2410=VECTOR('',#2413,1.0);
#2411=VECTOR('',#2414,1.0);
#2412=DIRECTION('',(-0.9996483588593805,-0.0048708285367100815,-0.02606594826805675));
#2413=DIRECTION('',(-0.6395584987094303,0.1412072643888711,0.7556622494291687));
#2414=DIRECTION('',(1,0,0));
#2415=STYLED_ITEM('',(#25),#2416);
#2416=FACE_SURFACE('',(#2421),#2417,.T.);
#2417=PLANE('',#2418);
#2418=AXIS2_PLACEMENT_3D('',#145,#2419,#2420);
#2419=DIRECTION('',(0,0.9829851469012889,-0.18368505919494754));
#2420=DIRECTION('',(1,0,0));
#2421=FACE_BOUND('',#2422,.T.);
#2422=EDGE_LOOP('',(#2423,#2424,#2425));
#2423=ORIENTED_EDGE('',*,*,#2426,.T.);
#2424=ORIENTED_EDGE('',*,*,#2427,.T.);
#2425=ORIENTED_EDGE('',*,*,#2428,.T.);
#2426=EDGE_CURVE('',#146,#144,#2429,.F.);
#2427=EDGE_CURVE('',#144,#154,#2430,.T.);
#2428=EDGE_CURVE('',#154,#146,#2431,.T.);
#2429=LINE('',#145,#2432);
#2430=LINE('',#143,#2433);
#2431=LINE('',#153,#2434);
#2432=VECTOR('',#2435,1.0);
#2433=VECTOR('',#2436,1.0);
#2434=VECTOR('',#2437,1.0);
#2435=DIRECTION('',(1,0,0));
#2436=DIRECTION('',(-0.6275459543810474,-0.1430134259477699,-0.7653321077405951));
#2437=DIRECTION('',(0.5144942917682316,0.1575088001298519,0.8429036727998995));
#2438=STYLED_ITEM('',(#25),#2439);
#2439=FACE_SURFACE('',(#2444),#2440,.T.);
#2440=PLANE('',#2441);
#2441=AXIS2_PLACEMENT_3D('',#153,#2442,#2443);
#2442=DIRECTION('',(9.601326549094094E-06,0.9829837253240402,-0.18369266630948136));
#2443=DIRECTION('',(0.6275459543810474,0.1430134259477699,0.7653321077405951));
#2444=FACE_BOUND('',#2445,.T.);
#2445=EDGE_LOOP('',(#2446,#2447,#2448));
#2446=ORIENTED_EDGE('',*,*,#2449,.T.);
#2447=ORIENTED_EDGE('',*,*,#2450,.T.);
#2448=ORIENTED_EDGE('',*,*,#2451,.T.);
#2449=EDGE_CURVE('',#154,#144,#2452,.F.);
#2450=EDGE_CURVE('',#144,#142,#2453,.T.);
#2451=EDGE_CURVE('',#142,#154,#2454,.T.);
#2452=LINE('',#153,#2455);
#2453=LINE('',#143,#2456);
#2454=LINE('',#141,#2457);
#2455=VECTOR('',#2458,1.0);
#2456=VECTOR('',#2459,1.0);
#2457=VECTOR('',#2460,1.0);
#2458=DIRECTION('',(0.6275459543810474,0.1430134259477699,0.7653321077405951));
#2459=DIRECTION('',(-0.5144964078969927,-0.15751023416771606,-0.8429021131741946));
#2460=DIRECTION('',(0.3990404849581502,0.16843015806200445,0.9013312228141064));
#2461=STYLED_ITEM('',(#25),#2462);
#2462=FACE_SURFACE('',(#2467),#2463,.T.);
#2463=PLANE('',#2464);
#2464=AXIS2_PLACEMENT_3D('',#71,#2465,#2466);
#2465=DIRECTION('',(-1.8777096059828166E-06,-0.9829848827499332,0.18368647277786754));
#2466=DIRECTION('',(-0.7841059989301115,-0.11399932384867047,-0.6100671574538807));
#2467=FACE_BOUND('',#2468,.T.);
#2468=EDGE_LOOP('',(#2469,#2470,#2471));
#2469=ORIENTED_EDGE('',*,*,#2472,.T.);
#2470=ORIENTED_EDGE('',*,*,#2473,.T.);
#2471=ORIENTED_EDGE('',*,*,#2474,.T.);
#2472=EDGE_CURVE('',#72,#156,#2475,.F.);
#2473=EDGE_CURVE('',#156,#58,#2476,.T.);
#2474=EDGE_CURVE('',#58,#72,#2477,.T.);
#2475=LINE('',#71,#2478);
#2476=LINE('',#155,#2479);
#2477=LINE('',#57,#2480);
#2478=VECTOR('',#2481,1.0);
#2479=VECTOR('',#2482,1.0);
#2480=VECTOR('',#2483,1.0);
#2481=DIRECTION('',(-0.7841059989301115,-0.11399932384867047,-0.6100671574538807));
#2482=DIRECTION('',(-0.25912951005579915,-0.17741173921827408,-0.9494087485407898));
#2483=DIRECTION('',(0.5144965257110707,0.15750881642461417,0.8429023061896052));
#2484=STYLED_ITEM('',(#25),#2485);
#2485=FACE_SURFACE('',(#2490),#2486,.T.);
#2486=PLANE('',#2487);
#2487=AXIS2_PLACEMENT_3D('',#57,#2488,#2489);
#2488=DIRECTION('',(0,-0.982984975288693,0.18368597757228974));
#2489=DIRECTION('',(0.25912951005579915,0.17741173921827408,0.9494087485407898));
#2490=FACE_BOUND('',#2491,.T.);
#2491=EDGE_LOOP('',(#2492,#2493,#2494));
#2492=ORIENTED_EDGE('',*,*,#2495,.T.);
#2493=ORIENTED_EDGE('',*,*,#2496,.T.);
#2494=ORIENTED_EDGE('',*,*,#2497,.T.);
#2495=EDGE_CURVE('',#58,#156,#2498,.F.);
#2496=EDGE_CURVE('',#156,#54,#2499,.T.);
#2497=EDGE_CURVE('',#54,#58,#2500,.T.);
#2498=LINE('',#57,#2501);
#2499=LINE('',#155,#2502);
#2500=LINE('',#53,#2503);
#2501=VECTOR('',#2504,1.0);
#2502=VECTOR('',#2505,1.0);
#2503=VECTOR('',#2506,1.0);
#2504=DIRECTION('',(0.25912951005579915,0.17741173921827408,0.9494087485407898));
#2505=DIRECTION('',(-1,0,0));
#2506=DIRECTION('',(0.4967111642084248,-0.1594239815873146,-0.8531482951079248));
#2507=STYLED_ITEM('',(#25),#2508);
#2508=FACE_SURFACE('',(#2513),#2509,.T.);
#2509=PLANE('',#2510);
#2510=AXIS2_PLACEMENT_3D('',#57,#2511,#2512);
#2511=DIRECTION('',(0,-0.982984975288693,0.18368597757228974));
#2512=DIRECTION('',(-0.4967111642084248,0.1594239815873146,0.8531482951079248));
#2513=FACE_BOUND('',#2514,.T.);
#2514=EDGE_LOOP('',(#2515,#2516,#2517));
#2515=ORIENTED_EDGE('',*,*,#2518,.T.);
#2516=ORIENTED_EDGE('',*,*,#2519,.T.);
#2517=ORIENTED_EDGE('',*,*,#2520,.T.);
#2518=EDGE_CURVE('',#58,#54,#2521,.F.);
#2519=EDGE_CURVE('',#54,#44,#2522,.T.);
#2520=EDGE_CURVE('',#44,#58,#2523,.T.);
#2521=LINE('',#57,#2524);
#2522=LINE('',#53,#2525);
#2523=LINE('',#43,#2526);
#2524=VECTOR('',#2527,1.0);
#2525=VECTOR('',#2528,1.0);
#2526=VECTOR('',#2529,1.0);
#2527=DIRECTION('',(-0.4967111642084248,0.1594239815873146,0.8531482951079248));
#2528=DIRECTION('',(-1,0,0));
#2529=DIRECTION('',(0.9687502251127043,-0.04556115875028473,-0.24381792829366802));
#2530=STYLED_ITEM('',(#25),#2531);
#2531=FACE_SURFACE('',(#2536),#2532,.T.);
#2532=PLANE('',#2533);
#2533=AXIS2_PLACEMENT_3D('',#43,#2534,#2535);
#2534=DIRECTION('',(0,-0.9829851469012889,0.18368505919494757));
#2535=DIRECTION('',(1,0,0));
#2536=FACE_BOUND('',#2537,.T.);
#2537=EDGE_LOOP('',(#2538,#2539,#2540));
#2538=ORIENTED_EDGE('',*,*,#2541,.T.);
#2539=ORIENTED_EDGE('',*,*,#2542,.T.);
#2540=ORIENTED_EDGE('',*,*,#2543,.T.);
#2541=EDGE_CURVE('',#44,#54,#2544,.F.);
#2542=EDGE_CURVE('',#54,#48,#2545,.T.);
#2543=EDGE_CURVE('',#48,#44,#2546,.T.);
#2544=LINE('',#43,#2547);
#2545=LINE('',#53,#2548);
#2546=LINE('',#47,#2549);
#2547=VECTOR('',#2550,1.0);
#2548=VECTOR('',#2551,1.0);
#2549=VECTOR('',#2552,1.0);
#2550=DIRECTION('',(1,0,0));
#2551=DIRECTION('',(-0.8574925381783238,0.0945053019315635,0.5057423206291122));
#2552=DIRECTION('',(0,-0.18368505919494757,-0.982985146901289));
#2553=STYLED_ITEM('',(#25),#2554);
#2554=FACE_SURFACE('',(#2559),#2555,.T.);
#2555=PLANE('',#2556);
#2556=AXIS2_PLACEMENT_3D('',#47,#2557,#2558);
#2557=DIRECTION('',(0,-0.9829851469012889,0.18368505919494757));
#2558=DIRECTION('',(0.8574925381783238,-0.0945053019315635,-0.5057423206291122));
#2559=FACE_BOUND('',#2560,.T.);
#2560=EDGE_LOOP('',(#2561,#2562,#2563));
#2561=ORIENTED_EDGE('',*,*,#2564,.T.);
#2562=ORIENTED_EDGE('',*,*,#2565,.T.);
#2563=ORIENTED_EDGE('',*,*,#2566,.T.);
#2564=EDGE_CURVE('',#48,#54,#2567,.F.);
#2565=EDGE_CURVE('',#54,#56,#2568,.T.);
#2566=EDGE_CURVE('',#56,#48,#2569,.T.);
#2567=LINE('',#47,#2570);
#2568=LINE('',#53,#2571);
#2569=LINE('',#55,#2572);
#2570=VECTOR('',#2573,1.0);
#2571=VECTOR('',#2574,1.0);
#2572=VECTOR('',#2575,1.0);
#2573=DIRECTION('',(0.8574925381783238,-0.0945053019315635,-0.5057423206291122));
#2574=DIRECTION('',(0,0.18368505919494757,0.982985146901289));
#2575=DIRECTION('',(-1,0,0));
#2576=STYLED_ITEM('',(#25),#2577);
#2577=FACE_SURFACE('',(#2582),#2578,.T.);
#2578=PLANE('',#2579);
#2579=AXIS2_PLACEMENT_3D('',#71,#2580,#2581);
#2580=DIRECTION('',(0,-0.9829853185113109,0.18368414082662823));
#2581=DIRECTION('',(-1,0,0));
#2582=FACE_BOUND('',#2583,.T.);
#2583=EDGE_LOOP('',(#2584,#2585,#2586));
#2584=ORIENTED_EDGE('',*,*,#2587,.T.);
#2585=ORIENTED_EDGE('',*,*,#2588,.T.);
#2586=ORIENTED_EDGE('',*,*,#2589,.T.);
#2587=EDGE_CURVE('',#72,#150,#2590,.F.);
#2588=EDGE_CURVE('',#150,#156,#2591,.T.);
#2589=EDGE_CURVE('',#156,#72,#2592,.T.);
#2590=LINE('',#71,#2593);
#2591=LINE('',#149,#2594);
#2592=LINE('',#155,#2595);
#2593=VECTOR('',#2596,1.0);
#2594=VECTOR('',#2597,1.0);
#2595=VECTOR('',#2598,1.0);
#2596=DIRECTION('',(-1,0,0));
#2597=DIRECTION('',(-0.5144940038218555,-0.15750804436928317,-0.8429039897819446));
#2598=DIRECTION('',(0.7841059989301115,0.11399932384867047,0.6100671574538807));
#2599=STYLED_ITEM('',(#25),#2600);
#2600=FACE_SURFACE('',(#2605),#2601,.T.);
#2601=PLANE('',#2602);
#2602=AXIS2_PLACEMENT_3D('',#57,#2603,#2604);
#2603=DIRECTION('',(0,-0.982984975288693,0.18368597757228974));
#2604=DIRECTION('',(-0.9687502251127043,0.04556115875028473,0.24381792829366802));
#2605=FACE_BOUND('',#2606,.T.);
#2606=EDGE_LOOP('',(#2607,#2608,#2609));
#2607=ORIENTED_EDGE('',*,*,#2610,.T.);
#2608=ORIENTED_EDGE('',*,*,#2611,.T.);
#2609=ORIENTED_EDGE('',*,*,#2612,.T.);
#2610=EDGE_CURVE('',#58,#44,#2613,.F.);
#2611=EDGE_CURVE('',#44,#60,#2614,.T.);
#2612=EDGE_CURVE('',#60,#58,#2615,.T.);
#2613=LINE('',#57,#2616);
#2614=LINE('',#43,#2617);
#2615=LINE('',#59,#2618);
#2616=VECTOR('',#2619,1.0);
#2617=VECTOR('',#2620,1.0);
#2618=VECTOR('',#2621,1.0);
#2619=DIRECTION('',(-0.9687502251127043,0.04556115875028473,0.24381792829366802));
#2620=DIRECTION('',(-0.49671199553756545,-0.1594238941944924,-0.8531478274302483));
#2621=DIRECTION('',(1,0,0));
#2622=STYLED_ITEM('',(#25),#2623);
#2623=FACE_SURFACE('',(#2628),#2624,.T.);
#2624=PLANE('',#2625);
#2625=AXIS2_PLACEMENT_3D('',#59,#2626,#2627);
#2626=DIRECTION('',(0,-0.982984975288693,0.18368597757228974));
#2627=DIRECTION('',(0.49671199553756545,0.1594238941944924,0.8531478274302483));
#2628=FACE_BOUND('',#2629,.T.);
#2629=EDGE_LOOP('',(#2630,#2631,#2632));
#2630=ORIENTED_EDGE('',*,*,#2633,.T.);
#2631=ORIENTED_EDGE('',*,*,#2634,.T.);
#2632=ORIENTED_EDGE('',*,*,#2635,.T.);
#2633=EDGE_CURVE('',#60,#44,#2636,.F.);
#2634=EDGE_CURVE('',#44,#160,#2637,.T.);
#2635=EDGE_CURVE('',#160,#60,#2638,.T.);
#2636=LINE('',#59,#2639);
#2637=LINE('',#43,#2640);
#2638=LINE('',#159,#2641);
#2639=VECTOR('',#2642,1.0);
#2640=VECTOR('',#2643,1.0);
#2641=VECTOR('',#2644,1.0);
#2642=DIRECTION('',(0.49671199553756545,0.1594238941944924,0.8531478274302483));
#2643=DIRECTION('',(-1,0,0));
#2644=DIRECTION('',(0.2591283643854463,-0.17741179567883308,-0.9494090506862336));
#2645=STYLED_ITEM('',(#25),#2646);
#2646=FACE_SURFACE('',(#2651),#2647,.T.);
#2647=PLANE('',#2648);
#2648=AXIS2_PLACEMENT_3D('',#59,#2649,#2650);
#2649=DIRECTION('',(1.8777072066270237E-06,-0.98298488275049,0.18368647277488775));
#2650=DIRECTION('',(-0.2591283643854463,0.17741179567883308,0.9494090506862336));
#2651=FACE_BOUND('',#2652,.T.);
#2652=EDGE_LOOP('',(#2653,#2654,#2655));
#2653=ORIENTED_EDGE('',*,*,#2656,.T.);
#2654=ORIENTED_EDGE('',*,*,#2657,.T.);
#2655=ORIENTED_EDGE('',*,*,#2658,.T.);
#2656=EDGE_CURVE('',#60,#160,#2659,.F.);
#2657=EDGE_CURVE('',#160,#66,#2660,.T.);
#2658=EDGE_CURVE('',#66,#60,#2661,.T.);
#2659=LINE('',#59,#2662);
#2660=LINE('',#159,#2663);
#2661=LINE('',#65,#2664);
#2662=VECTOR('',#2665,1.0);
#2663=VECTOR('',#2666,1.0);
#2664=VECTOR('',#2667,1.0);
#2665=DIRECTION('',(-0.2591283643854463,0.17741179567883308,0.9494090506862336));
#2666=DIRECTION('',(-0.7841059989301115,0.11399932384867047,0.6100671574538807));
#2667=DIRECTION('',(0.5144959912219238,-0.15750887533139302,-0.8429026214269415));
#2668=STYLED_ITEM('',(#25),#2669);
#2669=FACE_SURFACE('',(#2674),#2670,.T.);
#2670=PLANE('',#2671);
#2671=AXIS2_PLACEMENT_3D('',#65,#2672,#2673);
#2672=DIRECTION('',(0,-0.982985318511311,0.18368414082662826));
#2673=DIRECTION('',(0.7841059989301115,-0.11399932384867047,-0.6100671574538807));
#2674=FACE_BOUND('',#2675,.T.);
#2675=EDGE_LOOP('',(#2676,#2677,#2678));
#2676=ORIENTED_EDGE('',*,*,#2679,.T.);
#2677=ORIENTED_EDGE('',*,*,#2680,.T.);
#2678=ORIENTED_EDGE('',*,*,#2681,.T.);
#2679=EDGE_CURVE('',#66,#160,#2682,.F.);
#2680=EDGE_CURVE('',#160,#94,#2683,.T.);
#2681=EDGE_CURVE('',#94,#66,#2684,.T.);
#2682=LINE('',#65,#2685);
#2683=LINE('',#159,#2686);
#2684=LINE('',#93,#2687);
#2685=VECTOR('',#2688,1.0);
#2686=VECTOR('',#2689,1.0);
#2687=VECTOR('',#2690,1.0);
#2688=DIRECTION('',(0.7841059989301115,-0.11399932384867047,-0.6100671574538807));
#2689=DIRECTION('',(-0.5144924003548164,0.1575082210869697,0.8429049354862965));
#2690=DIRECTION('',(-1,0,0));
#2691=STYLED_ITEM('',(#25),#2692);
#2692=FACE_SURFACE('',(#2697),#2693,.T.);
#2693=PLANE('',#2694);
#2694=AXIS2_PLACEMENT_3D('',#109,#2695,#2696);
#2695=DIRECTION('',(0,0.6980983191081392,0.7160019112114091));
#2696=DIRECTION('',(-1,0,0));
#2697=FACE_BOUND('',#2698,.T.);
#2698=EDGE_LOOP('',(#2699,#2700,#2701));
#2699=ORIENTED_EDGE('',*,*,#2702,.T.);
#2700=ORIENTED_EDGE('',*,*,#2703,.T.);
#2701=ORIENTED_EDGE('',*,*,#2704,.T.);
#2702=EDGE_CURVE('',#110,#124,#2705,.F.);
#2703=EDGE_CURVE('',#124,#114,#2706,.T.);
#2704=EDGE_CURVE('',#114,#110,#2707,.T.);
#2705=LINE('',#109,#2708);
#2706=LINE('',#123,#2709);
#2707=LINE('',#113,#2710);
#2708=VECTOR('',#2711,1.0);
#2709=VECTOR('',#2712,1.0);
#2710=VECTOR('',#2713,1.0);
#2711=DIRECTION('',(-1,0,0));
#2712=DIRECTION('',(0.8890008226902737,-0.32786128377295126,0.31966312871328945));
#2713=DIRECTION('',(0,0.7160019112114091,-0.6980983191081392));
#2714=STYLED_ITEM('',(#25),#2715);
#2715=FACE_SURFACE('',(#2720),#2716,.T.);
#2716=PLANE('',#2717);
#2717=AXIS2_PLACEMENT_3D('',#113,#2718,#2719);
#2718=DIRECTION('',(0,0.6980983191081392,0.7160019112114091));
#2719=DIRECTION('',(-0.8890008226902737,0.32786128377295126,-0.31966312871328945));
#2720=FACE_BOUND('',#2721,.T.);
#2721=EDGE_LOOP('',(#2722,#2723,#2724));
#2722=ORIENTED_EDGE('',*,*,#2725,.T.);
#2723=ORIENTED_EDGE('',*,*,#2726,.T.);
#2724=ORIENTED_EDGE('',*,*,#2727,.T.);
#2725=EDGE_CURVE('',#114,#124,#2728,.F.);
#2726=EDGE_CURVE('',#124,#120,#2729,.T.);
#2727=EDGE_CURVE('',#120,#114,#2730,.T.);
#2728=LINE('',#113,#2731);
#2729=LINE('',#123,#2732);
#2730=LINE('',#119,#2733);
#2731=VECTOR('',#2734,1.0);
#2732=VECTOR('',#2735,1.0);
#2733=VECTOR('',#2736,1.0);
#2734=DIRECTION('',(-0.8890008226902737,0.32786128377295126,-0.31966312871328945));
#2735=DIRECTION('',(0,-0.7160019112114091,0.6980983191081392));
#2736=DIRECTION('',(1,0,0));
#2737=STYLED_ITEM('',(#25),#2738);
#2738=FACE_SURFACE('',(#2743),#2739,.T.);
#2739=PLANE('',#2740);
#2740=AXIS2_PLACEMENT_3D('',#99,#2741,#2742);
#2741=DIRECTION('',(0,0.9829846320557787,-0.18368781435404322));
#2742=DIRECTION('',(-1,0,0));
#2743=FACE_BOUND('',#2744,.T.);
#2744=EDGE_LOOP('',(#2745,#2746,#2747));
#2745=ORIENTED_EDGE('',*,*,#2748,.T.);
#2746=ORIENTED_EDGE('',*,*,#2749,.T.);
#2747=ORIENTED_EDGE('',*,*,#2750,.T.);
#2748=EDGE_CURVE('',#100,#134,#2751,.F.);
#2749=EDGE_CURVE('',#134,#110,#2752,.T.);
#2750=EDGE_CURVE('',#110,#100,#2753,.T.);
#2751=LINE('',#99,#2754);
#2752=LINE('',#133,#2755);
#2753=LINE('',#109,#2756);
#2754=VECTOR('',#2757,1.0);
#2755=VECTOR('',#2758,1.0);
#2756=VECTOR('',#2759,1.0);
#2757=DIRECTION('',(-1,0,0));
#2758=DIRECTION('',(0.9974587663023519,0.01308704394996609,0.07003384044333075));
#2759=DIRECTION('',(0,-0.18368781435404322,-0.9829846320557787));
#2760=STYLED_ITEM('',(#25),#2761);
#2761=FACE_SURFACE('',(#2766),#2762,.T.);
#2762=PLANE('',#2763);
#2763=AXIS2_PLACEMENT_3D('',#109,#2764,#2765);
#2764=DIRECTION('',(0,0.9829846320557787,-0.18368781435404322));
#2765=DIRECTION('',(-0.9974587663023519,-0.01308704394996609,-0.07003384044333075));
#2766=FACE_BOUND('',#2767,.T.);
#2767=EDGE_LOOP('',(#2768,#2769,#2770));
#2768=ORIENTED_EDGE('',*,*,#2771,.T.);
#2769=ORIENTED_EDGE('',*,*,#2772,.T.);
#2770=ORIENTED_EDGE('',*,*,#2773,.T.);
#2771=EDGE_CURVE('',#110,#134,#2774,.F.);
#2772=EDGE_CURVE('',#134,#124,#2775,.T.);
#2773=EDGE_CURVE('',#124,#110,#2776,.T.);
#2774=LINE('',#109,#2777);
#2775=LINE('',#133,#2778);
#2776=LINE('',#123,#2779);
#2777=VECTOR('',#2780,1.0);
#2778=VECTOR('',#2781,1.0);
#2779=VECTOR('',#2782,1.0);
#2780=DIRECTION('',(-0.9974587663023519,-0.01308704394996609,-0.07003384044333075));
#2781=DIRECTION('',(0,0.18368781435404322,0.9829846320557787));
#2782=DIRECTION('',(1,0,0));
#2783=STYLED_ITEM('',(#25),#2784);
#2784=FACE_SURFACE('',(#2789),#2785,.T.);
#2785=PLANE('',#2786);
#2786=AXIS2_PLACEMENT_3D('',#99,#2787,#2788);
#2787=DIRECTION('',(0,0.13658351404308466,-0.9906285599010572));
#2788=DIRECTION('',(0,-0.9906285599010572,-0.13658351404308466));
#2789=FACE_BOUND('',#2790,.T.);
#2790=EDGE_LOOP('',(#2791,#2792,#2793));
#2791=ORIENTED_EDGE('',*,*,#2794,.T.);
#2792=ORIENTED_EDGE('',*,*,#2795,.T.);
#2793=ORIENTED_EDGE('',*,*,#2796,.T.);
#2794=EDGE_CURVE('',#100,#86,#2797,.F.);
#2795=EDGE_CURVE('',#86,#134,#2798,.T.);
#2796=EDGE_CURVE('',#134,#100,#2799,.T.);
#2797=LINE('',#99,#2800);
#2798=LINE('',#85,#2801);
#2799=LINE('',#133,#2802);
#2800=VECTOR('',#2803,1.0);
#2801=VECTOR('',#2804,1.0);
#2802=VECTOR('',#2805,1.0);
#2803=DIRECTION('',(0,-0.9906285599010572,-0.13658351404308466));
#2804=DIRECTION('',(-0.9113221896972049,0.4078357343967099,0.05623059945072489));
#2805=DIRECTION('',(1,0,0));
#2806=STYLED_ITEM('',(#25),#2807);
#2807=FACE_SURFACE('',(#2812),#2808,.T.);
#2808=PLANE('',#2809);
#2809=AXIS2_PLACEMENT_3D('',#133,#2810,#2811);
#2810=DIRECTION('',(0,0.13658351404308466,-0.9906285599010572));
#2811=DIRECTION('',(0.9113221896972049,-0.4078357343967099,-0.05623059945072489));
#2812=FACE_BOUND('',#2813,.T.);
#2813=EDGE_LOOP('',(#2814,#2815,#2816));
#2814=ORIENTED_EDGE('',*,*,#2817,.T.);
#2815=ORIENTED_EDGE('',*,*,#2818,.T.);
#2816=ORIENTED_EDGE('',*,*,#2819,.T.);
#2817=EDGE_CURVE('',#134,#86,#2820,.F.);
#2818=EDGE_CURVE('',#86,#84,#2821,.T.);
#2819=EDGE_CURVE('',#84,#134,#2822,.T.);
#2820=LINE('',#133,#2823);
#2821=LINE('',#85,#2824);
#2822=LINE('',#83,#2825);
#2823=VECTOR('',#2826,1.0);
#2824=VECTOR('',#2827,1.0);
#2825=VECTOR('',#2828,1.0);
#2826=DIRECTION('',(0.9113221896972049,-0.4078357343967099,-0.05623059945072489));
#2827=DIRECTION('',(-1,0,0));
#2828=DIRECTION('',(0,0.9906285599010572,0.13658351404308466));
ENDSEC;
END-ISO-10303-21;
